[INFO] Scanning for projects...
[INFO] Downloading from central: https://repo.maven.apache.org/maven2/org/sonatype/plugins/nexus-staging-maven-plugin/1.6.8/nexus-staging-maven-plugin-1.6.8.pom
[INFO] Downloaded from central: https://repo.maven.apache.org/maven2/org/sonatype/plugins/nexus-staging-maven-plugin/1.6.8/nexus-staging-maven-plugin-1.6.8.pom (12 kB at 3.2 kB/s)
[INFO] Downloading from central: https://repo.maven.apache.org/maven2/org/sonatype/nexus/maven/nexus-staging/1.6.8/nexus-staging-1.6.8.pom
[INFO] Downloaded from central: https://repo.maven.apache.org/maven2/org/sonatype/nexus/maven/nexus-staging/1.6.8/nexus-staging-1.6.8.pom (2.8 kB at 2.8 kB/s)
[INFO] Downloading from central: https://repo.maven.apache.org/maven2/org/sonatype/nexus/maven/nexus-maven-plugins/1.6.8/nexus-maven-plugins-1.6.8.pom
[INFO] Downloaded from central: https://repo.maven.apache.org/maven2/org/sonatype/nexus/maven/nexus-maven-plugins/1.6.8/nexus-maven-plugins-1.6.8.pom (18 kB at 18 kB/s)
[INFO] Downloading from central: https://repo.maven.apache.org/maven2/org/sonatype/buildsupport/public-parent/6/public-parent-6.pom
[INFO] Downloaded from central: https://repo.maven.apache.org/maven2/org/sonatype/buildsupport/public-parent/6/public-parent-6.pom (760 B at 721 B/s)
[INFO] Downloading from central: https://repo.maven.apache.org/maven2/org/sonatype/buildsupport/buildsupport/6/buildsupport-6.pom
[INFO] Downloaded from central: https://repo.maven.apache.org/maven2/org/sonatype/buildsupport/buildsupport/6/buildsupport-6.pom (23 kB at 21 kB/s)
[INFO] Downloading from central: https://repo.maven.apache.org/maven2/org/sonatype/nexus/maven/nexus-common/1.6.8/nexus-common-1.6.8.pom
[INFO] Downloaded from central: https://repo.maven.apache.org/maven2/org/sonatype/nexus/maven/nexus-common/1.6.8/nexus-common-1.6.8.pom (2.2 kB at 2.4 kB/s)
[INFO] Downloading from central: https://repo.maven.apache.org/maven2/org/sonatype/plexus/plexus-sec-dispatcher/1.4/plexus-sec-dispatcher-1.4.pom
[INFO] Downloaded from central: https://repo.maven.apache.org/maven2/org/sonatype/plexus/plexus-sec-dispatcher/1.4/plexus-sec-dispatcher-1.4.pom (3.0 kB at 5.8 kB/s)
[INFO] Downloading from central: https://repo.maven.apache.org/maven2/org/sonatype/spice/spice-parent/12/spice-parent-12.pom
[INFO] Downloaded from central: https://repo.maven.apache.org/maven2/org/sonatype/spice/spice-parent/12/spice-parent-12.pom (6.8 kB at 7.0 kB/s)
[INFO] Downloading from central: https://repo.maven.apache.org/maven2/org/sonatype/forge/forge-parent/4/forge-parent-4.pom
[INFO] Downloaded from central: https://repo.maven.apache.org/maven2/org/sonatype/forge/forge-parent/4/forge-parent-4.pom (8.4 kB at 8.5 kB/s)
[INFO] Downloading from central: https://repo.maven.apache.org/maven2/org/sonatype/plexus/plexus-cipher/1.7/plexus-cipher-1.7.pom
[INFO] Downloaded from central: https://repo.maven.apache.org/maven2/org/sonatype/plexus/plexus-cipher/1.7/plexus-cipher-1.7.pom (4.2 kB at 4.1 kB/s)
[INFO] Downloading from central: https://repo.maven.apache.org/maven2/org/sonatype/spice/spice-parent/15/spice-parent-15.pom
[INFO] Downloaded from central: https://repo.maven.apache.org/maven2/org/sonatype/spice/spice-parent/15/spice-parent-15.pom (8.4 kB at 8.3 kB/s)
[INFO] Downloading from central: https://repo.maven.apache.org/maven2/org/sonatype/forge/forge-parent/5/forge-parent-5.pom
[INFO] Downloaded from central: https://repo.maven.apache.org/maven2/org/sonatype/forge/forge-parent/5/forge-parent-5.pom (8.4 kB at 8.4 kB/s)
[INFO] Downloading from central: https://repo.maven.apache.org/maven2/com/google/guava/guava/14.0.1/guava-14.0.1.pom
[INFO] Downloaded from central: https://repo.maven.apache.org/maven2/com/google/guava/guava/14.0.1/guava-14.0.1.pom (5.4 kB at 12 kB/s)
[INFO] Downloading from central: https://repo.maven.apache.org/maven2/com/google/guava/guava-parent/14.0.1/guava-parent-14.0.1.pom
[INFO] Downloaded from central: https://repo.maven.apache.org/maven2/com/google/guava/guava-parent/14.0.1/guava-parent-14.0.1.pom (2.6 kB at 4.8 kB/s)
[INFO] Downloading from central: https://repo.maven.apache.org/maven2/org/sonatype/oss/oss-parent/7/oss-parent-7.pom
[INFO] Downloaded from central: https://repo.maven.apache.org/maven2/org/sonatype/oss/oss-parent/7/oss-parent-7.pom (4.8 kB at 4.7 kB/s)
[INFO] Downloading from central: https://repo.maven.apache.org/maven2/org/sonatype/nexus/nexus-client-core/2.14.3-02/nexus-client-core-2.14.3-02.pom
[INFO] Downloaded from central: https://repo.maven.apache.org/maven2/org/sonatype/nexus/nexus-client-core/2.14.3-02/nexus-client-core-2.14.3-02.pom (4.9 kB at 4.6 kB/s)
[INFO] Downloading from central: https://repo.maven.apache.org/maven2/org/sonatype/nexus/nexus-components/2.14.3-02/nexus-components-2.14.3-02.pom
[INFO] Downloaded from central: https://repo.maven.apache.org/maven2/org/sonatype/nexus/nexus-components/2.14.3-02/nexus-components-2.14.3-02.pom (2.6 kB at 2.4 kB/s)
[INFO] Downloading from central: https://repo.maven.apache.org/maven2/org/sonatype/nexus/nexus-parent/2.14.3-02/nexus-parent-2.14.3-02.pom
[INFO] Downloaded from central: https://repo.maven.apache.org/maven2/org/sonatype/nexus/nexus-parent/2.14.3-02/nexus-parent-2.14.3-02.pom (38 kB at 36 kB/s)
[INFO] Downloading from central: https://repo.maven.apache.org/maven2/org/sonatype/buildsupport/public-parent/9/public-parent-9.pom
[INFO] Downloaded from central: https://repo.maven.apache.org/maven2/org/sonatype/buildsupport/public-parent/9/public-parent-9.pom (760 B at 745 B/s)
[INFO] Downloading from central: https://repo.maven.apache.org/maven2/org/sonatype/buildsupport/buildsupport/9/buildsupport-9.pom
[INFO] Downloaded from central: https://repo.maven.apache.org/maven2/org/sonatype/buildsupport/buildsupport/9/buildsupport-9.pom (24 kB at 25 kB/s)
[INFO] Downloading from central: https://repo.maven.apache.org/maven2/org/sonatype/nexus/buildsupport/nexus-buildsupport-all/2.14.3-02/nexus-buildsupport-all-2.14.3-02.pom
[INFO] Downloaded from central: https://repo.maven.apache.org/maven2/org/sonatype/nexus/buildsupport/nexus-buildsupport-all/2.14.3-02/nexus-buildsupport-all-2.14.3-02.pom (6.5 kB at 6.1 kB/s)
[INFO] Downloading from central: https://repo.maven.apache.org/maven2/org/sonatype/nexus/buildsupport/nexus-buildsupport/2.14.3-02/nexus-buildsupport-2.14.3-02.pom
[INFO] Downloaded from central: https://repo.maven.apache.org/maven2/org/sonatype/nexus/buildsupport/nexus-buildsupport/2.14.3-02/nexus-buildsupport-2.14.3-02.pom (2.2 kB at 2.8 kB/s)
[INFO] Downloading from rso-public-grid: https://repository.sonatype.org/content/groups/sonatype-public-grid/org/sonatype/nexus/buildsupport/nexus-buildsupport-commons/2.14.3-02/nexus-buildsupport-commons-2.14.3-02.pom
[INFO] Downloading from central: https://repo.maven.apache.org/maven2/org/sonatype/nexus/buildsupport/nexus-buildsupport-commons/2.14.3-02/nexus-buildsupport-commons-2.14.3-02.pom
[INFO] Downloaded from central: https://repo.maven.apache.org/maven2/org/sonatype/nexus/buildsupport/nexus-buildsupport-commons/2.14.3-02/nexus-buildsupport-commons-2.14.3-02.pom (3.1 kB at 3.1 kB/s)
[INFO] Downloading from rso-public-grid: https://repository.sonatype.org/content/groups/sonatype-public-grid/org/sonatype/nexus/buildsupport/nexus-buildsupport-db/2.14.3-02/nexus-buildsupport-db-2.14.3-02.pom
[INFO] Downloading from central: https://repo.maven.apache.org/maven2/org/sonatype/nexus/buildsupport/nexus-buildsupport-db/2.14.3-02/nexus-buildsupport-db-2.14.3-02.pom
[INFO] Downloaded from central: https://repo.maven.apache.org/maven2/org/sonatype/nexus/buildsupport/nexus-buildsupport-db/2.14.3-02/nexus-buildsupport-db-2.14.3-02.pom (3.2 kB at 3.2 kB/s)
[INFO] Downloading from rso-public-grid: https://repository.sonatype.org/content/groups/sonatype-public-grid/org/sonatype/nexus/buildsupport/nexus-buildsupport-gwt/2.14.3-02/nexus-buildsupport-gwt-2.14.3-02.pom
[INFO] Downloading from central: https://repo.maven.apache.org/maven2/org/sonatype/nexus/buildsupport/nexus-buildsupport-gwt/2.14.3-02/nexus-buildsupport-gwt-2.14.3-02.pom
[INFO] Downloaded from central: https://repo.maven.apache.org/maven2/org/sonatype/nexus/buildsupport/nexus-buildsupport-gwt/2.14.3-02/nexus-buildsupport-gwt-2.14.3-02.pom (2.2 kB at 7.8 kB/s)
[INFO] Downloading from rso-public-grid: https://repository.sonatype.org/content/groups/sonatype-public-grid/org/sonatype/nexus/buildsupport/nexus-buildsupport-httpclient/2.14.3-02/nexus-buildsupport-httpclient-2.14.3-02.pom
[INFO] Downloading from central: https://repo.maven.apache.org/maven2/org/sonatype/nexus/buildsupport/nexus-buildsupport-httpclient/2.14.3-02/nexus-buildsupport-httpclient-2.14.3-02.pom
[INFO] Downloaded from central: https://repo.maven.apache.org/maven2/org/sonatype/nexus/buildsupport/nexus-buildsupport-httpclient/2.14.3-02/nexus-buildsupport-httpclient-2.14.3-02.pom (2.1 kB at 6.4 kB/s)
[INFO] Downloading from rso-public-grid: https://repository.sonatype.org/content/groups/sonatype-public-grid/org/sonatype/nexus/buildsupport/nexus-buildsupport-insight/2.14.3-02/nexus-buildsupport-insight-2.14.3-02.pom
[INFO] Downloading from central: https://repo.maven.apache.org/maven2/org/sonatype/nexus/buildsupport/nexus-buildsupport-insight/2.14.3-02/nexus-buildsupport-insight-2.14.3-02.pom
[INFO] Downloaded from central: https://repo.maven.apache.org/maven2/org/sonatype/nexus/buildsupport/nexus-buildsupport-insight/2.14.3-02/nexus-buildsupport-insight-2.14.3-02.pom (4.4 kB at 17 kB/s)
[INFO] Downloading from rso-public-grid: https://repository.sonatype.org/content/groups/sonatype-public-grid/org/sonatype/nexus/buildsupport/nexus-buildsupport-maven/2.14.3-02/nexus-buildsupport-maven-2.14.3-02.pom
[INFO] Downloading from central: https://repo.maven.apache.org/maven2/org/sonatype/nexus/buildsupport/nexus-buildsupport-maven/2.14.3-02/nexus-buildsupport-maven-2.14.3-02.pom
[INFO] Downloaded from central: https://repo.maven.apache.org/maven2/org/sonatype/nexus/buildsupport/nexus-buildsupport-maven/2.14.3-02/nexus-buildsupport-maven-2.14.3-02.pom (7.1 kB at 17 kB/s)
[INFO] Downloading from rso-public-grid: https://repository.sonatype.org/content/groups/sonatype-public-grid/org/sonatype/nexus/buildsupport/nexus-buildsupport-messaging/2.14.3-02/nexus-buildsupport-messaging-2.14.3-02.pom
[INFO] Downloading from central: https://repo.maven.apache.org/maven2/org/sonatype/nexus/buildsupport/nexus-buildsupport-messaging/2.14.3-02/nexus-buildsupport-messaging-2.14.3-02.pom
[INFO] Downloaded from central: https://repo.maven.apache.org/maven2/org/sonatype/nexus/buildsupport/nexus-buildsupport-messaging/2.14.3-02/nexus-buildsupport-messaging-2.14.3-02.pom (5.0 kB at 4.9 kB/s)
[INFO] Downloading from rso-public-grid: https://repository.sonatype.org/content/groups/sonatype-public-grid/org/sonatype/nexus/buildsupport/nexus-buildsupport-shiro/2.14.3-02/nexus-buildsupport-shiro-2.14.3-02.pom
[INFO] Downloading from central: https://repo.maven.apache.org/maven2/org/sonatype/nexus/buildsupport/nexus-buildsupport-shiro/2.14.3-02/nexus-buildsupport-shiro-2.14.3-02.pom
[INFO] Downloaded from central: https://repo.maven.apache.org/maven2/org/sonatype/nexus/buildsupport/nexus-buildsupport-shiro/2.14.3-02/nexus-buildsupport-shiro-2.14.3-02.pom (3.4 kB at 9.0 kB/s)
[INFO] Downloading from rso-public-grid: https://repository.sonatype.org/content/groups/sonatype-public-grid/org/sonatype/nexus/buildsupport/nexus-buildsupport-bouncycastle/2.14.3-02/nexus-buildsupport-bouncycastle-2.14.3-02.pom
[INFO] Downloading from central: https://repo.maven.apache.org/maven2/org/sonatype/nexus/buildsupport/nexus-buildsupport-bouncycastle/2.14.3-02/nexus-buildsupport-bouncycastle-2.14.3-02.pom
[INFO] Downloaded from central: https://repo.maven.apache.org/maven2/org/sonatype/nexus/buildsupport/nexus-buildsupport-bouncycastle/2.14.3-02/nexus-buildsupport-bouncycastle-2.14.3-02.pom (2.1 kB at 2.8 kB/s)
[INFO] Downloading from rso-public-grid: https://repository.sonatype.org/content/groups/sonatype-public-grid/org/sonatype/nexus/buildsupport/nexus-buildsupport-jetty/2.14.3-02/nexus-buildsupport-jetty-2.14.3-02.pom
[INFO] Downloading from central: https://repo.maven.apache.org/maven2/org/sonatype/nexus/buildsupport/nexus-buildsupport-jetty/2.14.3-02/nexus-buildsupport-jetty-2.14.3-02.pom
[INFO] Downloaded from central: https://repo.maven.apache.org/maven2/org/sonatype/nexus/buildsupport/nexus-buildsupport-jetty/2.14.3-02/nexus-buildsupport-jetty-2.14.3-02.pom (4.5 kB at 4.2 kB/s)
[INFO] Downloading from rso-public-grid: https://repository.sonatype.org/content/groups/sonatype-public-grid/org/sonatype/nexus/buildsupport/nexus-buildsupport-goodies/2.14.3-02/nexus-buildsupport-goodies-2.14.3-02.pom
[INFO] Downloading from central: https://repo.maven.apache.org/maven2/org/sonatype/nexus/buildsupport/nexus-buildsupport-goodies/2.14.3-02/nexus-buildsupport-goodies-2.14.3-02.pom
[INFO] Downloaded from central: https://repo.maven.apache.org/maven2/org/sonatype/nexus/buildsupport/nexus-buildsupport-goodies/2.14.3-02/nexus-buildsupport-goodies-2.14.3-02.pom (3.6 kB at 3.5 kB/s)
[INFO] Downloading from rso-public-grid: https://repository.sonatype.org/content/groups/sonatype-public-grid/org/sonatype/nexus/buildsupport/nexus-buildsupport-groovy/2.14.3-02/nexus-buildsupport-groovy-2.14.3-02.pom
[INFO] Downloading from central: https://repo.maven.apache.org/maven2/org/sonatype/nexus/buildsupport/nexus-buildsupport-groovy/2.14.3-02/nexus-buildsupport-groovy-2.14.3-02.pom
[INFO] Downloaded from central: https://repo.maven.apache.org/maven2/org/sonatype/nexus/buildsupport/nexus-buildsupport-groovy/2.14.3-02/nexus-buildsupport-groovy-2.14.3-02.pom (3.1 kB at 3.4 kB/s)
[INFO] Downloading from rso-public-grid: https://repository.sonatype.org/content/groups/sonatype-public-grid/org/sonatype/nexus/buildsupport/nexus-buildsupport-guice/2.14.3-02/nexus-buildsupport-guice-2.14.3-02.pom
[INFO] Downloading from central: https://repo.maven.apache.org/maven2/org/sonatype/nexus/buildsupport/nexus-buildsupport-guice/2.14.3-02/nexus-buildsupport-guice-2.14.3-02.pom
[INFO] Downloaded from central: https://repo.maven.apache.org/maven2/org/sonatype/nexus/buildsupport/nexus-buildsupport-guice/2.14.3-02/nexus-buildsupport-guice-2.14.3-02.pom (3.7 kB at 3.8 kB/s)
[INFO] Downloading from rso-public-grid: https://repository.sonatype.org/content/groups/sonatype-public-grid/org/sonatype/nexus/buildsupport/nexus-buildsupport-logging/2.14.3-02/nexus-buildsupport-logging-2.14.3-02.pom
[INFO] Downloading from central: https://repo.maven.apache.org/maven2/org/sonatype/nexus/buildsupport/nexus-buildsupport-logging/2.14.3-02/nexus-buildsupport-logging-2.14.3-02.pom
[INFO] Downloaded from central: https://repo.maven.apache.org/maven2/org/sonatype/nexus/buildsupport/nexus-buildsupport-logging/2.14.3-02/nexus-buildsupport-logging-2.14.3-02.pom (3.3 kB at 3.4 kB/s)
[INFO] Downloading from rso-public-grid: https://repository.sonatype.org/content/groups/sonatype-public-grid/org/sonatype/nexus/buildsupport/nexus-buildsupport-osgi/2.14.3-02/nexus-buildsupport-osgi-2.14.3-02.pom
[INFO] Downloading from central: https://repo.maven.apache.org/maven2/org/sonatype/nexus/buildsupport/nexus-buildsupport-osgi/2.14.3-02/nexus-buildsupport-osgi-2.14.3-02.pom
[INFO] Downloaded from central: https://repo.maven.apache.org/maven2/org/sonatype/nexus/buildsupport/nexus-buildsupport-osgi/2.14.3-02/nexus-buildsupport-osgi-2.14.3-02.pom (2.0 kB at 4.4 kB/s)
[INFO] Downloading from rso-public-grid: https://repository.sonatype.org/content/groups/sonatype-public-grid/org/sonatype/nexus/buildsupport/nexus-buildsupport-other/2.14.3-02/nexus-buildsupport-other-2.14.3-02.pom
[INFO] Downloading from central: https://repo.maven.apache.org/maven2/org/sonatype/nexus/buildsupport/nexus-buildsupport-other/2.14.3-02/nexus-buildsupport-other-2.14.3-02.pom
[INFO] Downloaded from central: https://repo.maven.apache.org/maven2/org/sonatype/nexus/buildsupport/nexus-buildsupport-other/2.14.3-02/nexus-buildsupport-other-2.14.3-02.pom (7.0 kB at 9.6 kB/s)
[INFO] Downloading from rso-public-grid: https://repository.sonatype.org/content/groups/sonatype-public-grid/org/sonatype/nexus/buildsupport/nexus-buildsupport-plexus/2.14.3-02/nexus-buildsupport-plexus-2.14.3-02.pom
[INFO] Downloading from central: https://repo.maven.apache.org/maven2/org/sonatype/nexus/buildsupport/nexus-buildsupport-plexus/2.14.3-02/nexus-buildsupport-plexus-2.14.3-02.pom
[INFO] Downloaded from central: https://repo.maven.apache.org/maven2/org/sonatype/nexus/buildsupport/nexus-buildsupport-plexus/2.14.3-02/nexus-buildsupport-plexus-2.14.3-02.pom (4.5 kB at 15 kB/s)
[INFO] Downloading from rso-public-grid: https://repository.sonatype.org/content/groups/sonatype-public-grid/org/sonatype/nexus/buildsupport/nexus-buildsupport-rest/2.14.3-02/nexus-buildsupport-rest-2.14.3-02.pom
[INFO] Downloading from central: https://repo.maven.apache.org/maven2/org/sonatype/nexus/buildsupport/nexus-buildsupport-rest/2.14.3-02/nexus-buildsupport-rest-2.14.3-02.pom
[INFO] Downloaded from central: https://repo.maven.apache.org/maven2/org/sonatype/nexus/buildsupport/nexus-buildsupport-rest/2.14.3-02/nexus-buildsupport-rest-2.14.3-02.pom (5.1 kB at 4.9 kB/s)
[INFO] Downloading from rso-public-grid: https://repository.sonatype.org/content/groups/sonatype-public-grid/org/sonatype/nexus/buildsupport/nexus-buildsupport-testing/2.14.3-02/nexus-buildsupport-testing-2.14.3-02.pom
[INFO] Downloading from central: https://repo.maven.apache.org/maven2/org/sonatype/nexus/buildsupport/nexus-buildsupport-testing/2.14.3-02/nexus-buildsupport-testing-2.14.3-02.pom
[INFO] Downloaded from central: https://repo.maven.apache.org/maven2/org/sonatype/nexus/buildsupport/nexus-buildsupport-testing/2.14.3-02/nexus-buildsupport-testing-2.14.3-02.pom (5.0 kB at 5.1 kB/s)
[INFO] Downloading from rso-public-grid: https://repository.sonatype.org/content/groups/sonatype-public-grid/org/sonatype/nexus/buildsupport/nexus-buildsupport-metrics/2.14.3-02/nexus-buildsupport-metrics-2.14.3-02.pom
[INFO] Downloading from central: https://repo.maven.apache.org/maven2/org/sonatype/nexus/buildsupport/nexus-buildsupport-metrics/2.14.3-02/nexus-buildsupport-metrics-2.14.3-02.pom
[INFO] Downloaded from central: https://repo.maven.apache.org/maven2/org/sonatype/nexus/buildsupport/nexus-buildsupport-metrics/2.14.3-02/nexus-buildsupport-metrics-2.14.3-02.pom (3.0 kB at 3.7 kB/s)
[INFO] Downloading from central: https://repo.maven.apache.org/maven2/org/sonatype/nexus/plugins/nexus-restlet1x-model/2.14.3-02/nexus-restlet1x-model-2.14.3-02.pom
[INFO] Downloaded from central: https://repo.maven.apache.org/maven2/org/sonatype/nexus/plugins/nexus-restlet1x-model/2.14.3-02/nexus-restlet1x-model-2.14.3-02.pom (3.5 kB at 3.0 kB/s)
[INFO] Downloading from central: https://repo.maven.apache.org/maven2/org/sonatype/nexus/plugins/nexus-plugins-restlet1x/2.14.3-02/nexus-plugins-restlet1x-2.14.3-02.pom
[INFO] Downloaded from central: https://repo.maven.apache.org/maven2/org/sonatype/nexus/plugins/nexus-plugins-restlet1x/2.14.3-02/nexus-plugins-restlet1x-2.14.3-02.pom (6.0 kB at 6.0 kB/s)
[INFO] Downloading from central: https://repo.maven.apache.org/maven2/org/sonatype/nexus/plugins/nexus-plugins/2.14.3-02/nexus-plugins-2.14.3-02.pom
[INFO] Downloaded from central: https://repo.maven.apache.org/maven2/org/sonatype/nexus/plugins/nexus-plugins/2.14.3-02/nexus-plugins-2.14.3-02.pom (32 kB at 32 kB/s)
[INFO] Downloading from central: https://repo.maven.apache.org/maven2/org/apache/maven/maven-model/3.0.4/maven-model-3.0.4.pom
[INFO] Downloaded from central: https://repo.maven.apache.org/maven2/org/apache/maven/maven-model/3.0.4/maven-model-3.0.4.pom (3.8 kB at 3.8 kB/s)
[INFO] Downloading from central: https://repo.maven.apache.org/maven2/org/apache/maven/maven/3.0.4/maven-3.0.4.pom
[INFO] Downloaded from central: https://repo.maven.apache.org/maven2/org/apache/maven/maven/3.0.4/maven-3.0.4.pom (22 kB at 22 kB/s)
[INFO] Downloading from central: https://repo.maven.apache.org/maven2/org/apache/maven/maven-parent/21/maven-parent-21.pom
[INFO] Downloaded from central: https://repo.maven.apache.org/maven2/org/apache/maven/maven-parent/21/maven-parent-21.pom (26 kB at 26 kB/s)
[INFO] Downloading from central: https://repo.maven.apache.org/maven2/org/apache/apache/10/apache-10.pom
[INFO] Downloaded from central: https://repo.maven.apache.org/maven2/org/apache/apache/10/apache-10.pom (15 kB at 15 kB/s)
[INFO] Downloading from central: https://repo.maven.apache.org/maven2/org/slf4j/slf4j-api/1.7.7/slf4j-api-1.7.7.pom
[INFO] Downloaded from central: https://repo.maven.apache.org/maven2/org/slf4j/slf4j-api/1.7.7/slf4j-api-1.7.7.pom (2.7 kB at 2.8 kB/s)
[INFO] Downloading from central: https://repo.maven.apache.org/maven2/org/slf4j/slf4j-parent/1.7.7/slf4j-parent-1.7.7.pom
[INFO] Downloaded from central: https://repo.maven.apache.org/maven2/org/slf4j/slf4j-parent/1.7.7/slf4j-parent-1.7.7.pom (12 kB at 12 kB/s)
[INFO] Downloading from central: https://repo.maven.apache.org/maven2/com/google/code/findbugs/jsr305/2.0.1/jsr305-2.0.1.pom
[INFO] Downloaded from central: https://repo.maven.apache.org/maven2/com/google/code/findbugs/jsr305/2.0.1/jsr305-2.0.1.pom (965 B at 5.1 kB/s)
[INFO] Downloading from central: https://repo.maven.apache.org/maven2/com/intellij/annotations/9.0.4/annotations-9.0.4.pom
[INFO] Downloaded from central: https://repo.maven.apache.org/maven2/com/intellij/annotations/9.0.4/annotations-9.0.4.pom (1.2 kB at 2.6 kB/s)
[INFO] Downloading from central: https://repo.maven.apache.org/maven2/commons-io/commons-io/2.4/commons-io-2.4.pom
[INFO] Downloaded from central: https://repo.maven.apache.org/maven2/commons-io/commons-io/2.4/commons-io-2.4.pom (10 kB at 8.0 kB/s)
[INFO] Downloading from central: https://repo.maven.apache.org/maven2/org/apache/commons/commons-parent/25/commons-parent-25.pom
[INFO] Downloaded from central: https://repo.maven.apache.org/maven2/org/apache/commons/commons-parent/25/commons-parent-25.pom (48 kB at 49 kB/s)
[INFO] Downloading from central: https://repo.maven.apache.org/maven2/org/apache/apache/9/apache-9.pom
[INFO] Downloaded from central: https://repo.maven.apache.org/maven2/org/apache/apache/9/apache-9.pom (15 kB at 19 kB/s)
[INFO] Downloading from central: https://repo.maven.apache.org/maven2/com/thoughtworks/xstream/xstream/1.4.7/xstream-1.4.7.pom
[INFO] Downloaded from central: https://repo.maven.apache.org/maven2/com/thoughtworks/xstream/xstream/1.4.7/xstream-1.4.7.pom (11 kB at 9.7 kB/s)
[INFO] Downloading from central: https://repo.maven.apache.org/maven2/com/thoughtworks/xstream/xstream-parent/1.4.7/xstream-parent-1.4.7.pom
[INFO] Downloaded from central: https://repo.maven.apache.org/maven2/com/thoughtworks/xstream/xstream-parent/1.4.7/xstream-parent-1.4.7.pom (26 kB at 41 kB/s)
[INFO] Downloading from central: https://repo.maven.apache.org/maven2/org/codehaus/codehaus-parent/3/codehaus-parent-3.pom
[INFO] Downloaded from central: https://repo.maven.apache.org/maven2/org/codehaus/codehaus-parent/3/codehaus-parent-3.pom (4.1 kB at 12 kB/s)
[INFO] Downloading from central: https://repo.maven.apache.org/maven2/xmlpull/xmlpull/1.1.3.1/xmlpull-1.1.3.1.pom
[INFO] Downloaded from central: https://repo.maven.apache.org/maven2/xmlpull/xmlpull/1.1.3.1/xmlpull-1.1.3.1.pom (386 B at 735 B/s)
[INFO] Downloading from central: https://repo.maven.apache.org/maven2/xpp3/xpp3_min/1.1.4c/xpp3_min-1.1.4c.pom
[INFO] Downloaded from central: https://repo.maven.apache.org/maven2/xpp3/xpp3_min/1.1.4c/xpp3_min-1.1.4c.pom (1.6 kB at 3.7 kB/s)
[INFO] Downloading from central: https://repo.maven.apache.org/maven2/joda-time/joda-time/2.2/joda-time-2.2.pom
[INFO] Downloaded from central: https://repo.maven.apache.org/maven2/joda-time/joda-time/2.2/joda-time-2.2.pom (16 kB at 87 kB/s)
[INFO] Downloading from central: https://repo.maven.apache.org/maven2/commons-lang/commons-lang/2.6/commons-lang-2.6.pom
[INFO] Downloaded from central: https://repo.maven.apache.org/maven2/commons-lang/commons-lang/2.6/commons-lang-2.6.pom (17 kB at 86 kB/s)
[INFO] Downloading from central: https://repo.maven.apache.org/maven2/org/apache/commons/commons-parent/17/commons-parent-17.pom
[INFO] Downloaded from central: https://repo.maven.apache.org/maven2/org/apache/commons/commons-parent/17/commons-parent-17.pom (31 kB at 84 kB/s)
[INFO] Downloading from central: https://repo.maven.apache.org/maven2/org/apache/apache/7/apache-7.pom
[INFO] Downloaded from central: https://repo.maven.apache.org/maven2/org/apache/apache/7/apache-7.pom (14 kB at 66 kB/s)
[INFO] Downloading from central: https://repo.maven.apache.org/maven2/commons-beanutils/commons-beanutils-core/1.8.3/commons-beanutils-core-1.8.3.pom
[INFO] Downloaded from central: https://repo.maven.apache.org/maven2/commons-beanutils/commons-beanutils-core/1.8.3/commons-beanutils-core-1.8.3.pom (1.6 kB at 3.3 kB/s)
[INFO] Downloading from central: https://repo.maven.apache.org/maven2/org/apache/apache/4/apache-4.pom
[INFO] Downloaded from central: https://repo.maven.apache.org/maven2/org/apache/apache/4/apache-4.pom (4.5 kB at 9.2 kB/s)
[INFO] Downloading from central: https://repo.maven.apache.org/maven2/org/sonatype/sisu/siesta/siesta-client/1.7/siesta-client-1.7.pom
[INFO] Downloaded from central: https://repo.maven.apache.org/maven2/org/sonatype/sisu/siesta/siesta-client/1.7/siesta-client-1.7.pom (1.8 kB at 1.8 kB/s)
[INFO] Downloading from central: https://repo.maven.apache.org/maven2/org/sonatype/sisu/siesta/siesta/1.7/siesta-1.7.pom
[INFO] Downloaded from central: https://repo.maven.apache.org/maven2/org/sonatype/sisu/siesta/siesta/1.7/siesta-1.7.pom (12 kB at 12 kB/s)
[INFO] Downloading from central: https://repo.maven.apache.org/maven2/org/sonatype/buildsupport/public-parent/5/public-parent-5.pom
[INFO] Downloaded from central: https://repo.maven.apache.org/maven2/org/sonatype/buildsupport/public-parent/5/public-parent-5.pom (760 B at 768 B/s)
[INFO] Downloading from central: https://repo.maven.apache.org/maven2/org/sonatype/buildsupport/buildsupport/5/buildsupport-5.pom
[INFO] Downloaded from central: https://repo.maven.apache.org/maven2/org/sonatype/buildsupport/buildsupport/5/buildsupport-5.pom (22 kB at 23 kB/s)
[INFO] Downloading from central: https://repo.maven.apache.org/maven2/org/sonatype/sisu/siesta/siesta-common/1.7/siesta-common-1.7.pom
[INFO] Downloaded from central: https://repo.maven.apache.org/maven2/org/sonatype/sisu/siesta/siesta-common/1.7/siesta-common-1.7.pom (2.1 kB at 2.3 kB/s)
[INFO] Downloading from central: https://repo.maven.apache.org/maven2/javax/ws/rs/jsr311-api/1.1.1/jsr311-api-1.1.1.pom
[INFO] Downloaded from central: https://repo.maven.apache.org/maven2/javax/ws/rs/jsr311-api/1.1.1/jsr311-api-1.1.1.pom (5.5 kB at 18 kB/s)
[INFO] Downloading from central: https://repo.maven.apache.org/maven2/com/sun/jersey/jersey-core/1.17.1/jersey-core-1.17.1.pom
[INFO] Downloaded from central: https://repo.maven.apache.org/maven2/com/sun/jersey/jersey-core/1.17.1/jersey-core-1.17.1.pom (10 kB at 14 kB/s)
[INFO] Downloading from central: https://repo.maven.apache.org/maven2/com/sun/jersey/jersey-project/1.17.1/jersey-project-1.17.1.pom
[INFO] Downloaded from central: https://repo.maven.apache.org/maven2/com/sun/jersey/jersey-project/1.17.1/jersey-project-1.17.1.pom (21 kB at 104 kB/s)
[INFO] Downloading from central: https://repo.maven.apache.org/maven2/net/java/jvnet-parent/1/jvnet-parent-1.pom
[INFO] Downloaded from central: https://repo.maven.apache.org/maven2/net/java/jvnet-parent/1/jvnet-parent-1.pom (4.7 kB at 6.0 kB/s)
[INFO] Downloading from central: https://repo.maven.apache.org/maven2/javax/validation/validation-api/1.1.0.Final/validation-api-1.1.0.Final.pom
[INFO] Downloaded from central: https://repo.maven.apache.org/maven2/javax/validation/validation-api/1.1.0.Final/validation-api-1.1.0.Final.pom (7.9 kB at 7.9 kB/s)
[INFO] Downloading from central: https://repo.maven.apache.org/maven2/com/sun/jersey/jersey-client/1.17.1/jersey-client-1.17.1.pom
[INFO] Downloaded from central: https://repo.maven.apache.org/maven2/com/sun/jersey/jersey-client/1.17.1/jersey-client-1.17.1.pom (6.7 kB at 6.7 kB/s)
[INFO] Downloading from central: https://repo.maven.apache.org/maven2/com/sun/jersey/contribs/jersey-apache-client4/1.17.1/jersey-apache-client4-1.17.1.pom
[INFO] Downloaded from central: https://repo.maven.apache.org/maven2/com/sun/jersey/contribs/jersey-apache-client4/1.17.1/jersey-apache-client4-1.17.1.pom (6.2 kB at 6.5 kB/s)
[INFO] Downloading from central: https://repo.maven.apache.org/maven2/com/sun/jersey/contribs/jersey-contribs/1.17.1/jersey-contribs-1.17.1.pom
[INFO] Downloaded from central: https://repo.maven.apache.org/maven2/com/sun/jersey/contribs/jersey-contribs/1.17.1/jersey-contribs-1.17.1.pom (3.6 kB at 3.0 kB/s)
[INFO] Downloading from central: https://repo.maven.apache.org/maven2/org/apache/httpcomponents/httpclient/4.3.5/httpclient-4.3.5.pom
[INFO] Downloaded from central: https://repo.maven.apache.org/maven2/org/apache/httpcomponents/httpclient/4.3.5/httpclient-4.3.5.pom (5.2 kB at 4.9 kB/s)
[INFO] Downloading from central: https://repo.maven.apache.org/maven2/org/apache/httpcomponents/httpcomponents-client/4.3.5/httpcomponents-client-4.3.5.pom
[INFO] Downloaded from central: https://repo.maven.apache.org/maven2/org/apache/httpcomponents/httpcomponents-client/4.3.5/httpcomponents-client-4.3.5.pom (15 kB at 15 kB/s)
[INFO] Downloading from central: https://repo.maven.apache.org/maven2/org/apache/httpcomponents/project/7/project-7.pom
[INFO] Downloaded from central: https://repo.maven.apache.org/maven2/org/apache/httpcomponents/project/7/project-7.pom (27 kB at 27 kB/s)
[INFO] Downloading from central: https://repo.maven.apache.org/maven2/org/apache/apache/13/apache-13.pom
[INFO] Downloaded from central: https://repo.maven.apache.org/maven2/org/apache/apache/13/apache-13.pom (14 kB at 14 kB/s)
[INFO] Downloading from central: https://repo.maven.apache.org/maven2/org/apache/httpcomponents/httpcore/4.3.2/httpcore-4.3.2.pom
[INFO] Downloaded from central: https://repo.maven.apache.org/maven2/org/apache/httpcomponents/httpcore/4.3.2/httpcore-4.3.2.pom (4.6 kB at 8.7 kB/s)
[INFO] Downloading from central: https://repo.maven.apache.org/maven2/org/apache/httpcomponents/httpcomponents-core/4.3.2/httpcomponents-core-4.3.2.pom
[INFO] Downloaded from central: https://repo.maven.apache.org/maven2/org/apache/httpcomponents/httpcomponents-core/4.3.2/httpcomponents-core-4.3.2.pom (12 kB at 24 kB/s)
[INFO] Downloading from central: https://repo.maven.apache.org/maven2/commons-codec/commons-codec/1.6/commons-codec-1.6.pom
[INFO] Downloaded from central: https://repo.maven.apache.org/maven2/commons-codec/commons-codec/1.6/commons-codec-1.6.pom (11 kB at 12 kB/s)
[INFO] Downloading from central: https://repo.maven.apache.org/maven2/org/apache/commons/commons-parent/22/commons-parent-22.pom
[INFO] Downloaded from central: https://repo.maven.apache.org/maven2/org/apache/commons/commons-parent/22/commons-parent-22.pom (42 kB at 40 kB/s)
[INFO] Downloading from central: https://repo.maven.apache.org/maven2/org/slf4j/jcl-over-slf4j/1.7.7/jcl-over-slf4j-1.7.7.pom
[INFO] Downloaded from central: https://repo.maven.apache.org/maven2/org/slf4j/jcl-over-slf4j/1.7.7/jcl-over-slf4j-1.7.7.pom (1.9 kB at 1.9 kB/s)
[INFO] Downloading from central: https://repo.maven.apache.org/maven2/org/sonatype/sisu/siesta/siesta-jackson/1.7/siesta-jackson-1.7.pom
[INFO] Downloaded from central: https://repo.maven.apache.org/maven2/org/sonatype/sisu/siesta/siesta-jackson/1.7/siesta-jackson-1.7.pom (2.6 kB at 4.4 kB/s)
[INFO] Downloading from central: https://repo.maven.apache.org/maven2/com/fasterxml/jackson/core/jackson-annotations/2.3.1/jackson-annotations-2.3.1.pom
[INFO] Downloaded from central: https://repo.maven.apache.org/maven2/com/fasterxml/jackson/core/jackson-annotations/2.3.1/jackson-annotations-2.3.1.pom (1.7 kB at 1.8 kB/s)
[INFO] Downloading from central: https://repo.maven.apache.org/maven2/com/fasterxml/oss-parent/11/oss-parent-11.pom
[INFO] Downloaded from central: https://repo.maven.apache.org/maven2/com/fasterxml/oss-parent/11/oss-parent-11.pom (23 kB at 21 kB/s)
[INFO] Downloading from central: https://repo.maven.apache.org/maven2/com/fasterxml/jackson/core/jackson-core/2.3.1/jackson-core-2.3.1.pom
[INFO] Downloaded from central: https://repo.maven.apache.org/maven2/com/fasterxml/jackson/core/jackson-core/2.3.1/jackson-core-2.3.1.pom (6.0 kB at 6.4 kB/s)
[INFO] Downloading from central: https://repo.maven.apache.org/maven2/com/fasterxml/oss-parent/12/oss-parent-12.pom
[INFO] Downloaded from central: https://repo.maven.apache.org/maven2/com/fasterxml/oss-parent/12/oss-parent-12.pom (23 kB at 21 kB/s)
[INFO] Downloading from central: https://repo.maven.apache.org/maven2/com/fasterxml/jackson/core/jackson-databind/2.3.1/jackson-databind-2.3.1.pom
[INFO] Downloaded from central: https://repo.maven.apache.org/maven2/com/fasterxml/jackson/core/jackson-databind/2.3.1/jackson-databind-2.3.1.pom (5.9 kB at 6.5 kB/s)
[INFO] Downloading from central: https://repo.maven.apache.org/maven2/com/fasterxml/jackson/core/jackson-annotations/2.3.0/jackson-annotations-2.3.0.pom
[INFO] Downloaded from central: https://repo.maven.apache.org/maven2/com/fasterxml/jackson/core/jackson-annotations/2.3.0/jackson-annotations-2.3.0.pom (1.3 kB at 1.3 kB/s)
[INFO] Downloading from central: https://repo.maven.apache.org/maven2/com/fasterxml/jackson/jaxrs/jackson-jaxrs-json-provider/2.3.1/jackson-jaxrs-json-provider-2.3.1.pom
[INFO] Downloaded from central: https://repo.maven.apache.org/maven2/com/fasterxml/jackson/jaxrs/jackson-jaxrs-json-provider/2.3.1/jackson-jaxrs-json-provider-2.3.1.pom (3.2 kB at 3.1 kB/s)
[INFO] Downloading from central: https://repo.maven.apache.org/maven2/com/fasterxml/jackson/jaxrs/jackson-jaxrs-providers/2.3.1/jackson-jaxrs-providers-2.3.1.pom
[INFO] Downloaded from central: https://repo.maven.apache.org/maven2/com/fasterxml/jackson/jaxrs/jackson-jaxrs-providers/2.3.1/jackson-jaxrs-providers-2.3.1.pom (3.8 kB at 3.6 kB/s)
[INFO] Downloading from central: https://repo.maven.apache.org/maven2/com/fasterxml/jackson/jaxrs/jackson-jaxrs-base/2.3.1/jackson-jaxrs-base-2.3.1.pom
[INFO] Downloaded from central: https://repo.maven.apache.org/maven2/com/fasterxml/jackson/jaxrs/jackson-jaxrs-base/2.3.1/jackson-jaxrs-base-2.3.1.pom (1.9 kB at 1.9 kB/s)
[INFO] Downloading from central: https://repo.maven.apache.org/maven2/com/fasterxml/jackson/module/jackson-module-jaxb-annotations/2.3.1/jackson-module-jaxb-annotations-2.3.1.pom
[INFO] Downloaded from central: https://repo.maven.apache.org/maven2/com/fasterxml/jackson/module/jackson-module-jaxb-annotations/2.3.1/jackson-module-jaxb-annotations-2.3.1.pom (4.5 kB at 4.3 kB/s)
[INFO] Downloading from central: https://repo.maven.apache.org/maven2/javax/inject/javax.inject/1/javax.inject-1.pom
[INFO] Downloaded from central: https://repo.maven.apache.org/maven2/javax/inject/javax.inject/1/javax.inject-1.pom (612 B at 603 B/s)
[INFO] Downloading from central: https://repo.maven.apache.org/maven2/org/sonatype/spice/zapper/spice-zapper/1.3/spice-zapper-1.3.pom
[INFO] Downloaded from central: https://repo.maven.apache.org/maven2/org/sonatype/spice/zapper/spice-zapper/1.3/spice-zapper-1.3.pom (4.6 kB at 14 kB/s)
[INFO] Downloading from central: https://repo.maven.apache.org/maven2/org/fusesource/hawtbuf/hawtbuf-proto/1.9/hawtbuf-proto-1.9.pom
[INFO] Downloaded from central: https://repo.maven.apache.org/maven2/org/fusesource/hawtbuf/hawtbuf-proto/1.9/hawtbuf-proto-1.9.pom (4.5 kB at 6.6 kB/s)
[INFO] Downloading from central: https://repo.maven.apache.org/maven2/org/fusesource/hawtbuf/hawtbuf-project/1.9/hawtbuf-project-1.9.pom
[INFO] Downloaded from central: https://repo.maven.apache.org/maven2/org/fusesource/hawtbuf/hawtbuf-project/1.9/hawtbuf-project-1.9.pom (11 kB at 11 kB/s)
[INFO] Downloading from central: https://repo.maven.apache.org/maven2/org/fusesource/fusesource-pom/1.9/fusesource-pom-1.9.pom
[INFO] Downloaded from central: https://repo.maven.apache.org/maven2/org/fusesource/fusesource-pom/1.9/fusesource-pom-1.9.pom (15 kB at 15 kB/s)
[INFO] Downloading from central: https://repo.maven.apache.org/maven2/org/fusesource/hawtbuf/hawtbuf/1.9/hawtbuf-1.9.pom
[INFO] Downloaded from central: https://repo.maven.apache.org/maven2/org/fusesource/hawtbuf/hawtbuf/1.9/hawtbuf-1.9.pom (2.6 kB at 2.6 kB/s)
[INFO] Downloading from central: https://repo.maven.apache.org/maven2/org/codehaus/plexus/plexus-utils/3.0.8/plexus-utils-3.0.8.pom
[INFO] Downloaded from central: https://repo.maven.apache.org/maven2/org/codehaus/plexus/plexus-utils/3.0.8/plexus-utils-3.0.8.pom (3.1 kB at 3.1 kB/s)
[INFO] Downloading from central: https://repo.maven.apache.org/maven2/org/codehaus/plexus/plexus/3.2/plexus-3.2.pom
[INFO] Downloaded from central: https://repo.maven.apache.org/maven2/org/codehaus/plexus/plexus/3.2/plexus-3.2.pom (19 kB at 18 kB/s)
[INFO] Downloading from central: https://repo.maven.apache.org/maven2/org/sonatype/spice/spice-parent/17/spice-parent-17.pom
[INFO] Downloaded from central: https://repo.maven.apache.org/maven2/org/sonatype/spice/spice-parent/17/spice-parent-17.pom (6.8 kB at 17 kB/s)
[INFO] Downloading from central: https://repo.maven.apache.org/maven2/org/sonatype/forge/forge-parent/10/forge-parent-10.pom
[INFO] Downloaded from central: https://repo.maven.apache.org/maven2/org/sonatype/forge/forge-parent/10/forge-parent-10.pom (14 kB at 23 kB/s)
[INFO] Downloading from central: https://repo.maven.apache.org/maven2/org/codehaus/plexus/plexus-interpolation/1.15/plexus-interpolation-1.15.pom
[INFO] Downloaded from central: https://repo.maven.apache.org/maven2/org/codehaus/plexus/plexus-interpolation/1.15/plexus-interpolation-1.15.pom (1.0 kB at 2.4 kB/s)
[INFO] Downloading from central: https://repo.maven.apache.org/maven2/org/codehaus/plexus/plexus/3.0.1/plexus-3.0.1.pom
[INFO] Downloaded from central: https://repo.maven.apache.org/maven2/org/codehaus/plexus/plexus/3.0.1/plexus-3.0.1.pom (19 kB at 31 kB/s)
[INFO] Downloading from central: https://repo.maven.apache.org/maven2/org/sonatype/aether/aether-api/1.13.1/aether-api-1.13.1.pom
[INFO] Downloaded from central: https://repo.maven.apache.org/maven2/org/sonatype/aether/aether-api/1.13.1/aether-api-1.13.1.pom (1.4 kB at 1.4 kB/s)
[INFO] Downloading from central: https://repo.maven.apache.org/maven2/org/sonatype/aether/aether/1.13.1/aether-1.13.1.pom
[INFO] Downloaded from central: https://repo.maven.apache.org/maven2/org/sonatype/aether/aether/1.13.1/aether-1.13.1.pom (10 kB at 10 kB/s)
[INFO] Downloading from central: https://repo.maven.apache.org/maven2/ch/qos/logback/logback-core/1.1.2/logback-core-1.1.2.pom
[INFO] Downloaded from central: https://repo.maven.apache.org/maven2/ch/qos/logback/logback-core/1.1.2/logback-core-1.1.2.pom (5.0 kB at 4.9 kB/s)
[INFO] Downloading from central: https://repo.maven.apache.org/maven2/ch/qos/logback/logback-parent/1.1.2/logback-parent-1.1.2.pom
[INFO] Downloaded from central: https://repo.maven.apache.org/maven2/ch/qos/logback/logback-parent/1.1.2/logback-parent-1.1.2.pom (15 kB at 15 kB/s)
[INFO] Downloading from central: https://repo.maven.apache.org/maven2/ch/qos/logback/logback-classic/1.1.2/logback-classic-1.1.2.pom
[INFO] Downloaded from central: https://repo.maven.apache.org/maven2/ch/qos/logback/logback-classic/1.1.2/logback-classic-1.1.2.pom (12 kB at 12 kB/s)
[INFO] Downloading from central: https://repo.maven.apache.org/maven2/org/sonatype/plugins/nexus-staging-maven-plugin/1.6.8/nexus-staging-maven-plugin-1.6.8.jar
[INFO] Downloaded from central: https://repo.maven.apache.org/maven2/org/sonatype/plugins/nexus-staging-maven-plugin/1.6.8/nexus-staging-maven-plugin-1.6.8.jar (251 kB at 269 kB/s)
[INFO] Downloading from central: https://repo.maven.apache.org/maven2/org/sonatype/nexus/maven/nexus-common/1.6.8/nexus-common-1.6.8.jar
[INFO] Downloading from central: https://repo.maven.apache.org/maven2/org/sonatype/plexus/plexus-sec-dispatcher/1.4/plexus-sec-dispatcher-1.4.jar
[INFO] Downloading from central: https://repo.maven.apache.org/maven2/org/sonatype/plexus/plexus-cipher/1.7/plexus-cipher-1.7.jar
[INFO] Downloading from central: https://repo.maven.apache.org/maven2/com/google/guava/guava/14.0.1/guava-14.0.1.jar
[INFO] Downloading from central: https://repo.maven.apache.org/maven2/org/sonatype/nexus/nexus-client-core/2.14.3-02/nexus-client-core-2.14.3-02.jar
[INFO] Downloaded from central: https://repo.maven.apache.org/maven2/org/sonatype/nexus/maven/nexus-common/1.6.8/nexus-common-1.6.8.jar (16 kB at 41 kB/s)
[INFO] Downloading from central: https://repo.maven.apache.org/maven2/org/sonatype/nexus/plugins/nexus-restlet1x-model/2.14.3-02/nexus-restlet1x-model-2.14.3-02.jar
[INFO] Downloaded from central: https://repo.maven.apache.org/maven2/org/sonatype/plexus/plexus-cipher/1.7/plexus-cipher-1.7.jar (13 kB at 22 kB/s)
[INFO] Downloading from central: https://repo.maven.apache.org/maven2/org/apache/maven/maven-model/3.0.4/maven-model-3.0.4.jar
[INFO] Downloaded from central: https://repo.maven.apache.org/maven2/org/sonatype/plexus/plexus-sec-dispatcher/1.4/plexus-sec-dispatcher-1.4.jar (28 kB at 30 kB/s)
[INFO] Downloading from central: https://repo.maven.apache.org/maven2/org/slf4j/slf4j-api/1.7.7/slf4j-api-1.7.7.jar
[INFO] Downloaded from central: https://repo.maven.apache.org/maven2/org/sonatype/nexus/plugins/nexus-restlet1x-model/2.14.3-02/nexus-restlet1x-model-2.14.3-02.jar (163 kB at 166 kB/s)
[INFO] Downloading from central: https://repo.maven.apache.org/maven2/com/google/code/findbugs/jsr305/2.0.1/jsr305-2.0.1.jar
[INFO] Downloaded from central: https://repo.maven.apache.org/maven2/org/slf4j/slf4j-api/1.7.7/slf4j-api-1.7.7.jar (29 kB at 25 kB/s)
[INFO] Downloading from central: https://repo.maven.apache.org/maven2/com/intellij/annotations/9.0.4/annotations-9.0.4.jar
[INFO] Downloaded from central: https://repo.maven.apache.org/maven2/com/google/code/findbugs/jsr305/2.0.1/jsr305-2.0.1.jar (32 kB at 24 kB/s)
[INFO] Downloading from central: https://repo.maven.apache.org/maven2/commons-io/commons-io/2.4/commons-io-2.4.jar
[INFO] Downloaded from central: https://repo.maven.apache.org/maven2/org/apache/maven/maven-model/3.0.4/maven-model-3.0.4.jar (164 kB at 117 kB/s)
[INFO] Downloading from central: https://repo.maven.apache.org/maven2/com/thoughtworks/xstream/xstream/1.4.7/xstream-1.4.7.jar
[INFO] Downloaded from central: https://repo.maven.apache.org/maven2/org/sonatype/nexus/nexus-client-core/2.14.3-02/nexus-client-core-2.14.3-02.jar (216 kB at 141 kB/s)
[INFO] Downloading from central: https://repo.maven.apache.org/maven2/xmlpull/xmlpull/1.1.3.1/xmlpull-1.1.3.1.jar
[INFO] Downloaded from central: https://repo.maven.apache.org/maven2/xmlpull/xmlpull/1.1.3.1/xmlpull-1.1.3.1.jar (7.2 kB at 3.9 kB/s)
[INFO] Downloading from central: https://repo.maven.apache.org/maven2/xpp3/xpp3_min/1.1.4c/xpp3_min-1.1.4c.jar
[INFO] Downloaded from central: https://repo.maven.apache.org/maven2/com/intellij/annotations/9.0.4/annotations-9.0.4.jar (10.0 kB at 5.3 kB/s)
[INFO] Downloading from central: https://repo.maven.apache.org/maven2/joda-time/joda-time/2.2/joda-time-2.2.jar
[INFO] Downloaded from central: https://repo.maven.apache.org/maven2/commons-io/commons-io/2.4/commons-io-2.4.jar (185 kB at 87 kB/s)
[INFO] Downloading from central: https://repo.maven.apache.org/maven2/commons-lang/commons-lang/2.6/commons-lang-2.6.jar
[INFO] Downloaded from central: https://repo.maven.apache.org/maven2/xpp3/xpp3_min/1.1.4c/xpp3_min-1.1.4c.jar (25 kB at 12 kB/s)
[INFO] Downloading from central: https://repo.maven.apache.org/maven2/commons-beanutils/commons-beanutils-core/1.8.3/commons-beanutils-core-1.8.3.jar
[INFO] Downloaded from central: https://repo.maven.apache.org/maven2/commons-beanutils/commons-beanutils-core/1.8.3/commons-beanutils-core-1.8.3.jar (207 kB at 65 kB/s)
[INFO] Downloading from central: https://repo.maven.apache.org/maven2/org/sonatype/sisu/siesta/siesta-client/1.7/siesta-client-1.7.jar
[INFO] Downloaded from central: https://repo.maven.apache.org/maven2/com/thoughtworks/xstream/xstream/1.4.7/xstream-1.4.7.jar (532 kB at 166 kB/s)
[INFO] Downloading from central: https://repo.maven.apache.org/maven2/org/sonatype/sisu/siesta/siesta-common/1.7/siesta-common-1.7.jar
[INFO] Downloaded from central: https://repo.maven.apache.org/maven2/commons-lang/commons-lang/2.6/commons-lang-2.6.jar (284 kB at 84 kB/s)
[INFO] Downloading from central: https://repo.maven.apache.org/maven2/javax/ws/rs/jsr311-api/1.1.1/jsr311-api-1.1.1.jar
[INFO] Downloaded from central: https://repo.maven.apache.org/maven2/org/sonatype/sisu/siesta/siesta-common/1.7/siesta-common-1.7.jar (11 kB at 3.1 kB/s)
[INFO] Downloading from central: https://repo.maven.apache.org/maven2/com/sun/jersey/jersey-core/1.17.1/jersey-core-1.17.1.jar
[INFO] Downloaded from central: https://repo.maven.apache.org/maven2/org/sonatype/sisu/siesta/siesta-client/1.7/siesta-client-1.7.jar (20 kB at 5.8 kB/s)
[INFO] Downloading from central: https://repo.maven.apache.org/maven2/javax/validation/validation-api/1.1.0.Final/validation-api-1.1.0.Final.jar
[INFO] Downloaded from central: https://repo.maven.apache.org/maven2/javax/ws/rs/jsr311-api/1.1.1/jsr311-api-1.1.1.jar (46 kB at 13 kB/s)
[INFO] Downloading from central: https://repo.maven.apache.org/maven2/com/sun/jersey/jersey-client/1.17.1/jersey-client-1.17.1.jar
[INFO] Downloaded from central: https://repo.maven.apache.org/maven2/com/sun/jersey/jersey-client/1.17.1/jersey-client-1.17.1.jar (131 kB at 30 kB/s)
[INFO] Downloading from central: https://repo.maven.apache.org/maven2/com/sun/jersey/contribs/jersey-apache-client4/1.17.1/jersey-apache-client4-1.17.1.jar
[INFO] Downloaded from central: https://repo.maven.apache.org/maven2/javax/validation/validation-api/1.1.0.Final/validation-api-1.1.0.Final.jar (64 kB at 14 kB/s)
[INFO] Downloading from central: https://repo.maven.apache.org/maven2/org/sonatype/sisu/siesta/siesta-jackson/1.7/siesta-jackson-1.7.jar
[INFO] Downloaded from central: https://repo.maven.apache.org/maven2/com/sun/jersey/contribs/jersey-apache-client4/1.17.1/jersey-apache-client4-1.17.1.jar (16 kB at 3.4 kB/s)
[INFO] Downloading from central: https://repo.maven.apache.org/maven2/com/fasterxml/jackson/core/jackson-annotations/2.3.1/jackson-annotations-2.3.1.jar
[INFO] Downloaded from central: https://repo.maven.apache.org/maven2/org/sonatype/sisu/siesta/siesta-jackson/1.7/siesta-jackson-1.7.jar (6.3 kB at 1.3 kB/s)
[INFO] Downloading from central: https://repo.maven.apache.org/maven2/com/fasterxml/jackson/core/jackson-core/2.3.1/jackson-core-2.3.1.jar
[INFO] Downloaded from central: https://repo.maven.apache.org/maven2/com/sun/jersey/jersey-core/1.17.1/jersey-core-1.17.1.jar (467 kB at 97 kB/s)
[INFO] Downloading from central: https://repo.maven.apache.org/maven2/com/fasterxml/jackson/core/jackson-databind/2.3.1/jackson-databind-2.3.1.jar
[INFO] Downloaded from central: https://repo.maven.apache.org/maven2/joda-time/joda-time/2.2/joda-time-2.2.jar (574 kB at 116 kB/s)
[INFO] Downloading from central: https://repo.maven.apache.org/maven2/com/fasterxml/jackson/jaxrs/jackson-jaxrs-json-provider/2.3.1/jackson-jaxrs-json-provider-2.3.1.jar
[INFO] Downloaded from central: https://repo.maven.apache.org/maven2/com/fasterxml/jackson/core/jackson-annotations/2.3.1/jackson-annotations-2.3.1.jar (37 kB at 7.4 kB/s)
[INFO] Downloading from central: https://repo.maven.apache.org/maven2/com/fasterxml/jackson/jaxrs/jackson-jaxrs-base/2.3.1/jackson-jaxrs-base-2.3.1.jar
[INFO] Downloaded from central: https://repo.maven.apache.org/maven2/com/fasterxml/jackson/jaxrs/jackson-jaxrs-base/2.3.1/jackson-jaxrs-base-2.3.1.jar (28 kB at 4.7 kB/s)
[INFO] Downloading from central: https://repo.maven.apache.org/maven2/com/fasterxml/jackson/module/jackson-module-jaxb-annotations/2.3.1/jackson-module-jaxb-annotations-2.3.1.jar
[INFO] Downloaded from central: https://repo.maven.apache.org/maven2/com/fasterxml/jackson/core/jackson-core/2.3.1/jackson-core-2.3.1.jar (198 kB at 34 kB/s)
[INFO] Downloading from central: https://repo.maven.apache.org/maven2/org/apache/httpcomponents/httpclient/4.3.5/httpclient-4.3.5.jar
[INFO] Downloaded from central: https://repo.maven.apache.org/maven2/com/fasterxml/jackson/jaxrs/jackson-jaxrs-json-provider/2.3.1/jackson-jaxrs-json-provider-2.3.1.jar (16 kB at 2.7 kB/s)
[INFO] Downloading from central: https://repo.maven.apache.org/maven2/commons-codec/commons-codec/1.6/commons-codec-1.6.jar
[INFO] Downloaded from central: https://repo.maven.apache.org/maven2/com/google/guava/guava/14.0.1/guava-14.0.1.jar (2.2 MB at 344 kB/s)
[INFO] Downloading from central: https://repo.maven.apache.org/maven2/org/apache/httpcomponents/httpcore/4.3.2/httpcore-4.3.2.jar
[INFO] Downloaded from central: https://repo.maven.apache.org/maven2/com/fasterxml/jackson/module/jackson-module-jaxb-annotations/2.3.1/jackson-module-jaxb-annotations-2.3.1.jar (32 kB at 5.0 kB/s)
[INFO] Downloading from central: https://repo.maven.apache.org/maven2/org/slf4j/jcl-over-slf4j/1.7.7/jcl-over-slf4j-1.7.7.jar
[INFO] Downloaded from central: https://repo.maven.apache.org/maven2/commons-codec/commons-codec/1.6/commons-codec-1.6.jar (233 kB at 32 kB/s)
[INFO] Downloading from central: https://repo.maven.apache.org/maven2/javax/inject/javax.inject/1/javax.inject-1.jar
[INFO] Downloaded from central: https://repo.maven.apache.org/maven2/org/slf4j/jcl-over-slf4j/1.7.7/jcl-over-slf4j-1.7.7.jar (17 kB at 2.3 kB/s)
[INFO] Downloading from central: https://repo.maven.apache.org/maven2/org/sonatype/spice/zapper/spice-zapper/1.3/spice-zapper-1.3.jar
[INFO] Downloaded from central: https://repo.maven.apache.org/maven2/com/fasterxml/jackson/core/jackson-databind/2.3.1/jackson-databind-2.3.1.jar (914 kB at 127 kB/s)
[INFO] Downloading from central: https://repo.maven.apache.org/maven2/org/fusesource/hawtbuf/hawtbuf-proto/1.9/hawtbuf-proto-1.9.jar
[INFO] Downloaded from central: https://repo.maven.apache.org/maven2/org/apache/httpcomponents/httpcore/4.3.2/httpcore-4.3.2.jar (282 kB at 39 kB/s)
[INFO] Downloading from central: https://repo.maven.apache.org/maven2/org/fusesource/hawtbuf/hawtbuf/1.9/hawtbuf-1.9.jar
[INFO] Downloaded from central: https://repo.maven.apache.org/maven2/javax/inject/javax.inject/1/javax.inject-1.jar (2.5 kB at 337 B/s)
[INFO] Downloading from central: https://repo.maven.apache.org/maven2/org/codehaus/plexus/plexus-utils/3.0.8/plexus-utils-3.0.8.jar
[INFO] Downloaded from central: https://repo.maven.apache.org/maven2/org/fusesource/hawtbuf/hawtbuf-proto/1.9/hawtbuf-proto-1.9.jar (27 kB at 3.7 kB/s)
[INFO] Downloading from central: https://repo.maven.apache.org/maven2/org/codehaus/plexus/plexus-interpolation/1.15/plexus-interpolation-1.15.jar
[INFO] Downloaded from central: https://repo.maven.apache.org/maven2/org/fusesource/hawtbuf/hawtbuf/1.9/hawtbuf-1.9.jar (50 kB at 6.7 kB/s)
[INFO] Downloading from central: https://repo.maven.apache.org/maven2/org/sonatype/aether/aether-api/1.13.1/aether-api-1.13.1.jar
[INFO] Downloaded from central: https://repo.maven.apache.org/maven2/org/codehaus/plexus/plexus-interpolation/1.15/plexus-interpolation-1.15.jar (60 kB at 7.7 kB/s)
[INFO] Downloading from central: https://repo.maven.apache.org/maven2/ch/qos/logback/logback-core/1.1.2/logback-core-1.1.2.jar
[INFO] Downloaded from central: https://repo.maven.apache.org/maven2/org/sonatype/spice/zapper/spice-zapper/1.3/spice-zapper-1.3.jar (121 kB at 15 kB/s)
[INFO] Downloading from central: https://repo.maven.apache.org/maven2/ch/qos/logback/logback-classic/1.1.2/logback-classic-1.1.2.jar
[INFO] Downloaded from central: https://repo.maven.apache.org/maven2/org/codehaus/plexus/plexus-utils/3.0.8/plexus-utils-3.0.8.jar (232 kB at 28 kB/s)
[INFO] Downloaded from central: https://repo.maven.apache.org/maven2/org/sonatype/aether/aether-api/1.13.1/aether-api-1.13.1.jar (90 kB at 11 kB/s)
[INFO] Downloaded from central: https://repo.maven.apache.org/maven2/org/apache/httpcomponents/httpclient/4.3.5/httpclient-4.3.5.jar (591 kB at 72 kB/s)
[INFO] Downloaded from central: https://repo.maven.apache.org/maven2/ch/qos/logback/logback-core/1.1.2/logback-core-1.1.2.jar (428 kB at 49 kB/s)
[INFO] Downloaded from central: https://repo.maven.apache.org/maven2/ch/qos/logback/logback-classic/1.1.2/logback-classic-1.1.2.jar (271 kB at 27 kB/s)
[INFO] Inspecting build with total of 1 modules...
[INFO] Installing Nexus Staging features:
[INFO]   ... total of 1 executions of maven-deploy-plugin replaced with nexus-staging-maven-plugin
[INFO] 
[INFO] -----------------------< com.jsoniter:jsoniter >------------------------
[INFO] Building json iterator 0.9.24-SNAPSHOT
[INFO]   from pom.xml
[INFO] --------------------------------[ jar ]---------------------------------
[INFO] Downloading from central: https://repo.maven.apache.org/maven2/org/apache/maven/plugins/maven-source-plugin/3.0.1/maven-source-plugin-3.0.1.pom
[INFO] Downloaded from central: https://repo.maven.apache.org/maven2/org/apache/maven/plugins/maven-source-plugin/3.0.1/maven-source-plugin-3.0.1.pom (5.7 kB at 8.9 kB/s)
[INFO] Downloading from central: https://repo.maven.apache.org/maven2/org/apache/maven/plugins/maven-plugins/30/maven-plugins-30.pom
[INFO] Downloaded from central: https://repo.maven.apache.org/maven2/org/apache/maven/plugins/maven-plugins/30/maven-plugins-30.pom (10 kB at 9.2 kB/s)
[INFO] Downloading from central: https://repo.maven.apache.org/maven2/org/apache/maven/maven-parent/30/maven-parent-30.pom
[INFO] Downloaded from central: https://repo.maven.apache.org/maven2/org/apache/maven/maven-parent/30/maven-parent-30.pom (41 kB at 41 kB/s)
[INFO] Downloading from central: https://repo.maven.apache.org/maven2/org/apache/apache/18/apache-18.pom
[INFO] Downloaded from central: https://repo.maven.apache.org/maven2/org/apache/apache/18/apache-18.pom (16 kB at 16 kB/s)
[INFO] Downloading from central: https://repo.maven.apache.org/maven2/org/apache/maven/plugins/maven-source-plugin/3.0.1/maven-source-plugin-3.0.1.jar
[INFO] Downloaded from central: https://repo.maven.apache.org/maven2/org/apache/maven/plugins/maven-source-plugin/3.0.1/maven-source-plugin-3.0.1.jar (31 kB at 32 kB/s)
[INFO] Downloading from central: https://repo.maven.apache.org/maven2/org/apache/maven/plugins/maven-javadoc-plugin/3.0.0/maven-javadoc-plugin-3.0.0.pom
[INFO] Downloaded from central: https://repo.maven.apache.org/maven2/org/apache/maven/plugins/maven-javadoc-plugin/3.0.0/maven-javadoc-plugin-3.0.0.pom (18 kB at 18 kB/s)
[INFO] Downloading from central: https://repo.maven.apache.org/maven2/org/apache/maven/plugins/maven-javadoc-plugin/3.0.0/maven-javadoc-plugin-3.0.0.jar
[INFO] Downloaded from central: https://repo.maven.apache.org/maven2/org/apache/maven/plugins/maven-javadoc-plugin/3.0.0/maven-javadoc-plugin-3.0.0.jar (416 kB at 206 kB/s)
[INFO] Downloading from central: https://repo.maven.apache.org/maven2/org/apache/maven/plugins/maven-resources-plugin/3.4.0/maven-resources-plugin-3.4.0.pom
[INFO] Downloaded from central: https://repo.maven.apache.org/maven2/org/apache/maven/plugins/maven-resources-plugin/3.4.0/maven-resources-plugin-3.4.0.pom (7.9 kB at 8.1 kB/s)
[INFO] Downloading from central: https://repo.maven.apache.org/maven2/org/apache/maven/plugins/maven-plugins/45/maven-plugins-45.pom
[INFO] Downloaded from central: https://repo.maven.apache.org/maven2/org/apache/maven/plugins/maven-plugins/45/maven-plugins-45.pom (8.4 kB at 8.4 kB/s)
[INFO] Downloading from central: https://repo.maven.apache.org/maven2/org/apache/maven/maven-parent/45/maven-parent-45.pom
[INFO] Downloaded from central: https://repo.maven.apache.org/maven2/org/apache/maven/maven-parent/45/maven-parent-45.pom (53 kB at 53 kB/s)
[INFO] Downloading from central: https://repo.maven.apache.org/maven2/org/apache/apache/35/apache-35.pom
[INFO] Downloaded from central: https://repo.maven.apache.org/maven2/org/apache/apache/35/apache-35.pom (24 kB at 24 kB/s)
[INFO] Downloading from central: https://repo.maven.apache.org/maven2/org/junit/junit-bom/5.13.1/junit-bom-5.13.1.pom
[INFO] Downloaded from central: https://repo.maven.apache.org/maven2/org/junit/junit-bom/5.13.1/junit-bom-5.13.1.pom (5.6 kB at 6.2 kB/s)
[INFO] Downloading from central: https://repo.maven.apache.org/maven2/org/apache/maven/plugins/maven-resources-plugin/3.4.0/maven-resources-plugin-3.4.0.jar
[INFO] Downloaded from central: https://repo.maven.apache.org/maven2/org/apache/maven/plugins/maven-resources-plugin/3.4.0/maven-resources-plugin-3.4.0.jar (31 kB at 80 kB/s)
[INFO] Downloading from central: https://repo.maven.apache.org/maven2/org/apache/maven/plugins/maven-compiler-plugin/3.7.0/maven-compiler-plugin-3.7.0.pom
[INFO] Downloaded from central: https://repo.maven.apache.org/maven2/org/apache/maven/plugins/maven-compiler-plugin/3.7.0/maven-compiler-plugin-3.7.0.pom (11 kB at 16 kB/s)
[INFO] Downloading from central: https://repo.maven.apache.org/maven2/org/apache/maven/plugins/maven-compiler-plugin/3.7.0/maven-compiler-plugin-3.7.0.jar
[INFO] Downloaded from central: https://repo.maven.apache.org/maven2/org/apache/maven/plugins/maven-compiler-plugin/3.7.0/maven-compiler-plugin-3.7.0.jar (58 kB at 56 kB/s)
[INFO] Downloading from central: https://repo.maven.apache.org/maven2/junit/junit/4.12/junit-4.12.pom
[INFO] Downloaded from central: https://repo.maven.apache.org/maven2/junit/junit/4.12/junit-4.12.pom (24 kB at 25 kB/s)
[INFO] Downloading from central: https://repo.maven.apache.org/maven2/org/hamcrest/hamcrest-core/1.3/hamcrest-core-1.3.pom
[INFO] Downloaded from central: https://repo.maven.apache.org/maven2/org/hamcrest/hamcrest-core/1.3/hamcrest-core-1.3.pom (766 B at 729 B/s)
[INFO] Downloading from central: https://repo.maven.apache.org/maven2/org/hamcrest/hamcrest-parent/1.3/hamcrest-parent-1.3.pom
[INFO] Downloaded from central: https://repo.maven.apache.org/maven2/org/hamcrest/hamcrest-parent/1.3/hamcrest-parent-1.3.pom (2.0 kB at 2.1 kB/s)
[INFO] Downloading from central: https://repo.maven.apache.org/maven2/org/javassist/javassist/3.22.0-GA/javassist-3.22.0-GA.pom
[INFO] Downloaded from central: https://repo.maven.apache.org/maven2/org/javassist/javassist/3.22.0-GA/javassist-3.22.0-GA.pom (9.7 kB at 9.2 kB/s)
[INFO] Downloading from central: https://repo.maven.apache.org/maven2/com/fasterxml/jackson/core/jackson-annotations/2.9.5/jackson-annotations-2.9.5.pom
[INFO] Downloaded from central: https://repo.maven.apache.org/maven2/com/fasterxml/jackson/core/jackson-annotations/2.9.5/jackson-annotations-2.9.5.pom (2.6 kB at 2.8 kB/s)
[INFO] Downloading from central: https://repo.maven.apache.org/maven2/com/fasterxml/jackson/jackson-parent/2.9.1/jackson-parent-2.9.1.pom
[INFO] Downloaded from central: https://repo.maven.apache.org/maven2/com/fasterxml/jackson/jackson-parent/2.9.1/jackson-parent-2.9.1.pom (8.0 kB at 10 kB/s)
[INFO] Downloading from central: https://repo.maven.apache.org/maven2/com/fasterxml/oss-parent/30/oss-parent-30.pom
[INFO] Downloaded from central: https://repo.maven.apache.org/maven2/com/fasterxml/oss-parent/30/oss-parent-30.pom (21 kB at 41 kB/s)
[INFO] Downloading from central: https://repo.maven.apache.org/maven2/com/fasterxml/jackson/core/jackson-databind/2.9.5/jackson-databind-2.9.5.pom
[INFO] Downloaded from central: https://repo.maven.apache.org/maven2/com/fasterxml/jackson/core/jackson-databind/2.9.5/jackson-databind-2.9.5.pom (5.9 kB at 27 kB/s)
[INFO] Downloading from central: https://repo.maven.apache.org/maven2/com/fasterxml/jackson/jackson-base/2.9.5/jackson-base-2.9.5.pom
[INFO] Downloaded from central: https://repo.maven.apache.org/maven2/com/fasterxml/jackson/jackson-base/2.9.5/jackson-base-2.9.5.pom (5.6 kB at 12 kB/s)
[INFO] Downloading from central: https://repo.maven.apache.org/maven2/com/fasterxml/jackson/jackson-bom/2.9.5/jackson-bom-2.9.5.pom
[INFO] Downloaded from central: https://repo.maven.apache.org/maven2/com/fasterxml/jackson/jackson-bom/2.9.5/jackson-bom-2.9.5.pom (12 kB at 20 kB/s)
[INFO] Downloading from central: https://repo.maven.apache.org/maven2/com/fasterxml/jackson/core/jackson-annotations/2.9.0/jackson-annotations-2.9.0.pom
[INFO] Downloaded from central: https://repo.maven.apache.org/maven2/com/fasterxml/jackson/core/jackson-annotations/2.9.0/jackson-annotations-2.9.0.pom (1.9 kB at 4.4 kB/s)
[INFO] Downloading from central: https://repo.maven.apache.org/maven2/com/fasterxml/jackson/jackson-parent/2.9.0/jackson-parent-2.9.0.pom
[INFO] Downloaded from central: https://repo.maven.apache.org/maven2/com/fasterxml/jackson/jackson-parent/2.9.0/jackson-parent-2.9.0.pom (7.8 kB at 8.4 kB/s)
[INFO] Downloading from central: https://repo.maven.apache.org/maven2/com/fasterxml/oss-parent/28/oss-parent-28.pom
[INFO] Downloaded from central: https://repo.maven.apache.org/maven2/com/fasterxml/oss-parent/28/oss-parent-28.pom (20 kB at 20 kB/s)
[INFO] Downloading from central: https://repo.maven.apache.org/maven2/com/fasterxml/jackson/core/jackson-core/2.9.5/jackson-core-2.9.5.pom
[INFO] Downloaded from central: https://repo.maven.apache.org/maven2/com/fasterxml/jackson/core/jackson-core/2.9.5/jackson-core-2.9.5.pom (3.4 kB at 3.7 kB/s)
[INFO] Downloading from central: https://repo.maven.apache.org/maven2/com/google/code/gson/gson/2.8.3/gson-2.8.3.pom
[INFO] Downloaded from central: https://repo.maven.apache.org/maven2/com/google/code/gson/gson/2.8.3/gson-2.8.3.pom (1.9 kB at 1.9 kB/s)
[INFO] Downloading from central: https://repo.maven.apache.org/maven2/com/google/code/gson/gson-parent/2.8.3/gson-parent-2.8.3.pom
[INFO] Downloaded from central: https://repo.maven.apache.org/maven2/com/google/code/gson/gson-parent/2.8.3/gson-parent-2.8.3.pom (3.8 kB at 5.4 kB/s)
[INFO] Downloading from central: https://repo.maven.apache.org/maven2/org/openjdk/jmh/jmh-core/1.20/jmh-core-1.20.pom
[INFO] Downloaded from central: https://repo.maven.apache.org/maven2/org/openjdk/jmh/jmh-core/1.20/jmh-core-1.20.pom (9.4 kB at 43 kB/s)
[INFO] Downloading from central: https://repo.maven.apache.org/maven2/org/openjdk/jmh/jmh-parent/1.20/jmh-parent-1.20.pom
[INFO] Downloaded from central: https://repo.maven.apache.org/maven2/org/openjdk/jmh/jmh-parent/1.20/jmh-parent-1.20.pom (11 kB at 14 kB/s)
[INFO] Downloading from central: https://repo.maven.apache.org/maven2/net/sf/jopt-simple/jopt-simple/4.6/jopt-simple-4.6.pom
[INFO] Downloaded from central: https://repo.maven.apache.org/maven2/net/sf/jopt-simple/jopt-simple/4.6/jopt-simple-4.6.pom (11 kB at 37 kB/s)
[INFO] Downloading from central: https://repo.maven.apache.org/maven2/org/apache/commons/commons-math3/3.2/commons-math3-3.2.pom
[INFO] Downloaded from central: https://repo.maven.apache.org/maven2/org/apache/commons/commons-math3/3.2/commons-math3-3.2.pom (17 kB at 60 kB/s)
[INFO] Downloading from central: https://repo.maven.apache.org/maven2/org/apache/commons/commons-parent/28/commons-parent-28.pom
[INFO] Downloaded from central: https://repo.maven.apache.org/maven2/org/apache/commons/commons-parent/28/commons-parent-28.pom (50 kB at 106 kB/s)
[INFO] Downloading from central: https://repo.maven.apache.org/maven2/org/openjdk/jmh/jmh-generator-annprocess/1.20/jmh-generator-annprocess-1.20.pom
[INFO] Downloaded from central: https://repo.maven.apache.org/maven2/org/openjdk/jmh/jmh-generator-annprocess/1.20/jmh-generator-annprocess-1.20.pom (3.8 kB at 3.5 kB/s)
[INFO] Downloading from central: https://repo.maven.apache.org/maven2/junit/junit/4.12/junit-4.12.jar
[INFO] Downloaded from central: https://repo.maven.apache.org/maven2/junit/junit/4.12/junit-4.12.jar (315 kB at 164 kB/s)
[INFO] Downloading from central: https://repo.maven.apache.org/maven2/org/hamcrest/hamcrest-core/1.3/hamcrest-core-1.3.jar
[INFO] Downloading from central: https://repo.maven.apache.org/maven2/org/javassist/javassist/3.22.0-GA/javassist-3.22.0-GA.jar
[INFO] Downloading from central: https://repo.maven.apache.org/maven2/com/fasterxml/jackson/core/jackson-annotations/2.9.5/jackson-annotations-2.9.5.jar
[INFO] Downloading from central: https://repo.maven.apache.org/maven2/com/fasterxml/jackson/core/jackson-databind/2.9.5/jackson-databind-2.9.5.jar
[INFO] Downloading from central: https://repo.maven.apache.org/maven2/com/fasterxml/jackson/core/jackson-core/2.9.5/jackson-core-2.9.5.jar
[INFO] Downloaded from central: https://repo.maven.apache.org/maven2/org/hamcrest/hamcrest-core/1.3/hamcrest-core-1.3.jar (45 kB at 67 kB/s)
[INFO] Downloading from central: https://repo.maven.apache.org/maven2/com/google/code/gson/gson/2.8.3/gson-2.8.3.jar
[INFO] Downloaded from central: https://repo.maven.apache.org/maven2/com/fasterxml/jackson/core/jackson-annotations/2.9.5/jackson-annotations-2.9.5.jar (67 kB at 81 kB/s)
[INFO] Downloading from central: https://repo.maven.apache.org/maven2/org/openjdk/jmh/jmh-core/1.20/jmh-core-1.20.jar
[INFO] Downloaded from central: https://repo.maven.apache.org/maven2/com/fasterxml/jackson/core/jackson-core/2.9.5/jackson-core-2.9.5.jar (322 kB at 198 kB/s)
[INFO] Downloading from central: https://repo.maven.apache.org/maven2/net/sf/jopt-simple/jopt-simple/4.6/jopt-simple-4.6.jar
[INFO] Downloaded from central: https://repo.maven.apache.org/maven2/com/google/code/gson/gson/2.8.3/gson-2.8.3.jar (239 kB at 87 kB/s)
[INFO] Downloading from central: https://repo.maven.apache.org/maven2/org/apache/commons/commons-math3/3.2/commons-math3-3.2.jar
[INFO] Downloaded from central: https://repo.maven.apache.org/maven2/net/sf/jopt-simple/jopt-simple/4.6/jopt-simple-4.6.jar (62 kB at 22 kB/s)
[INFO] Downloading from central: https://repo.maven.apache.org/maven2/org/openjdk/jmh/jmh-generator-annprocess/1.20/jmh-generator-annprocess-1.20.jar
[INFO] Downloaded from central: https://repo.maven.apache.org/maven2/org/openjdk/jmh/jmh-core/1.20/jmh-core-1.20.jar (510 kB at 181 kB/s)
[INFO] Downloaded from central: https://repo.maven.apache.org/maven2/com/fasterxml/jackson/core/jackson-databind/2.9.5/jackson-databind-2.9.5.jar (1.3 MB at 436 kB/s)
[INFO] Downloaded from central: https://repo.maven.apache.org/maven2/org/javassist/javassist/3.22.0-GA/javassist-3.22.0-GA.jar (740 kB at 240 kB/s)
[INFO] Downloaded from central: https://repo.maven.apache.org/maven2/org/openjdk/jmh/jmh-generator-annprocess/1.20/jmh-generator-annprocess-1.20.jar (31 kB at 10 kB/s)
[INFO] Downloaded from central: https://repo.maven.apache.org/maven2/org/apache/commons/commons-math3/3.2/commons-math3-3.2.jar (1.7 MB at 189 kB/s)
[INFO] 
[INFO] --- resources:3.4.0:resources (default-resources) @ jsoniter ---
[INFO] Downloading from central: https://repo.maven.apache.org/maven2/org/apache/maven/shared/maven-filtering/3.4.0/maven-filtering-3.4.0.pom
[INFO] Downloaded from central: https://repo.maven.apache.org/maven2/org/apache/maven/shared/maven-filtering/3.4.0/maven-filtering-3.4.0.pom (6.5 kB at 7.3 kB/s)
[INFO] Downloading from central: https://repo.maven.apache.org/maven2/org/apache/maven/shared/maven-shared-components/43/maven-shared-components-43.pom
[INFO] Downloaded from central: https://repo.maven.apache.org/maven2/org/apache/maven/shared/maven-shared-components/43/maven-shared-components-43.pom (3.8 kB at 13 kB/s)
[INFO] Downloading from central: https://repo.maven.apache.org/maven2/org/apache/maven/maven-parent/43/maven-parent-43.pom
[INFO] Downloaded from central: https://repo.maven.apache.org/maven2/org/apache/maven/maven-parent/43/maven-parent-43.pom (50 kB at 113 kB/s)
[INFO] Downloading from central: https://repo.maven.apache.org/maven2/org/apache/apache/33/apache-33.pom
[INFO] Downloaded from central: https://repo.maven.apache.org/maven2/org/apache/apache/33/apache-33.pom (24 kB at 69 kB/s)
[INFO] Downloading from central: https://repo.maven.apache.org/maven2/org/junit/junit-bom/5.10.3/junit-bom-5.10.3.pom
[INFO] Downloaded from central: https://repo.maven.apache.org/maven2/org/junit/junit-bom/5.10.3/junit-bom-5.10.3.pom (5.6 kB at 5.9 kB/s)
[INFO] Downloading from central: https://repo.maven.apache.org/maven2/org/slf4j/slf4j-api/1.7.36/slf4j-api-1.7.36.pom
[INFO] Downloaded from central: https://repo.maven.apache.org/maven2/org/slf4j/slf4j-api/1.7.36/slf4j-api-1.7.36.pom (2.7 kB at 11 kB/s)
[INFO] Downloading from central: https://repo.maven.apache.org/maven2/org/slf4j/slf4j-parent/1.7.36/slf4j-parent-1.7.36.pom
[INFO] Downloaded from central: https://repo.maven.apache.org/maven2/org/slf4j/slf4j-parent/1.7.36/slf4j-parent-1.7.36.pom (14 kB at 14 kB/s)
[INFO] Downloading from central: https://repo.maven.apache.org/maven2/org/sonatype/plexus/plexus-build-api/0.0.7/plexus-build-api-0.0.7.pom
[INFO] Downloaded from central: https://repo.maven.apache.org/maven2/org/sonatype/plexus/plexus-build-api/0.0.7/plexus-build-api-0.0.7.pom (3.2 kB at 10 kB/s)
[INFO] Downloading from central: https://repo.maven.apache.org/maven2/org/codehaus/plexus/plexus-utils/4.0.2/plexus-utils-4.0.2.pom
[INFO] Downloaded from central: https://repo.maven.apache.org/maven2/org/codehaus/plexus/plexus-utils/4.0.2/plexus-utils-4.0.2.pom (13 kB at 19 kB/s)
[INFO] Downloading from central: https://repo.maven.apache.org/maven2/org/codehaus/plexus/plexus-xml/3.0.1/plexus-xml-3.0.1.pom
[INFO] Downloaded from central: https://repo.maven.apache.org/maven2/org/codehaus/plexus/plexus-xml/3.0.1/plexus-xml-3.0.1.pom (3.7 kB at 3.7 kB/s)
[INFO] Downloading from central: https://repo.maven.apache.org/maven2/org/codehaus/plexus/plexus/18/plexus-18.pom
[INFO] Downloaded from central: https://repo.maven.apache.org/maven2/org/codehaus/plexus/plexus/18/plexus-18.pom (29 kB at 29 kB/s)
[INFO] Downloading from central: https://repo.maven.apache.org/maven2/org/junit/junit-bom/5.10.2/junit-bom-5.10.2.pom
[INFO] Downloaded from central: https://repo.maven.apache.org/maven2/org/junit/junit-bom/5.10.2/junit-bom-5.10.2.pom (5.6 kB at 5.7 kB/s)
[INFO] Downloading from central: https://repo.maven.apache.org/maven2/org/codehaus/plexus/plexus-interpolation/1.27/plexus-interpolation-1.27.pom
[INFO] Downloaded from central: https://repo.maven.apache.org/maven2/org/codehaus/plexus/plexus-interpolation/1.27/plexus-interpolation-1.27.pom (3.0 kB at 3.0 kB/s)
[INFO] Downloading from central: https://repo.maven.apache.org/maven2/org/codehaus/plexus/plexus/16/plexus-16.pom
[INFO] Downloaded from central: https://repo.maven.apache.org/maven2/org/codehaus/plexus/plexus/16/plexus-16.pom (28 kB at 94 kB/s)
[INFO] Downloading from central: https://repo.maven.apache.org/maven2/org/junit/junit-bom/5.10.1/junit-bom-5.10.1.pom
[INFO] Downloaded from central: https://repo.maven.apache.org/maven2/org/junit/junit-bom/5.10.1/junit-bom-5.10.1.pom (5.6 kB at 7.9 kB/s)
[INFO] Downloading from central: https://repo.maven.apache.org/maven2/commons-io/commons-io/2.16.1/commons-io-2.16.1.pom
[INFO] Downloaded from central: https://repo.maven.apache.org/maven2/commons-io/commons-io/2.16.1/commons-io-2.16.1.pom (20 kB at 20 kB/s)
[INFO] Downloading from central: https://repo.maven.apache.org/maven2/org/apache/commons/commons-parent/69/commons-parent-69.pom
[INFO] Downloaded from central: https://repo.maven.apache.org/maven2/org/apache/commons/commons-parent/69/commons-parent-69.pom (77 kB at 98 kB/s)
[INFO] Downloading from central: https://repo.maven.apache.org/maven2/org/apache/apache/31/apache-31.pom
[INFO] Downloaded from central: https://repo.maven.apache.org/maven2/org/apache/apache/31/apache-31.pom (24 kB at 97 kB/s)
[INFO] Downloading from central: https://repo.maven.apache.org/maven2/org/apache/commons/commons-lang3/3.16.0/commons-lang3-3.16.0.pom
[INFO] Downloaded from central: https://repo.maven.apache.org/maven2/org/apache/commons/commons-lang3/3.16.0/commons-lang3-3.16.0.pom (31 kB at 33 kB/s)
[INFO] Downloading from central: https://repo.maven.apache.org/maven2/org/apache/commons/commons-parent/72/commons-parent-72.pom
[INFO] Downloaded from central: https://repo.maven.apache.org/maven2/org/apache/commons/commons-parent/72/commons-parent-72.pom (78 kB at 74 kB/s)
[INFO] Downloading from central: https://repo.maven.apache.org/maven2/org/junit/junit-bom/5.11.0-M2/junit-bom-5.11.0-M2.pom
[INFO] Downloaded from central: https://repo.maven.apache.org/maven2/org/junit/junit-bom/5.11.0-M2/junit-bom-5.11.0-M2.pom (5.7 kB at 5.7 kB/s)
[INFO] Downloading from central: https://repo.maven.apache.org/maven2/org/apache/commons/commons-lang3/3.20.0/commons-lang3-3.20.0.pom
[INFO] Downloaded from central: https://repo.maven.apache.org/maven2/org/apache/commons/commons-lang3/3.20.0/commons-lang3-3.20.0.pom (33 kB at 33 kB/s)
[INFO] Downloading from central: https://repo.maven.apache.org/maven2/org/apache/commons/commons-parent/92/commons-parent-92.pom
[INFO] Downloaded from central: https://repo.maven.apache.org/maven2/org/apache/commons/commons-parent/92/commons-parent-92.pom (80 kB at 20 kB/s)
[INFO] Downloading from central: https://repo.maven.apache.org/maven2/org/junit/junit-bom/5.13.4/junit-bom-5.13.4.pom
[INFO] Downloaded from central: https://repo.maven.apache.org/maven2/org/junit/junit-bom/5.13.4/junit-bom-5.13.4.pom (5.7 kB at 9.7 kB/s)
[INFO] Downloading from central: https://repo.maven.apache.org/maven2/org/apache/maven/shared/maven-filtering/3.4.0/maven-filtering-3.4.0.jar
[INFO] Downloaded from central: https://repo.maven.apache.org/maven2/org/apache/maven/shared/maven-filtering/3.4.0/maven-filtering-3.4.0.jar (56 kB at 8.1 kB/s)
[INFO] Downloading from central: https://repo.maven.apache.org/maven2/org/slf4j/slf4j-api/1.7.36/slf4j-api-1.7.36.jar
[INFO] Downloading from central: https://repo.maven.apache.org/maven2/org/sonatype/plexus/plexus-build-api/0.0.7/plexus-build-api-0.0.7.jar
[INFO] Downloading from central: https://repo.maven.apache.org/maven2/org/codehaus/plexus/plexus-utils/4.0.2/plexus-utils-4.0.2.jar
[INFO] Downloading from central: https://repo.maven.apache.org/maven2/org/codehaus/plexus/plexus-xml/3.0.1/plexus-xml-3.0.1.jar
[INFO] Downloading from central: https://repo.maven.apache.org/maven2/org/codehaus/plexus/plexus-interpolation/1.27/plexus-interpolation-1.27.jar
[INFO] Downloaded from central: https://repo.maven.apache.org/maven2/org/sonatype/plexus/plexus-build-api/0.0.7/plexus-build-api-0.0.7.jar (8.5 kB at 13 kB/s)
[INFO] Downloading from central: https://repo.maven.apache.org/maven2/commons-io/commons-io/2.16.1/commons-io-2.16.1.jar
[INFO] Downloaded from central: https://repo.maven.apache.org/maven2/org/codehaus/plexus/plexus-xml/3.0.1/plexus-xml-3.0.1.jar (94 kB at 116 kB/s)
[INFO] Downloading from central: https://repo.maven.apache.org/maven2/org/apache/commons/commons-lang3/3.20.0/commons-lang3-3.20.0.jar
[INFO] Downloaded from central: https://repo.maven.apache.org/maven2/org/codehaus/plexus/plexus-interpolation/1.27/plexus-interpolation-1.27.jar (86 kB at 101 kB/s)
[INFO] Downloaded from central: https://repo.maven.apache.org/maven2/org/codehaus/plexus/plexus-utils/4.0.2/plexus-utils-4.0.2.jar (193 kB at 172 kB/s)
[INFO] Downloaded from central: https://repo.maven.apache.org/maven2/commons-io/commons-io/2.16.1/commons-io-2.16.1.jar (509 kB at 247 kB/s)
[INFO] Downloaded from central: https://repo.maven.apache.org/maven2/org/apache/commons/commons-lang3/3.20.0/commons-lang3-3.20.0.jar (714 kB at 332 kB/s)
[INFO] Downloaded from central: https://repo.maven.apache.org/maven2/org/slf4j/slf4j-api/1.7.36/slf4j-api-1.7.36.jar (41 kB at 10 kB/s)
[INFO] skip non existing resourceDirectory /w/src/main/resources
[INFO] 
[INFO] --- compiler:3.7.0:compile (default-compile) @ jsoniter ---
[INFO] Downloading from central: https://repo.maven.apache.org/maven2/org/apache/maven/maven-plugin-api/3.0/maven-plugin-api-3.0.pom
[INFO] Downloaded from central: https://repo.maven.apache.org/maven2/org/apache/maven/maven-plugin-api/3.0/maven-plugin-api-3.0.pom (2.3 kB at 3.2 kB/s)
[INFO] Downloading from central: https://repo.maven.apache.org/maven2/org/apache/maven/maven/3.0/maven-3.0.pom
[INFO] Downloaded from central: https://repo.maven.apache.org/maven2/org/apache/maven/maven/3.0/maven-3.0.pom (22 kB at 21 kB/s)
[INFO] Downloading from central: https://repo.maven.apache.org/maven2/org/apache/maven/maven-parent/15/maven-parent-15.pom
[INFO] Downloaded from central: https://repo.maven.apache.org/maven2/org/apache/maven/maven-parent/15/maven-parent-15.pom (24 kB at 12 kB/s)
[INFO] Downloading from central: https://repo.maven.apache.org/maven2/org/apache/apache/6/apache-6.pom
[INFO] Downloaded from central: https://repo.maven.apache.org/maven2/org/apache/apache/6/apache-6.pom (13 kB at 25 kB/s)
[INFO] Downloading from central: https://repo.maven.apache.org/maven2/org/apache/maven/maven-model/3.0/maven-model-3.0.pom
[INFO] Downloaded from central: https://repo.maven.apache.org/maven2/org/apache/maven/maven-model/3.0/maven-model-3.0.pom (3.9 kB at 4.1 kB/s)
[INFO] Downloading from central: https://repo.maven.apache.org/maven2/org/codehaus/plexus/plexus-utils/2.0.4/plexus-utils-2.0.4.pom
[INFO] Downloaded from central: https://repo.maven.apache.org/maven2/org/codehaus/plexus/plexus-utils/2.0.4/plexus-utils-2.0.4.pom (3.3 kB at 6.4 kB/s)
[INFO] Downloading from central: https://repo.maven.apache.org/maven2/org/codehaus/plexus/plexus/2.0.6/plexus-2.0.6.pom
[INFO] Downloaded from central: https://repo.maven.apache.org/maven2/org/codehaus/plexus/plexus/2.0.6/plexus-2.0.6.pom (17 kB at 18 kB/s)
[INFO] Downloading from central: https://repo.maven.apache.org/maven2/org/apache/maven/maven-artifact/3.0/maven-artifact-3.0.pom
[INFO] Downloaded from central: https://repo.maven.apache.org/maven2/org/apache/maven/maven-artifact/3.0/maven-artifact-3.0.pom (1.9 kB at 3.0 kB/s)
[INFO] Downloading from central: https://repo.maven.apache.org/maven2/org/sonatype/sisu/sisu-inject-plexus/1.4.2/sisu-inject-plexus-1.4.2.pom
[INFO] Downloaded from central: https://repo.maven.apache.org/maven2/org/sonatype/sisu/sisu-inject-plexus/1.4.2/sisu-inject-plexus-1.4.2.pom (5.4 kB at 12 kB/s)
[INFO] Downloading from central: https://repo.maven.apache.org/maven2/org/sonatype/sisu/inject/guice-plexus/1.4.2/guice-plexus-1.4.2.pom
[INFO] Downloaded from central: https://repo.maven.apache.org/maven2/org/sonatype/sisu/inject/guice-plexus/1.4.2/guice-plexus-1.4.2.pom (3.1 kB at 13 kB/s)
[INFO] Downloading from central: https://repo.maven.apache.org/maven2/org/sonatype/sisu/inject/guice-bean/1.4.2/guice-bean-1.4.2.pom
[INFO] Downloaded from central: https://repo.maven.apache.org/maven2/org/sonatype/sisu/inject/guice-bean/1.4.2/guice-bean-1.4.2.pom (2.6 kB at 5.4 kB/s)
[INFO] Downloading from central: https://repo.maven.apache.org/maven2/org/sonatype/sisu/sisu-inject/1.4.2/sisu-inject-1.4.2.pom
[INFO] Downloaded from central: https://repo.maven.apache.org/maven2/org/sonatype/sisu/sisu-inject/1.4.2/sisu-inject-1.4.2.pom (1.2 kB at 273 B/s)
[INFO] Downloading from central: https://repo.maven.apache.org/maven2/org/sonatype/sisu/sisu-parent/1.4.2/sisu-parent-1.4.2.pom
[INFO] Downloaded from central: https://repo.maven.apache.org/maven2/org/sonatype/sisu/sisu-parent/1.4.2/sisu-parent-1.4.2.pom (7.8 kB at 14 kB/s)
[INFO] Downloading from central: https://repo.maven.apache.org/maven2/org/sonatype/forge/forge-parent/6/forge-parent-6.pom
[INFO] Downloaded from central: https://repo.maven.apache.org/maven2/org/sonatype/forge/forge-parent/6/forge-parent-6.pom (11 kB at 18 kB/s)
[INFO] Downloading from central: https://repo.maven.apache.org/maven2/org/codehaus/plexus/plexus-component-annotations/1.6/plexus-component-annotations-1.6.pom
[INFO] Downloaded from central: https://repo.maven.apache.org/maven2/org/codehaus/plexus/plexus-component-annotations/1.6/plexus-component-annotations-1.6.pom (748 B at 748 B/s)
[INFO] Downloading from central: https://repo.maven.apache.org/maven2/org/codehaus/plexus/plexus-containers/1.6/plexus-containers-1.6.pom
[INFO] Downloaded from central: https://repo.maven.apache.org/maven2/org/codehaus/plexus/plexus-containers/1.6/plexus-containers-1.6.pom (3.8 kB at 6.7 kB/s)
[INFO] Downloading from central: https://repo.maven.apache.org/maven2/org/codehaus/plexus/plexus/3.3.2/plexus-3.3.2.pom
[INFO] Downloaded from central: https://repo.maven.apache.org/maven2/org/codehaus/plexus/plexus/3.3.2/plexus-3.3.2.pom (22 kB at 15 kB/s)
[INFO] Downloading from central: https://repo.maven.apache.org/maven2/org/codehaus/plexus/plexus-classworlds/2.2.3/plexus-classworlds-2.2.3.pom
[INFO] Downloaded from central: https://repo.maven.apache.org/maven2/org/codehaus/plexus/plexus-classworlds/2.2.3/plexus-classworlds-2.2.3.pom (4.0 kB at 4.0 kB/s)
[INFO] Downloading from central: https://repo.maven.apache.org/maven2/org/codehaus/plexus/plexus-utils/2.0.5/plexus-utils-2.0.5.pom
[INFO] Downloaded from central: https://repo.maven.apache.org/maven2/org/codehaus/plexus/plexus-utils/2.0.5/plexus-utils-2.0.5.pom (3.3 kB at 3.3 kB/s)
[INFO] Downloading from central: https://repo.maven.apache.org/maven2/org/sonatype/sisu/sisu-inject-bean/1.4.2/sisu-inject-bean-1.4.2.pom
[INFO] Downloaded from central: https://repo.maven.apache.org/maven2/org/sonatype/sisu/sisu-inject-bean/1.4.2/sisu-inject-bean-1.4.2.pom (5.5 kB at 15 kB/s)
[INFO] Downloading from central: https://repo.maven.apache.org/maven2/org/sonatype/sisu/sisu-guice/2.1.7/sisu-guice-2.1.7.pom
[INFO] Downloaded from central: https://repo.maven.apache.org/maven2/org/sonatype/sisu/sisu-guice/2.1.7/sisu-guice-2.1.7.pom (11 kB at 18 kB/s)
[INFO] Downloading from central: https://repo.maven.apache.org/maven2/org/apache/maven/maven-core/3.0/maven-core-3.0.pom
[INFO] Downloaded from central: https://repo.maven.apache.org/maven2/org/apache/maven/maven-core/3.0/maven-core-3.0.pom (6.6 kB at 6.6 kB/s)
[INFO] Downloading from central: https://repo.maven.apache.org/maven2/org/apache/maven/maven-settings/3.0/maven-settings-3.0.pom
[INFO] Downloaded from central: https://repo.maven.apache.org/maven2/org/apache/maven/maven-settings/3.0/maven-settings-3.0.pom (1.9 kB at 2.0 kB/s)
[INFO] Downloading from central: https://repo.maven.apache.org/maven2/org/apache/maven/maven-settings-builder/3.0/maven-settings-builder-3.0.pom
[INFO] Downloaded from central: https://repo.maven.apache.org/maven2/org/apache/maven/maven-settings-builder/3.0/maven-settings-builder-3.0.pom (2.2 kB at 2.1 kB/s)
[INFO] Downloading from central: https://repo.maven.apache.org/maven2/org/codehaus/plexus/plexus-interpolation/1.14/plexus-interpolation-1.14.pom
[INFO] Downloaded from central: https://repo.maven.apache.org/maven2/org/codehaus/plexus/plexus-interpolation/1.14/plexus-interpolation-1.14.pom (910 B at 911 B/s)
[INFO] Downloading from central: https://repo.maven.apache.org/maven2/org/codehaus/plexus/plexus-components/1.1.18/plexus-components-1.1.18.pom
[INFO] Downloaded from central: https://repo.maven.apache.org/maven2/org/codehaus/plexus/plexus-components/1.1.18/plexus-components-1.1.18.pom (5.4 kB at 5.3 kB/s)
[INFO] Downloading from central: https://repo.maven.apache.org/maven2/org/codehaus/plexus/plexus/2.0.7/plexus-2.0.7.pom
[INFO] Downloaded from central: https://repo.maven.apache.org/maven2/org/codehaus/plexus/plexus/2.0.7/plexus-2.0.7.pom (17 kB at 17 kB/s)
[INFO] Downloading from central: https://repo.maven.apache.org/maven2/org/sonatype/plexus/plexus-sec-dispatcher/1.3/plexus-sec-dispatcher-1.3.pom
[INFO] Downloaded from central: https://repo.maven.apache.org/maven2/org/sonatype/plexus/plexus-sec-dispatcher/1.3/plexus-sec-dispatcher-1.3.pom (3.0 kB at 3.0 kB/s)
[INFO] Downloading from central: https://repo.maven.apache.org/maven2/org/codehaus/plexus/plexus-utils/1.5.5/plexus-utils-1.5.5.pom
[INFO] Downloaded from central: https://repo.maven.apache.org/maven2/org/codehaus/plexus/plexus-utils/1.5.5/plexus-utils-1.5.5.pom (5.1 kB at 5.1 kB/s)
[INFO] Downloading from central: https://repo.maven.apache.org/maven2/org/codehaus/plexus/plexus/1.0.11/plexus-1.0.11.pom
[INFO] Downloaded from central: https://repo.maven.apache.org/maven2/org/codehaus/plexus/plexus/1.0.11/plexus-1.0.11.pom (9.0 kB at 8.9 kB/s)
[INFO] Downloading from central: https://repo.maven.apache.org/maven2/org/sonatype/plexus/plexus-cipher/1.4/plexus-cipher-1.4.pom
[INFO] Downloaded from central: https://repo.maven.apache.org/maven2/org/sonatype/plexus/plexus-cipher/1.4/plexus-cipher-1.4.pom (2.1 kB at 3.1 kB/s)
[INFO] Downloading from central: https://repo.maven.apache.org/maven2/org/apache/maven/maven-repository-metadata/3.0/maven-repository-metadata-3.0.pom
[INFO] Downloaded from central: https://repo.maven.apache.org/maven2/org/apache/maven/maven-repository-metadata/3.0/maven-repository-metadata-3.0.pom (1.9 kB at 5.9 kB/s)
[INFO] Downloading from central: https://repo.maven.apache.org/maven2/org/apache/maven/maven-model-builder/3.0/maven-model-builder-3.0.pom
[INFO] Downloaded from central: https://repo.maven.apache.org/maven2/org/apache/maven/maven-model-builder/3.0/maven-model-builder-3.0.pom (2.2 kB at 2.2 kB/s)
[INFO] Downloading from central: https://repo.maven.apache.org/maven2/org/apache/maven/maven-aether-provider/3.0/maven-aether-provider-3.0.pom
[INFO] Downloaded from central: https://repo.maven.apache.org/maven2/org/apache/maven/maven-aether-provider/3.0/maven-aether-provider-3.0.pom (2.5 kB at 2.5 kB/s)
[INFO] Downloading from central: https://repo.maven.apache.org/maven2/org/sonatype/aether/aether-api/1.7/aether-api-1.7.pom
[INFO] Downloaded from central: https://repo.maven.apache.org/maven2/org/sonatype/aether/aether-api/1.7/aether-api-1.7.pom (1.7 kB at 1.7 kB/s)
[INFO] Downloading from central: https://repo.maven.apache.org/maven2/org/sonatype/aether/aether-parent/1.7/aether-parent-1.7.pom
[INFO] Downloaded from central: https://repo.maven.apache.org/maven2/org/sonatype/aether/aether-parent/1.7/aether-parent-1.7.pom (7.7 kB at 7.6 kB/s)
[INFO] Downloading from central: https://repo.maven.apache.org/maven2/org/sonatype/aether/aether-util/1.7/aether-util-1.7.pom
[INFO] Downloaded from central: https://repo.maven.apache.org/maven2/org/sonatype/aether/aether-util/1.7/aether-util-1.7.pom (2.1 kB at 2.1 kB/s)
[INFO] Downloading from central: https://repo.maven.apache.org/maven2/org/sonatype/aether/aether-impl/1.7/aether-impl-1.7.pom
[INFO] Downloaded from central: https://repo.maven.apache.org/maven2/org/sonatype/aether/aether-impl/1.7/aether-impl-1.7.pom (3.7 kB at 3.7 kB/s)
[INFO] Downloading from central: https://repo.maven.apache.org/maven2/org/sonatype/aether/aether-spi/1.7/aether-spi-1.7.pom
[INFO] Downloaded from central: https://repo.maven.apache.org/maven2/org/sonatype/aether/aether-spi/1.7/aether-spi-1.7.pom (1.7 kB at 1.7 kB/s)
[INFO] Downloading from central: https://repo.maven.apache.org/maven2/org/apache/maven/shared/maven-shared-utils/3.1.0/maven-shared-utils-3.1.0.pom
[INFO] Downloaded from central: https://repo.maven.apache.org/maven2/org/apache/maven/shared/maven-shared-utils/3.1.0/maven-shared-utils-3.1.0.pom (5.0 kB at 5.0 kB/s)
[INFO] Downloading from central: https://repo.maven.apache.org/maven2/org/apache/maven/shared/maven-shared-components/30/maven-shared-components-30.pom
[INFO] Downloaded from central: https://repo.maven.apache.org/maven2/org/apache/maven/shared/maven-shared-components/30/maven-shared-components-30.pom (4.6 kB at 4.6 kB/s)
[INFO] Downloading from central: https://repo.maven.apache.org/maven2/commons-io/commons-io/2.5/commons-io-2.5.pom
[INFO] Downloaded from central: https://repo.maven.apache.org/maven2/commons-io/commons-io/2.5/commons-io-2.5.pom (13 kB at 13 kB/s)
[INFO] Downloading from central: https://repo.maven.apache.org/maven2/org/apache/commons/commons-parent/39/commons-parent-39.pom
[INFO] Downloaded from central: https://repo.maven.apache.org/maven2/org/apache/commons/commons-parent/39/commons-parent-39.pom (62 kB at 62 kB/s)
[INFO] Downloading from central: https://repo.maven.apache.org/maven2/org/apache/apache/16/apache-16.pom
[INFO] Downloaded from central: https://repo.maven.apache.org/maven2/org/apache/apache/16/apache-16.pom (15 kB at 23 kB/s)
[INFO] Downloading from central: https://repo.maven.apache.org/maven2/org/apache/maven/shared/maven-shared-incremental/1.1/maven-shared-incremental-1.1.pom
[INFO] Downloaded from central: https://repo.maven.apache.org/maven2/org/apache/maven/shared/maven-shared-incremental/1.1/maven-shared-incremental-1.1.pom (4.7 kB at 3.9 kB/s)
[INFO] Downloading from central: https://repo.maven.apache.org/maven2/org/apache/maven/shared/maven-shared-components/19/maven-shared-components-19.pom
[INFO] Downloaded from central: https://repo.maven.apache.org/maven2/org/apache/maven/shared/maven-shared-components/19/maven-shared-components-19.pom (6.4 kB at 6.6 kB/s)
[INFO] Downloading from central: https://repo.maven.apache.org/maven2/org/apache/maven/maven-parent/23/maven-parent-23.pom
[INFO] Downloaded from central: https://repo.maven.apache.org/maven2/org/apache/maven/maven-parent/23/maven-parent-23.pom (33 kB at 37 kB/s)
[INFO] Downloading from central: https://repo.maven.apache.org/maven2/org/apache/maven/maven-plugin-api/2.2.1/maven-plugin-api-2.2.1.pom
[INFO] Downloaded from central: https://repo.maven.apache.org/maven2/org/apache/maven/maven-plugin-api/2.2.1/maven-plugin-api-2.2.1.pom (1.5 kB at 1.6 kB/s)
[INFO] Downloading from central: https://repo.maven.apache.org/maven2/org/apache/maven/maven/2.2.1/maven-2.2.1.pom
[INFO] Downloaded from central: https://repo.maven.apache.org/maven2/org/apache/maven/maven/2.2.1/maven-2.2.1.pom (22 kB at 25 kB/s)
[INFO] Downloading from central: https://repo.maven.apache.org/maven2/org/apache/maven/maven-parent/11/maven-parent-11.pom
[INFO] Downloaded from central: https://repo.maven.apache.org/maven2/org/apache/maven/maven-parent/11/maven-parent-11.pom (32 kB at 36 kB/s)
[INFO] Downloading from central: https://repo.maven.apache.org/maven2/org/apache/apache/5/apache-5.pom
[INFO] Downloaded from central: https://repo.maven.apache.org/maven2/org/apache/apache/5/apache-5.pom (4.1 kB at 4.6 kB/s)
[INFO] Downloading from central: https://repo.maven.apache.org/maven2/org/apache/maven/maven-core/2.2.1/maven-core-2.2.1.pom
[INFO] Downloaded from central: https://repo.maven.apache.org/maven2/org/apache/maven/maven-core/2.2.1/maven-core-2.2.1.pom (12 kB at 13 kB/s)
[INFO] Downloading from central: https://repo.maven.apache.org/maven2/org/apache/maven/maven-settings/2.2.1/maven-settings-2.2.1.pom
[INFO] Downloaded from central: https://repo.maven.apache.org/maven2/org/apache/maven/maven-settings/2.2.1/maven-settings-2.2.1.pom (2.2 kB at 2.4 kB/s)
[INFO] Downloading from central: https://repo.maven.apache.org/maven2/org/apache/maven/maven-model/2.2.1/maven-model-2.2.1.pom
[INFO] Downloaded from central: https://repo.maven.apache.org/maven2/org/apache/maven/maven-model/2.2.1/maven-model-2.2.1.pom (3.2 kB at 3.6 kB/s)
[INFO] Downloading from central: https://repo.maven.apache.org/maven2/org/codehaus/plexus/plexus-utils/1.5.15/plexus-utils-1.5.15.pom
[INFO] Downloaded from central: https://repo.maven.apache.org/maven2/org/codehaus/plexus/plexus-utils/1.5.15/plexus-utils-1.5.15.pom (6.8 kB at 7.2 kB/s)
[INFO] Downloading from central: https://repo.maven.apache.org/maven2/org/codehaus/plexus/plexus/2.0.2/plexus-2.0.2.pom
[INFO] Downloaded from central: https://repo.maven.apache.org/maven2/org/codehaus/plexus/plexus/2.0.2/plexus-2.0.2.pom (12 kB at 11 kB/s)
[INFO] Downloading from central: https://repo.maven.apache.org/maven2/org/codehaus/plexus/plexus-interpolation/1.11/plexus-interpolation-1.11.pom
[INFO] Downloaded from central: https://repo.maven.apache.org/maven2/org/codehaus/plexus/plexus-interpolation/1.11/plexus-interpolation-1.11.pom (889 B at 837 B/s)
[INFO] Downloading from central: https://repo.maven.apache.org/maven2/org/codehaus/plexus/plexus-components/1.1.14/plexus-components-1.1.14.pom
[INFO] Downloaded from central: https://repo.maven.apache.org/maven2/org/codehaus/plexus/plexus-components/1.1.14/plexus-components-1.1.14.pom (5.8 kB at 6.1 kB/s)
[INFO] Downloading from central: https://repo.maven.apache.org/maven2/org/apache/maven/maven-plugin-parameter-documenter/2.2.1/maven-plugin-parameter-documenter-2.2.1.pom
[INFO] Downloaded from central: https://repo.maven.apache.org/maven2/org/apache/maven/maven-plugin-parameter-documenter/2.2.1/maven-plugin-parameter-documenter-2.2.1.pom (2.0 kB at 1.8 kB/s)
[INFO] Downloading from central: https://repo.maven.apache.org/maven2/org/slf4j/slf4j-jdk14/1.5.6/slf4j-jdk14-1.5.6.pom
[INFO] Downloaded from central: https://repo.maven.apache.org/maven2/org/slf4j/slf4j-jdk14/1.5.6/slf4j-jdk14-1.5.6.pom (1.9 kB at 2.0 kB/s)
[INFO] Downloading from central: https://repo.maven.apache.org/maven2/org/slf4j/slf4j-parent/1.5.6/slf4j-parent-1.5.6.pom
[INFO] Downloaded from central: https://repo.maven.apache.org/maven2/org/slf4j/slf4j-parent/1.5.6/slf4j-parent-1.5.6.pom (7.9 kB at 7.4 kB/s)
[INFO] Downloading from central: https://repo.maven.apache.org/maven2/org/slf4j/slf4j-api/1.5.6/slf4j-api-1.5.6.pom
[INFO] Downloaded from central: https://repo.maven.apache.org/maven2/org/slf4j/slf4j-api/1.5.6/slf4j-api-1.5.6.pom (3.0 kB at 3.1 kB/s)
[INFO] Downloading from central: https://repo.maven.apache.org/maven2/org/slf4j/jcl-over-slf4j/1.5.6/jcl-over-slf4j-1.5.6.pom
[INFO] Downloaded from central: https://repo.maven.apache.org/maven2/org/slf4j/jcl-over-slf4j/1.5.6/jcl-over-slf4j-1.5.6.pom (2.2 kB at 4.0 kB/s)
[INFO] Downloading from central: https://repo.maven.apache.org/maven2/org/apache/maven/maven-profile/2.2.1/maven-profile-2.2.1.pom
[INFO] Downloaded from central: https://repo.maven.apache.org/maven2/org/apache/maven/maven-profile/2.2.1/maven-profile-2.2.1.pom (2.2 kB at 3.9 kB/s)
[INFO] Downloading from central: https://repo.maven.apache.org/maven2/org/apache/maven/maven-artifact/2.2.1/maven-artifact-2.2.1.pom
[INFO] Downloaded from central: https://repo.maven.apache.org/maven2/org/apache/maven/maven-artifact/2.2.1/maven-artifact-2.2.1.pom (1.6 kB at 1.5 kB/s)
[INFO] Downloading from central: https://repo.maven.apache.org/maven2/org/apache/maven/maven-repository-metadata/2.2.1/maven-repository-metadata-2.2.1.pom
[INFO] Downloaded from central: https://repo.maven.apache.org/maven2/org/apache/maven/maven-repository-metadata/2.2.1/maven-repository-metadata-2.2.1.pom (1.9 kB at 1.9 kB/s)
[INFO] Downloading from central: https://repo.maven.apache.org/maven2/org/apache/maven/maven-error-diagnostics/2.2.1/maven-error-diagnostics-2.2.1.pom
[INFO] Downloaded from central: https://repo.maven.apache.org/maven2/org/apache/maven/maven-error-diagnostics/2.2.1/maven-error-diagnostics-2.2.1.pom (1.7 kB at 1.4 kB/s)
[INFO] Downloading from central: https://repo.maven.apache.org/maven2/org/apache/maven/maven-project/2.2.1/maven-project-2.2.1.pom
[INFO] Downloaded from central: https://repo.maven.apache.org/maven2/org/apache/maven/maven-project/2.2.1/maven-project-2.2.1.pom (2.8 kB at 2.6 kB/s)
[INFO] Downloading from central: https://repo.maven.apache.org/maven2/org/apache/maven/maven-artifact-manager/2.2.1/maven-artifact-manager-2.2.1.pom
[INFO] Downloaded from central: https://repo.maven.apache.org/maven2/org/apache/maven/maven-artifact-manager/2.2.1/maven-artifact-manager-2.2.1.pom (3.1 kB at 2.9 kB/s)
[INFO] Downloading from central: https://repo.maven.apache.org/maven2/backport-util-concurrent/backport-util-concurrent/3.1/backport-util-concurrent-3.1.pom
[INFO] Downloaded from central: https://repo.maven.apache.org/maven2/backport-util-concurrent/backport-util-concurrent/3.1/backport-util-concurrent-3.1.pom (880 B at 810 B/s)
[INFO] Downloading from central: https://repo.maven.apache.org/maven2/org/apache/maven/maven-plugin-registry/2.2.1/maven-plugin-registry-2.2.1.pom
[INFO] Downloaded from central: https://repo.maven.apache.org/maven2/org/apache/maven/maven-plugin-registry/2.2.1/maven-plugin-registry-2.2.1.pom (1.9 kB at 1.8 kB/s)
[INFO] Downloading from central: https://repo.maven.apache.org/maven2/org/apache/maven/maven-plugin-descriptor/2.2.1/maven-plugin-descriptor-2.2.1.pom
[INFO] Downloaded from central: https://repo.maven.apache.org/maven2/org/apache/maven/maven-plugin-descriptor/2.2.1/maven-plugin-descriptor-2.2.1.pom (2.1 kB at 1.9 kB/s)
[INFO] Downloading from central: https://repo.maven.apache.org/maven2/org/apache/maven/maven-monitor/2.2.1/maven-monitor-2.2.1.pom
[INFO] Downloaded from central: https://repo.maven.apache.org/maven2/org/apache/maven/maven-monitor/2.2.1/maven-monitor-2.2.1.pom (1.3 kB at 1.2 kB/s)
[INFO] Downloading from central: https://repo.maven.apache.org/maven2/org/apache/maven/shared/maven-shared-utils/0.1/maven-shared-utils-0.1.pom
[INFO] Downloaded from central: https://repo.maven.apache.org/maven2/org/apache/maven/shared/maven-shared-utils/0.1/maven-shared-utils-0.1.pom (4.0 kB at 3.8 kB/s)
[INFO] Downloading from central: https://repo.maven.apache.org/maven2/org/apache/maven/shared/maven-shared-components/18/maven-shared-components-18.pom
[INFO] Downloaded from central: https://repo.maven.apache.org/maven2/org/apache/maven/shared/maven-shared-components/18/maven-shared-components-18.pom (4.9 kB at 7.3 kB/s)
[INFO] Downloading from central: https://repo.maven.apache.org/maven2/org/apache/maven/maven-parent/22/maven-parent-22.pom
[INFO] Downloaded from central: https://repo.maven.apache.org/maven2/org/apache/maven/maven-parent/22/maven-parent-22.pom (30 kB at 28 kB/s)
[INFO] Downloading from central: https://repo.maven.apache.org/maven2/org/apache/apache/11/apache-11.pom
[INFO] Downloaded from central: https://repo.maven.apache.org/maven2/org/apache/apache/11/apache-11.pom (15 kB at 12 kB/s)
[INFO] Downloading from central: https://repo.maven.apache.org/maven2/org/codehaus/plexus/plexus-java/0.9.2/plexus-java-0.9.2.pom
[INFO] Downloaded from central: https://repo.maven.apache.org/maven2/org/codehaus/plexus/plexus-java/0.9.2/plexus-java-0.9.2.pom (2.4 kB at 2.5 kB/s)
[INFO] Downloading from central: https://repo.maven.apache.org/maven2/org/codehaus/plexus/plexus-languages/0.9.2/plexus-languages-0.9.2.pom
[INFO] Downloaded from central: https://repo.maven.apache.org/maven2/org/codehaus/plexus/plexus-languages/0.9.2/plexus-languages-0.9.2.pom (2.3 kB at 2.3 kB/s)
[INFO] Downloading from central: https://repo.maven.apache.org/maven2/org/codehaus/plexus/plexus/4.0/plexus-4.0.pom
[INFO] Downloaded from central: https://repo.maven.apache.org/maven2/org/codehaus/plexus/plexus/4.0/plexus-4.0.pom (22 kB at 22 kB/s)
[INFO] Downloading from central: https://repo.maven.apache.org/maven2/org/ow2/asm/asm/6.0_BETA/asm-6.0_BETA.pom
[INFO] Downloaded from central: https://repo.maven.apache.org/maven2/org/ow2/asm/asm/6.0_BETA/asm-6.0_BETA.pom (1.9 kB at 2.0 kB/s)
[INFO] Downloading from central: https://repo.maven.apache.org/maven2/org/ow2/asm/asm-parent/6.0_BETA/asm-parent-6.0_BETA.pom
[INFO] Downloaded from central: https://repo.maven.apache.org/maven2/org/ow2/asm/asm-parent/6.0_BETA/asm-parent-6.0_BETA.pom (5.5 kB at 5.5 kB/s)
[INFO] Downloading from central: https://repo.maven.apache.org/maven2/org/ow2/ow2/1.3/ow2-1.3.pom
[INFO] Downloaded from central: https://repo.maven.apache.org/maven2/org/ow2/ow2/1.3/ow2-1.3.pom (9.5 kB at 9.7 kB/s)
[INFO] Downloading from central: https://repo.maven.apache.org/maven2/com/thoughtworks/qdox/qdox/2.0-M7/qdox-2.0-M7.pom
[INFO] Downloaded from central: https://repo.maven.apache.org/maven2/com/thoughtworks/qdox/qdox/2.0-M7/qdox-2.0-M7.pom (16 kB at 16 kB/s)
[INFO] Downloading from central: https://repo.maven.apache.org/maven2/org/sonatype/oss/oss-parent/9/oss-parent-9.pom
[INFO] Downloaded from central: https://repo.maven.apache.org/maven2/org/sonatype/oss/oss-parent/9/oss-parent-9.pom (6.6 kB at 6.6 kB/s)
[INFO] Downloading from central: https://repo.maven.apache.org/maven2/org/codehaus/plexus/plexus-compiler-api/2.8.2/plexus-compiler-api-2.8.2.pom
[INFO] Downloaded from central: https://repo.maven.apache.org/maven2/org/codehaus/plexus/plexus-compiler-api/2.8.2/plexus-compiler-api-2.8.2.pom (867 B at 871 B/s)
[INFO] Downloading from central: https://repo.maven.apache.org/maven2/org/codehaus/plexus/plexus-compiler/2.8.2/plexus-compiler-2.8.2.pom
[INFO] Downloaded from central: https://repo.maven.apache.org/maven2/org/codehaus/plexus/plexus-compiler/2.8.2/plexus-compiler-2.8.2.pom (4.9 kB at 4.9 kB/s)
[INFO] Downloading from central: https://repo.maven.apache.org/maven2/org/codehaus/plexus/plexus-components/4.0/plexus-components-4.0.pom
[INFO] Downloaded from central: https://repo.maven.apache.org/maven2/org/codehaus/plexus/plexus-components/4.0/plexus-components-4.0.pom (2.7 kB at 2.6 kB/s)
[INFO] Downloading from central: https://repo.maven.apache.org/maven2/org/codehaus/plexus/plexus-utils/3.0.22/plexus-utils-3.0.22.pom
[INFO] Downloaded from central: https://repo.maven.apache.org/maven2/org/codehaus/plexus/plexus-utils/3.0.22/plexus-utils-3.0.22.pom (3.8 kB at 3.8 kB/s)
[INFO] Downloading from central: https://repo.maven.apache.org/maven2/org/codehaus/plexus/plexus/3.3.1/plexus-3.3.1.pom
[INFO] Downloaded from central: https://repo.maven.apache.org/maven2/org/codehaus/plexus/plexus/3.3.1/plexus-3.3.1.pom (20 kB at 21 kB/s)
[INFO] Downloading from central: https://repo.maven.apache.org/maven2/org/codehaus/plexus/plexus-compiler-manager/2.8.2/plexus-compiler-manager-2.8.2.pom
[INFO] Downloaded from central: https://repo.maven.apache.org/maven2/org/codehaus/plexus/plexus-compiler-manager/2.8.2/plexus-compiler-manager-2.8.2.pom (692 B at 662 B/s)
[INFO] Downloading from central: https://repo.maven.apache.org/maven2/org/codehaus/plexus/plexus-compiler-javac/2.8.2/plexus-compiler-javac-2.8.2.pom
[INFO] Downloaded from central: https://repo.maven.apache.org/maven2/org/codehaus/plexus/plexus-compiler-javac/2.8.2/plexus-compiler-javac-2.8.2.pom (771 B at 1.2 kB/s)
[INFO] Downloading from central: https://repo.maven.apache.org/maven2/org/codehaus/plexus/plexus-compilers/2.8.2/plexus-compilers-2.8.2.pom
[INFO] Downloaded from central: https://repo.maven.apache.org/maven2/org/codehaus/plexus/plexus-compilers/2.8.2/plexus-compilers-2.8.2.pom (1.3 kB at 3.8 kB/s)
[INFO] Downloading from central: https://repo.maven.apache.org/maven2/org/apache/maven/maven-plugin-api/3.0/maven-plugin-api-3.0.jar
[INFO] Downloaded from central: https://repo.maven.apache.org/maven2/org/apache/maven/maven-plugin-api/3.0/maven-plugin-api-3.0.jar (49 kB at 12 kB/s)
[INFO] Downloading from central: https://repo.maven.apache.org/maven2/org/apache/maven/maven-model/3.0/maven-model-3.0.jar
[INFO] Downloading from central: https://repo.maven.apache.org/maven2/org/sonatype/sisu/sisu-inject-plexus/1.4.2/sisu-inject-plexus-1.4.2.jar
[INFO] Downloading from central: https://repo.maven.apache.org/maven2/org/sonatype/sisu/sisu-inject-bean/1.4.2/sisu-inject-bean-1.4.2.jar
[INFO] Downloading from central: https://repo.maven.apache.org/maven2/org/sonatype/sisu/sisu-guice/2.1.7/sisu-guice-2.1.7-noaop.jar
[INFO] Downloading from central: https://repo.maven.apache.org/maven2/org/apache/maven/maven-artifact/3.0/maven-artifact-3.0.jar
[INFO] Downloaded from central: https://repo.maven.apache.org/maven2/org/sonatype/sisu/sisu-inject-bean/1.4.2/sisu-inject-bean-1.4.2.jar (153 kB at 205 kB/s)
[INFO] Downloading from central: https://repo.maven.apache.org/maven2/org/codehaus/plexus/plexus-utils/2.0.4/plexus-utils-2.0.4.jar
[INFO] Downloaded from central: https://repo.maven.apache.org/maven2/org/sonatype/sisu/sisu-inject-plexus/1.4.2/sisu-inject-plexus-1.4.2.jar (202 kB at 266 kB/s)
[INFO] Downloading from central: https://repo.maven.apache.org/maven2/org/apache/maven/maven-core/3.0/maven-core-3.0.jar
[INFO] Downloaded from central: https://repo.maven.apache.org/maven2/org/apache/maven/maven-artifact/3.0/maven-artifact-3.0.jar (52 kB at 50 kB/s)
[INFO] Downloading from central: https://repo.maven.apache.org/maven2/org/apache/maven/maven-settings/3.0/maven-settings-3.0.jar
[INFO] Downloaded from central: https://repo.maven.apache.org/maven2/org/sonatype/sisu/sisu-guice/2.1.7/sisu-guice-2.1.7-noaop.jar (472 kB at 279 kB/s)
[INFO] Downloading from central: https://repo.maven.apache.org/maven2/org/apache/maven/maven-settings-builder/3.0/maven-settings-builder-3.0.jar
[INFO] Downloaded from central: https://repo.maven.apache.org/maven2/org/apache/maven/maven-settings/3.0/maven-settings-3.0.jar (47 kB at 27 kB/s)
[INFO] Downloading from central: https://repo.maven.apache.org/maven2/org/apache/maven/maven-repository-metadata/3.0/maven-repository-metadata-3.0.jar
[INFO] Downloaded from central: https://repo.maven.apache.org/maven2/org/codehaus/plexus/plexus-utils/2.0.4/plexus-utils-2.0.4.jar (222 kB at 107 kB/s)
[INFO] Downloading from central: https://repo.maven.apache.org/maven2/org/apache/maven/maven-model-builder/3.0/maven-model-builder-3.0.jar
[INFO] Downloaded from central: https://repo.maven.apache.org/maven2/org/apache/maven/maven-core/3.0/maven-core-3.0.jar (527 kB at 231 kB/s)
[INFO] Downloading from central: https://repo.maven.apache.org/maven2/org/apache/maven/maven-aether-provider/3.0/maven-aether-provider-3.0.jar
[INFO] Downloaded from central: https://repo.maven.apache.org/maven2/org/apache/maven/maven-settings-builder/3.0/maven-settings-builder-3.0.jar (38 kB at 17 kB/s)
[INFO] Downloading from central: https://repo.maven.apache.org/maven2/org/sonatype/aether/aether-impl/1.7/aether-impl-1.7.jar
[INFO] Downloaded from central: https://repo.maven.apache.org/maven2/org/apache/maven/maven-repository-metadata/3.0/maven-repository-metadata-3.0.jar (30 kB at 12 kB/s)
[INFO] Downloading from central: https://repo.maven.apache.org/maven2/org/sonatype/aether/aether-spi/1.7/aether-spi-1.7.jar
[INFO] Downloaded from central: https://repo.maven.apache.org/maven2/org/apache/maven/maven-aether-provider/3.0/maven-aether-provider-3.0.jar (51 kB at 20 kB/s)
[INFO] Downloading from central: https://repo.maven.apache.org/maven2/org/sonatype/aether/aether-api/1.7/aether-api-1.7.jar
[INFO] Downloaded from central: https://repo.maven.apache.org/maven2/org/apache/maven/maven-model-builder/3.0/maven-model-builder-3.0.jar (148 kB at 56 kB/s)
[INFO] Downloading from central: https://repo.maven.apache.org/maven2/org/sonatype/aether/aether-util/1.7/aether-util-1.7.jar
[INFO] Downloaded from central: https://repo.maven.apache.org/maven2/org/sonatype/aether/aether-impl/1.7/aether-impl-1.7.jar (106 kB at 40 kB/s)
[INFO] Downloading from central: https://repo.maven.apache.org/maven2/org/codehaus/plexus/plexus-interpolation/1.14/plexus-interpolation-1.14.jar
[INFO] Downloaded from central: https://repo.maven.apache.org/maven2/org/sonatype/aether/aether-spi/1.7/aether-spi-1.7.jar (14 kB at 4.7 kB/s)
[INFO] Downloading from central: https://repo.maven.apache.org/maven2/org/codehaus/plexus/plexus-classworlds/2.2.3/plexus-classworlds-2.2.3.jar
[INFO] Downloaded from central: https://repo.maven.apache.org/maven2/org/codehaus/plexus/plexus-classworlds/2.2.3/plexus-classworlds-2.2.3.jar (46 kB at 14 kB/s)
[INFO] Downloading from central: https://repo.maven.apache.org/maven2/org/codehaus/plexus/plexus-component-annotations/1.6/plexus-component-annotations-1.6.jar
[INFO] Downloaded from central: https://repo.maven.apache.org/maven2/org/sonatype/aether/aether-api/1.7/aether-api-1.7.jar (74 kB at 21 kB/s)
[INFO] Downloading from central: https://repo.maven.apache.org/maven2/org/sonatype/plexus/plexus-sec-dispatcher/1.3/plexus-sec-dispatcher-1.3.jar
[INFO] Downloaded from central: https://repo.maven.apache.org/maven2/org/sonatype/aether/aether-util/1.7/aether-util-1.7.jar (108 kB at 31 kB/s)
[INFO] Downloading from central: https://repo.maven.apache.org/maven2/org/sonatype/plexus/plexus-cipher/1.4/plexus-cipher-1.4.jar
[INFO] Downloaded from central: https://repo.maven.apache.org/maven2/org/codehaus/plexus/plexus-component-annotations/1.6/plexus-component-annotations-1.6.jar (4.3 kB at 1.2 kB/s)
[INFO] Downloading from central: https://repo.maven.apache.org/maven2/org/apache/maven/shared/maven-shared-utils/3.1.0/maven-shared-utils-3.1.0.jar
[INFO] Downloaded from central: https://repo.maven.apache.org/maven2/org/codehaus/plexus/plexus-interpolation/1.14/plexus-interpolation-1.14.jar (61 kB at 17 kB/s)
[INFO] Downloading from central: https://repo.maven.apache.org/maven2/commons-io/commons-io/2.5/commons-io-2.5.jar
[INFO] Downloaded from central: https://repo.maven.apache.org/maven2/org/sonatype/plexus/plexus-cipher/1.4/plexus-cipher-1.4.jar (13 kB at 3.6 kB/s)
[INFO] Downloading from central: https://repo.maven.apache.org/maven2/org/apache/maven/shared/maven-shared-incremental/1.1/maven-shared-incremental-1.1.jar
[INFO] Downloaded from central: https://repo.maven.apache.org/maven2/org/sonatype/plexus/plexus-sec-dispatcher/1.3/plexus-sec-dispatcher-1.3.jar (29 kB at 7.5 kB/s)
[INFO] Downloading from central: https://repo.maven.apache.org/maven2/org/codehaus/plexus/plexus-java/0.9.2/plexus-java-0.9.2.jar
[INFO] Downloaded from central: https://repo.maven.apache.org/maven2/org/apache/maven/shared/maven-shared-utils/3.1.0/maven-shared-utils-3.1.0.jar (164 kB at 36 kB/s)
[INFO] Downloading from central: https://repo.maven.apache.org/maven2/org/ow2/asm/asm/6.0_BETA/asm-6.0_BETA.jar
[INFO] Downloaded from central: https://repo.maven.apache.org/maven2/org/codehaus/plexus/plexus-java/0.9.2/plexus-java-0.9.2.jar (31 kB at 6.7 kB/s)
[INFO] Downloading from central: https://repo.maven.apache.org/maven2/com/thoughtworks/qdox/qdox/2.0-M7/qdox-2.0-M7.jar
[INFO] Downloaded from central: https://repo.maven.apache.org/maven2/org/ow2/asm/asm/6.0_BETA/asm-6.0_BETA.jar (56 kB at 12 kB/s)
[INFO] Downloading from central: https://repo.maven.apache.org/maven2/org/codehaus/plexus/plexus-compiler-api/2.8.2/plexus-compiler-api-2.8.2.jar
[INFO] Downloaded from central: https://repo.maven.apache.org/maven2/org/apache/maven/shared/maven-shared-incremental/1.1/maven-shared-incremental-1.1.jar (14 kB at 2.8 kB/s)
[INFO] Downloading from central: https://repo.maven.apache.org/maven2/org/codehaus/plexus/plexus-compiler-manager/2.8.2/plexus-compiler-manager-2.8.2.jar
[INFO] Downloaded from central: https://repo.maven.apache.org/maven2/org/codehaus/plexus/plexus-compiler-manager/2.8.2/plexus-compiler-manager-2.8.2.jar (4.7 kB at 933 B/s)
[INFO] Downloading from central: https://repo.maven.apache.org/maven2/org/codehaus/plexus/plexus-compiler-javac/2.8.2/plexus-compiler-javac-2.8.2.jar
[INFO] Downloaded from central: https://repo.maven.apache.org/maven2/org/codehaus/plexus/plexus-compiler-api/2.8.2/plexus-compiler-api-2.8.2.jar (26 kB at 5.1 kB/s)
[INFO] Downloaded from central: https://repo.maven.apache.org/maven2/commons-io/commons-io/2.5/commons-io-2.5.jar (209 kB at 40 kB/s)
[INFO] Downloaded from central: https://repo.maven.apache.org/maven2/org/codehaus/plexus/plexus-compiler-javac/2.8.2/plexus-compiler-javac-2.8.2.jar (20 kB at 3.8 kB/s)
[INFO] Downloaded from central: https://repo.maven.apache.org/maven2/com/thoughtworks/qdox/qdox/2.0-M7/qdox-2.0-M7.jar (315 kB at 56 kB/s)
[INFO] Downloaded from central: https://repo.maven.apache.org/maven2/org/apache/maven/maven-model/3.0/maven-model-3.0.jar (165 kB at 18 kB/s)
[INFO] Changes detected - recompiling the module!
[INFO] Compiling 117 source files to /w/target/classes
[INFO] /w/src/main/java/com/jsoniter/output/JsonStream.java: /w/src/main/java/com/jsoniter/output/JsonStream.java uses or overrides a deprecated API.
[INFO] /w/src/main/java/com/jsoniter/output/JsonStream.java: Recompile with -Xlint:deprecation for details.
[INFO] /w/src/main/java/com/jsoniter/spi/Binding.java: Some input files use unchecked or unsafe operations.
[INFO] /w/src/main/java/com/jsoniter/spi/Binding.java: Recompile with -Xlint:unchecked for details.
[INFO] 
[INFO] --- resources:3.4.0:testResources (default-testResources) @ jsoniter ---
[INFO] skip non existing resourceDirectory /w/test/main/resources
[INFO] 
[INFO] --- compiler:3.7.0:testCompile (default-testCompile) @ jsoniter ---
[INFO] Changes detected - recompiling the module!
[INFO] Compiling 70 source files to /w/target/test-classes
[WARNING] /w/src/test/java/com/jsoniter/IterImplForStreamingTest.java:[10,46] sun.reflect.generics.reflectiveObjects.NotImplementedException is internal proprietary API and may be removed in a future release
[WARNING] /w/src/test/java/com/jsoniter/IterImplForStreamingTest.java:[10,46] sun.reflect.generics.reflectiveObjects.NotImplementedException is internal proprietary API and may be removed in a future release
[WARNING] /w/src/test/java/com/jsoniter/IterImplForStreamingTest.java:[10,46] sun.reflect.generics.reflectiveObjects.NotImplementedException is internal proprietary API and may be removed in a future release
[WARNING] /w/src/test/java/com/jsoniter/IterImplForStreamingTest.java:[10,46] sun.reflect.generics.reflectiveObjects.NotImplementedException is internal proprietary API and may be removed in a future release
[WARNING] /w/src/test/java/com/jsoniter/IterImplForStreamingTest.java:[80,43] sun.reflect.generics.reflectiveObjects.NotImplementedException is internal proprietary API and may be removed in a future release
[INFO] /w/src/test/java/com/jsoniter/any/TestList.java: Some input files use unchecked or unsafe operations.
[INFO] /w/src/test/java/com/jsoniter/any/TestList.java: Recompile with -Xlint:unchecked for details.
[INFO] ------------------------------------------------------------------------
[INFO] BUILD SUCCESS
[INFO] ------------------------------------------------------------------------
[INFO] Total time:  05:17 min
[INFO] Finished at: 2026-08-28T10:27:34Z
[INFO] ------------------------------------------------------------------------
