[INFO] Scanning for projects...
[INFO] Downloading from central: https://repo.maven.apache.org/maven2/org/apache/maven/wagon/wagon-webdav/1.0-beta-2/wagon-webdav-1.0-beta-2.pom
[INFO] Downloaded from central: https://repo.maven.apache.org/maven2/org/apache/maven/wagon/wagon-webdav/1.0-beta-2/wagon-webdav-1.0-beta-2.pom (1.5 kB at 535 B/s)
[INFO] Downloading from central: https://repo.maven.apache.org/maven2/org/apache/maven/wagon/wagon-providers/1.0-beta-2/wagon-providers-1.0-beta-2.pom
[INFO] Downloaded from central: https://repo.maven.apache.org/maven2/org/apache/maven/wagon/wagon-providers/1.0-beta-2/wagon-providers-1.0-beta-2.pom (1.8 kB at 2.4 kB/s)
[INFO] Downloading from central: https://repo.maven.apache.org/maven2/org/apache/maven/wagon/wagon/1.0-beta-2/wagon-1.0-beta-2.pom
[INFO] Downloaded from central: https://repo.maven.apache.org/maven2/org/apache/maven/wagon/wagon/1.0-beta-2/wagon-1.0-beta-2.pom (5.9 kB at 6.3 kB/s)
[INFO] Downloading from central: https://repo.maven.apache.org/maven2/org/apache/maven/maven-parent/4/maven-parent-4.pom
[INFO] Downloaded from central: https://repo.maven.apache.org/maven2/org/apache/maven/maven-parent/4/maven-parent-4.pom (10.0 kB at 10 kB/s)
[INFO] Downloading from central: https://repo.maven.apache.org/maven2/org/apache/apache/3/apache-3.pom
[INFO] Downloaded from central: https://repo.maven.apache.org/maven2/org/apache/apache/3/apache-3.pom (3.4 kB at 8.2 kB/s)
[INFO] Downloading from central: https://repo.maven.apache.org/maven2/slide/slide-webdavlib/2.1/slide-webdavlib-2.1.pom
[INFO] Downloaded from central: https://repo.maven.apache.org/maven2/slide/slide-webdavlib/2.1/slide-webdavlib-2.1.pom (648 B at 1.2 kB/s)
[INFO] Downloading from central: https://repo.maven.apache.org/maven2/commons-httpclient/commons-httpclient/2.0.2/commons-httpclient-2.0.2.pom
[INFO] Downloaded from central: https://repo.maven.apache.org/maven2/commons-httpclient/commons-httpclient/2.0.2/commons-httpclient-2.0.2.pom (7.1 kB at 21 kB/s)
[INFO] Downloading from central: https://repo.maven.apache.org/maven2/commons-logging/commons-logging/1.0.3/commons-logging-1.0.3.pom
[INFO] Downloaded from central: https://repo.maven.apache.org/maven2/commons-logging/commons-logging/1.0.3/commons-logging-1.0.3.pom (866 B at 1.5 kB/s)
[INFO] Downloading from central: https://repo.maven.apache.org/maven2/jdom/jdom/1.0/jdom-1.0.pom
[INFO] Downloaded from central: https://repo.maven.apache.org/maven2/jdom/jdom/1.0/jdom-1.0.pom (1.2 kB at 1.8 kB/s)
[INFO] Downloading from central: https://repo.maven.apache.org/maven2/de/zeigermann/xml/xml-im-exporter/1.1/xml-im-exporter-1.1.pom
[INFO] Downloaded from central: https://repo.maven.apache.org/maven2/de/zeigermann/xml/xml-im-exporter/1.1/xml-im-exporter-1.1.pom (248 B at 570 B/s)
[INFO] Downloading from central: https://repo.maven.apache.org/maven2/commons-logging/commons-logging/1.0.4/commons-logging-1.0.4.pom
[INFO] Downloaded from central: https://repo.maven.apache.org/maven2/commons-logging/commons-logging/1.0.4/commons-logging-1.0.4.pom (5.3 kB at 7.8 kB/s)
[INFO] Downloading from central: https://repo.maven.apache.org/maven2/org/apache/maven/wagon/wagon-provider-api/1.0-beta-2/wagon-provider-api-1.0-beta-2.pom
[INFO] Downloaded from central: https://repo.maven.apache.org/maven2/org/apache/maven/wagon/wagon-provider-api/1.0-beta-2/wagon-provider-api-1.0-beta-2.pom (680 B at 2.2 kB/s)
[INFO] Downloading from central: https://repo.maven.apache.org/maven2/org/codehaus/plexus/plexus-utils/1.0.4/plexus-utils-1.0.4.pom
[INFO] Downloaded from central: https://repo.maven.apache.org/maven2/org/codehaus/plexus/plexus-utils/1.0.4/plexus-utils-1.0.4.pom (6.9 kB at 3.4 kB/s)
[INFO] Downloading from central: https://repo.maven.apache.org/maven2/org/apache/maven/wagon/wagon-webdav/1.0-beta-2/wagon-webdav-1.0-beta-2.jar
[INFO] Downloaded from central: https://repo.maven.apache.org/maven2/org/apache/maven/wagon/wagon-webdav/1.0-beta-2/wagon-webdav-1.0-beta-2.jar (17 kB at 19 kB/s)
[INFO] Downloading from central: https://repo.maven.apache.org/maven2/slide/slide-webdavlib/2.1/slide-webdavlib-2.1.jar
[INFO] Downloading from central: https://repo.maven.apache.org/maven2/commons-httpclient/commons-httpclient/2.0.2/commons-httpclient-2.0.2.jar
[INFO] Downloading from central: https://repo.maven.apache.org/maven2/jdom/jdom/1.0/jdom-1.0.jar
[INFO] Downloading from central: https://repo.maven.apache.org/maven2/de/zeigermann/xml/xml-im-exporter/1.1/xml-im-exporter-1.1.jar
[INFO] Downloading from central: https://repo.maven.apache.org/maven2/commons-logging/commons-logging/1.0.4/commons-logging-1.0.4.jar
[INFO] Downloaded from central: https://repo.maven.apache.org/maven2/slide/slide-webdavlib/2.1/slide-webdavlib-2.1.jar (173 kB at 256 kB/s)
[INFO] Downloading from central: https://repo.maven.apache.org/maven2/org/apache/maven/wagon/wagon-provider-api/1.0-beta-2/wagon-provider-api-1.0-beta-2.jar
[INFO] Downloaded from central: https://repo.maven.apache.org/maven2/de/zeigermann/xml/xml-im-exporter/1.1/xml-im-exporter-1.1.jar (24 kB at 31 kB/s)
[INFO] Downloading from central: https://repo.maven.apache.org/maven2/org/codehaus/plexus/plexus-utils/1.0.4/plexus-utils-1.0.4.jar
[INFO] Downloaded from central: https://repo.maven.apache.org/maven2/commons-logging/commons-logging/1.0.4/commons-logging-1.0.4.jar (38 kB at 40 kB/s)
[INFO] Downloaded from central: https://repo.maven.apache.org/maven2/org/apache/maven/wagon/wagon-provider-api/1.0-beta-2/wagon-provider-api-1.0-beta-2.jar (46 kB at 48 kB/s)
[INFO] Downloaded from central: https://repo.maven.apache.org/maven2/commons-httpclient/commons-httpclient/2.0.2/commons-httpclient-2.0.2.jar (225 kB at 140 kB/s)
[INFO] Downloaded from central: https://repo.maven.apache.org/maven2/jdom/jdom/1.0/jdom-1.0.jar (153 kB at 95 kB/s)
[INFO] Downloaded from central: https://repo.maven.apache.org/maven2/org/codehaus/plexus/plexus-utils/1.0.4/plexus-utils-1.0.4.jar (164 kB at 91 kB/s)
[WARNING] 
[WARNING] Some problems were encountered while building the effective model for com.alibaba:fastjson:jar:1.2.51_preview_09
[WARNING] 'build.plugins.plugin.version' for org.apache.maven.plugins:maven-gpg-plugin is missing. @ line 160, column 12
[WARNING] 'build.plugins.plugin.version' for org.apache.maven.plugins:maven-surefire-plugin is missing. @ line 128, column 12
[WARNING] 'build.plugins.plugin.version' for org.apache.maven.plugins:maven-source-plugin is missing. @ line 112, column 12
[WARNING] 'build.plugins.plugin.version' for org.apache.maven.plugins:maven-javadoc-plugin is missing. @ line 138, column 12
[WARNING] 
[WARNING] It is highly recommended to fix these problems because they threaten the stability of your build.
[WARNING] 
[WARNING] For this reason, future Maven versions might no longer support building such malformed projects.
[WARNING] 
[INFO] 
[INFO] ------------------------< com.alibaba:fastjson >------------------------
[INFO] Building fastjson 1.2.51_preview_09
[INFO]   from pom.xml
[INFO] --------------------------------[ jar ]---------------------------------
[INFO] Downloading from central: https://repo.maven.apache.org/maven2/org/apache/maven/plugins/maven-source-plugin/maven-metadata.xml
[INFO] Downloaded from central: https://repo.maven.apache.org/maven2/org/apache/maven/plugins/maven-source-plugin/maven-metadata.xml (1.1 kB at 959 B/s)
[INFO] Downloading from central: https://repo.maven.apache.org/maven2/org/apache/maven/plugins/maven-source-plugin/4.0.0-beta-1/maven-source-plugin-4.0.0-beta-1.pom
[INFO] Downloaded from central: https://repo.maven.apache.org/maven2/org/apache/maven/plugins/maven-source-plugin/4.0.0-beta-1/maven-source-plugin-4.0.0-beta-1.pom (34 kB at 97 kB/s)
[INFO] Downloading from central: https://repo.maven.apache.org/maven2/org/apache/maven/plugins/maven-source-plugin/4.0.0-beta-1/maven-source-plugin-4.0.0-beta-1.jar
[INFO] Downloaded from central: https://repo.maven.apache.org/maven2/org/apache/maven/plugins/maven-source-plugin/4.0.0-beta-1/maven-source-plugin-4.0.0-beta-1.jar (38 kB at 64 kB/s)
[WARNING] Ignoring incompatible plugin version 4.0.0-beta-1: 
The plugin org.apache.maven.plugins:maven-source-plugin:4.0.0-beta-1 has unmet prerequisites: 
	Required Java version 17 is not met by current version: 1.8.0_502
	Required Maven version 4.0.0-beta-3 is not met by current version 3.9.16
[INFO] Latest version of plugin org.apache.maven.plugins:maven-source-plugin failed compatibility check
[INFO] Looking for compatible RELEASE version of plugin org.apache.maven.plugins:maven-source-plugin
[INFO] Downloading from central: https://repo.maven.apache.org/maven2/org/apache/maven/plugins/maven-source-plugin/3.4.0/maven-source-plugin-3.4.0.pom
[INFO] Downloaded from central: https://repo.maven.apache.org/maven2/org/apache/maven/plugins/maven-source-plugin/3.4.0/maven-source-plugin-3.4.0.pom (6.8 kB at 7.2 kB/s)
[INFO] Downloading from central: https://repo.maven.apache.org/maven2/org/apache/maven/plugins/maven-source-plugin/3.4.0/maven-source-plugin-3.4.0.jar
[INFO] Downloaded from central: https://repo.maven.apache.org/maven2/org/apache/maven/plugins/maven-source-plugin/3.4.0/maven-source-plugin-3.4.0.jar (33 kB at 35 kB/s)
[INFO] Selected plugin org.apache.maven.plugins:maven-source-plugin:3.4.0
[INFO] Downloading from central: https://repo.maven.apache.org/maven2/org/apache/maven/plugins/maven-javadoc-plugin/maven-metadata.xml
[INFO] Downloaded from central: https://repo.maven.apache.org/maven2/org/apache/maven/plugins/maven-javadoc-plugin/maven-metadata.xml (1.7 kB at 1.7 kB/s)
[INFO] Downloading from central: https://repo.maven.apache.org/maven2/org/apache/maven/plugins/maven-javadoc-plugin/3.12.0/maven-javadoc-plugin-3.12.0.pom
[INFO] Downloaded from central: https://repo.maven.apache.org/maven2/org/apache/maven/plugins/maven-javadoc-plugin/3.12.0/maven-javadoc-plugin-3.12.0.pom (21 kB at 22 kB/s)
[INFO] Downloading from central: https://repo.maven.apache.org/maven2/org/apache/maven/plugins/maven-javadoc-plugin/3.12.0/maven-javadoc-plugin-3.12.0.jar
[INFO] Downloaded from central: https://repo.maven.apache.org/maven2/org/apache/maven/plugins/maven-javadoc-plugin/3.12.0/maven-javadoc-plugin-3.12.0.jar (493 kB at 502 kB/s)
[INFO] Downloading from central: https://repo.maven.apache.org/maven2/org/apache/maven/plugins/maven-gpg-plugin/maven-metadata.xml
[INFO] Downloaded from central: https://repo.maven.apache.org/maven2/org/apache/maven/plugins/maven-gpg-plugin/maven-metadata.xml (971 B at 1.2 kB/s)
[INFO] Downloading from central: https://repo.maven.apache.org/maven2/org/apache/maven/plugins/maven-gpg-plugin/3.2.8/maven-gpg-plugin-3.2.8.pom
[INFO] Downloaded from central: https://repo.maven.apache.org/maven2/org/apache/maven/plugins/maven-gpg-plugin/3.2.8/maven-gpg-plugin-3.2.8.pom (12 kB at 20 kB/s)
[INFO] Downloading from central: https://repo.maven.apache.org/maven2/org/apache/maven/plugins/maven-gpg-plugin/3.2.8/maven-gpg-plugin-3.2.8.jar
[INFO] Downloaded from central: https://repo.maven.apache.org/maven2/org/apache/maven/plugins/maven-gpg-plugin/3.2.8/maven-gpg-plugin-3.2.8.jar (75 kB at 245 kB/s)
[INFO] Downloading from central: https://repo.maven.apache.org/maven2/org/apache/maven/plugins/maven-compiler-plugin/3.5.1/maven-compiler-plugin-3.5.1.pom
[INFO] Downloaded from central: https://repo.maven.apache.org/maven2/org/apache/maven/plugins/maven-compiler-plugin/3.5.1/maven-compiler-plugin-3.5.1.pom (10 kB at 23 kB/s)
[INFO] Downloading from central: https://repo.maven.apache.org/maven2/org/apache/maven/plugins/maven-plugins/28/maven-plugins-28.pom
[INFO] Downloaded from central: https://repo.maven.apache.org/maven2/org/apache/maven/plugins/maven-plugins/28/maven-plugins-28.pom (12 kB at 27 kB/s)
[INFO] Downloading from central: https://repo.maven.apache.org/maven2/org/apache/maven/maven-parent/27/maven-parent-27.pom
[INFO] Downloaded from central: https://repo.maven.apache.org/maven2/org/apache/maven/maven-parent/27/maven-parent-27.pom (41 kB at 55 kB/s)
[INFO] Downloading from central: https://repo.maven.apache.org/maven2/org/apache/apache/17/apache-17.pom
[INFO] Downloaded from central: https://repo.maven.apache.org/maven2/org/apache/apache/17/apache-17.pom (16 kB at 68 kB/s)
[INFO] Downloading from central: https://repo.maven.apache.org/maven2/org/apache/maven/plugins/maven-compiler-plugin/3.5.1/maven-compiler-plugin-3.5.1.jar
[INFO] Downloaded from central: https://repo.maven.apache.org/maven2/org/apache/maven/plugins/maven-compiler-plugin/3.5.1/maven-compiler-plugin-3.5.1.jar (50 kB at 203 kB/s)
[INFO] Downloading from local-file: file:///w/lib/javax/servlet/javax.servlet-api/3.1.0/javax.servlet-api-3.1.0.pom
[INFO] Downloading from central: https://repo.maven.apache.org/maven2/javax/servlet/javax.servlet-api/3.1.0/javax.servlet-api-3.1.0.pom
[INFO] Downloaded from central: https://repo.maven.apache.org/maven2/javax/servlet/javax.servlet-api/3.1.0/javax.servlet-api-3.1.0.pom (14 kB at 21 kB/s)
[INFO] Downloading from local-file: file:///w/lib/net/java/jvnet-parent/3/jvnet-parent-3.pom
[INFO] Downloading from central: https://repo.maven.apache.org/maven2/net/java/jvnet-parent/3/jvnet-parent-3.pom
[INFO] Downloaded from central: https://repo.maven.apache.org/maven2/net/java/jvnet-parent/3/jvnet-parent-3.pom (4.8 kB at 11 kB/s)
[INFO] Downloading from local-file: file:///w/lib/javax/ws/rs/javax.ws.rs-api/2.0.1/javax.ws.rs-api-2.0.1.pom
[INFO] Downloading from central: https://repo.maven.apache.org/maven2/javax/ws/rs/javax.ws.rs-api/2.0.1/javax.ws.rs-api-2.0.1.pom
[INFO] Downloaded from central: https://repo.maven.apache.org/maven2/javax/ws/rs/javax.ws.rs-api/2.0.1/javax.ws.rs-api-2.0.1.pom (21 kB at 39 kB/s)
[INFO] Downloading from local-file: file:///w/lib/net/java/jvnet-parent/5/jvnet-parent-5.pom
[INFO] Downloading from central: https://repo.maven.apache.org/maven2/net/java/jvnet-parent/5/jvnet-parent-5.pom
[INFO] Downloaded from central: https://repo.maven.apache.org/maven2/net/java/jvnet-parent/5/jvnet-parent-5.pom (8.9 kB at 8.9 kB/s)
[INFO] Downloading from local-file: file:///w/lib/org/apache/cxf/cxf-rt-transports-http/3.1.2/cxf-rt-transports-http-3.1.2.pom
[INFO] Downloading from central: https://repo.maven.apache.org/maven2/org/apache/cxf/cxf-rt-transports-http/3.1.2/cxf-rt-transports-http-3.1.2.pom
[INFO] Downloaded from central: https://repo.maven.apache.org/maven2/org/apache/cxf/cxf-rt-transports-http/3.1.2/cxf-rt-transports-http-3.1.2.pom (12 kB at 15 kB/s)
[INFO] Downloading from local-file: file:///w/lib/org/apache/cxf/cxf-parent/3.1.2/cxf-parent-3.1.2.pom
[INFO] Downloading from central: https://repo.maven.apache.org/maven2/org/apache/cxf/cxf-parent/3.1.2/cxf-parent-3.1.2.pom
[INFO] Downloaded from central: https://repo.maven.apache.org/maven2/org/apache/cxf/cxf-parent/3.1.2/cxf-parent-3.1.2.pom (97 kB at 188 kB/s)
[INFO] Downloading from local-file: file:///w/lib/org/apache/cxf/cxf/3.1.2/cxf-3.1.2.pom
[INFO] Downloading from central: https://repo.maven.apache.org/maven2/org/apache/cxf/cxf/3.1.2/cxf-3.1.2.pom
[INFO] Downloaded from central: https://repo.maven.apache.org/maven2/org/apache/cxf/cxf/3.1.2/cxf-3.1.2.pom (35 kB at 81 kB/s)
[INFO] Downloading from local-file: file:///w/lib/org/apache/cxf/cxf-core/3.1.2/cxf-core-3.1.2.pom
[INFO] Downloading from central: https://repo.maven.apache.org/maven2/org/apache/cxf/cxf-core/3.1.2/cxf-core-3.1.2.pom
[INFO] Downloaded from central: https://repo.maven.apache.org/maven2/org/apache/cxf/cxf-core/3.1.2/cxf-core-3.1.2.pom (19 kB at 93 kB/s)
[INFO] Downloading from local-file: file:///w/lib/org/codehaus/woodstox/woodstox-core-asl/4.4.1/woodstox-core-asl-4.4.1.pom
[INFO] Downloading from central: https://repo.maven.apache.org/maven2/org/codehaus/woodstox/woodstox-core-asl/4.4.1/woodstox-core-asl-4.4.1.pom
[INFO] Downloaded from central: https://repo.maven.apache.org/maven2/org/codehaus/woodstox/woodstox-core-asl/4.4.1/woodstox-core-asl-4.4.1.pom (1.8 kB at 9.1 kB/s)
[INFO] Downloading from local-file: file:///w/lib/org/codehaus/woodstox/stax2-api/3.1.4/stax2-api-3.1.4.pom
[INFO] Downloading from central: https://repo.maven.apache.org/maven2/org/codehaus/woodstox/stax2-api/3.1.4/stax2-api-3.1.4.pom
[INFO] Downloaded from central: https://repo.maven.apache.org/maven2/org/codehaus/woodstox/stax2-api/3.1.4/stax2-api-3.1.4.pom (5.5 kB at 18 kB/s)
[INFO] Downloading from local-file: file:///w/lib/org/apache/ws/xmlschema/xmlschema-core/2.2.1/xmlschema-core-2.2.1.pom
[INFO] Downloading from central: https://repo.maven.apache.org/maven2/org/apache/ws/xmlschema/xmlschema-core/2.2.1/xmlschema-core-2.2.1.pom
[INFO] Downloaded from central: https://repo.maven.apache.org/maven2/org/apache/ws/xmlschema/xmlschema-core/2.2.1/xmlschema-core-2.2.1.pom (6.8 kB at 13 kB/s)
[INFO] Downloading from local-file: file:///w/lib/org/apache/ws/xmlschema/xmlschema/2.2.1/xmlschema-2.2.1.pom
[INFO] Downloading from central: https://repo.maven.apache.org/maven2/org/apache/ws/xmlschema/xmlschema/2.2.1/xmlschema-2.2.1.pom
[INFO] Downloaded from central: https://repo.maven.apache.org/maven2/org/apache/ws/xmlschema/xmlschema/2.2.1/xmlschema-2.2.1.pom (33 kB at 27 kB/s)
[INFO] Downloading from local-file: file:///w/lib/org/apache/apache/14/apache-14.pom
[INFO] Downloading from central: https://repo.maven.apache.org/maven2/org/apache/apache/14/apache-14.pom
[INFO] Downloaded from central: https://repo.maven.apache.org/maven2/org/apache/apache/14/apache-14.pom (15 kB at 18 kB/s)
[INFO] Downloading from local-file: file:///w/lib/org/apache/cxf/cxf-rt-frontend-jaxrs/3.1.2/cxf-rt-frontend-jaxrs-3.1.2.pom
[INFO] Downloading from central: https://repo.maven.apache.org/maven2/org/apache/cxf/cxf-rt-frontend-jaxrs/3.1.2/cxf-rt-frontend-jaxrs-3.1.2.pom
[INFO] Downloaded from central: https://repo.maven.apache.org/maven2/org/apache/cxf/cxf-rt-frontend-jaxrs/3.1.2/cxf-rt-frontend-jaxrs-3.1.2.pom (8.9 kB at 12 kB/s)
[INFO] Downloading from local-file: file:///w/lib/javax/annotation/javax.annotation-api/1.2/javax.annotation-api-1.2.pom
[INFO] Downloading from central: https://repo.maven.apache.org/maven2/javax/annotation/javax.annotation-api/1.2/javax.annotation-api-1.2.pom
[INFO] Downloaded from central: https://repo.maven.apache.org/maven2/javax/annotation/javax.annotation-api/1.2/javax.annotation-api-1.2.pom (13 kB at 35 kB/s)
[INFO] Downloading from local-file: file:///w/lib/org/springframework/spring-websocket/4.3.7.RELEASE/spring-websocket-4.3.7.RELEASE.pom
[INFO] Downloading from central: https://repo.maven.apache.org/maven2/org/springframework/spring-websocket/4.3.7.RELEASE/spring-websocket-4.3.7.RELEASE.pom
[INFO] Downloaded from central: https://repo.maven.apache.org/maven2/org/springframework/spring-websocket/4.3.7.RELEASE/spring-websocket-4.3.7.RELEASE.pom (7.1 kB at 27 kB/s)
[INFO] Downloading from local-file: file:///w/lib/org/springframework/spring-context/4.3.7.RELEASE/spring-context-4.3.7.RELEASE.pom
[INFO] Downloading from central: https://repo.maven.apache.org/maven2/org/springframework/spring-context/4.3.7.RELEASE/spring-context-4.3.7.RELEASE.pom
[INFO] Downloaded from central: https://repo.maven.apache.org/maven2/org/springframework/spring-context/4.3.7.RELEASE/spring-context-4.3.7.RELEASE.pom (5.0 kB at 8.8 kB/s)
[INFO] Downloading from local-file: file:///w/lib/org/springframework/spring-aop/4.3.7.RELEASE/spring-aop-4.3.7.RELEASE.pom
[INFO] Downloading from central: https://repo.maven.apache.org/maven2/org/springframework/spring-aop/4.3.7.RELEASE/spring-aop-4.3.7.RELEASE.pom
[INFO] Downloaded from central: https://repo.maven.apache.org/maven2/org/springframework/spring-aop/4.3.7.RELEASE/spring-aop-4.3.7.RELEASE.pom (2.7 kB at 2.8 kB/s)
[INFO] Downloading from local-file: file:///w/lib/org/springframework/spring-beans/4.3.7.RELEASE/spring-beans-4.3.7.RELEASE.pom
[INFO] Downloading from central: https://repo.maven.apache.org/maven2/org/springframework/spring-beans/4.3.7.RELEASE/spring-beans-4.3.7.RELEASE.pom
[INFO] Downloaded from central: https://repo.maven.apache.org/maven2/org/springframework/spring-beans/4.3.7.RELEASE/spring-beans-4.3.7.RELEASE.pom (2.5 kB at 2.4 kB/s)
[INFO] Downloading from local-file: file:///w/lib/org/springframework/spring-core/4.3.7.RELEASE/spring-core-4.3.7.RELEASE.pom
[INFO] Downloading from central: https://repo.maven.apache.org/maven2/org/springframework/spring-core/4.3.7.RELEASE/spring-core-4.3.7.RELEASE.pom
[INFO] Downloaded from central: https://repo.maven.apache.org/maven2/org/springframework/spring-core/4.3.7.RELEASE/spring-core-4.3.7.RELEASE.pom (2.5 kB at 2.6 kB/s)
[INFO] Downloading from local-file: file:///w/lib/commons-logging/commons-logging/1.2/commons-logging-1.2.pom
[INFO] Downloading from central: https://repo.maven.apache.org/maven2/commons-logging/commons-logging/1.2/commons-logging-1.2.pom
[INFO] Downloaded from central: https://repo.maven.apache.org/maven2/commons-logging/commons-logging/1.2/commons-logging-1.2.pom (19 kB at 18 kB/s)
[INFO] Downloading from local-file: file:///w/lib/org/apache/commons/commons-parent/34/commons-parent-34.pom
[INFO] Downloading from central: https://repo.maven.apache.org/maven2/org/apache/commons/commons-parent/34/commons-parent-34.pom
[INFO] Downloaded from central: https://repo.maven.apache.org/maven2/org/apache/commons/commons-parent/34/commons-parent-34.pom (56 kB at 59 kB/s)
[INFO] Downloading from local-file: file:///w/lib/org/springframework/spring-expression/4.3.7.RELEASE/spring-expression-4.3.7.RELEASE.pom
[INFO] Downloading from central: https://repo.maven.apache.org/maven2/org/springframework/spring-expression/4.3.7.RELEASE/spring-expression-4.3.7.RELEASE.pom
[INFO] Downloaded from central: https://repo.maven.apache.org/maven2/org/springframework/spring-expression/4.3.7.RELEASE/spring-expression-4.3.7.RELEASE.pom (1.7 kB at 2.1 kB/s)
[INFO] Downloading from local-file: file:///w/lib/org/springframework/spring-web/4.3.7.RELEASE/spring-web-4.3.7.RELEASE.pom
[INFO] Downloading from central: https://repo.maven.apache.org/maven2/org/springframework/spring-web/4.3.7.RELEASE/spring-web-4.3.7.RELEASE.pom
[INFO] Downloaded from central: https://repo.maven.apache.org/maven2/org/springframework/spring-web/4.3.7.RELEASE/spring-web-4.3.7.RELEASE.pom (8.0 kB at 24 kB/s)
[INFO] Downloading from local-file: file:///w/lib/org/springframework/spring-webmvc/4.3.7.RELEASE/spring-webmvc-4.3.7.RELEASE.pom
[INFO] Downloading from central: https://repo.maven.apache.org/maven2/org/springframework/spring-webmvc/4.3.7.RELEASE/spring-webmvc-4.3.7.RELEASE.pom
[INFO] Downloaded from central: https://repo.maven.apache.org/maven2/org/springframework/spring-webmvc/4.3.7.RELEASE/spring-webmvc-4.3.7.RELEASE.pom (10.0 kB at 28 kB/s)
[INFO] Downloading from local-file: file:///w/lib/org/springframework/spring-messaging/4.3.7.RELEASE/spring-messaging-4.3.7.RELEASE.pom
[INFO] Downloading from central: https://repo.maven.apache.org/maven2/org/springframework/spring-messaging/4.3.7.RELEASE/spring-messaging-4.3.7.RELEASE.pom
[INFO] Downloaded from central: https://repo.maven.apache.org/maven2/org/springframework/spring-messaging/4.3.7.RELEASE/spring-messaging-4.3.7.RELEASE.pom (4.0 kB at 9.2 kB/s)
[INFO] Downloading from local-file: file:///w/lib/org/springframework/data/spring-data-redis/1.8.6.RELEASE/spring-data-redis-1.8.6.RELEASE.pom
[INFO] Downloading from central: https://repo.maven.apache.org/maven2/org/springframework/data/spring-data-redis/1.8.6.RELEASE/spring-data-redis-1.8.6.RELEASE.pom
[INFO] Downloaded from central: https://repo.maven.apache.org/maven2/org/springframework/data/spring-data-redis/1.8.6.RELEASE/spring-data-redis-1.8.6.RELEASE.pom (6.9 kB at 6.6 kB/s)
[INFO] Downloading from local-file: file:///w/lib/org/springframework/data/build/spring-data-parent/1.9.6.RELEASE/spring-data-parent-1.9.6.RELEASE.pom
[INFO] Downloading from central: https://repo.maven.apache.org/maven2/org/springframework/data/build/spring-data-parent/1.9.6.RELEASE/spring-data-parent-1.9.6.RELEASE.pom
[INFO] Downloaded from central: https://repo.maven.apache.org/maven2/org/springframework/data/build/spring-data-parent/1.9.6.RELEASE/spring-data-parent-1.9.6.RELEASE.pom (25 kB at 30 kB/s)
[INFO] Downloading from local-file: file:///w/lib/org/springframework/data/build/spring-data-build/1.9.6.RELEASE/spring-data-build-1.9.6.RELEASE.pom
[INFO] Downloading from central: https://repo.maven.apache.org/maven2/org/springframework/data/build/spring-data-build/1.9.6.RELEASE/spring-data-build-1.9.6.RELEASE.pom
[INFO] Downloaded from central: https://repo.maven.apache.org/maven2/org/springframework/data/build/spring-data-build/1.9.6.RELEASE/spring-data-build-1.9.6.RELEASE.pom (6.4 kB at 5.9 kB/s)
[INFO] Downloading from local-file: file:///w/lib/org/springframework/spring-framework-bom/4.3.10.RELEASE/spring-framework-bom-4.3.10.RELEASE.pom
[INFO] Downloading from central: https://repo.maven.apache.org/maven2/org/springframework/spring-framework-bom/4.3.10.RELEASE/spring-framework-bom-4.3.10.RELEASE.pom
[INFO] Downloaded from central: https://repo.maven.apache.org/maven2/org/springframework/spring-framework-bom/4.3.10.RELEASE/spring-framework-bom-4.3.10.RELEASE.pom (5.1 kB at 5.7 kB/s)
[INFO] Downloading from local-file: file:///w/lib/org/springframework/data/spring-data-keyvalue/1.2.6.RELEASE/spring-data-keyvalue-1.2.6.RELEASE.pom
[INFO] Downloading from central: https://repo.maven.apache.org/maven2/org/springframework/data/spring-data-keyvalue/1.2.6.RELEASE/spring-data-keyvalue-1.2.6.RELEASE.pom
[INFO] Downloaded from central: https://repo.maven.apache.org/maven2/org/springframework/data/spring-data-keyvalue/1.2.6.RELEASE/spring-data-keyvalue-1.2.6.RELEASE.pom (3.6 kB at 3.2 kB/s)
[INFO] Downloading from local-file: file:///w/lib/org/springframework/data/spring-data-commons/1.13.6.RELEASE/spring-data-commons-1.13.6.RELEASE.pom
[INFO] Downloading from central: https://repo.maven.apache.org/maven2/org/springframework/data/spring-data-commons/1.13.6.RELEASE/spring-data-commons-1.13.6.RELEASE.pom
[INFO] Downloaded from central: https://repo.maven.apache.org/maven2/org/springframework/data/spring-data-commons/1.13.6.RELEASE/spring-data-commons-1.13.6.RELEASE.pom (8.1 kB at 8.2 kB/s)
[INFO] Downloading from local-file: file:///w/lib/org/springframework/spring-core/4.3.10.RELEASE/spring-core-4.3.10.RELEASE.pom
[INFO] Downloading from central: https://repo.maven.apache.org/maven2/org/springframework/spring-core/4.3.10.RELEASE/spring-core-4.3.10.RELEASE.pom
[INFO] Downloaded from central: https://repo.maven.apache.org/maven2/org/springframework/spring-core/4.3.10.RELEASE/spring-core-4.3.10.RELEASE.pom (2.5 kB at 2.5 kB/s)
[INFO] Downloading from local-file: file:///w/lib/org/springframework/spring-beans/4.3.10.RELEASE/spring-beans-4.3.10.RELEASE.pom
[INFO] Downloading from central: https://repo.maven.apache.org/maven2/org/springframework/spring-beans/4.3.10.RELEASE/spring-beans-4.3.10.RELEASE.pom
[INFO] Downloaded from central: https://repo.maven.apache.org/maven2/org/springframework/spring-beans/4.3.10.RELEASE/spring-beans-4.3.10.RELEASE.pom (2.5 kB at 2.5 kB/s)
[INFO] Downloading from local-file: file:///w/lib/org/slf4j/slf4j-api/1.7.25/slf4j-api-1.7.25.pom
[INFO] Downloading from central: https://repo.maven.apache.org/maven2/org/slf4j/slf4j-api/1.7.25/slf4j-api-1.7.25.pom
[INFO] Downloaded from central: https://repo.maven.apache.org/maven2/org/slf4j/slf4j-api/1.7.25/slf4j-api-1.7.25.pom (3.8 kB at 4.0 kB/s)
[INFO] Downloading from local-file: file:///w/lib/org/slf4j/slf4j-parent/1.7.25/slf4j-parent-1.7.25.pom
[INFO] Downloading from central: https://repo.maven.apache.org/maven2/org/slf4j/slf4j-parent/1.7.25/slf4j-parent-1.7.25.pom
[INFO] Downloaded from central: https://repo.maven.apache.org/maven2/org/slf4j/slf4j-parent/1.7.25/slf4j-parent-1.7.25.pom (14 kB at 39 kB/s)
[INFO] Downloading from local-file: file:///w/lib/org/slf4j/jcl-over-slf4j/1.7.25/jcl-over-slf4j-1.7.25.pom
[INFO] Downloading from central: https://repo.maven.apache.org/maven2/org/slf4j/jcl-over-slf4j/1.7.25/jcl-over-slf4j-1.7.25.pom
[INFO] Downloaded from central: https://repo.maven.apache.org/maven2/org/slf4j/jcl-over-slf4j/1.7.25/jcl-over-slf4j-1.7.25.pom (959 B at 1.5 kB/s)
[INFO] Downloading from local-file: file:///w/lib/org/springframework/spring-context/4.3.10.RELEASE/spring-context-4.3.10.RELEASE.pom
[INFO] Downloading from central: https://repo.maven.apache.org/maven2/org/springframework/spring-context/4.3.10.RELEASE/spring-context-4.3.10.RELEASE.pom
[INFO] Downloaded from central: https://repo.maven.apache.org/maven2/org/springframework/spring-context/4.3.10.RELEASE/spring-context-4.3.10.RELEASE.pom (5.0 kB at 5.1 kB/s)
[INFO] Downloading from local-file: file:///w/lib/org/springframework/spring-aop/4.3.10.RELEASE/spring-aop-4.3.10.RELEASE.pom
[INFO] Downloading from central: https://repo.maven.apache.org/maven2/org/springframework/spring-aop/4.3.10.RELEASE/spring-aop-4.3.10.RELEASE.pom
[INFO] Downloaded from central: https://repo.maven.apache.org/maven2/org/springframework/spring-aop/4.3.10.RELEASE/spring-aop-4.3.10.RELEASE.pom (2.7 kB at 5.5 kB/s)
[INFO] Downloading from local-file: file:///w/lib/org/springframework/spring-expression/4.3.10.RELEASE/spring-expression-4.3.10.RELEASE.pom
[INFO] Downloading from central: https://repo.maven.apache.org/maven2/org/springframework/spring-expression/4.3.10.RELEASE/spring-expression-4.3.10.RELEASE.pom
[INFO] Downloaded from central: https://repo.maven.apache.org/maven2/org/springframework/spring-expression/4.3.10.RELEASE/spring-expression-4.3.10.RELEASE.pom (1.7 kB at 2.5 kB/s)
[INFO] Downloading from local-file: file:///w/lib/org/springframework/spring-tx/4.3.10.RELEASE/spring-tx-4.3.10.RELEASE.pom
[INFO] Downloading from central: https://repo.maven.apache.org/maven2/org/springframework/spring-tx/4.3.10.RELEASE/spring-tx-4.3.10.RELEASE.pom
[INFO] Downloaded from central: https://repo.maven.apache.org/maven2/org/springframework/spring-tx/4.3.10.RELEASE/spring-tx-4.3.10.RELEASE.pom (3.2 kB at 4.1 kB/s)
[INFO] Downloading from local-file: file:///w/lib/org/springframework/spring-oxm/4.3.10.RELEASE/spring-oxm-4.3.10.RELEASE.pom
[INFO] Downloading from central: https://repo.maven.apache.org/maven2/org/springframework/spring-oxm/4.3.10.RELEASE/spring-oxm-4.3.10.RELEASE.pom
[INFO] Downloaded from central: https://repo.maven.apache.org/maven2/org/springframework/spring-oxm/4.3.10.RELEASE/spring-oxm-4.3.10.RELEASE.pom (3.5 kB at 3.4 kB/s)
[INFO] Downloading from local-file: file:///w/lib/org/springframework/spring-context-support/4.3.10.RELEASE/spring-context-support-4.3.10.RELEASE.pom
[INFO] Downloading from central: https://repo.maven.apache.org/maven2/org/springframework/spring-context-support/4.3.10.RELEASE/spring-context-support-4.3.10.RELEASE.pom
[INFO] Downloaded from central: https://repo.maven.apache.org/maven2/org/springframework/spring-context-support/4.3.10.RELEASE/spring-context-support-4.3.10.RELEASE.pom (5.7 kB at 5.8 kB/s)
[INFO] Downloading from local-file: file:///w/lib/com/squareup/retrofit2/retrofit/2.1.0/retrofit-2.1.0.pom
[INFO] Downloading from central: https://repo.maven.apache.org/maven2/com/squareup/retrofit2/retrofit/2.1.0/retrofit-2.1.0.pom
[INFO] Downloaded from central: https://repo.maven.apache.org/maven2/com/squareup/retrofit2/retrofit/2.1.0/retrofit-2.1.0.pom (1.9 kB at 1.9 kB/s)
[INFO] Downloading from local-file: file:///w/lib/com/squareup/retrofit2/parent/2.1.0/parent-2.1.0.pom
[INFO] Downloading from central: https://repo.maven.apache.org/maven2/com/squareup/retrofit2/parent/2.1.0/parent-2.1.0.pom
[INFO] Downloaded from central: https://repo.maven.apache.org/maven2/com/squareup/retrofit2/parent/2.1.0/parent-2.1.0.pom (8.5 kB at 8.5 kB/s)
[INFO] Downloading from local-file: file:///w/lib/com/squareup/okhttp3/okhttp/3.3.0/okhttp-3.3.0.pom
[INFO] Downloading from central: https://repo.maven.apache.org/maven2/com/squareup/okhttp3/okhttp/3.3.0/okhttp-3.3.0.pom
[INFO] Downloaded from central: https://repo.maven.apache.org/maven2/com/squareup/okhttp3/okhttp/3.3.0/okhttp-3.3.0.pom (1.5 kB at 1.6 kB/s)
[INFO] Downloading from local-file: file:///w/lib/com/squareup/okhttp3/parent/3.3.0/parent-3.3.0.pom
[INFO] Downloading from central: https://repo.maven.apache.org/maven2/com/squareup/okhttp3/parent/3.3.0/parent-3.3.0.pom
[INFO] Downloaded from central: https://repo.maven.apache.org/maven2/com/squareup/okhttp3/parent/3.3.0/parent-3.3.0.pom (10 kB at 10 kB/s)
[INFO] Downloading from local-file: file:///w/lib/com/squareup/okio/okio/1.8.0/okio-1.8.0.pom
[INFO] Downloading from central: https://repo.maven.apache.org/maven2/com/squareup/okio/okio/1.8.0/okio-1.8.0.pom
[INFO] Downloaded from central: https://repo.maven.apache.org/maven2/com/squareup/okio/okio/1.8.0/okio-1.8.0.pom (1.5 kB at 1.5 kB/s)
[INFO] Downloading from local-file: file:///w/lib/com/squareup/okio/okio-parent/1.8.0/okio-parent-1.8.0.pom
[INFO] Downloading from central: https://repo.maven.apache.org/maven2/com/squareup/okio/okio-parent/1.8.0/okio-parent-1.8.0.pom
[INFO] Downloaded from central: https://repo.maven.apache.org/maven2/com/squareup/okio/okio-parent/1.8.0/okio-parent-1.8.0.pom (3.2 kB at 5.1 kB/s)
[INFO] Downloading from local-file: file:///w/lib/com/squareup/okhttp3/okhttp/3.6.0/okhttp-3.6.0.pom
[INFO] Downloading from central: https://repo.maven.apache.org/maven2/com/squareup/okhttp3/okhttp/3.6.0/okhttp-3.6.0.pom
[INFO] Downloaded from central: https://repo.maven.apache.org/maven2/com/squareup/okhttp3/okhttp/3.6.0/okhttp-3.6.0.pom (1.5 kB at 3.5 kB/s)
[INFO] Downloading from local-file: file:///w/lib/com/squareup/okhttp3/parent/3.6.0/parent-3.6.0.pom
[INFO] Downloading from central: https://repo.maven.apache.org/maven2/com/squareup/okhttp3/parent/3.6.0/parent-3.6.0.pom
[INFO] Downloaded from central: https://repo.maven.apache.org/maven2/com/squareup/okhttp3/parent/3.6.0/parent-3.6.0.pom (16 kB at 46 kB/s)
[INFO] Downloading from local-file: file:///w/lib/com/squareup/okio/okio/1.11.0/okio-1.11.0.pom
[INFO] Downloading from central: https://repo.maven.apache.org/maven2/com/squareup/okio/okio/1.11.0/okio-1.11.0.pom
[INFO] Downloaded from central: https://repo.maven.apache.org/maven2/com/squareup/okio/okio/1.11.0/okio-1.11.0.pom (1.5 kB at 3.8 kB/s)
[INFO] Downloading from local-file: file:///w/lib/com/squareup/okio/okio-parent/1.11.0/okio-parent-1.11.0.pom
[INFO] Downloading from central: https://repo.maven.apache.org/maven2/com/squareup/okio/okio-parent/1.11.0/okio-parent-1.11.0.pom
[INFO] Downloaded from central: https://repo.maven.apache.org/maven2/com/squareup/okio/okio-parent/1.11.0/okio-parent-1.11.0.pom (3.2 kB at 9.7 kB/s)
[INFO] Downloading from local-file: file:///w/lib/io/springfox/springfox-spring-web/2.6.1/springfox-spring-web-2.6.1.pom
[INFO] Downloading from central: https://repo.maven.apache.org/maven2/io/springfox/springfox-spring-web/2.6.1/springfox-spring-web-2.6.1.pom
[INFO] Downloaded from central: https://repo.maven.apache.org/maven2/io/springfox/springfox-spring-web/2.6.1/springfox-spring-web-2.6.1.pom (4.3 kB at 16 kB/s)
[INFO] Downloading from local-file: file:///w/lib/com/google/guava/guava/18.0/guava-18.0.pom
[INFO] Downloading from central: https://repo.maven.apache.org/maven2/com/google/guava/guava/18.0/guava-18.0.pom
[INFO] Downloaded from central: https://repo.maven.apache.org/maven2/com/google/guava/guava/18.0/guava-18.0.pom (5.7 kB at 26 kB/s)
[INFO] Downloading from local-file: file:///w/lib/com/google/guava/guava-parent/18.0/guava-parent-18.0.pom
[INFO] Downloading from central: https://repo.maven.apache.org/maven2/com/google/guava/guava-parent/18.0/guava-parent-18.0.pom
[INFO] Downloaded from central: https://repo.maven.apache.org/maven2/com/google/guava/guava-parent/18.0/guava-parent-18.0.pom (7.7 kB at 13 kB/s)
[INFO] Downloading from local-file: file:///w/lib/com/fasterxml/classmate/1.3.1/classmate-1.3.1.pom
[INFO] Downloading from central: https://repo.maven.apache.org/maven2/com/fasterxml/classmate/1.3.1/classmate-1.3.1.pom
[INFO] Downloaded from central: https://repo.maven.apache.org/maven2/com/fasterxml/classmate/1.3.1/classmate-1.3.1.pom (5.3 kB at 6.7 kB/s)
[INFO] Downloading from local-file: file:///w/lib/com/fasterxml/oss-parent/24/oss-parent-24.pom
[INFO] Downloading from central: https://repo.maven.apache.org/maven2/com/fasterxml/oss-parent/24/oss-parent-24.pom
[INFO] Downloaded from central: https://repo.maven.apache.org/maven2/com/fasterxml/oss-parent/24/oss-parent-24.pom (19 kB at 30 kB/s)
[INFO] Downloading from local-file: file:///w/lib/org/slf4j/slf4j-api/1.7.21/slf4j-api-1.7.21.pom
[INFO] Downloading from central: https://repo.maven.apache.org/maven2/org/slf4j/slf4j-api/1.7.21/slf4j-api-1.7.21.pom
[INFO] Downloaded from central: https://repo.maven.apache.org/maven2/org/slf4j/slf4j-api/1.7.21/slf4j-api-1.7.21.pom (2.8 kB at 6.9 kB/s)
[INFO] Downloading from local-file: file:///w/lib/org/slf4j/slf4j-parent/1.7.21/slf4j-parent-1.7.21.pom
[INFO] Downloading from central: https://repo.maven.apache.org/maven2/org/slf4j/slf4j-parent/1.7.21/slf4j-parent-1.7.21.pom
[INFO] Downloaded from central: https://repo.maven.apache.org/maven2/org/slf4j/slf4j-parent/1.7.21/slf4j-parent-1.7.21.pom (14 kB at 6.6 kB/s)
[INFO] Downloading from local-file: file:///w/lib/org/springframework/plugin/spring-plugin-core/1.2.0.RELEASE/spring-plugin-core-1.2.0.RELEASE.pom
[INFO] Downloading from central: https://repo.maven.apache.org/maven2/org/springframework/plugin/spring-plugin-core/1.2.0.RELEASE/spring-plugin-core-1.2.0.RELEASE.pom
[INFO] Downloaded from central: https://repo.maven.apache.org/maven2/org/springframework/plugin/spring-plugin-core/1.2.0.RELEASE/spring-plugin-core-1.2.0.RELEASE.pom (1.4 kB at 1.5 kB/s)
[INFO] Downloading from local-file: file:///w/lib/org/springframework/plugin/spring-plugin/1.2.0.RELEASE/spring-plugin-1.2.0.RELEASE.pom
[INFO] Downloading from central: https://repo.maven.apache.org/maven2/org/springframework/plugin/spring-plugin/1.2.0.RELEASE/spring-plugin-1.2.0.RELEASE.pom
[INFO] Downloaded from central: https://repo.maven.apache.org/maven2/org/springframework/plugin/spring-plugin/1.2.0.RELEASE/spring-plugin-1.2.0.RELEASE.pom (5.7 kB at 5.6 kB/s)
[INFO] Downloading from local-file: file:///w/lib/org/springframework/spring-beans/4.0.9.RELEASE/spring-beans-4.0.9.RELEASE.pom
[INFO] Downloading from central: https://repo.maven.apache.org/maven2/org/springframework/spring-beans/4.0.9.RELEASE/spring-beans-4.0.9.RELEASE.pom
[INFO] Downloaded from central: https://repo.maven.apache.org/maven2/org/springframework/spring-beans/4.0.9.RELEASE/spring-beans-4.0.9.RELEASE.pom (2.3 kB at 2.3 kB/s)
[INFO] Downloading from local-file: file:///w/lib/org/springframework/spring-core/4.0.9.RELEASE/spring-core-4.0.9.RELEASE.pom
[INFO] Downloading from central: https://repo.maven.apache.org/maven2/org/springframework/spring-core/4.0.9.RELEASE/spring-core-4.0.9.RELEASE.pom
[INFO] Downloaded from central: https://repo.maven.apache.org/maven2/org/springframework/spring-core/4.0.9.RELEASE/spring-core-4.0.9.RELEASE.pom (2.3 kB at 5.8 kB/s)
[INFO] Downloading from local-file: file:///w/lib/org/springframework/spring-context/4.0.9.RELEASE/spring-context-4.0.9.RELEASE.pom
[INFO] Downloading from central: https://repo.maven.apache.org/maven2/org/springframework/spring-context/4.0.9.RELEASE/spring-context-4.0.9.RELEASE.pom
[INFO] Downloaded from central: https://repo.maven.apache.org/maven2/org/springframework/spring-context/4.0.9.RELEASE/spring-context-4.0.9.RELEASE.pom (4.8 kB at 8.1 kB/s)
[INFO] Downloading from local-file: file:///w/lib/org/springframework/spring-aop/4.0.9.RELEASE/spring-aop-4.0.9.RELEASE.pom
[INFO] Downloading from central: https://repo.maven.apache.org/maven2/org/springframework/spring-aop/4.0.9.RELEASE/spring-aop-4.0.9.RELEASE.pom
[INFO] Downloaded from central: https://repo.maven.apache.org/maven2/org/springframework/spring-aop/4.0.9.RELEASE/spring-aop-4.0.9.RELEASE.pom (2.7 kB at 3.9 kB/s)
[INFO] Downloading from local-file: file:///w/lib/aopalliance/aopalliance/1.0/aopalliance-1.0.pom
[INFO] Downloading from central: https://repo.maven.apache.org/maven2/aopalliance/aopalliance/1.0/aopalliance-1.0.pom
[INFO] Downloaded from central: https://repo.maven.apache.org/maven2/aopalliance/aopalliance/1.0/aopalliance-1.0.pom (363 B at 1.9 kB/s)
[INFO] Downloading from local-file: file:///w/lib/commons-logging/commons-logging/1.1.3/commons-logging-1.1.3.pom
[INFO] Downloading from central: https://repo.maven.apache.org/maven2/commons-logging/commons-logging/1.1.3/commons-logging-1.1.3.pom
[INFO] Downloaded from central: https://repo.maven.apache.org/maven2/commons-logging/commons-logging/1.1.3/commons-logging-1.1.3.pom (18 kB at 20 kB/s)
[INFO] Downloading from local-file: file:///w/lib/org/springframework/spring-expression/4.0.9.RELEASE/spring-expression-4.0.9.RELEASE.pom
[INFO] Downloading from central: https://repo.maven.apache.org/maven2/org/springframework/spring-expression/4.0.9.RELEASE/spring-expression-4.0.9.RELEASE.pom
[INFO] Downloaded from central: https://repo.maven.apache.org/maven2/org/springframework/spring-expression/4.0.9.RELEASE/spring-expression-4.0.9.RELEASE.pom (1.7 kB at 7.2 kB/s)
[INFO] Downloading from local-file: file:///w/lib/org/slf4j/slf4j-api/1.7.10/slf4j-api-1.7.10.pom
[INFO] Downloading from central: https://repo.maven.apache.org/maven2/org/slf4j/slf4j-api/1.7.10/slf4j-api-1.7.10.pom
[INFO] Downloaded from central: https://repo.maven.apache.org/maven2/org/slf4j/slf4j-api/1.7.10/slf4j-api-1.7.10.pom (2.7 kB at 2.8 kB/s)
[INFO] Downloading from local-file: file:///w/lib/org/slf4j/slf4j-parent/1.7.10/slf4j-parent-1.7.10.pom
[INFO] Downloading from central: https://repo.maven.apache.org/maven2/org/slf4j/slf4j-parent/1.7.10/slf4j-parent-1.7.10.pom
[INFO] Downloaded from central: https://repo.maven.apache.org/maven2/org/slf4j/slf4j-parent/1.7.10/slf4j-parent-1.7.10.pom (13 kB at 36 kB/s)
[INFO] Downloading from local-file: file:///w/lib/org/springframework/plugin/spring-plugin-metadata/1.2.0.RELEASE/spring-plugin-metadata-1.2.0.RELEASE.pom
[INFO] Downloading from central: https://repo.maven.apache.org/maven2/org/springframework/plugin/spring-plugin-metadata/1.2.0.RELEASE/spring-plugin-metadata-1.2.0.RELEASE.pom
[INFO] Downloaded from central: https://repo.maven.apache.org/maven2/org/springframework/plugin/spring-plugin-metadata/1.2.0.RELEASE/spring-plugin-metadata-1.2.0.RELEASE.pom (803 B at 1.3 kB/s)
[INFO] Downloading from local-file: file:///w/lib/io/springfox/springfox-spi/2.6.1/springfox-spi-2.6.1.pom
[INFO] Downloading from central: https://repo.maven.apache.org/maven2/io/springfox/springfox-spi/2.6.1/springfox-spi-2.6.1.pom
[INFO] Downloaded from central: https://repo.maven.apache.org/maven2/io/springfox/springfox-spi/2.6.1/springfox-spi-2.6.1.pom (1.9 kB at 1.9 kB/s)
[INFO] Downloading from local-file: file:///w/lib/io/springfox/springfox-core/2.6.1/springfox-core-2.6.1.pom
[INFO] Downloading from central: https://repo.maven.apache.org/maven2/io/springfox/springfox-core/2.6.1/springfox-core-2.6.1.pom
[INFO] Downloaded from central: https://repo.maven.apache.org/maven2/io/springfox/springfox-core/2.6.1/springfox-core-2.6.1.pom (4.1 kB at 4.1 kB/s)
[INFO] Downloading from local-file: file:///w/lib/io/javaslang/javaslang/2.0.6/javaslang-2.0.6.pom
[INFO] Downloading from central: https://repo.maven.apache.org/maven2/io/javaslang/javaslang/2.0.6/javaslang-2.0.6.pom
[INFO] Downloaded from central: https://repo.maven.apache.org/maven2/io/javaslang/javaslang/2.0.6/javaslang-2.0.6.pom (3.3 kB at 3.4 kB/s)
[INFO] Downloading from local-file: file:///w/lib/io/javaslang/javaslang-parent/2.0.6/javaslang-parent-2.0.6.pom
[INFO] Downloading from central: https://repo.maven.apache.org/maven2/io/javaslang/javaslang-parent/2.0.6/javaslang-parent-2.0.6.pom
[INFO] Downloaded from central: https://repo.maven.apache.org/maven2/io/javaslang/javaslang-parent/2.0.6/javaslang-parent-2.0.6.pom (21 kB at 21 kB/s)
[INFO] Downloading from local-file: file:///w/lib/io/javaslang/javaslang-match/2.0.6/javaslang-match-2.0.6.pom
[INFO] Downloading from central: https://repo.maven.apache.org/maven2/io/javaslang/javaslang-match/2.0.6/javaslang-match-2.0.6.pom
[INFO] Downloaded from central: https://repo.maven.apache.org/maven2/io/javaslang/javaslang-match/2.0.6/javaslang-match-2.0.6.pom (2.3 kB at 1.4 kB/s)
[INFO] Downloading from local-file: file:///w/lib/org/glassfish/jersey/core/jersey-common/2.23.2/jersey-common-2.23.2.pom
[INFO] Downloading from central: https://repo.maven.apache.org/maven2/org/glassfish/jersey/core/jersey-common/2.23.2/jersey-common-2.23.2.pom
[INFO] Downloaded from central: https://repo.maven.apache.org/maven2/org/glassfish/jersey/core/jersey-common/2.23.2/jersey-common-2.23.2.pom (10 kB at 28 kB/s)
[INFO] Downloading from local-file: file:///w/lib/org/glassfish/jersey/project/2.23.2/project-2.23.2.pom
[INFO] Downloading from central: https://repo.maven.apache.org/maven2/org/glassfish/jersey/project/2.23.2/project-2.23.2.pom
[INFO] Downloaded from central: https://repo.maven.apache.org/maven2/org/glassfish/jersey/project/2.23.2/project-2.23.2.pom (87 kB at 101 kB/s)
[INFO] Downloading from local-file: file:///w/lib/net/java/jvnet-parent/4/jvnet-parent-4.pom
[INFO] Downloading from central: https://repo.maven.apache.org/maven2/net/java/jvnet-parent/4/jvnet-parent-4.pom
[INFO] Downloaded from central: https://repo.maven.apache.org/maven2/net/java/jvnet-parent/4/jvnet-parent-4.pom (7.8 kB at 8.0 kB/s)
[INFO] Downloading from local-file: file:///w/lib/org/glassfish/hk2/hk2-bom/2.5.0-b05/hk2-bom-2.5.0-b05.pom
[INFO] Downloading from central: https://repo.maven.apache.org/maven2/org/glassfish/hk2/hk2-bom/2.5.0-b05/hk2-bom-2.5.0-b05.pom
[INFO] Downloaded from central: https://repo.maven.apache.org/maven2/org/glassfish/hk2/hk2-bom/2.5.0-b05/hk2-bom-2.5.0-b05.pom (20 kB at 48 kB/s)
[INFO] Downloading from local-file: file:///w/lib/org/glassfish/jersey/bundles/repackaged/jersey-guava/2.23.2/jersey-guava-2.23.2.pom
[INFO] Downloading from central: https://repo.maven.apache.org/maven2/org/glassfish/jersey/bundles/repackaged/jersey-guava/2.23.2/jersey-guava-2.23.2.pom
[INFO] Downloaded from central: https://repo.maven.apache.org/maven2/org/glassfish/jersey/bundles/repackaged/jersey-guava/2.23.2/jersey-guava-2.23.2.pom (13 kB at 19 kB/s)
[INFO] Downloading from local-file: file:///w/lib/org/glassfish/jersey/bundles/repackaged/project/2.23.2/project-2.23.2.pom
[INFO] Downloading from central: https://repo.maven.apache.org/maven2/org/glassfish/jersey/bundles/repackaged/project/2.23.2/project-2.23.2.pom
[INFO] Downloaded from central: https://repo.maven.apache.org/maven2/org/glassfish/jersey/bundles/repackaged/project/2.23.2/project-2.23.2.pom (2.8 kB at 2.8 kB/s)
[INFO] Downloading from local-file: file:///w/lib/org/glassfish/jersey/bundles/project/2.23.2/project-2.23.2.pom
[INFO] Downloading from central: https://repo.maven.apache.org/maven2/org/glassfish/jersey/bundles/project/2.23.2/project-2.23.2.pom
[INFO] Downloaded from central: https://repo.maven.apache.org/maven2/org/glassfish/jersey/bundles/project/2.23.2/project-2.23.2.pom (3.1 kB at 4.2 kB/s)
[INFO] Downloading from local-file: file:///w/lib/org/glassfish/hk2/hk2-api/2.5.0-b05/hk2-api-2.5.0-b05.pom
[INFO] Downloading from central: https://repo.maven.apache.org/maven2/org/glassfish/hk2/hk2-api/2.5.0-b05/hk2-api-2.5.0-b05.pom
[INFO] Downloaded from central: https://repo.maven.apache.org/maven2/org/glassfish/hk2/hk2-api/2.5.0-b05/hk2-api-2.5.0-b05.pom (4.6 kB at 7.1 kB/s)
[INFO] Downloading from local-file: file:///w/lib/org/glassfish/hk2/hk2-parent/2.5.0-b05/hk2-parent-2.5.0-b05.pom
[INFO] Downloading from central: https://repo.maven.apache.org/maven2/org/glassfish/hk2/hk2-parent/2.5.0-b05/hk2-parent-2.5.0-b05.pom
[INFO] Downloaded from central: https://repo.maven.apache.org/maven2/org/glassfish/hk2/hk2-parent/2.5.0-b05/hk2-parent-2.5.0-b05.pom (49 kB at 79 kB/s)
[INFO] Downloading from local-file: file:///w/lib/org/glassfish/hk2/hk2-utils/2.5.0-b05/hk2-utils-2.5.0-b05.pom
[INFO] Downloading from central: https://repo.maven.apache.org/maven2/org/glassfish/hk2/hk2-utils/2.5.0-b05/hk2-utils-2.5.0-b05.pom
[INFO] Downloaded from central: https://repo.maven.apache.org/maven2/org/glassfish/hk2/hk2-utils/2.5.0-b05/hk2-utils-2.5.0-b05.pom (5.3 kB at 5.4 kB/s)
[INFO] Downloading from local-file: file:///w/lib/org/glassfish/hk2/external/aopalliance-repackaged/2.5.0-b05/aopalliance-repackaged-2.5.0-b05.pom
[INFO] Downloading from central: https://repo.maven.apache.org/maven2/org/glassfish/hk2/external/aopalliance-repackaged/2.5.0-b05/aopalliance-repackaged-2.5.0-b05.pom
[INFO] Downloaded from central: https://repo.maven.apache.org/maven2/org/glassfish/hk2/external/aopalliance-repackaged/2.5.0-b05/aopalliance-repackaged-2.5.0-b05.pom (6.8 kB at 6.8 kB/s)
[INFO] Downloading from local-file: file:///w/lib/org/glassfish/hk2/external/2.5.0-b05/external-2.5.0-b05.pom
[INFO] Downloading from central: https://repo.maven.apache.org/maven2/org/glassfish/hk2/external/2.5.0-b05/external-2.5.0-b05.pom
[INFO] Downloaded from central: https://repo.maven.apache.org/maven2/org/glassfish/hk2/external/2.5.0-b05/external-2.5.0-b05.pom (2.9 kB at 12 kB/s)
[INFO] Downloading from local-file: file:///w/lib/org/glassfish/hk2/external/javax.inject/2.5.0-b05/javax.inject-2.5.0-b05.pom
[INFO] Downloading from central: https://repo.maven.apache.org/maven2/org/glassfish/hk2/external/javax.inject/2.5.0-b05/javax.inject-2.5.0-b05.pom
[INFO] Downloaded from central: https://repo.maven.apache.org/maven2/org/glassfish/hk2/external/javax.inject/2.5.0-b05/javax.inject-2.5.0-b05.pom (6.5 kB at 17 kB/s)
[INFO] Downloading from local-file: file:///w/lib/org/glassfish/hk2/hk2-locator/2.5.0-b05/hk2-locator-2.5.0-b05.pom
[INFO] Downloading from central: https://repo.maven.apache.org/maven2/org/glassfish/hk2/hk2-locator/2.5.0-b05/hk2-locator-2.5.0-b05.pom
[INFO] Downloaded from central: https://repo.maven.apache.org/maven2/org/glassfish/hk2/hk2-locator/2.5.0-b05/hk2-locator-2.5.0-b05.pom (7.5 kB at 22 kB/s)
[INFO] Downloading from local-file: file:///w/lib/org/javassist/javassist/3.20.0-GA/javassist-3.20.0-GA.pom
[INFO] Downloading from central: https://repo.maven.apache.org/maven2/org/javassist/javassist/3.20.0-GA/javassist-3.20.0-GA.pom
[INFO] Downloaded from central: https://repo.maven.apache.org/maven2/org/javassist/javassist/3.20.0-GA/javassist-3.20.0-GA.pom (9.8 kB at 9.9 kB/s)
[INFO] Downloading from local-file: file:///w/lib/org/glassfish/hk2/osgi-resource-locator/1.0.1/osgi-resource-locator-1.0.1.pom
[INFO] Downloading from central: https://repo.maven.apache.org/maven2/org/glassfish/hk2/osgi-resource-locator/1.0.1/osgi-resource-locator-1.0.1.pom
[INFO] Downloaded from central: https://repo.maven.apache.org/maven2/org/glassfish/hk2/osgi-resource-locator/1.0.1/osgi-resource-locator-1.0.1.pom (6.2 kB at 6.2 kB/s)
[INFO] Downloading from local-file: file:///w/lib/org/glassfish/pom/8/pom-8.pom
[INFO] Downloading from central: https://repo.maven.apache.org/maven2/org/glassfish/pom/8/pom-8.pom
[INFO] Downloaded from central: https://repo.maven.apache.org/maven2/org/glassfish/pom/8/pom-8.pom (11 kB at 10 kB/s)
[INFO] Downloading from local-file: file:///w/lib/joda-time/joda-time/2.10/joda-time-2.10.pom
[INFO] Downloading from central: https://repo.maven.apache.org/maven2/joda-time/joda-time/2.10/joda-time-2.10.pom
[INFO] Downloaded from central: https://repo.maven.apache.org/maven2/joda-time/joda-time/2.10/joda-time-2.10.pom (38 kB at 36 kB/s)
[INFO] Downloading from local-file: file:///w/lib/org/eclipse/jetty/jetty-server/8.1.8.v20121106/jetty-server-8.1.8.v20121106.pom
[INFO] Downloading from central: https://repo.maven.apache.org/maven2/org/eclipse/jetty/jetty-server/8.1.8.v20121106/jetty-server-8.1.8.v20121106.pom
[INFO] Downloaded from central: https://repo.maven.apache.org/maven2/org/eclipse/jetty/jetty-server/8.1.8.v20121106/jetty-server-8.1.8.v20121106.pom (3.7 kB at 3.7 kB/s)
[INFO] Downloading from local-file: file:///w/lib/org/eclipse/jetty/jetty-project/8.1.8.v20121106/jetty-project-8.1.8.v20121106.pom
[INFO] Downloading from central: https://repo.maven.apache.org/maven2/org/eclipse/jetty/jetty-project/8.1.8.v20121106/jetty-project-8.1.8.v20121106.pom
[INFO] Downloaded from central: https://repo.maven.apache.org/maven2/org/eclipse/jetty/jetty-project/8.1.8.v20121106/jetty-project-8.1.8.v20121106.pom (27 kB at 27 kB/s)
[INFO] Downloading from local-file: file:///w/lib/org/eclipse/jetty/jetty-parent/20/jetty-parent-20.pom
[INFO] Downloading from central: https://repo.maven.apache.org/maven2/org/eclipse/jetty/jetty-parent/20/jetty-parent-20.pom
[INFO] Downloaded from central: https://repo.maven.apache.org/maven2/org/eclipse/jetty/jetty-parent/20/jetty-parent-20.pom (21 kB at 21 kB/s)
[INFO] Downloading from local-file: file:///w/lib/org/eclipse/jetty/orbit/javax.servlet/3.0.0.v201112011016/javax.servlet-3.0.0.v201112011016.pom
[INFO] Downloading from central: https://repo.maven.apache.org/maven2/org/eclipse/jetty/orbit/javax.servlet/3.0.0.v201112011016/javax.servlet-3.0.0.v201112011016.pom
[INFO] Downloaded from central: https://repo.maven.apache.org/maven2/org/eclipse/jetty/orbit/javax.servlet/3.0.0.v201112011016/javax.servlet-3.0.0.v201112011016.pom (732 B at 367 B/s)
[INFO] Downloading from local-file: file:///w/lib/org/eclipse/jetty/orbit/jetty-orbit/1/jetty-orbit-1.pom
[INFO] Downloading from central: https://repo.maven.apache.org/maven2/org/eclipse/jetty/orbit/jetty-orbit/1/jetty-orbit-1.pom
[INFO] Downloaded from central: https://repo.maven.apache.org/maven2/org/eclipse/jetty/orbit/jetty-orbit/1/jetty-orbit-1.pom (2.2 kB at 2.2 kB/s)
[INFO] Downloading from local-file: file:///w/lib/org/eclipse/jetty/jetty-parent/18/jetty-parent-18.pom
[INFO] Downloading from central: https://repo.maven.apache.org/maven2/org/eclipse/jetty/jetty-parent/18/jetty-parent-18.pom
[INFO] Downloaded from central: https://repo.maven.apache.org/maven2/org/eclipse/jetty/jetty-parent/18/jetty-parent-18.pom (16 kB at 15 kB/s)
[INFO] Downloading from local-file: file:///w/lib/org/eclipse/jetty/jetty-continuation/8.1.8.v20121106/jetty-continuation-8.1.8.v20121106.pom
[INFO] Downloading from central: https://repo.maven.apache.org/maven2/org/eclipse/jetty/jetty-continuation/8.1.8.v20121106/jetty-continuation-8.1.8.v20121106.pom
[INFO] Downloaded from central: https://repo.maven.apache.org/maven2/org/eclipse/jetty/jetty-continuation/8.1.8.v20121106/jetty-continuation-8.1.8.v20121106.pom (2.7 kB at 1.3 kB/s)
[INFO] Downloading from local-file: file:///w/lib/org/eclipse/jetty/jetty-http/8.1.8.v20121106/jetty-http-8.1.8.v20121106.pom
[INFO] Downloading from central: https://repo.maven.apache.org/maven2/org/eclipse/jetty/jetty-http/8.1.8.v20121106/jetty-http-8.1.8.v20121106.pom
[INFO] Downloaded from central: https://repo.maven.apache.org/maven2/org/eclipse/jetty/jetty-http/8.1.8.v20121106/jetty-http-8.1.8.v20121106.pom (2.6 kB at 3.8 kB/s)
[INFO] Downloading from local-file: file:///w/lib/org/eclipse/jetty/jetty-io/8.1.8.v20121106/jetty-io-8.1.8.v20121106.pom
[INFO] Downloading from central: https://repo.maven.apache.org/maven2/org/eclipse/jetty/jetty-io/8.1.8.v20121106/jetty-io-8.1.8.v20121106.pom
[INFO] Downloaded from central: https://repo.maven.apache.org/maven2/org/eclipse/jetty/jetty-io/8.1.8.v20121106/jetty-io-8.1.8.v20121106.pom (2.1 kB at 1.6 kB/s)
[INFO] Downloading from local-file: file:///w/lib/org/eclipse/jetty/jetty-util/8.1.8.v20121106/jetty-util-8.1.8.v20121106.pom
[INFO] Downloading from central: https://repo.maven.apache.org/maven2/org/eclipse/jetty/jetty-util/8.1.8.v20121106/jetty-util-8.1.8.v20121106.pom
[INFO] Downloaded from central: https://repo.maven.apache.org/maven2/org/eclipse/jetty/jetty-util/8.1.8.v20121106/jetty-util-8.1.8.v20121106.pom (3.4 kB at 3.7 kB/s)
[INFO] Downloading from local-file: file:///w/lib/org/eclipse/jetty/jetty-webapp/8.1.8.v20121106/jetty-webapp-8.1.8.v20121106.pom
[INFO] Downloading from central: https://repo.maven.apache.org/maven2/org/eclipse/jetty/jetty-webapp/8.1.8.v20121106/jetty-webapp-8.1.8.v20121106.pom
[INFO] Downloaded from central: https://repo.maven.apache.org/maven2/org/eclipse/jetty/jetty-webapp/8.1.8.v20121106/jetty-webapp-8.1.8.v20121106.pom (3.5 kB at 8.9 kB/s)
[INFO] Downloading from local-file: file:///w/lib/org/eclipse/jetty/jetty-xml/8.1.8.v20121106/jetty-xml-8.1.8.v20121106.pom
[INFO] Downloading from central: https://repo.maven.apache.org/maven2/org/eclipse/jetty/jetty-xml/8.1.8.v20121106/jetty-xml-8.1.8.v20121106.pom
[INFO] Downloaded from central: https://repo.maven.apache.org/maven2/org/eclipse/jetty/jetty-xml/8.1.8.v20121106/jetty-xml-8.1.8.v20121106.pom (1.9 kB at 2.1 kB/s)
[INFO] Downloading from local-file: file:///w/lib/org/eclipse/jetty/jetty-servlet/8.1.8.v20121106/jetty-servlet-8.1.8.v20121106.pom
[INFO] Downloading from central: https://repo.maven.apache.org/maven2/org/eclipse/jetty/jetty-servlet/8.1.8.v20121106/jetty-servlet-8.1.8.v20121106.pom
[INFO] Downloaded from central: https://repo.maven.apache.org/maven2/org/eclipse/jetty/jetty-servlet/8.1.8.v20121106/jetty-servlet-8.1.8.v20121106.pom (2.7 kB at 7.3 kB/s)
[INFO] Downloading from local-file: file:///w/lib/org/eclipse/jetty/jetty-security/8.1.8.v20121106/jetty-security-8.1.8.v20121106.pom
[INFO] Downloading from central: https://repo.maven.apache.org/maven2/org/eclipse/jetty/jetty-security/8.1.8.v20121106/jetty-security-8.1.8.v20121106.pom
[INFO] Downloaded from central: https://repo.maven.apache.org/maven2/org/eclipse/jetty/jetty-security/8.1.8.v20121106/jetty-security-8.1.8.v20121106.pom (2.7 kB at 3.9 kB/s)
[INFO] Downloading from local-file: file:///w/lib/com/fasterxml/jackson/core/jackson-databind/2.9.0/jackson-databind-2.9.0.pom
[INFO] Downloading from central: https://repo.maven.apache.org/maven2/com/fasterxml/jackson/core/jackson-databind/2.9.0/jackson-databind-2.9.0.pom
[INFO] Downloaded from central: https://repo.maven.apache.org/maven2/com/fasterxml/jackson/core/jackson-databind/2.9.0/jackson-databind-2.9.0.pom (5.9 kB at 6.2 kB/s)
[INFO] Downloading from local-file: file:///w/lib/com/fasterxml/jackson/jackson-bom/2.9.0/jackson-bom-2.9.0.pom
[INFO] Downloading from central: https://repo.maven.apache.org/maven2/com/fasterxml/jackson/jackson-bom/2.9.0/jackson-bom-2.9.0.pom
[INFO] Downloaded from central: https://repo.maven.apache.org/maven2/com/fasterxml/jackson/jackson-bom/2.9.0/jackson-bom-2.9.0.pom (12 kB at 11 kB/s)
[INFO] Downloading from local-file: file:///w/lib/com/fasterxml/jackson/core/jackson-core/2.9.0/jackson-core-2.9.0.pom
[INFO] Downloading from central: https://repo.maven.apache.org/maven2/com/fasterxml/jackson/core/jackson-core/2.9.0/jackson-core-2.9.0.pom
[INFO] Downloaded from central: https://repo.maven.apache.org/maven2/com/fasterxml/jackson/core/jackson-core/2.9.0/jackson-core-2.9.0.pom (5.5 kB at 5.9 kB/s)
[INFO] Downloading from local-file: file:///w/lib/com/fasterxml/jackson/module/jackson-module-afterburner/2.9.0/jackson-module-afterburner-2.9.0.pom
[INFO] Downloading from central: https://repo.maven.apache.org/maven2/com/fasterxml/jackson/module/jackson-module-afterburner/2.9.0/jackson-module-afterburner-2.9.0.pom
[INFO] Downloaded from central: https://repo.maven.apache.org/maven2/com/fasterxml/jackson/module/jackson-module-afterburner/2.9.0/jackson-module-afterburner-2.9.0.pom (3.3 kB at 3.1 kB/s)
[INFO] Downloading from local-file: file:///w/lib/com/fasterxml/jackson/module/jackson-modules-base/2.9.0/jackson-modules-base-2.9.0.pom
[INFO] Downloading from central: https://repo.maven.apache.org/maven2/com/fasterxml/jackson/module/jackson-modules-base/2.9.0/jackson-modules-base-2.9.0.pom
[INFO] Downloaded from central: https://repo.maven.apache.org/maven2/com/fasterxml/jackson/module/jackson-modules-base/2.9.0/jackson-modules-base-2.9.0.pom (2.6 kB at 2.7 kB/s)
[INFO] Downloading from local-file: file:///w/lib/com/fasterxml/jackson/module/jackson-module-kotlin/2.9.0/jackson-module-kotlin-2.9.0.pom
[INFO] Downloading from central: https://repo.maven.apache.org/maven2/com/fasterxml/jackson/module/jackson-module-kotlin/2.9.0/jackson-module-kotlin-2.9.0.pom
[INFO] Downloaded from central: https://repo.maven.apache.org/maven2/com/fasterxml/jackson/module/jackson-module-kotlin/2.9.0/jackson-module-kotlin-2.9.0.pom (5.9 kB at 5.7 kB/s)
[INFO] Downloading from local-file: file:///w/lib/org/jetbrains/kotlin/kotlin-reflect/1.1.3/kotlin-reflect-1.1.3.pom
[INFO] Downloading from central: https://repo.maven.apache.org/maven2/org/jetbrains/kotlin/kotlin-reflect/1.1.3/kotlin-reflect-1.1.3.pom
[INFO] Downloaded from central: https://repo.maven.apache.org/maven2/org/jetbrains/kotlin/kotlin-reflect/1.1.3/kotlin-reflect-1.1.3.pom (1.4 kB at 685 B/s)
[INFO] Downloading from local-file: file:///w/lib/org/jetbrains/kotlin/kotlin-stdlib/1.1.3/kotlin-stdlib-1.1.3.pom
[INFO] Downloading from central: https://repo.maven.apache.org/maven2/org/jetbrains/kotlin/kotlin-stdlib/1.1.3/kotlin-stdlib-1.1.3.pom
[INFO] Downloaded from central: https://repo.maven.apache.org/maven2/org/jetbrains/kotlin/kotlin-stdlib/1.1.3/kotlin-stdlib-1.1.3.pom (1.6 kB at 303 B/s)
[INFO] Downloading from local-file: file:///w/lib/org/jetbrains/annotations/13.0/annotations-13.0.pom
[INFO] Downloading from central: https://repo.maven.apache.org/maven2/org/jetbrains/annotations/13.0/annotations-13.0.pom
[INFO] Downloaded from central: https://repo.maven.apache.org/maven2/org/jetbrains/annotations/13.0/annotations-13.0.pom (4.9 kB at 4.7 kB/s)
[INFO] Downloading from local-file: file:///w/lib/cglib/cglib-nodep/2.2.2/cglib-nodep-2.2.2.pom
[INFO] Downloading from central: https://repo.maven.apache.org/maven2/cglib/cglib-nodep/2.2.2/cglib-nodep-2.2.2.pom
[INFO] Downloaded from central: https://repo.maven.apache.org/maven2/cglib/cglib-nodep/2.2.2/cglib-nodep-2.2.2.pom (1.2 kB at 303 B/s)
[INFO] Downloading from local-file: file:///w/lib/com/fasterxml/jackson/jaxrs/jackson-jaxrs-json-provider/2.8.7/jackson-jaxrs-json-provider-2.8.7.pom
[INFO] Downloading from central: https://repo.maven.apache.org/maven2/com/fasterxml/jackson/jaxrs/jackson-jaxrs-json-provider/2.8.7/jackson-jaxrs-json-provider-2.8.7.pom
[INFO] Downloaded from central: https://repo.maven.apache.org/maven2/com/fasterxml/jackson/jaxrs/jackson-jaxrs-json-provider/2.8.7/jackson-jaxrs-json-provider-2.8.7.pom (4.1 kB at 240 B/s)
[INFO] Downloading from local-file: file:///w/lib/com/fasterxml/jackson/jaxrs/jackson-jaxrs-providers/2.8.7/jackson-jaxrs-providers-2.8.7.pom
[INFO] Downloading from central: https://repo.maven.apache.org/maven2/com/fasterxml/jackson/jaxrs/jackson-jaxrs-providers/2.8.7/jackson-jaxrs-providers-2.8.7.pom
[INFO] Downloaded from central: https://repo.maven.apache.org/maven2/com/fasterxml/jackson/jaxrs/jackson-jaxrs-providers/2.8.7/jackson-jaxrs-providers-2.8.7.pom (4.7 kB at 12 kB/s)
[INFO] Downloading from local-file: file:///w/lib/com/fasterxml/jackson/jackson-parent/2.8/jackson-parent-2.8.pom
[INFO] Downloading from central: https://repo.maven.apache.org/maven2/com/fasterxml/jackson/jackson-parent/2.8/jackson-parent-2.8.pom
[INFO] Downloaded from central: https://repo.maven.apache.org/maven2/com/fasterxml/jackson/jackson-parent/2.8/jackson-parent-2.8.pom (8.0 kB at 3.0 kB/s)
[INFO] Downloading from local-file: file:///w/lib/com/fasterxml/oss-parent/27/oss-parent-27.pom
[INFO] Downloading from central: https://repo.maven.apache.org/maven2/com/fasterxml/oss-parent/27/oss-parent-27.pom
[INFO] Downloaded from central: https://repo.maven.apache.org/maven2/com/fasterxml/oss-parent/27/oss-parent-27.pom (20 kB at 31 kB/s)
[INFO] Downloading from local-file: file:///w/lib/com/fasterxml/jackson/jaxrs/jackson-jaxrs-base/2.8.7/jackson-jaxrs-base-2.8.7.pom
[INFO] Downloading from central: https://repo.maven.apache.org/maven2/com/fasterxml/jackson/jaxrs/jackson-jaxrs-base/2.8.7/jackson-jaxrs-base-2.8.7.pom
[INFO] Downloaded from central: https://repo.maven.apache.org/maven2/com/fasterxml/jackson/jaxrs/jackson-jaxrs-base/2.8.7/jackson-jaxrs-base-2.8.7.pom (1.6 kB at 3.4 kB/s)
[INFO] Downloading from local-file: file:///w/lib/com/fasterxml/jackson/core/jackson-core/2.8.7/jackson-core-2.8.7.pom
[INFO] Downloading from central: https://repo.maven.apache.org/maven2/com/fasterxml/jackson/core/jackson-core/2.8.7/jackson-core-2.8.7.pom
[INFO] Downloaded from central: https://repo.maven.apache.org/maven2/com/fasterxml/jackson/core/jackson-core/2.8.7/jackson-core-2.8.7.pom (5.4 kB at 28 kB/s)
[INFO] Downloading from local-file: file:///w/lib/com/fasterxml/jackson/core/jackson-databind/2.8.7/jackson-databind-2.8.7.pom
[INFO] Downloading from central: https://repo.maven.apache.org/maven2/com/fasterxml/jackson/core/jackson-databind/2.8.7/jackson-databind-2.8.7.pom
[INFO] Downloaded from central: https://repo.maven.apache.org/maven2/com/fasterxml/jackson/core/jackson-databind/2.8.7/jackson-databind-2.8.7.pom (5.4 kB at 7.9 kB/s)
[INFO] Downloading from local-file: file:///w/lib/com/fasterxml/jackson/core/jackson-annotations/2.8.0/jackson-annotations-2.8.0.pom
[INFO] Downloading from central: https://repo.maven.apache.org/maven2/com/fasterxml/jackson/core/jackson-annotations/2.8.0/jackson-annotations-2.8.0.pom
[INFO] Downloaded from central: https://repo.maven.apache.org/maven2/com/fasterxml/jackson/core/jackson-annotations/2.8.0/jackson-annotations-2.8.0.pom (1.8 kB at 875 B/s)
[INFO] Downloading from local-file: file:///w/lib/com/fasterxml/jackson/module/jackson-module-jaxb-annotations/2.8.7/jackson-module-jaxb-annotations-2.8.7.pom
[INFO] Downloading from central: https://repo.maven.apache.org/maven2/com/fasterxml/jackson/module/jackson-module-jaxb-annotations/2.8.7/jackson-module-jaxb-annotations-2.8.7.pom
[INFO] Downloaded from central: https://repo.maven.apache.org/maven2/com/fasterxml/jackson/module/jackson-module-jaxb-annotations/2.8.7/jackson-module-jaxb-annotations-2.8.7.pom (3.5 kB at 4.6 kB/s)
[INFO] Downloading from local-file: file:///w/lib/com/fasterxml/jackson/jackson-bom/2.8.7/jackson-bom-2.8.7.pom
[INFO] Downloading from central: https://repo.maven.apache.org/maven2/com/fasterxml/jackson/jackson-bom/2.8.7/jackson-bom-2.8.7.pom
[INFO] Downloaded from central: https://repo.maven.apache.org/maven2/com/fasterxml/jackson/jackson-bom/2.8.7/jackson-bom-2.8.7.pom (10 kB at 38 kB/s)
[INFO] Downloading from local-file: file:///w/lib/com/googlecode/json-simple/json-simple/1.1.1/json-simple-1.1.1.pom
[INFO] Downloading from central: https://repo.maven.apache.org/maven2/com/googlecode/json-simple/json-simple/1.1.1/json-simple-1.1.1.pom
[INFO] Downloaded from central: https://repo.maven.apache.org/maven2/com/googlecode/json-simple/json-simple/1.1.1/json-simple-1.1.1.pom (3.5 kB at 932 B/s)
[INFO] Downloading from local-file: file:///w/lib/junit/junit/4.10/junit-4.10.pom
[INFO] Downloading from central: https://repo.maven.apache.org/maven2/junit/junit/4.10/junit-4.10.pom
[INFO] Downloaded from central: https://repo.maven.apache.org/maven2/junit/junit/4.10/junit-4.10.pom (2.3 kB at 10 kB/s)
[INFO] Downloading from local-file: file:///w/lib/org/hamcrest/hamcrest-core/1.1/hamcrest-core-1.1.pom
[INFO] Downloading from central: https://repo.maven.apache.org/maven2/org/hamcrest/hamcrest-core/1.1/hamcrest-core-1.1.pom
[INFO] Downloaded from central: https://repo.maven.apache.org/maven2/org/hamcrest/hamcrest-core/1.1/hamcrest-core-1.1.pom (481 B at 386 B/s)
[INFO] Downloading from local-file: file:///w/lib/org/hamcrest/hamcrest-parent/1.1/hamcrest-parent-1.1.pom
[INFO] Downloading from central: https://repo.maven.apache.org/maven2/org/hamcrest/hamcrest-parent/1.1/hamcrest-parent-1.1.pom
[INFO] Downloaded from central: https://repo.maven.apache.org/maven2/org/hamcrest/hamcrest-parent/1.1/hamcrest-parent-1.1.pom (5.9 kB at 2.3 kB/s)
[INFO] Downloading from local-file: file:///w/lib/commons-io/commons-io/1.4/commons-io-1.4.pom
[INFO] Downloading from central: https://repo.maven.apache.org/maven2/commons-io/commons-io/1.4/commons-io-1.4.pom
[INFO] Downloaded from central: https://repo.maven.apache.org/maven2/commons-io/commons-io/1.4/commons-io-1.4.pom (13 kB at 22 kB/s)
[INFO] Downloading from local-file: file:///w/lib/org/apache/commons/commons-parent/7/commons-parent-7.pom
[INFO] Downloading from central: https://repo.maven.apache.org/maven2/org/apache/commons/commons-parent/7/commons-parent-7.pom
[INFO] Downloaded from central: https://repo.maven.apache.org/maven2/org/apache/commons/commons-parent/7/commons-parent-7.pom (17 kB at 87 kB/s)
[INFO] Downloading from local-file: file:///w/lib/net/sf/json-lib/json-lib/2.4/json-lib-2.4.pom
[INFO] Downloading from central: https://repo.maven.apache.org/maven2/net/sf/json-lib/json-lib/2.4/json-lib-2.4.pom
[INFO] Downloaded from central: https://repo.maven.apache.org/maven2/net/sf/json-lib/json-lib/2.4/json-lib-2.4.pom (13 kB at 8.1 kB/s)
[INFO] Downloading from local-file: file:///w/lib/commons-beanutils/commons-beanutils/1.8.0/commons-beanutils-1.8.0.pom
[INFO] Downloading from central: https://repo.maven.apache.org/maven2/commons-beanutils/commons-beanutils/1.8.0/commons-beanutils-1.8.0.pom
[INFO] Downloaded from central: https://repo.maven.apache.org/maven2/commons-beanutils/commons-beanutils/1.8.0/commons-beanutils-1.8.0.pom (11 kB at 30 kB/s)
[INFO] Downloading from local-file: file:///w/lib/org/apache/commons/commons-parent/11/commons-parent-11.pom
[INFO] Downloading from central: https://repo.maven.apache.org/maven2/org/apache/commons/commons-parent/11/commons-parent-11.pom
[INFO] Downloaded from central: https://repo.maven.apache.org/maven2/org/apache/commons/commons-parent/11/commons-parent-11.pom (25 kB at 30 kB/s)
[INFO] Downloading from local-file: file:///w/lib/commons-logging/commons-logging/1.1.1/commons-logging-1.1.1.pom
[INFO] Downloading from central: https://repo.maven.apache.org/maven2/commons-logging/commons-logging/1.1.1/commons-logging-1.1.1.pom
[INFO] Downloaded from central: https://repo.maven.apache.org/maven2/commons-logging/commons-logging/1.1.1/commons-logging-1.1.1.pom (18 kB at 93 kB/s)
[INFO] Downloading from local-file: file:///w/lib/org/apache/commons/commons-parent/5/commons-parent-5.pom
[INFO] Downloading from central: https://repo.maven.apache.org/maven2/org/apache/commons/commons-parent/5/commons-parent-5.pom
[INFO] Downloaded from central: https://repo.maven.apache.org/maven2/org/apache/commons/commons-parent/5/commons-parent-5.pom (16 kB at 84 kB/s)
[INFO] Downloading from local-file: file:///w/lib/commons-collections/commons-collections/3.2.1/commons-collections-3.2.1.pom
[INFO] Downloading from central: https://repo.maven.apache.org/maven2/commons-collections/commons-collections/3.2.1/commons-collections-3.2.1.pom
[INFO] Downloaded from central: https://repo.maven.apache.org/maven2/commons-collections/commons-collections/3.2.1/commons-collections-3.2.1.pom (13 kB at 59 kB/s)
[INFO] Downloading from local-file: file:///w/lib/org/apache/commons/commons-parent/9/commons-parent-9.pom
[INFO] Downloading from central: https://repo.maven.apache.org/maven2/org/apache/commons/commons-parent/9/commons-parent-9.pom
[INFO] Downloaded from central: https://repo.maven.apache.org/maven2/org/apache/commons/commons-parent/9/commons-parent-9.pom (22 kB at 106 kB/s)
[INFO] Downloading from local-file: file:///w/lib/commons-lang/commons-lang/2.5/commons-lang-2.5.pom
[INFO] Downloading from central: https://repo.maven.apache.org/maven2/commons-lang/commons-lang/2.5/commons-lang-2.5.pom
[INFO] Downloaded from central: https://repo.maven.apache.org/maven2/commons-lang/commons-lang/2.5/commons-lang-2.5.pom (17 kB at 86 kB/s)
[INFO] Downloading from local-file: file:///w/lib/org/apache/commons/commons-parent/12/commons-parent-12.pom
[INFO] Downloading from central: https://repo.maven.apache.org/maven2/org/apache/commons/commons-parent/12/commons-parent-12.pom
[INFO] Downloaded from central: https://repo.maven.apache.org/maven2/org/apache/commons/commons-parent/12/commons-parent-12.pom (27 kB at 40 kB/s)
[INFO] Downloading from local-file: file:///w/lib/net/sf/ezmorph/ezmorph/1.0.6/ezmorph-1.0.6.pom
[INFO] Downloading from central: https://repo.maven.apache.org/maven2/net/sf/ezmorph/ezmorph/1.0.6/ezmorph-1.0.6.pom
[INFO] Downloaded from central: https://repo.maven.apache.org/maven2/net/sf/ezmorph/ezmorph/1.0.6/ezmorph-1.0.6.pom (6.8 kB at 15 kB/s)
[INFO] Downloading from local-file: file:///w/lib/commons-lang/commons-lang/2.3/commons-lang-2.3.pom
[INFO] Downloading from central: https://repo.maven.apache.org/maven2/commons-lang/commons-lang/2.3/commons-lang-2.3.pom
[INFO] Downloaded from central: https://repo.maven.apache.org/maven2/commons-lang/commons-lang/2.3/commons-lang-2.3.pom (11 kB at 31 kB/s)
[INFO] Downloading from local-file: file:///w/lib/com/google/code/gson/gson/2.6.2/gson-2.6.2.pom
[INFO] Downloading from central: https://repo.maven.apache.org/maven2/com/google/code/gson/gson/2.6.2/gson-2.6.2.pom
[INFO] Downloaded from central: https://repo.maven.apache.org/maven2/com/google/code/gson/gson/2.6.2/gson-2.6.2.pom (1.4 kB at 7.5 kB/s)
[INFO] Downloading from local-file: file:///w/lib/com/google/code/gson/gson-parent/2.6.2/gson-parent-2.6.2.pom
[INFO] Downloading from central: https://repo.maven.apache.org/maven2/com/google/code/gson/gson-parent/2.6.2/gson-parent-2.6.2.pom
[INFO] Downloaded from central: https://repo.maven.apache.org/maven2/com/google/code/gson/gson-parent/2.6.2/gson-parent-2.6.2.pom (3.6 kB at 2.9 kB/s)
[INFO] Downloading from local-file: file:///w/lib/net/minidev/json-smart/2.2.1/json-smart-2.2.1.pom
[INFO] Downloading from central: https://repo.maven.apache.org/maven2/net/minidev/json-smart/2.2.1/json-smart-2.2.1.pom
[INFO] Downloaded from central: https://repo.maven.apache.org/maven2/net/minidev/json-smart/2.2.1/json-smart-2.2.1.pom (12 kB at 34 kB/s)
[INFO] Downloading from local-file: file:///w/lib/net/minidev/accessors-smart/1.1/accessors-smart-1.1.pom
[INFO] Downloading from central: https://repo.maven.apache.org/maven2/net/minidev/accessors-smart/1.1/accessors-smart-1.1.pom
[INFO] Downloaded from central: https://repo.maven.apache.org/maven2/net/minidev/accessors-smart/1.1/accessors-smart-1.1.pom (2.1 kB at 10 kB/s)
[INFO] Downloading from local-file: file:///w/lib/net/minidev/minidev-parent/2.2/minidev-parent-2.2.pom
[INFO] Downloading from central: https://repo.maven.apache.org/maven2/net/minidev/minidev-parent/2.2/minidev-parent-2.2.pom
[INFO] Downloaded from central: https://repo.maven.apache.org/maven2/net/minidev/minidev-parent/2.2/minidev-parent-2.2.pom (9.1 kB at 47 kB/s)
[INFO] Downloading from local-file: file:///w/lib/org/ow2/asm/asm/5.0.3/asm-5.0.3.pom
[INFO] Downloading from central: https://repo.maven.apache.org/maven2/org/ow2/asm/asm/5.0.3/asm-5.0.3.pom
[INFO] Downloaded from central: https://repo.maven.apache.org/maven2/org/ow2/asm/asm/5.0.3/asm-5.0.3.pom (1.9 kB at 10 kB/s)
[INFO] Downloading from local-file: file:///w/lib/org/ow2/asm/asm-parent/5.0.3/asm-parent-5.0.3.pom
[INFO] Downloading from central: https://repo.maven.apache.org/maven2/org/ow2/asm/asm-parent/5.0.3/asm-parent-5.0.3.pom
[INFO] Downloaded from central: https://repo.maven.apache.org/maven2/org/ow2/asm/asm-parent/5.0.3/asm-parent-5.0.3.pom (5.5 kB at 28 kB/s)
[INFO] Downloading from local-file: file:///w/lib/org/clojure/clojure/1.5.1/clojure-1.5.1.pom
[INFO] Downloading from central: https://repo.maven.apache.org/maven2/org/clojure/clojure/1.5.1/clojure-1.5.1.pom
[INFO] Downloaded from central: https://repo.maven.apache.org/maven2/org/clojure/clojure/1.5.1/clojure-1.5.1.pom (6.2 kB at 31 kB/s)
[INFO] Downloading from local-file: file:///w/lib/org/sonatype/oss/oss-parent/5/oss-parent-5.pom
[INFO] Downloading from central: https://repo.maven.apache.org/maven2/org/sonatype/oss/oss-parent/5/oss-parent-5.pom
[INFO] Downloaded from central: https://repo.maven.apache.org/maven2/org/sonatype/oss/oss-parent/5/oss-parent-5.pom (4.1 kB at 11 kB/s)
[INFO] Downloading from local-file: file:///w/lib/org/codehaus/groovy/groovy/2.1.5/groovy-2.1.5.pom
[INFO] Downloading from central: https://repo.maven.apache.org/maven2/org/codehaus/groovy/groovy/2.1.5/groovy-2.1.5.pom
[INFO] Downloaded from central: https://repo.maven.apache.org/maven2/org/codehaus/groovy/groovy/2.1.5/groovy-2.1.5.pom (16 kB at 4.4 kB/s)
[INFO] Downloading from local-file: file:///w/lib/antlr/antlr/2.7.7/antlr-2.7.7.pom
[INFO] Downloading from central: https://repo.maven.apache.org/maven2/antlr/antlr/2.7.7/antlr-2.7.7.pom
[INFO] Downloaded from central: https://repo.maven.apache.org/maven2/antlr/antlr/2.7.7/antlr-2.7.7.pom (632 B at 739 B/s)
[INFO] Downloading from local-file: file:///w/lib/org/ow2/asm/asm-tree/4.0/asm-tree-4.0.pom
[INFO] Downloading from central: https://repo.maven.apache.org/maven2/org/ow2/asm/asm-tree/4.0/asm-tree-4.0.pom
[INFO] Downloaded from central: https://repo.maven.apache.org/maven2/org/ow2/asm/asm-tree/4.0/asm-tree-4.0.pom (2.1 kB at 2.9 kB/s)
[INFO] Downloading from local-file: file:///w/lib/org/ow2/asm/asm-parent/4.0/asm-parent-4.0.pom
[INFO] Downloading from central: https://repo.maven.apache.org/maven2/org/ow2/asm/asm-parent/4.0/asm-parent-4.0.pom
[INFO] Downloaded from central: https://repo.maven.apache.org/maven2/org/ow2/asm/asm-parent/4.0/asm-parent-4.0.pom (5.5 kB at 1.2 kB/s)
[INFO] Downloading from local-file: file:///w/lib/org/ow2/asm/asm/4.0/asm-4.0.pom
[INFO] Downloading from central: https://repo.maven.apache.org/maven2/org/ow2/asm/asm/4.0/asm-4.0.pom
[INFO] Downloaded from central: https://repo.maven.apache.org/maven2/org/ow2/asm/asm/4.0/asm-4.0.pom (1.9 kB at 5.2 kB/s)
[INFO] Downloading from local-file: file:///w/lib/org/ow2/asm/asm-commons/4.0/asm-commons-4.0.pom
[INFO] Downloading from central: https://repo.maven.apache.org/maven2/org/ow2/asm/asm-commons/4.0/asm-commons-4.0.pom
[INFO] Downloaded from central: https://repo.maven.apache.org/maven2/org/ow2/asm/asm-commons/4.0/asm-commons-4.0.pom (2.1 kB at 5.9 kB/s)
[INFO] Downloading from local-file: file:///w/lib/org/ow2/asm/asm-util/4.0/asm-util-4.0.pom
[INFO] Downloading from central: https://repo.maven.apache.org/maven2/org/ow2/asm/asm-util/4.0/asm-util-4.0.pom
[INFO] Downloaded from central: https://repo.maven.apache.org/maven2/org/ow2/asm/asm-util/4.0/asm-util-4.0.pom (2.1 kB at 7.4 kB/s)
[INFO] Downloading from local-file: file:///w/lib/org/ow2/asm/asm-analysis/4.0/asm-analysis-4.0.pom
[INFO] Downloading from central: https://repo.maven.apache.org/maven2/org/ow2/asm/asm-analysis/4.0/asm-analysis-4.0.pom
[INFO] Downloaded from central: https://repo.maven.apache.org/maven2/org/ow2/asm/asm-analysis/4.0/asm-analysis-4.0.pom (2.1 kB at 7.0 kB/s)
[INFO] Downloading from local-file: file:///w/lib/org/springframework/spring-test/4.3.7.RELEASE/spring-test-4.3.7.RELEASE.pom
[INFO] Downloading from central: https://repo.maven.apache.org/maven2/org/springframework/spring-test/4.3.7.RELEASE/spring-test-4.3.7.RELEASE.pom
[INFO] Downloaded from central: https://repo.maven.apache.org/maven2/org/springframework/spring-test/4.3.7.RELEASE/spring-test-4.3.7.RELEASE.pom (8.0 kB at 37 kB/s)
[INFO] Downloading from local-file: file:///w/lib/org/javassist/javassist/3.18.0-GA/javassist-3.18.0-GA.pom
[INFO] Downloading from central: https://repo.maven.apache.org/maven2/org/javassist/javassist/3.18.0-GA/javassist-3.18.0-GA.pom
[INFO] Downloaded from central: https://repo.maven.apache.org/maven2/org/javassist/javassist/3.18.0-GA/javassist-3.18.0-GA.pom (9.2 kB at 46 kB/s)
[INFO] Downloading from local-file: file:///w/lib/org/apache/cxf/cxf-rt-rs-client/3.1.2/cxf-rt-rs-client-3.1.2.pom
[INFO] Downloading from central: https://repo.maven.apache.org/maven2/org/apache/cxf/cxf-rt-rs-client/3.1.2/cxf-rt-rs-client-3.1.2.pom
[INFO] Downloaded from central: https://repo.maven.apache.org/maven2/org/apache/cxf/cxf-rt-rs-client/3.1.2/cxf-rt-rs-client-3.1.2.pom (5.6 kB at 26 kB/s)
[INFO] Downloading from local-file: file:///w/lib/org/springframework/data/spring-data-commons-core/1.4.1.RELEASE/spring-data-commons-core-1.4.1.RELEASE.pom
[INFO] Downloading from central: https://repo.maven.apache.org/maven2/org/springframework/data/spring-data-commons-core/1.4.1.RELEASE/spring-data-commons-core-1.4.1.RELEASE.pom
[INFO] Downloaded from central: https://repo.maven.apache.org/maven2/org/springframework/data/spring-data-commons-core/1.4.1.RELEASE/spring-data-commons-core-1.4.1.RELEASE.pom (5.4 kB at 11 kB/s)
[INFO] Downloading from local-file: file:///w/lib/org/springframework/data/spring-data-commons-parent/1.4.1.RELEASE/spring-data-commons-parent-1.4.1.RELEASE.pom
[INFO] Downloading from central: https://repo.maven.apache.org/maven2/org/springframework/data/spring-data-commons-parent/1.4.1.RELEASE/spring-data-commons-parent-1.4.1.RELEASE.pom
[INFO] Downloaded from central: https://repo.maven.apache.org/maven2/org/springframework/data/spring-data-commons-parent/1.4.1.RELEASE/spring-data-commons-parent-1.4.1.RELEASE.pom (7.0 kB at 34 kB/s)
[INFO] Downloading from local-file: file:///w/lib/org/springframework/spring-core/3.1.2.RELEASE/spring-core-3.1.2.RELEASE.pom
[INFO] Downloading from central: https://repo.maven.apache.org/maven2/org/springframework/spring-core/3.1.2.RELEASE/spring-core-3.1.2.RELEASE.pom
[INFO] Downloaded from central: https://repo.maven.apache.org/maven2/org/springframework/spring-core/3.1.2.RELEASE/spring-core-3.1.2.RELEASE.pom (2.6 kB at 13 kB/s)
[INFO] Downloading from local-file: file:///w/lib/org/springframework/spring-parent/3.1.2.RELEASE/spring-parent-3.1.2.RELEASE.pom
[INFO] Downloading from central: https://repo.maven.apache.org/maven2/org/springframework/spring-parent/3.1.2.RELEASE/spring-parent-3.1.2.RELEASE.pom
[INFO] Downloaded from central: https://repo.maven.apache.org/maven2/org/springframework/spring-parent/3.1.2.RELEASE/spring-parent-3.1.2.RELEASE.pom (8.7 kB at 43 kB/s)
[INFO] Downloading from local-file: file:///w/lib/org/springframework/spring-asm/3.1.2.RELEASE/spring-asm-3.1.2.RELEASE.pom
[INFO] Downloading from central: https://repo.maven.apache.org/maven2/org/springframework/spring-asm/3.1.2.RELEASE/spring-asm-3.1.2.RELEASE.pom
[INFO] Downloaded from central: https://repo.maven.apache.org/maven2/org/springframework/spring-asm/3.1.2.RELEASE/spring-asm-3.1.2.RELEASE.pom (2.5 kB at 13 kB/s)
[INFO] Downloading from local-file: file:///w/lib/org/springframework/spring-beans/3.1.2.RELEASE/spring-beans-3.1.2.RELEASE.pom
[INFO] Downloading from central: https://repo.maven.apache.org/maven2/org/springframework/spring-beans/3.1.2.RELEASE/spring-beans-3.1.2.RELEASE.pom
[INFO] Downloaded from central: https://repo.maven.apache.org/maven2/org/springframework/spring-beans/3.1.2.RELEASE/spring-beans-3.1.2.RELEASE.pom (2.6 kB at 12 kB/s)
[INFO] Downloading from local-file: file:///w/lib/org/glassfish/jersey/containers/jersey-container-servlet/2.23.2/jersey-container-servlet-2.23.2.pom
[INFO] Downloading from central: https://repo.maven.apache.org/maven2/org/glassfish/jersey/containers/jersey-container-servlet/2.23.2/jersey-container-servlet-2.23.2.pom
[INFO] Downloaded from central: https://repo.maven.apache.org/maven2/org/glassfish/jersey/containers/jersey-container-servlet/2.23.2/jersey-container-servlet-2.23.2.pom (4.6 kB at 23 kB/s)
[INFO] Downloading from local-file: file:///w/lib/org/glassfish/jersey/containers/project/2.23.2/project-2.23.2.pom
[INFO] Downloading from central: https://repo.maven.apache.org/maven2/org/glassfish/jersey/containers/project/2.23.2/project-2.23.2.pom
[INFO] Downloaded from central: https://repo.maven.apache.org/maven2/org/glassfish/jersey/containers/project/2.23.2/project-2.23.2.pom (3.8 kB at 19 kB/s)
[INFO] Downloading from local-file: file:///w/lib/org/glassfish/jersey/containers/jersey-container-servlet-core/2.23.2/jersey-container-servlet-core-2.23.2.pom
[INFO] Downloading from central: https://repo.maven.apache.org/maven2/org/glassfish/jersey/containers/jersey-container-servlet-core/2.23.2/jersey-container-servlet-core-2.23.2.pom
[INFO] Downloaded from central: https://repo.maven.apache.org/maven2/org/glassfish/jersey/containers/jersey-container-servlet-core/2.23.2/jersey-container-servlet-core-2.23.2.pom (4.7 kB at 23 kB/s)
[INFO] Downloading from local-file: file:///w/lib/org/glassfish/jersey/core/jersey-server/2.23.2/jersey-server-2.23.2.pom
[INFO] Downloading from central: https://repo.maven.apache.org/maven2/org/glassfish/jersey/core/jersey-server/2.23.2/jersey-server-2.23.2.pom
[INFO] Downloaded from central: https://repo.maven.apache.org/maven2/org/glassfish/jersey/core/jersey-server/2.23.2/jersey-server-2.23.2.pom (12 kB at 58 kB/s)
[INFO] Downloading from local-file: file:///w/lib/org/glassfish/jersey/core/jersey-client/2.23.2/jersey-client-2.23.2.pom
[INFO] Downloading from central: https://repo.maven.apache.org/maven2/org/glassfish/jersey/core/jersey-client/2.23.2/jersey-client-2.23.2.pom
[INFO] Downloaded from central: https://repo.maven.apache.org/maven2/org/glassfish/jersey/core/jersey-client/2.23.2/jersey-client-2.23.2.pom (7.6 kB at 38 kB/s)
[INFO] Downloading from local-file: file:///w/lib/org/glassfish/jersey/media/jersey-media-jaxb/2.23.2/jersey-media-jaxb-2.23.2.pom
[INFO] Downloading from central: https://repo.maven.apache.org/maven2/org/glassfish/jersey/media/jersey-media-jaxb/2.23.2/jersey-media-jaxb-2.23.2.pom
[INFO] Downloaded from central: https://repo.maven.apache.org/maven2/org/glassfish/jersey/media/jersey-media-jaxb/2.23.2/jersey-media-jaxb-2.23.2.pom (7.1 kB at 23 kB/s)
[INFO] Downloading from local-file: file:///w/lib/org/glassfish/jersey/media/project/2.23.2/project-2.23.2.pom
[INFO] Downloading from central: https://repo.maven.apache.org/maven2/org/glassfish/jersey/media/project/2.23.2/project-2.23.2.pom
[INFO] Downloaded from central: https://repo.maven.apache.org/maven2/org/glassfish/jersey/media/project/2.23.2/project-2.23.2.pom (3.0 kB at 16 kB/s)
[INFO] Downloading from local-file: file:///w/lib/org/glassfish/jersey/test-framework/providers/jersey-test-framework-provider-jdk-http/2.23.2/jersey-test-framework-provider-jdk-http-2.23.2.pom
[INFO] Downloading from central: https://repo.maven.apache.org/maven2/org/glassfish/jersey/test-framework/providers/jersey-test-framework-provider-jdk-http/2.23.2/jersey-test-framework-provider-jdk-http-2.23.2.pom
[INFO] Downloaded from central: https://repo.maven.apache.org/maven2/org/glassfish/jersey/test-framework/providers/jersey-test-framework-provider-jdk-http/2.23.2/jersey-test-framework-provider-jdk-http-2.23.2.pom (3.6 kB at 18 kB/s)
[INFO] Downloading from local-file: file:///w/lib/org/glassfish/jersey/test-framework/providers/project/2.23.2/project-2.23.2.pom
[INFO] Downloading from central: https://repo.maven.apache.org/maven2/org/glassfish/jersey/test-framework/providers/project/2.23.2/project-2.23.2.pom
[INFO] Downloaded from central: https://repo.maven.apache.org/maven2/org/glassfish/jersey/test-framework/providers/project/2.23.2/project-2.23.2.pom (3.0 kB at 16 kB/s)
[INFO] Downloading from local-file: file:///w/lib/org/glassfish/jersey/test-framework/project/2.23.2/project-2.23.2.pom
[INFO] Downloading from central: https://repo.maven.apache.org/maven2/org/glassfish/jersey/test-framework/project/2.23.2/project-2.23.2.pom
[INFO] Downloaded from central: https://repo.maven.apache.org/maven2/org/glassfish/jersey/test-framework/project/2.23.2/project-2.23.2.pom (3.2 kB at 16 kB/s)
[INFO] Downloading from local-file: file:///w/lib/org/glassfish/jersey/test-framework/jersey-test-framework-core/2.23.2/jersey-test-framework-core-2.23.2.pom
[INFO] Downloading from central: https://repo.maven.apache.org/maven2/org/glassfish/jersey/test-framework/jersey-test-framework-core/2.23.2/jersey-test-framework-core-2.23.2.pom
[INFO] Downloaded from central: https://repo.maven.apache.org/maven2/org/glassfish/jersey/test-framework/jersey-test-framework-core/2.23.2/jersey-test-framework-core-2.23.2.pom (4.4 kB at 1.4 kB/s)
[INFO] Downloading from local-file: file:///w/lib/javax/servlet/javax.servlet-api/3.0.1/javax.servlet-api-3.0.1.pom
[INFO] Downloading from central: https://repo.maven.apache.org/maven2/javax/servlet/javax.servlet-api/3.0.1/javax.servlet-api-3.0.1.pom
[INFO] Downloaded from central: https://repo.maven.apache.org/maven2/javax/servlet/javax.servlet-api/3.0.1/javax.servlet-api-3.0.1.pom (13 kB at 21 kB/s)
[INFO] Downloading from local-file: file:///w/lib/org/ow2/asm/asm-debug-all/5.0.4/asm-debug-all-5.0.4.pom
[INFO] Downloading from central: https://repo.maven.apache.org/maven2/org/ow2/asm/asm-debug-all/5.0.4/asm-debug-all-5.0.4.pom
[INFO] Downloaded from central: https://repo.maven.apache.org/maven2/org/ow2/asm/asm-debug-all/5.0.4/asm-debug-all-5.0.4.pom (2.0 kB at 3.9 kB/s)
[INFO] Downloading from local-file: file:///w/lib/org/ow2/asm/asm-parent/5.0.4/asm-parent-5.0.4.pom
[INFO] Downloading from central: https://repo.maven.apache.org/maven2/org/ow2/asm/asm-parent/5.0.4/asm-parent-5.0.4.pom
[INFO] Downloaded from central: https://repo.maven.apache.org/maven2/org/ow2/asm/asm-parent/5.0.4/asm-parent-5.0.4.pom (5.5 kB at 23 kB/s)
[INFO] Downloading from local-file: file:///w/lib/org/glassfish/jersey/containers/jersey-container-jdk-http/2.23.2/jersey-container-jdk-http-2.23.2.pom
[INFO] Downloading from central: https://repo.maven.apache.org/maven2/org/glassfish/jersey/containers/jersey-container-jdk-http/2.23.2/jersey-container-jdk-http-2.23.2.pom
[INFO] Downloaded from central: https://repo.maven.apache.org/maven2/org/glassfish/jersey/containers/jersey-container-jdk-http/2.23.2/jersey-container-jdk-http-2.23.2.pom (5.5 kB at 2.1 kB/s)
[INFO] Downloading from local-file: file:///w/lib/org/glassfish/jersey/media/jersey-media-json-jackson/2.23.2/jersey-media-json-jackson-2.23.2.pom
[INFO] Downloading from central: https://repo.maven.apache.org/maven2/org/glassfish/jersey/media/jersey-media-json-jackson/2.23.2/jersey-media-json-jackson-2.23.2.pom
[INFO] Downloaded from central: https://repo.maven.apache.org/maven2/org/glassfish/jersey/media/jersey-media-json-jackson/2.23.2/jersey-media-json-jackson-2.23.2.pom (4.8 kB at 23 kB/s)
[INFO] Downloading from local-file: file:///w/lib/org/glassfish/jersey/ext/jersey-entity-filtering/2.23.2/jersey-entity-filtering-2.23.2.pom
[INFO] Downloading from central: https://repo.maven.apache.org/maven2/org/glassfish/jersey/ext/jersey-entity-filtering/2.23.2/jersey-entity-filtering-2.23.2.pom
[INFO] Downloaded from central: https://repo.maven.apache.org/maven2/org/glassfish/jersey/ext/jersey-entity-filtering/2.23.2/jersey-entity-filtering-2.23.2.pom (4.6 kB at 23 kB/s)
[INFO] Downloading from local-file: file:///w/lib/org/glassfish/jersey/ext/project/2.23.2/project-2.23.2.pom
[INFO] Downloading from central: https://repo.maven.apache.org/maven2/org/glassfish/jersey/ext/project/2.23.2/project-2.23.2.pom
[INFO] Downloaded from central: https://repo.maven.apache.org/maven2/org/glassfish/jersey/ext/project/2.23.2/project-2.23.2.pom (3.8 kB at 18 kB/s)
[INFO] Downloading from local-file: file:///w/lib/com/fasterxml/jackson/jaxrs/jackson-jaxrs-base/2.5.4/jackson-jaxrs-base-2.5.4.pom
[INFO] Downloading from central: https://repo.maven.apache.org/maven2/com/fasterxml/jackson/jaxrs/jackson-jaxrs-base/2.5.4/jackson-jaxrs-base-2.5.4.pom
[INFO] Downloaded from central: https://repo.maven.apache.org/maven2/com/fasterxml/jackson/jaxrs/jackson-jaxrs-base/2.5.4/jackson-jaxrs-base-2.5.4.pom (1.9 kB at 4.5 kB/s)
[INFO] Downloading from local-file: file:///w/lib/com/fasterxml/jackson/jaxrs/jackson-jaxrs-providers/2.5.4/jackson-jaxrs-providers-2.5.4.pom
[INFO] Downloading from central: https://repo.maven.apache.org/maven2/com/fasterxml/jackson/jaxrs/jackson-jaxrs-providers/2.5.4/jackson-jaxrs-providers-2.5.4.pom
[INFO] Downloaded from central: https://repo.maven.apache.org/maven2/com/fasterxml/jackson/jaxrs/jackson-jaxrs-providers/2.5.4/jackson-jaxrs-providers-2.5.4.pom (3.9 kB at 2.8 kB/s)
[INFO] Downloading from local-file: file:///w/lib/com/fasterxml/jackson/jackson-parent/2.5.1/jackson-parent-2.5.1.pom
[INFO] Downloading from central: https://repo.maven.apache.org/maven2/com/fasterxml/jackson/jackson-parent/2.5.1/jackson-parent-2.5.1.pom
[INFO] Downloaded from central: https://repo.maven.apache.org/maven2/com/fasterxml/jackson/jackson-parent/2.5.1/jackson-parent-2.5.1.pom (7.8 kB at 17 kB/s)
[INFO] Downloading from local-file: file:///w/lib/com/fasterxml/oss-parent/19/oss-parent-19.pom
[INFO] Downloading from central: https://repo.maven.apache.org/maven2/com/fasterxml/oss-parent/19/oss-parent-19.pom
[INFO] Downloaded from central: https://repo.maven.apache.org/maven2/com/fasterxml/oss-parent/19/oss-parent-19.pom (19 kB at 93 kB/s)
[INFO] Downloading from local-file: file:///w/lib/com/fasterxml/jackson/core/jackson-core/2.5.4/jackson-core-2.5.4.pom
[INFO] Downloading from central: https://repo.maven.apache.org/maven2/com/fasterxml/jackson/core/jackson-core/2.5.4/jackson-core-2.5.4.pom
[INFO] Downloaded from central: https://repo.maven.apache.org/maven2/com/fasterxml/jackson/core/jackson-core/2.5.4/jackson-core-2.5.4.pom (4.8 kB at 24 kB/s)
[INFO] Downloading from local-file: file:///w/lib/com/fasterxml/jackson/core/jackson-databind/2.5.4/jackson-databind-2.5.4.pom
[INFO] Downloading from central: https://repo.maven.apache.org/maven2/com/fasterxml/jackson/core/jackson-databind/2.5.4/jackson-databind-2.5.4.pom
[INFO] Downloaded from central: https://repo.maven.apache.org/maven2/com/fasterxml/jackson/core/jackson-databind/2.5.4/jackson-databind-2.5.4.pom (5.9 kB at 32 kB/s)
[INFO] Downloading from local-file: file:///w/lib/com/fasterxml/jackson/core/jackson-annotations/2.5.0/jackson-annotations-2.5.0.pom
[INFO] Downloading from central: https://repo.maven.apache.org/maven2/com/fasterxml/jackson/core/jackson-annotations/2.5.0/jackson-annotations-2.5.0.pom
[INFO] Downloaded from central: https://repo.maven.apache.org/maven2/com/fasterxml/jackson/core/jackson-annotations/2.5.0/jackson-annotations-2.5.0.pom (1.2 kB at 5.9 kB/s)
[INFO] Downloading from local-file: file:///w/lib/com/fasterxml/jackson/jackson-parent/2.5/jackson-parent-2.5.pom
[INFO] Downloading from central: https://repo.maven.apache.org/maven2/com/fasterxml/jackson/jackson-parent/2.5/jackson-parent-2.5.pom
[INFO] Downloaded from central: https://repo.maven.apache.org/maven2/com/fasterxml/jackson/jackson-parent/2.5/jackson-parent-2.5.pom (7.8 kB at 29 kB/s)
[INFO] Downloading from local-file: file:///w/lib/com/fasterxml/oss-parent/18/oss-parent-18.pom
[INFO] Downloading from central: https://repo.maven.apache.org/maven2/com/fasterxml/oss-parent/18/oss-parent-18.pom
[INFO] Downloaded from central: https://repo.maven.apache.org/maven2/com/fasterxml/oss-parent/18/oss-parent-18.pom (19 kB at 96 kB/s)
[INFO] Downloading from local-file: file:///w/lib/com/fasterxml/jackson/jaxrs/jackson-jaxrs-json-provider/2.5.4/jackson-jaxrs-json-provider-2.5.4.pom
[INFO] Downloading from central: https://repo.maven.apache.org/maven2/com/fasterxml/jackson/jaxrs/jackson-jaxrs-json-provider/2.5.4/jackson-jaxrs-json-provider-2.5.4.pom
[INFO] Downloaded from central: https://repo.maven.apache.org/maven2/com/fasterxml/jackson/jaxrs/jackson-jaxrs-json-provider/2.5.4/jackson-jaxrs-json-provider-2.5.4.pom (3.4 kB at 17 kB/s)
[INFO] Downloading from local-file: file:///w/lib/com/fasterxml/jackson/module/jackson-module-jaxb-annotations/2.5.4/jackson-module-jaxb-annotations-2.5.4.pom
[INFO] Downloading from central: https://repo.maven.apache.org/maven2/com/fasterxml/jackson/module/jackson-module-jaxb-annotations/2.5.4/jackson-module-jaxb-annotations-2.5.4.pom
[INFO] Downloaded from central: https://repo.maven.apache.org/maven2/com/fasterxml/jackson/module/jackson-module-jaxb-annotations/2.5.4/jackson-module-jaxb-annotations-2.5.4.pom (4.3 kB at 23 kB/s)
[INFO] Downloading from local-file: file:///w/lib/com/fasterxml/jackson/core/jackson-annotations/2.5.4/jackson-annotations-2.5.4.pom
[INFO] Downloading from central: https://repo.maven.apache.org/maven2/com/fasterxml/jackson/core/jackson-annotations/2.5.4/jackson-annotations-2.5.4.pom
[INFO] Downloaded from central: https://repo.maven.apache.org/maven2/com/fasterxml/jackson/core/jackson-annotations/2.5.4/jackson-annotations-2.5.4.pom (1.2 kB at 6.6 kB/s)
[INFO] Downloading from local-file: file:///w/lib/com/jsoniter/jsoniter/0.9.8/jsoniter-0.9.8.pom
[INFO] Downloading from central: https://repo.maven.apache.org/maven2/com/jsoniter/jsoniter/0.9.8/jsoniter-0.9.8.pom
[INFO] Downloaded from central: https://repo.maven.apache.org/maven2/com/jsoniter/jsoniter/0.9.8/jsoniter-0.9.8.pom (7.1 kB at 35 kB/s)
[INFO] Downloading from local-file: file:///w/lib/org/apache/commons/commons-lang3/3.4/commons-lang3-3.4.pom
[INFO] Downloading from central: https://repo.maven.apache.org/maven2/org/apache/commons/commons-lang3/3.4/commons-lang3-3.4.pom
[INFO] Downloaded from central: https://repo.maven.apache.org/maven2/org/apache/commons/commons-lang3/3.4/commons-lang3-3.4.pom (22 kB at 88 kB/s)
[INFO] Downloading from local-file: file:///w/lib/org/apache/commons/commons-parent/37/commons-parent-37.pom
[INFO] Downloading from central: https://repo.maven.apache.org/maven2/org/apache/commons/commons-parent/37/commons-parent-37.pom
[INFO] Downloaded from central: https://repo.maven.apache.org/maven2/org/apache/commons/commons-parent/37/commons-parent-37.pom (63 kB at 43 kB/s)
[INFO] Downloading from local-file: file:///w/lib/org/hibernate/hibernate-core/5.2.10.Final/hibernate-core-5.2.10.Final.pom
[INFO] Downloading from central: https://repo.maven.apache.org/maven2/org/hibernate/hibernate-core/5.2.10.Final/hibernate-core-5.2.10.Final.pom
[INFO] Downloaded from central: https://repo.maven.apache.org/maven2/org/hibernate/hibernate-core/5.2.10.Final/hibernate-core-5.2.10.Final.pom (3.5 kB at 5.3 kB/s)
[INFO] Downloading from local-file: file:///w/lib/org/jboss/logging/jboss-logging/3.3.0.Final/jboss-logging-3.3.0.Final.pom
[INFO] Downloading from central: https://repo.maven.apache.org/maven2/org/jboss/logging/jboss-logging/3.3.0.Final/jboss-logging-3.3.0.Final.pom
[INFO] Downloaded from central: https://repo.maven.apache.org/maven2/org/jboss/logging/jboss-logging/3.3.0.Final/jboss-logging-3.3.0.Final.pom (5.9 kB at 7.1 kB/s)
[INFO] Downloading from local-file: file:///w/lib/org/jboss/jboss-parent/15/jboss-parent-15.pom
[INFO] Downloading from central: https://repo.maven.apache.org/maven2/org/jboss/jboss-parent/15/jboss-parent-15.pom
[INFO] Downloaded from central: https://repo.maven.apache.org/maven2/org/jboss/jboss-parent/15/jboss-parent-15.pom (32 kB at 158 kB/s)
[INFO] Downloading from local-file: file:///w/lib/org/hibernate/javax/persistence/hibernate-jpa-2.1-api/1.0.0.Final/hibernate-jpa-2.1-api-1.0.0.Final.pom
[INFO] Downloading from central: https://repo.maven.apache.org/maven2/org/hibernate/javax/persistence/hibernate-jpa-2.1-api/1.0.0.Final/hibernate-jpa-2.1-api-1.0.0.Final.pom
[INFO] Downloaded from central: https://repo.maven.apache.org/maven2/org/hibernate/javax/persistence/hibernate-jpa-2.1-api/1.0.0.Final/hibernate-jpa-2.1-api-1.0.0.Final.pom (2.2 kB at 11 kB/s)
[INFO] Downloading from local-file: file:///w/lib/org/jboss/spec/javax/transaction/jboss-transaction-api_1.2_spec/1.0.1.Final/jboss-transaction-api_1.2_spec-1.0.1.Final.pom
[INFO] Downloading from central: https://repo.maven.apache.org/maven2/org/jboss/spec/javax/transaction/jboss-transaction-api_1.2_spec/1.0.1.Final/jboss-transaction-api_1.2_spec-1.0.1.Final.pom
[INFO] Downloaded from central: https://repo.maven.apache.org/maven2/org/jboss/spec/javax/transaction/jboss-transaction-api_1.2_spec/1.0.1.Final/jboss-transaction-api_1.2_spec-1.0.1.Final.pom (5.0 kB at 25 kB/s)
[INFO] Downloading from local-file: file:///w/lib/org/jboss/jboss-parent/20/jboss-parent-20.pom
[INFO] Downloading from central: https://repo.maven.apache.org/maven2/org/jboss/jboss-parent/20/jboss-parent-20.pom
[INFO] Downloaded from central: https://repo.maven.apache.org/maven2/org/jboss/jboss-parent/20/jboss-parent-20.pom (34 kB at 162 kB/s)
[INFO] Downloading from local-file: file:///w/lib/org/jboss/jandex/2.0.3.Final/jandex-2.0.3.Final.pom
[INFO] Downloading from central: https://repo.maven.apache.org/maven2/org/jboss/jandex/2.0.3.Final/jandex-2.0.3.Final.pom
[INFO] Downloaded from central: https://repo.maven.apache.org/maven2/org/jboss/jandex/2.0.3.Final/jandex-2.0.3.Final.pom (5.7 kB at 30 kB/s)
[INFO] Downloading from local-file: file:///w/lib/org/jboss/jboss-parent/12/jboss-parent-12.pom
[INFO] Downloading from central: https://repo.maven.apache.org/maven2/org/jboss/jboss-parent/12/jboss-parent-12.pom
[INFO] Downloaded from central: https://repo.maven.apache.org/maven2/org/jboss/jboss-parent/12/jboss-parent-12.pom (32 kB at 137 kB/s)
[INFO] Downloading from local-file: file:///w/lib/com/fasterxml/classmate/1.3.0/classmate-1.3.0.pom
[INFO] Downloading from central: https://repo.maven.apache.org/maven2/com/fasterxml/classmate/1.3.0/classmate-1.3.0.pom
[INFO] Downloaded from central: https://repo.maven.apache.org/maven2/com/fasterxml/classmate/1.3.0/classmate-1.3.0.pom (5.7 kB at 31 kB/s)
[INFO] Downloading from local-file: file:///w/lib/dom4j/dom4j/1.6.1/dom4j-1.6.1.pom
[INFO] Downloading from central: https://repo.maven.apache.org/maven2/dom4j/dom4j/1.6.1/dom4j-1.6.1.pom
[INFO] Downloaded from central: https://repo.maven.apache.org/maven2/dom4j/dom4j/1.6.1/dom4j-1.6.1.pom (6.8 kB at 36 kB/s)
[INFO] Downloading from local-file: file:///w/lib/org/hibernate/common/hibernate-commons-annotations/5.0.1.Final/hibernate-commons-annotations-5.0.1.Final.pom
[INFO] Downloading from central: https://repo.maven.apache.org/maven2/org/hibernate/common/hibernate-commons-annotations/5.0.1.Final/hibernate-commons-annotations-5.0.1.Final.pom
[INFO] Downloaded from central: https://repo.maven.apache.org/maven2/org/hibernate/common/hibernate-commons-annotations/5.0.1.Final/hibernate-commons-annotations-5.0.1.Final.pom (1.9 kB at 9.3 kB/s)
[INFO] Downloading from local-file: file:///w/lib/com/jayway/jsonpath/json-path/2.3.0/json-path-2.3.0.pom
[INFO] Downloading from central: https://repo.maven.apache.org/maven2/com/jayway/jsonpath/json-path/2.3.0/json-path-2.3.0.pom
[INFO] Downloaded from central: https://repo.maven.apache.org/maven2/com/jayway/jsonpath/json-path/2.3.0/json-path-2.3.0.pom (2.6 kB at 14 kB/s)
[INFO] Downloading from local-file: file:///w/lib/net/minidev/json-smart/2.3/json-smart-2.3.pom
[INFO] Downloading from central: https://repo.maven.apache.org/maven2/net/minidev/json-smart/2.3/json-smart-2.3.pom
[INFO] Downloaded from central: https://repo.maven.apache.org/maven2/net/minidev/json-smart/2.3/json-smart-2.3.pom (9.0 kB at 46 kB/s)
[INFO] Downloading from local-file: file:///w/lib/net/minidev/minidev-parent/2.3/minidev-parent-2.3.pom
[INFO] Downloading from central: https://repo.maven.apache.org/maven2/net/minidev/minidev-parent/2.3/minidev-parent-2.3.pom
[INFO] Downloaded from central: https://repo.maven.apache.org/maven2/net/minidev/minidev-parent/2.3/minidev-parent-2.3.pom (8.5 kB at 43 kB/s)
[INFO] Downloading from local-file: file:///w/lib/net/minidev/accessors-smart/1.2/accessors-smart-1.2.pom
[INFO] Downloading from central: https://repo.maven.apache.org/maven2/net/minidev/accessors-smart/1.2/accessors-smart-1.2.pom
[INFO] Downloaded from central: https://repo.maven.apache.org/maven2/net/minidev/accessors-smart/1.2/accessors-smart-1.2.pom (12 kB at 8.9 kB/s)
[INFO] Downloading from local-file: file:///w/lib/org/ow2/asm/asm/5.0.4/asm-5.0.4.pom
[INFO] Downloading from central: https://repo.maven.apache.org/maven2/org/ow2/asm/asm/5.0.4/asm-5.0.4.pom
[INFO] Downloaded from central: https://repo.maven.apache.org/maven2/org/ow2/asm/asm/5.0.4/asm-5.0.4.pom (1.9 kB at 10 kB/s)
[INFO] Downloading from local-file: file:///w/lib/org/jetbrains/kotlin/kotlin-stdlib/1.1.3-2/kotlin-stdlib-1.1.3-2.pom
[INFO] Downloading from central: https://repo.maven.apache.org/maven2/org/jetbrains/kotlin/kotlin-stdlib/1.1.3-2/kotlin-stdlib-1.1.3-2.pom
[INFO] Downloaded from central: https://repo.maven.apache.org/maven2/org/jetbrains/kotlin/kotlin-stdlib/1.1.3-2/kotlin-stdlib-1.1.3-2.pom (1.6 kB at 8.5 kB/s)
[INFO] Downloading from local-file: file:///w/lib/org/jetbrains/kotlin/kotlin-reflect/1.1.3-2/kotlin-reflect-1.1.3-2.pom
[INFO] Downloading from central: https://repo.maven.apache.org/maven2/org/jetbrains/kotlin/kotlin-reflect/1.1.3-2/kotlin-reflect-1.1.3-2.pom
[INFO] Downloaded from central: https://repo.maven.apache.org/maven2/org/jetbrains/kotlin/kotlin-reflect/1.1.3-2/kotlin-reflect-1.1.3-2.pom (1.4 kB at 7.5 kB/s)
[INFO] Downloading from local-file: file:///w/lib/org/springframework/security/spring-security-web/4.2.3.RELEASE/spring-security-web-4.2.3.RELEASE.pom
[INFO] Downloading from central: https://repo.maven.apache.org/maven2/org/springframework/security/spring-security-web/4.2.3.RELEASE/spring-security-web-4.2.3.RELEASE.pom
[INFO] Downloaded from central: https://repo.maven.apache.org/maven2/org/springframework/security/spring-security-web/4.2.3.RELEASE/spring-security-web-4.2.3.RELEASE.pom (8.1 kB at 41 kB/s)
[INFO] Downloading from local-file: file:///w/lib/org/springframework/spring-framework-bom/4.3.9.RELEASE/spring-framework-bom-4.3.9.RELEASE.pom
[INFO] Downloading from central: https://repo.maven.apache.org/maven2/org/springframework/spring-framework-bom/4.3.9.RELEASE/spring-framework-bom-4.3.9.RELEASE.pom
[INFO] Downloaded from central: https://repo.maven.apache.org/maven2/org/springframework/spring-framework-bom/4.3.9.RELEASE/spring-framework-bom-4.3.9.RELEASE.pom (5.1 kB at 26 kB/s)
[INFO] Downloading from local-file: file:///w/lib/org/springframework/security/spring-security-core/4.2.3.RELEASE/spring-security-core-4.2.3.RELEASE.pom
[INFO] Downloading from central: https://repo.maven.apache.org/maven2/org/springframework/security/spring-security-core/4.2.3.RELEASE/spring-security-core-4.2.3.RELEASE.pom
[INFO] Downloaded from central: https://repo.maven.apache.org/maven2/org/springframework/security/spring-security-core/4.2.3.RELEASE/spring-security-core-4.2.3.RELEASE.pom (9.3 kB at 46 kB/s)
[INFO] Downloading from local-file: file:///w/lib/org/springframework/spring-aop/4.3.9.RELEASE/spring-aop-4.3.9.RELEASE.pom
[INFO] Downloading from central: https://repo.maven.apache.org/maven2/org/springframework/spring-aop/4.3.9.RELEASE/spring-aop-4.3.9.RELEASE.pom
[INFO] Downloaded from central: https://repo.maven.apache.org/maven2/org/springframework/spring-aop/4.3.9.RELEASE/spring-aop-4.3.9.RELEASE.pom (2.7 kB at 14 kB/s)
[INFO] Downloading from local-file: file:///w/lib/org/springframework/spring-beans/4.3.9.RELEASE/spring-beans-4.3.9.RELEASE.pom
[INFO] Downloading from central: https://repo.maven.apache.org/maven2/org/springframework/spring-beans/4.3.9.RELEASE/spring-beans-4.3.9.RELEASE.pom
[INFO] Downloaded from central: https://repo.maven.apache.org/maven2/org/springframework/spring-beans/4.3.9.RELEASE/spring-beans-4.3.9.RELEASE.pom (2.5 kB at 10.0 kB/s)
[INFO] Downloading from local-file: file:///w/lib/org/springframework/spring-core/4.3.9.RELEASE/spring-core-4.3.9.RELEASE.pom
[INFO] Downloading from central: https://repo.maven.apache.org/maven2/org/springframework/spring-core/4.3.9.RELEASE/spring-core-4.3.9.RELEASE.pom
[INFO] Downloaded from central: https://repo.maven.apache.org/maven2/org/springframework/spring-core/4.3.9.RELEASE/spring-core-4.3.9.RELEASE.pom (2.5 kB at 4.3 kB/s)
[INFO] Downloading from local-file: file:///w/lib/org/springframework/spring-context/4.3.9.RELEASE/spring-context-4.3.9.RELEASE.pom
[INFO] Downloading from central: https://repo.maven.apache.org/maven2/org/springframework/spring-context/4.3.9.RELEASE/spring-context-4.3.9.RELEASE.pom
[INFO] Downloaded from central: https://repo.maven.apache.org/maven2/org/springframework/spring-context/4.3.9.RELEASE/spring-context-4.3.9.RELEASE.pom (5.0 kB at 25 kB/s)
[INFO] Downloading from local-file: file:///w/lib/org/springframework/spring-expression/4.3.9.RELEASE/spring-expression-4.3.9.RELEASE.pom
[INFO] Downloading from central: https://repo.maven.apache.org/maven2/org/springframework/spring-expression/4.3.9.RELEASE/spring-expression-4.3.9.RELEASE.pom
[INFO] Downloaded from central: https://repo.maven.apache.org/maven2/org/springframework/spring-expression/4.3.9.RELEASE/spring-expression-4.3.9.RELEASE.pom (1.7 kB at 8.8 kB/s)
[INFO] Downloading from local-file: file:///w/lib/org/springframework/spring-web/4.3.9.RELEASE/spring-web-4.3.9.RELEASE.pom
[INFO] Downloading from central: https://repo.maven.apache.org/maven2/org/springframework/spring-web/4.3.9.RELEASE/spring-web-4.3.9.RELEASE.pom
[INFO] Downloaded from central: https://repo.maven.apache.org/maven2/org/springframework/spring-web/4.3.9.RELEASE/spring-web-4.3.9.RELEASE.pom (8.0 kB at 13 kB/s)
[INFO] Downloading from local-file: file:///w/lib/org/apache/commons/commons-collections4/4.1/commons-collections4-4.1.pom
[INFO] Downloading from central: https://repo.maven.apache.org/maven2/org/apache/commons/commons-collections4/4.1/commons-collections4-4.1.pom
[INFO] Downloaded from central: https://repo.maven.apache.org/maven2/org/apache/commons/commons-collections4/4.1/commons-collections4-4.1.pom (21 kB at 23 kB/s)
[INFO] Downloading from local-file: file:///w/lib/org/apache/commons/commons-parent/38/commons-parent-38.pom
[INFO] Downloading from central: https://repo.maven.apache.org/maven2/org/apache/commons/commons-parent/38/commons-parent-38.pom
[INFO] Downloaded from central: https://repo.maven.apache.org/maven2/org/apache/commons/commons-parent/38/commons-parent-38.pom (62 kB at 296 kB/s)
[INFO] Downloading from local-file: file:///w/lib/org/mockito/mockito-all/1.10.19/mockito-all-1.10.19.pom
[INFO] Downloading from central: https://repo.maven.apache.org/maven2/org/mockito/mockito-all/1.10.19/mockito-all-1.10.19.pom
[INFO] Downloaded from central: https://repo.maven.apache.org/maven2/org/mockito/mockito-all/1.10.19/mockito-all-1.10.19.pom (930 B at 4.6 kB/s)
[INFO] Downloading from local-file: file:///w/lib/org/powermock/powermock-module-junit4/1.6.6/powermock-module-junit4-1.6.6.pom
[INFO] Downloading from central: https://repo.maven.apache.org/maven2/org/powermock/powermock-module-junit4/1.6.6/powermock-module-junit4-1.6.6.pom
[INFO] Downloaded from central: https://repo.maven.apache.org/maven2/org/powermock/powermock-module-junit4/1.6.6/powermock-module-junit4-1.6.6.pom (1.4 kB at 7.4 kB/s)
[INFO] Downloading from local-file: file:///w/lib/org/powermock/powermock-modules/1.6.6/powermock-modules-1.6.6.pom
[INFO] Downloading from central: https://repo.maven.apache.org/maven2/org/powermock/powermock-modules/1.6.6/powermock-modules-1.6.6.pom
[INFO] Downloaded from central: https://repo.maven.apache.org/maven2/org/powermock/powermock-modules/1.6.6/powermock-modules-1.6.6.pom (771 B at 4.0 kB/s)
[INFO] Downloading from local-file: file:///w/lib/org/powermock/powermock/1.6.6/powermock-1.6.6.pom
[INFO] Downloading from central: https://repo.maven.apache.org/maven2/org/powermock/powermock/1.6.6/powermock-1.6.6.pom
[INFO] Downloaded from central: https://repo.maven.apache.org/maven2/org/powermock/powermock/1.6.6/powermock-1.6.6.pom (17 kB at 87 kB/s)
[INFO] Downloading from local-file: file:///w/lib/org/powermock/powermock-module-junit4-common/1.6.6/powermock-module-junit4-common-1.6.6.pom
[INFO] Downloading from central: https://repo.maven.apache.org/maven2/org/powermock/powermock-module-junit4-common/1.6.6/powermock-module-junit4-common-1.6.6.pom
[INFO] Downloaded from central: https://repo.maven.apache.org/maven2/org/powermock/powermock-module-junit4-common/1.6.6/powermock-module-junit4-common-1.6.6.pom (1.3 kB at 3.1 kB/s)
[INFO] Downloading from local-file: file:///w/lib/org/powermock/powermock-core/1.6.6/powermock-core-1.6.6.pom
[INFO] Downloading from central: https://repo.maven.apache.org/maven2/org/powermock/powermock-core/1.6.6/powermock-core-1.6.6.pom
[INFO] Downloaded from central: https://repo.maven.apache.org/maven2/org/powermock/powermock-core/1.6.6/powermock-core-1.6.6.pom (2.8 kB at 1.1 kB/s)
[INFO] Downloading from local-file: file:///w/lib/org/powermock/powermock-reflect/1.6.6/powermock-reflect-1.6.6.pom
[INFO] Downloading from central: https://repo.maven.apache.org/maven2/org/powermock/powermock-reflect/1.6.6/powermock-reflect-1.6.6.pom
[INFO] Downloaded from central: https://repo.maven.apache.org/maven2/org/powermock/powermock-reflect/1.6.6/powermock-reflect-1.6.6.pom (1.2 kB at 4.9 kB/s)
[INFO] Downloading from local-file: file:///w/lib/org/objenesis/objenesis/2.4/objenesis-2.4.pom
[INFO] Downloading from central: https://repo.maven.apache.org/maven2/org/objenesis/objenesis/2.4/objenesis-2.4.pom
[INFO] Downloaded from central: https://repo.maven.apache.org/maven2/org/objenesis/objenesis/2.4/objenesis-2.4.pom (2.4 kB at 12 kB/s)
[INFO] Downloading from local-file: file:///w/lib/org/objenesis/objenesis-parent/2.4/objenesis-parent-2.4.pom
[INFO] Downloading from central: https://repo.maven.apache.org/maven2/org/objenesis/objenesis-parent/2.4/objenesis-parent-2.4.pom
[INFO] Downloaded from central: https://repo.maven.apache.org/maven2/org/objenesis/objenesis-parent/2.4/objenesis-parent-2.4.pom (17 kB at 87 kB/s)
[INFO] Downloading from local-file: file:///w/lib/org/javassist/javassist/3.21.0-GA/javassist-3.21.0-GA.pom
[INFO] Downloading from central: https://repo.maven.apache.org/maven2/org/javassist/javassist/3.21.0-GA/javassist-3.21.0-GA.pom
[INFO] Downloaded from central: https://repo.maven.apache.org/maven2/org/javassist/javassist/3.21.0-GA/javassist-3.21.0-GA.pom (9.8 kB at 47 kB/s)
[INFO] Downloading from local-file: file:///w/lib/com/diffblue/deeptestutils/1.1.0/deeptestutils-1.1.0.pom
[INFO] Downloading from central: https://repo.maven.apache.org/maven2/com/diffblue/deeptestutils/1.1.0/deeptestutils-1.1.0.pom
[INFO] Downloaded from central: https://repo.maven.apache.org/maven2/com/diffblue/deeptestutils/1.1.0/deeptestutils-1.1.0.pom (7.1 kB at 35 kB/s)
[INFO] Downloading from local-file: file:///w/lib/org/objenesis/objenesis/2.5.1/objenesis-2.5.1.pom
[INFO] Downloading from central: https://repo.maven.apache.org/maven2/org/objenesis/objenesis/2.5.1/objenesis-2.5.1.pom
[INFO] Downloaded from central: https://repo.maven.apache.org/maven2/org/objenesis/objenesis/2.5.1/objenesis-2.5.1.pom (2.8 kB at 863 B/s)
[INFO] Downloading from local-file: file:///w/lib/org/objenesis/objenesis-parent/2.5.1/objenesis-parent-2.5.1.pom
[INFO] Downloading from central: https://repo.maven.apache.org/maven2/org/objenesis/objenesis-parent/2.5.1/objenesis-parent-2.5.1.pom
[INFO] Downloaded from central: https://repo.maven.apache.org/maven2/org/objenesis/objenesis-parent/2.5.1/objenesis-parent-2.5.1.pom (17 kB at 83 kB/s)
[INFO] Downloading from local-file: file:///w/lib/org/powermock/powermock-api-mockito/1.6.6/powermock-api-mockito-1.6.6.pom
[INFO] Downloading from central: https://repo.maven.apache.org/maven2/org/powermock/powermock-api-mockito/1.6.6/powermock-api-mockito-1.6.6.pom
[INFO] Downloaded from central: https://repo.maven.apache.org/maven2/org/powermock/powermock-api-mockito/1.6.6/powermock-api-mockito-1.6.6.pom (1.3 kB at 5.6 kB/s)
[INFO] Downloading from local-file: file:///w/lib/org/powermock/powermock-api/1.6.6/powermock-api-1.6.6.pom
[INFO] Downloading from central: https://repo.maven.apache.org/maven2/org/powermock/powermock-api/1.6.6/powermock-api-1.6.6.pom
[INFO] Downloaded from central: https://repo.maven.apache.org/maven2/org/powermock/powermock-api/1.6.6/powermock-api-1.6.6.pom (855 B at 4.2 kB/s)
[INFO] Downloading from local-file: file:///w/lib/org/mockito/mockito-core/1.10.19/mockito-core-1.10.19.pom
[INFO] Downloading from central: https://repo.maven.apache.org/maven2/org/mockito/mockito-core/1.10.19/mockito-core-1.10.19.pom
[INFO] Downloaded from central: https://repo.maven.apache.org/maven2/org/mockito/mockito-core/1.10.19/mockito-core-1.10.19.pom (1.3 kB at 7.0 kB/s)
[INFO] Downloading from local-file: file:///w/lib/org/objenesis/objenesis/2.1/objenesis-2.1.pom
[INFO] Downloading from central: https://repo.maven.apache.org/maven2/org/objenesis/objenesis/2.1/objenesis-2.1.pom
[INFO] Downloaded from central: https://repo.maven.apache.org/maven2/org/objenesis/objenesis/2.1/objenesis-2.1.pom (2.5 kB at 13 kB/s)
[INFO] Downloading from local-file: file:///w/lib/org/objenesis/objenesis-parent/2.1/objenesis-parent-2.1.pom
[INFO] Downloading from central: https://repo.maven.apache.org/maven2/org/objenesis/objenesis-parent/2.1/objenesis-parent-2.1.pom
[INFO] Downloaded from central: https://repo.maven.apache.org/maven2/org/objenesis/objenesis-parent/2.1/objenesis-parent-2.1.pom (17 kB at 28 kB/s)
[INFO] Downloading from local-file: file:///w/lib/org/powermock/powermock-api-mockito-common/1.6.6/powermock-api-mockito-common-1.6.6.pom
[INFO] Downloading from central: https://repo.maven.apache.org/maven2/org/powermock/powermock-api-mockito-common/1.6.6/powermock-api-mockito-common-1.6.6.pom
[INFO] Downloaded from central: https://repo.maven.apache.org/maven2/org/powermock/powermock-api-mockito-common/1.6.6/powermock-api-mockito-common-1.6.6.pom (1.5 kB at 7.5 kB/s)
[INFO] Downloading from local-file: file:///w/lib/org/powermock/powermock-api-support/1.6.6/powermock-api-support-1.6.6.pom
[INFO] Downloading from central: https://repo.maven.apache.org/maven2/org/powermock/powermock-api-support/1.6.6/powermock-api-support-1.6.6.pom
[INFO] Downloaded from central: https://repo.maven.apache.org/maven2/org/powermock/powermock-api-support/1.6.6/powermock-api-support-1.6.6.pom (1.1 kB at 5.7 kB/s)
[INFO] Downloading from local-file: file:///w/lib/org/projectlombok/lombok/1.14.4/lombok-1.14.4.pom
[INFO] Downloading from central: https://repo.maven.apache.org/maven2/org/projectlombok/lombok/1.14.4/lombok-1.14.4.pom
[INFO] Downloaded from central: https://repo.maven.apache.org/maven2/org/projectlombok/lombok/1.14.4/lombok-1.14.4.pom (1.6 kB at 8.2 kB/s)
[INFO] Downloading from local-file: file:///w/lib/org/openjdk/jmh/jmh-core/1.21/jmh-core-1.21.pom
[INFO] Downloading from central: https://repo.maven.apache.org/maven2/org/openjdk/jmh/jmh-core/1.21/jmh-core-1.21.pom
[INFO] Downloaded from central: https://repo.maven.apache.org/maven2/org/openjdk/jmh/jmh-core/1.21/jmh-core-1.21.pom (9.4 kB at 49 kB/s)
[INFO] Downloading from local-file: file:///w/lib/org/openjdk/jmh/jmh-parent/1.21/jmh-parent-1.21.pom
[INFO] Downloading from central: https://repo.maven.apache.org/maven2/org/openjdk/jmh/jmh-parent/1.21/jmh-parent-1.21.pom
[INFO] Downloaded from central: https://repo.maven.apache.org/maven2/org/openjdk/jmh/jmh-parent/1.21/jmh-parent-1.21.pom (11 kB at 56 kB/s)
[INFO] Downloading from local-file: file:///w/lib/org/openjdk/jmh/jmh-generator-annprocess/1.21/jmh-generator-annprocess-1.21.pom
[INFO] Downloading from central: https://repo.maven.apache.org/maven2/org/openjdk/jmh/jmh-generator-annprocess/1.21/jmh-generator-annprocess-1.21.pom
[INFO] Downloaded from central: https://repo.maven.apache.org/maven2/org/openjdk/jmh/jmh-generator-annprocess/1.21/jmh-generator-annprocess-1.21.pom (3.8 kB at 18 kB/s)
[INFO] Downloading from local-file: file:///w/lib/org/springframework/security/oauth/spring-security-oauth2/2.3.3.RELEASE/spring-security-oauth2-2.3.3.RELEASE.pom
[INFO] Downloading from central: https://repo.maven.apache.org/maven2/org/springframework/security/oauth/spring-security-oauth2/2.3.3.RELEASE/spring-security-oauth2-2.3.3.RELEASE.pom
[INFO] Downloaded from central: https://repo.maven.apache.org/maven2/org/springframework/security/oauth/spring-security-oauth2/2.3.3.RELEASE/spring-security-oauth2-2.3.3.RELEASE.pom (6.9 kB at 35 kB/s)
[INFO] Downloading from local-file: file:///w/lib/org/springframework/security/oauth/spring-security-oauth-parent/2.3.3.RELEASE/spring-security-oauth-parent-2.3.3.RELEASE.pom
[INFO] Downloading from central: https://repo.maven.apache.org/maven2/org/springframework/security/oauth/spring-security-oauth-parent/2.3.3.RELEASE/spring-security-oauth-parent-2.3.3.RELEASE.pom
[INFO] Downloaded from central: https://repo.maven.apache.org/maven2/org/springframework/security/oauth/spring-security-oauth-parent/2.3.3.RELEASE/spring-security-oauth-parent-2.3.3.RELEASE.pom (17 kB at 89 kB/s)
[INFO] Downloading from local-file: file:///w/lib/org/springframework/spring-webmvc/4.0.9.RELEASE/spring-webmvc-4.0.9.RELEASE.pom
[INFO] Downloading from central: https://repo.maven.apache.org/maven2/org/springframework/spring-webmvc/4.0.9.RELEASE/spring-webmvc-4.0.9.RELEASE.pom
[INFO] Downloaded from central: https://repo.maven.apache.org/maven2/org/springframework/spring-webmvc/4.0.9.RELEASE/spring-webmvc-4.0.9.RELEASE.pom (11 kB at 55 kB/s)
[INFO] Downloading from local-file: file:///w/lib/org/springframework/spring-web/4.0.9.RELEASE/spring-web-4.0.9.RELEASE.pom
[INFO] Downloading from central: https://repo.maven.apache.org/maven2/org/springframework/spring-web/4.0.9.RELEASE/spring-web-4.0.9.RELEASE.pom
[INFO] Downloaded from central: https://repo.maven.apache.org/maven2/org/springframework/spring-web/4.0.9.RELEASE/spring-web-4.0.9.RELEASE.pom (6.2 kB at 30 kB/s)
[INFO] Downloading from local-file: file:///w/lib/org/springframework/security/spring-security-core/3.2.10.RELEASE/spring-security-core-3.2.10.RELEASE.pom
[INFO] Downloading from central: https://repo.maven.apache.org/maven2/org/springframework/security/spring-security-core/3.2.10.RELEASE/spring-security-core-3.2.10.RELEASE.pom
[INFO] Downloaded from central: https://repo.maven.apache.org/maven2/org/springframework/security/spring-security-core/3.2.10.RELEASE/spring-security-core-3.2.10.RELEASE.pom (8.7 kB at 45 kB/s)
[INFO] Downloading from local-file: file:///w/lib/org/springframework/spring-aop/3.2.18.RELEASE/spring-aop-3.2.18.RELEASE.pom
[INFO] Downloading from central: https://repo.maven.apache.org/maven2/org/springframework/spring-aop/3.2.18.RELEASE/spring-aop-3.2.18.RELEASE.pom
[INFO] Downloaded from central: https://repo.maven.apache.org/maven2/org/springframework/spring-aop/3.2.18.RELEASE/spring-aop-3.2.18.RELEASE.pom (2.5 kB at 13 kB/s)
[INFO] Downloading from local-file: file:///w/lib/org/springframework/spring-beans/3.2.18.RELEASE/spring-beans-3.2.18.RELEASE.pom
[INFO] Downloading from central: https://repo.maven.apache.org/maven2/org/springframework/spring-beans/3.2.18.RELEASE/spring-beans-3.2.18.RELEASE.pom
[INFO] Downloaded from central: https://repo.maven.apache.org/maven2/org/springframework/spring-beans/3.2.18.RELEASE/spring-beans-3.2.18.RELEASE.pom (1.9 kB at 10 kB/s)
[INFO] Downloading from local-file: file:///w/lib/org/springframework/spring-core/3.2.18.RELEASE/spring-core-3.2.18.RELEASE.pom
[INFO] Downloading from central: https://repo.maven.apache.org/maven2/org/springframework/spring-core/3.2.18.RELEASE/spring-core-3.2.18.RELEASE.pom
[INFO] Downloaded from central: https://repo.maven.apache.org/maven2/org/springframework/spring-core/3.2.18.RELEASE/spring-core-3.2.18.RELEASE.pom (2.2 kB at 12 kB/s)
[INFO] Downloading from local-file: file:///w/lib/org/springframework/spring-context/3.2.18.RELEASE/spring-context-3.2.18.RELEASE.pom
[INFO] Downloading from central: https://repo.maven.apache.org/maven2/org/springframework/spring-context/3.2.18.RELEASE/spring-context-3.2.18.RELEASE.pom
[INFO] Downloaded from central: https://repo.maven.apache.org/maven2/org/springframework/spring-context/3.2.18.RELEASE/spring-context-3.2.18.RELEASE.pom (4.9 kB at 25 kB/s)
[INFO] Downloading from local-file: file:///w/lib/org/springframework/spring-expression/3.2.18.RELEASE/spring-expression-3.2.18.RELEASE.pom
[INFO] Downloading from central: https://repo.maven.apache.org/maven2/org/springframework/spring-expression/3.2.18.RELEASE/spring-expression-3.2.18.RELEASE.pom
[INFO] Downloaded from central: https://repo.maven.apache.org/maven2/org/springframework/spring-expression/3.2.18.RELEASE/spring-expression-3.2.18.RELEASE.pom (1.6 kB at 8.3 kB/s)
[INFO] Downloading from local-file: file:///w/lib/org/springframework/security/spring-security-config/3.2.10.RELEASE/spring-security-config-3.2.10.RELEASE.pom
[INFO] Downloading from central: https://repo.maven.apache.org/maven2/org/springframework/security/spring-security-config/3.2.10.RELEASE/spring-security-config-3.2.10.RELEASE.pom
[INFO] Downloaded from central: https://repo.maven.apache.org/maven2/org/springframework/security/spring-security-config/3.2.10.RELEASE/spring-security-config-3.2.10.RELEASE.pom (12 kB at 61 kB/s)
[INFO] Downloading from local-file: file:///w/lib/org/springframework/security/spring-security-web/3.2.10.RELEASE/spring-security-web-3.2.10.RELEASE.pom
[INFO] Downloading from central: https://repo.maven.apache.org/maven2/org/springframework/security/spring-security-web/3.2.10.RELEASE/spring-security-web-3.2.10.RELEASE.pom
[INFO] Downloaded from central: https://repo.maven.apache.org/maven2/org/springframework/security/spring-security-web/3.2.10.RELEASE/spring-security-web-3.2.10.RELEASE.pom (7.7 kB at 41 kB/s)
[INFO] Downloading from local-file: file:///w/lib/org/springframework/spring-web/3.2.18.RELEASE/spring-web-3.2.18.RELEASE.pom
[INFO] Downloading from central: https://repo.maven.apache.org/maven2/org/springframework/spring-web/3.2.18.RELEASE/spring-web-3.2.18.RELEASE.pom
[INFO] Downloaded from central: https://repo.maven.apache.org/maven2/org/springframework/spring-web/3.2.18.RELEASE/spring-web-3.2.18.RELEASE.pom (7.0 kB at 9.2 kB/s)
[INFO] Downloading from local-file: file:///w/lib/org/codehaus/jackson/jackson-mapper-asl/1.9.13/jackson-mapper-asl-1.9.13.pom
[INFO] Downloading from central: https://repo.maven.apache.org/maven2/org/codehaus/jackson/jackson-mapper-asl/1.9.13/jackson-mapper-asl-1.9.13.pom
[INFO] Downloaded from central: https://repo.maven.apache.org/maven2/org/codehaus/jackson/jackson-mapper-asl/1.9.13/jackson-mapper-asl-1.9.13.pom (1.5 kB at 2.2 kB/s)
[INFO] Downloading from local-file: file:///w/lib/org/codehaus/jackson/jackson-core-asl/1.9.13/jackson-core-asl-1.9.13.pom
[INFO] Downloading from central: https://repo.maven.apache.org/maven2/org/codehaus/jackson/jackson-core-asl/1.9.13/jackson-core-asl-1.9.13.pom
[INFO] Downloaded from central: https://repo.maven.apache.org/maven2/org/codehaus/jackson/jackson-core-asl/1.9.13/jackson-core-asl-1.9.13.pom (1.3 kB at 537 B/s)
[INFO] Downloading from local-file: file:///w/lib/org/gitlab4j/gitlab4j-api/4.8.42/gitlab4j-api-4.8.42.pom
[INFO] Downloading from central: https://repo.maven.apache.org/maven2/org/gitlab4j/gitlab4j-api/4.8.42/gitlab4j-api-4.8.42.pom
[INFO] Downloaded from central: https://repo.maven.apache.org/maven2/org/gitlab4j/gitlab4j-api/4.8.42/gitlab4j-api-4.8.42.pom (8.0 kB at 7.6 kB/s)
[INFO] Downloading from local-file: file:///w/lib/javax/xml/bind/jaxb-api/2.3.0/jaxb-api-2.3.0.pom
[INFO] Downloading from central: https://repo.maven.apache.org/maven2/javax/xml/bind/jaxb-api/2.3.0/jaxb-api-2.3.0.pom
[INFO] Downloaded from central: https://repo.maven.apache.org/maven2/javax/xml/bind/jaxb-api/2.3.0/jaxb-api-2.3.0.pom (23 kB at 82 kB/s)
[INFO] Downloading from local-file: file:///w/lib/javax/xml/bind/jaxb-api-parent/2.3.0/jaxb-api-parent-2.3.0.pom
[INFO] Downloading from central: https://repo.maven.apache.org/maven2/javax/xml/bind/jaxb-api-parent/2.3.0/jaxb-api-parent-2.3.0.pom
[INFO] Downloaded from central: https://repo.maven.apache.org/maven2/javax/xml/bind/jaxb-api-parent/2.3.0/jaxb-api-parent-2.3.0.pom (5.6 kB at 2.7 kB/s)
[INFO] Downloading from local-file: file:///w/lib/com/sun/activation/javax.activation/1.2.0/javax.activation-1.2.0.pom
[INFO] Downloading from central: https://repo.maven.apache.org/maven2/com/sun/activation/javax.activation/1.2.0/javax.activation-1.2.0.pom
[INFO] Downloaded from central: https://repo.maven.apache.org/maven2/com/sun/activation/javax.activation/1.2.0/javax.activation-1.2.0.pom (6.5 kB at 27 kB/s)
[INFO] Downloading from local-file: file:///w/lib/com/sun/activation/all/1.2.0/all-1.2.0.pom
[INFO] Downloading from central: https://repo.maven.apache.org/maven2/com/sun/activation/all/1.2.0/all-1.2.0.pom
[INFO] Downloaded from central: https://repo.maven.apache.org/maven2/com/sun/activation/all/1.2.0/all-1.2.0.pom (18 kB at 18 kB/s)
[INFO] Downloading from local-file: file:///w/lib/com/fasterxml/jackson/jaxrs/jackson-jaxrs-json-provider/2.9.6/jackson-jaxrs-json-provider-2.9.6.pom
[INFO] Downloading from central: https://repo.maven.apache.org/maven2/com/fasterxml/jackson/jaxrs/jackson-jaxrs-json-provider/2.9.6/jackson-jaxrs-json-provider-2.9.6.pom
[INFO] Downloaded from central: https://repo.maven.apache.org/maven2/com/fasterxml/jackson/jaxrs/jackson-jaxrs-json-provider/2.9.6/jackson-jaxrs-json-provider-2.9.6.pom (3.9 kB at 5.4 kB/s)
[INFO] Downloading from local-file: file:///w/lib/com/fasterxml/jackson/jaxrs/jackson-jaxrs-providers/2.9.6/jackson-jaxrs-providers-2.9.6.pom
[INFO] Downloading from central: https://repo.maven.apache.org/maven2/com/fasterxml/jackson/jaxrs/jackson-jaxrs-providers/2.9.6/jackson-jaxrs-providers-2.9.6.pom
[INFO] Downloaded from central: https://repo.maven.apache.org/maven2/com/fasterxml/jackson/jaxrs/jackson-jaxrs-providers/2.9.6/jackson-jaxrs-providers-2.9.6.pom (4.1 kB at 13 kB/s)
[INFO] Downloading from local-file: file:///w/lib/com/fasterxml/jackson/jackson-base/2.9.6/jackson-base-2.9.6.pom
[INFO] Downloading from central: https://repo.maven.apache.org/maven2/com/fasterxml/jackson/jackson-base/2.9.6/jackson-base-2.9.6.pom
[INFO] Downloaded from central: https://repo.maven.apache.org/maven2/com/fasterxml/jackson/jackson-base/2.9.6/jackson-base-2.9.6.pom (5.4 kB at 28 kB/s)
[INFO] Downloading from local-file: file:///w/lib/com/fasterxml/jackson/jackson-bom/2.9.6/jackson-bom-2.9.6.pom
[INFO] Downloading from central: https://repo.maven.apache.org/maven2/com/fasterxml/jackson/jackson-bom/2.9.6/jackson-bom-2.9.6.pom
[INFO] Downloaded from central: https://repo.maven.apache.org/maven2/com/fasterxml/jackson/jackson-bom/2.9.6/jackson-bom-2.9.6.pom (12 kB at 8.4 kB/s)
[INFO] Downloading from local-file: file:///w/lib/com/fasterxml/jackson/jackson-parent/2.9.1.1/jackson-parent-2.9.1.1.pom
[INFO] Downloading from central: https://repo.maven.apache.org/maven2/com/fasterxml/jackson/jackson-parent/2.9.1.1/jackson-parent-2.9.1.1.pom
[INFO] Downloaded from central: https://repo.maven.apache.org/maven2/com/fasterxml/jackson/jackson-parent/2.9.1.1/jackson-parent-2.9.1.1.pom (8.0 kB at 37 kB/s)
[INFO] Downloading from local-file: file:///w/lib/com/fasterxml/oss-parent/33/oss-parent-33.pom
[INFO] Downloading from central: https://repo.maven.apache.org/maven2/com/fasterxml/oss-parent/33/oss-parent-33.pom
[INFO] Downloaded from central: https://repo.maven.apache.org/maven2/com/fasterxml/oss-parent/33/oss-parent-33.pom (22 kB at 103 kB/s)
[INFO] Downloading from local-file: file:///w/lib/com/fasterxml/jackson/jaxrs/jackson-jaxrs-base/2.9.6/jackson-jaxrs-base-2.9.6.pom
[INFO] Downloading from central: https://repo.maven.apache.org/maven2/com/fasterxml/jackson/jaxrs/jackson-jaxrs-base/2.9.6/jackson-jaxrs-base-2.9.6.pom
[INFO] Downloaded from central: https://repo.maven.apache.org/maven2/com/fasterxml/jackson/jaxrs/jackson-jaxrs-base/2.9.6/jackson-jaxrs-base-2.9.6.pom (1.5 kB at 7.7 kB/s)
[INFO] Downloading from local-file: file:///w/lib/com/fasterxml/jackson/core/jackson-core/2.9.6/jackson-core-2.9.6.pom
[INFO] Downloading from central: https://repo.maven.apache.org/maven2/com/fasterxml/jackson/core/jackson-core/2.9.6/jackson-core-2.9.6.pom
[INFO] Downloaded from central: https://repo.maven.apache.org/maven2/com/fasterxml/jackson/core/jackson-core/2.9.6/jackson-core-2.9.6.pom (4.1 kB at 17 kB/s)
[INFO] Downloading from local-file: file:///w/lib/com/fasterxml/jackson/core/jackson-databind/2.9.6/jackson-databind-2.9.6.pom
[INFO] Downloading from central: https://repo.maven.apache.org/maven2/com/fasterxml/jackson/core/jackson-databind/2.9.6/jackson-databind-2.9.6.pom
[INFO] Downloaded from central: https://repo.maven.apache.org/maven2/com/fasterxml/jackson/core/jackson-databind/2.9.6/jackson-databind-2.9.6.pom (6.3 kB at 22 kB/s)
[INFO] Downloading from local-file: file:///w/lib/com/fasterxml/jackson/module/jackson-module-jaxb-annotations/2.9.6/jackson-module-jaxb-annotations-2.9.6.pom
[INFO] Downloading from central: https://repo.maven.apache.org/maven2/com/fasterxml/jackson/module/jackson-module-jaxb-annotations/2.9.6/jackson-module-jaxb-annotations-2.9.6.pom
[INFO] Downloaded from central: https://repo.maven.apache.org/maven2/com/fasterxml/jackson/module/jackson-module-jaxb-annotations/2.9.6/jackson-module-jaxb-annotations-2.9.6.pom (2.0 kB at 5.7 kB/s)
[INFO] Downloading from local-file: file:///w/lib/com/fasterxml/jackson/module/jackson-modules-base/2.9.6/jackson-modules-base-2.9.6.pom
[INFO] Downloading from central: https://repo.maven.apache.org/maven2/com/fasterxml/jackson/module/jackson-modules-base/2.9.6/jackson-modules-base-2.9.6.pom
[INFO] Downloaded from central: https://repo.maven.apache.org/maven2/com/fasterxml/jackson/module/jackson-modules-base/2.9.6/jackson-modules-base-2.9.6.pom (3.0 kB at 3.8 kB/s)
[INFO] Downloading from local-file: file:///w/lib/org/glassfish/jersey/inject/jersey-hk2/2.27/jersey-hk2-2.27.pom
[INFO] Downloading from central: https://repo.maven.apache.org/maven2/org/glassfish/jersey/inject/jersey-hk2/2.27/jersey-hk2-2.27.pom
[INFO] Downloaded from central: https://repo.maven.apache.org/maven2/org/glassfish/jersey/inject/jersey-hk2/2.27/jersey-hk2-2.27.pom (5.2 kB at 27 kB/s)
[INFO] Downloading from local-file: file:///w/lib/org/glassfish/jersey/inject/project/2.27/project-2.27.pom
[INFO] Downloading from central: https://repo.maven.apache.org/maven2/org/glassfish/jersey/inject/project/2.27/project-2.27.pom
[INFO] Downloaded from central: https://repo.maven.apache.org/maven2/org/glassfish/jersey/inject/project/2.27/project-2.27.pom (2.7 kB at 12 kB/s)
[INFO] Downloading from local-file: file:///w/lib/org/glassfish/jersey/project/2.27/project-2.27.pom
[INFO] Downloading from central: https://repo.maven.apache.org/maven2/org/glassfish/jersey/project/2.27/project-2.27.pom
[INFO] Downloaded from central: https://repo.maven.apache.org/maven2/org/glassfish/jersey/project/2.27/project-2.27.pom (88 kB at 207 kB/s)
[INFO] Downloading from local-file: file:///w/lib/org/glassfish/hk2/hk2-bom/2.5.0-b42/hk2-bom-2.5.0-b42.pom
[INFO] Downloading from central: https://repo.maven.apache.org/maven2/org/glassfish/hk2/hk2-bom/2.5.0-b42/hk2-bom-2.5.0-b42.pom
[INFO] Downloaded from central: https://repo.maven.apache.org/maven2/org/glassfish/hk2/hk2-bom/2.5.0-b42/hk2-bom-2.5.0-b42.pom (16 kB at 61 kB/s)
[INFO] Downloading from local-file: file:///w/lib/org/glassfish/jersey/core/jersey-common/2.27/jersey-common-2.27.pom
[INFO] Downloading from central: https://repo.maven.apache.org/maven2/org/glassfish/jersey/core/jersey-common/2.27/jersey-common-2.27.pom
[INFO] Downloaded from central: https://repo.maven.apache.org/maven2/org/glassfish/jersey/core/jersey-common/2.27/jersey-common-2.27.pom (11 kB at 54 kB/s)
[INFO] Downloading from local-file: file:///w/lib/javax/ws/rs/javax.ws.rs-api/2.1/javax.ws.rs-api-2.1.pom
[INFO] Downloading from central: https://repo.maven.apache.org/maven2/javax/ws/rs/javax.ws.rs-api/2.1/javax.ws.rs-api-2.1.pom
[INFO] Downloaded from central: https://repo.maven.apache.org/maven2/javax/ws/rs/javax.ws.rs-api/2.1/javax.ws.rs-api-2.1.pom (30 kB at 142 kB/s)
[INFO] Downloading from local-file: file:///w/lib/org/glassfish/hk2/external/javax.inject/2.5.0-b42/javax.inject-2.5.0-b42.pom
[INFO] Downloading from central: https://repo.maven.apache.org/maven2/org/glassfish/hk2/external/javax.inject/2.5.0-b42/javax.inject-2.5.0-b42.pom
[INFO] Downloaded from central: https://repo.maven.apache.org/maven2/org/glassfish/hk2/external/javax.inject/2.5.0-b42/javax.inject-2.5.0-b42.pom (6.5 kB at 32 kB/s)
[INFO] Downloading from local-file: file:///w/lib/org/glassfish/hk2/external/2.5.0-b42/external-2.5.0-b42.pom
[INFO] Downloading from central: https://repo.maven.apache.org/maven2/org/glassfish/hk2/external/2.5.0-b42/external-2.5.0-b42.pom
[INFO] Downloaded from central: https://repo.maven.apache.org/maven2/org/glassfish/hk2/external/2.5.0-b42/external-2.5.0-b42.pom (2.8 kB at 8.6 kB/s)
[INFO] Downloading from local-file: file:///w/lib/org/glassfish/hk2/hk2-parent/2.5.0-b42/hk2-parent-2.5.0-b42.pom
[INFO] Downloading from central: https://repo.maven.apache.org/maven2/org/glassfish/hk2/hk2-parent/2.5.0-b42/hk2-parent-2.5.0-b42.pom
[INFO] Downloaded from central: https://repo.maven.apache.org/maven2/org/glassfish/hk2/hk2-parent/2.5.0-b42/hk2-parent-2.5.0-b42.pom (42 kB at 189 kB/s)
[INFO] Downloading from local-file: file:///w/lib/org/glassfish/hk2/hk2-locator/2.5.0-b42/hk2-locator-2.5.0-b42.pom
[INFO] Downloading from central: https://repo.maven.apache.org/maven2/org/glassfish/hk2/hk2-locator/2.5.0-b42/hk2-locator-2.5.0-b42.pom
[INFO] Downloaded from central: https://repo.maven.apache.org/maven2/org/glassfish/hk2/hk2-locator/2.5.0-b42/hk2-locator-2.5.0-b42.pom (7.9 kB at 39 kB/s)
[INFO] Downloading from local-file: file:///w/lib/org/glassfish/hk2/external/aopalliance-repackaged/2.5.0-b42/aopalliance-repackaged-2.5.0-b42.pom
[INFO] Downloading from central: https://repo.maven.apache.org/maven2/org/glassfish/hk2/external/aopalliance-repackaged/2.5.0-b42/aopalliance-repackaged-2.5.0-b42.pom
[INFO] Downloaded from central: https://repo.maven.apache.org/maven2/org/glassfish/hk2/external/aopalliance-repackaged/2.5.0-b42/aopalliance-repackaged-2.5.0-b42.pom (6.8 kB at 31 kB/s)
[INFO] Downloading from local-file: file:///w/lib/org/glassfish/hk2/hk2-api/2.5.0-b42/hk2-api-2.5.0-b42.pom
[INFO] Downloading from central: https://repo.maven.apache.org/maven2/org/glassfish/hk2/hk2-api/2.5.0-b42/hk2-api-2.5.0-b42.pom
[INFO] Downloaded from central: https://repo.maven.apache.org/maven2/org/glassfish/hk2/hk2-api/2.5.0-b42/hk2-api-2.5.0-b42.pom (4.6 kB at 22 kB/s)
[INFO] Downloading from local-file: file:///w/lib/org/glassfish/hk2/hk2-utils/2.5.0-b42/hk2-utils-2.5.0-b42.pom
[INFO] Downloading from central: https://repo.maven.apache.org/maven2/org/glassfish/hk2/hk2-utils/2.5.0-b42/hk2-utils-2.5.0-b42.pom
[INFO] Downloaded from central: https://repo.maven.apache.org/maven2/org/glassfish/hk2/hk2-utils/2.5.0-b42/hk2-utils-2.5.0-b42.pom (6.9 kB at 31 kB/s)
[INFO] Downloading from local-file: file:///w/lib/org/javassist/javassist/3.22.0-CR2/javassist-3.22.0-CR2.pom
[INFO] Downloading from central: https://repo.maven.apache.org/maven2/org/javassist/javassist/3.22.0-CR2/javassist-3.22.0-CR2.pom
[INFO] Downloaded from central: https://repo.maven.apache.org/maven2/org/javassist/javassist/3.22.0-CR2/javassist-3.22.0-CR2.pom (10 kB at 48 kB/s)
[INFO] Downloading from local-file: file:///w/lib/org/glassfish/jersey/core/jersey-client/2.27/jersey-client-2.27.pom
[INFO] Downloading from central: https://repo.maven.apache.org/maven2/org/glassfish/jersey/core/jersey-client/2.27/jersey-client-2.27.pom
[INFO] Downloaded from central: https://repo.maven.apache.org/maven2/org/glassfish/jersey/core/jersey-client/2.27/jersey-client-2.27.pom (7.4 kB at 10 kB/s)
[INFO] Downloading from local-file: file:///w/lib/org/glassfish/jersey/connectors/jersey-apache-connector/2.27/jersey-apache-connector-2.27.pom
[INFO] Downloading from central: https://repo.maven.apache.org/maven2/org/glassfish/jersey/connectors/jersey-apache-connector/2.27/jersey-apache-connector-2.27.pom
[INFO] Downloaded from central: https://repo.maven.apache.org/maven2/org/glassfish/jersey/connectors/jersey-apache-connector/2.27/jersey-apache-connector-2.27.pom (4.4 kB at 5.8 kB/s)
[INFO] Downloading from local-file: file:///w/lib/org/glassfish/jersey/connectors/project/2.27/project-2.27.pom
[INFO] Downloading from central: https://repo.maven.apache.org/maven2/org/glassfish/jersey/connectors/project/2.27/project-2.27.pom
[INFO] Downloaded from central: https://repo.maven.apache.org/maven2/org/glassfish/jersey/connectors/project/2.27/project-2.27.pom (4.0 kB at 10 kB/s)
[INFO] Downloading from local-file: file:///w/lib/org/apache/httpcomponents/httpclient/4.5/httpclient-4.5.pom
[INFO] Downloading from central: https://repo.maven.apache.org/maven2/org/apache/httpcomponents/httpclient/4.5/httpclient-4.5.pom
[INFO] Downloaded from central: https://repo.maven.apache.org/maven2/org/apache/httpcomponents/httpclient/4.5/httpclient-4.5.pom (6.4 kB at 7.0 kB/s)
[INFO] Downloading from local-file: file:///w/lib/org/apache/httpcomponents/httpcomponents-client/4.5/httpcomponents-client-4.5.pom
[INFO] Downloading from central: https://repo.maven.apache.org/maven2/org/apache/httpcomponents/httpcomponents-client/4.5/httpcomponents-client-4.5.pom
[INFO] Downloaded from central: https://repo.maven.apache.org/maven2/org/apache/httpcomponents/httpcomponents-client/4.5/httpcomponents-client-4.5.pom (16 kB at 33 kB/s)
[INFO] Downloading from local-file: file:///w/lib/org/apache/httpcomponents/httpcore/4.4.1/httpcore-4.4.1.pom
[INFO] Downloading from central: https://repo.maven.apache.org/maven2/org/apache/httpcomponents/httpcore/4.4.1/httpcore-4.4.1.pom
[INFO] Downloaded from central: https://repo.maven.apache.org/maven2/org/apache/httpcomponents/httpcore/4.4.1/httpcore-4.4.1.pom (4.6 kB at 13 kB/s)
[INFO] Downloading from local-file: file:///w/lib/org/apache/httpcomponents/httpcomponents-core/4.4.1/httpcomponents-core-4.4.1.pom
[INFO] Downloading from central: https://repo.maven.apache.org/maven2/org/apache/httpcomponents/httpcomponents-core/4.4.1/httpcomponents-core-4.4.1.pom
[INFO] Downloaded from central: https://repo.maven.apache.org/maven2/org/apache/httpcomponents/httpcomponents-core/4.4.1/httpcomponents-core-4.4.1.pom (13 kB at 31 kB/s)
[INFO] Downloading from local-file: file:///w/lib/commons-codec/commons-codec/1.9/commons-codec-1.9.pom
[INFO] Downloading from central: https://repo.maven.apache.org/maven2/commons-codec/commons-codec/1.9/commons-codec-1.9.pom
[INFO] Downloaded from central: https://repo.maven.apache.org/maven2/commons-codec/commons-codec/1.9/commons-codec-1.9.pom (12 kB at 28 kB/s)
[INFO] Downloading from local-file: file:///w/lib/org/apache/commons/commons-parent/32/commons-parent-32.pom
[INFO] Downloading from central: https://repo.maven.apache.org/maven2/org/apache/commons/commons-parent/32/commons-parent-32.pom
[INFO] Downloaded from central: https://repo.maven.apache.org/maven2/org/apache/commons/commons-parent/32/commons-parent-32.pom (53 kB at 62 kB/s)
[INFO] Downloading from local-file: file:///w/lib/org/glassfish/jersey/media/jersey-media-multipart/2.27/jersey-media-multipart-2.27.pom
[INFO] Downloading from central: https://repo.maven.apache.org/maven2/org/glassfish/jersey/media/jersey-media-multipart/2.27/jersey-media-multipart-2.27.pom
[INFO] Downloaded from central: https://repo.maven.apache.org/maven2/org/glassfish/jersey/media/jersey-media-multipart/2.27/jersey-media-multipart-2.27.pom (5.3 kB at 18 kB/s)
[INFO] Downloading from local-file: file:///w/lib/org/glassfish/jersey/media/project/2.27/project-2.27.pom
[INFO] Downloading from central: https://repo.maven.apache.org/maven2/org/glassfish/jersey/media/project/2.27/project-2.27.pom
[INFO] Downloaded from central: https://repo.maven.apache.org/maven2/org/glassfish/jersey/media/project/2.27/project-2.27.pom (3.3 kB at 12 kB/s)
[INFO] Downloading from local-file: file:///w/lib/org/jvnet/mimepull/mimepull/1.9.6/mimepull-1.9.6.pom
[INFO] Downloading from central: https://repo.maven.apache.org/maven2/org/jvnet/mimepull/mimepull/1.9.6/mimepull-1.9.6.pom
[INFO] Downloaded from central: https://repo.maven.apache.org/maven2/org/jvnet/mimepull/mimepull/1.9.6/mimepull-1.9.6.pom (14 kB at 33 kB/s)
[INFO] Downloading from local-file: file:///w/lib/javax/servlet/javax.servlet-api/4.0.1/javax.servlet-api-4.0.1.pom
[INFO] Downloading from central: https://repo.maven.apache.org/maven2/javax/servlet/javax.servlet-api/4.0.1/javax.servlet-api-4.0.1.pom
[INFO] Downloaded from central: https://repo.maven.apache.org/maven2/javax/servlet/javax.servlet-api/4.0.1/javax.servlet-api-4.0.1.pom (16 kB at 33 kB/s)
[INFO] Downloading from local-file: file:///w/lib/javax/servlet/javax.servlet-api/3.1.0/javax.servlet-api-3.1.0.jar
[INFO] Downloading from local-file: file:///w/lib/javax/ws/rs/javax.ws.rs-api/2.0.1/javax.ws.rs-api-2.0.1.jar
[INFO] Downloading from local-file: file:///w/lib/org/apache/cxf/cxf-rt-transports-http/3.1.2/cxf-rt-transports-http-3.1.2.jar
[INFO] Downloading from local-file: file:///w/lib/org/apache/cxf/cxf-core/3.1.2/cxf-core-3.1.2.jar
[INFO] Downloading from local-file: file:///w/lib/org/apache/ws/xmlschema/xmlschema-core/2.2.1/xmlschema-core-2.2.1.jar
[INFO] Downloading from local-file: file:///w/lib/org/codehaus/woodstox/woodstox-core-asl/4.4.1/woodstox-core-asl-4.4.1.jar
[INFO] Downloading from local-file: file:///w/lib/org/apache/cxf/cxf-rt-frontend-jaxrs/3.1.2/cxf-rt-frontend-jaxrs-3.1.2.jar
[INFO] Downloading from local-file: file:///w/lib/javax/annotation/javax.annotation-api/1.2/javax.annotation-api-1.2.jar
[INFO] Downloading from local-file: file:///w/lib/org/springframework/spring-context/4.3.7.RELEASE/spring-context-4.3.7.RELEASE.jar
[INFO] Downloading from local-file: file:///w/lib/org/springframework/spring-websocket/4.3.7.RELEASE/spring-websocket-4.3.7.RELEASE.jar
[INFO] Downloading from local-file: file:///w/lib/org/springframework/spring-core/4.3.7.RELEASE/spring-core-4.3.7.RELEASE.jar
[INFO] Downloading from local-file: file:///w/lib/org/codehaus/woodstox/stax2-api/3.1.4/stax2-api-3.1.4.jar
[INFO] Downloading from local-file: file:///w/lib/org/springframework/spring-web/4.3.7.RELEASE/spring-web-4.3.7.RELEASE.jar
[INFO] Downloading from local-file: file:///w/lib/org/springframework/spring-webmvc/4.3.7.RELEASE/spring-webmvc-4.3.7.RELEASE.jar
[INFO] Downloading from local-file: file:///w/lib/org/springframework/spring-aop/4.3.7.RELEASE/spring-aop-4.3.7.RELEASE.jar
[INFO] Downloading from local-file: file:///w/lib/org/springframework/spring-beans/4.3.7.RELEASE/spring-beans-4.3.7.RELEASE.jar
[INFO] Downloading from local-file: file:///w/lib/org/springframework/spring-expression/4.3.7.RELEASE/spring-expression-4.3.7.RELEASE.jar
[INFO] Downloading from local-file: file:///w/lib/org/springframework/spring-messaging/4.3.7.RELEASE/spring-messaging-4.3.7.RELEASE.jar
[INFO] Downloading from local-file: file:///w/lib/org/springframework/data/spring-data-redis/1.8.6.RELEASE/spring-data-redis-1.8.6.RELEASE.jar
[INFO] Downloading from local-file: file:///w/lib/org/springframework/data/spring-data-commons/1.13.6.RELEASE/spring-data-commons-1.13.6.RELEASE.jar
[INFO] Downloading from local-file: file:///w/lib/org/springframework/data/spring-data-keyvalue/1.2.6.RELEASE/spring-data-keyvalue-1.2.6.RELEASE.jar
[INFO] Downloading from local-file: file:///w/lib/org/springframework/spring-tx/4.3.10.RELEASE/spring-tx-4.3.10.RELEASE.jar
[INFO] Downloading from local-file: file:///w/lib/org/springframework/spring-oxm/4.3.10.RELEASE/spring-oxm-4.3.10.RELEASE.jar
[INFO] Downloading from local-file: file:///w/lib/org/springframework/spring-context-support/4.3.10.RELEASE/spring-context-support-4.3.10.RELEASE.jar
[INFO] Downloading from local-file: file:///w/lib/org/slf4j/slf4j-api/1.7.25/slf4j-api-1.7.25.jar
[INFO] Downloading from local-file: file:///w/lib/org/slf4j/jcl-over-slf4j/1.7.25/jcl-over-slf4j-1.7.25.jar
[INFO] Downloading from local-file: file:///w/lib/com/squareup/okhttp3/okhttp/3.6.0/okhttp-3.6.0.jar
[INFO] Downloading from local-file: file:///w/lib/com/squareup/okio/okio/1.11.0/okio-1.11.0.jar
[INFO] Downloading from local-file: file:///w/lib/io/springfox/springfox-spring-web/2.6.1/springfox-spring-web-2.6.1.jar
[INFO] Downloading from local-file: file:///w/lib/com/google/guava/guava/18.0/guava-18.0.jar
[INFO] Downloading from local-file: file:///w/lib/com/fasterxml/classmate/1.3.1/classmate-1.3.1.jar
[INFO] Downloading from local-file: file:///w/lib/org/springframework/plugin/spring-plugin-core/1.2.0.RELEASE/spring-plugin-core-1.2.0.RELEASE.jar
[INFO] Downloading from local-file: file:///w/lib/org/springframework/plugin/spring-plugin-metadata/1.2.0.RELEASE/spring-plugin-metadata-1.2.0.RELEASE.jar
[INFO] Downloading from local-file: file:///w/lib/io/springfox/springfox-core/2.6.1/springfox-core-2.6.1.jar
[INFO] Downloading from local-file: file:///w/lib/io/javaslang/javaslang/2.0.6/javaslang-2.0.6.jar
[INFO] Downloading from local-file: file:///w/lib/io/javaslang/javaslang-match/2.0.6/javaslang-match-2.0.6.jar
[INFO] Downloading from local-file: file:///w/lib/org/glassfish/jersey/core/jersey-common/2.23.2/jersey-common-2.23.2.jar
[INFO] Downloading from local-file: file:///w/lib/org/glassfish/jersey/bundles/repackaged/jersey-guava/2.23.2/jersey-guava-2.23.2.jar
[INFO] Downloading from local-file: file:///w/lib/com/squareup/retrofit2/retrofit/2.1.0/retrofit-2.1.0.jar
[INFO] Downloading from local-file: file:///w/lib/org/glassfish/hk2/hk2-utils/2.5.0-b05/hk2-utils-2.5.0-b05.jar
[INFO] Downloading from local-file: file:///w/lib/org/glassfish/hk2/external/aopalliance-repackaged/2.5.0-b05/aopalliance-repackaged-2.5.0-b05.jar
[INFO] Downloading from local-file: file:///w/lib/org/glassfish/hk2/external/javax.inject/2.5.0-b05/javax.inject-2.5.0-b05.jar
[INFO] Downloading from local-file: file:///w/lib/org/glassfish/hk2/hk2-locator/2.5.0-b05/hk2-locator-2.5.0-b05.jar
[INFO] Downloading from local-file: file:///w/lib/org/glassfish/hk2/osgi-resource-locator/1.0.1/osgi-resource-locator-1.0.1.jar
[INFO] Downloading from local-file: file:///w/lib/joda-time/joda-time/2.10/joda-time-2.10.jar
[INFO] Downloading from local-file: file:///w/lib/org/eclipse/jetty/jetty-server/8.1.8.v20121106/jetty-server-8.1.8.v20121106.jar
[INFO] Downloading from local-file: file:///w/lib/org/eclipse/jetty/orbit/javax.servlet/3.0.0.v201112011016/javax.servlet-3.0.0.v201112011016.jar
[INFO] Downloading from local-file: file:///w/lib/org/eclipse/jetty/jetty-continuation/8.1.8.v20121106/jetty-continuation-8.1.8.v20121106.jar
[INFO] Downloading from local-file: file:///w/lib/org/glassfish/hk2/hk2-api/2.5.0-b05/hk2-api-2.5.0-b05.jar
[INFO] Downloading from local-file: file:///w/lib/org/eclipse/jetty/jetty-io/8.1.8.v20121106/jetty-io-8.1.8.v20121106.jar
[INFO] Downloading from local-file: file:///w/lib/org/eclipse/jetty/jetty-webapp/8.1.8.v20121106/jetty-webapp-8.1.8.v20121106.jar
[INFO] Downloading from local-file: file:///w/lib/org/eclipse/jetty/jetty-xml/8.1.8.v20121106/jetty-xml-8.1.8.v20121106.jar
[INFO] Downloading from local-file: file:///w/lib/org/eclipse/jetty/jetty-util/8.1.8.v20121106/jetty-util-8.1.8.v20121106.jar
[INFO] Downloading from local-file: file:///w/lib/org/eclipse/jetty/jetty-security/8.1.8.v20121106/jetty-security-8.1.8.v20121106.jar
[INFO] Downloading from local-file: file:///w/lib/io/springfox/springfox-spi/2.6.1/springfox-spi-2.6.1.jar
[INFO] Downloading from local-file: file:///w/lib/org/eclipse/jetty/jetty-servlet/8.1.8.v20121106/jetty-servlet-8.1.8.v20121106.jar
[INFO] Downloading from local-file: file:///w/lib/com/fasterxml/jackson/core/jackson-databind/2.9.0/jackson-databind-2.9.0.jar
[INFO] Downloading from local-file: file:///w/lib/com/fasterxml/jackson/core/jackson-annotations/2.9.0/jackson-annotations-2.9.0.jar
[INFO] Downloading from local-file: file:///w/lib/org/eclipse/jetty/jetty-http/8.1.8.v20121106/jetty-http-8.1.8.v20121106.jar
[INFO] Downloading from local-file: file:///w/lib/com/fasterxml/jackson/core/jackson-core/2.9.0/jackson-core-2.9.0.jar
[INFO] Downloading from local-file: file:///w/lib/com/fasterxml/jackson/module/jackson-module-afterburner/2.9.0/jackson-module-afterburner-2.9.0.jar
[INFO] Downloading from local-file: file:///w/lib/com/fasterxml/jackson/module/jackson-module-kotlin/2.9.0/jackson-module-kotlin-2.9.0.jar
[INFO] Downloading from local-file: file:///w/lib/cglib/cglib-nodep/2.2.2/cglib-nodep-2.2.2.jar
[INFO] Downloading from local-file: file:///w/lib/com/fasterxml/jackson/jaxrs/jackson-jaxrs-json-provider/2.8.7/jackson-jaxrs-json-provider-2.8.7.jar
[INFO] Downloading from local-file: file:///w/lib/com/fasterxml/jackson/jaxrs/jackson-jaxrs-base/2.8.7/jackson-jaxrs-base-2.8.7.jar
[INFO] Downloading from local-file: file:///w/lib/commons-io/commons-io/1.4/commons-io-1.4.jar
[INFO] Downloading from local-file: file:///w/lib/net/sf/json-lib/json-lib/2.4/json-lib-2.4-jdk15.jar
[INFO] Downloading from local-file: file:///w/lib/commons-beanutils/commons-beanutils/1.8.0/commons-beanutils-1.8.0.jar
[INFO] Downloading from local-file: file:///w/lib/commons-collections/commons-collections/3.2.1/commons-collections-3.2.1.jar
[INFO] Downloading from local-file: file:///w/lib/com/googlecode/json-simple/json-simple/1.1.1/json-simple-1.1.1.jar
[INFO] Downloading from local-file: file:///w/lib/commons-lang/commons-lang/2.5/commons-lang-2.5.jar
[INFO] Downloading from local-file: file:///w/lib/net/minidev/json-smart/2.2.1/json-smart-2.2.1.jar
[INFO] Downloading from local-file: file:///w/lib/com/fasterxml/jackson/module/jackson-module-jaxb-annotations/2.8.7/jackson-module-jaxb-annotations-2.8.7.jar
[INFO] Downloading from local-file: file:///w/lib/net/minidev/accessors-smart/1.1/accessors-smart-1.1.jar
[INFO] Downloading from local-file: file:///w/lib/org/clojure/clojure/1.5.1/clojure-1.5.1.jar
[INFO] Downloading from local-file: file:///w/lib/org/codehaus/groovy/groovy/2.1.5/groovy-2.1.5.jar
[INFO] Downloading from local-file: file:///w/lib/antlr/antlr/2.7.7/antlr-2.7.7.jar
[INFO] Downloading from local-file: file:///w/lib/org/ow2/asm/asm-tree/4.0/asm-tree-4.0.jar
[INFO] Downloading from local-file: file:///w/lib/org/ow2/asm/asm-commons/4.0/asm-commons-4.0.jar
[INFO] Downloading from local-file: file:///w/lib/org/ow2/asm/asm/4.0/asm-4.0.jar
[INFO] Downloading from local-file: file:///w/lib/org/ow2/asm/asm-util/4.0/asm-util-4.0.jar
[INFO] Downloading from local-file: file:///w/lib/org/ow2/asm/asm-analysis/4.0/asm-analysis-4.0.jar
[INFO] Downloading from local-file: file:///w/lib/org/springframework/spring-test/4.3.7.RELEASE/spring-test-4.3.7.RELEASE.jar
[INFO] Downloading from local-file: file:///w/lib/org/javassist/javassist/3.18.0-GA/javassist-3.18.0-GA.jar
[INFO] Downloading from local-file: file:///w/lib/org/apache/cxf/cxf-rt-rs-client/3.1.2/cxf-rt-rs-client-3.1.2.jar
[INFO] Downloading from local-file: file:///w/lib/org/springframework/data/spring-data-commons-core/1.4.1.RELEASE/spring-data-commons-core-1.4.1.RELEASE.jar
[INFO] Downloading from local-file: file:///w/lib/org/glassfish/jersey/containers/jersey-container-servlet/2.23.2/jersey-container-servlet-2.23.2.jar
[INFO] Downloading from local-file: file:///w/lib/org/glassfish/jersey/containers/jersey-container-servlet-core/2.23.2/jersey-container-servlet-core-2.23.2.jar
[INFO] Downloading from local-file: file:///w/lib/org/glassfish/jersey/core/jersey-server/2.23.2/jersey-server-2.23.2.jar
[INFO] Downloading from local-file: file:///w/lib/org/glassfish/jersey/media/jersey-media-jaxb/2.23.2/jersey-media-jaxb-2.23.2.jar
[INFO] Downloading from local-file: file:///w/lib/com/google/code/gson/gson/2.6.2/gson-2.6.2.jar
[INFO] Downloading from local-file: file:///w/lib/net/sf/ezmorph/ezmorph/1.0.6/ezmorph-1.0.6.jar
[INFO] Downloading from local-file: file:///w/lib/commons-logging/commons-logging/1.1.1/commons-logging-1.1.1.jar
[INFO] Downloading from local-file: file:///w/lib/org/glassfish/jersey/core/jersey-client/2.23.2/jersey-client-2.23.2.jar
[INFO] Downloading from local-file: file:///w/lib/org/glassfish/jersey/test-framework/providers/jersey-test-framework-provider-jdk-http/2.23.2/jersey-test-framework-provider-jdk-http-2.23.2.jar
[INFO] Downloading from local-file: file:///w/lib/org/glassfish/jersey/test-framework/jersey-test-framework-core/2.23.2/jersey-test-framework-core-2.23.2.jar
[INFO] Downloading from local-file: file:///w/lib/org/glassfish/jersey/containers/jersey-container-jdk-http/2.23.2/jersey-container-jdk-http-2.23.2.jar
[INFO] Downloading from local-file: file:///w/lib/org/ow2/asm/asm-debug-all/5.0.4/asm-debug-all-5.0.4.jar
[INFO] Downloading from local-file: file:///w/lib/org/glassfish/jersey/media/jersey-media-json-jackson/2.23.2/jersey-media-json-jackson-2.23.2.jar
[INFO] Downloading from local-file: file:///w/lib/org/glassfish/jersey/ext/jersey-entity-filtering/2.23.2/jersey-entity-filtering-2.23.2.jar
[INFO] Downloading from local-file: file:///w/lib/com/jsoniter/jsoniter/0.9.8/jsoniter-0.9.8.jar
[INFO] Downloading from local-file: file:///w/lib/org/apache/commons/commons-lang3/3.4/commons-lang3-3.4.jar
[INFO] Downloading from local-file: file:///w/lib/org/jboss/logging/jboss-logging/3.3.0.Final/jboss-logging-3.3.0.Final.jar
[INFO] Downloading from local-file: file:///w/lib/org/hibernate/javax/persistence/hibernate-jpa-2.1-api/1.0.0.Final/hibernate-jpa-2.1-api-1.0.0.Final.jar
[INFO] Downloading from local-file: file:///w/lib/org/hibernate/hibernate-core/5.2.10.Final/hibernate-core-5.2.10.Final.jar
[INFO] Downloading from local-file: file:///w/lib/org/jboss/spec/javax/transaction/jboss-transaction-api_1.2_spec/1.0.1.Final/jboss-transaction-api_1.2_spec-1.0.1.Final.jar
[INFO] Downloading from local-file: file:///w/lib/org/jboss/jandex/2.0.3.Final/jandex-2.0.3.Final.jar
[INFO] Downloading from local-file: file:///w/lib/dom4j/dom4j/1.6.1/dom4j-1.6.1.jar
[INFO] Downloading from local-file: file:///w/lib/org/hibernate/common/hibernate-commons-annotations/5.0.1.Final/hibernate-commons-annotations-5.0.1.Final.jar
[INFO] Downloading from local-file: file:///w/lib/org/jetbrains/kotlin/kotlin-stdlib/1.1.3-2/kotlin-stdlib-1.1.3-2.jar
[INFO] Downloading from local-file: file:///w/lib/org/jetbrains/annotations/13.0/annotations-13.0.jar
[INFO] Downloading from local-file: file:///w/lib/org/jetbrains/kotlin/kotlin-reflect/1.1.3-2/kotlin-reflect-1.1.3-2.jar
[INFO] Downloading from local-file: file:///w/lib/aopalliance/aopalliance/1.0/aopalliance-1.0.jar
[INFO] Downloading from local-file: file:///w/lib/com/jayway/jsonpath/json-path/2.3.0/json-path-2.3.0.jar
[INFO] Downloading from local-file: file:///w/lib/org/springframework/security/spring-security-core/4.2.3.RELEASE/spring-security-core-4.2.3.RELEASE.jar
[INFO] Downloading from local-file: file:///w/lib/org/apache/commons/commons-collections4/4.1/commons-collections4-4.1.jar
[INFO] Downloading from local-file: file:///w/lib/org/springframework/security/spring-security-web/4.2.3.RELEASE/spring-security-web-4.2.3.RELEASE.jar
[INFO] Downloading from local-file: file:///w/lib/org/powermock/powermock-module-junit4/1.6.6/powermock-module-junit4-1.6.6.jar
[INFO] Downloading from local-file: file:///w/lib/org/powermock/powermock-module-junit4-common/1.6.6/powermock-module-junit4-common-1.6.6.jar
[INFO] Downloading from local-file: file:///w/lib/org/powermock/powermock-core/1.6.6/powermock-core-1.6.6.jar
[INFO] Downloading from local-file: file:///w/lib/org/powermock/powermock-reflect/1.6.6/powermock-reflect-1.6.6.jar
[INFO] Downloading from local-file: file:///w/lib/com/diffblue/deeptestutils/1.1.0/deeptestutils-1.1.0.jar
[INFO] Downloading from local-file: file:///w/lib/org/mockito/mockito-all/1.10.19/mockito-all-1.10.19.jar
[INFO] Downloading from local-file: file:///w/lib/org/powermock/powermock-api-mockito/1.6.6/powermock-api-mockito-1.6.6.jar
[INFO] Downloading from local-file: file:///w/lib/org/mockito/mockito-core/1.10.19/mockito-core-1.10.19.jar
[INFO] Downloading from local-file: file:///w/lib/org/powermock/powermock-api-support/1.6.6/powermock-api-support-1.6.6.jar
[INFO] Downloading from local-file: file:///w/lib/org/powermock/powermock-api-mockito-common/1.6.6/powermock-api-mockito-common-1.6.6.jar
[INFO] Downloading from local-file: file:///w/lib/org/projectlombok/lombok/1.14.4/lombok-1.14.4.jar
[INFO] Downloading from local-file: file:///w/lib/org/openjdk/jmh/jmh-core/1.21/jmh-core-1.21.jar
[INFO] Downloading from local-file: file:///w/lib/org/openjdk/jmh/jmh-generator-annprocess/1.21/jmh-generator-annprocess-1.21.jar
[INFO] Downloading from local-file: file:///w/lib/org/springframework/security/oauth/spring-security-oauth2/2.3.3.RELEASE/spring-security-oauth2-2.3.3.RELEASE.jar
[INFO] Downloading from local-file: file:///w/lib/org/springframework/security/spring-security-config/3.2.10.RELEASE/spring-security-config-3.2.10.RELEASE.jar
[INFO] Downloading from local-file: file:///w/lib/org/codehaus/jackson/jackson-mapper-asl/1.9.13/jackson-mapper-asl-1.9.13.jar
[INFO] Downloading from local-file: file:///w/lib/org/codehaus/jackson/jackson-core-asl/1.9.13/jackson-core-asl-1.9.13.jar
[INFO] Downloading from local-file: file:///w/lib/org/gitlab4j/gitlab4j-api/4.8.42/gitlab4j-api-4.8.42.jar
[INFO] Downloading from local-file: file:///w/lib/javax/xml/bind/jaxb-api/2.3.0/jaxb-api-2.3.0.jar
[INFO] Downloading from local-file: file:///w/lib/com/sun/activation/javax.activation/1.2.0/javax.activation-1.2.0.jar
[INFO] Downloading from local-file: file:///w/lib/org/glassfish/jersey/inject/jersey-hk2/2.27/jersey-hk2-2.27.jar
[INFO] Downloading from local-file: file:///w/lib/org/glassfish/jersey/connectors/jersey-apache-connector/2.27/jersey-apache-connector-2.27.jar
[INFO] Downloading from local-file: file:///w/lib/org/apache/httpcomponents/httpclient/4.5/httpclient-4.5.jar
[INFO] Downloading from local-file: file:///w/lib/org/objenesis/objenesis/2.5.1/objenesis-2.5.1.jar
[INFO] Downloading from local-file: file:///w/lib/org/apache/httpcomponents/httpcore/4.4.1/httpcore-4.4.1.jar
[INFO] Downloading from local-file: file:///w/lib/commons-codec/commons-codec/1.9/commons-codec-1.9.jar
[INFO] Downloading from local-file: file:///w/lib/org/glassfish/jersey/media/jersey-media-multipart/2.27/jersey-media-multipart-2.27.jar
[INFO] Downloading from local-file: file:///w/lib/org/jvnet/mimepull/mimepull/1.9.6/mimepull-1.9.6.jar
[INFO] Downloading from central: https://repo.maven.apache.org/maven2/javax/servlet/javax.servlet-api/3.1.0/javax.servlet-api-3.1.0.jar
[INFO] Downloaded from central: https://repo.maven.apache.org/maven2/javax/servlet/javax.servlet-api/3.1.0/javax.servlet-api-3.1.0.jar (96 kB at 25 kB/s)
[INFO] Downloading from central: https://repo.maven.apache.org/maven2/javax/ws/rs/javax.ws.rs-api/2.0.1/javax.ws.rs-api-2.0.1.jar
[INFO] Downloading from central: https://repo.maven.apache.org/maven2/org/apache/cxf/cxf-rt-transports-http/3.1.2/cxf-rt-transports-http-3.1.2.jar
[INFO] Downloading from central: https://repo.maven.apache.org/maven2/org/apache/cxf/cxf-core/3.1.2/cxf-core-3.1.2.jar
[INFO] Downloading from central: https://repo.maven.apache.org/maven2/org/codehaus/woodstox/woodstox-core-asl/4.4.1/woodstox-core-asl-4.4.1.jar
[INFO] Downloading from central: https://repo.maven.apache.org/maven2/org/codehaus/woodstox/stax2-api/3.1.4/stax2-api-3.1.4.jar
[INFO] Downloaded from central: https://repo.maven.apache.org/maven2/org/codehaus/woodstox/woodstox-core-asl/4.4.1/woodstox-core-asl-4.4.1.jar (486 kB at 203 kB/s)
[INFO] Downloading from central: https://repo.maven.apache.org/maven2/org/apache/ws/xmlschema/xmlschema-core/2.2.1/xmlschema-core-2.2.1.jar
[INFO] Downloaded from central: https://repo.maven.apache.org/maven2/org/apache/cxf/cxf-rt-transports-http/3.1.2/cxf-rt-transports-http-3.1.2.jar (320 kB at 119 kB/s)
[INFO] Downloading from central: https://repo.maven.apache.org/maven2/org/apache/cxf/cxf-rt-frontend-jaxrs/3.1.2/cxf-rt-frontend-jaxrs-3.1.2.jar
[INFO] Downloaded from central: https://repo.maven.apache.org/maven2/org/codehaus/woodstox/stax2-api/3.1.4/stax2-api-3.1.4.jar (162 kB at 59 kB/s)
[INFO] Downloading from central: https://repo.maven.apache.org/maven2/javax/annotation/javax.annotation-api/1.2/javax.annotation-api-1.2.jar
[INFO] Downloaded from central: https://repo.maven.apache.org/maven2/javax/annotation/javax.annotation-api/1.2/javax.annotation-api-1.2.jar (26 kB at 6.2 kB/s)
[INFO] Downloading from central: https://repo.maven.apache.org/maven2/org/springframework/spring-websocket/4.3.7.RELEASE/spring-websocket-4.3.7.RELEASE.jar
[INFO] Downloaded from central: https://repo.maven.apache.org/maven2/javax/ws/rs/javax.ws.rs-api/2.0.1/javax.ws.rs-api-2.0.1.jar (116 kB at 27 kB/s)
[INFO] Downloading from central: https://repo.maven.apache.org/maven2/org/springframework/spring-context/4.3.7.RELEASE/spring-context-4.3.7.RELEASE.jar
[INFO] Downloaded from central: https://repo.maven.apache.org/maven2/org/apache/ws/xmlschema/xmlschema-core/2.2.1/xmlschema-core-2.2.1.jar (172 kB at 38 kB/s)
[INFO] Downloading from central: https://repo.maven.apache.org/maven2/org/springframework/spring-core/4.3.7.RELEASE/spring-core-4.3.7.RELEASE.jar
[INFO] Downloaded from central: https://repo.maven.apache.org/maven2/org/apache/cxf/cxf-core/3.1.2/cxf-core-3.1.2.jar (1.3 MB at 209 kB/s)
[INFO] Downloading from central: https://repo.maven.apache.org/maven2/org/springframework/spring-web/4.3.7.RELEASE/spring-web-4.3.7.RELEASE.jar
[INFO] Downloaded from central: https://repo.maven.apache.org/maven2/org/apache/cxf/cxf-rt-frontend-jaxrs/3.1.2/cxf-rt-frontend-jaxrs-3.1.2.jar (601 kB at 72 kB/s)
[INFO] Downloading from central: https://repo.maven.apache.org/maven2/org/springframework/spring-webmvc/4.3.7.RELEASE/spring-webmvc-4.3.7.RELEASE.jar
[INFO] Downloaded from central: https://repo.maven.apache.org/maven2/org/springframework/spring-core/4.3.7.RELEASE/spring-core-4.3.7.RELEASE.jar (1.1 MB at 115 kB/s)
[INFO] Downloading from central: https://repo.maven.apache.org/maven2/org/springframework/spring-aop/4.3.7.RELEASE/spring-aop-4.3.7.RELEASE.jar
[INFO] Downloaded from central: https://repo.maven.apache.org/maven2/org/springframework/spring-websocket/4.3.7.RELEASE/spring-websocket-4.3.7.RELEASE.jar (457 kB at 45 kB/s)
[INFO] Downloading from central: https://repo.maven.apache.org/maven2/org/springframework/spring-beans/4.3.7.RELEASE/spring-beans-4.3.7.RELEASE.jar
[INFO] Downloaded from central: https://repo.maven.apache.org/maven2/org/springframework/spring-web/4.3.7.RELEASE/spring-web-4.3.7.RELEASE.jar (818 kB at 77 kB/s)
[INFO] Downloading from central: https://repo.maven.apache.org/maven2/org/springframework/spring-expression/4.3.7.RELEASE/spring-expression-4.3.7.RELEASE.jar
[INFO] Downloaded from central: https://repo.maven.apache.org/maven2/org/springframework/spring-expression/4.3.7.RELEASE/spring-expression-4.3.7.RELEASE.jar (263 kB at 19 kB/s)
[INFO] Downloading from central: https://repo.maven.apache.org/maven2/org/springframework/spring-messaging/4.3.7.RELEASE/spring-messaging-4.3.7.RELEASE.jar
[INFO] Downloaded from central: https://repo.maven.apache.org/maven2/org/springframework/spring-webmvc/4.3.7.RELEASE/spring-webmvc-4.3.7.RELEASE.jar (916 kB at 66 kB/s)
[INFO] Downloading from central: https://repo.maven.apache.org/maven2/org/springframework/data/spring-data-redis/1.8.6.RELEASE/spring-data-redis-1.8.6.RELEASE.jar
[INFO] Downloaded from central: https://repo.maven.apache.org/maven2/org/springframework/spring-messaging/4.3.7.RELEASE/spring-messaging-4.3.7.RELEASE.jar (383 kB at 25 kB/s)
[INFO] Downloading from central: https://repo.maven.apache.org/maven2/org/springframework/data/spring-data-keyvalue/1.2.6.RELEASE/spring-data-keyvalue-1.2.6.RELEASE.jar
[INFO] Downloaded from central: https://repo.maven.apache.org/maven2/org/springframework/spring-aop/4.3.7.RELEASE/spring-aop-4.3.7.RELEASE.jar (380 kB at 25 kB/s)
[INFO] Downloading from central: https://repo.maven.apache.org/maven2/org/springframework/data/spring-data-commons/1.13.6.RELEASE/spring-data-commons-1.13.6.RELEASE.jar
[INFO] Downloaded from central: https://repo.maven.apache.org/maven2/org/springframework/data/spring-data-keyvalue/1.2.6.RELEASE/spring-data-keyvalue-1.2.6.RELEASE.jar (105 kB at 6.6 kB/s)
[INFO] Downloading from central: https://repo.maven.apache.org/maven2/org/springframework/spring-tx/4.3.10.RELEASE/spring-tx-4.3.10.RELEASE.jar
[INFO] Downloaded from central: https://repo.maven.apache.org/maven2/org/springframework/spring-tx/4.3.10.RELEASE/spring-tx-4.3.10.RELEASE.jar (267 kB at 15 kB/s)
[INFO] Downloading from central: https://repo.maven.apache.org/maven2/org/springframework/spring-oxm/4.3.10.RELEASE/spring-oxm-4.3.10.RELEASE.jar
[INFO] Downloaded from central: https://repo.maven.apache.org/maven2/org/springframework/data/spring-data-redis/1.8.6.RELEASE/spring-data-redis-1.8.6.RELEASE.jar (1.2 MB at 70 kB/s)
[INFO] Downloading from central: https://repo.maven.apache.org/maven2/org/springframework/spring-context-support/4.3.10.RELEASE/spring-context-support-4.3.10.RELEASE.jar
[INFO] Downloaded from central: https://repo.maven.apache.org/maven2/org/springframework/spring-beans/4.3.7.RELEASE/spring-beans-4.3.7.RELEASE.jar (763 kB at 44 kB/s)
[INFO] Downloading from central: https://repo.maven.apache.org/maven2/org/slf4j/slf4j-api/1.7.25/slf4j-api-1.7.25.jar
[INFO] Downloaded from central: https://repo.maven.apache.org/maven2/org/springframework/data/spring-data-commons/1.13.6.RELEASE/spring-data-commons-1.13.6.RELEASE.jar (782 kB at 44 kB/s)
[INFO] Downloading from central: https://repo.maven.apache.org/maven2/org/slf4j/jcl-over-slf4j/1.7.25/jcl-over-slf4j-1.7.25.jar
[INFO] Downloaded from central: https://repo.maven.apache.org/maven2/org/springframework/spring-oxm/4.3.10.RELEASE/spring-oxm-4.3.10.RELEASE.jar (85 kB at 4.8 kB/s)
[INFO] Downloading from central: https://repo.maven.apache.org/maven2/com/squareup/retrofit2/retrofit/2.1.0/retrofit-2.1.0.jar
[INFO] Downloaded from central: https://repo.maven.apache.org/maven2/org/slf4j/jcl-over-slf4j/1.7.25/jcl-over-slf4j-1.7.25.jar (17 kB at 925 B/s)
[INFO] Downloading from central: https://repo.maven.apache.org/maven2/com/squareup/okhttp3/okhttp/3.6.0/okhttp-3.6.0.jar
[INFO] Downloaded from central: https://repo.maven.apache.org/maven2/org/slf4j/slf4j-api/1.7.25/slf4j-api-1.7.25.jar (41 kB at 2.3 kB/s)
[INFO] Downloading from central: https://repo.maven.apache.org/maven2/com/squareup/okio/okio/1.11.0/okio-1.11.0.jar
[INFO] Downloaded from central: https://repo.maven.apache.org/maven2/org/springframework/spring-context-support/4.3.10.RELEASE/spring-context-support-4.3.10.RELEASE.jar (187 kB at 10 kB/s)
[INFO] Downloading from central: https://repo.maven.apache.org/maven2/io/springfox/springfox-spring-web/2.6.1/springfox-spring-web-2.6.1.jar
[INFO] Downloaded from central: https://repo.maven.apache.org/maven2/com/squareup/retrofit2/retrofit/2.1.0/retrofit-2.1.0.jar (88 kB at 4.8 kB/s)
[INFO] Downloading from central: https://repo.maven.apache.org/maven2/com/google/guava/guava/18.0/guava-18.0.jar
[INFO] Downloaded from central: https://repo.maven.apache.org/maven2/com/squareup/okio/okio/1.11.0/okio-1.11.0.jar (79 kB at 4.3 kB/s)
[INFO] Downloading from central: https://repo.maven.apache.org/maven2/com/fasterxml/classmate/1.3.1/classmate-1.3.1.jar
[INFO] Downloaded from central: https://repo.maven.apache.org/maven2/io/springfox/springfox-spring-web/2.6.1/springfox-spring-web-2.6.1.jar (153 kB at 8.3 kB/s)
[INFO] Downloading from central: https://repo.maven.apache.org/maven2/org/springframework/plugin/spring-plugin-core/1.2.0.RELEASE/spring-plugin-core-1.2.0.RELEASE.jar
[INFO] Downloaded from central: https://repo.maven.apache.org/maven2/org/springframework/plugin/spring-plugin-core/1.2.0.RELEASE/spring-plugin-core-1.2.0.RELEASE.jar (20 kB at 1.1 kB/s)
[INFO] Downloading from central: https://repo.maven.apache.org/maven2/org/springframework/plugin/spring-plugin-metadata/1.2.0.RELEASE/spring-plugin-metadata-1.2.0.RELEASE.jar
[INFO] Downloaded from central: https://repo.maven.apache.org/maven2/com/squareup/okhttp3/okhttp/3.6.0/okhttp-3.6.0.jar (352 kB at 19 kB/s)
[INFO] Downloading from central: https://repo.maven.apache.org/maven2/io/springfox/springfox-spi/2.6.1/springfox-spi-2.6.1.jar
[INFO] Downloaded from central: https://repo.maven.apache.org/maven2/com/fasterxml/classmate/1.3.1/classmate-1.3.1.jar (65 kB at 3.4 kB/s)
[INFO] Downloading from central: https://repo.maven.apache.org/maven2/io/springfox/springfox-core/2.6.1/springfox-core-2.6.1.jar
[INFO] Downloaded from central: https://repo.maven.apache.org/maven2/org/springframework/plugin/spring-plugin-metadata/1.2.0.RELEASE/spring-plugin-metadata-1.2.0.RELEASE.jar (5.1 kB at 271 B/s)
[INFO] Downloading from central: https://repo.maven.apache.org/maven2/io/javaslang/javaslang/2.0.6/javaslang-2.0.6.jar
[INFO] Downloaded from central: https://repo.maven.apache.org/maven2/io/springfox/springfox-spi/2.6.1/springfox-spi-2.6.1.jar (50 kB at 2.6 kB/s)
[INFO] Downloading from central: https://repo.maven.apache.org/maven2/io/javaslang/javaslang-match/2.0.6/javaslang-match-2.0.6.jar
[INFO] Downloaded from central: https://repo.maven.apache.org/maven2/io/javaslang/javaslang-match/2.0.6/javaslang-match-2.0.6.jar (26 kB at 1.4 kB/s)
[INFO] Downloading from central: https://repo.maven.apache.org/maven2/org/glassfish/jersey/core/jersey-common/2.23.2/jersey-common-2.23.2.jar
[INFO] Downloaded from central: https://repo.maven.apache.org/maven2/io/springfox/springfox-core/2.6.1/springfox-core-2.6.1.jar (97 kB at 5.0 kB/s)
[INFO] Downloading from central: https://repo.maven.apache.org/maven2/org/glassfish/jersey/bundles/repackaged/jersey-guava/2.23.2/jersey-guava-2.23.2.jar
[INFO] Downloaded from central: https://repo.maven.apache.org/maven2/io/javaslang/javaslang/2.0.6/javaslang-2.0.6.jar (612 kB at 29 kB/s)
[INFO] Downloading from central: https://repo.maven.apache.org/maven2/org/glassfish/hk2/hk2-api/2.5.0-b05/hk2-api-2.5.0-b05.jar
[INFO] Downloaded from central: https://repo.maven.apache.org/maven2/org/glassfish/jersey/core/jersey-common/2.23.2/jersey-common-2.23.2.jar (715 kB at 34 kB/s)
[INFO] Downloading from central: https://repo.maven.apache.org/maven2/org/glassfish/hk2/hk2-utils/2.5.0-b05/hk2-utils-2.5.0-b05.jar
[INFO] Downloaded from central: https://repo.maven.apache.org/maven2/org/glassfish/hk2/hk2-api/2.5.0-b05/hk2-api-2.5.0-b05.jar (179 kB at 8.3 kB/s)
[INFO] Downloading from central: https://repo.maven.apache.org/maven2/org/glassfish/hk2/external/aopalliance-repackaged/2.5.0-b05/aopalliance-repackaged-2.5.0-b05.jar
[INFO] Downloaded from central: https://repo.maven.apache.org/maven2/org/glassfish/hk2/external/aopalliance-repackaged/2.5.0-b05/aopalliance-repackaged-2.5.0-b05.jar (15 kB at 680 B/s)
[INFO] Downloading from central: https://repo.maven.apache.org/maven2/org/glassfish/hk2/external/javax.inject/2.5.0-b05/javax.inject-2.5.0-b05.jar
[INFO] Downloaded from central: https://repo.maven.apache.org/maven2/org/glassfish/hk2/hk2-utils/2.5.0-b05/hk2-utils-2.5.0-b05.jar (119 kB at 5.5 kB/s)
[INFO] Downloading from central: https://repo.maven.apache.org/maven2/org/glassfish/hk2/hk2-locator/2.5.0-b05/hk2-locator-2.5.0-b05.jar
[INFO] Downloaded from central: https://repo.maven.apache.org/maven2/org/glassfish/hk2/external/javax.inject/2.5.0-b05/javax.inject-2.5.0-b05.jar (6.0 kB at 271 B/s)
[INFO] Downloading from central: https://repo.maven.apache.org/maven2/org/glassfish/hk2/osgi-resource-locator/1.0.1/osgi-resource-locator-1.0.1.jar
[INFO] Downloaded from central: https://repo.maven.apache.org/maven2/org/glassfish/hk2/osgi-resource-locator/1.0.1/osgi-resource-locator-1.0.1.jar (20 kB at 909 B/s)
[INFO] Downloading from central: https://repo.maven.apache.org/maven2/joda-time/joda-time/2.10/joda-time-2.10.jar
[INFO] Downloaded from central: https://repo.maven.apache.org/maven2/org/glassfish/hk2/hk2-locator/2.5.0-b05/hk2-locator-2.5.0-b05.jar (184 kB at 8.3 kB/s)
[INFO] Downloading from central: https://repo.maven.apache.org/maven2/org/eclipse/jetty/jetty-server/8.1.8.v20121106/jetty-server-8.1.8.v20121106.jar
[INFO] Downloaded from central: https://repo.maven.apache.org/maven2/org/eclipse/jetty/jetty-server/8.1.8.v20121106/jetty-server-8.1.8.v20121106.jar (339 kB at 14 kB/s)
[INFO] Downloading from central: https://repo.maven.apache.org/maven2/org/eclipse/jetty/orbit/javax.servlet/3.0.0.v201112011016/javax.servlet-3.0.0.v201112011016.jar
[INFO] Downloaded from central: https://repo.maven.apache.org/maven2/org/glassfish/jersey/bundles/repackaged/jersey-guava/2.23.2/jersey-guava-2.23.2.jar (971 kB at 40 kB/s)
[INFO] Downloading from central: https://repo.maven.apache.org/maven2/org/eclipse/jetty/jetty-continuation/8.1.8.v20121106/jetty-continuation-8.1.8.v20121106.jar
[INFO] Downloaded from central: https://repo.maven.apache.org/maven2/joda-time/joda-time/2.10/joda-time-2.10.jar (641 kB at 26 kB/s)
[INFO] Downloading from central: https://repo.maven.apache.org/maven2/org/eclipse/jetty/jetty-http/8.1.8.v20121106/jetty-http-8.1.8.v20121106.jar
[INFO] Downloaded from central: https://repo.maven.apache.org/maven2/org/springframework/spring-context/4.3.7.RELEASE/spring-context-4.3.7.RELEASE.jar (1.1 MB at 47 kB/s)
[INFO] Downloading from central: https://repo.maven.apache.org/maven2/org/eclipse/jetty/jetty-io/8.1.8.v20121106/jetty-io-8.1.8.v20121106.jar
[INFO] Downloaded from central: https://repo.maven.apache.org/maven2/org/eclipse/jetty/orbit/javax.servlet/3.0.0.v201112011016/javax.servlet-3.0.0.v201112011016.jar (200 kB at 8.2 kB/s)
[INFO] Downloading from central: https://repo.maven.apache.org/maven2/org/eclipse/jetty/jetty-webapp/8.1.8.v20121106/jetty-webapp-8.1.8.v20121106.jar
[INFO] Downloaded from central: https://repo.maven.apache.org/maven2/org/eclipse/jetty/jetty-continuation/8.1.8.v20121106/jetty-continuation-8.1.8.v20121106.jar (21 kB at 862 B/s)
[INFO] Downloading from central: https://repo.maven.apache.org/maven2/org/eclipse/jetty/jetty-xml/8.1.8.v20121106/jetty-xml-8.1.8.v20121106.jar
[INFO] Downloaded from central: https://repo.maven.apache.org/maven2/org/eclipse/jetty/jetty-http/8.1.8.v20121106/jetty-http-8.1.8.v20121106.jar (94 kB at 3.8 kB/s)
[INFO] Downloading from central: https://repo.maven.apache.org/maven2/org/eclipse/jetty/jetty-util/8.1.8.v20121106/jetty-util-8.1.8.v20121106.jar
[INFO] Downloaded from central: https://repo.maven.apache.org/maven2/org/eclipse/jetty/jetty-xml/8.1.8.v20121106/jetty-xml-8.1.8.v20121106.jar (39 kB at 1.6 kB/s)
[INFO] Downloading from central: https://repo.maven.apache.org/maven2/org/eclipse/jetty/jetty-servlet/8.1.8.v20121106/jetty-servlet-8.1.8.v20121106.jar
[INFO] Downloaded from central: https://repo.maven.apache.org/maven2/org/eclipse/jetty/jetty-webapp/8.1.8.v20121106/jetty-webapp-8.1.8.v20121106.jar (110 kB at 4.4 kB/s)
[INFO] Downloading from central: https://repo.maven.apache.org/maven2/org/eclipse/jetty/jetty-security/8.1.8.v20121106/jetty-security-8.1.8.v20121106.jar
[INFO] Downloaded from central: https://repo.maven.apache.org/maven2/org/eclipse/jetty/jetty-util/8.1.8.v20121106/jetty-util-8.1.8.v20121106.jar (281 kB at 11 kB/s)
[INFO] Downloading from central: https://repo.maven.apache.org/maven2/com/fasterxml/jackson/core/jackson-databind/2.9.0/jackson-databind-2.9.0.jar
[INFO] Downloaded from central: https://repo.maven.apache.org/maven2/org/eclipse/jetty/jetty-security/8.1.8.v20121106/jetty-security-8.1.8.v20121106.jar (90 kB at 3.5 kB/s)
[INFO] Downloading from central: https://repo.maven.apache.org/maven2/com/fasterxml/jackson/core/jackson-annotations/2.9.0/jackson-annotations-2.9.0.jar
[INFO] Downloaded from central: https://repo.maven.apache.org/maven2/org/eclipse/jetty/jetty-io/8.1.8.v20121106/jetty-io-8.1.8.v20121106.jar (103 kB at 4.0 kB/s)
[INFO] Downloading from central: https://repo.maven.apache.org/maven2/com/fasterxml/jackson/core/jackson-core/2.9.0/jackson-core-2.9.0.jar
[INFO] Downloaded from central: https://repo.maven.apache.org/maven2/org/eclipse/jetty/jetty-servlet/8.1.8.v20121106/jetty-servlet-8.1.8.v20121106.jar (97 kB at 3.8 kB/s)
[INFO] Downloading from central: https://repo.maven.apache.org/maven2/com/fasterxml/jackson/module/jackson-module-afterburner/2.9.0/jackson-module-afterburner-2.9.0.jar
[INFO] Downloaded from central: https://repo.maven.apache.org/maven2/com/fasterxml/jackson/core/jackson-annotations/2.9.0/jackson-annotations-2.9.0.jar (67 kB at 2.6 kB/s)
[INFO] Downloading from central: https://repo.maven.apache.org/maven2/com/fasterxml/jackson/module/jackson-module-kotlin/2.9.0/jackson-module-kotlin-2.9.0.jar
[INFO] Downloaded from central: https://repo.maven.apache.org/maven2/com/fasterxml/jackson/module/jackson-module-kotlin/2.9.0/jackson-module-kotlin-2.9.0.jar (48 kB at 1.8 kB/s)
[INFO] Downloading from central: https://repo.maven.apache.org/maven2/cglib/cglib-nodep/2.2.2/cglib-nodep-2.2.2.jar
[INFO] Downloaded from central: https://repo.maven.apache.org/maven2/com/google/guava/guava/18.0/guava-18.0.jar (2.3 MB at 85 kB/s)
[INFO] Downloading from central: https://repo.maven.apache.org/maven2/com/fasterxml/jackson/jaxrs/jackson-jaxrs-json-provider/2.8.7/jackson-jaxrs-json-provider-2.8.7.jar
[INFO] Downloaded from central: https://repo.maven.apache.org/maven2/com/fasterxml/jackson/module/jackson-module-afterburner/2.9.0/jackson-module-afterburner-2.9.0.jar (145 kB at 5.4 kB/s)
[INFO] Downloading from central: https://repo.maven.apache.org/maven2/com/fasterxml/jackson/jaxrs/jackson-jaxrs-base/2.8.7/jackson-jaxrs-base-2.8.7.jar
[INFO] Downloaded from central: https://repo.maven.apache.org/maven2/com/fasterxml/jackson/jaxrs/jackson-jaxrs-json-provider/2.8.7/jackson-jaxrs-json-provider-2.8.7.jar (16 kB at 592 B/s)
[INFO] Downloading from central: https://repo.maven.apache.org/maven2/com/fasterxml/jackson/module/jackson-module-jaxb-annotations/2.8.7/jackson-module-jaxb-annotations-2.8.7.jar
[INFO] Downloaded from central: https://repo.maven.apache.org/maven2/com/fasterxml/jackson/jaxrs/jackson-jaxrs-base/2.8.7/jackson-jaxrs-base-2.8.7.jar (33 kB at 1.2 kB/s)
[INFO] Downloading from central: https://repo.maven.apache.org/maven2/com/googlecode/json-simple/json-simple/1.1.1/json-simple-1.1.1.jar
[INFO] Downloaded from central: https://repo.maven.apache.org/maven2/com/googlecode/json-simple/json-simple/1.1.1/json-simple-1.1.1.jar (24 kB at 879 B/s)
[INFO] Downloading from central: https://repo.maven.apache.org/maven2/commons-io/commons-io/1.4/commons-io-1.4.jar
[INFO] Downloaded from central: https://repo.maven.apache.org/maven2/com/fasterxml/jackson/module/jackson-module-jaxb-annotations/2.8.7/jackson-module-jaxb-annotations-2.8.7.jar (35 kB at 1.3 kB/s)
[INFO] Downloading from central: https://repo.maven.apache.org/maven2/net/sf/json-lib/json-lib/2.4/json-lib-2.4-jdk15.jar
[INFO] Downloaded from central: https://repo.maven.apache.org/maven2/cglib/cglib-nodep/2.2.2/cglib-nodep-2.2.2.jar (327 kB at 12 kB/s)
[INFO] Downloading from central: https://repo.maven.apache.org/maven2/commons-beanutils/commons-beanutils/1.8.0/commons-beanutils-1.8.0.jar
[INFO] Downloaded from central: https://repo.maven.apache.org/maven2/net/sf/json-lib/json-lib/2.4/json-lib-2.4-jdk15.jar (159 kB at 5.7 kB/s)
[INFO] Downloading from central: https://repo.maven.apache.org/maven2/commons-collections/commons-collections/3.2.1/commons-collections-3.2.1.jar
[INFO] Downloaded from central: https://repo.maven.apache.org/maven2/commons-io/commons-io/1.4/commons-io-1.4.jar (109 kB at 3.9 kB/s)
[INFO] Downloading from central: https://repo.maven.apache.org/maven2/commons-lang/commons-lang/2.5/commons-lang-2.5.jar
[INFO] Downloaded from central: https://repo.maven.apache.org/maven2/commons-beanutils/commons-beanutils/1.8.0/commons-beanutils-1.8.0.jar (231 kB at 8.2 kB/s)
[INFO] Downloading from central: https://repo.maven.apache.org/maven2/commons-logging/commons-logging/1.1.1/commons-logging-1.1.1.jar
[INFO] Downloaded from central: https://repo.maven.apache.org/maven2/com/fasterxml/jackson/core/jackson-core/2.9.0/jackson-core-2.9.0.jar (320 kB at 11 kB/s)
[INFO] Downloading from central: https://repo.maven.apache.org/maven2/net/sf/ezmorph/ezmorph/1.0.6/ezmorph-1.0.6.jar
[INFO] Downloaded from central: https://repo.maven.apache.org/maven2/commons-logging/commons-logging/1.1.1/commons-logging-1.1.1.jar (61 kB at 2.1 kB/s)
[INFO] Downloading from central: https://repo.maven.apache.org/maven2/com/google/code/gson/gson/2.6.2/gson-2.6.2.jar
[INFO] Downloaded from central: https://repo.maven.apache.org/maven2/com/google/code/gson/gson/2.6.2/gson-2.6.2.jar (230 kB at 7.9 kB/s)
[INFO] Downloading from central: https://repo.maven.apache.org/maven2/net/minidev/json-smart/2.2.1/json-smart-2.2.1.jar
[INFO] Downloaded from central: https://repo.maven.apache.org/maven2/com/fasterxml/jackson/core/jackson-databind/2.9.0/jackson-databind-2.9.0.jar (1.3 MB at 45 kB/s)
[INFO] Downloading from central: https://repo.maven.apache.org/maven2/net/minidev/accessors-smart/1.1/accessors-smart-1.1.jar
[INFO] Downloaded from central: https://repo.maven.apache.org/maven2/commons-lang/commons-lang/2.5/commons-lang-2.5.jar (279 kB at 9.5 kB/s)
[INFO] Downloading from central: https://repo.maven.apache.org/maven2/org/clojure/clojure/1.5.1/clojure-1.5.1.jar
[INFO] Downloaded from central: https://repo.maven.apache.org/maven2/net/sf/ezmorph/ezmorph/1.0.6/ezmorph-1.0.6.jar (86 kB at 2.9 kB/s)
[INFO] Downloading from central: https://repo.maven.apache.org/maven2/org/codehaus/groovy/groovy/2.1.5/groovy-2.1.5.jar
[INFO] Downloaded from central: https://repo.maven.apache.org/maven2/net/minidev/json-smart/2.2.1/json-smart-2.2.1.jar (121 kB at 4.1 kB/s)
[INFO] Downloading from central: https://repo.maven.apache.org/maven2/antlr/antlr/2.7.7/antlr-2.7.7.jar
[INFO] Downloaded from central: https://repo.maven.apache.org/maven2/net/minidev/accessors-smart/1.1/accessors-smart-1.1.jar (81 kB at 2.7 kB/s)
[INFO] Downloading from central: https://repo.maven.apache.org/maven2/org/ow2/asm/asm-tree/4.0/asm-tree-4.0.jar
[INFO] Downloaded from central: https://repo.maven.apache.org/maven2/commons-collections/commons-collections/3.2.1/commons-collections-3.2.1.jar (575 kB at 19 kB/s)
[INFO] Downloading from central: https://repo.maven.apache.org/maven2/org/ow2/asm/asm-commons/4.0/asm-commons-4.0.jar
[INFO] Downloaded from central: https://repo.maven.apache.org/maven2/org/ow2/asm/asm-commons/4.0/asm-commons-4.0.jar (38 kB at 1.2 kB/s)
[INFO] Downloading from central: https://repo.maven.apache.org/maven2/org/ow2/asm/asm/4.0/asm-4.0.jar
[INFO] Downloaded from central: https://repo.maven.apache.org/maven2/antlr/antlr/2.7.7/antlr-2.7.7.jar (445 kB at 15 kB/s)
[INFO] Downloading from central: https://repo.maven.apache.org/maven2/org/ow2/asm/asm-util/4.0/asm-util-4.0.jar
[INFO] Downloaded from central: https://repo.maven.apache.org/maven2/org/ow2/asm/asm-tree/4.0/asm-tree-4.0.jar (22 kB at 713 B/s)
[INFO] Downloading from central: https://repo.maven.apache.org/maven2/org/ow2/asm/asm-analysis/4.0/asm-analysis-4.0.jar
[INFO] Downloaded from central: https://repo.maven.apache.org/maven2/org/ow2/asm/asm/4.0/asm-4.0.jar (46 kB at 1.5 kB/s)
[INFO] Downloading from central: https://repo.maven.apache.org/maven2/org/springframework/spring-test/4.3.7.RELEASE/spring-test-4.3.7.RELEASE.jar
[INFO] Downloaded from central: https://repo.maven.apache.org/maven2/org/ow2/asm/asm-util/4.0/asm-util-4.0.jar (37 kB at 1.2 kB/s)
[INFO] Downloading from central: https://repo.maven.apache.org/maven2/org/javassist/javassist/3.18.0-GA/javassist-3.18.0-GA.jar
[INFO] Downloaded from central: https://repo.maven.apache.org/maven2/org/ow2/asm/asm-analysis/4.0/asm-analysis-4.0.jar (20 kB at 629 B/s)
[INFO] Downloading from central: https://repo.maven.apache.org/maven2/org/apache/cxf/cxf-rt-rs-client/3.1.2/cxf-rt-rs-client-3.1.2.jar
[INFO] Downloaded from central: https://repo.maven.apache.org/maven2/org/apache/cxf/cxf-rt-rs-client/3.1.2/cxf-rt-rs-client-3.1.2.jar (154 kB at 4.7 kB/s)
[INFO] Downloading from central: https://repo.maven.apache.org/maven2/org/springframework/data/spring-data-commons-core/1.4.1.RELEASE/spring-data-commons-core-1.4.1.RELEASE.jar
[INFO] Downloaded from central: https://repo.maven.apache.org/maven2/org/springframework/spring-test/4.3.7.RELEASE/spring-test-4.3.7.RELEASE.jar (599 kB at 18 kB/s)
[INFO] Downloading from central: https://repo.maven.apache.org/maven2/org/glassfish/jersey/containers/jersey-container-servlet/2.23.2/jersey-container-servlet-2.23.2.jar
[INFO] Downloaded from central: https://repo.maven.apache.org/maven2/org/javassist/javassist/3.18.0-GA/javassist-3.18.0-GA.jar (714 kB at 21 kB/s)
[INFO] Downloading from central: https://repo.maven.apache.org/maven2/org/glassfish/jersey/containers/jersey-container-servlet-core/2.23.2/jersey-container-servlet-core-2.23.2.jar
[INFO] Downloaded from central: https://repo.maven.apache.org/maven2/org/glassfish/jersey/containers/jersey-container-servlet/2.23.2/jersey-container-servlet-2.23.2.jar (18 kB at 536 B/s)
[INFO] Downloading from central: https://repo.maven.apache.org/maven2/org/glassfish/jersey/core/jersey-server/2.23.2/jersey-server-2.23.2.jar
[INFO] Downloaded from central: https://repo.maven.apache.org/maven2/org/springframework/data/spring-data-commons-core/1.4.1.RELEASE/spring-data-commons-core-1.4.1.RELEASE.jar (267 kB at 7.8 kB/s)
[INFO] Downloading from central: https://repo.maven.apache.org/maven2/org/glassfish/jersey/media/jersey-media-jaxb/2.23.2/jersey-media-jaxb-2.23.2.jar
[INFO] Downloaded from central: https://repo.maven.apache.org/maven2/org/glassfish/jersey/containers/jersey-container-servlet-core/2.23.2/jersey-container-servlet-core-2.23.2.jar (66 kB at 1.9 kB/s)
[INFO] Downloading from central: https://repo.maven.apache.org/maven2/org/glassfish/jersey/core/jersey-client/2.23.2/jersey-client-2.23.2.jar
[INFO] Downloaded from central: https://repo.maven.apache.org/maven2/org/glassfish/jersey/media/jersey-media-jaxb/2.23.2/jersey-media-jaxb-2.23.2.jar (73 kB at 2.1 kB/s)
[INFO] Downloading from central: https://repo.maven.apache.org/maven2/org/glassfish/jersey/test-framework/providers/jersey-test-framework-provider-jdk-http/2.23.2/jersey-test-framework-provider-jdk-http-2.23.2.jar
[INFO] Downloaded from central: https://repo.maven.apache.org/maven2/org/glassfish/jersey/test-framework/providers/jersey-test-framework-provider-jdk-http/2.23.2/jersey-test-framework-provider-jdk-http-2.23.2.jar (7.1 kB at 199 B/s)
[INFO] Downloading from central: https://repo.maven.apache.org/maven2/org/glassfish/jersey/test-framework/jersey-test-framework-core/2.23.2/jersey-test-framework-core-2.23.2.jar
[INFO] Downloaded from central: https://repo.maven.apache.org/maven2/org/glassfish/jersey/test-framework/jersey-test-framework-core/2.23.2/jersey-test-framework-core-2.23.2.jar (30 kB at 832 B/s)
[INFO] Downloading from central: https://repo.maven.apache.org/maven2/org/glassfish/jersey/containers/jersey-container-jdk-http/2.23.2/jersey-container-jdk-http-2.23.2.jar
[INFO] Downloaded from central: https://repo.maven.apache.org/maven2/org/glassfish/jersey/containers/jersey-container-jdk-http/2.23.2/jersey-container-jdk-http-2.23.2.jar (21 kB at 581 B/s)
[INFO] Downloading from central: https://repo.maven.apache.org/maven2/org/ow2/asm/asm-debug-all/5.0.4/asm-debug-all-5.0.4.jar
[INFO] Downloaded from central: https://repo.maven.apache.org/maven2/org/glassfish/jersey/core/jersey-client/2.23.2/jersey-client-2.23.2.jar (169 kB at 4.6 kB/s)
[INFO] Downloading from central: https://repo.maven.apache.org/maven2/org/glassfish/jersey/media/jersey-media-json-jackson/2.23.2/jersey-media-json-jackson-2.23.2.jar
[INFO] Downloaded from central: https://repo.maven.apache.org/maven2/org/clojure/clojure/1.5.1/clojure-1.5.1.jar (3.6 MB at 98 kB/s)
[INFO] Downloading from central: https://repo.maven.apache.org/maven2/org/glassfish/jersey/ext/jersey-entity-filtering/2.23.2/jersey-entity-filtering-2.23.2.jar
[INFO] Downloaded from central: https://repo.maven.apache.org/maven2/org/glassfish/jersey/media/jersey-media-json-jackson/2.23.2/jersey-media-json-jackson-2.23.2.jar (22 kB at 589 B/s)
[INFO] Downloading from central: https://repo.maven.apache.org/maven2/com/jsoniter/jsoniter/0.9.8/jsoniter-0.9.8.jar
[INFO] Downloaded from central: https://repo.maven.apache.org/maven2/org/glassfish/jersey/ext/jersey-entity-filtering/2.23.2/jersey-entity-filtering-2.23.2.jar (70 kB at 1.9 kB/s)
[INFO] Downloading from central: https://repo.maven.apache.org/maven2/org/apache/commons/commons-lang3/3.4/commons-lang3-3.4.jar
[INFO] Downloaded from central: https://repo.maven.apache.org/maven2/org/glassfish/jersey/core/jersey-server/2.23.2/jersey-server-2.23.2.jar (952 kB at 25 kB/s)
[INFO] Downloading from central: https://repo.maven.apache.org/maven2/org/hibernate/hibernate-core/5.2.10.Final/hibernate-core-5.2.10.Final.jar
[INFO] Downloaded from central: https://repo.maven.apache.org/maven2/com/jsoniter/jsoniter/0.9.8/jsoniter-0.9.8.jar (280 kB at 7.3 kB/s)
[INFO] Downloading from central: https://repo.maven.apache.org/maven2/org/jboss/logging/jboss-logging/3.3.0.Final/jboss-logging-3.3.0.Final.jar
[INFO] Downloaded from central: https://repo.maven.apache.org/maven2/org/apache/commons/commons-lang3/3.4/commons-lang3-3.4.jar (435 kB at 11 kB/s)
[INFO] Downloading from central: https://repo.maven.apache.org/maven2/org/hibernate/javax/persistence/hibernate-jpa-2.1-api/1.0.0.Final/hibernate-jpa-2.1-api-1.0.0.Final.jar
[INFO] Downloaded from central: https://repo.maven.apache.org/maven2/org/jboss/logging/jboss-logging/3.3.0.Final/jboss-logging-3.3.0.Final.jar (67 kB at 1.7 kB/s)
[INFO] Downloading from central: https://repo.maven.apache.org/maven2/org/jboss/spec/javax/transaction/jboss-transaction-api_1.2_spec/1.0.1.Final/jboss-transaction-api_1.2_spec-1.0.1.Final.jar
[INFO] Downloaded from central: https://repo.maven.apache.org/maven2/org/hibernate/javax/persistence/hibernate-jpa-2.1-api/1.0.0.Final/hibernate-jpa-2.1-api-1.0.0.Final.jar (113 kB at 2.9 kB/s)
[INFO] Downloading from central: https://repo.maven.apache.org/maven2/org/jboss/jandex/2.0.3.Final/jandex-2.0.3.Final.jar
[INFO] Downloaded from central: https://repo.maven.apache.org/maven2/org/jboss/spec/javax/transaction/jboss-transaction-api_1.2_spec/1.0.1.Final/jboss-transaction-api_1.2_spec-1.0.1.Final.jar (28 kB at 727 B/s)
[INFO] Downloading from central: https://repo.maven.apache.org/maven2/dom4j/dom4j/1.6.1/dom4j-1.6.1.jar
[INFO] Downloaded from central: https://repo.maven.apache.org/maven2/org/ow2/asm/asm-debug-all/5.0.4/asm-debug-all-5.0.4.jar (379 kB at 9.7 kB/s)
[INFO] Downloading from central: https://repo.maven.apache.org/maven2/org/hibernate/common/hibernate-commons-annotations/5.0.1.Final/hibernate-commons-annotations-5.0.1.Final.jar
[INFO] Downloaded from central: https://repo.maven.apache.org/maven2/org/jboss/jandex/2.0.3.Final/jandex-2.0.3.Final.jar (187 kB at 4.7 kB/s)
[INFO] Downloading from central: https://repo.maven.apache.org/maven2/com/jayway/jsonpath/json-path/2.3.0/json-path-2.3.0.jar
[INFO] Downloaded from central: https://repo.maven.apache.org/maven2/org/hibernate/common/hibernate-commons-annotations/5.0.1.Final/hibernate-commons-annotations-5.0.1.Final.jar (75 kB at 1.9 kB/s)
[INFO] Downloading from central: https://repo.maven.apache.org/maven2/org/jetbrains/kotlin/kotlin-stdlib/1.1.3-2/kotlin-stdlib-1.1.3-2.jar
[INFO] Downloaded from central: https://repo.maven.apache.org/maven2/com/jayway/jsonpath/json-path/2.3.0/json-path-2.3.0.jar (222 kB at 5.5 kB/s)
[INFO] Downloading from central: https://repo.maven.apache.org/maven2/org/jetbrains/annotations/13.0/annotations-13.0.jar
[INFO] Downloaded from central: https://repo.maven.apache.org/maven2/dom4j/dom4j/1.6.1/dom4j-1.6.1.jar (314 kB at 7.7 kB/s)
[INFO] Downloading from central: https://repo.maven.apache.org/maven2/org/jetbrains/kotlin/kotlin-reflect/1.1.3-2/kotlin-reflect-1.1.3-2.jar
[INFO] Downloaded from central: https://repo.maven.apache.org/maven2/org/jetbrains/annotations/13.0/annotations-13.0.jar (18 kB at 426 B/s)
[INFO] Downloading from central: https://repo.maven.apache.org/maven2/org/springframework/security/spring-security-web/4.2.3.RELEASE/spring-security-web-4.2.3.RELEASE.jar
[INFO] Downloaded from central: https://repo.maven.apache.org/maven2/org/springframework/security/spring-security-web/4.2.3.RELEASE/spring-security-web-4.2.3.RELEASE.jar (384 kB at 9.0 kB/s)
[INFO] Downloading from central: https://repo.maven.apache.org/maven2/aopalliance/aopalliance/1.0/aopalliance-1.0.jar
[INFO] Downloaded from central: https://repo.maven.apache.org/maven2/org/jetbrains/kotlin/kotlin-stdlib/1.1.3-2/kotlin-stdlib-1.1.3-2.jar (877 kB at 20 kB/s)
[INFO] Downloading from central: https://repo.maven.apache.org/maven2/org/springframework/security/spring-security-core/4.2.3.RELEASE/spring-security-core-4.2.3.RELEASE.jar
[INFO] Downloaded from central: https://repo.maven.apache.org/maven2/aopalliance/aopalliance/1.0/aopalliance-1.0.jar (4.5 kB at 101 B/s)
[INFO] Downloading from central: https://repo.maven.apache.org/maven2/org/apache/commons/commons-collections4/4.1/commons-collections4-4.1.jar
[INFO] Downloaded from central: https://repo.maven.apache.org/maven2/org/apache/commons/commons-collections4/4.1/commons-collections4-4.1.jar (751 kB at 16 kB/s)
[INFO] Downloading from central: https://repo.maven.apache.org/maven2/org/mockito/mockito-all/1.10.19/mockito-all-1.10.19.jar
[INFO] Downloaded from central: https://repo.maven.apache.org/maven2/org/springframework/security/spring-security-core/4.2.3.RELEASE/spring-security-core-4.2.3.RELEASE.jar (400 kB at 8.4 kB/s)
[INFO] Downloading from central: https://repo.maven.apache.org/maven2/org/powermock/powermock-module-junit4/1.6.6/powermock-module-junit4-1.6.6.jar
[INFO] Downloaded from central: https://repo.maven.apache.org/maven2/org/powermock/powermock-module-junit4/1.6.6/powermock-module-junit4-1.6.6.jar (46 kB at 957 B/s)
[INFO] Downloading from central: https://repo.maven.apache.org/maven2/org/powermock/powermock-module-junit4-common/1.6.6/powermock-module-junit4-common-1.6.6.jar
[INFO] Downloaded from central: https://repo.maven.apache.org/maven2/org/powermock/powermock-module-junit4-common/1.6.6/powermock-module-junit4-common-1.6.6.jar (16 kB at 327 B/s)
[INFO] Downloading from central: https://repo.maven.apache.org/maven2/org/powermock/powermock-core/1.6.6/powermock-core-1.6.6.jar
[INFO] Downloaded from central: https://repo.maven.apache.org/maven2/org/codehaus/groovy/groovy/2.1.5/groovy-2.1.5.jar (3.4 MB at 69 kB/s)
[INFO] Downloading from central: https://repo.maven.apache.org/maven2/org/powermock/powermock-reflect/1.6.6/powermock-reflect-1.6.6.jar
[INFO] Downloaded from central: https://repo.maven.apache.org/maven2/org/powermock/powermock-core/1.6.6/powermock-core-1.6.6.jar (122 kB at 2.5 kB/s)
[INFO] Downloading from central: https://repo.maven.apache.org/maven2/com/diffblue/deeptestutils/1.1.0/deeptestutils-1.1.0.jar
[INFO] Downloaded from central: https://repo.maven.apache.org/maven2/org/powermock/powermock-reflect/1.6.6/powermock-reflect-1.6.6.jar (60 kB at 1.2 kB/s)
[INFO] Downloading from central: https://repo.maven.apache.org/maven2/org/objenesis/objenesis/2.5.1/objenesis-2.5.1.jar
[INFO] Downloaded from central: https://repo.maven.apache.org/maven2/com/diffblue/deeptestutils/1.1.0/deeptestutils-1.1.0.jar (15 kB at 302 B/s)
[INFO] Downloading from central: https://repo.maven.apache.org/maven2/org/powermock/powermock-api-mockito/1.6.6/powermock-api-mockito-1.6.6.jar
[INFO] Downloaded from central: https://repo.maven.apache.org/maven2/org/objenesis/objenesis/2.5.1/objenesis-2.5.1.jar (54 kB at 1.1 kB/s)
[INFO] Downloading from central: https://repo.maven.apache.org/maven2/org/mockito/mockito-core/1.10.19/mockito-core-1.10.19.jar
[INFO] Downloaded from central: https://repo.maven.apache.org/maven2/org/powermock/powermock-api-mockito/1.6.6/powermock-api-mockito-1.6.6.jar (82 kB at 1.6 kB/s)
[INFO] Downloading from central: https://repo.maven.apache.org/maven2/org/powermock/powermock-api-mockito-common/1.6.6/powermock-api-mockito-common-1.6.6.jar
[INFO] Downloaded from central: https://repo.maven.apache.org/maven2/org/jetbrains/kotlin/kotlin-reflect/1.1.3-2/kotlin-reflect-1.1.3-2.jar (2.4 MB at 47 kB/s)
[INFO] Downloading from central: https://repo.maven.apache.org/maven2/org/powermock/powermock-api-support/1.6.6/powermock-api-support-1.6.6.jar
[INFO] Downloaded from central: https://repo.maven.apache.org/maven2/org/powermock/powermock-api-mockito-common/1.6.6/powermock-api-mockito-common-1.6.6.jar (39 kB at 756 B/s)
[INFO] Downloading from central: https://repo.maven.apache.org/maven2/org/projectlombok/lombok/1.14.4/lombok-1.14.4.jar
[INFO] Downloaded from central: https://repo.maven.apache.org/maven2/org/mockito/mockito-all/1.10.19/mockito-all-1.10.19.jar (1.2 MB at 24 kB/s)
[INFO] Downloading from central: https://repo.maven.apache.org/maven2/org/openjdk/jmh/jmh-core/1.21/jmh-core-1.21.jar
[INFO] Downloaded from central: https://repo.maven.apache.org/maven2/org/powermock/powermock-api-support/1.6.6/powermock-api-support-1.6.6.jar (21 kB at 399 B/s)
[INFO] Downloading from central: https://repo.maven.apache.org/maven2/org/openjdk/jmh/jmh-generator-annprocess/1.21/jmh-generator-annprocess-1.21.jar
[INFO] Downloaded from central: https://repo.maven.apache.org/maven2/org/openjdk/jmh/jmh-generator-annprocess/1.21/jmh-generator-annprocess-1.21.jar (31 kB at 577 B/s)
[INFO] Downloading from central: https://repo.maven.apache.org/maven2/org/springframework/security/oauth/spring-security-oauth2/2.3.3.RELEASE/spring-security-oauth2-2.3.3.RELEASE.jar
[INFO] Downloaded from central: https://repo.maven.apache.org/maven2/org/openjdk/jmh/jmh-core/1.21/jmh-core-1.21.jar (513 kB at 9.4 kB/s)
[INFO] Downloading from central: https://repo.maven.apache.org/maven2/org/springframework/security/spring-security-config/3.2.10.RELEASE/spring-security-config-3.2.10.RELEASE.jar
[INFO] Downloaded from central: https://repo.maven.apache.org/maven2/org/hibernate/hibernate-core/5.2.10.Final/hibernate-core-5.2.10.Final.jar (6.6 MB at 121 kB/s)
[INFO] Downloading from central: https://repo.maven.apache.org/maven2/org/codehaus/jackson/jackson-mapper-asl/1.9.13/jackson-mapper-asl-1.9.13.jar
[INFO] Downloaded from central: https://repo.maven.apache.org/maven2/org/mockito/mockito-core/1.10.19/mockito-core-1.10.19.jar (1.2 MB at 22 kB/s)
[INFO] Downloading from central: https://repo.maven.apache.org/maven2/org/codehaus/jackson/jackson-core-asl/1.9.13/jackson-core-asl-1.9.13.jar
[INFO] Downloaded from central: https://repo.maven.apache.org/maven2/org/codehaus/jackson/jackson-core-asl/1.9.13/jackson-core-asl-1.9.13.jar (232 kB at 4.1 kB/s)
[INFO] Downloading from central: https://repo.maven.apache.org/maven2/org/gitlab4j/gitlab4j-api/4.8.42/gitlab4j-api-4.8.42.jar
[INFO] Downloaded from central: https://repo.maven.apache.org/maven2/org/springframework/security/oauth/spring-security-oauth2/2.3.3.RELEASE/spring-security-oauth2-2.3.3.RELEASE.jar (492 kB at 8.7 kB/s)
[INFO] Downloading from central: https://repo.maven.apache.org/maven2/javax/xml/bind/jaxb-api/2.3.0/jaxb-api-2.3.0.jar
[INFO] Downloaded from central: https://repo.maven.apache.org/maven2/org/springframework/security/spring-security-config/3.2.10.RELEASE/spring-security-config-3.2.10.RELEASE.jar (405 kB at 7.1 kB/s)
[INFO] Downloading from central: https://repo.maven.apache.org/maven2/com/sun/activation/javax.activation/1.2.0/javax.activation-1.2.0.jar
[INFO] Downloaded from central: https://repo.maven.apache.org/maven2/javax/xml/bind/jaxb-api/2.3.0/jaxb-api-2.3.0.jar (126 kB at 2.2 kB/s)
[INFO] Downloading from central: https://repo.maven.apache.org/maven2/org/glassfish/jersey/inject/jersey-hk2/2.27/jersey-hk2-2.27.jar
[INFO] Downloaded from central: https://repo.maven.apache.org/maven2/org/codehaus/jackson/jackson-mapper-asl/1.9.13/jackson-mapper-asl-1.9.13.jar (781 kB at 14 kB/s)
[INFO] Downloading from central: https://repo.maven.apache.org/maven2/org/glassfish/jersey/connectors/jersey-apache-connector/2.27/jersey-apache-connector-2.27.jar
[INFO] Downloaded from central: https://repo.maven.apache.org/maven2/org/glassfish/jersey/connectors/jersey-apache-connector/2.27/jersey-apache-connector-2.27.jar (24 kB at 427 B/s)
[INFO] Downloading from central: https://repo.maven.apache.org/maven2/org/apache/httpcomponents/httpclient/4.5/httpclient-4.5.jar
[INFO] Downloaded from central: https://repo.maven.apache.org/maven2/org/glassfish/jersey/inject/jersey-hk2/2.27/jersey-hk2-2.27.jar (63 kB at 1.1 kB/s)
[INFO] Downloading from central: https://repo.maven.apache.org/maven2/org/apache/httpcomponents/httpcore/4.4.1/httpcore-4.4.1.jar
[INFO] Downloaded from central: https://repo.maven.apache.org/maven2/com/sun/activation/javax.activation/1.2.0/javax.activation-1.2.0.jar (78 kB at 1.4 kB/s)
[INFO] Downloading from central: https://repo.maven.apache.org/maven2/commons-codec/commons-codec/1.9/commons-codec-1.9.jar
[INFO] Downloaded from central: https://repo.maven.apache.org/maven2/org/gitlab4j/gitlab4j-api/4.8.42/gitlab4j-api-4.8.42.jar (400 kB at 7.0 kB/s)
[INFO] Downloading from central: https://repo.maven.apache.org/maven2/org/glassfish/jersey/media/jersey-media-multipart/2.27/jersey-media-multipart-2.27.jar
[INFO] Downloaded from central: https://repo.maven.apache.org/maven2/org/glassfish/jersey/media/jersey-media-multipart/2.27/jersey-media-multipart-2.27.jar (66 kB at 1.1 kB/s)
[INFO] Downloading from central: https://repo.maven.apache.org/maven2/org/jvnet/mimepull/mimepull/1.9.6/mimepull-1.9.6.jar
[INFO] Downloaded from central: https://repo.maven.apache.org/maven2/org/apache/httpcomponents/httpcore/4.4.1/httpcore-4.4.1.jar (322 kB at 5.5 kB/s)
[INFO] Downloaded from central: https://repo.maven.apache.org/maven2/org/projectlombok/lombok/1.14.4/lombok-1.14.4.jar (1.2 MB at 20 kB/s)
[INFO] Downloaded from central: https://repo.maven.apache.org/maven2/commons-codec/commons-codec/1.9/commons-codec-1.9.jar (264 kB at 4.5 kB/s)
[INFO] Downloaded from central: https://repo.maven.apache.org/maven2/org/apache/httpcomponents/httpclient/4.5/httpclient-4.5.jar (728 kB at 12 kB/s)
[INFO] Downloaded from central: https://repo.maven.apache.org/maven2/org/jvnet/mimepull/mimepull/1.9.6/mimepull-1.9.6.jar (64 kB at 1.1 kB/s)
[INFO] 
[INFO] --- resources:3.4.0:resources (default-resources) @ fastjson ---
[INFO] Copying 6 resources from src/main/resources to target/classes
[INFO] 
[INFO] --- compiler:3.5.1:compile (default-compile) @ fastjson ---
[INFO] Downloading from central: https://repo.maven.apache.org/maven2/org/codehaus/plexus/plexus-compiler-javac/2.7/plexus-compiler-javac-2.7.pom
[INFO] Downloaded from central: https://repo.maven.apache.org/maven2/org/codehaus/plexus/plexus-compiler-javac/2.7/plexus-compiler-javac-2.7.pom (792 B at 3.2 kB/s)
[INFO] Downloading from central: https://repo.maven.apache.org/maven2/org/codehaus/plexus/plexus-compilers/2.7/plexus-compilers-2.7.pom
[INFO] Downloaded from central: https://repo.maven.apache.org/maven2/org/codehaus/plexus/plexus-compilers/2.7/plexus-compilers-2.7.pom (1.4 kB at 8.0 kB/s)
[INFO] Downloading from central: https://repo.maven.apache.org/maven2/org/codehaus/plexus/plexus-compiler/2.7/plexus-compiler-2.7.pom
[INFO] Downloaded from central: https://repo.maven.apache.org/maven2/org/codehaus/plexus/plexus-compiler/2.7/plexus-compiler-2.7.pom (4.9 kB at 31 kB/s)
[INFO] Downloading from central: https://repo.maven.apache.org/maven2/org/codehaus/plexus/plexus-compiler-api/2.7/plexus-compiler-api-2.7.pom
[INFO] Downloaded from central: https://repo.maven.apache.org/maven2/org/codehaus/plexus/plexus-compiler-api/2.7/plexus-compiler-api-2.7.pom (891 B at 5.5 kB/s)
[INFO] Downloading from central: https://repo.maven.apache.org/maven2/org/codehaus/plexus/plexus-component-annotations/1.5.5/plexus-component-annotations-1.5.5.pom
[INFO] Downloaded from central: https://repo.maven.apache.org/maven2/org/codehaus/plexus/plexus-component-annotations/1.5.5/plexus-component-annotations-1.5.5.pom (815 B at 3.5 kB/s)
[INFO] Downloading from central: https://repo.maven.apache.org/maven2/org/codehaus/plexus/plexus-containers/1.5.5/plexus-containers-1.5.5.pom
[INFO] Downloaded from central: https://repo.maven.apache.org/maven2/org/codehaus/plexus/plexus-containers/1.5.5/plexus-containers-1.5.5.pom (4.2 kB at 26 kB/s)
[INFO] Downloading from central: https://repo.maven.apache.org/maven2/org/apache/maven/maven-toolchain/2.2.1/maven-toolchain-2.2.1.pom
[INFO] Downloaded from central: https://repo.maven.apache.org/maven2/org/apache/maven/maven-toolchain/2.2.1/maven-toolchain-2.2.1.pom (3.3 kB at 20 kB/s)
[INFO] Downloading from central: https://repo.maven.apache.org/maven2/org/codehaus/plexus/plexus-container-default/1.0-alpha-9-stable-1/plexus-container-default-1.0-alpha-9-stable-1.pom
[INFO] Downloaded from central: https://repo.maven.apache.org/maven2/org/codehaus/plexus/plexus-container-default/1.0-alpha-9-stable-1/plexus-container-default-1.0-alpha-9-stable-1.pom (3.9 kB at 24 kB/s)
[INFO] Downloading from central: https://repo.maven.apache.org/maven2/org/codehaus/plexus/plexus-containers/1.0.3/plexus-containers-1.0.3.pom
[INFO] Downloaded from central: https://repo.maven.apache.org/maven2/org/codehaus/plexus/plexus-containers/1.0.3/plexus-containers-1.0.3.pom (492 B at 3.2 kB/s)
[INFO] Downloading from central: https://repo.maven.apache.org/maven2/org/codehaus/plexus/plexus/1.0.4/plexus-1.0.4.pom
[INFO] Downloaded from central: https://repo.maven.apache.org/maven2/org/codehaus/plexus/plexus/1.0.4/plexus-1.0.4.pom (5.7 kB at 36 kB/s)
[INFO] Downloading from central: https://repo.maven.apache.org/maven2/junit/junit/3.8.1/junit-3.8.1.pom
[INFO] Downloaded from central: https://repo.maven.apache.org/maven2/junit/junit/3.8.1/junit-3.8.1.pom (998 B at 6.4 kB/s)
[INFO] Downloading from central: https://repo.maven.apache.org/maven2/classworlds/classworlds/1.1-alpha-2/classworlds-1.1-alpha-2.pom
[INFO] Downloaded from central: https://repo.maven.apache.org/maven2/classworlds/classworlds/1.1-alpha-2/classworlds-1.1-alpha-2.pom (3.1 kB at 20 kB/s)
[INFO] Downloading from central: https://repo.maven.apache.org/maven2/org/apache/maven/reporting/maven-reporting-api/2.2.1/maven-reporting-api-2.2.1.pom
[INFO] Downloaded from central: https://repo.maven.apache.org/maven2/org/apache/maven/reporting/maven-reporting-api/2.2.1/maven-reporting-api-2.2.1.pom (1.9 kB at 11 kB/s)
[INFO] Downloading from central: https://repo.maven.apache.org/maven2/org/apache/maven/reporting/maven-reporting/2.2.1/maven-reporting-2.2.1.pom
[INFO] Downloaded from central: https://repo.maven.apache.org/maven2/org/apache/maven/reporting/maven-reporting/2.2.1/maven-reporting-2.2.1.pom (1.4 kB at 9.2 kB/s)
[INFO] Downloading from central: https://repo.maven.apache.org/maven2/org/apache/maven/doxia/doxia-sink-api/1.1/doxia-sink-api-1.1.pom
[INFO] Downloaded from central: https://repo.maven.apache.org/maven2/org/apache/maven/doxia/doxia-sink-api/1.1/doxia-sink-api-1.1.pom (2.0 kB at 12 kB/s)
[INFO] Downloading from central: https://repo.maven.apache.org/maven2/org/apache/maven/doxia/doxia/1.1/doxia-1.1.pom
[INFO] Downloaded from central: https://repo.maven.apache.org/maven2/org/apache/maven/doxia/doxia/1.1/doxia-1.1.pom (15 kB at 97 kB/s)
[INFO] Downloading from central: https://repo.maven.apache.org/maven2/org/apache/maven/doxia/doxia-logging-api/1.1/doxia-logging-api-1.1.pom
[INFO] Downloaded from central: https://repo.maven.apache.org/maven2/org/apache/maven/doxia/doxia-logging-api/1.1/doxia-logging-api-1.1.pom (1.6 kB at 9.4 kB/s)
[INFO] Downloading from central: https://repo.maven.apache.org/maven2/org/codehaus/plexus/plexus-container-default/1.0-alpha-30/plexus-container-default-1.0-alpha-30.pom
[INFO] Downloaded from central: https://repo.maven.apache.org/maven2/org/codehaus/plexus/plexus-container-default/1.0-alpha-30/plexus-container-default-1.0-alpha-30.pom (3.5 kB at 22 kB/s)
[INFO] Downloading from central: https://repo.maven.apache.org/maven2/org/codehaus/plexus/plexus-containers/1.0-alpha-30/plexus-containers-1.0-alpha-30.pom
[INFO] Downloaded from central: https://repo.maven.apache.org/maven2/org/codehaus/plexus/plexus-containers/1.0-alpha-30/plexus-containers-1.0-alpha-30.pom (1.9 kB at 12 kB/s)
[INFO] Downloading from central: https://repo.maven.apache.org/maven2/org/codehaus/plexus/plexus-utils/1.4.5/plexus-utils-1.4.5.pom
[INFO] Downloaded from central: https://repo.maven.apache.org/maven2/org/codehaus/plexus/plexus-utils/1.4.5/plexus-utils-1.4.5.pom (2.3 kB at 14 kB/s)
[INFO] Downloading from central: https://repo.maven.apache.org/maven2/org/codehaus/plexus/plexus-classworlds/1.2-alpha-9/plexus-classworlds-1.2-alpha-9.pom
[INFO] Downloaded from central: https://repo.maven.apache.org/maven2/org/codehaus/plexus/plexus-classworlds/1.2-alpha-9/plexus-classworlds-1.2-alpha-9.pom (3.2 kB at 20 kB/s)
[INFO] Downloading from central: https://repo.maven.apache.org/maven2/org/codehaus/plexus/plexus/1.0.10/plexus-1.0.10.pom
[INFO] Downloaded from central: https://repo.maven.apache.org/maven2/org/codehaus/plexus/plexus/1.0.10/plexus-1.0.10.pom (8.2 kB at 53 kB/s)
[INFO] Downloading from central: https://repo.maven.apache.org/maven2/commons-cli/commons-cli/1.2/commons-cli-1.2.pom
[INFO] Downloaded from central: https://repo.maven.apache.org/maven2/commons-cli/commons-cli/1.2/commons-cli-1.2.pom (8.0 kB at 43 kB/s)
[INFO] Downloading from central: https://repo.maven.apache.org/maven2/org/codehaus/plexus/plexus-interactivity-api/1.0-alpha-4/plexus-interactivity-api-1.0-alpha-4.pom
[INFO] Downloaded from central: https://repo.maven.apache.org/maven2/org/codehaus/plexus/plexus-interactivity-api/1.0-alpha-4/plexus-interactivity-api-1.0-alpha-4.pom (7.1 kB at 36 kB/s)
[INFO] Downloading from central: https://repo.maven.apache.org/maven2/classworlds/classworlds/1.1/classworlds-1.1.pom
[INFO] Downloaded from central: https://repo.maven.apache.org/maven2/classworlds/classworlds/1.1/classworlds-1.1.pom (3.3 kB at 16 kB/s)
[INFO] Downloading from central: https://repo.maven.apache.org/maven2/org/apache/maven/shared/maven-shared-utils/3.0.0/maven-shared-utils-3.0.0.pom
[INFO] Downloaded from central: https://repo.maven.apache.org/maven2/org/apache/maven/shared/maven-shared-utils/3.0.0/maven-shared-utils-3.0.0.pom (5.6 kB at 36 kB/s)
[INFO] Downloading from central: https://repo.maven.apache.org/maven2/org/apache/maven/shared/maven-shared-components/21/maven-shared-components-21.pom
[INFO] Downloaded from central: https://repo.maven.apache.org/maven2/org/apache/maven/shared/maven-shared-components/21/maven-shared-components-21.pom (5.1 kB at 32 kB/s)
[INFO] Downloading from central: https://repo.maven.apache.org/maven2/org/apache/maven/maven-parent/25/maven-parent-25.pom
[INFO] Downloaded from central: https://repo.maven.apache.org/maven2/org/apache/maven/maven-parent/25/maven-parent-25.pom (37 kB at 224 kB/s)
[INFO] Downloading from central: https://repo.maven.apache.org/maven2/org/apache/apache/15/apache-15.pom
[INFO] Downloaded from central: https://repo.maven.apache.org/maven2/org/apache/apache/15/apache-15.pom (15 kB at 90 kB/s)
[INFO] Downloading from central: https://repo.maven.apache.org/maven2/org/codehaus/plexus/plexus-compiler-manager/2.7/plexus-compiler-manager-2.7.pom
[INFO] Downloaded from central: https://repo.maven.apache.org/maven2/org/codehaus/plexus/plexus-compiler-manager/2.7/plexus-compiler-manager-2.7.pom (711 B at 4.4 kB/s)
[INFO] Downloading from central: https://repo.maven.apache.org/maven2/org/codehaus/plexus/plexus-compiler-javac/2.7/plexus-compiler-javac-2.7.jar
[INFO] Downloaded from central: https://repo.maven.apache.org/maven2/org/codehaus/plexus/plexus-compiler-javac/2.7/plexus-compiler-javac-2.7.jar (19 kB at 90 kB/s)
[INFO] Downloading from central: https://repo.maven.apache.org/maven2/org/codehaus/plexus/plexus-utils/3.0.22/plexus-utils-3.0.22.jar
[INFO] Downloading from central: https://repo.maven.apache.org/maven2/org/codehaus/plexus/plexus-component-annotations/1.5.5/plexus-component-annotations-1.5.5.jar
[INFO] Downloading from central: https://repo.maven.apache.org/maven2/org/apache/maven/maven-toolchain/2.2.1/maven-toolchain-2.2.1.jar
[INFO] Downloading from central: https://repo.maven.apache.org/maven2/org/apache/maven/shared/maven-shared-utils/3.0.0/maven-shared-utils-3.0.0.jar
[INFO] Downloading from central: https://repo.maven.apache.org/maven2/org/codehaus/plexus/plexus-compiler-api/2.7/plexus-compiler-api-2.7.jar
[INFO] Downloaded from central: https://repo.maven.apache.org/maven2/org/codehaus/plexus/plexus-component-annotations/1.5.5/plexus-component-annotations-1.5.5.jar (4.2 kB at 6.0 kB/s)
[INFO] Downloading from central: https://repo.maven.apache.org/maven2/org/codehaus/plexus/plexus-compiler-manager/2.7/plexus-compiler-manager-2.7.jar
[INFO] Downloaded from central: https://repo.maven.apache.org/maven2/org/codehaus/plexus/plexus-compiler-api/2.7/plexus-compiler-api-2.7.jar (26 kB at 32 kB/s)
[INFO] Downloaded from central: https://repo.maven.apache.org/maven2/org/apache/maven/maven-toolchain/2.2.1/maven-toolchain-2.2.1.jar (38 kB at 46 kB/s)
[INFO] Downloaded from central: https://repo.maven.apache.org/maven2/org/codehaus/plexus/plexus-compiler-manager/2.7/plexus-compiler-manager-2.7.jar (4.7 kB at 5.3 kB/s)
[INFO] Downloaded from central: https://repo.maven.apache.org/maven2/org/codehaus/plexus/plexus-utils/3.0.22/plexus-utils-3.0.22.jar (245 kB at 258 kB/s)
[INFO] Downloaded from central: https://repo.maven.apache.org/maven2/org/apache/maven/shared/maven-shared-utils/3.0.0/maven-shared-utils-3.0.0.jar (155 kB at 114 kB/s)
[INFO] Changes detected - recompiling the module!
[INFO] Compiling 172 source files to /w/target/classes
[WARNING] /w/src/main/java/com/alibaba/fastjson/JSON.java:[44,30] sun.reflect.annotation.AnnotationType is internal proprietary API and may be removed in a future release
[WARNING] /w/src/main/java/com/alibaba/fastjson/serializer/AnnotationSerializer.java:[5,30] sun.reflect.annotation.AnnotationType is internal proprietary API and may be removed in a future release
[WARNING] /w/src/main/java/com/alibaba/fastjson/JSON.java:[44,30] sun.reflect.annotation.AnnotationType is internal proprietary API and may be removed in a future release
[WARNING] /w/src/main/java/com/alibaba/fastjson/serializer/AnnotationSerializer.java:[5,30] sun.reflect.annotation.AnnotationType is internal proprietary API and may be removed in a future release
[WARNING] /w/src/main/java/com/alibaba/fastjson/JSON.java:[44,30] sun.reflect.annotation.AnnotationType is internal proprietary API and may be removed in a future release
[WARNING] /w/src/main/java/com/alibaba/fastjson/serializer/AnnotationSerializer.java:[5,30] sun.reflect.annotation.AnnotationType is internal proprietary API and may be removed in a future release
[WARNING] /w/src/main/java/com/alibaba/fastjson/serializer/AnnotationSerializer.java:[25,13] sun.reflect.annotation.AnnotationType is internal proprietary API and may be removed in a future release
[WARNING] /w/src/main/java/com/alibaba/fastjson/serializer/AnnotationSerializer.java:[25,35] sun.reflect.annotation.AnnotationType is internal proprietary API and may be removed in a future release
[INFO] /w/src/main/java/com/alibaba/fastjson/serializer/ASMSerializerFactory.java: Some input files use or override a deprecated API.
[INFO] /w/src/main/java/com/alibaba/fastjson/serializer/ASMSerializerFactory.java: Recompile with -Xlint:deprecation for details.
[INFO] /w/src/main/java/com/alibaba/fastjson/parser/ParserConfig.java: Some input files use unchecked or unsafe operations.
[INFO] /w/src/main/java/com/alibaba/fastjson/parser/ParserConfig.java: Recompile with -Xlint:unchecked for details.
[INFO] 
[INFO] --- resources:3.4.0:testResources (default-testResources) @ fastjson ---
[INFO] Copying 94 resources from src/test/resources to target/test-classes
[INFO] 
[INFO] --- compiler:3.5.1:testCompile (default-testCompile) @ fastjson ---
[INFO] Changes detected - recompiling the module!
[INFO] Compiling 2496 source files to /w/target/test-classes
[WARNING] /w/src/test/java/com/alibaba/fastjson/parser/JSONScannerTest.java:[26,25] sun.util.calendar.ZoneInfo is internal proprietary API and may be removed in a future release
[WARNING] /w/src/test/java/com/alibaba/fastjson/parser/JSONScannerTest.java:[26,25] sun.util.calendar.ZoneInfo is internal proprietary API and may be removed in a future release
[WARNING] /w/src/test/java/com/alibaba/fastjson/parser/JSONScannerTest.java:[26,25] sun.util.calendar.ZoneInfo is internal proprietary API and may be removed in a future release
[WARNING] /w/src/test/java/com/alibaba/fastjson/parser/JSONScannerTest.java:[26,25] sun.util.calendar.ZoneInfo is internal proprietary API and may be removed in a future release
[WARNING] /w/src/test/java/com/alibaba/fastjson/parser/JSONScannerTest.java:[26,25] sun.util.calendar.ZoneInfo is internal proprietary API and may be removed in a future release
[INFO] /w/src/test/java/com/alibaba/json/bvt/util/Base64Test.java: Some input files use or override a deprecated API.
[INFO] /w/src/test/java/com/alibaba/json/bvt/util/Base64Test.java: Recompile with -Xlint:deprecation for details.
[INFO] /w/src/test/java/com/alibaba/json/bvt/bug/Issue585.java: Some input files use unchecked or unsafe operations.
[INFO] /w/src/test/java/com/alibaba/json/bvt/bug/Issue585.java: Recompile with -Xlint:unchecked for details.
[INFO] ------------------------------------------------------------------------
[INFO] BUILD SUCCESS
[INFO] ------------------------------------------------------------------------
[INFO] Total time:  05:46 min
[INFO] Finished at: 2026-08-28T10:34:24Z
[INFO] ------------------------------------------------------------------------
