c0	{"areas":[{"children":[{"children":[{"image":"http://xxx","isTest":false,"@type":"floorV2","bizId":"banner-myae-1-746877468","style":{"background-color":"#000000","card":"true"},"templateId":"base","fields":[{"index":0,"action":{"action":"aecmd://nativie/invokeApi?name=key1&likeId=111&likeByMe=true","type":"click"},"type":"text","track":{"name":"track name","params":{"trackParam1":"trackParam1"}},"value":"xxxx","extInfo":{"likeByMe":"true","isFollowed":"true"}}]},{"image":"http://xxx","isTest":false,"@type":"floorV2","bizId":"banner-myae-1-746877468","style":{"background-color":"#ffc1c1","card":"true"},"templateId":"base","fields":[{"index":0,"action":{"action":"aecmd://xxxx","type":"click"},"type":"text","track":{"name":"track name","params":{"trackParam1":"trackParam1"}},"value":"xxxx"}],"extInfo":{"likeByMe":"true"}}],"@type":"section","style":{"background-color":"#ffffff","column-gap":"10","margins":"16 0 16 16","aspect-ratio":"2","column-count":"2","card":"true"},"templateId":"grid"},{"image":"http://xxx","isTest":false,"@type":"floorV2","bizId":"banner-myae-1-746877468","style":{"background-color":"#000000","card":"true"},"templateId":"base","fields":[{"index":0,"action":{"action":"aecmd://nativie/invokeApi?name=key1&likeId=111&likeByMe=true","type":"click"},"type":"text","track":{"name":"track name","params":{"trackParam1":"trackParam1"}},"value":"xxxx","extInfo":{"likeByMe":"true","isFollowed":"true"}}]},{"image":"http://xxx","isTest":false,"@type":"floorV2","bizId":"banner-myae-1-746877468","style":{"background-color":"#ffc1c1","card":"true"},"templateId":"base","fields":[{"index":0,"action":{"action":"aecmd://xxxx","type":"click"},"type":"text","track":{"name":"track name","params":{"trackParam1":"trackParam1"}},"value":"xxxx"}],"extInfo":{"likeByMe":"true"}}],"@type":"section","style":{"background-color":"#ffffff","column-gap":"10","margins":"16 0 16 16","aspect-ratio":"2","column-count":"2","card":"true"},"templateId":"grid"}],"currency":"RUB","version":3}
c0	FT	1	com.alibaba.json.bvt.parser.AEHuangliang2Test#test_for_issue	PASS				392
c0	FT	2	com.alibaba.json.bvt.parser.DefaultExtJSONParser_parseArray#test_7	FAIL	java.lang.AssertionError	expected:<Sun Jan 09 05:49:53 UTC 2011> but was:<Sun Jan 09 13:49:53 UTC 2011>	org.junit.Assert.fail|org.junit.Assert.failNotEquals|org.junit.Assert.assertEquals|org.junit.Assert.assertEquals|com.alibaba.json.bvt.parser.DefaultExtJSONParser_parseArray.test_7|sun.reflect.NativeMethodAccessorImpl.invoke0|sun.reflect.NativeMethodAccessorImpl.invoke|sun.reflect.DelegatingMethodAccessorImpl.invoke|java.lang.reflect.Method.invoke|junit.framework.TestCase.runTest|junit.framework.TestCase.runBare|junit.framework.TestResult$1.protect	20
c1	FT	1	com.alibaba.json.bvt.parser.AETest#test_for_ae	PASS				434
c1	FT	2	com.alibaba.json.bvt.parser.DefaultExtJSONParser_parseArray#test_7	FAIL	java.lang.AssertionError	expected:<Sun Jan 09 05:49:53 UTC 2011> but was:<Sun Jan 09 13:49:53 UTC 2011>	org.junit.Assert.fail|org.junit.Assert.failNotEquals|org.junit.Assert.assertEquals|org.junit.Assert.assertEquals|com.alibaba.json.bvt.parser.DefaultExtJSONParser_parseArray.test_7|sun.reflect.NativeMethodAccessorImpl.invoke0|sun.reflect.NativeMethodAccessorImpl.invoke|sun.reflect.DelegatingMethodAccessorImpl.invoke|java.lang.reflect.Method.invoke|junit.framework.TestCase.runTest|junit.framework.TestCase.runBare|junit.framework.TestResult$1.protect	39
c2	FT	1	com.alibaba.json.bvt.parser.Alipay1213#test_for_issue	PASS				443
c2	FT	2	com.alibaba.json.bvt.parser.DefaultExtJSONParser_parseArray#test_7	FAIL	java.lang.AssertionError	expected:<Sun Jan 09 05:49:53 UTC 2011> but was:<Sun Jan 09 13:49:53 UTC 2011>	org.junit.Assert.fail|org.junit.Assert.failNotEquals|org.junit.Assert.assertEquals|org.junit.Assert.assertEquals|com.alibaba.json.bvt.parser.DefaultExtJSONParser_parseArray.test_7|sun.reflect.NativeMethodAccessorImpl.invoke0|sun.reflect.NativeMethodAccessorImpl.invoke|sun.reflect.DelegatingMethodAccessorImpl.invoke|java.lang.reflect.Method.invoke|junit.framework.TestCase.runTest|junit.framework.TestCase.runBare|junit.framework.TestResult$1.protect	22
c3	FT	1	com.alibaba.json.bvt.parser.AmbiguousTest#test_for_issue	PASS				401
c3	FT	2	com.alibaba.json.bvt.parser.DefaultExtJSONParser_parseArray#test_7	FAIL	java.lang.AssertionError	expected:<Sun Jan 09 05:49:53 UTC 2011> but was:<Sun Jan 09 13:49:53 UTC 2011>	org.junit.Assert.fail|org.junit.Assert.failNotEquals|org.junit.Assert.assertEquals|org.junit.Assert.assertEquals|com.alibaba.json.bvt.parser.DefaultExtJSONParser_parseArray.test_7|sun.reflect.NativeMethodAccessorImpl.invoke0|sun.reflect.NativeMethodAccessorImpl.invoke|sun.reflect.DelegatingMethodAccessorImpl.invoke|java.lang.reflect.Method.invoke|junit.framework.TestCase.runTest|junit.framework.TestCase.runBare|junit.framework.TestResult$1.protect	27
c4	FT	1	com.alibaba.json.bvt.parser.AsmParserTest0#test_asm	PASS				419
c4	FT	2	com.alibaba.json.bvt.parser.DefaultExtJSONParser_parseArray#test_7	FAIL	java.lang.AssertionError	expected:<Sun Jan 09 05:49:53 UTC 2011> but was:<Sun Jan 09 13:49:53 UTC 2011>	org.junit.Assert.fail|org.junit.Assert.failNotEquals|org.junit.Assert.assertEquals|org.junit.Assert.assertEquals|com.alibaba.json.bvt.parser.DefaultExtJSONParser_parseArray.test_7|sun.reflect.NativeMethodAccessorImpl.invoke0|sun.reflect.NativeMethodAccessorImpl.invoke|sun.reflect.DelegatingMethodAccessorImpl.invoke|java.lang.reflect.Method.invoke|junit.framework.TestCase.runTest|junit.framework.TestCase.runBare|junit.framework.TestResult$1.protect	35
c5	FT	1	com.alibaba.json.bvt.parser.AsmParserTest1#test_asm	PASS				429
c5	FT	2	com.alibaba.json.bvt.parser.DefaultExtJSONParser_parseArray#test_7	FAIL	java.lang.AssertionError	expected:<Sun Jan 09 05:49:53 UTC 2011> but was:<Sun Jan 09 13:49:53 UTC 2011>	org.junit.Assert.fail|org.junit.Assert.failNotEquals|org.junit.Assert.assertEquals|org.junit.Assert.assertEquals|com.alibaba.json.bvt.parser.DefaultExtJSONParser_parseArray.test_7|sun.reflect.NativeMethodAccessorImpl.invoke0|sun.reflect.NativeMethodAccessorImpl.invoke|sun.reflect.DelegatingMethodAccessorImpl.invoke|java.lang.reflect.Method.invoke|junit.framework.TestCase.runTest|junit.framework.TestCase.runBare|junit.framework.TestResult$1.protect	22
c6	FT	1	com.alibaba.json.bvt.parser.AtomicIntegerComptableAndroidTest#test_for_compatible_five	PASS				390
c6	FT	2	com.alibaba.json.bvt.parser.DefaultExtJSONParser_parseArray#test_7	FAIL	java.lang.AssertionError	expected:<Sun Jan 09 05:49:53 UTC 2011> but was:<Sun Jan 09 13:49:53 UTC 2011>	org.junit.Assert.fail|org.junit.Assert.failNotEquals|org.junit.Assert.assertEquals|org.junit.Assert.assertEquals|com.alibaba.json.bvt.parser.DefaultExtJSONParser_parseArray.test_7|sun.reflect.NativeMethodAccessorImpl.invoke0|sun.reflect.NativeMethodAccessorImpl.invoke|sun.reflect.DelegatingMethodAccessorImpl.invoke|java.lang.reflect.Method.invoke|junit.framework.TestCase.runTest|junit.framework.TestCase.runBare|junit.framework.TestResult$1.protect	33
c7	FT	1	com.alibaba.json.bvt.parser.AtomicIntegerComptableAndroidTest#test_for_compatible_six	PASS				378
c7	FT	2	com.alibaba.json.bvt.parser.DefaultExtJSONParser_parseArray#test_7	FAIL	java.lang.AssertionError	expected:<Sun Jan 09 05:49:53 UTC 2011> but was:<Sun Jan 09 13:49:53 UTC 2011>	org.junit.Assert.fail|org.junit.Assert.failNotEquals|org.junit.Assert.assertEquals|org.junit.Assert.assertEquals|com.alibaba.json.bvt.parser.DefaultExtJSONParser_parseArray.test_7|sun.reflect.NativeMethodAccessorImpl.invoke0|sun.reflect.NativeMethodAccessorImpl.invoke|sun.reflect.DelegatingMethodAccessorImpl.invoke|java.lang.reflect.Method.invoke|junit.framework.TestCase.runTest|junit.framework.TestCase.runBare|junit.framework.TestResult$1.protect	26
c8	FT	1	com.alibaba.json.bvt.parser.AtomicIntegerComptableAndroidTest#test_for_compatible_zero	PASS				346
c8	FT	2	com.alibaba.json.bvt.parser.DefaultExtJSONParser_parseArray#test_7	FAIL	java.lang.AssertionError	expected:<Sun Jan 09 05:49:53 UTC 2011> but was:<Sun Jan 09 13:49:53 UTC 2011>	org.junit.Assert.fail|org.junit.Assert.failNotEquals|org.junit.Assert.assertEquals|org.junit.Assert.assertEquals|com.alibaba.json.bvt.parser.DefaultExtJSONParser_parseArray.test_7|sun.reflect.NativeMethodAccessorImpl.invoke0|sun.reflect.NativeMethodAccessorImpl.invoke|sun.reflect.DelegatingMethodAccessorImpl.invoke|java.lang.reflect.Method.invoke|junit.framework.TestCase.runTest|junit.framework.TestCase.runBare|junit.framework.TestResult$1.protect	17
c9	FT	1	com.alibaba.json.bvt.parser.AtomicLongComptableAndroidTest#test_for_compatible_five	PASS				398
c9	FT	2	com.alibaba.json.bvt.parser.DefaultExtJSONParser_parseArray#test_7	FAIL	java.lang.AssertionError	expected:<Sun Jan 09 05:49:53 UTC 2011> but was:<Sun Jan 09 13:49:53 UTC 2011>	org.junit.Assert.fail|org.junit.Assert.failNotEquals|org.junit.Assert.assertEquals|org.junit.Assert.assertEquals|com.alibaba.json.bvt.parser.DefaultExtJSONParser_parseArray.test_7|sun.reflect.NativeMethodAccessorImpl.invoke0|sun.reflect.NativeMethodAccessorImpl.invoke|sun.reflect.DelegatingMethodAccessorImpl.invoke|java.lang.reflect.Method.invoke|junit.framework.TestCase.runTest|junit.framework.TestCase.runBare|junit.framework.TestResult$1.protect	28
c10	FT	1	com.alibaba.json.bvt.parser.AtomicLongComptableAndroidTest#test_for_compatible_six	PASS				378
c10	FT	2	com.alibaba.json.bvt.parser.DefaultExtJSONParser_parseArray#test_7	FAIL	java.lang.AssertionError	expected:<Sun Jan 09 05:49:53 UTC 2011> but was:<Sun Jan 09 13:49:53 UTC 2011>	org.junit.Assert.fail|org.junit.Assert.failNotEquals|org.junit.Assert.assertEquals|org.junit.Assert.assertEquals|com.alibaba.json.bvt.parser.DefaultExtJSONParser_parseArray.test_7|sun.reflect.NativeMethodAccessorImpl.invoke0|sun.reflect.NativeMethodAccessorImpl.invoke|sun.reflect.DelegatingMethodAccessorImpl.invoke|java.lang.reflect.Method.invoke|junit.framework.TestCase.runTest|junit.framework.TestCase.runBare|junit.framework.TestResult$1.protect	35
c11	FT	1	com.alibaba.json.bvt.parser.AtomicLongComptableAndroidTest#test_for_compatible_zero	PASS				340
c11	FT	2	com.alibaba.json.bvt.parser.DefaultExtJSONParser_parseArray#test_7	FAIL	java.lang.AssertionError	expected:<Sun Jan 09 05:49:53 UTC 2011> but was:<Sun Jan 09 13:49:53 UTC 2011>	org.junit.Assert.fail|org.junit.Assert.failNotEquals|org.junit.Assert.assertEquals|org.junit.Assert.assertEquals|com.alibaba.json.bvt.parser.DefaultExtJSONParser_parseArray.test_7|sun.reflect.NativeMethodAccessorImpl.invoke0|sun.reflect.NativeMethodAccessorImpl.invoke|sun.reflect.DelegatingMethodAccessorImpl.invoke|java.lang.reflect.Method.invoke|junit.framework.TestCase.runTest|junit.framework.TestCase.runBare|junit.framework.TestResult$1.protect	21
c12	FT	1	com.alibaba.json.bvt.parser.BigDecimalKeyFieldTest#test_for_bigdecimal_key	PASS				418
c12	FT	2	com.alibaba.json.bvt.parser.DefaultExtJSONParser_parseArray#test_7	FAIL	java.lang.AssertionError	expected:<Sun Jan 09 05:49:53 UTC 2011> but was:<Sun Jan 09 13:49:53 UTC 2011>	org.junit.Assert.fail|org.junit.Assert.failNotEquals|org.junit.Assert.assertEquals|org.junit.Assert.assertEquals|com.alibaba.json.bvt.parser.DefaultExtJSONParser_parseArray.test_7|sun.reflect.NativeMethodAccessorImpl.invoke0|sun.reflect.NativeMethodAccessorImpl.invoke|sun.reflect.DelegatingMethodAccessorImpl.invoke|java.lang.reflect.Method.invoke|junit.framework.TestCase.runTest|junit.framework.TestCase.runBare|junit.framework.TestResult$1.protect	16
c13	FT	1	com.alibaba.json.bvt.parser.BigListStringFieldTest#test_list	PASS				596
c13	FT	2	com.alibaba.json.bvt.parser.DefaultExtJSONParser_parseArray#test_7	FAIL	java.lang.AssertionError	expected:<Sun Jan 09 05:49:53 UTC 2011> but was:<Sun Jan 09 13:49:53 UTC 2011>	org.junit.Assert.fail|org.junit.Assert.failNotEquals|org.junit.Assert.assertEquals|org.junit.Assert.assertEquals|com.alibaba.json.bvt.parser.DefaultExtJSONParser_parseArray.test_7|sun.reflect.NativeMethodAccessorImpl.invoke0|sun.reflect.NativeMethodAccessorImpl.invoke|sun.reflect.DelegatingMethodAccessorImpl.invoke|java.lang.reflect.Method.invoke|junit.framework.TestCase.runTest|junit.framework.TestCase.runBare|junit.framework.TestResult$1.protect	39
c14	FT	1	com.alibaba.json.bvt.parser.BigListStringFieldTest_private#test_list	PASS				740
c14	FT	2	com.alibaba.json.bvt.parser.DefaultExtJSONParser_parseArray#test_7	FAIL	java.lang.AssertionError	expected:<Sun Jan 09 05:49:53 UTC 2011> but was:<Sun Jan 09 13:49:53 UTC 2011>	org.junit.Assert.fail|org.junit.Assert.failNotEquals|org.junit.Assert.assertEquals|org.junit.Assert.assertEquals|com.alibaba.json.bvt.parser.DefaultExtJSONParser_parseArray.test_7|sun.reflect.NativeMethodAccessorImpl.invoke0|sun.reflect.NativeMethodAccessorImpl.invoke|sun.reflect.DelegatingMethodAccessorImpl.invoke|java.lang.reflect.Method.invoke|junit.framework.TestCase.runTest|junit.framework.TestCase.runBare|junit.framework.TestResult$1.protect	31
c15	FT	1	com.alibaba.json.bvt.parser.BigListStringFieldTest_private#test_list_browserComptible	PASS				761
c15	FT	2	com.alibaba.json.bvt.parser.DefaultExtJSONParser_parseArray#test_7	FAIL	java.lang.AssertionError	expected:<Sun Jan 09 05:49:53 UTC 2011> but was:<Sun Jan 09 13:49:53 UTC 2011>	org.junit.Assert.fail|org.junit.Assert.failNotEquals|org.junit.Assert.assertEquals|org.junit.Assert.assertEquals|com.alibaba.json.bvt.parser.DefaultExtJSONParser_parseArray.test_7|sun.reflect.NativeMethodAccessorImpl.invoke0|sun.reflect.NativeMethodAccessorImpl.invoke|sun.reflect.DelegatingMethodAccessorImpl.invoke|java.lang.reflect.Method.invoke|junit.framework.TestCase.runTest|junit.framework.TestCase.runBare|junit.framework.TestResult$1.protect	24
c16	FT	1	com.alibaba.json.bvt.parser.BigListStringFieldTest_private#test_list_browserSecure	PASS				568
c16	FT	2	com.alibaba.json.bvt.parser.DefaultExtJSONParser_parseArray#test_7	FAIL	java.lang.AssertionError	expected:<Sun Jan 09 05:49:53 UTC 2011> but was:<Sun Jan 09 13:49:53 UTC 2011>	org.junit.Assert.fail|org.junit.Assert.failNotEquals|org.junit.Assert.assertEquals|org.junit.Assert.assertEquals|com.alibaba.json.bvt.parser.DefaultExtJSONParser_parseArray.test_7|sun.reflect.NativeMethodAccessorImpl.invoke0|sun.reflect.NativeMethodAccessorImpl.invoke|sun.reflect.DelegatingMethodAccessorImpl.invoke|java.lang.reflect.Method.invoke|junit.framework.TestCase.runTest|junit.framework.TestCase.runBare|junit.framework.TestResult$1.protect	25
c17	FT	1	com.alibaba.json.bvt.parser.BigSpecailKeyTest#test_big_special_key	PASS				362
c17	FT	2	com.alibaba.json.bvt.parser.DefaultExtJSONParser_parseArray#test_7	FAIL	java.lang.AssertionError	expected:<Sun Jan 09 05:49:53 UTC 2011> but was:<Sun Jan 09 13:49:53 UTC 2011>	org.junit.Assert.fail|org.junit.Assert.failNotEquals|org.junit.Assert.assertEquals|org.junit.Assert.assertEquals|com.alibaba.json.bvt.parser.DefaultExtJSONParser_parseArray.test_7|sun.reflect.NativeMethodAccessorImpl.invoke0|sun.reflect.NativeMethodAccessorImpl.invoke|sun.reflect.DelegatingMethodAccessorImpl.invoke|java.lang.reflect.Method.invoke|junit.framework.TestCase.runTest|junit.framework.TestCase.runBare|junit.framework.TestResult$1.protect	15
c18	FT	1	com.alibaba.json.bvt.parser.BigSpecailKeyTest2#test_big_special_key	PASS				380
c18	FT	2	com.alibaba.json.bvt.parser.DefaultExtJSONParser_parseArray#test_7	FAIL	java.lang.AssertionError	expected:<Sun Jan 09 05:49:53 UTC 2011> but was:<Sun Jan 09 13:49:53 UTC 2011>	org.junit.Assert.fail|org.junit.Assert.failNotEquals|org.junit.Assert.assertEquals|org.junit.Assert.assertEquals|com.alibaba.json.bvt.parser.DefaultExtJSONParser_parseArray.test_7|sun.reflect.NativeMethodAccessorImpl.invoke0|sun.reflect.NativeMethodAccessorImpl.invoke|sun.reflect.DelegatingMethodAccessorImpl.invoke|java.lang.reflect.Method.invoke|junit.framework.TestCase.runTest|junit.framework.TestCase.runBare|junit.framework.TestResult$1.protect	17
c19	FT	1	com.alibaba.json.bvt.parser.BigSpecailKeyTest2#test_big_special_key_2	PASS				328
c19	FT	2	com.alibaba.json.bvt.parser.DefaultExtJSONParser_parseArray#test_7	FAIL	java.lang.AssertionError	expected:<Sun Jan 09 05:49:53 UTC 2011> but was:<Sun Jan 09 13:49:53 UTC 2011>	org.junit.Assert.fail|org.junit.Assert.failNotEquals|org.junit.Assert.assertEquals|org.junit.Assert.assertEquals|com.alibaba.json.bvt.parser.DefaultExtJSONParser_parseArray.test_7|sun.reflect.NativeMethodAccessorImpl.invoke0|sun.reflect.NativeMethodAccessorImpl.invoke|sun.reflect.DelegatingMethodAccessorImpl.invoke|java.lang.reflect.Method.invoke|junit.framework.TestCase.runTest|junit.framework.TestCase.runBare|junit.framework.TestResult$1.protect	24
c20	FT	1	com.alibaba.json.bvt.parser.BigSpecailStringTest#test_big_special_key	PASS				399
c20	FT	2	com.alibaba.json.bvt.parser.DefaultExtJSONParser_parseArray#test_7	FAIL	java.lang.AssertionError	expected:<Sun Jan 09 05:49:53 UTC 2011> but was:<Sun Jan 09 13:49:53 UTC 2011>	org.junit.Assert.fail|org.junit.Assert.failNotEquals|org.junit.Assert.assertEquals|org.junit.Assert.assertEquals|com.alibaba.json.bvt.parser.DefaultExtJSONParser_parseArray.test_7|sun.reflect.NativeMethodAccessorImpl.invoke0|sun.reflect.NativeMethodAccessorImpl.invoke|sun.reflect.DelegatingMethodAccessorImpl.invoke|java.lang.reflect.Method.invoke|junit.framework.TestCase.runTest|junit.framework.TestCase.runBare|junit.framework.TestResult$1.protect	27
c21	FT	1	com.alibaba.json.bvt.parser.BigStringFieldTest#test_bigFieldString	PASS				414
c21	FT	2	com.alibaba.json.bvt.parser.DefaultExtJSONParser_parseArray#test_7	FAIL	java.lang.AssertionError	expected:<Sun Jan 09 05:49:53 UTC 2011> but was:<Sun Jan 09 13:49:53 UTC 2011>	org.junit.Assert.fail|org.junit.Assert.failNotEquals|org.junit.Assert.assertEquals|org.junit.Assert.assertEquals|com.alibaba.json.bvt.parser.DefaultExtJSONParser_parseArray.test_7|sun.reflect.NativeMethodAccessorImpl.invoke0|sun.reflect.NativeMethodAccessorImpl.invoke|sun.reflect.DelegatingMethodAccessorImpl.invoke|java.lang.reflect.Method.invoke|junit.framework.TestCase.runTest|junit.framework.TestCase.runBare|junit.framework.TestResult$1.protect	30
c22	FT	1	com.alibaba.json.bvt.parser.BigStringFieldTest#test_list	PASS				548
c22	FT	2	com.alibaba.json.bvt.parser.DefaultExtJSONParser_parseArray#test_7	FAIL	java.lang.AssertionError	expected:<Sun Jan 09 05:49:53 UTC 2011> but was:<Sun Jan 09 13:49:53 UTC 2011>	org.junit.Assert.fail|org.junit.Assert.failNotEquals|org.junit.Assert.assertEquals|org.junit.Assert.assertEquals|com.alibaba.json.bvt.parser.DefaultExtJSONParser_parseArray.test_7|sun.reflect.NativeMethodAccessorImpl.invoke0|sun.reflect.NativeMethodAccessorImpl.invoke|sun.reflect.DelegatingMethodAccessorImpl.invoke|java.lang.reflect.Method.invoke|junit.framework.TestCase.runTest|junit.framework.TestCase.runBare|junit.framework.TestResult$1.protect	16
c23	FT	1	com.alibaba.json.bvt.parser.BigStringFieldTest_private#test_bigFieldString	PASS				480
c23	FT	2	com.alibaba.json.bvt.parser.DefaultExtJSONParser_parseArray#test_7	FAIL	java.lang.AssertionError	expected:<Sun Jan 09 05:49:53 UTC 2011> but was:<Sun Jan 09 13:49:53 UTC 2011>	org.junit.Assert.fail|org.junit.Assert.failNotEquals|org.junit.Assert.assertEquals|org.junit.Assert.assertEquals|com.alibaba.json.bvt.parser.DefaultExtJSONParser_parseArray.test_7|sun.reflect.NativeMethodAccessorImpl.invoke0|sun.reflect.NativeMethodAccessorImpl.invoke|sun.reflect.DelegatingMethodAccessorImpl.invoke|java.lang.reflect.Method.invoke|junit.framework.TestCase.runTest|junit.framework.TestCase.runBare|junit.framework.TestResult$1.protect	33
c24	FT	1	com.alibaba.json.bvt.parser.BigStringFieldTest_private#test_list	PASS				452
c24	FT	2	com.alibaba.json.bvt.parser.DefaultExtJSONParser_parseArray#test_7	FAIL	java.lang.AssertionError	expected:<Sun Jan 09 05:49:53 UTC 2011> but was:<Sun Jan 09 13:49:53 UTC 2011>	org.junit.Assert.fail|org.junit.Assert.failNotEquals|org.junit.Assert.assertEquals|org.junit.Assert.assertEquals|com.alibaba.json.bvt.parser.DefaultExtJSONParser_parseArray.test_7|sun.reflect.NativeMethodAccessorImpl.invoke0|sun.reflect.NativeMethodAccessorImpl.invoke|sun.reflect.DelegatingMethodAccessorImpl.invoke|java.lang.reflect.Method.invoke|junit.framework.TestCase.runTest|junit.framework.TestCase.runBare|junit.framework.TestResult$1.protect	17
c25	FT	1	com.alibaba.json.bvt.parser.BigStringFieldTest_private#test_list_browserSecure	PASS				466
c25	FT	2	com.alibaba.json.bvt.parser.DefaultExtJSONParser_parseArray#test_7	FAIL	java.lang.AssertionError	expected:<Sun Jan 09 05:49:53 UTC 2011> but was:<Sun Jan 09 13:49:53 UTC 2011>	org.junit.Assert.fail|org.junit.Assert.failNotEquals|org.junit.Assert.assertEquals|org.junit.Assert.assertEquals|com.alibaba.json.bvt.parser.DefaultExtJSONParser_parseArray.test_7|sun.reflect.NativeMethodAccessorImpl.invoke0|sun.reflect.NativeMethodAccessorImpl.invoke|sun.reflect.DelegatingMethodAccessorImpl.invoke|java.lang.reflect.Method.invoke|junit.framework.TestCase.runTest|junit.framework.TestCase.runBare|junit.framework.TestResult$1.protect	23
c26	FT	1	com.alibaba.json.bvt.parser.ClassTest#test_class	PASS				438
c26	FT	2	com.alibaba.json.bvt.parser.DefaultExtJSONParser_parseArray#test_7	FAIL	java.lang.AssertionError	expected:<Sun Jan 09 05:49:53 UTC 2011> but was:<Sun Jan 09 13:49:53 UTC 2011>	org.junit.Assert.fail|org.junit.Assert.failNotEquals|org.junit.Assert.assertEquals|org.junit.Assert.assertEquals|com.alibaba.json.bvt.parser.DefaultExtJSONParser_parseArray.test_7|sun.reflect.NativeMethodAccessorImpl.invoke0|sun.reflect.NativeMethodAccessorImpl.invoke|sun.reflect.DelegatingMethodAccessorImpl.invoke|java.lang.reflect.Method.invoke|junit.framework.TestCase.runTest|junit.framework.TestCase.runBare|junit.framework.TestResult$1.protect	16
c27	FT	1	com.alibaba.json.bvt.parser.ClassTest#test_class_array	PASS				438
c27	FT	2	com.alibaba.json.bvt.parser.DefaultExtJSONParser_parseArray#test_7	FAIL	java.lang.AssertionError	expected:<Sun Jan 09 05:49:53 UTC 2011> but was:<Sun Jan 09 13:49:53 UTC 2011>	org.junit.Assert.fail|org.junit.Assert.failNotEquals|org.junit.Assert.assertEquals|org.junit.Assert.assertEquals|com.alibaba.json.bvt.parser.DefaultExtJSONParser_parseArray.test_7|sun.reflect.NativeMethodAccessorImpl.invoke0|sun.reflect.NativeMethodAccessorImpl.invoke|sun.reflect.DelegatingMethodAccessorImpl.invoke|java.lang.reflect.Method.invoke|junit.framework.TestCase.runTest|junit.framework.TestCase.runBare|junit.framework.TestResult$1.protect	31
c28	FT	1	com.alibaba.json.bvt.parser.CommentTest#test_0	PASS				367
c28	FT	2	com.alibaba.json.bvt.parser.DefaultExtJSONParser_parseArray#test_7	FAIL	java.lang.AssertionError	expected:<Sun Jan 09 05:49:53 UTC 2011> but was:<Sun Jan 09 13:49:53 UTC 2011>	org.junit.Assert.fail|org.junit.Assert.failNotEquals|org.junit.Assert.assertEquals|org.junit.Assert.assertEquals|com.alibaba.json.bvt.parser.DefaultExtJSONParser_parseArray.test_7|sun.reflect.NativeMethodAccessorImpl.invoke0|sun.reflect.NativeMethodAccessorImpl.invoke|sun.reflect.DelegatingMethodAccessorImpl.invoke|java.lang.reflect.Method.invoke|junit.framework.TestCase.runTest|junit.framework.TestCase.runBare|junit.framework.TestResult$1.protect	35
c29	FT	1	com.alibaba.json.bvt.parser.CommentTest#test_1	PASS				390
c29	FT	2	com.alibaba.json.bvt.parser.DefaultExtJSONParser_parseArray#test_7	FAIL	java.lang.AssertionError	expected:<Sun Jan 09 05:49:53 UTC 2011> but was:<Sun Jan 09 13:49:53 UTC 2011>	org.junit.Assert.fail|org.junit.Assert.failNotEquals|org.junit.Assert.assertEquals|org.junit.Assert.assertEquals|com.alibaba.json.bvt.parser.DefaultExtJSONParser_parseArray.test_7|sun.reflect.NativeMethodAccessorImpl.invoke0|sun.reflect.NativeMethodAccessorImpl.invoke|sun.reflect.DelegatingMethodAccessorImpl.invoke|java.lang.reflect.Method.invoke|junit.framework.TestCase.runTest|junit.framework.TestCase.runBare|junit.framework.TestResult$1.protect	14
c30	FT	1	com.alibaba.json.bvt.parser.CommentTest#test_2	PASS				387
c30	FT	2	com.alibaba.json.bvt.parser.DefaultExtJSONParser_parseArray#test_7	FAIL	java.lang.AssertionError	expected:<Sun Jan 09 05:49:53 UTC 2011> but was:<Sun Jan 09 13:49:53 UTC 2011>	org.junit.Assert.fail|org.junit.Assert.failNotEquals|org.junit.Assert.assertEquals|org.junit.Assert.assertEquals|com.alibaba.json.bvt.parser.DefaultExtJSONParser_parseArray.test_7|sun.reflect.NativeMethodAccessorImpl.invoke0|sun.reflect.NativeMethodAccessorImpl.invoke|sun.reflect.DelegatingMethodAccessorImpl.invoke|java.lang.reflect.Method.invoke|junit.framework.TestCase.runTest|junit.framework.TestCase.runBare|junit.framework.TestResult$1.protect	29
c31	FT	1	com.alibaba.json.bvt.parser.CommentTest#test_3	PASS				415
c31	FT	2	com.alibaba.json.bvt.parser.DefaultExtJSONParser_parseArray#test_7	FAIL	java.lang.AssertionError	expected:<Sun Jan 09 05:49:53 UTC 2011> but was:<Sun Jan 09 13:49:53 UTC 2011>	org.junit.Assert.fail|org.junit.Assert.failNotEquals|org.junit.Assert.assertEquals|org.junit.Assert.assertEquals|com.alibaba.json.bvt.parser.DefaultExtJSONParser_parseArray.test_7|sun.reflect.NativeMethodAccessorImpl.invoke0|sun.reflect.NativeMethodAccessorImpl.invoke|sun.reflect.DelegatingMethodAccessorImpl.invoke|java.lang.reflect.Method.invoke|junit.framework.TestCase.runTest|junit.framework.TestCase.runBare|junit.framework.TestResult$1.protect	18
c32	FT	1	com.alibaba.json.bvt.parser.CommentTest#test_4	PASS				407
c32	FT	2	com.alibaba.json.bvt.parser.DefaultExtJSONParser_parseArray#test_7	FAIL	java.lang.AssertionError	expected:<Sun Jan 09 05:49:53 UTC 2011> but was:<Sun Jan 09 13:49:53 UTC 2011>	org.junit.Assert.fail|org.junit.Assert.failNotEquals|org.junit.Assert.assertEquals|org.junit.Assert.assertEquals|com.alibaba.json.bvt.parser.DefaultExtJSONParser_parseArray.test_7|sun.reflect.NativeMethodAccessorImpl.invoke0|sun.reflect.NativeMethodAccessorImpl.invoke|sun.reflect.DelegatingMethodAccessorImpl.invoke|java.lang.reflect.Method.invoke|junit.framework.TestCase.runTest|junit.framework.TestCase.runBare|junit.framework.TestResult$1.protect	20
c33	FT	1	com.alibaba.json.bvt.parser.CommentTest#test_5	PASS				335
c33	FT	2	com.alibaba.json.bvt.parser.DefaultExtJSONParser_parseArray#test_7	FAIL	java.lang.AssertionError	expected:<Sun Jan 09 05:49:53 UTC 2011> but was:<Sun Jan 09 13:49:53 UTC 2011>	org.junit.Assert.fail|org.junit.Assert.failNotEquals|org.junit.Assert.assertEquals|org.junit.Assert.assertEquals|com.alibaba.json.bvt.parser.DefaultExtJSONParser_parseArray.test_7|sun.reflect.NativeMethodAccessorImpl.invoke0|sun.reflect.NativeMethodAccessorImpl.invoke|sun.reflect.DelegatingMethodAccessorImpl.invoke|java.lang.reflect.Method.invoke|junit.framework.TestCase.runTest|junit.framework.TestCase.runBare|junit.framework.TestResult$1.protect	19
c34	FT	1	com.alibaba.json.bvt.parser.CommentTest#test_6	PASS				354
c34	FT	2	com.alibaba.json.bvt.parser.DefaultExtJSONParser_parseArray#test_7	FAIL	java.lang.AssertionError	expected:<Sun Jan 09 05:49:53 UTC 2011> but was:<Sun Jan 09 13:49:53 UTC 2011>	org.junit.Assert.fail|org.junit.Assert.failNotEquals|org.junit.Assert.assertEquals|org.junit.Assert.assertEquals|com.alibaba.json.bvt.parser.DefaultExtJSONParser_parseArray.test_7|sun.reflect.NativeMethodAccessorImpl.invoke0|sun.reflect.NativeMethodAccessorImpl.invoke|sun.reflect.DelegatingMethodAccessorImpl.invoke|java.lang.reflect.Method.invoke|junit.framework.TestCase.runTest|junit.framework.TestCase.runBare|junit.framework.TestResult$1.protect	28
c35	FT	1	com.alibaba.json.bvt.parser.CommentTest#test_7	PASS				398
c35	FT	2	com.alibaba.json.bvt.parser.DefaultExtJSONParser_parseArray#test_7	FAIL	java.lang.AssertionError	expected:<Sun Jan 09 05:49:53 UTC 2011> but was:<Sun Jan 09 13:49:53 UTC 2011>	org.junit.Assert.fail|org.junit.Assert.failNotEquals|org.junit.Assert.assertEquals|org.junit.Assert.assertEquals|com.alibaba.json.bvt.parser.DefaultExtJSONParser_parseArray.test_7|sun.reflect.NativeMethodAccessorImpl.invoke0|sun.reflect.NativeMethodAccessorImpl.invoke|sun.reflect.DelegatingMethodAccessorImpl.invoke|java.lang.reflect.Method.invoke|junit.framework.TestCase.runTest|junit.framework.TestCase.runBare|junit.framework.TestResult$1.protect	16
c36	FT	1	com.alibaba.json.bvt.parser.CreateInstanceErrorTest#test_ordered_field	PASS				379
c36	FT	2	com.alibaba.json.bvt.parser.DefaultExtJSONParser_parseArray#test_7	FAIL	java.lang.AssertionError	expected:<Sun Jan 09 05:49:53 UTC 2011> but was:<Sun Jan 09 13:49:53 UTC 2011>	org.junit.Assert.fail|org.junit.Assert.failNotEquals|org.junit.Assert.assertEquals|org.junit.Assert.assertEquals|com.alibaba.json.bvt.parser.DefaultExtJSONParser_parseArray.test_7|sun.reflect.NativeMethodAccessorImpl.invoke0|sun.reflect.NativeMethodAccessorImpl.invoke|sun.reflect.DelegatingMethodAccessorImpl.invoke|java.lang.reflect.Method.invoke|junit.framework.TestCase.runTest|junit.framework.TestCase.runBare|junit.framework.TestResult$1.protect	27
c37	FT	1	com.alibaba.json.bvt.parser.CreateInstanceErrorTest2#test_ordered_field	PASS				364
c37	FT	2	com.alibaba.json.bvt.parser.DefaultExtJSONParser_parseArray#test_7	FAIL	java.lang.AssertionError	expected:<Sun Jan 09 05:49:53 UTC 2011> but was:<Sun Jan 09 13:49:53 UTC 2011>	org.junit.Assert.fail|org.junit.Assert.failNotEquals|org.junit.Assert.assertEquals|org.junit.Assert.assertEquals|com.alibaba.json.bvt.parser.DefaultExtJSONParser_parseArray.test_7|sun.reflect.NativeMethodAccessorImpl.invoke0|sun.reflect.NativeMethodAccessorImpl.invoke|sun.reflect.DelegatingMethodAccessorImpl.invoke|java.lang.reflect.Method.invoke|junit.framework.TestCase.runTest|junit.framework.TestCase.runBare|junit.framework.TestResult$1.protect	25
c38	FT	1	com.alibaba.json.bvt.parser.DateParserTest#test_date_0	PASS				418
c38	FT	2	com.alibaba.json.bvt.parser.DefaultExtJSONParser_parseArray#test_7	PASS				25
c39	FT	1	com.alibaba.json.bvt.parser.DateParserTest#test_date_1	PASS				401
c39	FT	2	com.alibaba.json.bvt.parser.DefaultExtJSONParser_parseArray#test_7	PASS				12
c40	FT	1	com.alibaba.json.bvt.parser.DateParserTest#test_date_2	PASS				399
c40	FT	2	com.alibaba.json.bvt.parser.DefaultExtJSONParser_parseArray#test_7	PASS				16
c41	FT	1	com.alibaba.json.bvt.parser.DateParserTest#test_date_3	PASS				383
c41	FT	2	com.alibaba.json.bvt.parser.DefaultExtJSONParser_parseArray#test_7	PASS				6
c42	FT	1	com.alibaba.json.bvt.parser.DateParserTest#test_date_4	PASS				366
c42	FT	2	com.alibaba.json.bvt.parser.DefaultExtJSONParser_parseArray#test_7	PASS				5
c43	FT	1	com.alibaba.json.bvt.parser.DateParserTest#test_date_5	PASS				317
c43	FT	2	com.alibaba.json.bvt.parser.DefaultExtJSONParser_parseArray#test_7	PASS				5
c44	FT	1	com.alibaba.json.bvt.parser.DateParserTest#test_date_6	PASS				406
c44	FT	2	com.alibaba.json.bvt.parser.DefaultExtJSONParser_parseArray#test_7	PASS				8
c45	FT	1	com.alibaba.json.bvt.parser.DateParserTest#test_date_7	PASS				425
c45	FT	2	com.alibaba.json.bvt.parser.DefaultExtJSONParser_parseArray#test_7	PASS				10
c46	FT	1	com.alibaba.json.bvt.parser.DateParserTest#test_date_error_0	PASS				381
c46	FT	2	com.alibaba.json.bvt.parser.DefaultExtJSONParser_parseArray#test_7	PASS				14
c47	FT	1	com.alibaba.json.bvt.parser.DateParserTest#test_date_new	PASS				372
c47	FT	2	com.alibaba.json.bvt.parser.DefaultExtJSONParser_parseArray#test_7	PASS				13
c48	FT	1	com.alibaba.json.bvt.parser.DateParserTest#test_date_new_1	PASS				306
c48	FT	2	com.alibaba.json.bvt.parser.DefaultExtJSONParser_parseArray#test_7	PASS				13
c49	FT	1	com.alibaba.json.bvt.parser.DateParserTest_sql#test_date_1	FAIL	java.lang.AssertionError	expected: java.sql.Date<2011-01-09> but was: java.sql.Date<2011-01-09>	org.junit.Assert.fail|org.junit.Assert.failNotEquals|org.junit.Assert.assertEquals|org.junit.Assert.assertEquals|com.alibaba.json.bvt.parser.DateParserTest_sql.test_date_1|sun.reflect.NativeMethodAccessorImpl.invoke0|sun.reflect.NativeMethodAccessorImpl.invoke|sun.reflect.DelegatingMethodAccessorImpl.invoke|java.lang.reflect.Method.invoke|junit.framework.TestCase.runTest|junit.framework.TestCase.runBare|junit.framework.TestResult$1.protect	368
c49	FT	2	com.alibaba.json.bvt.parser.DefaultExtJSONParser_parseArray#test_7	FAIL	java.lang.AssertionError	expected:<Sun Jan 09 05:49:53 UTC 2011> but was:<Sun Jan 09 13:49:53 UTC 2011>	org.junit.Assert.fail|org.junit.Assert.failNotEquals|org.junit.Assert.assertEquals|org.junit.Assert.assertEquals|com.alibaba.json.bvt.parser.DefaultExtJSONParser_parseArray.test_7|sun.reflect.NativeMethodAccessorImpl.invoke0|sun.reflect.NativeMethodAccessorImpl.invoke|sun.reflect.DelegatingMethodAccessorImpl.invoke|java.lang.reflect.Method.invoke|junit.framework.TestCase.runTest|junit.framework.TestCase.runBare|junit.framework.TestResult$1.protect	11
c50	FT	1	com.alibaba.json.bvt.parser.DateParserTest_sql#test_date_2	PASS				361
c50	FT	2	com.alibaba.json.bvt.parser.DefaultExtJSONParser_parseArray#test_7	FAIL	java.lang.AssertionError	expected:<Sun Jan 09 05:49:53 UTC 2011> but was:<Sun Jan 09 13:49:53 UTC 2011>	org.junit.Assert.fail|org.junit.Assert.failNotEquals|org.junit.Assert.assertEquals|org.junit.Assert.assertEquals|com.alibaba.json.bvt.parser.DefaultExtJSONParser_parseArray.test_7|sun.reflect.NativeMethodAccessorImpl.invoke0|sun.reflect.NativeMethodAccessorImpl.invoke|sun.reflect.DelegatingMethodAccessorImpl.invoke|java.lang.reflect.Method.invoke|junit.framework.TestCase.runTest|junit.framework.TestCase.runBare|junit.framework.TestResult$1.protect	24
c51	FT	1	com.alibaba.json.bvt.parser.DateParserTest_sql#test_date_3	FAIL	java.lang.AssertionError	expected: java.sql.Date<2011-01-09> but was: java.sql.Date<2011-01-09>	org.junit.Assert.fail|org.junit.Assert.failNotEquals|org.junit.Assert.assertEquals|org.junit.Assert.assertEquals|com.alibaba.json.bvt.parser.DateParserTest_sql.test_date_3|sun.reflect.NativeMethodAccessorImpl.invoke0|sun.reflect.NativeMethodAccessorImpl.invoke|sun.reflect.DelegatingMethodAccessorImpl.invoke|java.lang.reflect.Method.invoke|junit.framework.TestCase.runTest|junit.framework.TestCase.runBare|junit.framework.TestResult$1.protect	331
c51	FT	2	com.alibaba.json.bvt.parser.DefaultExtJSONParser_parseArray#test_7	FAIL	java.lang.AssertionError	expected:<Sun Jan 09 05:49:53 UTC 2011> but was:<Sun Jan 09 13:49:53 UTC 2011>	org.junit.Assert.fail|org.junit.Assert.failNotEquals|org.junit.Assert.assertEquals|org.junit.Assert.assertEquals|com.alibaba.json.bvt.parser.DefaultExtJSONParser_parseArray.test_7|sun.reflect.NativeMethodAccessorImpl.invoke0|sun.reflect.NativeMethodAccessorImpl.invoke|sun.reflect.DelegatingMethodAccessorImpl.invoke|java.lang.reflect.Method.invoke|junit.framework.TestCase.runTest|junit.framework.TestCase.runBare|junit.framework.TestResult$1.protect	12
c52	FT	1	com.alibaba.json.bvt.parser.DateParserTest_sql#test_date_4	FAIL	java.lang.AssertionError	expected:<2011-01-08> but was:<2011-01-09>	org.junit.Assert.fail|org.junit.Assert.failNotEquals|org.junit.Assert.assertEquals|org.junit.Assert.assertEquals|com.alibaba.json.bvt.parser.DateParserTest_sql.test_date_4|sun.reflect.NativeMethodAccessorImpl.invoke0|sun.reflect.NativeMethodAccessorImpl.invoke|sun.reflect.DelegatingMethodAccessorImpl.invoke|java.lang.reflect.Method.invoke|junit.framework.TestCase.runTest|junit.framework.TestCase.runBare|junit.framework.TestResult$1.protect	320
c52	FT	2	com.alibaba.json.bvt.parser.DefaultExtJSONParser_parseArray#test_7	FAIL	java.lang.AssertionError	expected:<Sun Jan 09 05:49:53 UTC 2011> but was:<Sun Jan 09 13:49:53 UTC 2011>	org.junit.Assert.fail|org.junit.Assert.failNotEquals|org.junit.Assert.assertEquals|org.junit.Assert.assertEquals|com.alibaba.json.bvt.parser.DefaultExtJSONParser_parseArray.test_7|sun.reflect.NativeMethodAccessorImpl.invoke0|sun.reflect.NativeMethodAccessorImpl.invoke|sun.reflect.DelegatingMethodAccessorImpl.invoke|java.lang.reflect.Method.invoke|junit.framework.TestCase.runTest|junit.framework.TestCase.runBare|junit.framework.TestResult$1.protect	13
c53	FT	1	com.alibaba.json.bvt.parser.DateParserTest_sql_timestamp#test_date_1	PASS				457
c53	FT	2	com.alibaba.json.bvt.parser.DefaultExtJSONParser_parseArray#test_7	PASS				14
c54	FT	1	com.alibaba.json.bvt.parser.DateParserTest_sql_timestamp#test_date_2	PASS				375
c54	FT	2	com.alibaba.json.bvt.parser.DefaultExtJSONParser_parseArray#test_7	PASS				14
c55	FT	1	com.alibaba.json.bvt.parser.DateParserTest_sql_timestamp#test_date_3	PASS				378
c55	FT	2	com.alibaba.json.bvt.parser.DefaultExtJSONParser_parseArray#test_7	PASS				5
c56	FT	1	com.alibaba.json.bvt.parser.DateParserTest_sql_timestamp#test_date_4	PASS				378
c56	FT	2	com.alibaba.json.bvt.parser.DefaultExtJSONParser_parseArray#test_7	PASS				5
c57	FT	1	com.alibaba.json.bvt.parser.DateTest#test_0	PASS				434
c57	FT	2	com.alibaba.json.bvt.parser.DefaultExtJSONParser_parseArray#test_7	FAIL	java.lang.AssertionError	expected:<Sun Jan 09 05:49:53 UTC 2011> but was:<Sun Jan 09 13:49:53 UTC 2011>	org.junit.Assert.fail|org.junit.Assert.failNotEquals|org.junit.Assert.assertEquals|org.junit.Assert.assertEquals|com.alibaba.json.bvt.parser.DefaultExtJSONParser_parseArray.test_7|sun.reflect.NativeMethodAccessorImpl.invoke0|sun.reflect.NativeMethodAccessorImpl.invoke|sun.reflect.DelegatingMethodAccessorImpl.invoke|java.lang.reflect.Method.invoke|junit.framework.TestCase.runTest|junit.framework.TestCase.runBare|junit.framework.TestResult$1.protect	24
c58	FT	1	com.alibaba.json.bvt.parser.DefaultExtJSONParserTest#testCast	PASS				395
c58	FT	2	com.alibaba.json.bvt.parser.DefaultExtJSONParser_parseArray#test_7	FAIL	java.lang.AssertionError	expected:<Sun Jan 09 05:49:53 UTC 2011> but was:<Sun Jan 09 13:49:53 UTC 2011>	org.junit.Assert.fail|org.junit.Assert.failNotEquals|org.junit.Assert.assertEquals|org.junit.Assert.assertEquals|com.alibaba.json.bvt.parser.DefaultExtJSONParser_parseArray.test_7|sun.reflect.NativeMethodAccessorImpl.invoke0|sun.reflect.NativeMethodAccessorImpl.invoke|sun.reflect.DelegatingMethodAccessorImpl.invoke|java.lang.reflect.Method.invoke|junit.framework.TestCase.runTest|junit.framework.TestCase.runBare|junit.framework.TestResult$1.protect	35
c59	FT	1	com.alibaba.json.bvt.parser.DefaultExtJSONParserTest#testCastCalendar	PASS				355
c59	FT	2	com.alibaba.json.bvt.parser.DefaultExtJSONParser_parseArray#test_7	FAIL	java.lang.AssertionError	expected:<Sun Jan 09 05:49:53 UTC 2011> but was:<Sun Jan 09 13:49:53 UTC 2011>	org.junit.Assert.fail|org.junit.Assert.failNotEquals|org.junit.Assert.assertEquals|org.junit.Assert.assertEquals|com.alibaba.json.bvt.parser.DefaultExtJSONParser_parseArray.test_7|sun.reflect.NativeMethodAccessorImpl.invoke0|sun.reflect.NativeMethodAccessorImpl.invoke|sun.reflect.DelegatingMethodAccessorImpl.invoke|java.lang.reflect.Method.invoke|junit.framework.TestCase.runTest|junit.framework.TestCase.runBare|junit.framework.TestResult$1.protect	53
c60	FT	1	com.alibaba.json.bvt.parser.DefaultExtJSONParserTest#test_casterror	PASS				382
c60	FT	2	com.alibaba.json.bvt.parser.DefaultExtJSONParser_parseArray#test_7	FAIL	java.lang.AssertionError	expected:<Sun Jan 09 05:49:53 UTC 2011> but was:<Sun Jan 09 13:49:53 UTC 2011>	org.junit.Assert.fail|org.junit.Assert.failNotEquals|org.junit.Assert.assertEquals|org.junit.Assert.assertEquals|com.alibaba.json.bvt.parser.DefaultExtJSONParser_parseArray.test_7|sun.reflect.NativeMethodAccessorImpl.invoke0|sun.reflect.NativeMethodAccessorImpl.invoke|sun.reflect.DelegatingMethodAccessorImpl.invoke|java.lang.reflect.Method.invoke|junit.framework.TestCase.runTest|junit.framework.TestCase.runBare|junit.framework.TestResult$1.protect	27
c61	FT	1	com.alibaba.json.bvt.parser.DefaultExtJSONParserTest#test_casterror2	PASS				357
c61	FT	2	com.alibaba.json.bvt.parser.DefaultExtJSONParser_parseArray#test_7	FAIL	java.lang.AssertionError	expected:<Sun Jan 09 05:49:53 UTC 2011> but was:<Sun Jan 09 13:49:53 UTC 2011>	org.junit.Assert.fail|org.junit.Assert.failNotEquals|org.junit.Assert.assertEquals|org.junit.Assert.assertEquals|com.alibaba.json.bvt.parser.DefaultExtJSONParser_parseArray.test_7|sun.reflect.NativeMethodAccessorImpl.invoke0|sun.reflect.NativeMethodAccessorImpl.invoke|sun.reflect.DelegatingMethodAccessorImpl.invoke|java.lang.reflect.Method.invoke|junit.framework.TestCase.runTest|junit.framework.TestCase.runBare|junit.framework.TestResult$1.protect	19
c62	FT	1	com.alibaba.json.bvt.parser.DefaultExtJSONParserTest#test_error	PASS				397
c62	FT	2	com.alibaba.json.bvt.parser.DefaultExtJSONParser_parseArray#test_7	FAIL	java.lang.AssertionError	expected:<Sun Jan 09 05:49:53 UTC 2011> but was:<Sun Jan 09 13:49:53 UTC 2011>	org.junit.Assert.fail|org.junit.Assert.failNotEquals|org.junit.Assert.assertEquals|org.junit.Assert.assertEquals|com.alibaba.json.bvt.parser.DefaultExtJSONParser_parseArray.test_7|sun.reflect.NativeMethodAccessorImpl.invoke0|sun.reflect.NativeMethodAccessorImpl.invoke|sun.reflect.DelegatingMethodAccessorImpl.invoke|java.lang.reflect.Method.invoke|junit.framework.TestCase.runTest|junit.framework.TestCase.runBare|junit.framework.TestResult$1.protect	33
c63	FT	1	com.alibaba.json.bvt.parser.DefaultExtJSONParserTest#test_error2	PASS				400
c63	FT	2	com.alibaba.json.bvt.parser.DefaultExtJSONParser_parseArray#test_7	FAIL	java.lang.AssertionError	expected:<Sun Jan 09 05:49:53 UTC 2011> but was:<Sun Jan 09 13:49:53 UTC 2011>	org.junit.Assert.fail|org.junit.Assert.failNotEquals|org.junit.Assert.assertEquals|org.junit.Assert.assertEquals|com.alibaba.json.bvt.parser.DefaultExtJSONParser_parseArray.test_7|sun.reflect.NativeMethodAccessorImpl.invoke0|sun.reflect.NativeMethodAccessorImpl.invoke|sun.reflect.DelegatingMethodAccessorImpl.invoke|java.lang.reflect.Method.invoke|junit.framework.TestCase.runTest|junit.framework.TestCase.runBare|junit.framework.TestResult$1.protect	15
c64	FT	1	com.alibaba.json.bvt.parser.DefaultExtJSONParserTest#test_not_match	PASS				434
c64	FT	2	com.alibaba.json.bvt.parser.DefaultExtJSONParser_parseArray#test_7	FAIL	java.lang.AssertionError	expected:<Sun Jan 09 05:49:53 UTC 2011> but was:<Sun Jan 09 13:49:53 UTC 2011>	org.junit.Assert.fail|org.junit.Assert.failNotEquals|org.junit.Assert.assertEquals|org.junit.Assert.assertEquals|com.alibaba.json.bvt.parser.DefaultExtJSONParser_parseArray.test_7|sun.reflect.NativeMethodAccessorImpl.invoke0|sun.reflect.NativeMethodAccessorImpl.invoke|sun.reflect.DelegatingMethodAccessorImpl.invoke|java.lang.reflect.Method.invoke|junit.framework.TestCase.runTest|junit.framework.TestCase.runBare|junit.framework.TestResult$1.protect	25
c65	FT	1	com.alibaba.json.bvt.parser.DefaultExtJSONParserTest#test_not_match_error	PASS				420
c65	FT	2	com.alibaba.json.bvt.parser.DefaultExtJSONParser_parseArray#test_7	FAIL	java.lang.AssertionError	expected:<Sun Jan 09 05:49:53 UTC 2011> but was:<Sun Jan 09 13:49:53 UTC 2011>	org.junit.Assert.fail|org.junit.Assert.failNotEquals|org.junit.Assert.assertEquals|org.junit.Assert.assertEquals|com.alibaba.json.bvt.parser.DefaultExtJSONParser_parseArray.test_7|sun.reflect.NativeMethodAccessorImpl.invoke0|sun.reflect.NativeMethodAccessorImpl.invoke|sun.reflect.DelegatingMethodAccessorImpl.invoke|java.lang.reflect.Method.invoke|junit.framework.TestCase.runTest|junit.framework.TestCase.runBare|junit.framework.TestResult$1.protect	27
c66	FT	1	com.alibaba.json.bvt.parser.DefaultExtJSONParserTest#test_parseArrayWithType	PASS				414
c66	FT	2	com.alibaba.json.bvt.parser.DefaultExtJSONParser_parseArray#test_7	FAIL	java.lang.AssertionError	expected:<Sun Jan 09 05:49:53 UTC 2011> but was:<Sun Jan 09 13:49:53 UTC 2011>	org.junit.Assert.fail|org.junit.Assert.failNotEquals|org.junit.Assert.assertEquals|org.junit.Assert.assertEquals|com.alibaba.json.bvt.parser.DefaultExtJSONParser_parseArray.test_7|sun.reflect.NativeMethodAccessorImpl.invoke0|sun.reflect.NativeMethodAccessorImpl.invoke|sun.reflect.DelegatingMethodAccessorImpl.invoke|java.lang.reflect.Method.invoke|junit.framework.TestCase.runTest|junit.framework.TestCase.runBare|junit.framework.TestResult$1.protect	14
c67	FT	1	com.alibaba.json.bvt.parser.DefaultExtJSONParserTest#test_parseArrayWithType_error_1	PASS				372
c67	FT	2	com.alibaba.json.bvt.parser.DefaultExtJSONParser_parseArray#test_7	FAIL	java.lang.AssertionError	expected:<Sun Jan 09 05:49:53 UTC 2011> but was:<Sun Jan 09 13:49:53 UTC 2011>	org.junit.Assert.fail|org.junit.Assert.failNotEquals|org.junit.Assert.assertEquals|org.junit.Assert.assertEquals|com.alibaba.json.bvt.parser.DefaultExtJSONParser_parseArray.test_7|sun.reflect.NativeMethodAccessorImpl.invoke0|sun.reflect.NativeMethodAccessorImpl.invoke|sun.reflect.DelegatingMethodAccessorImpl.invoke|java.lang.reflect.Method.invoke|junit.framework.TestCase.runTest|junit.framework.TestCase.runBare|junit.framework.TestResult$1.protect	16
c68	{"age":3,"name":"校长","old":false,"salary":123456789.0123}
c68	FT	1	com.alibaba.json.bvt.parser.DefaultExtJSONParserTest#test_parseObject	PASS				441
c68	FT	2	com.alibaba.json.bvt.parser.DefaultExtJSONParser_parseArray#test_7	FAIL	java.lang.AssertionError	expected:<Sun Jan 09 05:49:53 UTC 2011> but was:<Sun Jan 09 13:49:53 UTC 2011>	org.junit.Assert.fail|org.junit.Assert.failNotEquals|org.junit.Assert.assertEquals|org.junit.Assert.assertEquals|com.alibaba.json.bvt.parser.DefaultExtJSONParser_parseArray.test_7|sun.reflect.NativeMethodAccessorImpl.invoke0|sun.reflect.NativeMethodAccessorImpl.invoke|sun.reflect.DelegatingMethodAccessorImpl.invoke|java.lang.reflect.Method.invoke|junit.framework.TestCase.runTest|junit.framework.TestCase.runBare|junit.framework.TestResult$1.protect	26
c69	FT	1	com.alibaba.json.bvt.parser.DefaultExtJSONParserTest_0#test_0	PASS				263
c69	FT	2	com.alibaba.json.bvt.parser.DefaultExtJSONParser_parseArray#test_7	FAIL	java.lang.AssertionError	expected:<Sun Jan 09 05:49:53 UTC 2011> but was:<Sun Jan 09 13:49:53 UTC 2011>	org.junit.Assert.fail|org.junit.Assert.failNotEquals|org.junit.Assert.assertEquals|org.junit.Assert.assertEquals|com.alibaba.json.bvt.parser.DefaultExtJSONParser_parseArray.test_7|sun.reflect.NativeMethodAccessorImpl.invoke0|sun.reflect.NativeMethodAccessorImpl.invoke|sun.reflect.DelegatingMethodAccessorImpl.invoke|java.lang.reflect.Method.invoke|junit.framework.TestCase.runTest|junit.framework.TestCase.runBare|junit.framework.TestResult$1.protect	14
c70	FT	1	com.alibaba.json.bvt.parser.DefaultExtJSONParserTest_0#test_1	PASS				352
c70	FT	2	com.alibaba.json.bvt.parser.DefaultExtJSONParser_parseArray#test_7	FAIL	java.lang.AssertionError	expected:<Sun Jan 09 05:49:53 UTC 2011> but was:<Sun Jan 09 13:49:53 UTC 2011>	org.junit.Assert.fail|org.junit.Assert.failNotEquals|org.junit.Assert.assertEquals|org.junit.Assert.assertEquals|com.alibaba.json.bvt.parser.DefaultExtJSONParser_parseArray.test_7|sun.reflect.NativeMethodAccessorImpl.invoke0|sun.reflect.NativeMethodAccessorImpl.invoke|sun.reflect.DelegatingMethodAccessorImpl.invoke|java.lang.reflect.Method.invoke|junit.framework.TestCase.runTest|junit.framework.TestCase.runBare|junit.framework.TestResult$1.protect	24
c71	FT	1	com.alibaba.json.bvt.parser.DefaultExtJSONParserTest_0#test_2	PASS				304
c71	FT	2	com.alibaba.json.bvt.parser.DefaultExtJSONParser_parseArray#test_7	FAIL	java.lang.AssertionError	expected:<Sun Jan 09 05:49:53 UTC 2011> but was:<Sun Jan 09 13:49:53 UTC 2011>	org.junit.Assert.fail|org.junit.Assert.failNotEquals|org.junit.Assert.assertEquals|org.junit.Assert.assertEquals|com.alibaba.json.bvt.parser.DefaultExtJSONParser_parseArray.test_7|sun.reflect.NativeMethodAccessorImpl.invoke0|sun.reflect.NativeMethodAccessorImpl.invoke|sun.reflect.DelegatingMethodAccessorImpl.invoke|java.lang.reflect.Method.invoke|junit.framework.TestCase.runTest|junit.framework.TestCase.runBare|junit.framework.TestResult$1.protect	15
c72	FT	1	com.alibaba.json.bvt.parser.DefaultExtJSONParserTest_0#test_3	PASS				391
c72	FT	2	com.alibaba.json.bvt.parser.DefaultExtJSONParser_parseArray#test_7	FAIL	java.lang.AssertionError	expected:<Sun Jan 09 05:49:53 UTC 2011> but was:<Sun Jan 09 13:49:53 UTC 2011>	org.junit.Assert.fail|org.junit.Assert.failNotEquals|org.junit.Assert.assertEquals|org.junit.Assert.assertEquals|com.alibaba.json.bvt.parser.DefaultExtJSONParser_parseArray.test_7|sun.reflect.NativeMethodAccessorImpl.invoke0|sun.reflect.NativeMethodAccessorImpl.invoke|sun.reflect.DelegatingMethodAccessorImpl.invoke|java.lang.reflect.Method.invoke|junit.framework.TestCase.runTest|junit.framework.TestCase.runBare|junit.framework.TestResult$1.protect	31
c73	FT	1	com.alibaba.json.bvt.parser.DefaultExtJSONParserTest_0#test_error_0	PASS				336
c73	FT	2	com.alibaba.json.bvt.parser.DefaultExtJSONParser_parseArray#test_7	FAIL	java.lang.AssertionError	expected:<Sun Jan 09 05:49:53 UTC 2011> but was:<Sun Jan 09 13:49:53 UTC 2011>	org.junit.Assert.fail|org.junit.Assert.failNotEquals|org.junit.Assert.assertEquals|org.junit.Assert.assertEquals|com.alibaba.json.bvt.parser.DefaultExtJSONParser_parseArray.test_7|sun.reflect.NativeMethodAccessorImpl.invoke0|sun.reflect.NativeMethodAccessorImpl.invoke|sun.reflect.DelegatingMethodAccessorImpl.invoke|java.lang.reflect.Method.invoke|junit.framework.TestCase.runTest|junit.framework.TestCase.runBare|junit.framework.TestResult$1.protect	35
c74	FT	1	com.alibaba.json.bvt.parser.DefaultExtJSONParserTest_0#test_error_1	PASS				370
c74	FT	2	com.alibaba.json.bvt.parser.DefaultExtJSONParser_parseArray#test_7	FAIL	java.lang.AssertionError	expected:<Sun Jan 09 05:49:53 UTC 2011> but was:<Sun Jan 09 13:49:53 UTC 2011>	org.junit.Assert.fail|org.junit.Assert.failNotEquals|org.junit.Assert.assertEquals|org.junit.Assert.assertEquals|com.alibaba.json.bvt.parser.DefaultExtJSONParser_parseArray.test_7|sun.reflect.NativeMethodAccessorImpl.invoke0|sun.reflect.NativeMethodAccessorImpl.invoke|sun.reflect.DelegatingMethodAccessorImpl.invoke|java.lang.reflect.Method.invoke|junit.framework.TestCase.runTest|junit.framework.TestCase.runBare|junit.framework.TestResult$1.protect	21
c75	FT	1	com.alibaba.json.bvt.parser.DefaultExtJSONParserTest_0#test_error_2	PASS				326
c75	FT	2	com.alibaba.json.bvt.parser.DefaultExtJSONParser_parseArray#test_7	FAIL	java.lang.AssertionError	expected:<Sun Jan 09 05:49:53 UTC 2011> but was:<Sun Jan 09 13:49:53 UTC 2011>	org.junit.Assert.fail|org.junit.Assert.failNotEquals|org.junit.Assert.assertEquals|org.junit.Assert.assertEquals|com.alibaba.json.bvt.parser.DefaultExtJSONParser_parseArray.test_7|sun.reflect.NativeMethodAccessorImpl.invoke0|sun.reflect.NativeMethodAccessorImpl.invoke|sun.reflect.DelegatingMethodAccessorImpl.invoke|java.lang.reflect.Method.invoke|junit.framework.TestCase.runTest|junit.framework.TestCase.runBare|junit.framework.TestResult$1.protect	32
c76	FT	1	com.alibaba.json.bvt.parser.DefaultExtJSONParserTest_0#test_error_3	PASS				297
c76	FT	2	com.alibaba.json.bvt.parser.DefaultExtJSONParser_parseArray#test_7	FAIL	java.lang.AssertionError	expected:<Sun Jan 09 05:49:53 UTC 2011> but was:<Sun Jan 09 13:49:53 UTC 2011>	org.junit.Assert.fail|org.junit.Assert.failNotEquals|org.junit.Assert.assertEquals|org.junit.Assert.assertEquals|com.alibaba.json.bvt.parser.DefaultExtJSONParser_parseArray.test_7|sun.reflect.NativeMethodAccessorImpl.invoke0|sun.reflect.NativeMethodAccessorImpl.invoke|sun.reflect.DelegatingMethodAccessorImpl.invoke|java.lang.reflect.Method.invoke|junit.framework.TestCase.runTest|junit.framework.TestCase.runBare|junit.framework.TestResult$1.protect	22
c77	FT	1	com.alibaba.json.bvt.parser.DefaultExtJSONParserTest_0#test_error_4	PASS				443
c77	FT	2	com.alibaba.json.bvt.parser.DefaultExtJSONParser_parseArray#test_7	FAIL	java.lang.AssertionError	expected:<Sun Jan 09 05:49:53 UTC 2011> but was:<Sun Jan 09 13:49:53 UTC 2011>	org.junit.Assert.fail|org.junit.Assert.failNotEquals|org.junit.Assert.assertEquals|org.junit.Assert.assertEquals|com.alibaba.json.bvt.parser.DefaultExtJSONParser_parseArray.test_7|sun.reflect.NativeMethodAccessorImpl.invoke0|sun.reflect.NativeMethodAccessorImpl.invoke|sun.reflect.DelegatingMethodAccessorImpl.invoke|java.lang.reflect.Method.invoke|junit.framework.TestCase.runTest|junit.framework.TestCase.runBare|junit.framework.TestResult$1.protect	29
c78	FT	1	com.alibaba.json.bvt.parser.DefaultExtJSONParserTest_1#test_0	PASS				341
c78	FT	2	com.alibaba.json.bvt.parser.DefaultExtJSONParser_parseArray#test_7	FAIL	java.lang.AssertionError	expected:<Sun Jan 09 05:49:53 UTC 2011> but was:<Sun Jan 09 13:49:53 UTC 2011>	org.junit.Assert.fail|org.junit.Assert.failNotEquals|org.junit.Assert.assertEquals|org.junit.Assert.assertEquals|com.alibaba.json.bvt.parser.DefaultExtJSONParser_parseArray.test_7|sun.reflect.NativeMethodAccessorImpl.invoke0|sun.reflect.NativeMethodAccessorImpl.invoke|sun.reflect.DelegatingMethodAccessorImpl.invoke|java.lang.reflect.Method.invoke|junit.framework.TestCase.runTest|junit.framework.TestCase.runBare|junit.framework.TestResult$1.protect	17
c79	FT	1	com.alibaba.json.bvt.parser.DefaultExtJSONParserTest_1#test_1	PASS				424
c79	FT	2	com.alibaba.json.bvt.parser.DefaultExtJSONParser_parseArray#test_7	FAIL	java.lang.AssertionError	expected:<Sun Jan 09 05:49:53 UTC 2011> but was:<Sun Jan 09 13:49:53 UTC 2011>	org.junit.Assert.fail|org.junit.Assert.failNotEquals|org.junit.Assert.assertEquals|org.junit.Assert.assertEquals|com.alibaba.json.bvt.parser.DefaultExtJSONParser_parseArray.test_7|sun.reflect.NativeMethodAccessorImpl.invoke0|sun.reflect.NativeMethodAccessorImpl.invoke|sun.reflect.DelegatingMethodAccessorImpl.invoke|java.lang.reflect.Method.invoke|junit.framework.TestCase.runTest|junit.framework.TestCase.runBare|junit.framework.TestResult$1.protect	27
c80	FT	1	com.alibaba.json.bvt.parser.DefaultExtJSONParserTest_2#test_0	PASS				470
c80	FT	2	com.alibaba.json.bvt.parser.DefaultExtJSONParser_parseArray#test_7	FAIL	java.lang.AssertionError	expected:<Sun Jan 09 05:49:53 UTC 2011> but was:<Sun Jan 09 13:49:53 UTC 2011>	org.junit.Assert.fail|org.junit.Assert.failNotEquals|org.junit.Assert.assertEquals|org.junit.Assert.assertEquals|com.alibaba.json.bvt.parser.DefaultExtJSONParser_parseArray.test_7|sun.reflect.NativeMethodAccessorImpl.invoke0|sun.reflect.NativeMethodAccessorImpl.invoke|sun.reflect.DelegatingMethodAccessorImpl.invoke|java.lang.reflect.Method.invoke|junit.framework.TestCase.runTest|junit.framework.TestCase.runBare|junit.framework.TestResult$1.protect	34
c81	FT	1	com.alibaba.json.bvt.parser.DefaultExtJSONParserTest_2#test_1	PASS				425
c81	FT	2	com.alibaba.json.bvt.parser.DefaultExtJSONParser_parseArray#test_7	FAIL	java.lang.AssertionError	expected:<Sun Jan 09 05:49:53 UTC 2011> but was:<Sun Jan 09 13:49:53 UTC 2011>	org.junit.Assert.fail|org.junit.Assert.failNotEquals|org.junit.Assert.assertEquals|org.junit.Assert.assertEquals|com.alibaba.json.bvt.parser.DefaultExtJSONParser_parseArray.test_7|sun.reflect.NativeMethodAccessorImpl.invoke0|sun.reflect.NativeMethodAccessorImpl.invoke|sun.reflect.DelegatingMethodAccessorImpl.invoke|java.lang.reflect.Method.invoke|junit.framework.TestCase.runTest|junit.framework.TestCase.runBare|junit.framework.TestResult$1.protect	19
c82	FT	1	com.alibaba.json.bvt.parser.DefaultExtJSONParserTest_2#test_2	PASS				389
c82	FT	2	com.alibaba.json.bvt.parser.DefaultExtJSONParser_parseArray#test_7	FAIL	java.lang.AssertionError	expected:<Sun Jan 09 05:49:53 UTC 2011> but was:<Sun Jan 09 13:49:53 UTC 2011>	org.junit.Assert.fail|org.junit.Assert.failNotEquals|org.junit.Assert.assertEquals|org.junit.Assert.assertEquals|com.alibaba.json.bvt.parser.DefaultExtJSONParser_parseArray.test_7|sun.reflect.NativeMethodAccessorImpl.invoke0|sun.reflect.NativeMethodAccessorImpl.invoke|sun.reflect.DelegatingMethodAccessorImpl.invoke|java.lang.reflect.Method.invoke|junit.framework.TestCase.runTest|junit.framework.TestCase.runBare|junit.framework.TestResult$1.protect	17
c83	FT	1	com.alibaba.json.bvt.parser.DefaultExtJSONParserTest_2#test_3	PASS				342
c83	FT	2	com.alibaba.json.bvt.parser.DefaultExtJSONParser_parseArray#test_7	FAIL	java.lang.AssertionError	expected:<Sun Jan 09 05:49:53 UTC 2011> but was:<Sun Jan 09 13:49:53 UTC 2011>	org.junit.Assert.fail|org.junit.Assert.failNotEquals|org.junit.Assert.assertEquals|org.junit.Assert.assertEquals|com.alibaba.json.bvt.parser.DefaultExtJSONParser_parseArray.test_7|sun.reflect.NativeMethodAccessorImpl.invoke0|sun.reflect.NativeMethodAccessorImpl.invoke|sun.reflect.DelegatingMethodAccessorImpl.invoke|java.lang.reflect.Method.invoke|junit.framework.TestCase.runTest|junit.framework.TestCase.runBare|junit.framework.TestResult$1.protect	14
c84	FT	1	com.alibaba.json.bvt.parser.DefaultExtJSONParserTest_2#test_4	PASS				378
c84	FT	2	com.alibaba.json.bvt.parser.DefaultExtJSONParser_parseArray#test_7	FAIL	java.lang.AssertionError	expected:<Sun Jan 09 05:49:53 UTC 2011> but was:<Sun Jan 09 13:49:53 UTC 2011>	org.junit.Assert.fail|org.junit.Assert.failNotEquals|org.junit.Assert.assertEquals|org.junit.Assert.assertEquals|com.alibaba.json.bvt.parser.DefaultExtJSONParser_parseArray.test_7|sun.reflect.NativeMethodAccessorImpl.invoke0|sun.reflect.NativeMethodAccessorImpl.invoke|sun.reflect.DelegatingMethodAccessorImpl.invoke|java.lang.reflect.Method.invoke|junit.framework.TestCase.runTest|junit.framework.TestCase.runBare|junit.framework.TestResult$1.protect	14
c85	FT	1	com.alibaba.json.bvt.parser.DefaultExtJSONParserTest_2#test_error_0	PASS				415
c85	FT	2	com.alibaba.json.bvt.parser.DefaultExtJSONParser_parseArray#test_7	FAIL	java.lang.AssertionError	expected:<Sun Jan 09 05:49:53 UTC 2011> but was:<Sun Jan 09 13:49:53 UTC 2011>	org.junit.Assert.fail|org.junit.Assert.failNotEquals|org.junit.Assert.assertEquals|org.junit.Assert.assertEquals|com.alibaba.json.bvt.parser.DefaultExtJSONParser_parseArray.test_7|sun.reflect.NativeMethodAccessorImpl.invoke0|sun.reflect.NativeMethodAccessorImpl.invoke|sun.reflect.DelegatingMethodAccessorImpl.invoke|java.lang.reflect.Method.invoke|junit.framework.TestCase.runTest|junit.framework.TestCase.runBare|junit.framework.TestResult$1.protect	21
c86	FT	1	com.alibaba.json.bvt.parser.DefaultExtJSONParserTest_2#test_error_1	PASS				386
c86	FT	2	com.alibaba.json.bvt.parser.DefaultExtJSONParser_parseArray#test_7	FAIL	java.lang.AssertionError	expected:<Sun Jan 09 05:49:53 UTC 2011> but was:<Sun Jan 09 13:49:53 UTC 2011>	org.junit.Assert.fail|org.junit.Assert.failNotEquals|org.junit.Assert.assertEquals|org.junit.Assert.assertEquals|com.alibaba.json.bvt.parser.DefaultExtJSONParser_parseArray.test_7|sun.reflect.NativeMethodAccessorImpl.invoke0|sun.reflect.NativeMethodAccessorImpl.invoke|sun.reflect.DelegatingMethodAccessorImpl.invoke|java.lang.reflect.Method.invoke|junit.framework.TestCase.runTest|junit.framework.TestCase.runBare|junit.framework.TestResult$1.protect	27
c87	FT	1	com.alibaba.json.bvt.parser.DefaultExtJSONParserTest_2#test_error_2	PASS				383
c87	FT	2	com.alibaba.json.bvt.parser.DefaultExtJSONParser_parseArray#test_7	FAIL	java.lang.AssertionError	expected:<Sun Jan 09 05:49:53 UTC 2011> but was:<Sun Jan 09 13:49:53 UTC 2011>	org.junit.Assert.fail|org.junit.Assert.failNotEquals|org.junit.Assert.assertEquals|org.junit.Assert.assertEquals|com.alibaba.json.bvt.parser.DefaultExtJSONParser_parseArray.test_7|sun.reflect.NativeMethodAccessorImpl.invoke0|sun.reflect.NativeMethodAccessorImpl.invoke|sun.reflect.DelegatingMethodAccessorImpl.invoke|java.lang.reflect.Method.invoke|junit.framework.TestCase.runTest|junit.framework.TestCase.runBare|junit.framework.TestResult$1.protect	17
c88	FT	1	com.alibaba.json.bvt.parser.DefaultExtJSONParserTest_2#test_error_3	PASS				387
c88	FT	2	com.alibaba.json.bvt.parser.DefaultExtJSONParser_parseArray#test_7	FAIL	java.lang.AssertionError	expected:<Sun Jan 09 05:49:53 UTC 2011> but was:<Sun Jan 09 13:49:53 UTC 2011>	org.junit.Assert.fail|org.junit.Assert.failNotEquals|org.junit.Assert.assertEquals|org.junit.Assert.assertEquals|com.alibaba.json.bvt.parser.DefaultExtJSONParser_parseArray.test_7|sun.reflect.NativeMethodAccessorImpl.invoke0|sun.reflect.NativeMethodAccessorImpl.invoke|sun.reflect.DelegatingMethodAccessorImpl.invoke|java.lang.reflect.Method.invoke|junit.framework.TestCase.runTest|junit.framework.TestCase.runBare|junit.framework.TestResult$1.protect	19
c89	FT	1	com.alibaba.json.bvt.parser.DefaultExtJSONParserTest_2#test_error_4	PASS				391
c89	FT	2	com.alibaba.json.bvt.parser.DefaultExtJSONParser_parseArray#test_7	FAIL	java.lang.AssertionError	expected:<Sun Jan 09 05:49:53 UTC 2011> but was:<Sun Jan 09 13:49:53 UTC 2011>	org.junit.Assert.fail|org.junit.Assert.failNotEquals|org.junit.Assert.assertEquals|org.junit.Assert.assertEquals|com.alibaba.json.bvt.parser.DefaultExtJSONParser_parseArray.test_7|sun.reflect.NativeMethodAccessorImpl.invoke0|sun.reflect.NativeMethodAccessorImpl.invoke|sun.reflect.DelegatingMethodAccessorImpl.invoke|java.lang.reflect.Method.invoke|junit.framework.TestCase.runTest|junit.framework.TestCase.runBare|junit.framework.TestResult$1.protect	22
c90	FT	1	com.alibaba.json.bvt.parser.DefaultExtJSONParserTest_2#test_error_5	PASS				428
c90	FT	2	com.alibaba.json.bvt.parser.DefaultExtJSONParser_parseArray#test_7	FAIL	java.lang.AssertionError	expected:<Sun Jan 09 05:49:53 UTC 2011> but was:<Sun Jan 09 13:49:53 UTC 2011>	org.junit.Assert.fail|org.junit.Assert.failNotEquals|org.junit.Assert.assertEquals|org.junit.Assert.assertEquals|com.alibaba.json.bvt.parser.DefaultExtJSONParser_parseArray.test_7|sun.reflect.NativeMethodAccessorImpl.invoke0|sun.reflect.NativeMethodAccessorImpl.invoke|sun.reflect.DelegatingMethodAccessorImpl.invoke|java.lang.reflect.Method.invoke|junit.framework.TestCase.runTest|junit.framework.TestCase.runBare|junit.framework.TestResult$1.protect	22
c91	FT	1	com.alibaba.json.bvt.parser.DefaultExtJSONParserTest_2#test_error_6	PASS				411
c91	FT	2	com.alibaba.json.bvt.parser.DefaultExtJSONParser_parseArray#test_7	FAIL	java.lang.AssertionError	expected:<Sun Jan 09 05:49:53 UTC 2011> but was:<Sun Jan 09 13:49:53 UTC 2011>	org.junit.Assert.fail|org.junit.Assert.failNotEquals|org.junit.Assert.assertEquals|org.junit.Assert.assertEquals|com.alibaba.json.bvt.parser.DefaultExtJSONParser_parseArray.test_7|sun.reflect.NativeMethodAccessorImpl.invoke0|sun.reflect.NativeMethodAccessorImpl.invoke|sun.reflect.DelegatingMethodAccessorImpl.invoke|java.lang.reflect.Method.invoke|junit.framework.TestCase.runTest|junit.framework.TestCase.runBare|junit.framework.TestResult$1.protect	33
c92	FT	1	com.alibaba.json.bvt.parser.DefaultExtJSONParserTest_3#test_0	PASS				378
c92	FT	2	com.alibaba.json.bvt.parser.DefaultExtJSONParser_parseArray#test_7	FAIL	java.lang.AssertionError	expected:<Sun Jan 09 05:49:53 UTC 2011> but was:<Sun Jan 09 13:49:53 UTC 2011>	org.junit.Assert.fail|org.junit.Assert.failNotEquals|org.junit.Assert.assertEquals|org.junit.Assert.assertEquals|com.alibaba.json.bvt.parser.DefaultExtJSONParser_parseArray.test_7|sun.reflect.NativeMethodAccessorImpl.invoke0|sun.reflect.NativeMethodAccessorImpl.invoke|sun.reflect.DelegatingMethodAccessorImpl.invoke|java.lang.reflect.Method.invoke|junit.framework.TestCase.runTest|junit.framework.TestCase.runBare|junit.framework.TestResult$1.protect	30
c93	FT	1	com.alibaba.json.bvt.parser.DefaultExtJSONParserTest_3#test_1	PASS				371
c93	FT	2	com.alibaba.json.bvt.parser.DefaultExtJSONParser_parseArray#test_7	FAIL	java.lang.AssertionError	expected:<Sun Jan 09 05:49:53 UTC 2011> but was:<Sun Jan 09 13:49:53 UTC 2011>	org.junit.Assert.fail|org.junit.Assert.failNotEquals|org.junit.Assert.assertEquals|org.junit.Assert.assertEquals|com.alibaba.json.bvt.parser.DefaultExtJSONParser_parseArray.test_7|sun.reflect.NativeMethodAccessorImpl.invoke0|sun.reflect.NativeMethodAccessorImpl.invoke|sun.reflect.DelegatingMethodAccessorImpl.invoke|java.lang.reflect.Method.invoke|junit.framework.TestCase.runTest|junit.framework.TestCase.runBare|junit.framework.TestResult$1.protect	18
c94	FT	1	com.alibaba.json.bvt.parser.DefaultExtJSONParserTest_3#test_2	PASS				457
c94	FT	2	com.alibaba.json.bvt.parser.DefaultExtJSONParser_parseArray#test_7	FAIL	java.lang.AssertionError	expected:<Sun Jan 09 05:49:53 UTC 2011> but was:<Sun Jan 09 13:49:53 UTC 2011>	org.junit.Assert.fail|org.junit.Assert.failNotEquals|org.junit.Assert.assertEquals|org.junit.Assert.assertEquals|com.alibaba.json.bvt.parser.DefaultExtJSONParser_parseArray.test_7|sun.reflect.NativeMethodAccessorImpl.invoke0|sun.reflect.NativeMethodAccessorImpl.invoke|sun.reflect.DelegatingMethodAccessorImpl.invoke|java.lang.reflect.Method.invoke|junit.framework.TestCase.runTest|junit.framework.TestCase.runBare|junit.framework.TestResult$1.protect	16
c95	FT	1	com.alibaba.json.bvt.parser.DefaultExtJSONParserTest_3#test_3	PASS				401
c95	FT	2	com.alibaba.json.bvt.parser.DefaultExtJSONParser_parseArray#test_7	FAIL	java.lang.AssertionError	expected:<Sun Jan 09 05:49:53 UTC 2011> but was:<Sun Jan 09 13:49:53 UTC 2011>	org.junit.Assert.fail|org.junit.Assert.failNotEquals|org.junit.Assert.assertEquals|org.junit.Assert.assertEquals|com.alibaba.json.bvt.parser.DefaultExtJSONParser_parseArray.test_7|sun.reflect.NativeMethodAccessorImpl.invoke0|sun.reflect.NativeMethodAccessorImpl.invoke|sun.reflect.DelegatingMethodAccessorImpl.invoke|java.lang.reflect.Method.invoke|junit.framework.TestCase.runTest|junit.framework.TestCase.runBare|junit.framework.TestResult$1.protect	27
c96	FT	1	com.alibaba.json.bvt.parser.DefaultExtJSONParserTest_3#test_4	PASS				418
c96	FT	2	com.alibaba.json.bvt.parser.DefaultExtJSONParser_parseArray#test_7	FAIL	java.lang.AssertionError	expected:<Sun Jan 09 05:49:53 UTC 2011> but was:<Sun Jan 09 13:49:53 UTC 2011>	org.junit.Assert.fail|org.junit.Assert.failNotEquals|org.junit.Assert.assertEquals|org.junit.Assert.assertEquals|com.alibaba.json.bvt.parser.DefaultExtJSONParser_parseArray.test_7|sun.reflect.NativeMethodAccessorImpl.invoke0|sun.reflect.NativeMethodAccessorImpl.invoke|sun.reflect.DelegatingMethodAccessorImpl.invoke|java.lang.reflect.Method.invoke|junit.framework.TestCase.runTest|junit.framework.TestCase.runBare|junit.framework.TestResult$1.protect	20
c97	FT	1	com.alibaba.json.bvt.parser.DefaultExtJSONParserTest_3#test_5	PASS				397
c97	FT	2	com.alibaba.json.bvt.parser.DefaultExtJSONParser_parseArray#test_7	FAIL	java.lang.AssertionError	expected:<Sun Jan 09 05:49:53 UTC 2011> but was:<Sun Jan 09 13:49:53 UTC 2011>	org.junit.Assert.fail|org.junit.Assert.failNotEquals|org.junit.Assert.assertEquals|org.junit.Assert.assertEquals|com.alibaba.json.bvt.parser.DefaultExtJSONParser_parseArray.test_7|sun.reflect.NativeMethodAccessorImpl.invoke0|sun.reflect.NativeMethodAccessorImpl.invoke|sun.reflect.DelegatingMethodAccessorImpl.invoke|java.lang.reflect.Method.invoke|junit.framework.TestCase.runTest|junit.framework.TestCase.runBare|junit.framework.TestResult$1.protect	24
c98	FT	1	com.alibaba.json.bvt.parser.DefaultExtJSONParserTest_3#test_6	PASS				376
c98	FT	2	com.alibaba.json.bvt.parser.DefaultExtJSONParser_parseArray#test_7	FAIL	java.lang.AssertionError	expected:<Sun Jan 09 05:49:53 UTC 2011> but was:<Sun Jan 09 13:49:53 UTC 2011>	org.junit.Assert.fail|org.junit.Assert.failNotEquals|org.junit.Assert.assertEquals|org.junit.Assert.assertEquals|com.alibaba.json.bvt.parser.DefaultExtJSONParser_parseArray.test_7|sun.reflect.NativeMethodAccessorImpl.invoke0|sun.reflect.NativeMethodAccessorImpl.invoke|sun.reflect.DelegatingMethodAccessorImpl.invoke|java.lang.reflect.Method.invoke|junit.framework.TestCase.runTest|junit.framework.TestCase.runBare|junit.framework.TestResult$1.protect	29
c99	FT	1	com.alibaba.json.bvt.parser.DefaultExtJSONParserTest_3#test_7	PASS				371
c99	FT	2	com.alibaba.json.bvt.parser.DefaultExtJSONParser_parseArray#test_7	FAIL	java.lang.AssertionError	expected:<Sun Jan 09 05:49:53 UTC 2011> but was:<Sun Jan 09 13:49:53 UTC 2011>	org.junit.Assert.fail|org.junit.Assert.failNotEquals|org.junit.Assert.assertEquals|org.junit.Assert.assertEquals|com.alibaba.json.bvt.parser.DefaultExtJSONParser_parseArray.test_7|sun.reflect.NativeMethodAccessorImpl.invoke0|sun.reflect.NativeMethodAccessorImpl.invoke|sun.reflect.DelegatingMethodAccessorImpl.invoke|java.lang.reflect.Method.invoke|junit.framework.TestCase.runTest|junit.framework.TestCase.runBare|junit.framework.TestResult$1.protect	30
c100	FT	1	com.alibaba.json.bvt.parser.DefaultExtJSONParserTest_4#test_0	PASS				382
c100	FT	2	com.alibaba.json.bvt.parser.DefaultExtJSONParser_parseArray#test_7	FAIL	java.lang.AssertionError	expected:<Sun Jan 09 05:49:53 UTC 2011> but was:<Sun Jan 09 13:49:53 UTC 2011>	org.junit.Assert.fail|org.junit.Assert.failNotEquals|org.junit.Assert.assertEquals|org.junit.Assert.assertEquals|com.alibaba.json.bvt.parser.DefaultExtJSONParser_parseArray.test_7|sun.reflect.NativeMethodAccessorImpl.invoke0|sun.reflect.NativeMethodAccessorImpl.invoke|sun.reflect.DelegatingMethodAccessorImpl.invoke|java.lang.reflect.Method.invoke|junit.framework.TestCase.runTest|junit.framework.TestCase.runBare|junit.framework.TestResult$1.protect	34
c101	FT	1	com.alibaba.json.bvt.parser.DefaultExtJSONParserTest_4#test_1	PASS				412
c101	FT	2	com.alibaba.json.bvt.parser.DefaultExtJSONParser_parseArray#test_7	FAIL	java.lang.AssertionError	expected:<Sun Jan 09 05:49:53 UTC 2011> but was:<Sun Jan 09 13:49:53 UTC 2011>	org.junit.Assert.fail|org.junit.Assert.failNotEquals|org.junit.Assert.assertEquals|org.junit.Assert.assertEquals|com.alibaba.json.bvt.parser.DefaultExtJSONParser_parseArray.test_7|sun.reflect.NativeMethodAccessorImpl.invoke0|sun.reflect.NativeMethodAccessorImpl.invoke|sun.reflect.DelegatingMethodAccessorImpl.invoke|java.lang.reflect.Method.invoke|junit.framework.TestCase.runTest|junit.framework.TestCase.runBare|junit.framework.TestResult$1.protect	27
c102	FT	1	com.alibaba.json.bvt.parser.DefaultExtJSONParserTest_4#test_2	PASS				423
c102	FT	2	com.alibaba.json.bvt.parser.DefaultExtJSONParser_parseArray#test_7	FAIL	java.lang.AssertionError	expected:<Sun Jan 09 05:49:53 UTC 2011> but was:<Sun Jan 09 13:49:53 UTC 2011>	org.junit.Assert.fail|org.junit.Assert.failNotEquals|org.junit.Assert.assertEquals|org.junit.Assert.assertEquals|com.alibaba.json.bvt.parser.DefaultExtJSONParser_parseArray.test_7|sun.reflect.NativeMethodAccessorImpl.invoke0|sun.reflect.NativeMethodAccessorImpl.invoke|sun.reflect.DelegatingMethodAccessorImpl.invoke|java.lang.reflect.Method.invoke|junit.framework.TestCase.runTest|junit.framework.TestCase.runBare|junit.framework.TestResult$1.protect	13
c103	FT	1	com.alibaba.json.bvt.parser.DefaultExtJSONParserTest_5#test_0	PASS				411
c103	FT	2	com.alibaba.json.bvt.parser.DefaultExtJSONParser_parseArray#test_7	FAIL	java.lang.AssertionError	expected:<Sun Jan 09 05:49:53 UTC 2011> but was:<Sun Jan 09 13:49:53 UTC 2011>	org.junit.Assert.fail|org.junit.Assert.failNotEquals|org.junit.Assert.assertEquals|org.junit.Assert.assertEquals|com.alibaba.json.bvt.parser.DefaultExtJSONParser_parseArray.test_7|sun.reflect.NativeMethodAccessorImpl.invoke0|sun.reflect.NativeMethodAccessorImpl.invoke|sun.reflect.DelegatingMethodAccessorImpl.invoke|java.lang.reflect.Method.invoke|junit.framework.TestCase.runTest|junit.framework.TestCase.runBare|junit.framework.TestResult$1.protect	20
c104	FT	1	com.alibaba.json.bvt.parser.DefaultExtJSONParserTest_5#test_1	PASS				312
c104	FT	2	com.alibaba.json.bvt.parser.DefaultExtJSONParser_parseArray#test_7	FAIL	java.lang.AssertionError	expected:<Sun Jan 09 05:49:53 UTC 2011> but was:<Sun Jan 09 13:49:53 UTC 2011>	org.junit.Assert.fail|org.junit.Assert.failNotEquals|org.junit.Assert.assertEquals|org.junit.Assert.assertEquals|com.alibaba.json.bvt.parser.DefaultExtJSONParser_parseArray.test_7|sun.reflect.NativeMethodAccessorImpl.invoke0|sun.reflect.NativeMethodAccessorImpl.invoke|sun.reflect.DelegatingMethodAccessorImpl.invoke|java.lang.reflect.Method.invoke|junit.framework.TestCase.runTest|junit.framework.TestCase.runBare|junit.framework.TestResult$1.protect	15
c105	FT	1	com.alibaba.json.bvt.parser.DefaultExtJSONParserTest_6#test_0	PASS				389
c105	FT	2	com.alibaba.json.bvt.parser.DefaultExtJSONParser_parseArray#test_7	FAIL	java.lang.AssertionError	expected:<Sun Jan 09 05:49:53 UTC 2011> but was:<Sun Jan 09 13:49:53 UTC 2011>	org.junit.Assert.fail|org.junit.Assert.failNotEquals|org.junit.Assert.assertEquals|org.junit.Assert.assertEquals|com.alibaba.json.bvt.parser.DefaultExtJSONParser_parseArray.test_7|sun.reflect.NativeMethodAccessorImpl.invoke0|sun.reflect.NativeMethodAccessorImpl.invoke|sun.reflect.DelegatingMethodAccessorImpl.invoke|java.lang.reflect.Method.invoke|junit.framework.TestCase.runTest|junit.framework.TestCase.runBare|junit.framework.TestResult$1.protect	31
c106	FT	1	com.alibaba.json.bvt.parser.DefaultExtJSONParserTest_6#test_1	PASS				395
c106	FT	2	com.alibaba.json.bvt.parser.DefaultExtJSONParser_parseArray#test_7	FAIL	java.lang.AssertionError	expected:<Sun Jan 09 05:49:53 UTC 2011> but was:<Sun Jan 09 13:49:53 UTC 2011>	org.junit.Assert.fail|org.junit.Assert.failNotEquals|org.junit.Assert.assertEquals|org.junit.Assert.assertEquals|com.alibaba.json.bvt.parser.DefaultExtJSONParser_parseArray.test_7|sun.reflect.NativeMethodAccessorImpl.invoke0|sun.reflect.NativeMethodAccessorImpl.invoke|sun.reflect.DelegatingMethodAccessorImpl.invoke|java.lang.reflect.Method.invoke|junit.framework.TestCase.runTest|junit.framework.TestCase.runBare|junit.framework.TestResult$1.protect	17
c107	FT	1	com.alibaba.json.bvt.parser.DefaultExtJSONParserTest_7#test_parse	PASS				360
c107	FT	2	com.alibaba.json.bvt.parser.DefaultExtJSONParser_parseArray#test_7	FAIL	java.lang.AssertionError	expected:<Sun Jan 09 05:49:53 UTC 2011> but was:<Sun Jan 09 13:49:53 UTC 2011>	org.junit.Assert.fail|org.junit.Assert.failNotEquals|org.junit.Assert.assertEquals|org.junit.Assert.assertEquals|com.alibaba.json.bvt.parser.DefaultExtJSONParser_parseArray.test_7|sun.reflect.NativeMethodAccessorImpl.invoke0|sun.reflect.NativeMethodAccessorImpl.invoke|sun.reflect.DelegatingMethodAccessorImpl.invoke|java.lang.reflect.Method.invoke|junit.framework.TestCase.runTest|junit.framework.TestCase.runBare|junit.framework.TestResult$1.protect	27
c108	FT	1	com.alibaba.json.bvt.parser.DefaultExtJSONParserTest_7#test_parseArray	PASS				312
c108	FT	2	com.alibaba.json.bvt.parser.DefaultExtJSONParser_parseArray#test_7	FAIL	java.lang.AssertionError	expected:<Sun Jan 09 05:49:53 UTC 2011> but was:<Sun Jan 09 13:49:53 UTC 2011>	org.junit.Assert.fail|org.junit.Assert.failNotEquals|org.junit.Assert.assertEquals|org.junit.Assert.assertEquals|com.alibaba.json.bvt.parser.DefaultExtJSONParser_parseArray.test_7|sun.reflect.NativeMethodAccessorImpl.invoke0|sun.reflect.NativeMethodAccessorImpl.invoke|sun.reflect.DelegatingMethodAccessorImpl.invoke|java.lang.reflect.Method.invoke|junit.framework.TestCase.runTest|junit.framework.TestCase.runBare|junit.framework.TestResult$1.protect	22
c109	FT	1	com.alibaba.json.bvt.parser.DefaultExtJSONParserTest_7#test_parseArray_error	PASS				394
c109	FT	2	com.alibaba.json.bvt.parser.DefaultExtJSONParser_parseArray#test_7	FAIL	java.lang.AssertionError	expected:<Sun Jan 09 05:49:53 UTC 2011> but was:<Sun Jan 09 13:49:53 UTC 2011>	org.junit.Assert.fail|org.junit.Assert.failNotEquals|org.junit.Assert.assertEquals|org.junit.Assert.assertEquals|com.alibaba.json.bvt.parser.DefaultExtJSONParser_parseArray.test_7|sun.reflect.NativeMethodAccessorImpl.invoke0|sun.reflect.NativeMethodAccessorImpl.invoke|sun.reflect.DelegatingMethodAccessorImpl.invoke|java.lang.reflect.Method.invoke|junit.framework.TestCase.runTest|junit.framework.TestCase.runBare|junit.framework.TestResult$1.protect	33
c110	FT	1	com.alibaba.json.bvt.parser.DefaultExtJSONParserTest_7#test_parse_str	PASS				325
c110	FT	2	com.alibaba.json.bvt.parser.DefaultExtJSONParser_parseArray#test_7	FAIL	java.lang.AssertionError	expected:<Sun Jan 09 05:49:53 UTC 2011> but was:<Sun Jan 09 13:49:53 UTC 2011>	org.junit.Assert.fail|org.junit.Assert.failNotEquals|org.junit.Assert.assertEquals|org.junit.Assert.assertEquals|com.alibaba.json.bvt.parser.DefaultExtJSONParser_parseArray.test_7|sun.reflect.NativeMethodAccessorImpl.invoke0|sun.reflect.NativeMethodAccessorImpl.invoke|sun.reflect.DelegatingMethodAccessorImpl.invoke|java.lang.reflect.Method.invoke|junit.framework.TestCase.runTest|junit.framework.TestCase.runBare|junit.framework.TestResult$1.protect	16
c111	FT	1	com.alibaba.json.bvt.parser.DefaultExtJSONParser_parseArray#test_0	PASS				361
c111	FT	2	com.alibaba.json.bvt.parser.DefaultExtJSONParser_parseArray#test_7	FAIL	java.lang.AssertionError	expected:<Sun Jan 09 05:49:53 UTC 2011> but was:<Sun Jan 09 13:49:53 UTC 2011>	org.junit.Assert.fail|org.junit.Assert.failNotEquals|org.junit.Assert.assertEquals|org.junit.Assert.assertEquals|com.alibaba.json.bvt.parser.DefaultExtJSONParser_parseArray.test_7|sun.reflect.NativeMethodAccessorImpl.invoke0|sun.reflect.NativeMethodAccessorImpl.invoke|sun.reflect.DelegatingMethodAccessorImpl.invoke|java.lang.reflect.Method.invoke|junit.framework.TestCase.runTest|junit.framework.TestCase.runBare|junit.framework.TestResult$1.protect	16
c112	FT	1	com.alibaba.json.bvt.parser.DefaultExtJSONParser_parseArray#test_1	PASS				363
c112	FT	2	com.alibaba.json.bvt.parser.DefaultExtJSONParser_parseArray#test_7	FAIL	java.lang.AssertionError	expected:<Sun Jan 09 05:49:53 UTC 2011> but was:<Sun Jan 09 13:49:53 UTC 2011>	org.junit.Assert.fail|org.junit.Assert.failNotEquals|org.junit.Assert.assertEquals|org.junit.Assert.assertEquals|com.alibaba.json.bvt.parser.DefaultExtJSONParser_parseArray.test_7|sun.reflect.NativeMethodAccessorImpl.invoke0|sun.reflect.NativeMethodAccessorImpl.invoke|sun.reflect.DelegatingMethodAccessorImpl.invoke|java.lang.reflect.Method.invoke|junit.framework.TestCase.runTest|junit.framework.TestCase.runBare|junit.framework.TestResult$1.protect	25
c113	FT	1	com.alibaba.json.bvt.parser.DefaultExtJSONParser_parseArray#test_10	PASS				388
c113	FT	2	com.alibaba.json.bvt.parser.DefaultExtJSONParser_parseArray#test_7	FAIL	java.lang.AssertionError	expected:<Sun Jan 09 05:49:53 UTC 2011> but was:<Sun Jan 09 13:49:53 UTC 2011>	org.junit.Assert.fail|org.junit.Assert.failNotEquals|org.junit.Assert.assertEquals|org.junit.Assert.assertEquals|com.alibaba.json.bvt.parser.DefaultExtJSONParser_parseArray.test_7|sun.reflect.NativeMethodAccessorImpl.invoke0|sun.reflect.NativeMethodAccessorImpl.invoke|sun.reflect.DelegatingMethodAccessorImpl.invoke|java.lang.reflect.Method.invoke|junit.framework.TestCase.runTest|junit.framework.TestCase.runBare|junit.framework.TestResult$1.protect	15
c114	FT	1	com.alibaba.json.bvt.parser.DefaultExtJSONParser_parseArray#test_11	PASS				442
c114	FT	2	com.alibaba.json.bvt.parser.DefaultExtJSONParser_parseArray#test_7	FAIL	java.lang.AssertionError	expected:<Sun Jan 09 05:49:53 UTC 2011> but was:<Sun Jan 09 13:49:53 UTC 2011>	org.junit.Assert.fail|org.junit.Assert.failNotEquals|org.junit.Assert.assertEquals|org.junit.Assert.assertEquals|com.alibaba.json.bvt.parser.DefaultExtJSONParser_parseArray.test_7|sun.reflect.NativeMethodAccessorImpl.invoke0|sun.reflect.NativeMethodAccessorImpl.invoke|sun.reflect.DelegatingMethodAccessorImpl.invoke|java.lang.reflect.Method.invoke|junit.framework.TestCase.runTest|junit.framework.TestCase.runBare|junit.framework.TestResult$1.protect	17
c115	FT	1	com.alibaba.json.bvt.parser.DefaultExtJSONParser_parseArray#test_12	PASS				362
c115	FT	2	com.alibaba.json.bvt.parser.DefaultExtJSONParser_parseArray#test_7	FAIL	java.lang.AssertionError	expected:<Sun Jan 09 05:49:53 UTC 2011> but was:<Sun Jan 09 13:49:53 UTC 2011>	org.junit.Assert.fail|org.junit.Assert.failNotEquals|org.junit.Assert.assertEquals|org.junit.Assert.assertEquals|com.alibaba.json.bvt.parser.DefaultExtJSONParser_parseArray.test_7|sun.reflect.NativeMethodAccessorImpl.invoke0|sun.reflect.NativeMethodAccessorImpl.invoke|sun.reflect.DelegatingMethodAccessorImpl.invoke|java.lang.reflect.Method.invoke|junit.framework.TestCase.runTest|junit.framework.TestCase.runBare|junit.framework.TestResult$1.protect	15
c116	FT	1	com.alibaba.json.bvt.parser.DefaultExtJSONParser_parseArray#test_13	PASS				360
c116	FT	2	com.alibaba.json.bvt.parser.DefaultExtJSONParser_parseArray#test_7	FAIL	java.lang.AssertionError	expected:<Sun Jan 09 05:49:53 UTC 2011> but was:<Sun Jan 09 13:49:53 UTC 2011>	org.junit.Assert.fail|org.junit.Assert.failNotEquals|org.junit.Assert.assertEquals|org.junit.Assert.assertEquals|com.alibaba.json.bvt.parser.DefaultExtJSONParser_parseArray.test_7|sun.reflect.NativeMethodAccessorImpl.invoke0|sun.reflect.NativeMethodAccessorImpl.invoke|sun.reflect.DelegatingMethodAccessorImpl.invoke|java.lang.reflect.Method.invoke|junit.framework.TestCase.runTest|junit.framework.TestCase.runBare|junit.framework.TestResult$1.protect	28
c117	FT	1	com.alibaba.json.bvt.parser.DefaultExtJSONParser_parseArray#test_14	PASS				429
c117	FT	2	com.alibaba.json.bvt.parser.DefaultExtJSONParser_parseArray#test_7	FAIL	java.lang.AssertionError	expected:<Sun Jan 09 05:49:53 UTC 2011> but was:<Sun Jan 09 13:49:53 UTC 2011>	org.junit.Assert.fail|org.junit.Assert.failNotEquals|org.junit.Assert.assertEquals|org.junit.Assert.assertEquals|com.alibaba.json.bvt.parser.DefaultExtJSONParser_parseArray.test_7|sun.reflect.NativeMethodAccessorImpl.invoke0|sun.reflect.NativeMethodAccessorImpl.invoke|sun.reflect.DelegatingMethodAccessorImpl.invoke|java.lang.reflect.Method.invoke|junit.framework.TestCase.runTest|junit.framework.TestCase.runBare|junit.framework.TestResult$1.protect	22
c118	FT	1	com.alibaba.json.bvt.parser.DefaultExtJSONParser_parseArray#test_15	PASS				412
c118	FT	2	com.alibaba.json.bvt.parser.DefaultExtJSONParser_parseArray#test_7	FAIL	java.lang.AssertionError	expected:<Sun Jan 09 05:49:53 UTC 2011> but was:<Sun Jan 09 13:49:53 UTC 2011>	org.junit.Assert.fail|org.junit.Assert.failNotEquals|org.junit.Assert.assertEquals|org.junit.Assert.assertEquals|com.alibaba.json.bvt.parser.DefaultExtJSONParser_parseArray.test_7|sun.reflect.NativeMethodAccessorImpl.invoke0|sun.reflect.NativeMethodAccessorImpl.invoke|sun.reflect.DelegatingMethodAccessorImpl.invoke|java.lang.reflect.Method.invoke|junit.framework.TestCase.runTest|junit.framework.TestCase.runBare|junit.framework.TestResult$1.protect	24
c119	FT	1	com.alibaba.json.bvt.parser.DefaultExtJSONParser_parseArray#test_16	PASS				385
c119	FT	2	com.alibaba.json.bvt.parser.DefaultExtJSONParser_parseArray#test_7	FAIL	java.lang.AssertionError	expected:<Sun Jan 09 05:49:53 UTC 2011> but was:<Sun Jan 09 13:49:53 UTC 2011>	org.junit.Assert.fail|org.junit.Assert.failNotEquals|org.junit.Assert.assertEquals|org.junit.Assert.assertEquals|com.alibaba.json.bvt.parser.DefaultExtJSONParser_parseArray.test_7|sun.reflect.NativeMethodAccessorImpl.invoke0|sun.reflect.NativeMethodAccessorImpl.invoke|sun.reflect.DelegatingMethodAccessorImpl.invoke|java.lang.reflect.Method.invoke|junit.framework.TestCase.runTest|junit.framework.TestCase.runBare|junit.framework.TestResult$1.protect	29
c120	FT	1	com.alibaba.json.bvt.parser.DefaultExtJSONParser_parseArray#test_17	PASS				376
c120	FT	2	com.alibaba.json.bvt.parser.DefaultExtJSONParser_parseArray#test_7	FAIL	java.lang.AssertionError	expected:<Sun Jan 09 05:49:53 UTC 2011> but was:<Sun Jan 09 13:49:53 UTC 2011>	org.junit.Assert.fail|org.junit.Assert.failNotEquals|org.junit.Assert.assertEquals|org.junit.Assert.assertEquals|com.alibaba.json.bvt.parser.DefaultExtJSONParser_parseArray.test_7|sun.reflect.NativeMethodAccessorImpl.invoke0|sun.reflect.NativeMethodAccessorImpl.invoke|sun.reflect.DelegatingMethodAccessorImpl.invoke|java.lang.reflect.Method.invoke|junit.framework.TestCase.runTest|junit.framework.TestCase.runBare|junit.framework.TestResult$1.protect	11
c121	FT	1	com.alibaba.json.bvt.parser.DefaultExtJSONParser_parseArray#test_18	PASS				464
c121	FT	2	com.alibaba.json.bvt.parser.DefaultExtJSONParser_parseArray#test_7	FAIL	java.lang.AssertionError	expected:<Sun Jan 09 05:49:53 UTC 2011> but was:<Sun Jan 09 13:49:53 UTC 2011>	org.junit.Assert.fail|org.junit.Assert.failNotEquals|org.junit.Assert.assertEquals|org.junit.Assert.assertEquals|com.alibaba.json.bvt.parser.DefaultExtJSONParser_parseArray.test_7|sun.reflect.NativeMethodAccessorImpl.invoke0|sun.reflect.NativeMethodAccessorImpl.invoke|sun.reflect.DelegatingMethodAccessorImpl.invoke|java.lang.reflect.Method.invoke|junit.framework.TestCase.runTest|junit.framework.TestCase.runBare|junit.framework.TestResult$1.protect	22
c122	FT	1	com.alibaba.json.bvt.parser.DefaultExtJSONParser_parseArray#test_2	PASS				310
c122	FT	2	com.alibaba.json.bvt.parser.DefaultExtJSONParser_parseArray#test_7	FAIL	java.lang.AssertionError	expected:<Sun Jan 09 05:49:53 UTC 2011> but was:<Sun Jan 09 13:49:53 UTC 2011>	org.junit.Assert.fail|org.junit.Assert.failNotEquals|org.junit.Assert.assertEquals|org.junit.Assert.assertEquals|com.alibaba.json.bvt.parser.DefaultExtJSONParser_parseArray.test_7|sun.reflect.NativeMethodAccessorImpl.invoke0|sun.reflect.NativeMethodAccessorImpl.invoke|sun.reflect.DelegatingMethodAccessorImpl.invoke|java.lang.reflect.Method.invoke|junit.framework.TestCase.runTest|junit.framework.TestCase.runBare|junit.framework.TestResult$1.protect	31
c123	FT	1	com.alibaba.json.bvt.parser.DefaultExtJSONParser_parseArray#test_3	PASS				318
c123	FT	2	com.alibaba.json.bvt.parser.DefaultExtJSONParser_parseArray#test_7	FAIL	java.lang.AssertionError	expected:<Sun Jan 09 05:49:53 UTC 2011> but was:<Sun Jan 09 13:49:53 UTC 2011>	org.junit.Assert.fail|org.junit.Assert.failNotEquals|org.junit.Assert.assertEquals|org.junit.Assert.assertEquals|com.alibaba.json.bvt.parser.DefaultExtJSONParser_parseArray.test_7|sun.reflect.NativeMethodAccessorImpl.invoke0|sun.reflect.NativeMethodAccessorImpl.invoke|sun.reflect.DelegatingMethodAccessorImpl.invoke|java.lang.reflect.Method.invoke|junit.framework.TestCase.runTest|junit.framework.TestCase.runBare|junit.framework.TestResult$1.protect	19
c124	FT	1	com.alibaba.json.bvt.parser.DefaultExtJSONParser_parseArray#test_4	PASS				311
c124	FT	2	com.alibaba.json.bvt.parser.DefaultExtJSONParser_parseArray#test_7	FAIL	java.lang.AssertionError	expected:<Sun Jan 09 05:49:53 UTC 2011> but was:<Sun Jan 09 13:49:53 UTC 2011>	org.junit.Assert.fail|org.junit.Assert.failNotEquals|org.junit.Assert.assertEquals|org.junit.Assert.assertEquals|com.alibaba.json.bvt.parser.DefaultExtJSONParser_parseArray.test_7|sun.reflect.NativeMethodAccessorImpl.invoke0|sun.reflect.NativeMethodAccessorImpl.invoke|sun.reflect.DelegatingMethodAccessorImpl.invoke|java.lang.reflect.Method.invoke|junit.framework.TestCase.runTest|junit.framework.TestCase.runBare|junit.framework.TestResult$1.protect	33
c125	FT	1	com.alibaba.json.bvt.parser.DefaultExtJSONParser_parseArray#test_5	PASS				347
c125	FT	2	com.alibaba.json.bvt.parser.DefaultExtJSONParser_parseArray#test_7	FAIL	java.lang.AssertionError	expected:<Sun Jan 09 05:49:53 UTC 2011> but was:<Sun Jan 09 13:49:53 UTC 2011>	org.junit.Assert.fail|org.junit.Assert.failNotEquals|org.junit.Assert.assertEquals|org.junit.Assert.assertEquals|com.alibaba.json.bvt.parser.DefaultExtJSONParser_parseArray.test_7|sun.reflect.NativeMethodAccessorImpl.invoke0|sun.reflect.NativeMethodAccessorImpl.invoke|sun.reflect.DelegatingMethodAccessorImpl.invoke|java.lang.reflect.Method.invoke|junit.framework.TestCase.runTest|junit.framework.TestCase.runBare|junit.framework.TestResult$1.protect	12
c126	FT	1	com.alibaba.json.bvt.parser.DefaultExtJSONParser_parseArray#test_6	PASS				440
c126	FT	2	com.alibaba.json.bvt.parser.DefaultExtJSONParser_parseArray#test_7	FAIL	java.lang.AssertionError	expected:<Sun Jan 09 05:49:53 UTC 2011> but was:<Sun Jan 09 13:49:53 UTC 2011>	org.junit.Assert.fail|org.junit.Assert.failNotEquals|org.junit.Assert.assertEquals|org.junit.Assert.assertEquals|com.alibaba.json.bvt.parser.DefaultExtJSONParser_parseArray.test_7|sun.reflect.NativeMethodAccessorImpl.invoke0|sun.reflect.NativeMethodAccessorImpl.invoke|sun.reflect.DelegatingMethodAccessorImpl.invoke|java.lang.reflect.Method.invoke|junit.framework.TestCase.runTest|junit.framework.TestCase.runBare|junit.framework.TestResult$1.protect	25
c127	FT	1	com.alibaba.json.bvt.parser.DefaultExtJSONParser_parseArray#test_8	FAIL	java.lang.AssertionError	expected:<Sun Jan 09 05:49:53 UTC 2011> but was:<Sun Jan 09 13:49:53 UTC 2011>	org.junit.Assert.fail|org.junit.Assert.failNotEquals|org.junit.Assert.assertEquals|org.junit.Assert.assertEquals|com.alibaba.json.bvt.parser.DefaultExtJSONParser_parseArray.test_8|sun.reflect.NativeMethodAccessorImpl.invoke0|sun.reflect.NativeMethodAccessorImpl.invoke|sun.reflect.DelegatingMethodAccessorImpl.invoke|java.lang.reflect.Method.invoke|junit.framework.TestCase.runTest|junit.framework.TestCase.runBare|junit.framework.TestResult$1.protect	315
c127	FT	2	com.alibaba.json.bvt.parser.DefaultExtJSONParser_parseArray#test_7	FAIL	java.lang.AssertionError	expected:<Sun Jan 09 05:49:53 UTC 2011> but was:<Sun Jan 09 13:49:53 UTC 2011>	org.junit.Assert.fail|org.junit.Assert.failNotEquals|org.junit.Assert.assertEquals|org.junit.Assert.assertEquals|com.alibaba.json.bvt.parser.DefaultExtJSONParser_parseArray.test_7|sun.reflect.NativeMethodAccessorImpl.invoke0|sun.reflect.NativeMethodAccessorImpl.invoke|sun.reflect.DelegatingMethodAccessorImpl.invoke|java.lang.reflect.Method.invoke|junit.framework.TestCase.runTest|junit.framework.TestCase.runBare|junit.framework.TestResult$1.protect	11
c128	FT	1	com.alibaba.json.bvt.parser.DefaultExtJSONParser_parseArray#test_9	PASS				333
c128	FT	2	com.alibaba.json.bvt.parser.DefaultExtJSONParser_parseArray#test_7	FAIL	java.lang.AssertionError	expected:<Sun Jan 09 05:49:53 UTC 2011> but was:<Sun Jan 09 13:49:53 UTC 2011>	org.junit.Assert.fail|org.junit.Assert.failNotEquals|org.junit.Assert.assertEquals|org.junit.Assert.assertEquals|com.alibaba.json.bvt.parser.DefaultExtJSONParser_parseArray.test_7|sun.reflect.NativeMethodAccessorImpl.invoke0|sun.reflect.NativeMethodAccessorImpl.invoke|sun.reflect.DelegatingMethodAccessorImpl.invoke|java.lang.reflect.Method.invoke|junit.framework.TestCase.runTest|junit.framework.TestCase.runBare|junit.framework.TestResult$1.protect	18
c129	FT	1	com.alibaba.json.bvt.parser.DefaultExtJSONParser_parseArray#test_error	PASS				291
c129	FT	2	com.alibaba.json.bvt.parser.DefaultExtJSONParser_parseArray#test_7	FAIL	java.lang.AssertionError	expected:<Sun Jan 09 05:49:53 UTC 2011> but was:<Sun Jan 09 13:49:53 UTC 2011>	org.junit.Assert.fail|org.junit.Assert.failNotEquals|org.junit.Assert.assertEquals|org.junit.Assert.assertEquals|com.alibaba.json.bvt.parser.DefaultExtJSONParser_parseArray.test_7|sun.reflect.NativeMethodAccessorImpl.invoke0|sun.reflect.NativeMethodAccessorImpl.invoke|sun.reflect.DelegatingMethodAccessorImpl.invoke|java.lang.reflect.Method.invoke|junit.framework.TestCase.runTest|junit.framework.TestCase.runBare|junit.framework.TestResult$1.protect	25
c130	FT	1	com.alibaba.json.bvt.parser.DefaultExtJSONParser_parseArray#test_error_2	PASS				416
c130	FT	2	com.alibaba.json.bvt.parser.DefaultExtJSONParser_parseArray#test_7	FAIL	java.lang.AssertionError	expected:<Sun Jan 09 05:49:53 UTC 2011> but was:<Sun Jan 09 13:49:53 UTC 2011>	org.junit.Assert.fail|org.junit.Assert.failNotEquals|org.junit.Assert.assertEquals|org.junit.Assert.assertEquals|com.alibaba.json.bvt.parser.DefaultExtJSONParser_parseArray.test_7|sun.reflect.NativeMethodAccessorImpl.invoke0|sun.reflect.NativeMethodAccessorImpl.invoke|sun.reflect.DelegatingMethodAccessorImpl.invoke|java.lang.reflect.Method.invoke|junit.framework.TestCase.runTest|junit.framework.TestCase.runBare|junit.framework.TestResult$1.protect	16
c131	FT	1	com.alibaba.json.bvt.parser.DefaultExtJSONParser_parseArray#test_error_3	PASS				427
c131	FT	2	com.alibaba.json.bvt.parser.DefaultExtJSONParser_parseArray#test_7	FAIL	java.lang.AssertionError	expected:<Sun Jan 09 05:49:53 UTC 2011> but was:<Sun Jan 09 13:49:53 UTC 2011>	org.junit.Assert.fail|org.junit.Assert.failNotEquals|org.junit.Assert.assertEquals|org.junit.Assert.assertEquals|com.alibaba.json.bvt.parser.DefaultExtJSONParser_parseArray.test_7|sun.reflect.NativeMethodAccessorImpl.invoke0|sun.reflect.NativeMethodAccessorImpl.invoke|sun.reflect.DelegatingMethodAccessorImpl.invoke|java.lang.reflect.Method.invoke|junit.framework.TestCase.runTest|junit.framework.TestCase.runBare|junit.framework.TestResult$1.protect	20
c132	FT	1	com.alibaba.json.bvt.parser.DefaultExtJSONParser_parseArray#test_error_4	PASS				295
c132	FT	2	com.alibaba.json.bvt.parser.DefaultExtJSONParser_parseArray#test_7	FAIL	java.lang.AssertionError	expected:<Sun Jan 09 05:49:53 UTC 2011> but was:<Sun Jan 09 13:49:53 UTC 2011>	org.junit.Assert.fail|org.junit.Assert.failNotEquals|org.junit.Assert.assertEquals|org.junit.Assert.assertEquals|com.alibaba.json.bvt.parser.DefaultExtJSONParser_parseArray.test_7|sun.reflect.NativeMethodAccessorImpl.invoke0|sun.reflect.NativeMethodAccessorImpl.invoke|sun.reflect.DelegatingMethodAccessorImpl.invoke|java.lang.reflect.Method.invoke|junit.framework.TestCase.runTest|junit.framework.TestCase.runBare|junit.framework.TestResult$1.protect	21
c133	FT	1	com.alibaba.json.bvt.parser.DefaultExtJSONParser_parseArray#test_error_5	PASS				326
c133	FT	2	com.alibaba.json.bvt.parser.DefaultExtJSONParser_parseArray#test_7	FAIL	java.lang.AssertionError	expected:<Sun Jan 09 05:49:53 UTC 2011> but was:<Sun Jan 09 13:49:53 UTC 2011>	org.junit.Assert.fail|org.junit.Assert.failNotEquals|org.junit.Assert.assertEquals|org.junit.Assert.assertEquals|com.alibaba.json.bvt.parser.DefaultExtJSONParser_parseArray.test_7|sun.reflect.NativeMethodAccessorImpl.invoke0|sun.reflect.NativeMethodAccessorImpl.invoke|sun.reflect.DelegatingMethodAccessorImpl.invoke|java.lang.reflect.Method.invoke|junit.framework.TestCase.runTest|junit.framework.TestCase.runBare|junit.framework.TestResult$1.protect	20
c134	FT	1	com.alibaba.json.bvt.parser.DefaultExtJSONParser_parseArray#test_error_6	PASS				407
c134	FT	2	com.alibaba.json.bvt.parser.DefaultExtJSONParser_parseArray#test_7	FAIL	java.lang.AssertionError	expected:<Sun Jan 09 05:49:53 UTC 2011> but was:<Sun Jan 09 13:49:53 UTC 2011>	org.junit.Assert.fail|org.junit.Assert.failNotEquals|org.junit.Assert.assertEquals|org.junit.Assert.assertEquals|com.alibaba.json.bvt.parser.DefaultExtJSONParser_parseArray.test_7|sun.reflect.NativeMethodAccessorImpl.invoke0|sun.reflect.NativeMethodAccessorImpl.invoke|sun.reflect.DelegatingMethodAccessorImpl.invoke|java.lang.reflect.Method.invoke|junit.framework.TestCase.runTest|junit.framework.TestCase.runBare|junit.framework.TestResult$1.protect	22
c135	FT	1	com.alibaba.json.bvt.parser.DefaultExtJSONParser_parseArray#test_error_7	PASS				365
c135	FT	2	com.alibaba.json.bvt.parser.DefaultExtJSONParser_parseArray#test_7	FAIL	java.lang.AssertionError	expected:<Sun Jan 09 05:49:53 UTC 2011> but was:<Sun Jan 09 13:49:53 UTC 2011>	org.junit.Assert.fail|org.junit.Assert.failNotEquals|org.junit.Assert.assertEquals|org.junit.Assert.assertEquals|com.alibaba.json.bvt.parser.DefaultExtJSONParser_parseArray.test_7|sun.reflect.NativeMethodAccessorImpl.invoke0|sun.reflect.NativeMethodAccessorImpl.invoke|sun.reflect.DelegatingMethodAccessorImpl.invoke|java.lang.reflect.Method.invoke|junit.framework.TestCase.runTest|junit.framework.TestCase.runBare|junit.framework.TestResult$1.protect	28
c136	FT	1	com.alibaba.json.bvt.parser.DefaultExtJSONParser_parseArray#test_error_8	PASS				419
c136	FT	2	com.alibaba.json.bvt.parser.DefaultExtJSONParser_parseArray#test_7	FAIL	java.lang.AssertionError	expected:<Sun Jan 09 05:49:53 UTC 2011> but was:<Sun Jan 09 13:49:53 UTC 2011>	org.junit.Assert.fail|org.junit.Assert.failNotEquals|org.junit.Assert.assertEquals|org.junit.Assert.assertEquals|com.alibaba.json.bvt.parser.DefaultExtJSONParser_parseArray.test_7|sun.reflect.NativeMethodAccessorImpl.invoke0|sun.reflect.NativeMethodAccessorImpl.invoke|sun.reflect.DelegatingMethodAccessorImpl.invoke|java.lang.reflect.Method.invoke|junit.framework.TestCase.runTest|junit.framework.TestCase.runBare|junit.framework.TestResult$1.protect	28
c137	FT	1	com.alibaba.json.bvt.parser.DefaultExtJSONParser_parseArray#test_error_var	PASS				370
c137	FT	2	com.alibaba.json.bvt.parser.DefaultExtJSONParser_parseArray#test_7	FAIL	java.lang.AssertionError	expected:<Sun Jan 09 05:49:53 UTC 2011> but was:<Sun Jan 09 13:49:53 UTC 2011>	org.junit.Assert.fail|org.junit.Assert.failNotEquals|org.junit.Assert.assertEquals|org.junit.Assert.assertEquals|com.alibaba.json.bvt.parser.DefaultExtJSONParser_parseArray.test_7|sun.reflect.NativeMethodAccessorImpl.invoke0|sun.reflect.NativeMethodAccessorImpl.invoke|sun.reflect.DelegatingMethodAccessorImpl.invoke|java.lang.reflect.Method.invoke|junit.framework.TestCase.runTest|junit.framework.TestCase.runBare|junit.framework.TestResult$1.protect	26
c138	FT	1	com.alibaba.json.bvt.parser.DefaultExtJSONParser_parseArray_2#test_0	PASS				384
c138	FT	2	com.alibaba.json.bvt.parser.DefaultExtJSONParser_parseArray#test_7	FAIL	java.lang.AssertionError	expected:<Sun Jan 09 05:49:53 UTC 2011> but was:<Sun Jan 09 13:49:53 UTC 2011>	org.junit.Assert.fail|org.junit.Assert.failNotEquals|org.junit.Assert.assertEquals|org.junit.Assert.assertEquals|com.alibaba.json.bvt.parser.DefaultExtJSONParser_parseArray.test_7|sun.reflect.NativeMethodAccessorImpl.invoke0|sun.reflect.NativeMethodAccessorImpl.invoke|sun.reflect.DelegatingMethodAccessorImpl.invoke|java.lang.reflect.Method.invoke|junit.framework.TestCase.runTest|junit.framework.TestCase.runBare|junit.framework.TestResult$1.protect	23
c139	FT	1	com.alibaba.json.bvt.parser.DefaultExtJSONParser_parseArray_2#test_1	PASS				425
c139	FT	2	com.alibaba.json.bvt.parser.DefaultExtJSONParser_parseArray#test_7	FAIL	java.lang.AssertionError	expected:<Sun Jan 09 05:49:53 UTC 2011> but was:<Sun Jan 09 13:49:53 UTC 2011>	org.junit.Assert.fail|org.junit.Assert.failNotEquals|org.junit.Assert.assertEquals|org.junit.Assert.assertEquals|com.alibaba.json.bvt.parser.DefaultExtJSONParser_parseArray.test_7|sun.reflect.NativeMethodAccessorImpl.invoke0|sun.reflect.NativeMethodAccessorImpl.invoke|sun.reflect.DelegatingMethodAccessorImpl.invoke|java.lang.reflect.Method.invoke|junit.framework.TestCase.runTest|junit.framework.TestCase.runBare|junit.framework.TestResult$1.protect	14
c140	FT	1	com.alibaba.json.bvt.parser.DefaultExtJSONParser_parseArray_2#test_error_0	PASS				340
c140	FT	2	com.alibaba.json.bvt.parser.DefaultExtJSONParser_parseArray#test_7	FAIL	java.lang.AssertionError	expected:<Sun Jan 09 05:49:53 UTC 2011> but was:<Sun Jan 09 13:49:53 UTC 2011>	org.junit.Assert.fail|org.junit.Assert.failNotEquals|org.junit.Assert.assertEquals|org.junit.Assert.assertEquals|com.alibaba.json.bvt.parser.DefaultExtJSONParser_parseArray.test_7|sun.reflect.NativeMethodAccessorImpl.invoke0|sun.reflect.NativeMethodAccessorImpl.invoke|sun.reflect.DelegatingMethodAccessorImpl.invoke|java.lang.reflect.Method.invoke|junit.framework.TestCase.runTest|junit.framework.TestCase.runBare|junit.framework.TestResult$1.protect	19
c141	FT	1	com.alibaba.json.bvt.parser.DefaultExtJSONParser_parseArray_2#test_error_1	PASS				385
c141	FT	2	com.alibaba.json.bvt.parser.DefaultExtJSONParser_parseArray#test_7	FAIL	java.lang.AssertionError	expected:<Sun Jan 09 05:49:53 UTC 2011> but was:<Sun Jan 09 13:49:53 UTC 2011>	org.junit.Assert.fail|org.junit.Assert.failNotEquals|org.junit.Assert.assertEquals|org.junit.Assert.assertEquals|com.alibaba.json.bvt.parser.DefaultExtJSONParser_parseArray.test_7|sun.reflect.NativeMethodAccessorImpl.invoke0|sun.reflect.NativeMethodAccessorImpl.invoke|sun.reflect.DelegatingMethodAccessorImpl.invoke|java.lang.reflect.Method.invoke|junit.framework.TestCase.runTest|junit.framework.TestCase.runBare|junit.framework.TestResult$1.protect	27
c142	FT	1	com.alibaba.json.bvt.parser.DefaultExtJSONParser_parseArray_2#test_error_2	PASS				422
c142	FT	2	com.alibaba.json.bvt.parser.DefaultExtJSONParser_parseArray#test_7	FAIL	java.lang.AssertionError	expected:<Sun Jan 09 05:49:53 UTC 2011> but was:<Sun Jan 09 13:49:53 UTC 2011>	org.junit.Assert.fail|org.junit.Assert.failNotEquals|org.junit.Assert.assertEquals|org.junit.Assert.assertEquals|com.alibaba.json.bvt.parser.DefaultExtJSONParser_parseArray.test_7|sun.reflect.NativeMethodAccessorImpl.invoke0|sun.reflect.NativeMethodAccessorImpl.invoke|sun.reflect.DelegatingMethodAccessorImpl.invoke|java.lang.reflect.Method.invoke|junit.framework.TestCase.runTest|junit.framework.TestCase.runBare|junit.framework.TestResult$1.protect	33
c143	FT	1	com.alibaba.json.bvt.parser.DefaultExtJSONParser_parseArray_2#test_error_3	PASS				391
c143	FT	2	com.alibaba.json.bvt.parser.DefaultExtJSONParser_parseArray#test_7	FAIL	java.lang.AssertionError	expected:<Sun Jan 09 05:49:53 UTC 2011> but was:<Sun Jan 09 13:49:53 UTC 2011>	org.junit.Assert.fail|org.junit.Assert.failNotEquals|org.junit.Assert.assertEquals|org.junit.Assert.assertEquals|com.alibaba.json.bvt.parser.DefaultExtJSONParser_parseArray.test_7|sun.reflect.NativeMethodAccessorImpl.invoke0|sun.reflect.NativeMethodAccessorImpl.invoke|sun.reflect.DelegatingMethodAccessorImpl.invoke|java.lang.reflect.Method.invoke|junit.framework.TestCase.runTest|junit.framework.TestCase.runBare|junit.framework.TestResult$1.protect	16
c144	FT	1	com.alibaba.json.bvt.parser.DefaultExtJSONParser_parseArray_2#test_error_4	PASS				326
c144	FT	2	com.alibaba.json.bvt.parser.DefaultExtJSONParser_parseArray#test_7	FAIL	java.lang.AssertionError	expected:<Sun Jan 09 05:49:53 UTC 2011> but was:<Sun Jan 09 13:49:53 UTC 2011>	org.junit.Assert.fail|org.junit.Assert.failNotEquals|org.junit.Assert.assertEquals|org.junit.Assert.assertEquals|com.alibaba.json.bvt.parser.DefaultExtJSONParser_parseArray.test_7|sun.reflect.NativeMethodAccessorImpl.invoke0|sun.reflect.NativeMethodAccessorImpl.invoke|sun.reflect.DelegatingMethodAccessorImpl.invoke|java.lang.reflect.Method.invoke|junit.framework.TestCase.runTest|junit.framework.TestCase.runBare|junit.framework.TestResult$1.protect	14
c145	FT	1	com.alibaba.json.bvt.parser.DefaultExtJSONParser_parseArray_2#test_error_5	PASS				345
c145	FT	2	com.alibaba.json.bvt.parser.DefaultExtJSONParser_parseArray#test_7	FAIL	java.lang.AssertionError	expected:<Sun Jan 09 05:49:53 UTC 2011> but was:<Sun Jan 09 13:49:53 UTC 2011>	org.junit.Assert.fail|org.junit.Assert.failNotEquals|org.junit.Assert.assertEquals|org.junit.Assert.assertEquals|com.alibaba.json.bvt.parser.DefaultExtJSONParser_parseArray.test_7|sun.reflect.NativeMethodAccessorImpl.invoke0|sun.reflect.NativeMethodAccessorImpl.invoke|sun.reflect.DelegatingMethodAccessorImpl.invoke|java.lang.reflect.Method.invoke|junit.framework.TestCase.runTest|junit.framework.TestCase.runBare|junit.framework.TestResult$1.protect	31
c146	FT	1	com.alibaba.json.bvt.parser.DefaultExtJSONParser_parseArray_2#test_error_6	PASS				433
c146	FT	2	com.alibaba.json.bvt.parser.DefaultExtJSONParser_parseArray#test_7	FAIL	java.lang.AssertionError	expected:<Sun Jan 09 05:49:53 UTC 2011> but was:<Sun Jan 09 13:49:53 UTC 2011>	org.junit.Assert.fail|org.junit.Assert.failNotEquals|org.junit.Assert.assertEquals|org.junit.Assert.assertEquals|com.alibaba.json.bvt.parser.DefaultExtJSONParser_parseArray.test_7|sun.reflect.NativeMethodAccessorImpl.invoke0|sun.reflect.NativeMethodAccessorImpl.invoke|sun.reflect.DelegatingMethodAccessorImpl.invoke|java.lang.reflect.Method.invoke|junit.framework.TestCase.runTest|junit.framework.TestCase.runBare|junit.framework.TestResult$1.protect	30
c147	FT	1	com.alibaba.json.bvt.parser.DefaultJSONParserTest2#test_0	PASS				397
c147	FT	2	com.alibaba.json.bvt.parser.DefaultExtJSONParser_parseArray#test_7	FAIL	java.lang.AssertionError	expected:<Sun Jan 09 05:49:53 UTC 2011> but was:<Sun Jan 09 13:49:53 UTC 2011>	org.junit.Assert.fail|org.junit.Assert.failNotEquals|org.junit.Assert.assertEquals|org.junit.Assert.assertEquals|com.alibaba.json.bvt.parser.DefaultExtJSONParser_parseArray.test_7|sun.reflect.NativeMethodAccessorImpl.invoke0|sun.reflect.NativeMethodAccessorImpl.invoke|sun.reflect.DelegatingMethodAccessorImpl.invoke|java.lang.reflect.Method.invoke|junit.framework.TestCase.runTest|junit.framework.TestCase.runBare|junit.framework.TestResult$1.protect	28
c148	FT	1	com.alibaba.json.bvt.parser.DefaultJSONParserTest2#test_1	PASS				403
c148	FT	2	com.alibaba.json.bvt.parser.DefaultExtJSONParser_parseArray#test_7	FAIL	java.lang.AssertionError	expected:<Sun Jan 09 05:49:53 UTC 2011> but was:<Sun Jan 09 13:49:53 UTC 2011>	org.junit.Assert.fail|org.junit.Assert.failNotEquals|org.junit.Assert.assertEquals|org.junit.Assert.assertEquals|com.alibaba.json.bvt.parser.DefaultExtJSONParser_parseArray.test_7|sun.reflect.NativeMethodAccessorImpl.invoke0|sun.reflect.NativeMethodAccessorImpl.invoke|sun.reflect.DelegatingMethodAccessorImpl.invoke|java.lang.reflect.Method.invoke|junit.framework.TestCase.runTest|junit.framework.TestCase.runBare|junit.framework.TestResult$1.protect	15
c149	FT	1	com.alibaba.json.bvt.parser.DefaultJSONParserTest2#test_2	PASS				339
c149	FT	2	com.alibaba.json.bvt.parser.DefaultExtJSONParser_parseArray#test_7	FAIL	java.lang.AssertionError	expected:<Sun Jan 09 05:49:53 UTC 2011> but was:<Sun Jan 09 13:49:53 UTC 2011>	org.junit.Assert.fail|org.junit.Assert.failNotEquals|org.junit.Assert.assertEquals|org.junit.Assert.assertEquals|com.alibaba.json.bvt.parser.DefaultExtJSONParser_parseArray.test_7|sun.reflect.NativeMethodAccessorImpl.invoke0|sun.reflect.NativeMethodAccessorImpl.invoke|sun.reflect.DelegatingMethodAccessorImpl.invoke|java.lang.reflect.Method.invoke|junit.framework.TestCase.runTest|junit.framework.TestCase.runBare|junit.framework.TestResult$1.protect	21
c150	FT	1	com.alibaba.json.bvt.parser.DefaultJSONParserTest2#test_3	PASS				341
c150	FT	2	com.alibaba.json.bvt.parser.DefaultExtJSONParser_parseArray#test_7	FAIL	java.lang.AssertionError	expected:<Sun Jan 09 05:49:53 UTC 2011> but was:<Sun Jan 09 13:49:53 UTC 2011>	org.junit.Assert.fail|org.junit.Assert.failNotEquals|org.junit.Assert.assertEquals|org.junit.Assert.assertEquals|com.alibaba.json.bvt.parser.DefaultExtJSONParser_parseArray.test_7|sun.reflect.NativeMethodAccessorImpl.invoke0|sun.reflect.NativeMethodAccessorImpl.invoke|sun.reflect.DelegatingMethodAccessorImpl.invoke|java.lang.reflect.Method.invoke|junit.framework.TestCase.runTest|junit.framework.TestCase.runBare|junit.framework.TestResult$1.protect	20
c151	FT	1	com.alibaba.json.bvt.parser.DefaultJSONParserTest2#test_4	PASS				380
c151	FT	2	com.alibaba.json.bvt.parser.DefaultExtJSONParser_parseArray#test_7	FAIL	java.lang.AssertionError	expected:<Sun Jan 09 05:49:53 UTC 2011> but was:<Sun Jan 09 13:49:53 UTC 2011>	org.junit.Assert.fail|org.junit.Assert.failNotEquals|org.junit.Assert.assertEquals|org.junit.Assert.assertEquals|com.alibaba.json.bvt.parser.DefaultExtJSONParser_parseArray.test_7|sun.reflect.NativeMethodAccessorImpl.invoke0|sun.reflect.NativeMethodAccessorImpl.invoke|sun.reflect.DelegatingMethodAccessorImpl.invoke|java.lang.reflect.Method.invoke|junit.framework.TestCase.runTest|junit.framework.TestCase.runBare|junit.framework.TestResult$1.protect	15
c152	FT	1	com.alibaba.json.bvt.parser.DefaultJSONParserTest2#test_5	PASS				417
c152	FT	2	com.alibaba.json.bvt.parser.DefaultExtJSONParser_parseArray#test_7	FAIL	java.lang.AssertionError	expected:<Sun Jan 09 05:49:53 UTC 2011> but was:<Sun Jan 09 13:49:53 UTC 2011>	org.junit.Assert.fail|org.junit.Assert.failNotEquals|org.junit.Assert.assertEquals|org.junit.Assert.assertEquals|com.alibaba.json.bvt.parser.DefaultExtJSONParser_parseArray.test_7|sun.reflect.NativeMethodAccessorImpl.invoke0|sun.reflect.NativeMethodAccessorImpl.invoke|sun.reflect.DelegatingMethodAccessorImpl.invoke|java.lang.reflect.Method.invoke|junit.framework.TestCase.runTest|junit.framework.TestCase.runBare|junit.framework.TestResult$1.protect	16
c153	FT	1	com.alibaba.json.bvt.parser.DefaultJSONParserTest_charArray#test_getInput	PASS				405
c153	FT	2	com.alibaba.json.bvt.parser.DefaultExtJSONParser_parseArray#test_7	FAIL	java.lang.AssertionError	expected:<Sun Jan 09 05:49:53 UTC 2011> but was:<Sun Jan 09 13:49:53 UTC 2011>	org.junit.Assert.fail|org.junit.Assert.failNotEquals|org.junit.Assert.assertEquals|org.junit.Assert.assertEquals|com.alibaba.json.bvt.parser.DefaultExtJSONParser_parseArray.test_7|sun.reflect.NativeMethodAccessorImpl.invoke0|sun.reflect.NativeMethodAccessorImpl.invoke|sun.reflect.DelegatingMethodAccessorImpl.invoke|java.lang.reflect.Method.invoke|junit.framework.TestCase.runTest|junit.framework.TestCase.runBare|junit.framework.TestResult$1.protect	30
c154	FT	1	com.alibaba.json.bvt.parser.DefaultJSONParserTest_comma#test_getInput	PASS				426
c154	FT	2	com.alibaba.json.bvt.parser.DefaultExtJSONParser_parseArray#test_7	FAIL	java.lang.AssertionError	expected:<Sun Jan 09 05:49:53 UTC 2011> but was:<Sun Jan 09 13:49:53 UTC 2011>	org.junit.Assert.fail|org.junit.Assert.failNotEquals|org.junit.Assert.assertEquals|org.junit.Assert.assertEquals|com.alibaba.json.bvt.parser.DefaultExtJSONParser_parseArray.test_7|sun.reflect.NativeMethodAccessorImpl.invoke0|sun.reflect.NativeMethodAccessorImpl.invoke|sun.reflect.DelegatingMethodAccessorImpl.invoke|java.lang.reflect.Method.invoke|junit.framework.TestCase.runTest|junit.framework.TestCase.runBare|junit.framework.TestResult$1.protect	15
c155	FT	1	com.alibaba.json.bvt.parser.DefaultJSONParserTest_date#test_date	PASS				415
c155	FT	2	com.alibaba.json.bvt.parser.DefaultExtJSONParser_parseArray#test_7	PASS				9
c156	FT	1	com.alibaba.json.bvt.parser.DefaultJSONParserTest_date#test_date2	PASS				369
c156	FT	2	com.alibaba.json.bvt.parser.DefaultExtJSONParser_parseArray#test_7	PASS				11
c157	FT	1	com.alibaba.json.bvt.parser.DefaultJSONParserTest_date#test_date3	PASS				420
c157	FT	2	com.alibaba.json.bvt.parser.DefaultExtJSONParser_parseArray#test_7	PASS				25
c158	FT	1	com.alibaba.json.bvt.parser.DefaultJSONParserTest_date#test_date4	PASS				372
c158	FT	2	com.alibaba.json.bvt.parser.DefaultExtJSONParser_parseArray#test_7	PASS				13
c159	FT	1	com.alibaba.json.bvt.parser.DefaultJSONParserTest_date#test_dateFormat	PASS				382
c159	FT	2	com.alibaba.json.bvt.parser.DefaultExtJSONParser_parseArray#test_7	PASS				7
c160	FT	1	com.alibaba.json.bvt.parser.DefaultJSONParserTest_error#test_error_1	PASS				323
c160	FT	2	com.alibaba.json.bvt.parser.DefaultExtJSONParser_parseArray#test_7	FAIL	java.lang.AssertionError	expected:<Sun Jan 09 05:49:53 UTC 2011> but was:<Sun Jan 09 13:49:53 UTC 2011>	org.junit.Assert.fail|org.junit.Assert.failNotEquals|org.junit.Assert.assertEquals|org.junit.Assert.assertEquals|com.alibaba.json.bvt.parser.DefaultExtJSONParser_parseArray.test_7|sun.reflect.NativeMethodAccessorImpl.invoke0|sun.reflect.NativeMethodAccessorImpl.invoke|sun.reflect.DelegatingMethodAccessorImpl.invoke|java.lang.reflect.Method.invoke|junit.framework.TestCase.runTest|junit.framework.TestCase.runBare|junit.framework.TestResult$1.protect	31
c161	FT	1	com.alibaba.json.bvt.parser.DefaultJSONParserTest_error#test_error_2	PASS				398
c161	FT	2	com.alibaba.json.bvt.parser.DefaultExtJSONParser_parseArray#test_7	FAIL	java.lang.AssertionError	expected:<Sun Jan 09 05:49:53 UTC 2011> but was:<Sun Jan 09 13:49:53 UTC 2011>	org.junit.Assert.fail|org.junit.Assert.failNotEquals|org.junit.Assert.assertEquals|org.junit.Assert.assertEquals|com.alibaba.json.bvt.parser.DefaultExtJSONParser_parseArray.test_7|sun.reflect.NativeMethodAccessorImpl.invoke0|sun.reflect.NativeMethodAccessorImpl.invoke|sun.reflect.DelegatingMethodAccessorImpl.invoke|java.lang.reflect.Method.invoke|junit.framework.TestCase.runTest|junit.framework.TestCase.runBare|junit.framework.TestResult$1.protect	21
c162	FT	1	com.alibaba.json.bvt.parser.DefaultJSONParserTest_error#test_error_3	PASS				376
c162	FT	2	com.alibaba.json.bvt.parser.DefaultExtJSONParser_parseArray#test_7	FAIL	java.lang.AssertionError	expected:<Sun Jan 09 05:49:53 UTC 2011> but was:<Sun Jan 09 13:49:53 UTC 2011>	org.junit.Assert.fail|org.junit.Assert.failNotEquals|org.junit.Assert.assertEquals|org.junit.Assert.assertEquals|com.alibaba.json.bvt.parser.DefaultExtJSONParser_parseArray.test_7|sun.reflect.NativeMethodAccessorImpl.invoke0|sun.reflect.NativeMethodAccessorImpl.invoke|sun.reflect.DelegatingMethodAccessorImpl.invoke|java.lang.reflect.Method.invoke|junit.framework.TestCase.runTest|junit.framework.TestCase.runBare|junit.framework.TestResult$1.protect	18
c163	FT	1	com.alibaba.json.bvt.parser.EnumParserTest#test_0	PASS				321
c163	FT	2	com.alibaba.json.bvt.parser.DefaultExtJSONParser_parseArray#test_7	FAIL	java.lang.AssertionError	expected:<Sun Jan 09 05:49:53 UTC 2011> but was:<Sun Jan 09 13:49:53 UTC 2011>	org.junit.Assert.fail|org.junit.Assert.failNotEquals|org.junit.Assert.assertEquals|org.junit.Assert.assertEquals|com.alibaba.json.bvt.parser.DefaultExtJSONParser_parseArray.test_7|sun.reflect.NativeMethodAccessorImpl.invoke0|sun.reflect.NativeMethodAccessorImpl.invoke|sun.reflect.DelegatingMethodAccessorImpl.invoke|java.lang.reflect.Method.invoke|junit.framework.TestCase.runTest|junit.framework.TestCase.runBare|junit.framework.TestResult$1.protect	32
c164	FT	1	com.alibaba.json.bvt.parser.EnumParserTest#test_1	PASS				416
c164	FT	2	com.alibaba.json.bvt.parser.DefaultExtJSONParser_parseArray#test_7	FAIL	java.lang.AssertionError	expected:<Sun Jan 09 05:49:53 UTC 2011> but was:<Sun Jan 09 13:49:53 UTC 2011>	org.junit.Assert.fail|org.junit.Assert.failNotEquals|org.junit.Assert.assertEquals|org.junit.Assert.assertEquals|com.alibaba.json.bvt.parser.DefaultExtJSONParser_parseArray.test_7|sun.reflect.NativeMethodAccessorImpl.invoke0|sun.reflect.NativeMethodAccessorImpl.invoke|sun.reflect.DelegatingMethodAccessorImpl.invoke|java.lang.reflect.Method.invoke|junit.framework.TestCase.runTest|junit.framework.TestCase.runBare|junit.framework.TestResult$1.protect	16
c165	FT	1	com.alibaba.json.bvt.parser.EnumParserTest#test_error	PASS				342
c165	FT	2	com.alibaba.json.bvt.parser.DefaultExtJSONParser_parseArray#test_7	FAIL	java.lang.AssertionError	expected:<Sun Jan 09 05:49:53 UTC 2011> but was:<Sun Jan 09 13:49:53 UTC 2011>	org.junit.Assert.fail|org.junit.Assert.failNotEquals|org.junit.Assert.assertEquals|org.junit.Assert.assertEquals|com.alibaba.json.bvt.parser.DefaultExtJSONParser_parseArray.test_7|sun.reflect.NativeMethodAccessorImpl.invoke0|sun.reflect.NativeMethodAccessorImpl.invoke|sun.reflect.DelegatingMethodAccessorImpl.invoke|java.lang.reflect.Method.invoke|junit.framework.TestCase.runTest|junit.framework.TestCase.runBare|junit.framework.TestResult$1.protect	17
c166	FT	1	com.alibaba.json.bvt.parser.EnumParserTest#test_error_1	PASS				412
c166	FT	2	com.alibaba.json.bvt.parser.DefaultExtJSONParser_parseArray#test_7	FAIL	java.lang.AssertionError	expected:<Sun Jan 09 05:49:53 UTC 2011> but was:<Sun Jan 09 13:49:53 UTC 2011>	org.junit.Assert.fail|org.junit.Assert.failNotEquals|org.junit.Assert.assertEquals|org.junit.Assert.assertEquals|com.alibaba.json.bvt.parser.DefaultExtJSONParser_parseArray.test_7|sun.reflect.NativeMethodAccessorImpl.invoke0|sun.reflect.NativeMethodAccessorImpl.invoke|sun.reflect.DelegatingMethodAccessorImpl.invoke|java.lang.reflect.Method.invoke|junit.framework.TestCase.runTest|junit.framework.TestCase.runBare|junit.framework.TestResult$1.protect	22
c167	FT	1	com.alibaba.json.bvt.parser.EnumParserTest#test_error_2	PASS				367
c167	FT	2	com.alibaba.json.bvt.parser.DefaultExtJSONParser_parseArray#test_7	FAIL	java.lang.AssertionError	expected:<Sun Jan 09 05:49:53 UTC 2011> but was:<Sun Jan 09 13:49:53 UTC 2011>	org.junit.Assert.fail|org.junit.Assert.failNotEquals|org.junit.Assert.assertEquals|org.junit.Assert.assertEquals|com.alibaba.json.bvt.parser.DefaultExtJSONParser_parseArray.test_7|sun.reflect.NativeMethodAccessorImpl.invoke0|sun.reflect.NativeMethodAccessorImpl.invoke|sun.reflect.DelegatingMethodAccessorImpl.invoke|java.lang.reflect.Method.invoke|junit.framework.TestCase.runTest|junit.framework.TestCase.runBare|junit.framework.TestResult$1.protect	33
c168	FT	1	com.alibaba.json.bvt.parser.EnumParserTest#test_error_3	PASS				343
c168	FT	2	com.alibaba.json.bvt.parser.DefaultExtJSONParser_parseArray#test_7	FAIL	java.lang.AssertionError	expected:<Sun Jan 09 05:49:53 UTC 2011> but was:<Sun Jan 09 13:49:53 UTC 2011>	org.junit.Assert.fail|org.junit.Assert.failNotEquals|org.junit.Assert.assertEquals|org.junit.Assert.assertEquals|com.alibaba.json.bvt.parser.DefaultExtJSONParser_parseArray.test_7|sun.reflect.NativeMethodAccessorImpl.invoke0|sun.reflect.NativeMethodAccessorImpl.invoke|sun.reflect.DelegatingMethodAccessorImpl.invoke|java.lang.reflect.Method.invoke|junit.framework.TestCase.runTest|junit.framework.TestCase.runBare|junit.framework.TestResult$1.protect	29
c169	FT	1	com.alibaba.json.bvt.parser.EnumParserTest#test_error_4	PASS				383
c169	FT	2	com.alibaba.json.bvt.parser.DefaultExtJSONParser_parseArray#test_7	FAIL	java.lang.AssertionError	expected:<Sun Jan 09 05:49:53 UTC 2011> but was:<Sun Jan 09 13:49:53 UTC 2011>	org.junit.Assert.fail|org.junit.Assert.failNotEquals|org.junit.Assert.assertEquals|org.junit.Assert.assertEquals|com.alibaba.json.bvt.parser.DefaultExtJSONParser_parseArray.test_7|sun.reflect.NativeMethodAccessorImpl.invoke0|sun.reflect.NativeMethodAccessorImpl.invoke|sun.reflect.DelegatingMethodAccessorImpl.invoke|java.lang.reflect.Method.invoke|junit.framework.TestCase.runTest|junit.framework.TestCase.runBare|junit.framework.TestResult$1.protect	16
c170	FT	1	com.alibaba.json.bvt.parser.FastMatchCheckTest#test_match	PASS				159
c170	FT	2	com.alibaba.json.bvt.parser.DefaultExtJSONParser_parseArray#test_7	FAIL	java.lang.AssertionError	expected:<Sun Jan 09 05:49:53 UTC 2011> but was:<Sun Jan 09 13:49:53 UTC 2011>	org.junit.Assert.fail|org.junit.Assert.failNotEquals|org.junit.Assert.assertEquals|org.junit.Assert.assertEquals|com.alibaba.json.bvt.parser.DefaultExtJSONParser_parseArray.test_7|sun.reflect.NativeMethodAccessorImpl.invoke0|sun.reflect.NativeMethodAccessorImpl.invoke|sun.reflect.DelegatingMethodAccessorImpl.invoke|java.lang.reflect.Method.invoke|junit.framework.TestCase.runTest|junit.framework.TestCase.runBare|junit.framework.TestResult$1.protect	226
c171	23
c171	FT	1	com.alibaba.json.bvt.parser.FeatureCountTest#testZ_0	PASS				185
c171	FT	2	com.alibaba.json.bvt.parser.DefaultExtJSONParser_parseArray#test_7	FAIL	java.lang.AssertionError	expected:<Sun Jan 09 05:49:53 UTC 2011> but was:<Sun Jan 09 13:49:53 UTC 2011>	org.junit.Assert.fail|org.junit.Assert.failNotEquals|org.junit.Assert.assertEquals|org.junit.Assert.assertEquals|com.alibaba.json.bvt.parser.DefaultExtJSONParser_parseArray.test_7|sun.reflect.NativeMethodAccessorImpl.invoke0|sun.reflect.NativeMethodAccessorImpl.invoke|sun.reflect.DelegatingMethodAccessorImpl.invoke|java.lang.reflect.Method.invoke|junit.framework.TestCase.runTest|junit.framework.TestCase.runBare|junit.framework.TestResult$1.protect	283
c172	FT	1	com.alibaba.json.bvt.parser.FeatureParserTest#test_AllowSingleQuotes_0	PASS				377
c172	FT	2	com.alibaba.json.bvt.parser.DefaultExtJSONParser_parseArray#test_7	FAIL	java.lang.AssertionError	expected:<Sun Jan 09 05:49:53 UTC 2011> but was:<Sun Jan 09 13:49:53 UTC 2011>	org.junit.Assert.fail|org.junit.Assert.failNotEquals|org.junit.Assert.assertEquals|org.junit.Assert.assertEquals|com.alibaba.json.bvt.parser.DefaultExtJSONParser_parseArray.test_7|sun.reflect.NativeMethodAccessorImpl.invoke0|sun.reflect.NativeMethodAccessorImpl.invoke|sun.reflect.DelegatingMethodAccessorImpl.invoke|java.lang.reflect.Method.invoke|junit.framework.TestCase.runTest|junit.framework.TestCase.runBare|junit.framework.TestResult$1.protect	25
c173	FT	1	com.alibaba.json.bvt.parser.FeatureParserTest#test_AllowSingleQuotes_1	PASS				327
c173	FT	2	com.alibaba.json.bvt.parser.DefaultExtJSONParser_parseArray#test_7	FAIL	java.lang.AssertionError	expected:<Sun Jan 09 05:49:53 UTC 2011> but was:<Sun Jan 09 13:49:53 UTC 2011>	org.junit.Assert.fail|org.junit.Assert.failNotEquals|org.junit.Assert.assertEquals|org.junit.Assert.assertEquals|com.alibaba.json.bvt.parser.DefaultExtJSONParser_parseArray.test_7|sun.reflect.NativeMethodAccessorImpl.invoke0|sun.reflect.NativeMethodAccessorImpl.invoke|sun.reflect.DelegatingMethodAccessorImpl.invoke|java.lang.reflect.Method.invoke|junit.framework.TestCase.runTest|junit.framework.TestCase.runBare|junit.framework.TestResult$1.protect	26
c174	FT	1	com.alibaba.json.bvt.parser.FeatureParserTest#test_AllowUnQuotedFieldNames_0	PASS				391
c174	FT	2	com.alibaba.json.bvt.parser.DefaultExtJSONParser_parseArray#test_7	FAIL	java.lang.AssertionError	expected:<Sun Jan 09 05:49:53 UTC 2011> but was:<Sun Jan 09 13:49:53 UTC 2011>	org.junit.Assert.fail|org.junit.Assert.failNotEquals|org.junit.Assert.assertEquals|org.junit.Assert.assertEquals|com.alibaba.json.bvt.parser.DefaultExtJSONParser_parseArray.test_7|sun.reflect.NativeMethodAccessorImpl.invoke0|sun.reflect.NativeMethodAccessorImpl.invoke|sun.reflect.DelegatingMethodAccessorImpl.invoke|java.lang.reflect.Method.invoke|junit.framework.TestCase.runTest|junit.framework.TestCase.runBare|junit.framework.TestResult$1.protect	14
c175	FT	1	com.alibaba.json.bvt.parser.FeatureParserTest#test_error_0	PASS				325
c175	FT	2	com.alibaba.json.bvt.parser.DefaultExtJSONParser_parseArray#test_7	FAIL	java.lang.AssertionError	expected:<Sun Jan 09 05:49:53 UTC 2011> but was:<Sun Jan 09 13:49:53 UTC 2011>	org.junit.Assert.fail|org.junit.Assert.failNotEquals|org.junit.Assert.assertEquals|org.junit.Assert.assertEquals|com.alibaba.json.bvt.parser.DefaultExtJSONParser_parseArray.test_7|sun.reflect.NativeMethodAccessorImpl.invoke0|sun.reflect.NativeMethodAccessorImpl.invoke|sun.reflect.DelegatingMethodAccessorImpl.invoke|java.lang.reflect.Method.invoke|junit.framework.TestCase.runTest|junit.framework.TestCase.runBare|junit.framework.TestResult$1.protect	23
c176	FT	1	com.alibaba.json.bvt.parser.FeatureParserTest#test_error_1	PASS				341
c176	FT	2	com.alibaba.json.bvt.parser.DefaultExtJSONParser_parseArray#test_7	FAIL	java.lang.AssertionError	expected:<Sun Jan 09 05:49:53 UTC 2011> but was:<Sun Jan 09 13:49:53 UTC 2011>	org.junit.Assert.fail|org.junit.Assert.failNotEquals|org.junit.Assert.assertEquals|org.junit.Assert.assertEquals|com.alibaba.json.bvt.parser.DefaultExtJSONParser_parseArray.test_7|sun.reflect.NativeMethodAccessorImpl.invoke0|sun.reflect.NativeMethodAccessorImpl.invoke|sun.reflect.DelegatingMethodAccessorImpl.invoke|java.lang.reflect.Method.invoke|junit.framework.TestCase.runTest|junit.framework.TestCase.runBare|junit.framework.TestResult$1.protect	13
c177	FT	1	com.alibaba.json.bvt.parser.FeatureParserTest#test_error_2	PASS				317
c177	FT	2	com.alibaba.json.bvt.parser.DefaultExtJSONParser_parseArray#test_7	FAIL	java.lang.AssertionError	expected:<Sun Jan 09 05:49:53 UTC 2011> but was:<Sun Jan 09 13:49:53 UTC 2011>	org.junit.Assert.fail|org.junit.Assert.failNotEquals|org.junit.Assert.assertEquals|org.junit.Assert.assertEquals|com.alibaba.json.bvt.parser.DefaultExtJSONParser_parseArray.test_7|sun.reflect.NativeMethodAccessorImpl.invoke0|sun.reflect.NativeMethodAccessorImpl.invoke|sun.reflect.DelegatingMethodAccessorImpl.invoke|java.lang.reflect.Method.invoke|junit.framework.TestCase.runTest|junit.framework.TestCase.runBare|junit.framework.TestResult$1.protect	22
c178	FT	1	com.alibaba.json.bvt.parser.FeatureTest#test_config	PASS				363
c178	FT	2	com.alibaba.json.bvt.parser.DefaultExtJSONParser_parseArray#test_7	FAIL	java.lang.AssertionError	expected:<Sun Jan 09 05:49:53 UTC 2011> but was:<Sun Jan 09 13:49:53 UTC 2011>	org.junit.Assert.fail|org.junit.Assert.failNotEquals|org.junit.Assert.assertEquals|org.junit.Assert.assertEquals|com.alibaba.json.bvt.parser.DefaultExtJSONParser_parseArray.test_7|sun.reflect.NativeMethodAccessorImpl.invoke0|sun.reflect.NativeMethodAccessorImpl.invoke|sun.reflect.DelegatingMethodAccessorImpl.invoke|java.lang.reflect.Method.invoke|junit.framework.TestCase.runTest|junit.framework.TestCase.runBare|junit.framework.TestResult$1.protect	26
c179	FT	1	com.alibaba.json.bvt.parser.FeatureTest#test_default	PASS				278
c179	FT	2	com.alibaba.json.bvt.parser.DefaultExtJSONParser_parseArray#test_7	FAIL	java.lang.AssertionError	expected:<Sun Jan 09 05:49:53 UTC 2011> but was:<Sun Jan 09 13:49:53 UTC 2011>	org.junit.Assert.fail|org.junit.Assert.failNotEquals|org.junit.Assert.assertEquals|org.junit.Assert.assertEquals|com.alibaba.json.bvt.parser.DefaultExtJSONParser_parseArray.test_7|sun.reflect.NativeMethodAccessorImpl.invoke0|sun.reflect.NativeMethodAccessorImpl.invoke|sun.reflect.DelegatingMethodAccessorImpl.invoke|java.lang.reflect.Method.invoke|junit.framework.TestCase.runTest|junit.framework.TestCase.runBare|junit.framework.TestResult$1.protect	25
c180	FT	1	com.alibaba.json.bvt.parser.InetSocketAddressTest#test_parse	PASS				359
c180	FT	2	com.alibaba.json.bvt.parser.DefaultExtJSONParser_parseArray#test_7	FAIL	java.lang.AssertionError	expected:<Sun Jan 09 05:49:53 UTC 2011> but was:<Sun Jan 09 13:49:53 UTC 2011>	org.junit.Assert.fail|org.junit.Assert.failNotEquals|org.junit.Assert.assertEquals|org.junit.Assert.assertEquals|com.alibaba.json.bvt.parser.DefaultExtJSONParser_parseArray.test_7|sun.reflect.NativeMethodAccessorImpl.invoke0|sun.reflect.NativeMethodAccessorImpl.invoke|sun.reflect.DelegatingMethodAccessorImpl.invoke|java.lang.reflect.Method.invoke|junit.framework.TestCase.runTest|junit.framework.TestCase.runBare|junit.framework.TestResult$1.protect	28
c181	FT	1	com.alibaba.json.bvt.parser.InetSocketAddressTest#test_parse_error	PASS				393
c181	FT	2	com.alibaba.json.bvt.parser.DefaultExtJSONParser_parseArray#test_7	FAIL	java.lang.AssertionError	expected:<Sun Jan 09 05:49:53 UTC 2011> but was:<Sun Jan 09 13:49:53 UTC 2011>	org.junit.Assert.fail|org.junit.Assert.failNotEquals|org.junit.Assert.assertEquals|org.junit.Assert.assertEquals|com.alibaba.json.bvt.parser.DefaultExtJSONParser_parseArray.test_7|sun.reflect.NativeMethodAccessorImpl.invoke0|sun.reflect.NativeMethodAccessorImpl.invoke|sun.reflect.DelegatingMethodAccessorImpl.invoke|java.lang.reflect.Method.invoke|junit.framework.TestCase.runTest|junit.framework.TestCase.runBare|junit.framework.TestResult$1.protect	23
c182	FT	1	com.alibaba.json.bvt.parser.JSONArrayParseTest#test_array	PASS				431
c182	FT	2	com.alibaba.json.bvt.parser.DefaultExtJSONParser_parseArray#test_7	FAIL	java.lang.AssertionError	expected:<Sun Jan 09 05:49:53 UTC 2011> but was:<Sun Jan 09 13:49:53 UTC 2011>	org.junit.Assert.fail|org.junit.Assert.failNotEquals|org.junit.Assert.assertEquals|org.junit.Assert.assertEquals|com.alibaba.json.bvt.parser.DefaultExtJSONParser_parseArray.test_7|sun.reflect.NativeMethodAccessorImpl.invoke0|sun.reflect.NativeMethodAccessorImpl.invoke|sun.reflect.DelegatingMethodAccessorImpl.invoke|java.lang.reflect.Method.invoke|junit.framework.TestCase.runTest|junit.framework.TestCase.runBare|junit.framework.TestResult$1.protect	32
c183	{"a":1,"b":2}
c183	{"a":1,"b":2}
c183	FT	1	com.alibaba.json.bvt.parser.JSONLexerAllowCommentTest#test_0	PASS				434
c183	FT	2	com.alibaba.json.bvt.parser.DefaultExtJSONParser_parseArray#test_7	FAIL	java.lang.AssertionError	expected:<Sun Jan 09 05:49:53 UTC 2011> but was:<Sun Jan 09 13:49:53 UTC 2011>	org.junit.Assert.fail|org.junit.Assert.failNotEquals|org.junit.Assert.assertEquals|org.junit.Assert.assertEquals|com.alibaba.json.bvt.parser.DefaultExtJSONParser_parseArray.test_7|sun.reflect.NativeMethodAccessorImpl.invoke0|sun.reflect.NativeMethodAccessorImpl.invoke|sun.reflect.DelegatingMethodAccessorImpl.invoke|java.lang.reflect.Method.invoke|junit.framework.TestCase.runTest|junit.framework.TestCase.runBare|junit.framework.TestResult$1.protect	18
c184	{"hello":"asafsadf","test":1,"array":["10000sfsaf",100,{"nihao":{"test":"sdfasdf"}}],"object":{"teset":1000}}
c184	FT	1	com.alibaba.json.bvt.parser.JSONLexerAllowCommentTest#test_1	PASS				423
c184	FT	2	com.alibaba.json.bvt.parser.DefaultExtJSONParser_parseArray#test_7	FAIL	java.lang.AssertionError	expected:<Sun Jan 09 05:49:53 UTC 2011> but was:<Sun Jan 09 13:49:53 UTC 2011>	org.junit.Assert.fail|org.junit.Assert.failNotEquals|org.junit.Assert.assertEquals|org.junit.Assert.assertEquals|com.alibaba.json.bvt.parser.DefaultExtJSONParser_parseArray.test_7|sun.reflect.NativeMethodAccessorImpl.invoke0|sun.reflect.NativeMethodAccessorImpl.invoke|sun.reflect.DelegatingMethodAccessorImpl.invoke|java.lang.reflect.Method.invoke|junit.framework.TestCase.runTest|junit.framework.TestCase.runBare|junit.framework.TestResult$1.protect	14
c185	FT	1	com.alibaba.json.bvt.parser.JSONLexerTest#test_0	PASS				368
c185	FT	2	com.alibaba.json.bvt.parser.DefaultExtJSONParser_parseArray#test_7	FAIL	java.lang.AssertionError	expected:<Sun Jan 09 05:49:53 UTC 2011> but was:<Sun Jan 09 13:49:53 UTC 2011>	org.junit.Assert.fail|org.junit.Assert.failNotEquals|org.junit.Assert.assertEquals|org.junit.Assert.assertEquals|com.alibaba.json.bvt.parser.DefaultExtJSONParser_parseArray.test_7|sun.reflect.NativeMethodAccessorImpl.invoke0|sun.reflect.NativeMethodAccessorImpl.invoke|sun.reflect.DelegatingMethodAccessorImpl.invoke|java.lang.reflect.Method.invoke|junit.framework.TestCase.runTest|junit.framework.TestCase.runBare|junit.framework.TestResult$1.protect	22
c186	FT	1	com.alibaba.json.bvt.parser.JSONLexerTest_10#test_a	PASS				355
c186	FT	2	com.alibaba.json.bvt.parser.DefaultExtJSONParser_parseArray#test_7	FAIL	java.lang.AssertionError	expected:<Sun Jan 09 05:49:53 UTC 2011> but was:<Sun Jan 09 13:49:53 UTC 2011>	org.junit.Assert.fail|org.junit.Assert.failNotEquals|org.junit.Assert.assertEquals|org.junit.Assert.assertEquals|com.alibaba.json.bvt.parser.DefaultExtJSONParser_parseArray.test_7|sun.reflect.NativeMethodAccessorImpl.invoke0|sun.reflect.NativeMethodAccessorImpl.invoke|sun.reflect.DelegatingMethodAccessorImpl.invoke|java.lang.reflect.Method.invoke|junit.framework.TestCase.runTest|junit.framework.TestCase.runBare|junit.framework.TestResult$1.protect	19
c187	FT	1	com.alibaba.json.bvt.parser.JSONLexerTest_11#test_a	PASS				422
c187	FT	2	com.alibaba.json.bvt.parser.DefaultExtJSONParser_parseArray#test_7	FAIL	java.lang.AssertionError	expected:<Sun Jan 09 05:49:53 UTC 2011> but was:<Sun Jan 09 13:49:53 UTC 2011>	org.junit.Assert.fail|org.junit.Assert.failNotEquals|org.junit.Assert.assertEquals|org.junit.Assert.assertEquals|com.alibaba.json.bvt.parser.DefaultExtJSONParser_parseArray.test_7|sun.reflect.NativeMethodAccessorImpl.invoke0|sun.reflect.NativeMethodAccessorImpl.invoke|sun.reflect.DelegatingMethodAccessorImpl.invoke|java.lang.reflect.Method.invoke|junit.framework.TestCase.runTest|junit.framework.TestCase.runBare|junit.framework.TestResult$1.protect	21
c188	FT	1	com.alibaba.json.bvt.parser.JSONLexerTest_12#test_a	PASS				410
c188	FT	2	com.alibaba.json.bvt.parser.DefaultExtJSONParser_parseArray#test_7	FAIL	java.lang.AssertionError	expected:<Sun Jan 09 05:49:53 UTC 2011> but was:<Sun Jan 09 13:49:53 UTC 2011>	org.junit.Assert.fail|org.junit.Assert.failNotEquals|org.junit.Assert.assertEquals|org.junit.Assert.assertEquals|com.alibaba.json.bvt.parser.DefaultExtJSONParser_parseArray.test_7|sun.reflect.NativeMethodAccessorImpl.invoke0|sun.reflect.NativeMethodAccessorImpl.invoke|sun.reflect.DelegatingMethodAccessorImpl.invoke|java.lang.reflect.Method.invoke|junit.framework.TestCase.runTest|junit.framework.TestCase.runBare|junit.framework.TestResult$1.protect	34
c189	FT	1	com.alibaba.json.bvt.parser.JSONLexerTest_12#test_error	PASS				363
c189	FT	2	com.alibaba.json.bvt.parser.DefaultExtJSONParser_parseArray#test_7	FAIL	java.lang.AssertionError	expected:<Sun Jan 09 05:49:53 UTC 2011> but was:<Sun Jan 09 13:49:53 UTC 2011>	org.junit.Assert.fail|org.junit.Assert.failNotEquals|org.junit.Assert.assertEquals|org.junit.Assert.assertEquals|com.alibaba.json.bvt.parser.DefaultExtJSONParser_parseArray.test_7|sun.reflect.NativeMethodAccessorImpl.invoke0|sun.reflect.NativeMethodAccessorImpl.invoke|sun.reflect.DelegatingMethodAccessorImpl.invoke|java.lang.reflect.Method.invoke|junit.framework.TestCase.runTest|junit.framework.TestCase.runBare|junit.framework.TestResult$1.protect	19
c190	FT	1	com.alibaba.json.bvt.parser.JSONLexerTest_12#test_error_2	PASS				446
c190	FT	2	com.alibaba.json.bvt.parser.DefaultExtJSONParser_parseArray#test_7	FAIL	java.lang.AssertionError	expected:<Sun Jan 09 05:49:53 UTC 2011> but was:<Sun Jan 09 13:49:53 UTC 2011>	org.junit.Assert.fail|org.junit.Assert.failNotEquals|org.junit.Assert.assertEquals|org.junit.Assert.assertEquals|com.alibaba.json.bvt.parser.DefaultExtJSONParser_parseArray.test_7|sun.reflect.NativeMethodAccessorImpl.invoke0|sun.reflect.NativeMethodAccessorImpl.invoke|sun.reflect.DelegatingMethodAccessorImpl.invoke|java.lang.reflect.Method.invoke|junit.framework.TestCase.runTest|junit.framework.TestCase.runBare|junit.framework.TestResult$1.protect	21
c191	FT	1	com.alibaba.json.bvt.parser.JSONLexerTest_12#test_error_3	PASS				399
c191	FT	2	com.alibaba.json.bvt.parser.DefaultExtJSONParser_parseArray#test_7	FAIL	java.lang.AssertionError	expected:<Sun Jan 09 05:49:53 UTC 2011> but was:<Sun Jan 09 13:49:53 UTC 2011>	org.junit.Assert.fail|org.junit.Assert.failNotEquals|org.junit.Assert.assertEquals|org.junit.Assert.assertEquals|com.alibaba.json.bvt.parser.DefaultExtJSONParser_parseArray.test_7|sun.reflect.NativeMethodAccessorImpl.invoke0|sun.reflect.NativeMethodAccessorImpl.invoke|sun.reflect.DelegatingMethodAccessorImpl.invoke|java.lang.reflect.Method.invoke|junit.framework.TestCase.runTest|junit.framework.TestCase.runBare|junit.framework.TestResult$1.protect	22
c192	FT	1	com.alibaba.json.bvt.parser.JSONLexerTest_13#test_E	PASS				458
c192	FT	2	com.alibaba.json.bvt.parser.DefaultExtJSONParser_parseArray#test_7	FAIL	java.lang.AssertionError	expected:<Sun Jan 09 05:49:53 UTC 2011> but was:<Sun Jan 09 13:49:53 UTC 2011>	org.junit.Assert.fail|org.junit.Assert.failNotEquals|org.junit.Assert.assertEquals|org.junit.Assert.assertEquals|com.alibaba.json.bvt.parser.DefaultExtJSONParser_parseArray.test_7|sun.reflect.NativeMethodAccessorImpl.invoke0|sun.reflect.NativeMethodAccessorImpl.invoke|sun.reflect.DelegatingMethodAccessorImpl.invoke|java.lang.reflect.Method.invoke|junit.framework.TestCase.runTest|junit.framework.TestCase.runBare|junit.framework.TestResult$1.protect	37
c193	FT	1	com.alibaba.json.bvt.parser.JSONLexerTest_13#test_E_minus	PASS				380
c193	FT	2	com.alibaba.json.bvt.parser.DefaultExtJSONParser_parseArray#test_7	FAIL	java.lang.AssertionError	expected:<Sun Jan 09 05:49:53 UTC 2011> but was:<Sun Jan 09 13:49:53 UTC 2011>	org.junit.Assert.fail|org.junit.Assert.failNotEquals|org.junit.Assert.assertEquals|org.junit.Assert.assertEquals|com.alibaba.json.bvt.parser.DefaultExtJSONParser_parseArray.test_7|sun.reflect.NativeMethodAccessorImpl.invoke0|sun.reflect.NativeMethodAccessorImpl.invoke|sun.reflect.DelegatingMethodAccessorImpl.invoke|java.lang.reflect.Method.invoke|junit.framework.TestCase.runTest|junit.framework.TestCase.runBare|junit.framework.TestResult$1.protect	36
c194	FT	1	com.alibaba.json.bvt.parser.JSONLexerTest_13#test_E_plus	PASS				406
c194	FT	2	com.alibaba.json.bvt.parser.DefaultExtJSONParser_parseArray#test_7	FAIL	java.lang.AssertionError	expected:<Sun Jan 09 05:49:53 UTC 2011> but was:<Sun Jan 09 13:49:53 UTC 2011>	org.junit.Assert.fail|org.junit.Assert.failNotEquals|org.junit.Assert.assertEquals|org.junit.Assert.assertEquals|com.alibaba.json.bvt.parser.DefaultExtJSONParser_parseArray.test_7|sun.reflect.NativeMethodAccessorImpl.invoke0|sun.reflect.NativeMethodAccessorImpl.invoke|sun.reflect.DelegatingMethodAccessorImpl.invoke|java.lang.reflect.Method.invoke|junit.framework.TestCase.runTest|junit.framework.TestCase.runBare|junit.framework.TestResult$1.protect	18
c195	FT	1	com.alibaba.json.bvt.parser.JSONLexerTest_13#test_e	PASS				338
c195	FT	2	com.alibaba.json.bvt.parser.DefaultExtJSONParser_parseArray#test_7	FAIL	java.lang.AssertionError	expected:<Sun Jan 09 05:49:53 UTC 2011> but was:<Sun Jan 09 13:49:53 UTC 2011>	org.junit.Assert.fail|org.junit.Assert.failNotEquals|org.junit.Assert.assertEquals|org.junit.Assert.assertEquals|com.alibaba.json.bvt.parser.DefaultExtJSONParser_parseArray.test_7|sun.reflect.NativeMethodAccessorImpl.invoke0|sun.reflect.NativeMethodAccessorImpl.invoke|sun.reflect.DelegatingMethodAccessorImpl.invoke|java.lang.reflect.Method.invoke|junit.framework.TestCase.runTest|junit.framework.TestCase.runBare|junit.framework.TestResult$1.protect	30
c196	FT	1	com.alibaba.json.bvt.parser.JSONLexerTest_13#test_e_minus	PASS				434
c196	FT	2	com.alibaba.json.bvt.parser.DefaultExtJSONParser_parseArray#test_7	FAIL	java.lang.AssertionError	expected:<Sun Jan 09 05:49:53 UTC 2011> but was:<Sun Jan 09 13:49:53 UTC 2011>	org.junit.Assert.fail|org.junit.Assert.failNotEquals|org.junit.Assert.assertEquals|org.junit.Assert.assertEquals|com.alibaba.json.bvt.parser.DefaultExtJSONParser_parseArray.test_7|sun.reflect.NativeMethodAccessorImpl.invoke0|sun.reflect.NativeMethodAccessorImpl.invoke|sun.reflect.DelegatingMethodAccessorImpl.invoke|java.lang.reflect.Method.invoke|junit.framework.TestCase.runTest|junit.framework.TestCase.runBare|junit.framework.TestResult$1.protect	30
c197	FT	1	com.alibaba.json.bvt.parser.JSONLexerTest_13#test_e_plus	PASS				411
c197	FT	2	com.alibaba.json.bvt.parser.DefaultExtJSONParser_parseArray#test_7	FAIL	java.lang.AssertionError	expected:<Sun Jan 09 05:49:53 UTC 2011> but was:<Sun Jan 09 13:49:53 UTC 2011>	org.junit.Assert.fail|org.junit.Assert.failNotEquals|org.junit.Assert.assertEquals|org.junit.Assert.assertEquals|com.alibaba.json.bvt.parser.DefaultExtJSONParser_parseArray.test_7|sun.reflect.NativeMethodAccessorImpl.invoke0|sun.reflect.NativeMethodAccessorImpl.invoke|sun.reflect.DelegatingMethodAccessorImpl.invoke|java.lang.reflect.Method.invoke|junit.framework.TestCase.runTest|junit.framework.TestCase.runBare|junit.framework.TestResult$1.protect	34
c198	FT	1	com.alibaba.json.bvt.parser.JSONLexerTest_13#test_error_3	PASS				372
c198	FT	2	com.alibaba.json.bvt.parser.DefaultExtJSONParser_parseArray#test_7	FAIL	java.lang.AssertionError	expected:<Sun Jan 09 05:49:53 UTC 2011> but was:<Sun Jan 09 13:49:53 UTC 2011>	org.junit.Assert.fail|org.junit.Assert.failNotEquals|org.junit.Assert.assertEquals|org.junit.Assert.assertEquals|com.alibaba.json.bvt.parser.DefaultExtJSONParser_parseArray.test_7|sun.reflect.NativeMethodAccessorImpl.invoke0|sun.reflect.NativeMethodAccessorImpl.invoke|sun.reflect.DelegatingMethodAccessorImpl.invoke|java.lang.reflect.Method.invoke|junit.framework.TestCase.runTest|junit.framework.TestCase.runBare|junit.framework.TestResult$1.protect	27
c199	FT	1	com.alibaba.json.bvt.parser.JSONLexerTest_14#test_e	PASS				391
c199	FT	2	com.alibaba.json.bvt.parser.DefaultExtJSONParser_parseArray#test_7	FAIL	java.lang.AssertionError	expected:<Sun Jan 09 05:49:53 UTC 2011> but was:<Sun Jan 09 13:49:53 UTC 2011>	org.junit.Assert.fail|org.junit.Assert.failNotEquals|org.junit.Assert.assertEquals|org.junit.Assert.assertEquals|com.alibaba.json.bvt.parser.DefaultExtJSONParser_parseArray.test_7|sun.reflect.NativeMethodAccessorImpl.invoke0|sun.reflect.NativeMethodAccessorImpl.invoke|sun.reflect.DelegatingMethodAccessorImpl.invoke|java.lang.reflect.Method.invoke|junit.framework.TestCase.runTest|junit.framework.TestCase.runBare|junit.framework.TestResult$1.protect	20
c200	FT	1	com.alibaba.json.bvt.parser.JSONLexerTest_15#test_e	PASS				304
c200	FT	2	com.alibaba.json.bvt.parser.DefaultExtJSONParser_parseArray#test_7	FAIL	java.lang.AssertionError	expected:<Sun Jan 09 05:49:53 UTC 2011> but was:<Sun Jan 09 13:49:53 UTC 2011>	org.junit.Assert.fail|org.junit.Assert.failNotEquals|org.junit.Assert.assertEquals|org.junit.Assert.assertEquals|com.alibaba.json.bvt.parser.DefaultExtJSONParser_parseArray.test_7|sun.reflect.NativeMethodAccessorImpl.invoke0|sun.reflect.NativeMethodAccessorImpl.invoke|sun.reflect.DelegatingMethodAccessorImpl.invoke|java.lang.reflect.Method.invoke|junit.framework.TestCase.runTest|junit.framework.TestCase.runBare|junit.framework.TestResult$1.protect	19
c201	FT	1	com.alibaba.json.bvt.parser.JSONLexerTest_16#test_0	PASS				410
c201	FT	2	com.alibaba.json.bvt.parser.DefaultExtJSONParser_parseArray#test_7	FAIL	java.lang.AssertionError	expected:<Sun Jan 09 05:49:53 UTC 2011> but was:<Sun Jan 09 13:49:53 UTC 2011>	org.junit.Assert.fail|org.junit.Assert.failNotEquals|org.junit.Assert.assertEquals|org.junit.Assert.assertEquals|com.alibaba.json.bvt.parser.DefaultExtJSONParser_parseArray.test_7|sun.reflect.NativeMethodAccessorImpl.invoke0|sun.reflect.NativeMethodAccessorImpl.invoke|sun.reflect.DelegatingMethodAccessorImpl.invoke|java.lang.reflect.Method.invoke|junit.framework.TestCase.runTest|junit.framework.TestCase.runBare|junit.framework.TestResult$1.protect	13
c202	FT	1	com.alibaba.json.bvt.parser.JSONLexerTest_16#test_1	PASS				328
c202	FT	2	com.alibaba.json.bvt.parser.DefaultExtJSONParser_parseArray#test_7	FAIL	java.lang.AssertionError	expected:<Sun Jan 09 05:49:53 UTC 2011> but was:<Sun Jan 09 13:49:53 UTC 2011>	org.junit.Assert.fail|org.junit.Assert.failNotEquals|org.junit.Assert.assertEquals|org.junit.Assert.assertEquals|com.alibaba.json.bvt.parser.DefaultExtJSONParser_parseArray.test_7|sun.reflect.NativeMethodAccessorImpl.invoke0|sun.reflect.NativeMethodAccessorImpl.invoke|sun.reflect.DelegatingMethodAccessorImpl.invoke|java.lang.reflect.Method.invoke|junit.framework.TestCase.runTest|junit.framework.TestCase.runBare|junit.framework.TestResult$1.protect	27
c203	FT	1	com.alibaba.json.bvt.parser.JSONLexerTest_16#test_10	PASS				413
c203	FT	2	com.alibaba.json.bvt.parser.DefaultExtJSONParser_parseArray#test_7	FAIL	java.lang.AssertionError	expected:<Sun Jan 09 05:49:53 UTC 2011> but was:<Sun Jan 09 13:49:53 UTC 2011>	org.junit.Assert.fail|org.junit.Assert.failNotEquals|org.junit.Assert.assertEquals|org.junit.Assert.assertEquals|com.alibaba.json.bvt.parser.DefaultExtJSONParser_parseArray.test_7|sun.reflect.NativeMethodAccessorImpl.invoke0|sun.reflect.NativeMethodAccessorImpl.invoke|sun.reflect.DelegatingMethodAccessorImpl.invoke|java.lang.reflect.Method.invoke|junit.framework.TestCase.runTest|junit.framework.TestCase.runBare|junit.framework.TestResult$1.protect	42
c204	FT	1	com.alibaba.json.bvt.parser.JSONLexerTest_16#test_2	PASS				315
c204	FT	2	com.alibaba.json.bvt.parser.DefaultExtJSONParser_parseArray#test_7	FAIL	java.lang.AssertionError	expected:<Sun Jan 09 05:49:53 UTC 2011> but was:<Sun Jan 09 13:49:53 UTC 2011>	org.junit.Assert.fail|org.junit.Assert.failNotEquals|org.junit.Assert.assertEquals|org.junit.Assert.assertEquals|com.alibaba.json.bvt.parser.DefaultExtJSONParser_parseArray.test_7|sun.reflect.NativeMethodAccessorImpl.invoke0|sun.reflect.NativeMethodAccessorImpl.invoke|sun.reflect.DelegatingMethodAccessorImpl.invoke|java.lang.reflect.Method.invoke|junit.framework.TestCase.runTest|junit.framework.TestCase.runBare|junit.framework.TestResult$1.protect	19
c205	FT	1	com.alibaba.json.bvt.parser.JSONLexerTest_16#test_3	PASS				283
c205	FT	2	com.alibaba.json.bvt.parser.DefaultExtJSONParser_parseArray#test_7	FAIL	java.lang.AssertionError	expected:<Sun Jan 09 05:49:53 UTC 2011> but was:<Sun Jan 09 13:49:53 UTC 2011>	org.junit.Assert.fail|org.junit.Assert.failNotEquals|org.junit.Assert.assertEquals|org.junit.Assert.assertEquals|com.alibaba.json.bvt.parser.DefaultExtJSONParser_parseArray.test_7|sun.reflect.NativeMethodAccessorImpl.invoke0|sun.reflect.NativeMethodAccessorImpl.invoke|sun.reflect.DelegatingMethodAccessorImpl.invoke|java.lang.reflect.Method.invoke|junit.framework.TestCase.runTest|junit.framework.TestCase.runBare|junit.framework.TestResult$1.protect	13
c206	FT	1	com.alibaba.json.bvt.parser.JSONLexerTest_16#test_39	PASS				345
c206	FT	2	com.alibaba.json.bvt.parser.DefaultExtJSONParser_parseArray#test_7	FAIL	java.lang.AssertionError	expected:<Sun Jan 09 05:49:53 UTC 2011> but was:<Sun Jan 09 13:49:53 UTC 2011>	org.junit.Assert.fail|org.junit.Assert.failNotEquals|org.junit.Assert.assertEquals|org.junit.Assert.assertEquals|com.alibaba.json.bvt.parser.DefaultExtJSONParser_parseArray.test_7|sun.reflect.NativeMethodAccessorImpl.invoke0|sun.reflect.NativeMethodAccessorImpl.invoke|sun.reflect.DelegatingMethodAccessorImpl.invoke|java.lang.reflect.Method.invoke|junit.framework.TestCase.runTest|junit.framework.TestCase.runBare|junit.framework.TestResult$1.protect	23
c207	FT	1	com.alibaba.json.bvt.parser.JSONLexerTest_16#test_4	PASS				373
c207	FT	2	com.alibaba.json.bvt.parser.DefaultExtJSONParser_parseArray#test_7	FAIL	java.lang.AssertionError	expected:<Sun Jan 09 05:49:53 UTC 2011> but was:<Sun Jan 09 13:49:53 UTC 2011>	org.junit.Assert.fail|org.junit.Assert.failNotEquals|org.junit.Assert.assertEquals|org.junit.Assert.assertEquals|com.alibaba.json.bvt.parser.DefaultExtJSONParser_parseArray.test_7|sun.reflect.NativeMethodAccessorImpl.invoke0|sun.reflect.NativeMethodAccessorImpl.invoke|sun.reflect.DelegatingMethodAccessorImpl.invoke|java.lang.reflect.Method.invoke|junit.framework.TestCase.runTest|junit.framework.TestCase.runBare|junit.framework.TestResult$1.protect	29
c208	FT	1	com.alibaba.json.bvt.parser.JSONLexerTest_16#test_40	PASS				299
c208	FT	2	com.alibaba.json.bvt.parser.DefaultExtJSONParser_parseArray#test_7	FAIL	java.lang.AssertionError	expected:<Sun Jan 09 05:49:53 UTC 2011> but was:<Sun Jan 09 13:49:53 UTC 2011>	org.junit.Assert.fail|org.junit.Assert.failNotEquals|org.junit.Assert.assertEquals|org.junit.Assert.assertEquals|com.alibaba.json.bvt.parser.DefaultExtJSONParser_parseArray.test_7|sun.reflect.NativeMethodAccessorImpl.invoke0|sun.reflect.NativeMethodAccessorImpl.invoke|sun.reflect.DelegatingMethodAccessorImpl.invoke|java.lang.reflect.Method.invoke|junit.framework.TestCase.runTest|junit.framework.TestCase.runBare|junit.framework.TestResult$1.protect	14
c209	FT	1	com.alibaba.json.bvt.parser.JSONLexerTest_16#test_5	PASS				331
c209	FT	2	com.alibaba.json.bvt.parser.DefaultExtJSONParser_parseArray#test_7	FAIL	java.lang.AssertionError	expected:<Sun Jan 09 05:49:53 UTC 2011> but was:<Sun Jan 09 13:49:53 UTC 2011>	org.junit.Assert.fail|org.junit.Assert.failNotEquals|org.junit.Assert.assertEquals|org.junit.Assert.assertEquals|com.alibaba.json.bvt.parser.DefaultExtJSONParser_parseArray.test_7|sun.reflect.NativeMethodAccessorImpl.invoke0|sun.reflect.NativeMethodAccessorImpl.invoke|sun.reflect.DelegatingMethodAccessorImpl.invoke|java.lang.reflect.Method.invoke|junit.framework.TestCase.runTest|junit.framework.TestCase.runBare|junit.framework.TestResult$1.protect	13
c210	FT	1	com.alibaba.json.bvt.parser.JSONLexerTest_16#test_6	PASS				402
c210	FT	2	com.alibaba.json.bvt.parser.DefaultExtJSONParser_parseArray#test_7	FAIL	java.lang.AssertionError	expected:<Sun Jan 09 05:49:53 UTC 2011> but was:<Sun Jan 09 13:49:53 UTC 2011>	org.junit.Assert.fail|org.junit.Assert.failNotEquals|org.junit.Assert.assertEquals|org.junit.Assert.assertEquals|com.alibaba.json.bvt.parser.DefaultExtJSONParser_parseArray.test_7|sun.reflect.NativeMethodAccessorImpl.invoke0|sun.reflect.NativeMethodAccessorImpl.invoke|sun.reflect.DelegatingMethodAccessorImpl.invoke|java.lang.reflect.Method.invoke|junit.framework.TestCase.runTest|junit.framework.TestCase.runBare|junit.framework.TestResult$1.protect	16
c211	FT	1	com.alibaba.json.bvt.parser.JSONLexerTest_16#test_7	PASS				313
c211	FT	2	com.alibaba.json.bvt.parser.DefaultExtJSONParser_parseArray#test_7	FAIL	java.lang.AssertionError	expected:<Sun Jan 09 05:49:53 UTC 2011> but was:<Sun Jan 09 13:49:53 UTC 2011>	org.junit.Assert.fail|org.junit.Assert.failNotEquals|org.junit.Assert.assertEquals|org.junit.Assert.assertEquals|com.alibaba.json.bvt.parser.DefaultExtJSONParser_parseArray.test_7|sun.reflect.NativeMethodAccessorImpl.invoke0|sun.reflect.NativeMethodAccessorImpl.invoke|sun.reflect.DelegatingMethodAccessorImpl.invoke|java.lang.reflect.Method.invoke|junit.framework.TestCase.runTest|junit.framework.TestCase.runBare|junit.framework.TestResult$1.protect	15
c212	FT	1	com.alibaba.json.bvt.parser.JSONLexerTest_16#test_8	PASS				334
c212	FT	2	com.alibaba.json.bvt.parser.DefaultExtJSONParser_parseArray#test_7	FAIL	java.lang.AssertionError	expected:<Sun Jan 09 05:49:53 UTC 2011> but was:<Sun Jan 09 13:49:53 UTC 2011>	org.junit.Assert.fail|org.junit.Assert.failNotEquals|org.junit.Assert.assertEquals|org.junit.Assert.assertEquals|com.alibaba.json.bvt.parser.DefaultExtJSONParser_parseArray.test_7|sun.reflect.NativeMethodAccessorImpl.invoke0|sun.reflect.NativeMethodAccessorImpl.invoke|sun.reflect.DelegatingMethodAccessorImpl.invoke|java.lang.reflect.Method.invoke|junit.framework.TestCase.runTest|junit.framework.TestCase.runBare|junit.framework.TestResult$1.protect	19
c213	FT	1	com.alibaba.json.bvt.parser.JSONLexerTest_16#test_9	PASS				352
c213	FT	2	com.alibaba.json.bvt.parser.DefaultExtJSONParser_parseArray#test_7	FAIL	java.lang.AssertionError	expected:<Sun Jan 09 05:49:53 UTC 2011> but was:<Sun Jan 09 13:49:53 UTC 2011>	org.junit.Assert.fail|org.junit.Assert.failNotEquals|org.junit.Assert.assertEquals|org.junit.Assert.assertEquals|com.alibaba.json.bvt.parser.DefaultExtJSONParser_parseArray.test_7|sun.reflect.NativeMethodAccessorImpl.invoke0|sun.reflect.NativeMethodAccessorImpl.invoke|sun.reflect.DelegatingMethodAccessorImpl.invoke|java.lang.reflect.Method.invoke|junit.framework.TestCase.runTest|junit.framework.TestCase.runBare|junit.framework.TestResult$1.protect	19
c214	FT	1	com.alibaba.json.bvt.parser.JSONLexerTest_2#test_0	PASS				348
c214	FT	2	com.alibaba.json.bvt.parser.DefaultExtJSONParser_parseArray#test_7	FAIL	java.lang.AssertionError	expected:<Sun Jan 09 05:49:53 UTC 2011> but was:<Sun Jan 09 13:49:53 UTC 2011>	org.junit.Assert.fail|org.junit.Assert.failNotEquals|org.junit.Assert.assertEquals|org.junit.Assert.assertEquals|com.alibaba.json.bvt.parser.DefaultExtJSONParser_parseArray.test_7|sun.reflect.NativeMethodAccessorImpl.invoke0|sun.reflect.NativeMethodAccessorImpl.invoke|sun.reflect.DelegatingMethodAccessorImpl.invoke|java.lang.reflect.Method.invoke|junit.framework.TestCase.runTest|junit.framework.TestCase.runBare|junit.framework.TestResult$1.protect	15
c215	FT	1	com.alibaba.json.bvt.parser.JSONLexerTest_2#test_1	PASS				379
c215	FT	2	com.alibaba.json.bvt.parser.DefaultExtJSONParser_parseArray#test_7	FAIL	java.lang.AssertionError	expected:<Sun Jan 09 05:49:53 UTC 2011> but was:<Sun Jan 09 13:49:53 UTC 2011>	org.junit.Assert.fail|org.junit.Assert.failNotEquals|org.junit.Assert.assertEquals|org.junit.Assert.assertEquals|com.alibaba.json.bvt.parser.DefaultExtJSONParser_parseArray.test_7|sun.reflect.NativeMethodAccessorImpl.invoke0|sun.reflect.NativeMethodAccessorImpl.invoke|sun.reflect.DelegatingMethodAccessorImpl.invoke|java.lang.reflect.Method.invoke|junit.framework.TestCase.runTest|junit.framework.TestCase.runBare|junit.framework.TestResult$1.protect	39
c216	FT	1	com.alibaba.json.bvt.parser.JSONLexerTest_2#test_2	PASS				322
c216	FT	2	com.alibaba.json.bvt.parser.DefaultExtJSONParser_parseArray#test_7	FAIL	java.lang.AssertionError	expected:<Sun Jan 09 05:49:53 UTC 2011> but was:<Sun Jan 09 13:49:53 UTC 2011>	org.junit.Assert.fail|org.junit.Assert.failNotEquals|org.junit.Assert.assertEquals|org.junit.Assert.assertEquals|com.alibaba.json.bvt.parser.DefaultExtJSONParser_parseArray.test_7|sun.reflect.NativeMethodAccessorImpl.invoke0|sun.reflect.NativeMethodAccessorImpl.invoke|sun.reflect.DelegatingMethodAccessorImpl.invoke|java.lang.reflect.Method.invoke|junit.framework.TestCase.runTest|junit.framework.TestCase.runBare|junit.framework.TestResult$1.protect	28
c217	FT	1	com.alibaba.json.bvt.parser.JSONLexerTest_2#test_a	PASS				386
c217	FT	2	com.alibaba.json.bvt.parser.DefaultExtJSONParser_parseArray#test_7	FAIL	java.lang.AssertionError	expected:<Sun Jan 09 05:49:53 UTC 2011> but was:<Sun Jan 09 13:49:53 UTC 2011>	org.junit.Assert.fail|org.junit.Assert.failNotEquals|org.junit.Assert.assertEquals|org.junit.Assert.assertEquals|com.alibaba.json.bvt.parser.DefaultExtJSONParser_parseArray.test_7|sun.reflect.NativeMethodAccessorImpl.invoke0|sun.reflect.NativeMethodAccessorImpl.invoke|sun.reflect.DelegatingMethodAccessorImpl.invoke|java.lang.reflect.Method.invoke|junit.framework.TestCase.runTest|junit.framework.TestCase.runBare|junit.framework.TestResult$1.protect	15
c218	FT	1	com.alibaba.json.bvt.parser.JSONLexerTest_2#test_error	PASS				409
c218	FT	2	com.alibaba.json.bvt.parser.DefaultExtJSONParser_parseArray#test_7	FAIL	java.lang.AssertionError	expected:<Sun Jan 09 05:49:53 UTC 2011> but was:<Sun Jan 09 13:49:53 UTC 2011>	org.junit.Assert.fail|org.junit.Assert.failNotEquals|org.junit.Assert.assertEquals|org.junit.Assert.assertEquals|com.alibaba.json.bvt.parser.DefaultExtJSONParser_parseArray.test_7|sun.reflect.NativeMethodAccessorImpl.invoke0|sun.reflect.NativeMethodAccessorImpl.invoke|sun.reflect.DelegatingMethodAccessorImpl.invoke|java.lang.reflect.Method.invoke|junit.framework.TestCase.runTest|junit.framework.TestCase.runBare|junit.framework.TestResult$1.protect	15
c219	FT	1	com.alibaba.json.bvt.parser.JSONLexerTest_2#test_list	PASS				412
c219	FT	2	com.alibaba.json.bvt.parser.DefaultExtJSONParser_parseArray#test_7	FAIL	java.lang.AssertionError	expected:<Sun Jan 09 05:49:53 UTC 2011> but was:<Sun Jan 09 13:49:53 UTC 2011>	org.junit.Assert.fail|org.junit.Assert.failNotEquals|org.junit.Assert.assertEquals|org.junit.Assert.assertEquals|com.alibaba.json.bvt.parser.DefaultExtJSONParser_parseArray.test_7|sun.reflect.NativeMethodAccessorImpl.invoke0|sun.reflect.NativeMethodAccessorImpl.invoke|sun.reflect.DelegatingMethodAccessorImpl.invoke|java.lang.reflect.Method.invoke|junit.framework.TestCase.runTest|junit.framework.TestCase.runBare|junit.framework.TestResult$1.protect	44
c220	FT	1	com.alibaba.json.bvt.parser.JSONLexerTest_2#test_list_2	PASS				347
c220	FT	2	com.alibaba.json.bvt.parser.DefaultExtJSONParser_parseArray#test_7	FAIL	java.lang.AssertionError	expected:<Sun Jan 09 05:49:53 UTC 2011> but was:<Sun Jan 09 13:49:53 UTC 2011>	org.junit.Assert.fail|org.junit.Assert.failNotEquals|org.junit.Assert.assertEquals|org.junit.Assert.assertEquals|com.alibaba.json.bvt.parser.DefaultExtJSONParser_parseArray.test_7|sun.reflect.NativeMethodAccessorImpl.invoke0|sun.reflect.NativeMethodAccessorImpl.invoke|sun.reflect.DelegatingMethodAccessorImpl.invoke|java.lang.reflect.Method.invoke|junit.framework.TestCase.runTest|junit.framework.TestCase.runBare|junit.framework.TestResult$1.protect	27
c221	FT	1	com.alibaba.json.bvt.parser.JSONLexerTest_3#test_matchField	PASS				412
c221	FT	2	com.alibaba.json.bvt.parser.DefaultExtJSONParser_parseArray#test_7	FAIL	java.lang.AssertionError	expected:<Sun Jan 09 05:49:53 UTC 2011> but was:<Sun Jan 09 13:49:53 UTC 2011>	org.junit.Assert.fail|org.junit.Assert.failNotEquals|org.junit.Assert.assertEquals|org.junit.Assert.assertEquals|com.alibaba.json.bvt.parser.DefaultExtJSONParser_parseArray.test_7|sun.reflect.NativeMethodAccessorImpl.invoke0|sun.reflect.NativeMethodAccessorImpl.invoke|sun.reflect.DelegatingMethodAccessorImpl.invoke|java.lang.reflect.Method.invoke|junit.framework.TestCase.runTest|junit.framework.TestCase.runBare|junit.framework.TestResult$1.protect	29
c222	FT	1	com.alibaba.json.bvt.parser.JSONLexerTest_4#test_scanFieldString	PASS				318
c222	FT	2	com.alibaba.json.bvt.parser.DefaultExtJSONParser_parseArray#test_7	FAIL	java.lang.AssertionError	expected:<Sun Jan 09 05:49:53 UTC 2011> but was:<Sun Jan 09 13:49:53 UTC 2011>	org.junit.Assert.fail|org.junit.Assert.failNotEquals|org.junit.Assert.assertEquals|org.junit.Assert.assertEquals|com.alibaba.json.bvt.parser.DefaultExtJSONParser_parseArray.test_7|sun.reflect.NativeMethodAccessorImpl.invoke0|sun.reflect.NativeMethodAccessorImpl.invoke|sun.reflect.DelegatingMethodAccessorImpl.invoke|java.lang.reflect.Method.invoke|junit.framework.TestCase.runTest|junit.framework.TestCase.runBare|junit.framework.TestResult$1.protect	17
c223	FT	1	com.alibaba.json.bvt.parser.JSONLexerTest_5#test_scanFieldString	PASS				435
c223	FT	2	com.alibaba.json.bvt.parser.DefaultExtJSONParser_parseArray#test_7	FAIL	java.lang.AssertionError	expected:<Sun Jan 09 05:49:53 UTC 2011> but was:<Sun Jan 09 13:49:53 UTC 2011>	org.junit.Assert.fail|org.junit.Assert.failNotEquals|org.junit.Assert.assertEquals|org.junit.Assert.assertEquals|com.alibaba.json.bvt.parser.DefaultExtJSONParser_parseArray.test_7|sun.reflect.NativeMethodAccessorImpl.invoke0|sun.reflect.NativeMethodAccessorImpl.invoke|sun.reflect.DelegatingMethodAccessorImpl.invoke|java.lang.reflect.Method.invoke|junit.framework.TestCase.runTest|junit.framework.TestCase.runBare|junit.framework.TestResult$1.protect	20
c224	FT	1	com.alibaba.json.bvt.parser.JSONLexerTest_6#test_scanFieldString	PASS				424
c224	FT	2	com.alibaba.json.bvt.parser.DefaultExtJSONParser_parseArray#test_7	FAIL	java.lang.AssertionError	expected:<Sun Jan 09 05:49:53 UTC 2011> but was:<Sun Jan 09 13:49:53 UTC 2011>	org.junit.Assert.fail|org.junit.Assert.failNotEquals|org.junit.Assert.assertEquals|org.junit.Assert.assertEquals|com.alibaba.json.bvt.parser.DefaultExtJSONParser_parseArray.test_7|sun.reflect.NativeMethodAccessorImpl.invoke0|sun.reflect.NativeMethodAccessorImpl.invoke|sun.reflect.DelegatingMethodAccessorImpl.invoke|java.lang.reflect.Method.invoke|junit.framework.TestCase.runTest|junit.framework.TestCase.runBare|junit.framework.TestResult$1.protect	17
c225	FT	1	com.alibaba.json.bvt.parser.JSONLexerTest_7#test_error	PASS				346
c225	FT	2	com.alibaba.json.bvt.parser.DefaultExtJSONParser_parseArray#test_7	FAIL	java.lang.AssertionError	expected:<Sun Jan 09 05:49:53 UTC 2011> but was:<Sun Jan 09 13:49:53 UTC 2011>	org.junit.Assert.fail|org.junit.Assert.failNotEquals|org.junit.Assert.assertEquals|org.junit.Assert.assertEquals|com.alibaba.json.bvt.parser.DefaultExtJSONParser_parseArray.test_7|sun.reflect.NativeMethodAccessorImpl.invoke0|sun.reflect.NativeMethodAccessorImpl.invoke|sun.reflect.DelegatingMethodAccessorImpl.invoke|java.lang.reflect.Method.invoke|junit.framework.TestCase.runTest|junit.framework.TestCase.runBare|junit.framework.TestResult$1.protect	20
c226	FT	1	com.alibaba.json.bvt.parser.JSONLexerTest_7#test_error_1	PASS				346
c226	FT	2	com.alibaba.json.bvt.parser.DefaultExtJSONParser_parseArray#test_7	FAIL	java.lang.AssertionError	expected:<Sun Jan 09 05:49:53 UTC 2011> but was:<Sun Jan 09 13:49:53 UTC 2011>	org.junit.Assert.fail|org.junit.Assert.failNotEquals|org.junit.Assert.assertEquals|org.junit.Assert.assertEquals|com.alibaba.json.bvt.parser.DefaultExtJSONParser_parseArray.test_7|sun.reflect.NativeMethodAccessorImpl.invoke0|sun.reflect.NativeMethodAccessorImpl.invoke|sun.reflect.DelegatingMethodAccessorImpl.invoke|java.lang.reflect.Method.invoke|junit.framework.TestCase.runTest|junit.framework.TestCase.runBare|junit.framework.TestResult$1.protect	32
c227	FT	1	com.alibaba.json.bvt.parser.JSONLexerTest_7#test_error_2	PASS				389
c227	FT	2	com.alibaba.json.bvt.parser.DefaultExtJSONParser_parseArray#test_7	FAIL	java.lang.AssertionError	expected:<Sun Jan 09 05:49:53 UTC 2011> but was:<Sun Jan 09 13:49:53 UTC 2011>	org.junit.Assert.fail|org.junit.Assert.failNotEquals|org.junit.Assert.assertEquals|org.junit.Assert.assertEquals|com.alibaba.json.bvt.parser.DefaultExtJSONParser_parseArray.test_7|sun.reflect.NativeMethodAccessorImpl.invoke0|sun.reflect.NativeMethodAccessorImpl.invoke|sun.reflect.DelegatingMethodAccessorImpl.invoke|java.lang.reflect.Method.invoke|junit.framework.TestCase.runTest|junit.framework.TestCase.runBare|junit.framework.TestResult$1.protect	20
c228	FT	1	com.alibaba.json.bvt.parser.JSONLexerTest_7#test_error_3	PASS				366
c228	FT	2	com.alibaba.json.bvt.parser.DefaultExtJSONParser_parseArray#test_7	FAIL	java.lang.AssertionError	expected:<Sun Jan 09 05:49:53 UTC 2011> but was:<Sun Jan 09 13:49:53 UTC 2011>	org.junit.Assert.fail|org.junit.Assert.failNotEquals|org.junit.Assert.assertEquals|org.junit.Assert.assertEquals|com.alibaba.json.bvt.parser.DefaultExtJSONParser_parseArray.test_7|sun.reflect.NativeMethodAccessorImpl.invoke0|sun.reflect.NativeMethodAccessorImpl.invoke|sun.reflect.DelegatingMethodAccessorImpl.invoke|java.lang.reflect.Method.invoke|junit.framework.TestCase.runTest|junit.framework.TestCase.runBare|junit.framework.TestResult$1.protect	13
c229	FT	1	com.alibaba.json.bvt.parser.JSONLexerTest_7#test_error_4	PASS				335
c229	FT	2	com.alibaba.json.bvt.parser.DefaultExtJSONParser_parseArray#test_7	FAIL	java.lang.AssertionError	expected:<Sun Jan 09 05:49:53 UTC 2011> but was:<Sun Jan 09 13:49:53 UTC 2011>	org.junit.Assert.fail|org.junit.Assert.failNotEquals|org.junit.Assert.assertEquals|org.junit.Assert.assertEquals|com.alibaba.json.bvt.parser.DefaultExtJSONParser_parseArray.test_7|sun.reflect.NativeMethodAccessorImpl.invoke0|sun.reflect.NativeMethodAccessorImpl.invoke|sun.reflect.DelegatingMethodAccessorImpl.invoke|java.lang.reflect.Method.invoke|junit.framework.TestCase.runTest|junit.framework.TestCase.runBare|junit.framework.TestResult$1.protect	20
c230	FT	1	com.alibaba.json.bvt.parser.JSONLexerTest_7#test_error_5	PASS				311
c230	FT	2	com.alibaba.json.bvt.parser.DefaultExtJSONParser_parseArray#test_7	FAIL	java.lang.AssertionError	expected:<Sun Jan 09 05:49:53 UTC 2011> but was:<Sun Jan 09 13:49:53 UTC 2011>	org.junit.Assert.fail|org.junit.Assert.failNotEquals|org.junit.Assert.assertEquals|org.junit.Assert.assertEquals|com.alibaba.json.bvt.parser.DefaultExtJSONParser_parseArray.test_7|sun.reflect.NativeMethodAccessorImpl.invoke0|sun.reflect.NativeMethodAccessorImpl.invoke|sun.reflect.DelegatingMethodAccessorImpl.invoke|java.lang.reflect.Method.invoke|junit.framework.TestCase.runTest|junit.framework.TestCase.runBare|junit.framework.TestResult$1.protect	30
c231	FT	1	com.alibaba.json.bvt.parser.JSONLexerTest_7#test_error_6	PASS				364
c231	FT	2	com.alibaba.json.bvt.parser.DefaultExtJSONParser_parseArray#test_7	FAIL	java.lang.AssertionError	expected:<Sun Jan 09 05:49:53 UTC 2011> but was:<Sun Jan 09 13:49:53 UTC 2011>	org.junit.Assert.fail|org.junit.Assert.failNotEquals|org.junit.Assert.assertEquals|org.junit.Assert.assertEquals|com.alibaba.json.bvt.parser.DefaultExtJSONParser_parseArray.test_7|sun.reflect.NativeMethodAccessorImpl.invoke0|sun.reflect.NativeMethodAccessorImpl.invoke|sun.reflect.DelegatingMethodAccessorImpl.invoke|java.lang.reflect.Method.invoke|junit.framework.TestCase.runTest|junit.framework.TestCase.runBare|junit.framework.TestResult$1.protect	22
c232	FT	1	com.alibaba.json.bvt.parser.JSONLexerTest_7#test_error_7	PASS				387
c232	FT	2	com.alibaba.json.bvt.parser.DefaultExtJSONParser_parseArray#test_7	FAIL	java.lang.AssertionError	expected:<Sun Jan 09 05:49:53 UTC 2011> but was:<Sun Jan 09 13:49:53 UTC 2011>	org.junit.Assert.fail|org.junit.Assert.failNotEquals|org.junit.Assert.assertEquals|org.junit.Assert.assertEquals|com.alibaba.json.bvt.parser.DefaultExtJSONParser_parseArray.test_7|sun.reflect.NativeMethodAccessorImpl.invoke0|sun.reflect.NativeMethodAccessorImpl.invoke|sun.reflect.DelegatingMethodAccessorImpl.invoke|java.lang.reflect.Method.invoke|junit.framework.TestCase.runTest|junit.framework.TestCase.runBare|junit.framework.TestResult$1.protect	19
c233	FT	1	com.alibaba.json.bvt.parser.JSONLexerTest_7#test_treeSet	PASS				323
c233	FT	2	com.alibaba.json.bvt.parser.DefaultExtJSONParser_parseArray#test_7	FAIL	java.lang.AssertionError	expected:<Sun Jan 09 05:49:53 UTC 2011> but was:<Sun Jan 09 13:49:53 UTC 2011>	org.junit.Assert.fail|org.junit.Assert.failNotEquals|org.junit.Assert.assertEquals|org.junit.Assert.assertEquals|com.alibaba.json.bvt.parser.DefaultExtJSONParser_parseArray.test_7|sun.reflect.NativeMethodAccessorImpl.invoke0|sun.reflect.NativeMethodAccessorImpl.invoke|sun.reflect.DelegatingMethodAccessorImpl.invoke|java.lang.reflect.Method.invoke|junit.framework.TestCase.runTest|junit.framework.TestCase.runBare|junit.framework.TestResult$1.protect	25
c234	FT	1	com.alibaba.json.bvt.parser.JSONLexerTest_8#test_ident	PASS				131
c234	FT	2	com.alibaba.json.bvt.parser.DefaultExtJSONParser_parseArray#test_7	FAIL	java.lang.AssertionError	expected:<Sun Jan 09 05:49:53 UTC 2011> but was:<Sun Jan 09 13:49:53 UTC 2011>	org.junit.Assert.fail|org.junit.Assert.failNotEquals|org.junit.Assert.assertEquals|org.junit.Assert.assertEquals|com.alibaba.json.bvt.parser.DefaultExtJSONParser_parseArray.test_7|sun.reflect.NativeMethodAccessorImpl.invoke0|sun.reflect.NativeMethodAccessorImpl.invoke|sun.reflect.DelegatingMethodAccessorImpl.invoke|java.lang.reflect.Method.invoke|junit.framework.TestCase.runTest|junit.framework.TestCase.runBare|junit.framework.TestResult$1.protect	170
c235	FT	1	com.alibaba.json.bvt.parser.JSONLexerTest_8#test_ident_2	PASS				151
c235	FT	2	com.alibaba.json.bvt.parser.DefaultExtJSONParser_parseArray#test_7	FAIL	java.lang.AssertionError	expected:<Sun Jan 09 05:49:53 UTC 2011> but was:<Sun Jan 09 13:49:53 UTC 2011>	org.junit.Assert.fail|org.junit.Assert.failNotEquals|org.junit.Assert.assertEquals|org.junit.Assert.assertEquals|com.alibaba.json.bvt.parser.DefaultExtJSONParser_parseArray.test_7|sun.reflect.NativeMethodAccessorImpl.invoke0|sun.reflect.NativeMethodAccessorImpl.invoke|sun.reflect.DelegatingMethodAccessorImpl.invoke|java.lang.reflect.Method.invoke|junit.framework.TestCase.runTest|junit.framework.TestCase.runBare|junit.framework.TestResult$1.protect	190
c236	FT	1	com.alibaba.json.bvt.parser.JSONLexerTest_8#test_ident_3	PASS				185
c236	FT	2	com.alibaba.json.bvt.parser.DefaultExtJSONParser_parseArray#test_7	FAIL	java.lang.AssertionError	expected:<Sun Jan 09 05:49:53 UTC 2011> but was:<Sun Jan 09 13:49:53 UTC 2011>	org.junit.Assert.fail|org.junit.Assert.failNotEquals|org.junit.Assert.assertEquals|org.junit.Assert.assertEquals|com.alibaba.json.bvt.parser.DefaultExtJSONParser_parseArray.test_7|sun.reflect.NativeMethodAccessorImpl.invoke0|sun.reflect.NativeMethodAccessorImpl.invoke|sun.reflect.DelegatingMethodAccessorImpl.invoke|java.lang.reflect.Method.invoke|junit.framework.TestCase.runTest|junit.framework.TestCase.runBare|junit.framework.TestResult$1.protect	210
c237	FT	1	com.alibaba.json.bvt.parser.JSONLexerTest_9#test_a	PASS				359
c237	FT	2	com.alibaba.json.bvt.parser.DefaultExtJSONParser_parseArray#test_7	FAIL	java.lang.AssertionError	expected:<Sun Jan 09 05:49:53 UTC 2011> but was:<Sun Jan 09 13:49:53 UTC 2011>	org.junit.Assert.fail|org.junit.Assert.failNotEquals|org.junit.Assert.assertEquals|org.junit.Assert.assertEquals|com.alibaba.json.bvt.parser.DefaultExtJSONParser_parseArray.test_7|sun.reflect.NativeMethodAccessorImpl.invoke0|sun.reflect.NativeMethodAccessorImpl.invoke|sun.reflect.DelegatingMethodAccessorImpl.invoke|java.lang.reflect.Method.invoke|junit.framework.TestCase.runTest|junit.framework.TestCase.runBare|junit.framework.TestResult$1.protect	32
c238	FT	1	com.alibaba.json.bvt.parser.JSONLexerTest_9#test_b	PASS				320
c238	FT	2	com.alibaba.json.bvt.parser.DefaultExtJSONParser_parseArray#test_7	FAIL	java.lang.AssertionError	expected:<Sun Jan 09 05:49:53 UTC 2011> but was:<Sun Jan 09 13:49:53 UTC 2011>	org.junit.Assert.fail|org.junit.Assert.failNotEquals|org.junit.Assert.assertEquals|org.junit.Assert.assertEquals|com.alibaba.json.bvt.parser.DefaultExtJSONParser_parseArray.test_7|sun.reflect.NativeMethodAccessorImpl.invoke0|sun.reflect.NativeMethodAccessorImpl.invoke|sun.reflect.DelegatingMethodAccessorImpl.invoke|java.lang.reflect.Method.invoke|junit.framework.TestCase.runTest|junit.framework.TestCase.runBare|junit.framework.TestResult$1.protect	17
c239	FT	1	com.alibaba.json.bvt.parser.JSONLexerTest_9#test_ident	PASS				341
c239	FT	2	com.alibaba.json.bvt.parser.DefaultExtJSONParser_parseArray#test_7	FAIL	java.lang.AssertionError	expected:<Sun Jan 09 05:49:53 UTC 2011> but was:<Sun Jan 09 13:49:53 UTC 2011>	org.junit.Assert.fail|org.junit.Assert.failNotEquals|org.junit.Assert.assertEquals|org.junit.Assert.assertEquals|com.alibaba.json.bvt.parser.DefaultExtJSONParser_parseArray.test_7|sun.reflect.NativeMethodAccessorImpl.invoke0|sun.reflect.NativeMethodAccessorImpl.invoke|sun.reflect.DelegatingMethodAccessorImpl.invoke|java.lang.reflect.Method.invoke|junit.framework.TestCase.runTest|junit.framework.TestCase.runBare|junit.framework.TestResult$1.protect	25
c240	FT	1	com.alibaba.json.bvt.parser.JSONLexerTest_9#test_value	PASS				427
c240	FT	2	com.alibaba.json.bvt.parser.DefaultExtJSONParser_parseArray#test_7	FAIL	java.lang.AssertionError	expected:<Sun Jan 09 05:49:53 UTC 2011> but was:<Sun Jan 09 13:49:53 UTC 2011>	org.junit.Assert.fail|org.junit.Assert.failNotEquals|org.junit.Assert.assertEquals|org.junit.Assert.assertEquals|com.alibaba.json.bvt.parser.DefaultExtJSONParser_parseArray.test_7|sun.reflect.NativeMethodAccessorImpl.invoke0|sun.reflect.NativeMethodAccessorImpl.invoke|sun.reflect.DelegatingMethodAccessorImpl.invoke|java.lang.reflect.Method.invoke|junit.framework.TestCase.runTest|junit.framework.TestCase.runBare|junit.framework.TestResult$1.protect	29
c241	FT	1	com.alibaba.json.bvt.parser.JSONLexerTest_9#test_value2	PASS				410
c241	FT	2	com.alibaba.json.bvt.parser.DefaultExtJSONParser_parseArray#test_7	FAIL	java.lang.AssertionError	expected:<Sun Jan 09 05:49:53 UTC 2011> but was:<Sun Jan 09 13:49:53 UTC 2011>	org.junit.Assert.fail|org.junit.Assert.failNotEquals|org.junit.Assert.assertEquals|org.junit.Assert.assertEquals|com.alibaba.json.bvt.parser.DefaultExtJSONParser_parseArray.test_7|sun.reflect.NativeMethodAccessorImpl.invoke0|sun.reflect.NativeMethodAccessorImpl.invoke|sun.reflect.DelegatingMethodAccessorImpl.invoke|java.lang.reflect.Method.invoke|junit.framework.TestCase.runTest|junit.framework.TestCase.runBare|junit.framework.TestResult$1.protect	24
c242	FT	1	com.alibaba.json.bvt.parser.JSONLexerTest_set#test_error	PASS				322
c242	FT	2	com.alibaba.json.bvt.parser.DefaultExtJSONParser_parseArray#test_7	FAIL	java.lang.AssertionError	expected:<Sun Jan 09 05:49:53 UTC 2011> but was:<Sun Jan 09 13:49:53 UTC 2011>	org.junit.Assert.fail|org.junit.Assert.failNotEquals|org.junit.Assert.assertEquals|org.junit.Assert.assertEquals|com.alibaba.json.bvt.parser.DefaultExtJSONParser_parseArray.test_7|sun.reflect.NativeMethodAccessorImpl.invoke0|sun.reflect.NativeMethodAccessorImpl.invoke|sun.reflect.DelegatingMethodAccessorImpl.invoke|java.lang.reflect.Method.invoke|junit.framework.TestCase.runTest|junit.framework.TestCase.runBare|junit.framework.TestResult$1.protect	19
c243	FT	1	com.alibaba.json.bvt.parser.JSONLexerTest_set#test_error_1	PASS				367
c243	FT	2	com.alibaba.json.bvt.parser.DefaultExtJSONParser_parseArray#test_7	FAIL	java.lang.AssertionError	expected:<Sun Jan 09 05:49:53 UTC 2011> but was:<Sun Jan 09 13:49:53 UTC 2011>	org.junit.Assert.fail|org.junit.Assert.failNotEquals|org.junit.Assert.assertEquals|org.junit.Assert.assertEquals|com.alibaba.json.bvt.parser.DefaultExtJSONParser_parseArray.test_7|sun.reflect.NativeMethodAccessorImpl.invoke0|sun.reflect.NativeMethodAccessorImpl.invoke|sun.reflect.DelegatingMethodAccessorImpl.invoke|java.lang.reflect.Method.invoke|junit.framework.TestCase.runTest|junit.framework.TestCase.runBare|junit.framework.TestResult$1.protect	20
c244	FT	1	com.alibaba.json.bvt.parser.JSONLexerTest_set#test_error_2	PASS				370
c244	FT	2	com.alibaba.json.bvt.parser.DefaultExtJSONParser_parseArray#test_7	FAIL	java.lang.AssertionError	expected:<Sun Jan 09 05:49:53 UTC 2011> but was:<Sun Jan 09 13:49:53 UTC 2011>	org.junit.Assert.fail|org.junit.Assert.failNotEquals|org.junit.Assert.assertEquals|org.junit.Assert.assertEquals|com.alibaba.json.bvt.parser.DefaultExtJSONParser_parseArray.test_7|sun.reflect.NativeMethodAccessorImpl.invoke0|sun.reflect.NativeMethodAccessorImpl.invoke|sun.reflect.DelegatingMethodAccessorImpl.invoke|java.lang.reflect.Method.invoke|junit.framework.TestCase.runTest|junit.framework.TestCase.runBare|junit.framework.TestResult$1.protect	27
c245	FT	1	com.alibaba.json.bvt.parser.JSONLexerTest_set#test_error_3	PASS				357
c245	FT	2	com.alibaba.json.bvt.parser.DefaultExtJSONParser_parseArray#test_7	FAIL	java.lang.AssertionError	expected:<Sun Jan 09 05:49:53 UTC 2011> but was:<Sun Jan 09 13:49:53 UTC 2011>	org.junit.Assert.fail|org.junit.Assert.failNotEquals|org.junit.Assert.assertEquals|org.junit.Assert.assertEquals|com.alibaba.json.bvt.parser.DefaultExtJSONParser_parseArray.test_7|sun.reflect.NativeMethodAccessorImpl.invoke0|sun.reflect.NativeMethodAccessorImpl.invoke|sun.reflect.DelegatingMethodAccessorImpl.invoke|java.lang.reflect.Method.invoke|junit.framework.TestCase.runTest|junit.framework.TestCase.runBare|junit.framework.TestResult$1.protect	16
c246	FT	1	com.alibaba.json.bvt.parser.JSONLexerTest_set#test_treeSet	PASS				330
c246	FT	2	com.alibaba.json.bvt.parser.DefaultExtJSONParser_parseArray#test_7	FAIL	java.lang.AssertionError	expected:<Sun Jan 09 05:49:53 UTC 2011> but was:<Sun Jan 09 13:49:53 UTC 2011>	org.junit.Assert.fail|org.junit.Assert.failNotEquals|org.junit.Assert.assertEquals|org.junit.Assert.assertEquals|com.alibaba.json.bvt.parser.DefaultExtJSONParser_parseArray.test_7|sun.reflect.NativeMethodAccessorImpl.invoke0|sun.reflect.NativeMethodAccessorImpl.invoke|sun.reflect.DelegatingMethodAccessorImpl.invoke|java.lang.reflect.Method.invoke|junit.framework.TestCase.runTest|junit.framework.TestCase.runBare|junit.framework.TestResult$1.protect	26
c247	FT	1	com.alibaba.json.bvt.parser.JSONReaderScannerTest__entity_boolean#test_scanInt	PASS				396
c247	FT	2	com.alibaba.json.bvt.parser.DefaultExtJSONParser_parseArray#test_7	FAIL	java.lang.AssertionError	expected:<Sun Jan 09 05:49:53 UTC 2011> but was:<Sun Jan 09 13:49:53 UTC 2011>	org.junit.Assert.fail|org.junit.Assert.failNotEquals|org.junit.Assert.assertEquals|org.junit.Assert.assertEquals|com.alibaba.json.bvt.parser.DefaultExtJSONParser_parseArray.test_7|sun.reflect.NativeMethodAccessorImpl.invoke0|sun.reflect.NativeMethodAccessorImpl.invoke|sun.reflect.DelegatingMethodAccessorImpl.invoke|java.lang.reflect.Method.invoke|junit.framework.TestCase.runTest|junit.framework.TestCase.runBare|junit.framework.TestResult$1.protect	17
c248	FT	1	com.alibaba.json.bvt.parser.JSONReaderScannerTest__entity_double#test_scanFloat	PASS				415
c248	FT	2	com.alibaba.json.bvt.parser.DefaultExtJSONParser_parseArray#test_7	FAIL	java.lang.AssertionError	expected:<Sun Jan 09 05:49:53 UTC 2011> but was:<Sun Jan 09 13:49:53 UTC 2011>	org.junit.Assert.fail|org.junit.Assert.failNotEquals|org.junit.Assert.assertEquals|org.junit.Assert.assertEquals|com.alibaba.json.bvt.parser.DefaultExtJSONParser_parseArray.test_7|sun.reflect.NativeMethodAccessorImpl.invoke0|sun.reflect.NativeMethodAccessorImpl.invoke|sun.reflect.DelegatingMethodAccessorImpl.invoke|java.lang.reflect.Method.invoke|junit.framework.TestCase.runTest|junit.framework.TestCase.runBare|junit.framework.TestResult$1.protect	45
c249	FT	1	com.alibaba.json.bvt.parser.JSONReaderScannerTest__entity_double_2#test_scanFloat	PASS				453
c249	FT	2	com.alibaba.json.bvt.parser.DefaultExtJSONParser_parseArray#test_7	FAIL	java.lang.AssertionError	expected:<Sun Jan 09 05:49:53 UTC 2011> but was:<Sun Jan 09 13:49:53 UTC 2011>	org.junit.Assert.fail|org.junit.Assert.failNotEquals|org.junit.Assert.assertEquals|org.junit.Assert.assertEquals|com.alibaba.json.bvt.parser.DefaultExtJSONParser_parseArray.test_7|sun.reflect.NativeMethodAccessorImpl.invoke0|sun.reflect.NativeMethodAccessorImpl.invoke|sun.reflect.DelegatingMethodAccessorImpl.invoke|java.lang.reflect.Method.invoke|junit.framework.TestCase.runTest|junit.framework.TestCase.runBare|junit.framework.TestResult$1.protect	29
c250	FT	1	com.alibaba.json.bvt.parser.JSONReaderScannerTest__entity_enum#test_scanInt	PASS				378
c250	FT	2	com.alibaba.json.bvt.parser.DefaultExtJSONParser_parseArray#test_7	FAIL	java.lang.AssertionError	expected:<Sun Jan 09 05:49:53 UTC 2011> but was:<Sun Jan 09 13:49:53 UTC 2011>	org.junit.Assert.fail|org.junit.Assert.failNotEquals|org.junit.Assert.assertEquals|org.junit.Assert.assertEquals|com.alibaba.json.bvt.parser.DefaultExtJSONParser_parseArray.test_7|sun.reflect.NativeMethodAccessorImpl.invoke0|sun.reflect.NativeMethodAccessorImpl.invoke|sun.reflect.DelegatingMethodAccessorImpl.invoke|java.lang.reflect.Method.invoke|junit.framework.TestCase.runTest|junit.framework.TestCase.runBare|junit.framework.TestResult$1.protect	33
c251	FT	1	com.alibaba.json.bvt.parser.JSONReaderScannerTest__entity_float#test_scanFloat	PASS				376
c251	FT	2	com.alibaba.json.bvt.parser.DefaultExtJSONParser_parseArray#test_7	FAIL	java.lang.AssertionError	expected:<Sun Jan 09 05:49:53 UTC 2011> but was:<Sun Jan 09 13:49:53 UTC 2011>	org.junit.Assert.fail|org.junit.Assert.failNotEquals|org.junit.Assert.assertEquals|org.junit.Assert.assertEquals|com.alibaba.json.bvt.parser.DefaultExtJSONParser_parseArray.test_7|sun.reflect.NativeMethodAccessorImpl.invoke0|sun.reflect.NativeMethodAccessorImpl.invoke|sun.reflect.DelegatingMethodAccessorImpl.invoke|java.lang.reflect.Method.invoke|junit.framework.TestCase.runTest|junit.framework.TestCase.runBare|junit.framework.TestResult$1.protect	17
c252	FT	1	com.alibaba.json.bvt.parser.JSONReaderScannerTest__entity_int#test_scanInt	PASS				395
c252	FT	2	com.alibaba.json.bvt.parser.DefaultExtJSONParser_parseArray#test_7	FAIL	java.lang.AssertionError	expected:<Sun Jan 09 05:49:53 UTC 2011> but was:<Sun Jan 09 13:49:53 UTC 2011>	org.junit.Assert.fail|org.junit.Assert.failNotEquals|org.junit.Assert.assertEquals|org.junit.Assert.assertEquals|com.alibaba.json.bvt.parser.DefaultExtJSONParser_parseArray.test_7|sun.reflect.NativeMethodAccessorImpl.invoke0|sun.reflect.NativeMethodAccessorImpl.invoke|sun.reflect.DelegatingMethodAccessorImpl.invoke|java.lang.reflect.Method.invoke|junit.framework.TestCase.runTest|junit.framework.TestCase.runBare|junit.framework.TestResult$1.protect	34
c253	FT	1	com.alibaba.json.bvt.parser.JSONReaderScannerTest__entity_long#test_scanInt	PASS				475
c253	FT	2	com.alibaba.json.bvt.parser.DefaultExtJSONParser_parseArray#test_7	FAIL	java.lang.AssertionError	expected:<Sun Jan 09 05:49:53 UTC 2011> but was:<Sun Jan 09 13:49:53 UTC 2011>	org.junit.Assert.fail|org.junit.Assert.failNotEquals|org.junit.Assert.assertEquals|org.junit.Assert.assertEquals|com.alibaba.json.bvt.parser.DefaultExtJSONParser_parseArray.test_7|sun.reflect.NativeMethodAccessorImpl.invoke0|sun.reflect.NativeMethodAccessorImpl.invoke|sun.reflect.DelegatingMethodAccessorImpl.invoke|java.lang.reflect.Method.invoke|junit.framework.TestCase.runTest|junit.framework.TestCase.runBare|junit.framework.TestResult$1.protect	37
c254	FT	1	com.alibaba.json.bvt.parser.JSONReaderScannerTest__entity_string#test_scanInt	PASS				369
c254	FT	2	com.alibaba.json.bvt.parser.DefaultExtJSONParser_parseArray#test_7	FAIL	java.lang.AssertionError	expected:<Sun Jan 09 05:49:53 UTC 2011> but was:<Sun Jan 09 13:49:53 UTC 2011>	org.junit.Assert.fail|org.junit.Assert.failNotEquals|org.junit.Assert.assertEquals|org.junit.Assert.assertEquals|com.alibaba.json.bvt.parser.DefaultExtJSONParser_parseArray.test_7|sun.reflect.NativeMethodAccessorImpl.invoke0|sun.reflect.NativeMethodAccessorImpl.invoke|sun.reflect.DelegatingMethodAccessorImpl.invoke|java.lang.reflect.Method.invoke|junit.framework.TestCase.runTest|junit.framework.TestCase.runBare|junit.framework.TestResult$1.protect	31
c255	FT	1	com.alibaba.json.bvt.parser.JSONReaderScannerTest__entity_stringList#test_scanInt	PASS				330
c255	FT	2	com.alibaba.json.bvt.parser.DefaultExtJSONParser_parseArray#test_7	FAIL	java.lang.AssertionError	expected:<Sun Jan 09 05:49:53 UTC 2011> but was:<Sun Jan 09 13:49:53 UTC 2011>	org.junit.Assert.fail|org.junit.Assert.failNotEquals|org.junit.Assert.assertEquals|org.junit.Assert.assertEquals|com.alibaba.json.bvt.parser.DefaultExtJSONParser_parseArray.test_7|sun.reflect.NativeMethodAccessorImpl.invoke0|sun.reflect.NativeMethodAccessorImpl.invoke|sun.reflect.DelegatingMethodAccessorImpl.invoke|java.lang.reflect.Method.invoke|junit.framework.TestCase.runTest|junit.framework.TestCase.runBare|junit.framework.TestResult$1.protect	18
c256	FT	1	com.alibaba.json.bvt.parser.JSONReaderScannerTest__map_string#test_scanInt	PASS				367
c256	FT	2	com.alibaba.json.bvt.parser.DefaultExtJSONParser_parseArray#test_7	FAIL	java.lang.AssertionError	expected:<Sun Jan 09 05:49:53 UTC 2011> but was:<Sun Jan 09 13:49:53 UTC 2011>	org.junit.Assert.fail|org.junit.Assert.failNotEquals|org.junit.Assert.assertEquals|org.junit.Assert.assertEquals|com.alibaba.json.bvt.parser.DefaultExtJSONParser_parseArray.test_7|sun.reflect.NativeMethodAccessorImpl.invoke0|sun.reflect.NativeMethodAccessorImpl.invoke|sun.reflect.DelegatingMethodAccessorImpl.invoke|java.lang.reflect.Method.invoke|junit.framework.TestCase.runTest|junit.framework.TestCase.runBare|junit.framework.TestResult$1.protect	28
c257	FT	1	com.alibaba.json.bvt.parser.JSONReaderScannerTest_array_string#test_scanInt	PASS				351
c257	FT	2	com.alibaba.json.bvt.parser.DefaultExtJSONParser_parseArray#test_7	FAIL	java.lang.AssertionError	expected:<Sun Jan 09 05:49:53 UTC 2011> but was:<Sun Jan 09 13:49:53 UTC 2011>	org.junit.Assert.fail|org.junit.Assert.failNotEquals|org.junit.Assert.assertEquals|org.junit.Assert.assertEquals|com.alibaba.json.bvt.parser.DefaultExtJSONParser_parseArray.test_7|sun.reflect.NativeMethodAccessorImpl.invoke0|sun.reflect.NativeMethodAccessorImpl.invoke|sun.reflect.DelegatingMethodAccessorImpl.invoke|java.lang.reflect.Method.invoke|junit.framework.TestCase.runTest|junit.framework.TestCase.runBare|junit.framework.TestResult$1.protect	29
c258	FT	1	com.alibaba.json.bvt.parser.JSONReaderScannerTest_bytes#test_e	PASS				424
c258	FT	2	com.alibaba.json.bvt.parser.DefaultExtJSONParser_parseArray#test_7	FAIL	java.lang.AssertionError	expected:<Sun Jan 09 05:49:53 UTC 2011> but was:<Sun Jan 09 13:49:53 UTC 2011>	org.junit.Assert.fail|org.junit.Assert.failNotEquals|org.junit.Assert.assertEquals|org.junit.Assert.assertEquals|com.alibaba.json.bvt.parser.DefaultExtJSONParser_parseArray.test_7|sun.reflect.NativeMethodAccessorImpl.invoke0|sun.reflect.NativeMethodAccessorImpl.invoke|sun.reflect.DelegatingMethodAccessorImpl.invoke|java.lang.reflect.Method.invoke|junit.framework.TestCase.runTest|junit.framework.TestCase.runBare|junit.framework.TestResult$1.protect	24
c259	FT	1	com.alibaba.json.bvt.parser.JSONReaderScannerTest_decimal#test_scanInt	PASS				421
c259	FT	2	com.alibaba.json.bvt.parser.DefaultExtJSONParser_parseArray#test_7	FAIL	java.lang.AssertionError	expected:<Sun Jan 09 05:49:53 UTC 2011> but was:<Sun Jan 09 13:49:53 UTC 2011>	org.junit.Assert.fail|org.junit.Assert.failNotEquals|org.junit.Assert.assertEquals|org.junit.Assert.assertEquals|com.alibaba.json.bvt.parser.DefaultExtJSONParser_parseArray.test_7|sun.reflect.NativeMethodAccessorImpl.invoke0|sun.reflect.NativeMethodAccessorImpl.invoke|sun.reflect.DelegatingMethodAccessorImpl.invoke|java.lang.reflect.Method.invoke|junit.framework.TestCase.runTest|junit.framework.TestCase.runBare|junit.framework.TestResult$1.protect	25
c260	FT	1	com.alibaba.json.bvt.parser.JSONReaderScannerTest_enum#test_e	PASS				359
c260	FT	2	com.alibaba.json.bvt.parser.DefaultExtJSONParser_parseArray#test_7	FAIL	java.lang.AssertionError	expected:<Sun Jan 09 05:49:53 UTC 2011> but was:<Sun Jan 09 13:49:53 UTC 2011>	org.junit.Assert.fail|org.junit.Assert.failNotEquals|org.junit.Assert.assertEquals|org.junit.Assert.assertEquals|com.alibaba.json.bvt.parser.DefaultExtJSONParser_parseArray.test_7|sun.reflect.NativeMethodAccessorImpl.invoke0|sun.reflect.NativeMethodAccessorImpl.invoke|sun.reflect.DelegatingMethodAccessorImpl.invoke|java.lang.reflect.Method.invoke|junit.framework.TestCase.runTest|junit.framework.TestCase.runBare|junit.framework.TestResult$1.protect	15
c261	FT	1	com.alibaba.json.bvt.parser.JSONReaderScannerTest_error#test_e	PASS				119
c261	FT	2	com.alibaba.json.bvt.parser.DefaultExtJSONParser_parseArray#test_7	FAIL	java.lang.AssertionError	expected:<Sun Jan 09 05:49:53 UTC 2011> but was:<Sun Jan 09 13:49:53 UTC 2011>	org.junit.Assert.fail|org.junit.Assert.failNotEquals|org.junit.Assert.assertEquals|org.junit.Assert.assertEquals|com.alibaba.json.bvt.parser.DefaultExtJSONParser_parseArray.test_7|sun.reflect.NativeMethodAccessorImpl.invoke0|sun.reflect.NativeMethodAccessorImpl.invoke|sun.reflect.DelegatingMethodAccessorImpl.invoke|java.lang.reflect.Method.invoke|junit.framework.TestCase.runTest|junit.framework.TestCase.runBare|junit.framework.TestResult$1.protect	185
c262	FT	1	com.alibaba.json.bvt.parser.JSONReaderScannerTest_error2#test_e	PASS				331
c262	FT	2	com.alibaba.json.bvt.parser.DefaultExtJSONParser_parseArray#test_7	FAIL	java.lang.AssertionError	expected:<Sun Jan 09 05:49:53 UTC 2011> but was:<Sun Jan 09 13:49:53 UTC 2011>	org.junit.Assert.fail|org.junit.Assert.failNotEquals|org.junit.Assert.assertEquals|org.junit.Assert.assertEquals|com.alibaba.json.bvt.parser.DefaultExtJSONParser_parseArray.test_7|sun.reflect.NativeMethodAccessorImpl.invoke0|sun.reflect.NativeMethodAccessorImpl.invoke|sun.reflect.DelegatingMethodAccessorImpl.invoke|java.lang.reflect.Method.invoke|junit.framework.TestCase.runTest|junit.framework.TestCase.runBare|junit.framework.TestResult$1.protect	23
c263	FT	1	com.alibaba.json.bvt.parser.JSONReaderScannerTest_error3#test_e	PASS				398
c263	FT	2	com.alibaba.json.bvt.parser.DefaultExtJSONParser_parseArray#test_7	FAIL	java.lang.AssertionError	expected:<Sun Jan 09 05:49:53 UTC 2011> but was:<Sun Jan 09 13:49:53 UTC 2011>	org.junit.Assert.fail|org.junit.Assert.failNotEquals|org.junit.Assert.assertEquals|org.junit.Assert.assertEquals|com.alibaba.json.bvt.parser.DefaultExtJSONParser_parseArray.test_7|sun.reflect.NativeMethodAccessorImpl.invoke0|sun.reflect.NativeMethodAccessorImpl.invoke|sun.reflect.DelegatingMethodAccessorImpl.invoke|java.lang.reflect.Method.invoke|junit.framework.TestCase.runTest|junit.framework.TestCase.runBare|junit.framework.TestResult$1.protect	39
c264	FT	1	com.alibaba.json.bvt.parser.JSONReaderScannerTest_error4#test_e	PASS				334
c264	FT	2	com.alibaba.json.bvt.parser.DefaultExtJSONParser_parseArray#test_7	FAIL	java.lang.AssertionError	expected:<Sun Jan 09 05:49:53 UTC 2011> but was:<Sun Jan 09 13:49:53 UTC 2011>	org.junit.Assert.fail|org.junit.Assert.failNotEquals|org.junit.Assert.assertEquals|org.junit.Assert.assertEquals|com.alibaba.json.bvt.parser.DefaultExtJSONParser_parseArray.test_7|sun.reflect.NativeMethodAccessorImpl.invoke0|sun.reflect.NativeMethodAccessorImpl.invoke|sun.reflect.DelegatingMethodAccessorImpl.invoke|java.lang.reflect.Method.invoke|junit.framework.TestCase.runTest|junit.framework.TestCase.runBare|junit.framework.TestResult$1.protect	15
c265	FT	1	com.alibaba.json.bvt.parser.JSONReaderScannerTest_error5#test_e	PASS				391
c265	FT	2	com.alibaba.json.bvt.parser.DefaultExtJSONParser_parseArray#test_7	FAIL	java.lang.AssertionError	expected:<Sun Jan 09 05:49:53 UTC 2011> but was:<Sun Jan 09 13:49:53 UTC 2011>	org.junit.Assert.fail|org.junit.Assert.failNotEquals|org.junit.Assert.assertEquals|org.junit.Assert.assertEquals|com.alibaba.json.bvt.parser.DefaultExtJSONParser_parseArray.test_7|sun.reflect.NativeMethodAccessorImpl.invoke0|sun.reflect.NativeMethodAccessorImpl.invoke|sun.reflect.DelegatingMethodAccessorImpl.invoke|java.lang.reflect.Method.invoke|junit.framework.TestCase.runTest|junit.framework.TestCase.runBare|junit.framework.TestResult$1.protect	17
c266	FT	1	com.alibaba.json.bvt.parser.JSONReaderScannerTest_int#test_scanInt	PASS				361
c266	FT	2	com.alibaba.json.bvt.parser.DefaultExtJSONParser_parseArray#test_7	FAIL	java.lang.AssertionError	expected:<Sun Jan 09 05:49:53 UTC 2011> but was:<Sun Jan 09 13:49:53 UTC 2011>	org.junit.Assert.fail|org.junit.Assert.failNotEquals|org.junit.Assert.assertEquals|org.junit.Assert.assertEquals|com.alibaba.json.bvt.parser.DefaultExtJSONParser_parseArray.test_7|sun.reflect.NativeMethodAccessorImpl.invoke0|sun.reflect.NativeMethodAccessorImpl.invoke|sun.reflect.DelegatingMethodAccessorImpl.invoke|java.lang.reflect.Method.invoke|junit.framework.TestCase.runTest|junit.framework.TestCase.runBare|junit.framework.TestResult$1.protect	15
c267	FT	1	com.alibaba.json.bvt.parser.JSONReaderScannerTest_jsonobject#test_e	PASS				379
c267	FT	2	com.alibaba.json.bvt.parser.DefaultExtJSONParser_parseArray#test_7	FAIL	java.lang.AssertionError	expected:<Sun Jan 09 05:49:53 UTC 2011> but was:<Sun Jan 09 13:49:53 UTC 2011>	org.junit.Assert.fail|org.junit.Assert.failNotEquals|org.junit.Assert.assertEquals|org.junit.Assert.assertEquals|com.alibaba.json.bvt.parser.DefaultExtJSONParser_parseArray.test_7|sun.reflect.NativeMethodAccessorImpl.invoke0|sun.reflect.NativeMethodAccessorImpl.invoke|sun.reflect.DelegatingMethodAccessorImpl.invoke|java.lang.reflect.Method.invoke|junit.framework.TestCase.runTest|junit.framework.TestCase.runBare|junit.framework.TestResult$1.protect	33
c268	FT	1	com.alibaba.json.bvt.parser.JSONReaderScannerTest_long#test_scanInt	PASS				374
c268	FT	2	com.alibaba.json.bvt.parser.DefaultExtJSONParser_parseArray#test_7	FAIL	java.lang.AssertionError	expected:<Sun Jan 09 05:49:53 UTC 2011> but was:<Sun Jan 09 13:49:53 UTC 2011>	org.junit.Assert.fail|org.junit.Assert.failNotEquals|org.junit.Assert.assertEquals|org.junit.Assert.assertEquals|com.alibaba.json.bvt.parser.DefaultExtJSONParser_parseArray.test_7|sun.reflect.NativeMethodAccessorImpl.invoke0|sun.reflect.NativeMethodAccessorImpl.invoke|sun.reflect.DelegatingMethodAccessorImpl.invoke|java.lang.reflect.Method.invoke|junit.framework.TestCase.runTest|junit.framework.TestCase.runBare|junit.framework.TestResult$1.protect	23
c269	FT	1	com.alibaba.json.bvt.parser.JSONReaderTest_array_array#test_read	PASS				323
c269	FT	2	com.alibaba.json.bvt.parser.DefaultExtJSONParser_parseArray#test_7	FAIL	java.lang.AssertionError	expected:<Sun Jan 09 05:49:53 UTC 2011> but was:<Sun Jan 09 13:49:53 UTC 2011>	org.junit.Assert.fail|org.junit.Assert.failNotEquals|org.junit.Assert.assertEquals|org.junit.Assert.assertEquals|com.alibaba.json.bvt.parser.DefaultExtJSONParser_parseArray.test_7|sun.reflect.NativeMethodAccessorImpl.invoke0|sun.reflect.NativeMethodAccessorImpl.invoke|sun.reflect.DelegatingMethodAccessorImpl.invoke|java.lang.reflect.Method.invoke|junit.framework.TestCase.runTest|junit.framework.TestCase.runBare|junit.framework.TestResult$1.protect	16
c270	FT	1	com.alibaba.json.bvt.parser.JSONReaderTest_array_array#test_read_1	PASS				320
c270	FT	2	com.alibaba.json.bvt.parser.DefaultExtJSONParser_parseArray#test_7	FAIL	java.lang.AssertionError	expected:<Sun Jan 09 05:49:53 UTC 2011> but was:<Sun Jan 09 13:49:53 UTC 2011>	org.junit.Assert.fail|org.junit.Assert.failNotEquals|org.junit.Assert.assertEquals|org.junit.Assert.assertEquals|com.alibaba.json.bvt.parser.DefaultExtJSONParser_parseArray.test_7|sun.reflect.NativeMethodAccessorImpl.invoke0|sun.reflect.NativeMethodAccessorImpl.invoke|sun.reflect.DelegatingMethodAccessorImpl.invoke|java.lang.reflect.Method.invoke|junit.framework.TestCase.runTest|junit.framework.TestCase.runBare|junit.framework.TestResult$1.protect	17
c271	FT	1	com.alibaba.json.bvt.parser.JSONReaderTest_array_array_2#test_read	PASS				384
c271	FT	2	com.alibaba.json.bvt.parser.DefaultExtJSONParser_parseArray#test_7	FAIL	java.lang.AssertionError	expected:<Sun Jan 09 05:49:53 UTC 2011> but was:<Sun Jan 09 13:49:53 UTC 2011>	org.junit.Assert.fail|org.junit.Assert.failNotEquals|org.junit.Assert.assertEquals|org.junit.Assert.assertEquals|com.alibaba.json.bvt.parser.DefaultExtJSONParser_parseArray.test_7|sun.reflect.NativeMethodAccessorImpl.invoke0|sun.reflect.NativeMethodAccessorImpl.invoke|sun.reflect.DelegatingMethodAccessorImpl.invoke|java.lang.reflect.Method.invoke|junit.framework.TestCase.runTest|junit.framework.TestCase.runBare|junit.framework.TestResult$1.protect	17
c272	FT	1	com.alibaba.json.bvt.parser.JSONReaderTest_array_array_2#test_read_1	PASS				381
c272	FT	2	com.alibaba.json.bvt.parser.DefaultExtJSONParser_parseArray#test_7	FAIL	java.lang.AssertionError	expected:<Sun Jan 09 05:49:53 UTC 2011> but was:<Sun Jan 09 13:49:53 UTC 2011>	org.junit.Assert.fail|org.junit.Assert.failNotEquals|org.junit.Assert.assertEquals|org.junit.Assert.assertEquals|com.alibaba.json.bvt.parser.DefaultExtJSONParser_parseArray.test_7|sun.reflect.NativeMethodAccessorImpl.invoke0|sun.reflect.NativeMethodAccessorImpl.invoke|sun.reflect.DelegatingMethodAccessorImpl.invoke|java.lang.reflect.Method.invoke|junit.framework.TestCase.runTest|junit.framework.TestCase.runBare|junit.framework.TestResult$1.protect	28
c273	FT	1	com.alibaba.json.bvt.parser.JSONReaderTest_array_object#test_read	PASS				396
c273	FT	2	com.alibaba.json.bvt.parser.DefaultExtJSONParser_parseArray#test_7	FAIL	java.lang.AssertionError	expected:<Sun Jan 09 05:49:53 UTC 2011> but was:<Sun Jan 09 13:49:53 UTC 2011>	org.junit.Assert.fail|org.junit.Assert.failNotEquals|org.junit.Assert.assertEquals|org.junit.Assert.assertEquals|com.alibaba.json.bvt.parser.DefaultExtJSONParser_parseArray.test_7|sun.reflect.NativeMethodAccessorImpl.invoke0|sun.reflect.NativeMethodAccessorImpl.invoke|sun.reflect.DelegatingMethodAccessorImpl.invoke|java.lang.reflect.Method.invoke|junit.framework.TestCase.runTest|junit.framework.TestCase.runBare|junit.framework.TestResult$1.protect	34
c274	FT	1	com.alibaba.json.bvt.parser.JSONReaderTest_array_object#test_read_1	PASS				412
c274	FT	2	com.alibaba.json.bvt.parser.DefaultExtJSONParser_parseArray#test_7	FAIL	java.lang.AssertionError	expected:<Sun Jan 09 05:49:53 UTC 2011> but was:<Sun Jan 09 13:49:53 UTC 2011>	org.junit.Assert.fail|org.junit.Assert.failNotEquals|org.junit.Assert.assertEquals|org.junit.Assert.assertEquals|com.alibaba.json.bvt.parser.DefaultExtJSONParser_parseArray.test_7|sun.reflect.NativeMethodAccessorImpl.invoke0|sun.reflect.NativeMethodAccessorImpl.invoke|sun.reflect.DelegatingMethodAccessorImpl.invoke|java.lang.reflect.Method.invoke|junit.framework.TestCase.runTest|junit.framework.TestCase.runBare|junit.framework.TestResult$1.protect	25
c275	FT	1	com.alibaba.json.bvt.parser.JSONReaderTest_array_object#test_read_3	PASS				325
c275	FT	2	com.alibaba.json.bvt.parser.DefaultExtJSONParser_parseArray#test_7	FAIL	java.lang.AssertionError	expected:<Sun Jan 09 05:49:53 UTC 2011> but was:<Sun Jan 09 13:49:53 UTC 2011>	org.junit.Assert.fail|org.junit.Assert.failNotEquals|org.junit.Assert.assertEquals|org.junit.Assert.assertEquals|com.alibaba.json.bvt.parser.DefaultExtJSONParser_parseArray.test_7|sun.reflect.NativeMethodAccessorImpl.invoke0|sun.reflect.NativeMethodAccessorImpl.invoke|sun.reflect.DelegatingMethodAccessorImpl.invoke|java.lang.reflect.Method.invoke|junit.framework.TestCase.runTest|junit.framework.TestCase.runBare|junit.framework.TestResult$1.protect	25
c276	FT	1	com.alibaba.json.bvt.parser.JSONReaderTest_array_object_2#test_read	PASS				376
c276	FT	2	com.alibaba.json.bvt.parser.DefaultExtJSONParser_parseArray#test_7	FAIL	java.lang.AssertionError	expected:<Sun Jan 09 05:49:53 UTC 2011> but was:<Sun Jan 09 13:49:53 UTC 2011>	org.junit.Assert.fail|org.junit.Assert.failNotEquals|org.junit.Assert.assertEquals|org.junit.Assert.assertEquals|com.alibaba.json.bvt.parser.DefaultExtJSONParser_parseArray.test_7|sun.reflect.NativeMethodAccessorImpl.invoke0|sun.reflect.NativeMethodAccessorImpl.invoke|sun.reflect.DelegatingMethodAccessorImpl.invoke|java.lang.reflect.Method.invoke|junit.framework.TestCase.runTest|junit.framework.TestCase.runBare|junit.framework.TestResult$1.protect	34
c277	FT	1	com.alibaba.json.bvt.parser.JSONReaderTest_array_object_2#test_read_1	PASS				375
c277	FT	2	com.alibaba.json.bvt.parser.DefaultExtJSONParser_parseArray#test_7	FAIL	java.lang.AssertionError	expected:<Sun Jan 09 05:49:53 UTC 2011> but was:<Sun Jan 09 13:49:53 UTC 2011>	org.junit.Assert.fail|org.junit.Assert.failNotEquals|org.junit.Assert.assertEquals|org.junit.Assert.assertEquals|com.alibaba.json.bvt.parser.DefaultExtJSONParser_parseArray.test_7|sun.reflect.NativeMethodAccessorImpl.invoke0|sun.reflect.NativeMethodAccessorImpl.invoke|sun.reflect.DelegatingMethodAccessorImpl.invoke|java.lang.reflect.Method.invoke|junit.framework.TestCase.runTest|junit.framework.TestCase.runBare|junit.framework.TestResult$1.protect	16
c278	FT	1	com.alibaba.json.bvt.parser.JSONReaderTest_object_int#test_read	PASS				396
c278	FT	2	com.alibaba.json.bvt.parser.DefaultExtJSONParser_parseArray#test_7	FAIL	java.lang.AssertionError	expected:<Sun Jan 09 05:49:53 UTC 2011> but was:<Sun Jan 09 13:49:53 UTC 2011>	org.junit.Assert.fail|org.junit.Assert.failNotEquals|org.junit.Assert.assertEquals|org.junit.Assert.assertEquals|com.alibaba.json.bvt.parser.DefaultExtJSONParser_parseArray.test_7|sun.reflect.NativeMethodAccessorImpl.invoke0|sun.reflect.NativeMethodAccessorImpl.invoke|sun.reflect.DelegatingMethodAccessorImpl.invoke|java.lang.reflect.Method.invoke|junit.framework.TestCase.runTest|junit.framework.TestCase.runBare|junit.framework.TestResult$1.protect	36
c279	FT	1	com.alibaba.json.bvt.parser.JSONReaderTest_object_int#test_read_1	PASS				369
c279	FT	2	com.alibaba.json.bvt.parser.DefaultExtJSONParser_parseArray#test_7	FAIL	java.lang.AssertionError	expected:<Sun Jan 09 05:49:53 UTC 2011> but was:<Sun Jan 09 13:49:53 UTC 2011>	org.junit.Assert.fail|org.junit.Assert.failNotEquals|org.junit.Assert.assertEquals|org.junit.Assert.assertEquals|com.alibaba.json.bvt.parser.DefaultExtJSONParser_parseArray.test_7|sun.reflect.NativeMethodAccessorImpl.invoke0|sun.reflect.NativeMethodAccessorImpl.invoke|sun.reflect.DelegatingMethodAccessorImpl.invoke|java.lang.reflect.Method.invoke|junit.framework.TestCase.runTest|junit.framework.TestCase.runBare|junit.framework.TestResult$1.protect	25
c280	FT	1	com.alibaba.json.bvt.parser.JSONReaderTest_object_int_unquote#test_read	PASS				401
c280	FT	2	com.alibaba.json.bvt.parser.DefaultExtJSONParser_parseArray#test_7	FAIL	java.lang.AssertionError	expected:<Sun Jan 09 05:49:53 UTC 2011> but was:<Sun Jan 09 13:49:53 UTC 2011>	org.junit.Assert.fail|org.junit.Assert.failNotEquals|org.junit.Assert.assertEquals|org.junit.Assert.assertEquals|com.alibaba.json.bvt.parser.DefaultExtJSONParser_parseArray.test_7|sun.reflect.NativeMethodAccessorImpl.invoke0|sun.reflect.NativeMethodAccessorImpl.invoke|sun.reflect.DelegatingMethodAccessorImpl.invoke|java.lang.reflect.Method.invoke|junit.framework.TestCase.runTest|junit.framework.TestCase.runBare|junit.framework.TestResult$1.protect	37
c281	FT	1	com.alibaba.json.bvt.parser.JSONReaderTest_object_int_unquote#test_read_1	PASS				406
c281	FT	2	com.alibaba.json.bvt.parser.DefaultExtJSONParser_parseArray#test_7	FAIL	java.lang.AssertionError	expected:<Sun Jan 09 05:49:53 UTC 2011> but was:<Sun Jan 09 13:49:53 UTC 2011>	org.junit.Assert.fail|org.junit.Assert.failNotEquals|org.junit.Assert.assertEquals|org.junit.Assert.assertEquals|com.alibaba.json.bvt.parser.DefaultExtJSONParser_parseArray.test_7|sun.reflect.NativeMethodAccessorImpl.invoke0|sun.reflect.NativeMethodAccessorImpl.invoke|sun.reflect.DelegatingMethodAccessorImpl.invoke|java.lang.reflect.Method.invoke|junit.framework.TestCase.runTest|junit.framework.TestCase.runBare|junit.framework.TestResult$1.protect	16
c282	FT	1	com.alibaba.json.bvt.parser.JSONReaderTest_object_long#test_read	PASS				388
c282	FT	2	com.alibaba.json.bvt.parser.DefaultExtJSONParser_parseArray#test_7	FAIL	java.lang.AssertionError	expected:<Sun Jan 09 05:49:53 UTC 2011> but was:<Sun Jan 09 13:49:53 UTC 2011>	org.junit.Assert.fail|org.junit.Assert.failNotEquals|org.junit.Assert.assertEquals|org.junit.Assert.assertEquals|com.alibaba.json.bvt.parser.DefaultExtJSONParser_parseArray.test_7|sun.reflect.NativeMethodAccessorImpl.invoke0|sun.reflect.NativeMethodAccessorImpl.invoke|sun.reflect.DelegatingMethodAccessorImpl.invoke|java.lang.reflect.Method.invoke|junit.framework.TestCase.runTest|junit.framework.TestCase.runBare|junit.framework.TestResult$1.protect	24
c283	FT	1	com.alibaba.json.bvt.parser.JSONReaderTest_object_long#test_read_1	PASS				398
c283	FT	2	com.alibaba.json.bvt.parser.DefaultExtJSONParser_parseArray#test_7	FAIL	java.lang.AssertionError	expected:<Sun Jan 09 05:49:53 UTC 2011> but was:<Sun Jan 09 13:49:53 UTC 2011>	org.junit.Assert.fail|org.junit.Assert.failNotEquals|org.junit.Assert.assertEquals|org.junit.Assert.assertEquals|com.alibaba.json.bvt.parser.DefaultExtJSONParser_parseArray.test_7|sun.reflect.NativeMethodAccessorImpl.invoke0|sun.reflect.NativeMethodAccessorImpl.invoke|sun.reflect.DelegatingMethodAccessorImpl.invoke|java.lang.reflect.Method.invoke|junit.framework.TestCase.runTest|junit.framework.TestCase.runBare|junit.framework.TestResult$1.protect	21
c284	FT	1	com.alibaba.json.bvt.parser.JSONReaderTest_object_object#test_read	PASS				393
c284	FT	2	com.alibaba.json.bvt.parser.DefaultExtJSONParser_parseArray#test_7	FAIL	java.lang.AssertionError	expected:<Sun Jan 09 05:49:53 UTC 2011> but was:<Sun Jan 09 13:49:53 UTC 2011>	org.junit.Assert.fail|org.junit.Assert.failNotEquals|org.junit.Assert.assertEquals|org.junit.Assert.assertEquals|com.alibaba.json.bvt.parser.DefaultExtJSONParser_parseArray.test_7|sun.reflect.NativeMethodAccessorImpl.invoke0|sun.reflect.NativeMethodAccessorImpl.invoke|sun.reflect.DelegatingMethodAccessorImpl.invoke|java.lang.reflect.Method.invoke|junit.framework.TestCase.runTest|junit.framework.TestCase.runBare|junit.framework.TestResult$1.protect	34
c285	FT	1	com.alibaba.json.bvt.parser.JSONReaderTest_object_object#test_read_1	PASS				387
c285	FT	2	com.alibaba.json.bvt.parser.DefaultExtJSONParser_parseArray#test_7	FAIL	java.lang.AssertionError	expected:<Sun Jan 09 05:49:53 UTC 2011> but was:<Sun Jan 09 13:49:53 UTC 2011>	org.junit.Assert.fail|org.junit.Assert.failNotEquals|org.junit.Assert.assertEquals|org.junit.Assert.assertEquals|com.alibaba.json.bvt.parser.DefaultExtJSONParser_parseArray.test_7|sun.reflect.NativeMethodAccessorImpl.invoke0|sun.reflect.NativeMethodAccessorImpl.invoke|sun.reflect.DelegatingMethodAccessorImpl.invoke|java.lang.reflect.Method.invoke|junit.framework.TestCase.runTest|junit.framework.TestCase.runBare|junit.framework.TestResult$1.protect	18
c286	FT	1	com.alibaba.json.bvt.parser.JSONReaderTest_object_object#test_read_2	PASS				384
c286	FT	2	com.alibaba.json.bvt.parser.DefaultExtJSONParser_parseArray#test_7	FAIL	java.lang.AssertionError	expected:<Sun Jan 09 05:49:53 UTC 2011> but was:<Sun Jan 09 13:49:53 UTC 2011>	org.junit.Assert.fail|org.junit.Assert.failNotEquals|org.junit.Assert.assertEquals|org.junit.Assert.assertEquals|com.alibaba.json.bvt.parser.DefaultExtJSONParser_parseArray.test_7|sun.reflect.NativeMethodAccessorImpl.invoke0|sun.reflect.NativeMethodAccessorImpl.invoke|sun.reflect.DelegatingMethodAccessorImpl.invoke|java.lang.reflect.Method.invoke|junit.framework.TestCase.runTest|junit.framework.TestCase.runBare|junit.framework.TestResult$1.protect	18
c287	FT	1	com.alibaba.json.bvt.parser.JSONReaderTest_object_string#test_read	PASS				364
c287	FT	2	com.alibaba.json.bvt.parser.DefaultExtJSONParser_parseArray#test_7	FAIL	java.lang.AssertionError	expected:<Sun Jan 09 05:49:53 UTC 2011> but was:<Sun Jan 09 13:49:53 UTC 2011>	org.junit.Assert.fail|org.junit.Assert.failNotEquals|org.junit.Assert.assertEquals|org.junit.Assert.assertEquals|com.alibaba.json.bvt.parser.DefaultExtJSONParser_parseArray.test_7|sun.reflect.NativeMethodAccessorImpl.invoke0|sun.reflect.NativeMethodAccessorImpl.invoke|sun.reflect.DelegatingMethodAccessorImpl.invoke|java.lang.reflect.Method.invoke|junit.framework.TestCase.runTest|junit.framework.TestCase.runBare|junit.framework.TestResult$1.protect	19
c288	FT	1	com.alibaba.json.bvt.parser.JSONReaderTest_object_string#test_read_1	PASS				328
c288	FT	2	com.alibaba.json.bvt.parser.DefaultExtJSONParser_parseArray#test_7	FAIL	java.lang.AssertionError	expected:<Sun Jan 09 05:49:53 UTC 2011> but was:<Sun Jan 09 13:49:53 UTC 2011>	org.junit.Assert.fail|org.junit.Assert.failNotEquals|org.junit.Assert.assertEquals|org.junit.Assert.assertEquals|com.alibaba.json.bvt.parser.DefaultExtJSONParser_parseArray.test_7|sun.reflect.NativeMethodAccessorImpl.invoke0|sun.reflect.NativeMethodAccessorImpl.invoke|sun.reflect.DelegatingMethodAccessorImpl.invoke|java.lang.reflect.Method.invoke|junit.framework.TestCase.runTest|junit.framework.TestCase.runBare|junit.framework.TestResult$1.protect	17
c289	FT	1	com.alibaba.json.bvt.parser.JSONReader_error#test_0	PASS				344
c289	FT	2	com.alibaba.json.bvt.parser.DefaultExtJSONParser_parseArray#test_7	FAIL	java.lang.AssertionError	expected:<Sun Jan 09 05:49:53 UTC 2011> but was:<Sun Jan 09 13:49:53 UTC 2011>	org.junit.Assert.fail|org.junit.Assert.failNotEquals|org.junit.Assert.assertEquals|org.junit.Assert.assertEquals|com.alibaba.json.bvt.parser.DefaultExtJSONParser_parseArray.test_7|sun.reflect.NativeMethodAccessorImpl.invoke0|sun.reflect.NativeMethodAccessorImpl.invoke|sun.reflect.DelegatingMethodAccessorImpl.invoke|java.lang.reflect.Method.invoke|junit.framework.TestCase.runTest|junit.framework.TestCase.runBare|junit.framework.TestResult$1.protect	26
c290	FT	1	com.alibaba.json.bvt.parser.JSONReader_error#test_1	PASS				410
c290	FT	2	com.alibaba.json.bvt.parser.DefaultExtJSONParser_parseArray#test_7	FAIL	java.lang.AssertionError	expected:<Sun Jan 09 05:49:53 UTC 2011> but was:<Sun Jan 09 13:49:53 UTC 2011>	org.junit.Assert.fail|org.junit.Assert.failNotEquals|org.junit.Assert.assertEquals|org.junit.Assert.assertEquals|com.alibaba.json.bvt.parser.DefaultExtJSONParser_parseArray.test_7|sun.reflect.NativeMethodAccessorImpl.invoke0|sun.reflect.NativeMethodAccessorImpl.invoke|sun.reflect.DelegatingMethodAccessorImpl.invoke|java.lang.reflect.Method.invoke|junit.framework.TestCase.runTest|junit.framework.TestCase.runBare|junit.framework.TestResult$1.protect	25
c291	FT	1	com.alibaba.json.bvt.parser.JSONReader_top#test_int	PASS				336
c291	FT	2	com.alibaba.json.bvt.parser.DefaultExtJSONParser_parseArray#test_7	FAIL	java.lang.AssertionError	expected:<Sun Jan 09 05:49:53 UTC 2011> but was:<Sun Jan 09 13:49:53 UTC 2011>	org.junit.Assert.fail|org.junit.Assert.failNotEquals|org.junit.Assert.assertEquals|org.junit.Assert.assertEquals|com.alibaba.json.bvt.parser.DefaultExtJSONParser_parseArray.test_7|sun.reflect.NativeMethodAccessorImpl.invoke0|sun.reflect.NativeMethodAccessorImpl.invoke|sun.reflect.DelegatingMethodAccessorImpl.invoke|java.lang.reflect.Method.invoke|junit.framework.TestCase.runTest|junit.framework.TestCase.runBare|junit.framework.TestResult$1.protect	17
c292	FT	1	com.alibaba.json.bvt.parser.JSONReader_top#test_long	PASS				395
c292	FT	2	com.alibaba.json.bvt.parser.DefaultExtJSONParser_parseArray#test_7	FAIL	java.lang.AssertionError	expected:<Sun Jan 09 05:49:53 UTC 2011> but was:<Sun Jan 09 13:49:53 UTC 2011>	org.junit.Assert.fail|org.junit.Assert.failNotEquals|org.junit.Assert.assertEquals|org.junit.Assert.assertEquals|com.alibaba.json.bvt.parser.DefaultExtJSONParser_parseArray.test_7|sun.reflect.NativeMethodAccessorImpl.invoke0|sun.reflect.NativeMethodAccessorImpl.invoke|sun.reflect.DelegatingMethodAccessorImpl.invoke|java.lang.reflect.Method.invoke|junit.framework.TestCase.runTest|junit.framework.TestCase.runBare|junit.framework.TestResult$1.protect	32
c293	FT	1	com.alibaba.json.bvt.parser.JSONScannerTest_ISO8601#test_0	PASS				220
c293	FT	2	com.alibaba.json.bvt.parser.DefaultExtJSONParser_parseArray#test_7	FAIL	java.lang.AssertionError	expected:<Sun Jan 09 05:49:53 UTC 2011> but was:<Sun Jan 09 13:49:53 UTC 2011>	org.junit.Assert.fail|org.junit.Assert.failNotEquals|org.junit.Assert.assertEquals|org.junit.Assert.assertEquals|com.alibaba.json.bvt.parser.DefaultExtJSONParser_parseArray.test_7|sun.reflect.NativeMethodAccessorImpl.invoke0|sun.reflect.NativeMethodAccessorImpl.invoke|sun.reflect.DelegatingMethodAccessorImpl.invoke|java.lang.reflect.Method.invoke|junit.framework.TestCase.runTest|junit.framework.TestCase.runBare|junit.framework.TestResult$1.protect	194
c294	FT	1	com.alibaba.json.bvt.parser.JSONScannerTest_ISO8601#test_2	PASS				223
c294	FT	2	com.alibaba.json.bvt.parser.DefaultExtJSONParser_parseArray#test_7	FAIL	java.lang.AssertionError	expected:<Sun Jan 09 05:49:53 UTC 2011> but was:<Sun Jan 09 13:49:53 UTC 2011>	org.junit.Assert.fail|org.junit.Assert.failNotEquals|org.junit.Assert.assertEquals|org.junit.Assert.assertEquals|com.alibaba.json.bvt.parser.DefaultExtJSONParser_parseArray.test_7|sun.reflect.NativeMethodAccessorImpl.invoke0|sun.reflect.NativeMethodAccessorImpl.invoke|sun.reflect.DelegatingMethodAccessorImpl.invoke|java.lang.reflect.Method.invoke|junit.framework.TestCase.runTest|junit.framework.TestCase.runBare|junit.framework.TestResult$1.protect	193
c295	FT	1	com.alibaba.json.bvt.parser.JSONScannerTest_ISO8601#test_3	PASS				144
c295	FT	2	com.alibaba.json.bvt.parser.DefaultExtJSONParser_parseArray#test_7	FAIL	java.lang.AssertionError	expected:<Sun Jan 09 05:49:53 UTC 2011> but was:<Sun Jan 09 13:49:53 UTC 2011>	org.junit.Assert.fail|org.junit.Assert.failNotEquals|org.junit.Assert.assertEquals|org.junit.Assert.assertEquals|com.alibaba.json.bvt.parser.DefaultExtJSONParser_parseArray.test_7|sun.reflect.NativeMethodAccessorImpl.invoke0|sun.reflect.NativeMethodAccessorImpl.invoke|sun.reflect.DelegatingMethodAccessorImpl.invoke|java.lang.reflect.Method.invoke|junit.framework.TestCase.runTest|junit.framework.TestCase.runBare|junit.framework.TestResult$1.protect	183
c296	FT	1	com.alibaba.json.bvt.parser.JSONScannerTest__nextToken#test_next	PASS				184
c296	FT	2	com.alibaba.json.bvt.parser.DefaultExtJSONParser_parseArray#test_7	FAIL	java.lang.AssertionError	expected:<Sun Jan 09 05:49:53 UTC 2011> but was:<Sun Jan 09 13:49:53 UTC 2011>	org.junit.Assert.fail|org.junit.Assert.failNotEquals|org.junit.Assert.assertEquals|org.junit.Assert.assertEquals|com.alibaba.json.bvt.parser.DefaultExtJSONParser_parseArray.test_7|sun.reflect.NativeMethodAccessorImpl.invoke0|sun.reflect.NativeMethodAccessorImpl.invoke|sun.reflect.DelegatingMethodAccessorImpl.invoke|java.lang.reflect.Method.invoke|junit.framework.TestCase.runTest|junit.framework.TestCase.runBare|junit.framework.TestResult$1.protect	195
c297	FT	1	com.alibaba.json.bvt.parser.JSONScannerTest__nextToken#test_next_1	PASS				153
c297	FT	2	com.alibaba.json.bvt.parser.DefaultExtJSONParser_parseArray#test_7	FAIL	java.lang.AssertionError	expected:<Sun Jan 09 05:49:53 UTC 2011> but was:<Sun Jan 09 13:49:53 UTC 2011>	org.junit.Assert.fail|org.junit.Assert.failNotEquals|org.junit.Assert.assertEquals|org.junit.Assert.assertEquals|com.alibaba.json.bvt.parser.DefaultExtJSONParser_parseArray.test_7|sun.reflect.NativeMethodAccessorImpl.invoke0|sun.reflect.NativeMethodAccessorImpl.invoke|sun.reflect.DelegatingMethodAccessorImpl.invoke|java.lang.reflect.Method.invoke|junit.framework.TestCase.runTest|junit.framework.TestCase.runBare|junit.framework.TestResult$1.protect	189
c298	FT	1	com.alibaba.json.bvt.parser.JSONScannerTest__nextToken#test_next_10	PASS				172
c298	FT	2	com.alibaba.json.bvt.parser.DefaultExtJSONParser_parseArray#test_7	FAIL	java.lang.AssertionError	expected:<Sun Jan 09 05:49:53 UTC 2011> but was:<Sun Jan 09 13:49:53 UTC 2011>	org.junit.Assert.fail|org.junit.Assert.failNotEquals|org.junit.Assert.assertEquals|org.junit.Assert.assertEquals|com.alibaba.json.bvt.parser.DefaultExtJSONParser_parseArray.test_7|sun.reflect.NativeMethodAccessorImpl.invoke0|sun.reflect.NativeMethodAccessorImpl.invoke|sun.reflect.DelegatingMethodAccessorImpl.invoke|java.lang.reflect.Method.invoke|junit.framework.TestCase.runTest|junit.framework.TestCase.runBare|junit.framework.TestResult$1.protect	160
c299	FT	1	com.alibaba.json.bvt.parser.JSONScannerTest__nextToken#test_next_11	PASS				187
c299	FT	2	com.alibaba.json.bvt.parser.DefaultExtJSONParser_parseArray#test_7	FAIL	java.lang.AssertionError	expected:<Sun Jan 09 05:49:53 UTC 2011> but was:<Sun Jan 09 13:49:53 UTC 2011>	org.junit.Assert.fail|org.junit.Assert.failNotEquals|org.junit.Assert.assertEquals|org.junit.Assert.assertEquals|com.alibaba.json.bvt.parser.DefaultExtJSONParser_parseArray.test_7|sun.reflect.NativeMethodAccessorImpl.invoke0|sun.reflect.NativeMethodAccessorImpl.invoke|sun.reflect.DelegatingMethodAccessorImpl.invoke|java.lang.reflect.Method.invoke|junit.framework.TestCase.runTest|junit.framework.TestCase.runBare|junit.framework.TestResult$1.protect	177
c300	FT	1	com.alibaba.json.bvt.parser.JSONScannerTest__nextToken#test_next_12	PASS				224
c300	FT	2	com.alibaba.json.bvt.parser.DefaultExtJSONParser_parseArray#test_7	FAIL	java.lang.AssertionError	expected:<Sun Jan 09 05:49:53 UTC 2011> but was:<Sun Jan 09 13:49:53 UTC 2011>	org.junit.Assert.fail|org.junit.Assert.failNotEquals|org.junit.Assert.assertEquals|org.junit.Assert.assertEquals|com.alibaba.json.bvt.parser.DefaultExtJSONParser_parseArray.test_7|sun.reflect.NativeMethodAccessorImpl.invoke0|sun.reflect.NativeMethodAccessorImpl.invoke|sun.reflect.DelegatingMethodAccessorImpl.invoke|java.lang.reflect.Method.invoke|junit.framework.TestCase.runTest|junit.framework.TestCase.runBare|junit.framework.TestResult$1.protect	208
c301	FT	1	com.alibaba.json.bvt.parser.JSONScannerTest__nextToken#test_next_13	PASS				217
c301	FT	2	com.alibaba.json.bvt.parser.DefaultExtJSONParser_parseArray#test_7	FAIL	java.lang.AssertionError	expected:<Sun Jan 09 05:49:53 UTC 2011> but was:<Sun Jan 09 13:49:53 UTC 2011>	org.junit.Assert.fail|org.junit.Assert.failNotEquals|org.junit.Assert.assertEquals|org.junit.Assert.assertEquals|com.alibaba.json.bvt.parser.DefaultExtJSONParser_parseArray.test_7|sun.reflect.NativeMethodAccessorImpl.invoke0|sun.reflect.NativeMethodAccessorImpl.invoke|sun.reflect.DelegatingMethodAccessorImpl.invoke|java.lang.reflect.Method.invoke|junit.framework.TestCase.runTest|junit.framework.TestCase.runBare|junit.framework.TestResult$1.protect	208
c302	FT	1	com.alibaba.json.bvt.parser.JSONScannerTest__nextToken#test_next_2	PASS				193
c302	FT	2	com.alibaba.json.bvt.parser.DefaultExtJSONParser_parseArray#test_7	FAIL	java.lang.AssertionError	expected:<Sun Jan 09 05:49:53 UTC 2011> but was:<Sun Jan 09 13:49:53 UTC 2011>	org.junit.Assert.fail|org.junit.Assert.failNotEquals|org.junit.Assert.assertEquals|org.junit.Assert.assertEquals|com.alibaba.json.bvt.parser.DefaultExtJSONParser_parseArray.test_7|sun.reflect.NativeMethodAccessorImpl.invoke0|sun.reflect.NativeMethodAccessorImpl.invoke|sun.reflect.DelegatingMethodAccessorImpl.invoke|java.lang.reflect.Method.invoke|junit.framework.TestCase.runTest|junit.framework.TestCase.runBare|junit.framework.TestResult$1.protect	235
c303	FT	1	com.alibaba.json.bvt.parser.JSONScannerTest__nextToken#test_next_3	PASS				221
c303	FT	2	com.alibaba.json.bvt.parser.DefaultExtJSONParser_parseArray#test_7	FAIL	java.lang.AssertionError	expected:<Sun Jan 09 05:49:53 UTC 2011> but was:<Sun Jan 09 13:49:53 UTC 2011>	org.junit.Assert.fail|org.junit.Assert.failNotEquals|org.junit.Assert.assertEquals|org.junit.Assert.assertEquals|com.alibaba.json.bvt.parser.DefaultExtJSONParser_parseArray.test_7|sun.reflect.NativeMethodAccessorImpl.invoke0|sun.reflect.NativeMethodAccessorImpl.invoke|sun.reflect.DelegatingMethodAccessorImpl.invoke|java.lang.reflect.Method.invoke|junit.framework.TestCase.runTest|junit.framework.TestCase.runBare|junit.framework.TestResult$1.protect	226
c304	FT	1	com.alibaba.json.bvt.parser.JSONScannerTest__nextToken#test_next_4	PASS				132
c304	FT	2	com.alibaba.json.bvt.parser.DefaultExtJSONParser_parseArray#test_7	FAIL	java.lang.AssertionError	expected:<Sun Jan 09 05:49:53 UTC 2011> but was:<Sun Jan 09 13:49:53 UTC 2011>	org.junit.Assert.fail|org.junit.Assert.failNotEquals|org.junit.Assert.assertEquals|org.junit.Assert.assertEquals|com.alibaba.json.bvt.parser.DefaultExtJSONParser_parseArray.test_7|sun.reflect.NativeMethodAccessorImpl.invoke0|sun.reflect.NativeMethodAccessorImpl.invoke|sun.reflect.DelegatingMethodAccessorImpl.invoke|java.lang.reflect.Method.invoke|junit.framework.TestCase.runTest|junit.framework.TestCase.runBare|junit.framework.TestResult$1.protect	179
c305	FT	1	com.alibaba.json.bvt.parser.JSONScannerTest__nextToken#test_next_5	PASS				191
c305	FT	2	com.alibaba.json.bvt.parser.DefaultExtJSONParser_parseArray#test_7	FAIL	java.lang.AssertionError	expected:<Sun Jan 09 05:49:53 UTC 2011> but was:<Sun Jan 09 13:49:53 UTC 2011>	org.junit.Assert.fail|org.junit.Assert.failNotEquals|org.junit.Assert.assertEquals|org.junit.Assert.assertEquals|com.alibaba.json.bvt.parser.DefaultExtJSONParser_parseArray.test_7|sun.reflect.NativeMethodAccessorImpl.invoke0|sun.reflect.NativeMethodAccessorImpl.invoke|sun.reflect.DelegatingMethodAccessorImpl.invoke|java.lang.reflect.Method.invoke|junit.framework.TestCase.runTest|junit.framework.TestCase.runBare|junit.framework.TestResult$1.protect	158
c306	FT	1	com.alibaba.json.bvt.parser.JSONScannerTest__nextToken#test_next_6	PASS				191
c306	FT	2	com.alibaba.json.bvt.parser.DefaultExtJSONParser_parseArray#test_7	FAIL	java.lang.AssertionError	expected:<Sun Jan 09 05:49:53 UTC 2011> but was:<Sun Jan 09 13:49:53 UTC 2011>	org.junit.Assert.fail|org.junit.Assert.failNotEquals|org.junit.Assert.assertEquals|org.junit.Assert.assertEquals|com.alibaba.json.bvt.parser.DefaultExtJSONParser_parseArray.test_7|sun.reflect.NativeMethodAccessorImpl.invoke0|sun.reflect.NativeMethodAccessorImpl.invoke|sun.reflect.DelegatingMethodAccessorImpl.invoke|java.lang.reflect.Method.invoke|junit.framework.TestCase.runTest|junit.framework.TestCase.runBare|junit.framework.TestResult$1.protect	224
c307	FT	1	com.alibaba.json.bvt.parser.JSONScannerTest__nextToken#test_next_7	PASS				202
c307	FT	2	com.alibaba.json.bvt.parser.DefaultExtJSONParser_parseArray#test_7	FAIL	java.lang.AssertionError	expected:<Sun Jan 09 05:49:53 UTC 2011> but was:<Sun Jan 09 13:49:53 UTC 2011>	org.junit.Assert.fail|org.junit.Assert.failNotEquals|org.junit.Assert.assertEquals|org.junit.Assert.assertEquals|com.alibaba.json.bvt.parser.DefaultExtJSONParser_parseArray.test_7|sun.reflect.NativeMethodAccessorImpl.invoke0|sun.reflect.NativeMethodAccessorImpl.invoke|sun.reflect.DelegatingMethodAccessorImpl.invoke|java.lang.reflect.Method.invoke|junit.framework.TestCase.runTest|junit.framework.TestCase.runBare|junit.framework.TestResult$1.protect	183
c308	FT	1	com.alibaba.json.bvt.parser.JSONScannerTest__nextToken#test_next_8	PASS				195
c308	FT	2	com.alibaba.json.bvt.parser.DefaultExtJSONParser_parseArray#test_7	FAIL	java.lang.AssertionError	expected:<Sun Jan 09 05:49:53 UTC 2011> but was:<Sun Jan 09 13:49:53 UTC 2011>	org.junit.Assert.fail|org.junit.Assert.failNotEquals|org.junit.Assert.assertEquals|org.junit.Assert.assertEquals|com.alibaba.json.bvt.parser.DefaultExtJSONParser_parseArray.test_7|sun.reflect.NativeMethodAccessorImpl.invoke0|sun.reflect.NativeMethodAccessorImpl.invoke|sun.reflect.DelegatingMethodAccessorImpl.invoke|java.lang.reflect.Method.invoke|junit.framework.TestCase.runTest|junit.framework.TestCase.runBare|junit.framework.TestResult$1.protect	199
c309	FT	1	com.alibaba.json.bvt.parser.JSONScannerTest__nextToken#test_next_9	PASS				171
c309	FT	2	com.alibaba.json.bvt.parser.DefaultExtJSONParser_parseArray#test_7	FAIL	java.lang.AssertionError	expected:<Sun Jan 09 05:49:53 UTC 2011> but was:<Sun Jan 09 13:49:53 UTC 2011>	org.junit.Assert.fail|org.junit.Assert.failNotEquals|org.junit.Assert.assertEquals|org.junit.Assert.assertEquals|com.alibaba.json.bvt.parser.DefaultExtJSONParser_parseArray.test_7|sun.reflect.NativeMethodAccessorImpl.invoke0|sun.reflect.NativeMethodAccessorImpl.invoke|sun.reflect.DelegatingMethodAccessorImpl.invoke|java.lang.reflect.Method.invoke|junit.framework.TestCase.runTest|junit.framework.TestCase.runBare|junit.framework.TestResult$1.protect	225
c310	FT	1	com.alibaba.json.bvt.parser.JSONScannerTest__x#test_x	PASS				392
c310	FT	2	com.alibaba.json.bvt.parser.DefaultExtJSONParser_parseArray#test_7	FAIL	java.lang.AssertionError	expected:<Sun Jan 09 05:49:53 UTC 2011> but was:<Sun Jan 09 13:49:53 UTC 2011>	org.junit.Assert.fail|org.junit.Assert.failNotEquals|org.junit.Assert.assertEquals|org.junit.Assert.assertEquals|com.alibaba.json.bvt.parser.DefaultExtJSONParser_parseArray.test_7|sun.reflect.NativeMethodAccessorImpl.invoke0|sun.reflect.NativeMethodAccessorImpl.invoke|sun.reflect.DelegatingMethodAccessorImpl.invoke|java.lang.reflect.Method.invoke|junit.framework.TestCase.runTest|junit.framework.TestCase.runBare|junit.framework.TestResult$1.protect	19
c311	FT	1	com.alibaba.json.bvt.parser.JSONScannerTest_colon#test_0	PASS				204
c311	FT	2	com.alibaba.json.bvt.parser.DefaultExtJSONParser_parseArray#test_7	FAIL	java.lang.AssertionError	expected:<Sun Jan 09 05:49:53 UTC 2011> but was:<Sun Jan 09 13:49:53 UTC 2011>	org.junit.Assert.fail|org.junit.Assert.failNotEquals|org.junit.Assert.assertEquals|org.junit.Assert.assertEquals|com.alibaba.json.bvt.parser.DefaultExtJSONParser_parseArray.test_7|sun.reflect.NativeMethodAccessorImpl.invoke0|sun.reflect.NativeMethodAccessorImpl.invoke|sun.reflect.DelegatingMethodAccessorImpl.invoke|java.lang.reflect.Method.invoke|junit.framework.TestCase.runTest|junit.framework.TestCase.runBare|junit.framework.TestResult$1.protect	175
c312	FT	1	com.alibaba.json.bvt.parser.JSONScannerTest_colon#test_1	PASS				214
c312	FT	2	com.alibaba.json.bvt.parser.DefaultExtJSONParser_parseArray#test_7	FAIL	java.lang.AssertionError	expected:<Sun Jan 09 05:49:53 UTC 2011> but was:<Sun Jan 09 13:49:53 UTC 2011>	org.junit.Assert.fail|org.junit.Assert.failNotEquals|org.junit.Assert.assertEquals|org.junit.Assert.assertEquals|com.alibaba.json.bvt.parser.DefaultExtJSONParser_parseArray.test_7|sun.reflect.NativeMethodAccessorImpl.invoke0|sun.reflect.NativeMethodAccessorImpl.invoke|sun.reflect.DelegatingMethodAccessorImpl.invoke|java.lang.reflect.Method.invoke|junit.framework.TestCase.runTest|junit.framework.TestCase.runBare|junit.framework.TestResult$1.protect	180
c313	FT	1	com.alibaba.json.bvt.parser.JSONScannerTest_colon#test_2	PASS				205
c313	FT	2	com.alibaba.json.bvt.parser.DefaultExtJSONParser_parseArray#test_7	FAIL	java.lang.AssertionError	expected:<Sun Jan 09 05:49:53 UTC 2011> but was:<Sun Jan 09 13:49:53 UTC 2011>	org.junit.Assert.fail|org.junit.Assert.failNotEquals|org.junit.Assert.assertEquals|org.junit.Assert.assertEquals|com.alibaba.json.bvt.parser.DefaultExtJSONParser_parseArray.test_7|sun.reflect.NativeMethodAccessorImpl.invoke0|sun.reflect.NativeMethodAccessorImpl.invoke|sun.reflect.DelegatingMethodAccessorImpl.invoke|java.lang.reflect.Method.invoke|junit.framework.TestCase.runTest|junit.framework.TestCase.runBare|junit.framework.TestResult$1.protect	209
c314	FT	1	com.alibaba.json.bvt.parser.JSONScannerTest_colon#test_3	PASS				212
c314	FT	2	com.alibaba.json.bvt.parser.DefaultExtJSONParser_parseArray#test_7	FAIL	java.lang.AssertionError	expected:<Sun Jan 09 05:49:53 UTC 2011> but was:<Sun Jan 09 13:49:53 UTC 2011>	org.junit.Assert.fail|org.junit.Assert.failNotEquals|org.junit.Assert.assertEquals|org.junit.Assert.assertEquals|com.alibaba.json.bvt.parser.DefaultExtJSONParser_parseArray.test_7|sun.reflect.NativeMethodAccessorImpl.invoke0|sun.reflect.NativeMethodAccessorImpl.invoke|sun.reflect.DelegatingMethodAccessorImpl.invoke|java.lang.reflect.Method.invoke|junit.framework.TestCase.runTest|junit.framework.TestCase.runBare|junit.framework.TestResult$1.protect	212
c315	FT	1	com.alibaba.json.bvt.parser.JSONScannerTest_colon#test_4	PASS				212
c315	FT	2	com.alibaba.json.bvt.parser.DefaultExtJSONParser_parseArray#test_7	FAIL	java.lang.AssertionError	expected:<Sun Jan 09 05:49:53 UTC 2011> but was:<Sun Jan 09 13:49:53 UTC 2011>	org.junit.Assert.fail|org.junit.Assert.failNotEquals|org.junit.Assert.assertEquals|org.junit.Assert.assertEquals|com.alibaba.json.bvt.parser.DefaultExtJSONParser_parseArray.test_7|sun.reflect.NativeMethodAccessorImpl.invoke0|sun.reflect.NativeMethodAccessorImpl.invoke|sun.reflect.DelegatingMethodAccessorImpl.invoke|java.lang.reflect.Method.invoke|junit.framework.TestCase.runTest|junit.framework.TestCase.runBare|junit.framework.TestResult$1.protect	218
c316	FT	1	com.alibaba.json.bvt.parser.JSONScannerTest_colon#test_5	PASS				191
c316	FT	2	com.alibaba.json.bvt.parser.DefaultExtJSONParser_parseArray#test_7	FAIL	java.lang.AssertionError	expected:<Sun Jan 09 05:49:53 UTC 2011> but was:<Sun Jan 09 13:49:53 UTC 2011>	org.junit.Assert.fail|org.junit.Assert.failNotEquals|org.junit.Assert.assertEquals|org.junit.Assert.assertEquals|com.alibaba.json.bvt.parser.DefaultExtJSONParser_parseArray.test_7|sun.reflect.NativeMethodAccessorImpl.invoke0|sun.reflect.NativeMethodAccessorImpl.invoke|sun.reflect.DelegatingMethodAccessorImpl.invoke|java.lang.reflect.Method.invoke|junit.framework.TestCase.runTest|junit.framework.TestCase.runBare|junit.framework.TestResult$1.protect	199
c317	FT	1	com.alibaba.json.bvt.parser.JSONScannerTest_colon#test_6	PASS				221
c317	FT	2	com.alibaba.json.bvt.parser.DefaultExtJSONParser_parseArray#test_7	FAIL	java.lang.AssertionError	expected:<Sun Jan 09 05:49:53 UTC 2011> but was:<Sun Jan 09 13:49:53 UTC 2011>	org.junit.Assert.fail|org.junit.Assert.failNotEquals|org.junit.Assert.assertEquals|org.junit.Assert.assertEquals|com.alibaba.json.bvt.parser.DefaultExtJSONParser_parseArray.test_7|sun.reflect.NativeMethodAccessorImpl.invoke0|sun.reflect.NativeMethodAccessorImpl.invoke|sun.reflect.DelegatingMethodAccessorImpl.invoke|java.lang.reflect.Method.invoke|junit.framework.TestCase.runTest|junit.framework.TestCase.runBare|junit.framework.TestResult$1.protect	223
c318	FT	1	com.alibaba.json.bvt.parser.JSONScannerTest_colon#test_7	PASS				163
c318	FT	2	com.alibaba.json.bvt.parser.DefaultExtJSONParser_parseArray#test_7	FAIL	java.lang.AssertionError	expected:<Sun Jan 09 05:49:53 UTC 2011> but was:<Sun Jan 09 13:49:53 UTC 2011>	org.junit.Assert.fail|org.junit.Assert.failNotEquals|org.junit.Assert.assertEquals|org.junit.Assert.assertEquals|com.alibaba.json.bvt.parser.DefaultExtJSONParser_parseArray.test_7|sun.reflect.NativeMethodAccessorImpl.invoke0|sun.reflect.NativeMethodAccessorImpl.invoke|sun.reflect.DelegatingMethodAccessorImpl.invoke|java.lang.reflect.Method.invoke|junit.framework.TestCase.runTest|junit.framework.TestCase.runBare|junit.framework.TestResult$1.protect	170
c319	FT	1	com.alibaba.json.bvt.parser.JSONScannerTest_colon#test_8	PASS				201
c319	FT	2	com.alibaba.json.bvt.parser.DefaultExtJSONParser_parseArray#test_7	FAIL	java.lang.AssertionError	expected:<Sun Jan 09 05:49:53 UTC 2011> but was:<Sun Jan 09 13:49:53 UTC 2011>	org.junit.Assert.fail|org.junit.Assert.failNotEquals|org.junit.Assert.assertEquals|org.junit.Assert.assertEquals|com.alibaba.json.bvt.parser.DefaultExtJSONParser_parseArray.test_7|sun.reflect.NativeMethodAccessorImpl.invoke0|sun.reflect.NativeMethodAccessorImpl.invoke|sun.reflect.DelegatingMethodAccessorImpl.invoke|java.lang.reflect.Method.invoke|junit.framework.TestCase.runTest|junit.framework.TestCase.runBare|junit.framework.TestResult$1.protect	224
c320	FT	1	com.alibaba.json.bvt.parser.JSONScannerTest_colon#test_f	PASS				140
c320	FT	2	com.alibaba.json.bvt.parser.DefaultExtJSONParser_parseArray#test_7	FAIL	java.lang.AssertionError	expected:<Sun Jan 09 05:49:53 UTC 2011> but was:<Sun Jan 09 13:49:53 UTC 2011>	org.junit.Assert.fail|org.junit.Assert.failNotEquals|org.junit.Assert.assertEquals|org.junit.Assert.assertEquals|com.alibaba.json.bvt.parser.DefaultExtJSONParser_parseArray.test_7|sun.reflect.NativeMethodAccessorImpl.invoke0|sun.reflect.NativeMethodAccessorImpl.invoke|sun.reflect.DelegatingMethodAccessorImpl.invoke|java.lang.reflect.Method.invoke|junit.framework.TestCase.runTest|junit.framework.TestCase.runBare|junit.framework.TestResult$1.protect	216
c321	FT	1	com.alibaba.json.bvt.parser.JSONScannerTest_false#test_scan_false_0	PASS				160
c321	FT	2	com.alibaba.json.bvt.parser.DefaultExtJSONParser_parseArray#test_7	FAIL	java.lang.AssertionError	expected:<Sun Jan 09 05:49:53 UTC 2011> but was:<Sun Jan 09 13:49:53 UTC 2011>	org.junit.Assert.fail|org.junit.Assert.failNotEquals|org.junit.Assert.assertEquals|org.junit.Assert.assertEquals|com.alibaba.json.bvt.parser.DefaultExtJSONParser_parseArray.test_7|sun.reflect.NativeMethodAccessorImpl.invoke0|sun.reflect.NativeMethodAccessorImpl.invoke|sun.reflect.DelegatingMethodAccessorImpl.invoke|java.lang.reflect.Method.invoke|junit.framework.TestCase.runTest|junit.framework.TestCase.runBare|junit.framework.TestResult$1.protect	180
c322	FT	1	com.alibaba.json.bvt.parser.JSONScannerTest_false#test_scan_false_1	PASS				202
c322	FT	2	com.alibaba.json.bvt.parser.DefaultExtJSONParser_parseArray#test_7	FAIL	java.lang.AssertionError	expected:<Sun Jan 09 05:49:53 UTC 2011> but was:<Sun Jan 09 13:49:53 UTC 2011>	org.junit.Assert.fail|org.junit.Assert.failNotEquals|org.junit.Assert.assertEquals|org.junit.Assert.assertEquals|com.alibaba.json.bvt.parser.DefaultExtJSONParser_parseArray.test_7|sun.reflect.NativeMethodAccessorImpl.invoke0|sun.reflect.NativeMethodAccessorImpl.invoke|sun.reflect.DelegatingMethodAccessorImpl.invoke|java.lang.reflect.Method.invoke|junit.framework.TestCase.runTest|junit.framework.TestCase.runBare|junit.framework.TestResult$1.protect	199
c323	FT	1	com.alibaba.json.bvt.parser.JSONScannerTest_false#test_scan_false_10	PASS				165
c323	FT	2	com.alibaba.json.bvt.parser.DefaultExtJSONParser_parseArray#test_7	FAIL	java.lang.AssertionError	expected:<Sun Jan 09 05:49:53 UTC 2011> but was:<Sun Jan 09 13:49:53 UTC 2011>	org.junit.Assert.fail|org.junit.Assert.failNotEquals|org.junit.Assert.assertEquals|org.junit.Assert.assertEquals|com.alibaba.json.bvt.parser.DefaultExtJSONParser_parseArray.test_7|sun.reflect.NativeMethodAccessorImpl.invoke0|sun.reflect.NativeMethodAccessorImpl.invoke|sun.reflect.DelegatingMethodAccessorImpl.invoke|java.lang.reflect.Method.invoke|junit.framework.TestCase.runTest|junit.framework.TestCase.runBare|junit.framework.TestResult$1.protect	177
c324	FT	1	com.alibaba.json.bvt.parser.JSONScannerTest_false#test_scan_false_11	PASS				155
c324	FT	2	com.alibaba.json.bvt.parser.DefaultExtJSONParser_parseArray#test_7	FAIL	java.lang.AssertionError	expected:<Sun Jan 09 05:49:53 UTC 2011> but was:<Sun Jan 09 13:49:53 UTC 2011>	org.junit.Assert.fail|org.junit.Assert.failNotEquals|org.junit.Assert.assertEquals|org.junit.Assert.assertEquals|com.alibaba.json.bvt.parser.DefaultExtJSONParser_parseArray.test_7|sun.reflect.NativeMethodAccessorImpl.invoke0|sun.reflect.NativeMethodAccessorImpl.invoke|sun.reflect.DelegatingMethodAccessorImpl.invoke|java.lang.reflect.Method.invoke|junit.framework.TestCase.runTest|junit.framework.TestCase.runBare|junit.framework.TestResult$1.protect	221
c325	FT	1	com.alibaba.json.bvt.parser.JSONScannerTest_false#test_scan_false_12	PASS				197
c325	FT	2	com.alibaba.json.bvt.parser.DefaultExtJSONParser_parseArray#test_7	FAIL	java.lang.AssertionError	expected:<Sun Jan 09 05:49:53 UTC 2011> but was:<Sun Jan 09 13:49:53 UTC 2011>	org.junit.Assert.fail|org.junit.Assert.failNotEquals|org.junit.Assert.assertEquals|org.junit.Assert.assertEquals|com.alibaba.json.bvt.parser.DefaultExtJSONParser_parseArray.test_7|sun.reflect.NativeMethodAccessorImpl.invoke0|sun.reflect.NativeMethodAccessorImpl.invoke|sun.reflect.DelegatingMethodAccessorImpl.invoke|java.lang.reflect.Method.invoke|junit.framework.TestCase.runTest|junit.framework.TestCase.runBare|junit.framework.TestResult$1.protect	226
c326	FT	1	com.alibaba.json.bvt.parser.JSONScannerTest_false#test_scan_false_13	PASS				171
c326	FT	2	com.alibaba.json.bvt.parser.DefaultExtJSONParser_parseArray#test_7	FAIL	java.lang.AssertionError	expected:<Sun Jan 09 05:49:53 UTC 2011> but was:<Sun Jan 09 13:49:53 UTC 2011>	org.junit.Assert.fail|org.junit.Assert.failNotEquals|org.junit.Assert.assertEquals|org.junit.Assert.assertEquals|com.alibaba.json.bvt.parser.DefaultExtJSONParser_parseArray.test_7|sun.reflect.NativeMethodAccessorImpl.invoke0|sun.reflect.NativeMethodAccessorImpl.invoke|sun.reflect.DelegatingMethodAccessorImpl.invoke|java.lang.reflect.Method.invoke|junit.framework.TestCase.runTest|junit.framework.TestCase.runBare|junit.framework.TestResult$1.protect	203
c327	FT	1	com.alibaba.json.bvt.parser.JSONScannerTest_false#test_scan_false_14	PASS				183
c327	FT	2	com.alibaba.json.bvt.parser.DefaultExtJSONParser_parseArray#test_7	FAIL	java.lang.AssertionError	expected:<Sun Jan 09 05:49:53 UTC 2011> but was:<Sun Jan 09 13:49:53 UTC 2011>	org.junit.Assert.fail|org.junit.Assert.failNotEquals|org.junit.Assert.assertEquals|org.junit.Assert.assertEquals|com.alibaba.json.bvt.parser.DefaultExtJSONParser_parseArray.test_7|sun.reflect.NativeMethodAccessorImpl.invoke0|sun.reflect.NativeMethodAccessorImpl.invoke|sun.reflect.DelegatingMethodAccessorImpl.invoke|java.lang.reflect.Method.invoke|junit.framework.TestCase.runTest|junit.framework.TestCase.runBare|junit.framework.TestResult$1.protect	203
c328	FT	1	com.alibaba.json.bvt.parser.JSONScannerTest_false#test_scan_false_15	PASS				206
c328	FT	2	com.alibaba.json.bvt.parser.DefaultExtJSONParser_parseArray#test_7	FAIL	java.lang.AssertionError	expected:<Sun Jan 09 05:49:53 UTC 2011> but was:<Sun Jan 09 13:49:53 UTC 2011>	org.junit.Assert.fail|org.junit.Assert.failNotEquals|org.junit.Assert.assertEquals|org.junit.Assert.assertEquals|com.alibaba.json.bvt.parser.DefaultExtJSONParser_parseArray.test_7|sun.reflect.NativeMethodAccessorImpl.invoke0|sun.reflect.NativeMethodAccessorImpl.invoke|sun.reflect.DelegatingMethodAccessorImpl.invoke|java.lang.reflect.Method.invoke|junit.framework.TestCase.runTest|junit.framework.TestCase.runBare|junit.framework.TestResult$1.protect	172
c329	FT	1	com.alibaba.json.bvt.parser.JSONScannerTest_false#test_scan_false_2	PASS				203
c329	FT	2	com.alibaba.json.bvt.parser.DefaultExtJSONParser_parseArray#test_7	FAIL	java.lang.AssertionError	expected:<Sun Jan 09 05:49:53 UTC 2011> but was:<Sun Jan 09 13:49:53 UTC 2011>	org.junit.Assert.fail|org.junit.Assert.failNotEquals|org.junit.Assert.assertEquals|org.junit.Assert.assertEquals|com.alibaba.json.bvt.parser.DefaultExtJSONParser_parseArray.test_7|sun.reflect.NativeMethodAccessorImpl.invoke0|sun.reflect.NativeMethodAccessorImpl.invoke|sun.reflect.DelegatingMethodAccessorImpl.invoke|java.lang.reflect.Method.invoke|junit.framework.TestCase.runTest|junit.framework.TestCase.runBare|junit.framework.TestResult$1.protect	191
c330	FT	1	com.alibaba.json.bvt.parser.JSONScannerTest_false#test_scan_false_3	PASS				187
c330	FT	2	com.alibaba.json.bvt.parser.DefaultExtJSONParser_parseArray#test_7	FAIL	java.lang.AssertionError	expected:<Sun Jan 09 05:49:53 UTC 2011> but was:<Sun Jan 09 13:49:53 UTC 2011>	org.junit.Assert.fail|org.junit.Assert.failNotEquals|org.junit.Assert.assertEquals|org.junit.Assert.assertEquals|com.alibaba.json.bvt.parser.DefaultExtJSONParser_parseArray.test_7|sun.reflect.NativeMethodAccessorImpl.invoke0|sun.reflect.NativeMethodAccessorImpl.invoke|sun.reflect.DelegatingMethodAccessorImpl.invoke|java.lang.reflect.Method.invoke|junit.framework.TestCase.runTest|junit.framework.TestCase.runBare|junit.framework.TestResult$1.protect	198
c331	FT	1	com.alibaba.json.bvt.parser.JSONScannerTest_false#test_scan_false_4	PASS				232
c331	FT	2	com.alibaba.json.bvt.parser.DefaultExtJSONParser_parseArray#test_7	FAIL	java.lang.AssertionError	expected:<Sun Jan 09 05:49:53 UTC 2011> but was:<Sun Jan 09 13:49:53 UTC 2011>	org.junit.Assert.fail|org.junit.Assert.failNotEquals|org.junit.Assert.assertEquals|org.junit.Assert.assertEquals|com.alibaba.json.bvt.parser.DefaultExtJSONParser_parseArray.test_7|sun.reflect.NativeMethodAccessorImpl.invoke0|sun.reflect.NativeMethodAccessorImpl.invoke|sun.reflect.DelegatingMethodAccessorImpl.invoke|java.lang.reflect.Method.invoke|junit.framework.TestCase.runTest|junit.framework.TestCase.runBare|junit.framework.TestResult$1.protect	207
c332	FT	1	com.alibaba.json.bvt.parser.JSONScannerTest_false#test_scan_false_5	PASS				172
c332	FT	2	com.alibaba.json.bvt.parser.DefaultExtJSONParser_parseArray#test_7	FAIL	java.lang.AssertionError	expected:<Sun Jan 09 05:49:53 UTC 2011> but was:<Sun Jan 09 13:49:53 UTC 2011>	org.junit.Assert.fail|org.junit.Assert.failNotEquals|org.junit.Assert.assertEquals|org.junit.Assert.assertEquals|com.alibaba.json.bvt.parser.DefaultExtJSONParser_parseArray.test_7|sun.reflect.NativeMethodAccessorImpl.invoke0|sun.reflect.NativeMethodAccessorImpl.invoke|sun.reflect.DelegatingMethodAccessorImpl.invoke|java.lang.reflect.Method.invoke|junit.framework.TestCase.runTest|junit.framework.TestCase.runBare|junit.framework.TestResult$1.protect	211
c333	FT	1	com.alibaba.json.bvt.parser.JSONScannerTest_false#test_scan_false_6	PASS				223
c333	FT	2	com.alibaba.json.bvt.parser.DefaultExtJSONParser_parseArray#test_7	FAIL	java.lang.AssertionError	expected:<Sun Jan 09 05:49:53 UTC 2011> but was:<Sun Jan 09 13:49:53 UTC 2011>	org.junit.Assert.fail|org.junit.Assert.failNotEquals|org.junit.Assert.assertEquals|org.junit.Assert.assertEquals|com.alibaba.json.bvt.parser.DefaultExtJSONParser_parseArray.test_7|sun.reflect.NativeMethodAccessorImpl.invoke0|sun.reflect.NativeMethodAccessorImpl.invoke|sun.reflect.DelegatingMethodAccessorImpl.invoke|java.lang.reflect.Method.invoke|junit.framework.TestCase.runTest|junit.framework.TestCase.runBare|junit.framework.TestResult$1.protect	224
c334	FT	1	com.alibaba.json.bvt.parser.JSONScannerTest_false#test_scan_false_6_1	PASS				217
c334	FT	2	com.alibaba.json.bvt.parser.DefaultExtJSONParser_parseArray#test_7	FAIL	java.lang.AssertionError	expected:<Sun Jan 09 05:49:53 UTC 2011> but was:<Sun Jan 09 13:49:53 UTC 2011>	org.junit.Assert.fail|org.junit.Assert.failNotEquals|org.junit.Assert.assertEquals|org.junit.Assert.assertEquals|com.alibaba.json.bvt.parser.DefaultExtJSONParser_parseArray.test_7|sun.reflect.NativeMethodAccessorImpl.invoke0|sun.reflect.NativeMethodAccessorImpl.invoke|sun.reflect.DelegatingMethodAccessorImpl.invoke|java.lang.reflect.Method.invoke|junit.framework.TestCase.runTest|junit.framework.TestCase.runBare|junit.framework.TestResult$1.protect	207
c335	FT	1	com.alibaba.json.bvt.parser.JSONScannerTest_false#test_scan_false_7	PASS				213
c335	FT	2	com.alibaba.json.bvt.parser.DefaultExtJSONParser_parseArray#test_7	FAIL	java.lang.AssertionError	expected:<Sun Jan 09 05:49:53 UTC 2011> but was:<Sun Jan 09 13:49:53 UTC 2011>	org.junit.Assert.fail|org.junit.Assert.failNotEquals|org.junit.Assert.assertEquals|org.junit.Assert.assertEquals|com.alibaba.json.bvt.parser.DefaultExtJSONParser_parseArray.test_7|sun.reflect.NativeMethodAccessorImpl.invoke0|sun.reflect.NativeMethodAccessorImpl.invoke|sun.reflect.DelegatingMethodAccessorImpl.invoke|java.lang.reflect.Method.invoke|junit.framework.TestCase.runTest|junit.framework.TestCase.runBare|junit.framework.TestResult$1.protect	196
c336	FT	1	com.alibaba.json.bvt.parser.JSONScannerTest_false#test_scan_false_8	PASS				138
c336	FT	2	com.alibaba.json.bvt.parser.DefaultExtJSONParser_parseArray#test_7	FAIL	java.lang.AssertionError	expected:<Sun Jan 09 05:49:53 UTC 2011> but was:<Sun Jan 09 13:49:53 UTC 2011>	org.junit.Assert.fail|org.junit.Assert.failNotEquals|org.junit.Assert.assertEquals|org.junit.Assert.assertEquals|com.alibaba.json.bvt.parser.DefaultExtJSONParser_parseArray.test_7|sun.reflect.NativeMethodAccessorImpl.invoke0|sun.reflect.NativeMethodAccessorImpl.invoke|sun.reflect.DelegatingMethodAccessorImpl.invoke|java.lang.reflect.Method.invoke|junit.framework.TestCase.runTest|junit.framework.TestCase.runBare|junit.framework.TestResult$1.protect	163
c337	FT	1	com.alibaba.json.bvt.parser.JSONScannerTest_false#test_scan_false_9	PASS				146
c337	FT	2	com.alibaba.json.bvt.parser.DefaultExtJSONParser_parseArray#test_7	FAIL	java.lang.AssertionError	expected:<Sun Jan 09 05:49:53 UTC 2011> but was:<Sun Jan 09 13:49:53 UTC 2011>	org.junit.Assert.fail|org.junit.Assert.failNotEquals|org.junit.Assert.assertEquals|org.junit.Assert.assertEquals|com.alibaba.json.bvt.parser.DefaultExtJSONParser_parseArray.test_7|sun.reflect.NativeMethodAccessorImpl.invoke0|sun.reflect.NativeMethodAccessorImpl.invoke|sun.reflect.DelegatingMethodAccessorImpl.invoke|java.lang.reflect.Method.invoke|junit.framework.TestCase.runTest|junit.framework.TestCase.runBare|junit.framework.TestResult$1.protect	182
c338	FT	1	com.alibaba.json.bvt.parser.JSONScannerTest_ident#test_Date	PASS				213
c338	FT	2	com.alibaba.json.bvt.parser.DefaultExtJSONParser_parseArray#test_7	FAIL	java.lang.AssertionError	expected:<Sun Jan 09 05:49:53 UTC 2011> but was:<Sun Jan 09 13:49:53 UTC 2011>	org.junit.Assert.fail|org.junit.Assert.failNotEquals|org.junit.Assert.assertEquals|org.junit.Assert.assertEquals|com.alibaba.json.bvt.parser.DefaultExtJSONParser_parseArray.test_7|sun.reflect.NativeMethodAccessorImpl.invoke0|sun.reflect.NativeMethodAccessorImpl.invoke|sun.reflect.DelegatingMethodAccessorImpl.invoke|java.lang.reflect.Method.invoke|junit.framework.TestCase.runTest|junit.framework.TestCase.runBare|junit.framework.TestResult$1.protect	209
c339	FT	1	com.alibaba.json.bvt.parser.JSONScannerTest_ident#test_false	PASS				200
c339	FT	2	com.alibaba.json.bvt.parser.DefaultExtJSONParser_parseArray#test_7	FAIL	java.lang.AssertionError	expected:<Sun Jan 09 05:49:53 UTC 2011> but was:<Sun Jan 09 13:49:53 UTC 2011>	org.junit.Assert.fail|org.junit.Assert.failNotEquals|org.junit.Assert.assertEquals|org.junit.Assert.assertEquals|com.alibaba.json.bvt.parser.DefaultExtJSONParser_parseArray.test_7|sun.reflect.NativeMethodAccessorImpl.invoke0|sun.reflect.NativeMethodAccessorImpl.invoke|sun.reflect.DelegatingMethodAccessorImpl.invoke|java.lang.reflect.Method.invoke|junit.framework.TestCase.runTest|junit.framework.TestCase.runBare|junit.framework.TestResult$1.protect	213
c340	FT	1	com.alibaba.json.bvt.parser.JSONScannerTest_ident#test_new	PASS				203
c340	FT	2	com.alibaba.json.bvt.parser.DefaultExtJSONParser_parseArray#test_7	FAIL	java.lang.AssertionError	expected:<Sun Jan 09 05:49:53 UTC 2011> but was:<Sun Jan 09 13:49:53 UTC 2011>	org.junit.Assert.fail|org.junit.Assert.failNotEquals|org.junit.Assert.assertEquals|org.junit.Assert.assertEquals|com.alibaba.json.bvt.parser.DefaultExtJSONParser_parseArray.test_7|sun.reflect.NativeMethodAccessorImpl.invoke0|sun.reflect.NativeMethodAccessorImpl.invoke|sun.reflect.DelegatingMethodAccessorImpl.invoke|java.lang.reflect.Method.invoke|junit.framework.TestCase.runTest|junit.framework.TestCase.runBare|junit.framework.TestResult$1.protect	222
c341	FT	1	com.alibaba.json.bvt.parser.JSONScannerTest_ident#test_null	PASS				115
c341	FT	2	com.alibaba.json.bvt.parser.DefaultExtJSONParser_parseArray#test_7	FAIL	java.lang.AssertionError	expected:<Sun Jan 09 05:49:53 UTC 2011> but was:<Sun Jan 09 13:49:53 UTC 2011>	org.junit.Assert.fail|org.junit.Assert.failNotEquals|org.junit.Assert.assertEquals|org.junit.Assert.assertEquals|com.alibaba.json.bvt.parser.DefaultExtJSONParser_parseArray.test_7|sun.reflect.NativeMethodAccessorImpl.invoke0|sun.reflect.NativeMethodAccessorImpl.invoke|sun.reflect.DelegatingMethodAccessorImpl.invoke|java.lang.reflect.Method.invoke|junit.framework.TestCase.runTest|junit.framework.TestCase.runBare|junit.framework.TestResult$1.protect	223
c342	FT	1	com.alibaba.json.bvt.parser.JSONScannerTest_ident#test_true	PASS				152
c342	FT	2	com.alibaba.json.bvt.parser.DefaultExtJSONParser_parseArray#test_7	FAIL	java.lang.AssertionError	expected:<Sun Jan 09 05:49:53 UTC 2011> but was:<Sun Jan 09 13:49:53 UTC 2011>	org.junit.Assert.fail|org.junit.Assert.failNotEquals|org.junit.Assert.assertEquals|org.junit.Assert.assertEquals|com.alibaba.json.bvt.parser.DefaultExtJSONParser_parseArray.test_7|sun.reflect.NativeMethodAccessorImpl.invoke0|sun.reflect.NativeMethodAccessorImpl.invoke|sun.reflect.DelegatingMethodAccessorImpl.invoke|java.lang.reflect.Method.invoke|junit.framework.TestCase.runTest|junit.framework.TestCase.runBare|junit.framework.TestResult$1.protect	185
c343	FT	1	com.alibaba.json.bvt.parser.JSONScannerTest_int#test_error_0	PASS				216
c343	FT	2	com.alibaba.json.bvt.parser.DefaultExtJSONParser_parseArray#test_7	FAIL	java.lang.AssertionError	expected:<Sun Jan 09 05:49:53 UTC 2011> but was:<Sun Jan 09 13:49:53 UTC 2011>	org.junit.Assert.fail|org.junit.Assert.failNotEquals|org.junit.Assert.assertEquals|org.junit.Assert.assertEquals|com.alibaba.json.bvt.parser.DefaultExtJSONParser_parseArray.test_7|sun.reflect.NativeMethodAccessorImpl.invoke0|sun.reflect.NativeMethodAccessorImpl.invoke|sun.reflect.DelegatingMethodAccessorImpl.invoke|java.lang.reflect.Method.invoke|junit.framework.TestCase.runTest|junit.framework.TestCase.runBare|junit.framework.TestResult$1.protect	200
c344	FT	1	com.alibaba.json.bvt.parser.JSONScannerTest_int#test_error_1	PASS				221
c344	FT	2	com.alibaba.json.bvt.parser.DefaultExtJSONParser_parseArray#test_7	FAIL	java.lang.AssertionError	expected:<Sun Jan 09 05:49:53 UTC 2011> but was:<Sun Jan 09 13:49:53 UTC 2011>	org.junit.Assert.fail|org.junit.Assert.failNotEquals|org.junit.Assert.assertEquals|org.junit.Assert.assertEquals|com.alibaba.json.bvt.parser.DefaultExtJSONParser_parseArray.test_7|sun.reflect.NativeMethodAccessorImpl.invoke0|sun.reflect.NativeMethodAccessorImpl.invoke|sun.reflect.DelegatingMethodAccessorImpl.invoke|java.lang.reflect.Method.invoke|junit.framework.TestCase.runTest|junit.framework.TestCase.runBare|junit.framework.TestResult$1.protect	211
c345	FT	1	com.alibaba.json.bvt.parser.JSONScannerTest_int#test_error_2	PASS				199
c345	FT	2	com.alibaba.json.bvt.parser.DefaultExtJSONParser_parseArray#test_7	FAIL	java.lang.AssertionError	expected:<Sun Jan 09 05:49:53 UTC 2011> but was:<Sun Jan 09 13:49:53 UTC 2011>	org.junit.Assert.fail|org.junit.Assert.failNotEquals|org.junit.Assert.assertEquals|org.junit.Assert.assertEquals|com.alibaba.json.bvt.parser.DefaultExtJSONParser_parseArray.test_7|sun.reflect.NativeMethodAccessorImpl.invoke0|sun.reflect.NativeMethodAccessorImpl.invoke|sun.reflect.DelegatingMethodAccessorImpl.invoke|java.lang.reflect.Method.invoke|junit.framework.TestCase.runTest|junit.framework.TestCase.runBare|junit.framework.TestResult$1.protect	160
c346	FT	1	com.alibaba.json.bvt.parser.JSONScannerTest_int#test_error_3	PASS				168
c346	FT	2	com.alibaba.json.bvt.parser.DefaultExtJSONParser_parseArray#test_7	FAIL	java.lang.AssertionError	expected:<Sun Jan 09 05:49:53 UTC 2011> but was:<Sun Jan 09 13:49:53 UTC 2011>	org.junit.Assert.fail|org.junit.Assert.failNotEquals|org.junit.Assert.assertEquals|org.junit.Assert.assertEquals|com.alibaba.json.bvt.parser.DefaultExtJSONParser_parseArray.test_7|sun.reflect.NativeMethodAccessorImpl.invoke0|sun.reflect.NativeMethodAccessorImpl.invoke|sun.reflect.DelegatingMethodAccessorImpl.invoke|java.lang.reflect.Method.invoke|junit.framework.TestCase.runTest|junit.framework.TestCase.runBare|junit.framework.TestResult$1.protect	214
c347	1787916315783
c347	FT	1	com.alibaba.json.bvt.parser.JSONScannerTest_int#test_parse_long_2	PASS				174
c347	FT	2	com.alibaba.json.bvt.parser.DefaultExtJSONParser_parseArray#test_7	FAIL	java.lang.AssertionError	expected:<Sun Jan 09 05:49:53 UTC 2011> but was:<Sun Jan 09 13:49:53 UTC 2011>	org.junit.Assert.fail|org.junit.Assert.failNotEquals|org.junit.Assert.assertEquals|org.junit.Assert.assertEquals|com.alibaba.json.bvt.parser.DefaultExtJSONParser_parseArray.test_7|sun.reflect.NativeMethodAccessorImpl.invoke0|sun.reflect.NativeMethodAccessorImpl.invoke|sun.reflect.DelegatingMethodAccessorImpl.invoke|java.lang.reflect.Method.invoke|junit.framework.TestCase.runTest|junit.framework.TestCase.runBare|junit.framework.TestResult$1.protect	207
c348	FT	1	com.alibaba.json.bvt.parser.JSONScannerTest_isEOF#test_0	PASS				394
c348	FT	2	com.alibaba.json.bvt.parser.DefaultExtJSONParser_parseArray#test_7	FAIL	java.lang.AssertionError	expected:<Sun Jan 09 05:49:53 UTC 2011> but was:<Sun Jan 09 13:49:53 UTC 2011>	org.junit.Assert.fail|org.junit.Assert.failNotEquals|org.junit.Assert.assertEquals|org.junit.Assert.assertEquals|com.alibaba.json.bvt.parser.DefaultExtJSONParser_parseArray.test_7|sun.reflect.NativeMethodAccessorImpl.invoke0|sun.reflect.NativeMethodAccessorImpl.invoke|sun.reflect.DelegatingMethodAccessorImpl.invoke|java.lang.reflect.Method.invoke|junit.framework.TestCase.runTest|junit.framework.TestCase.runBare|junit.framework.TestResult$1.protect	17
c349	FT	1	com.alibaba.json.bvt.parser.JSONScannerTest_isEOF#test_1	PASS				199
c349	FT	2	com.alibaba.json.bvt.parser.DefaultExtJSONParser_parseArray#test_7	FAIL	java.lang.AssertionError	expected:<Sun Jan 09 05:49:53 UTC 2011> but was:<Sun Jan 09 13:49:53 UTC 2011>	org.junit.Assert.fail|org.junit.Assert.failNotEquals|org.junit.Assert.assertEquals|org.junit.Assert.assertEquals|com.alibaba.json.bvt.parser.DefaultExtJSONParser_parseArray.test_7|sun.reflect.NativeMethodAccessorImpl.invoke0|sun.reflect.NativeMethodAccessorImpl.invoke|sun.reflect.DelegatingMethodAccessorImpl.invoke|java.lang.reflect.Method.invoke|junit.framework.TestCase.runTest|junit.framework.TestCase.runBare|junit.framework.TestResult$1.protect	194
c350	FT	1	com.alibaba.json.bvt.parser.JSONScannerTest_isEOF#test_2	PASS				209
c350	FT	2	com.alibaba.json.bvt.parser.DefaultExtJSONParser_parseArray#test_7	FAIL	java.lang.AssertionError	expected:<Sun Jan 09 05:49:53 UTC 2011> but was:<Sun Jan 09 13:49:53 UTC 2011>	org.junit.Assert.fail|org.junit.Assert.failNotEquals|org.junit.Assert.assertEquals|org.junit.Assert.assertEquals|com.alibaba.json.bvt.parser.DefaultExtJSONParser_parseArray.test_7|sun.reflect.NativeMethodAccessorImpl.invoke0|sun.reflect.NativeMethodAccessorImpl.invoke|sun.reflect.DelegatingMethodAccessorImpl.invoke|java.lang.reflect.Method.invoke|junit.framework.TestCase.runTest|junit.framework.TestCase.runBare|junit.framework.TestResult$1.protect	183
c351	FT	1	com.alibaba.json.bvt.parser.JSONScannerTest_isEOF#test_3	PASS				145
c351	FT	2	com.alibaba.json.bvt.parser.DefaultExtJSONParser_parseArray#test_7	FAIL	java.lang.AssertionError	expected:<Sun Jan 09 05:49:53 UTC 2011> but was:<Sun Jan 09 13:49:53 UTC 2011>	org.junit.Assert.fail|org.junit.Assert.failNotEquals|org.junit.Assert.assertEquals|org.junit.Assert.assertEquals|com.alibaba.json.bvt.parser.DefaultExtJSONParser_parseArray.test_7|sun.reflect.NativeMethodAccessorImpl.invoke0|sun.reflect.NativeMethodAccessorImpl.invoke|sun.reflect.DelegatingMethodAccessorImpl.invoke|java.lang.reflect.Method.invoke|junit.framework.TestCase.runTest|junit.framework.TestCase.runBare|junit.framework.TestResult$1.protect	166
c352	FT	1	com.alibaba.json.bvt.parser.JSONScannerTest_long#test_error_0	PASS				192
c352	FT	2	com.alibaba.json.bvt.parser.DefaultExtJSONParser_parseArray#test_7	FAIL	java.lang.AssertionError	expected:<Sun Jan 09 05:49:53 UTC 2011> but was:<Sun Jan 09 13:49:53 UTC 2011>	org.junit.Assert.fail|org.junit.Assert.failNotEquals|org.junit.Assert.assertEquals|org.junit.Assert.assertEquals|com.alibaba.json.bvt.parser.DefaultExtJSONParser_parseArray.test_7|sun.reflect.NativeMethodAccessorImpl.invoke0|sun.reflect.NativeMethodAccessorImpl.invoke|sun.reflect.DelegatingMethodAccessorImpl.invoke|java.lang.reflect.Method.invoke|junit.framework.TestCase.runTest|junit.framework.TestCase.runBare|junit.framework.TestResult$1.protect	197
c353	FT	1	com.alibaba.json.bvt.parser.JSONScannerTest_long#test_error_1	PASS				199
c353	FT	2	com.alibaba.json.bvt.parser.DefaultExtJSONParser_parseArray#test_7	FAIL	java.lang.AssertionError	expected:<Sun Jan 09 05:49:53 UTC 2011> but was:<Sun Jan 09 13:49:53 UTC 2011>	org.junit.Assert.fail|org.junit.Assert.failNotEquals|org.junit.Assert.assertEquals|org.junit.Assert.assertEquals|com.alibaba.json.bvt.parser.DefaultExtJSONParser_parseArray.test_7|sun.reflect.NativeMethodAccessorImpl.invoke0|sun.reflect.NativeMethodAccessorImpl.invoke|sun.reflect.DelegatingMethodAccessorImpl.invoke|java.lang.reflect.Method.invoke|junit.framework.TestCase.runTest|junit.framework.TestCase.runBare|junit.framework.TestResult$1.protect	212
c354	FT	1	com.alibaba.json.bvt.parser.JSONScannerTest_long#test_error_2	PASS				214
c354	FT	2	com.alibaba.json.bvt.parser.DefaultExtJSONParser_parseArray#test_7	FAIL	java.lang.AssertionError	expected:<Sun Jan 09 05:49:53 UTC 2011> but was:<Sun Jan 09 13:49:53 UTC 2011>	org.junit.Assert.fail|org.junit.Assert.failNotEquals|org.junit.Assert.assertEquals|org.junit.Assert.assertEquals|com.alibaba.json.bvt.parser.DefaultExtJSONParser_parseArray.test_7|sun.reflect.NativeMethodAccessorImpl.invoke0|sun.reflect.NativeMethodAccessorImpl.invoke|sun.reflect.DelegatingMethodAccessorImpl.invoke|java.lang.reflect.Method.invoke|junit.framework.TestCase.runTest|junit.framework.TestCase.runBare|junit.framework.TestResult$1.protect	182
c355	FT	1	com.alibaba.json.bvt.parser.JSONScannerTest_long#test_error_3	PASS				190
c355	FT	2	com.alibaba.json.bvt.parser.DefaultExtJSONParser_parseArray#test_7	FAIL	java.lang.AssertionError	expected:<Sun Jan 09 05:49:53 UTC 2011> but was:<Sun Jan 09 13:49:53 UTC 2011>	org.junit.Assert.fail|org.junit.Assert.failNotEquals|org.junit.Assert.assertEquals|org.junit.Assert.assertEquals|com.alibaba.json.bvt.parser.DefaultExtJSONParser_parseArray.test_7|sun.reflect.NativeMethodAccessorImpl.invoke0|sun.reflect.NativeMethodAccessorImpl.invoke|sun.reflect.DelegatingMethodAccessorImpl.invoke|java.lang.reflect.Method.invoke|junit.framework.TestCase.runTest|junit.framework.TestCase.runBare|junit.framework.TestResult$1.protect	169
c356	1787916320533
c356	FT	1	com.alibaba.json.bvt.parser.JSONScannerTest_long#test_parse_long_2	PASS				159
c356	FT	2	com.alibaba.json.bvt.parser.DefaultExtJSONParser_parseArray#test_7	FAIL	java.lang.AssertionError	expected:<Sun Jan 09 05:49:53 UTC 2011> but was:<Sun Jan 09 13:49:53 UTC 2011>	org.junit.Assert.fail|org.junit.Assert.failNotEquals|org.junit.Assert.assertEquals|org.junit.Assert.assertEquals|com.alibaba.json.bvt.parser.DefaultExtJSONParser_parseArray.test_7|sun.reflect.NativeMethodAccessorImpl.invoke0|sun.reflect.NativeMethodAccessorImpl.invoke|sun.reflect.DelegatingMethodAccessorImpl.invoke|java.lang.reflect.Method.invoke|junit.framework.TestCase.runTest|junit.framework.TestCase.runBare|junit.framework.TestResult$1.protect	213
c357	FT	1	com.alibaba.json.bvt.parser.JSONScannerTest_new#test_scan_new_0	PASS				241
c357	FT	2	com.alibaba.json.bvt.parser.DefaultExtJSONParser_parseArray#test_7	FAIL	java.lang.AssertionError	expected:<Sun Jan 09 05:49:53 UTC 2011> but was:<Sun Jan 09 13:49:53 UTC 2011>	org.junit.Assert.fail|org.junit.Assert.failNotEquals|org.junit.Assert.assertEquals|org.junit.Assert.assertEquals|com.alibaba.json.bvt.parser.DefaultExtJSONParser_parseArray.test_7|sun.reflect.NativeMethodAccessorImpl.invoke0|sun.reflect.NativeMethodAccessorImpl.invoke|sun.reflect.DelegatingMethodAccessorImpl.invoke|java.lang.reflect.Method.invoke|junit.framework.TestCase.runTest|junit.framework.TestCase.runBare|junit.framework.TestResult$1.protect	186
c358	FT	1	com.alibaba.json.bvt.parser.JSONScannerTest_new#test_scan_new_1	PASS				181
c358	FT	2	com.alibaba.json.bvt.parser.DefaultExtJSONParser_parseArray#test_7	FAIL	java.lang.AssertionError	expected:<Sun Jan 09 05:49:53 UTC 2011> but was:<Sun Jan 09 13:49:53 UTC 2011>	org.junit.Assert.fail|org.junit.Assert.failNotEquals|org.junit.Assert.assertEquals|org.junit.Assert.assertEquals|com.alibaba.json.bvt.parser.DefaultExtJSONParser_parseArray.test_7|sun.reflect.NativeMethodAccessorImpl.invoke0|sun.reflect.NativeMethodAccessorImpl.invoke|sun.reflect.DelegatingMethodAccessorImpl.invoke|java.lang.reflect.Method.invoke|junit.framework.TestCase.runTest|junit.framework.TestCase.runBare|junit.framework.TestResult$1.protect	189
c359	FT	1	com.alibaba.json.bvt.parser.JSONScannerTest_new#test_scan_new_10	PASS				193
c359	FT	2	com.alibaba.json.bvt.parser.DefaultExtJSONParser_parseArray#test_7	FAIL	java.lang.AssertionError	expected:<Sun Jan 09 05:49:53 UTC 2011> but was:<Sun Jan 09 13:49:53 UTC 2011>	org.junit.Assert.fail|org.junit.Assert.failNotEquals|org.junit.Assert.assertEquals|org.junit.Assert.assertEquals|com.alibaba.json.bvt.parser.DefaultExtJSONParser_parseArray.test_7|sun.reflect.NativeMethodAccessorImpl.invoke0|sun.reflect.NativeMethodAccessorImpl.invoke|sun.reflect.DelegatingMethodAccessorImpl.invoke|java.lang.reflect.Method.invoke|junit.framework.TestCase.runTest|junit.framework.TestCase.runBare|junit.framework.TestResult$1.protect	242
c360	FT	1	com.alibaba.json.bvt.parser.JSONScannerTest_new#test_scan_new_11	PASS				135
c360	FT	2	com.alibaba.json.bvt.parser.DefaultExtJSONParser_parseArray#test_7	FAIL	java.lang.AssertionError	expected:<Sun Jan 09 05:49:53 UTC 2011> but was:<Sun Jan 09 13:49:53 UTC 2011>	org.junit.Assert.fail|org.junit.Assert.failNotEquals|org.junit.Assert.assertEquals|org.junit.Assert.assertEquals|com.alibaba.json.bvt.parser.DefaultExtJSONParser_parseArray.test_7|sun.reflect.NativeMethodAccessorImpl.invoke0|sun.reflect.NativeMethodAccessorImpl.invoke|sun.reflect.DelegatingMethodAccessorImpl.invoke|java.lang.reflect.Method.invoke|junit.framework.TestCase.runTest|junit.framework.TestCase.runBare|junit.framework.TestResult$1.protect	201
c361	FT	1	com.alibaba.json.bvt.parser.JSONScannerTest_new#test_scan_new_12	PASS				178
c361	FT	2	com.alibaba.json.bvt.parser.DefaultExtJSONParser_parseArray#test_7	FAIL	java.lang.AssertionError	expected:<Sun Jan 09 05:49:53 UTC 2011> but was:<Sun Jan 09 13:49:53 UTC 2011>	org.junit.Assert.fail|org.junit.Assert.failNotEquals|org.junit.Assert.assertEquals|org.junit.Assert.assertEquals|com.alibaba.json.bvt.parser.DefaultExtJSONParser_parseArray.test_7|sun.reflect.NativeMethodAccessorImpl.invoke0|sun.reflect.NativeMethodAccessorImpl.invoke|sun.reflect.DelegatingMethodAccessorImpl.invoke|java.lang.reflect.Method.invoke|junit.framework.TestCase.runTest|junit.framework.TestCase.runBare|junit.framework.TestResult$1.protect	193
c362	FT	1	com.alibaba.json.bvt.parser.JSONScannerTest_new#test_scan_new_13	PASS				146
c362	FT	2	com.alibaba.json.bvt.parser.DefaultExtJSONParser_parseArray#test_7	FAIL	java.lang.AssertionError	expected:<Sun Jan 09 05:49:53 UTC 2011> but was:<Sun Jan 09 13:49:53 UTC 2011>	org.junit.Assert.fail|org.junit.Assert.failNotEquals|org.junit.Assert.assertEquals|org.junit.Assert.assertEquals|com.alibaba.json.bvt.parser.DefaultExtJSONParser_parseArray.test_7|sun.reflect.NativeMethodAccessorImpl.invoke0|sun.reflect.NativeMethodAccessorImpl.invoke|sun.reflect.DelegatingMethodAccessorImpl.invoke|java.lang.reflect.Method.invoke|junit.framework.TestCase.runTest|junit.framework.TestCase.runBare|junit.framework.TestResult$1.protect	181
c363	FT	1	com.alibaba.json.bvt.parser.JSONScannerTest_new#test_scan_new_14	PASS				161
c363	FT	2	com.alibaba.json.bvt.parser.DefaultExtJSONParser_parseArray#test_7	FAIL	java.lang.AssertionError	expected:<Sun Jan 09 05:49:53 UTC 2011> but was:<Sun Jan 09 13:49:53 UTC 2011>	org.junit.Assert.fail|org.junit.Assert.failNotEquals|org.junit.Assert.assertEquals|org.junit.Assert.assertEquals|com.alibaba.json.bvt.parser.DefaultExtJSONParser_parseArray.test_7|sun.reflect.NativeMethodAccessorImpl.invoke0|sun.reflect.NativeMethodAccessorImpl.invoke|sun.reflect.DelegatingMethodAccessorImpl.invoke|java.lang.reflect.Method.invoke|junit.framework.TestCase.runTest|junit.framework.TestCase.runBare|junit.framework.TestResult$1.protect	178
c364	FT	1	com.alibaba.json.bvt.parser.JSONScannerTest_new#test_scan_new_15	PASS				169
c364	FT	2	com.alibaba.json.bvt.parser.DefaultExtJSONParser_parseArray#test_7	FAIL	java.lang.AssertionError	expected:<Sun Jan 09 05:49:53 UTC 2011> but was:<Sun Jan 09 13:49:53 UTC 2011>	org.junit.Assert.fail|org.junit.Assert.failNotEquals|org.junit.Assert.assertEquals|org.junit.Assert.assertEquals|com.alibaba.json.bvt.parser.DefaultExtJSONParser_parseArray.test_7|sun.reflect.NativeMethodAccessorImpl.invoke0|sun.reflect.NativeMethodAccessorImpl.invoke|sun.reflect.DelegatingMethodAccessorImpl.invoke|java.lang.reflect.Method.invoke|junit.framework.TestCase.runTest|junit.framework.TestCase.runBare|junit.framework.TestResult$1.protect	240
c365	FT	1	com.alibaba.json.bvt.parser.JSONScannerTest_new#test_scan_new_2	PASS				147
c365	FT	2	com.alibaba.json.bvt.parser.DefaultExtJSONParser_parseArray#test_7	FAIL	java.lang.AssertionError	expected:<Sun Jan 09 05:49:53 UTC 2011> but was:<Sun Jan 09 13:49:53 UTC 2011>	org.junit.Assert.fail|org.junit.Assert.failNotEquals|org.junit.Assert.assertEquals|org.junit.Assert.assertEquals|com.alibaba.json.bvt.parser.DefaultExtJSONParser_parseArray.test_7|sun.reflect.NativeMethodAccessorImpl.invoke0|sun.reflect.NativeMethodAccessorImpl.invoke|sun.reflect.DelegatingMethodAccessorImpl.invoke|java.lang.reflect.Method.invoke|junit.framework.TestCase.runTest|junit.framework.TestCase.runBare|junit.framework.TestResult$1.protect	227
c366	FT	1	com.alibaba.json.bvt.parser.JSONScannerTest_new#test_scan_new_3	PASS				159
c366	FT	2	com.alibaba.json.bvt.parser.DefaultExtJSONParser_parseArray#test_7	FAIL	java.lang.AssertionError	expected:<Sun Jan 09 05:49:53 UTC 2011> but was:<Sun Jan 09 13:49:53 UTC 2011>	org.junit.Assert.fail|org.junit.Assert.failNotEquals|org.junit.Assert.assertEquals|org.junit.Assert.assertEquals|com.alibaba.json.bvt.parser.DefaultExtJSONParser_parseArray.test_7|sun.reflect.NativeMethodAccessorImpl.invoke0|sun.reflect.NativeMethodAccessorImpl.invoke|sun.reflect.DelegatingMethodAccessorImpl.invoke|java.lang.reflect.Method.invoke|junit.framework.TestCase.runTest|junit.framework.TestCase.runBare|junit.framework.TestResult$1.protect	197
c367	FT	1	com.alibaba.json.bvt.parser.JSONScannerTest_new#test_scan_new_4	PASS				149
c367	FT	2	com.alibaba.json.bvt.parser.DefaultExtJSONParser_parseArray#test_7	FAIL	java.lang.AssertionError	expected:<Sun Jan 09 05:49:53 UTC 2011> but was:<Sun Jan 09 13:49:53 UTC 2011>	org.junit.Assert.fail|org.junit.Assert.failNotEquals|org.junit.Assert.assertEquals|org.junit.Assert.assertEquals|com.alibaba.json.bvt.parser.DefaultExtJSONParser_parseArray.test_7|sun.reflect.NativeMethodAccessorImpl.invoke0|sun.reflect.NativeMethodAccessorImpl.invoke|sun.reflect.DelegatingMethodAccessorImpl.invoke|java.lang.reflect.Method.invoke|junit.framework.TestCase.runTest|junit.framework.TestCase.runBare|junit.framework.TestResult$1.protect	209
c368	FT	1	com.alibaba.json.bvt.parser.JSONScannerTest_new#test_scan_new_5	PASS				179
c368	FT	2	com.alibaba.json.bvt.parser.DefaultExtJSONParser_parseArray#test_7	FAIL	java.lang.AssertionError	expected:<Sun Jan 09 05:49:53 UTC 2011> but was:<Sun Jan 09 13:49:53 UTC 2011>	org.junit.Assert.fail|org.junit.Assert.failNotEquals|org.junit.Assert.assertEquals|org.junit.Assert.assertEquals|com.alibaba.json.bvt.parser.DefaultExtJSONParser_parseArray.test_7|sun.reflect.NativeMethodAccessorImpl.invoke0|sun.reflect.NativeMethodAccessorImpl.invoke|sun.reflect.DelegatingMethodAccessorImpl.invoke|java.lang.reflect.Method.invoke|junit.framework.TestCase.runTest|junit.framework.TestCase.runBare|junit.framework.TestResult$1.protect	215
c369	FT	1	com.alibaba.json.bvt.parser.JSONScannerTest_new#test_scan_new_6	PASS				134
c369	FT	2	com.alibaba.json.bvt.parser.DefaultExtJSONParser_parseArray#test_7	FAIL	java.lang.AssertionError	expected:<Sun Jan 09 05:49:53 UTC 2011> but was:<Sun Jan 09 13:49:53 UTC 2011>	org.junit.Assert.fail|org.junit.Assert.failNotEquals|org.junit.Assert.assertEquals|org.junit.Assert.assertEquals|com.alibaba.json.bvt.parser.DefaultExtJSONParser_parseArray.test_7|sun.reflect.NativeMethodAccessorImpl.invoke0|sun.reflect.NativeMethodAccessorImpl.invoke|sun.reflect.DelegatingMethodAccessorImpl.invoke|java.lang.reflect.Method.invoke|junit.framework.TestCase.runTest|junit.framework.TestCase.runBare|junit.framework.TestResult$1.protect	219
c370	FT	1	com.alibaba.json.bvt.parser.JSONScannerTest_new#test_scan_new_7	PASS				127
c370	FT	2	com.alibaba.json.bvt.parser.DefaultExtJSONParser_parseArray#test_7	FAIL	java.lang.AssertionError	expected:<Sun Jan 09 05:49:53 UTC 2011> but was:<Sun Jan 09 13:49:53 UTC 2011>	org.junit.Assert.fail|org.junit.Assert.failNotEquals|org.junit.Assert.assertEquals|org.junit.Assert.assertEquals|com.alibaba.json.bvt.parser.DefaultExtJSONParser_parseArray.test_7|sun.reflect.NativeMethodAccessorImpl.invoke0|sun.reflect.NativeMethodAccessorImpl.invoke|sun.reflect.DelegatingMethodAccessorImpl.invoke|java.lang.reflect.Method.invoke|junit.framework.TestCase.runTest|junit.framework.TestCase.runBare|junit.framework.TestResult$1.protect	202
c371	FT	1	com.alibaba.json.bvt.parser.JSONScannerTest_new#test_scan_new_8	PASS				192
c371	FT	2	com.alibaba.json.bvt.parser.DefaultExtJSONParser_parseArray#test_7	FAIL	java.lang.AssertionError	expected:<Sun Jan 09 05:49:53 UTC 2011> but was:<Sun Jan 09 13:49:53 UTC 2011>	org.junit.Assert.fail|org.junit.Assert.failNotEquals|org.junit.Assert.assertEquals|org.junit.Assert.assertEquals|com.alibaba.json.bvt.parser.DefaultExtJSONParser_parseArray.test_7|sun.reflect.NativeMethodAccessorImpl.invoke0|sun.reflect.NativeMethodAccessorImpl.invoke|sun.reflect.DelegatingMethodAccessorImpl.invoke|java.lang.reflect.Method.invoke|junit.framework.TestCase.runTest|junit.framework.TestCase.runBare|junit.framework.TestResult$1.protect	208
c372	FT	1	com.alibaba.json.bvt.parser.JSONScannerTest_new#test_scan_new_9	PASS				167
c372	FT	2	com.alibaba.json.bvt.parser.DefaultExtJSONParser_parseArray#test_7	FAIL	java.lang.AssertionError	expected:<Sun Jan 09 05:49:53 UTC 2011> but was:<Sun Jan 09 13:49:53 UTC 2011>	org.junit.Assert.fail|org.junit.Assert.failNotEquals|org.junit.Assert.assertEquals|org.junit.Assert.assertEquals|com.alibaba.json.bvt.parser.DefaultExtJSONParser_parseArray.test_7|sun.reflect.NativeMethodAccessorImpl.invoke0|sun.reflect.NativeMethodAccessorImpl.invoke|sun.reflect.DelegatingMethodAccessorImpl.invoke|java.lang.reflect.Method.invoke|junit.framework.TestCase.runTest|junit.framework.TestCase.runBare|junit.framework.TestResult$1.protect	185
c373	FT	1	com.alibaba.json.bvt.parser.JSONScannerTest_null#test_scan_false_14	PASS				161
c373	FT	2	com.alibaba.json.bvt.parser.DefaultExtJSONParser_parseArray#test_7	FAIL	java.lang.AssertionError	expected:<Sun Jan 09 05:49:53 UTC 2011> but was:<Sun Jan 09 13:49:53 UTC 2011>	org.junit.Assert.fail|org.junit.Assert.failNotEquals|org.junit.Assert.assertEquals|org.junit.Assert.assertEquals|com.alibaba.json.bvt.parser.DefaultExtJSONParser_parseArray.test_7|sun.reflect.NativeMethodAccessorImpl.invoke0|sun.reflect.NativeMethodAccessorImpl.invoke|sun.reflect.DelegatingMethodAccessorImpl.invoke|java.lang.reflect.Method.invoke|junit.framework.TestCase.runTest|junit.framework.TestCase.runBare|junit.framework.TestResult$1.protect	183
c374	FT	1	com.alibaba.json.bvt.parser.JSONScannerTest_null#test_scan_false_15	PASS				173
c374	FT	2	com.alibaba.json.bvt.parser.DefaultExtJSONParser_parseArray#test_7	FAIL	java.lang.AssertionError	expected:<Sun Jan 09 05:49:53 UTC 2011> but was:<Sun Jan 09 13:49:53 UTC 2011>	org.junit.Assert.fail|org.junit.Assert.failNotEquals|org.junit.Assert.assertEquals|org.junit.Assert.assertEquals|com.alibaba.json.bvt.parser.DefaultExtJSONParser_parseArray.test_7|sun.reflect.NativeMethodAccessorImpl.invoke0|sun.reflect.NativeMethodAccessorImpl.invoke|sun.reflect.DelegatingMethodAccessorImpl.invoke|java.lang.reflect.Method.invoke|junit.framework.TestCase.runTest|junit.framework.TestCase.runBare|junit.framework.TestResult$1.protect	233
c375	FT	1	com.alibaba.json.bvt.parser.JSONScannerTest_null#test_scan_null_0	PASS				176
c375	FT	2	com.alibaba.json.bvt.parser.DefaultExtJSONParser_parseArray#test_7	FAIL	java.lang.AssertionError	expected:<Sun Jan 09 05:49:53 UTC 2011> but was:<Sun Jan 09 13:49:53 UTC 2011>	org.junit.Assert.fail|org.junit.Assert.failNotEquals|org.junit.Assert.assertEquals|org.junit.Assert.assertEquals|com.alibaba.json.bvt.parser.DefaultExtJSONParser_parseArray.test_7|sun.reflect.NativeMethodAccessorImpl.invoke0|sun.reflect.NativeMethodAccessorImpl.invoke|sun.reflect.DelegatingMethodAccessorImpl.invoke|java.lang.reflect.Method.invoke|junit.framework.TestCase.runTest|junit.framework.TestCase.runBare|junit.framework.TestResult$1.protect	213
c376	FT	1	com.alibaba.json.bvt.parser.JSONScannerTest_null#test_scan_null_1	PASS				160
c376	FT	2	com.alibaba.json.bvt.parser.DefaultExtJSONParser_parseArray#test_7	FAIL	java.lang.AssertionError	expected:<Sun Jan 09 05:49:53 UTC 2011> but was:<Sun Jan 09 13:49:53 UTC 2011>	org.junit.Assert.fail|org.junit.Assert.failNotEquals|org.junit.Assert.assertEquals|org.junit.Assert.assertEquals|com.alibaba.json.bvt.parser.DefaultExtJSONParser_parseArray.test_7|sun.reflect.NativeMethodAccessorImpl.invoke0|sun.reflect.NativeMethodAccessorImpl.invoke|sun.reflect.DelegatingMethodAccessorImpl.invoke|java.lang.reflect.Method.invoke|junit.framework.TestCase.runTest|junit.framework.TestCase.runBare|junit.framework.TestResult$1.protect	173
c377	FT	1	com.alibaba.json.bvt.parser.JSONScannerTest_null#test_scan_null_10	PASS				164
c377	FT	2	com.alibaba.json.bvt.parser.DefaultExtJSONParser_parseArray#test_7	FAIL	java.lang.AssertionError	expected:<Sun Jan 09 05:49:53 UTC 2011> but was:<Sun Jan 09 13:49:53 UTC 2011>	org.junit.Assert.fail|org.junit.Assert.failNotEquals|org.junit.Assert.assertEquals|org.junit.Assert.assertEquals|com.alibaba.json.bvt.parser.DefaultExtJSONParser_parseArray.test_7|sun.reflect.NativeMethodAccessorImpl.invoke0|sun.reflect.NativeMethodAccessorImpl.invoke|sun.reflect.DelegatingMethodAccessorImpl.invoke|java.lang.reflect.Method.invoke|junit.framework.TestCase.runTest|junit.framework.TestCase.runBare|junit.framework.TestResult$1.protect	192
c378	FT	1	com.alibaba.json.bvt.parser.JSONScannerTest_null#test_scan_null_11	PASS				152
c378	FT	2	com.alibaba.json.bvt.parser.DefaultExtJSONParser_parseArray#test_7	FAIL	java.lang.AssertionError	expected:<Sun Jan 09 05:49:53 UTC 2011> but was:<Sun Jan 09 13:49:53 UTC 2011>	org.junit.Assert.fail|org.junit.Assert.failNotEquals|org.junit.Assert.assertEquals|org.junit.Assert.assertEquals|com.alibaba.json.bvt.parser.DefaultExtJSONParser_parseArray.test_7|sun.reflect.NativeMethodAccessorImpl.invoke0|sun.reflect.NativeMethodAccessorImpl.invoke|sun.reflect.DelegatingMethodAccessorImpl.invoke|java.lang.reflect.Method.invoke|junit.framework.TestCase.runTest|junit.framework.TestCase.runBare|junit.framework.TestResult$1.protect	149
c379	FT	1	com.alibaba.json.bvt.parser.JSONScannerTest_null#test_scan_null_12	PASS				201
c379	FT	2	com.alibaba.json.bvt.parser.DefaultExtJSONParser_parseArray#test_7	FAIL	java.lang.AssertionError	expected:<Sun Jan 09 05:49:53 UTC 2011> but was:<Sun Jan 09 13:49:53 UTC 2011>	org.junit.Assert.fail|org.junit.Assert.failNotEquals|org.junit.Assert.assertEquals|org.junit.Assert.assertEquals|com.alibaba.json.bvt.parser.DefaultExtJSONParser_parseArray.test_7|sun.reflect.NativeMethodAccessorImpl.invoke0|sun.reflect.NativeMethodAccessorImpl.invoke|sun.reflect.DelegatingMethodAccessorImpl.invoke|java.lang.reflect.Method.invoke|junit.framework.TestCase.runTest|junit.framework.TestCase.runBare|junit.framework.TestResult$1.protect	188
c380	FT	1	com.alibaba.json.bvt.parser.JSONScannerTest_null#test_scan_null_13	PASS				218
c380	FT	2	com.alibaba.json.bvt.parser.DefaultExtJSONParser_parseArray#test_7	FAIL	java.lang.AssertionError	expected:<Sun Jan 09 05:49:53 UTC 2011> but was:<Sun Jan 09 13:49:53 UTC 2011>	org.junit.Assert.fail|org.junit.Assert.failNotEquals|org.junit.Assert.assertEquals|org.junit.Assert.assertEquals|com.alibaba.json.bvt.parser.DefaultExtJSONParser_parseArray.test_7|sun.reflect.NativeMethodAccessorImpl.invoke0|sun.reflect.NativeMethodAccessorImpl.invoke|sun.reflect.DelegatingMethodAccessorImpl.invoke|java.lang.reflect.Method.invoke|junit.framework.TestCase.runTest|junit.framework.TestCase.runBare|junit.framework.TestResult$1.protect	206
c381	FT	1	com.alibaba.json.bvt.parser.JSONScannerTest_null#test_scan_null_2	PASS				143
c381	FT	2	com.alibaba.json.bvt.parser.DefaultExtJSONParser_parseArray#test_7	FAIL	java.lang.AssertionError	expected:<Sun Jan 09 05:49:53 UTC 2011> but was:<Sun Jan 09 13:49:53 UTC 2011>	org.junit.Assert.fail|org.junit.Assert.failNotEquals|org.junit.Assert.assertEquals|org.junit.Assert.assertEquals|com.alibaba.json.bvt.parser.DefaultExtJSONParser_parseArray.test_7|sun.reflect.NativeMethodAccessorImpl.invoke0|sun.reflect.NativeMethodAccessorImpl.invoke|sun.reflect.DelegatingMethodAccessorImpl.invoke|java.lang.reflect.Method.invoke|junit.framework.TestCase.runTest|junit.framework.TestCase.runBare|junit.framework.TestResult$1.protect	180
c382	FT	1	com.alibaba.json.bvt.parser.JSONScannerTest_null#test_scan_null_3	PASS				142
c382	FT	2	com.alibaba.json.bvt.parser.DefaultExtJSONParser_parseArray#test_7	FAIL	java.lang.AssertionError	expected:<Sun Jan 09 05:49:53 UTC 2011> but was:<Sun Jan 09 13:49:53 UTC 2011>	org.junit.Assert.fail|org.junit.Assert.failNotEquals|org.junit.Assert.assertEquals|org.junit.Assert.assertEquals|com.alibaba.json.bvt.parser.DefaultExtJSONParser_parseArray.test_7|sun.reflect.NativeMethodAccessorImpl.invoke0|sun.reflect.NativeMethodAccessorImpl.invoke|sun.reflect.DelegatingMethodAccessorImpl.invoke|java.lang.reflect.Method.invoke|junit.framework.TestCase.runTest|junit.framework.TestCase.runBare|junit.framework.TestResult$1.protect	188
c383	FT	1	com.alibaba.json.bvt.parser.JSONScannerTest_null#test_scan_null_4	PASS				151
c383	FT	2	com.alibaba.json.bvt.parser.DefaultExtJSONParser_parseArray#test_7	FAIL	java.lang.AssertionError	expected:<Sun Jan 09 05:49:53 UTC 2011> but was:<Sun Jan 09 13:49:53 UTC 2011>	org.junit.Assert.fail|org.junit.Assert.failNotEquals|org.junit.Assert.assertEquals|org.junit.Assert.assertEquals|com.alibaba.json.bvt.parser.DefaultExtJSONParser_parseArray.test_7|sun.reflect.NativeMethodAccessorImpl.invoke0|sun.reflect.NativeMethodAccessorImpl.invoke|sun.reflect.DelegatingMethodAccessorImpl.invoke|java.lang.reflect.Method.invoke|junit.framework.TestCase.runTest|junit.framework.TestCase.runBare|junit.framework.TestResult$1.protect	176
c384	FT	1	com.alibaba.json.bvt.parser.JSONScannerTest_null#test_scan_null_5	PASS				127
c384	FT	2	com.alibaba.json.bvt.parser.DefaultExtJSONParser_parseArray#test_7	FAIL	java.lang.AssertionError	expected:<Sun Jan 09 05:49:53 UTC 2011> but was:<Sun Jan 09 13:49:53 UTC 2011>	org.junit.Assert.fail|org.junit.Assert.failNotEquals|org.junit.Assert.assertEquals|org.junit.Assert.assertEquals|com.alibaba.json.bvt.parser.DefaultExtJSONParser_parseArray.test_7|sun.reflect.NativeMethodAccessorImpl.invoke0|sun.reflect.NativeMethodAccessorImpl.invoke|sun.reflect.DelegatingMethodAccessorImpl.invoke|java.lang.reflect.Method.invoke|junit.framework.TestCase.runTest|junit.framework.TestCase.runBare|junit.framework.TestResult$1.protect	167
c385	FT	1	com.alibaba.json.bvt.parser.JSONScannerTest_null#test_scan_null_6	PASS				138
c385	FT	2	com.alibaba.json.bvt.parser.DefaultExtJSONParser_parseArray#test_7	FAIL	java.lang.AssertionError	expected:<Sun Jan 09 05:49:53 UTC 2011> but was:<Sun Jan 09 13:49:53 UTC 2011>	org.junit.Assert.fail|org.junit.Assert.failNotEquals|org.junit.Assert.assertEquals|org.junit.Assert.assertEquals|com.alibaba.json.bvt.parser.DefaultExtJSONParser_parseArray.test_7|sun.reflect.NativeMethodAccessorImpl.invoke0|sun.reflect.NativeMethodAccessorImpl.invoke|sun.reflect.DelegatingMethodAccessorImpl.invoke|java.lang.reflect.Method.invoke|junit.framework.TestCase.runTest|junit.framework.TestCase.runBare|junit.framework.TestResult$1.protect	192
c386	FT	1	com.alibaba.json.bvt.parser.JSONScannerTest_null#test_scan_null_7	PASS				138
c386	FT	2	com.alibaba.json.bvt.parser.DefaultExtJSONParser_parseArray#test_7	FAIL	java.lang.AssertionError	expected:<Sun Jan 09 05:49:53 UTC 2011> but was:<Sun Jan 09 13:49:53 UTC 2011>	org.junit.Assert.fail|org.junit.Assert.failNotEquals|org.junit.Assert.assertEquals|org.junit.Assert.assertEquals|com.alibaba.json.bvt.parser.DefaultExtJSONParser_parseArray.test_7|sun.reflect.NativeMethodAccessorImpl.invoke0|sun.reflect.NativeMethodAccessorImpl.invoke|sun.reflect.DelegatingMethodAccessorImpl.invoke|java.lang.reflect.Method.invoke|junit.framework.TestCase.runTest|junit.framework.TestCase.runBare|junit.framework.TestResult$1.protect	154
c387	FT	1	com.alibaba.json.bvt.parser.JSONScannerTest_null#test_scan_null_8	PASS				157
c387	FT	2	com.alibaba.json.bvt.parser.DefaultExtJSONParser_parseArray#test_7	FAIL	java.lang.AssertionError	expected:<Sun Jan 09 05:49:53 UTC 2011> but was:<Sun Jan 09 13:49:53 UTC 2011>	org.junit.Assert.fail|org.junit.Assert.failNotEquals|org.junit.Assert.assertEquals|org.junit.Assert.assertEquals|com.alibaba.json.bvt.parser.DefaultExtJSONParser_parseArray.test_7|sun.reflect.NativeMethodAccessorImpl.invoke0|sun.reflect.NativeMethodAccessorImpl.invoke|sun.reflect.DelegatingMethodAccessorImpl.invoke|java.lang.reflect.Method.invoke|junit.framework.TestCase.runTest|junit.framework.TestCase.runBare|junit.framework.TestResult$1.protect	176
c388	FT	1	com.alibaba.json.bvt.parser.JSONScannerTest_null#test_scan_null_9	PASS				140
c388	FT	2	com.alibaba.json.bvt.parser.DefaultExtJSONParser_parseArray#test_7	FAIL	java.lang.AssertionError	expected:<Sun Jan 09 05:49:53 UTC 2011> but was:<Sun Jan 09 13:49:53 UTC 2011>	org.junit.Assert.fail|org.junit.Assert.failNotEquals|org.junit.Assert.assertEquals|org.junit.Assert.assertEquals|com.alibaba.json.bvt.parser.DefaultExtJSONParser_parseArray.test_7|sun.reflect.NativeMethodAccessorImpl.invoke0|sun.reflect.NativeMethodAccessorImpl.invoke|sun.reflect.DelegatingMethodAccessorImpl.invoke|java.lang.reflect.Method.invoke|junit.framework.TestCase.runTest|junit.framework.TestCase.runBare|junit.framework.TestResult$1.protect	160
c389	FT	1	com.alibaba.json.bvt.parser.JSONScannerTest_scanFieldBoolean#test_1	PASS				318
c389	FT	2	com.alibaba.json.bvt.parser.DefaultExtJSONParser_parseArray#test_7	FAIL	java.lang.AssertionError	expected:<Sun Jan 09 05:49:53 UTC 2011> but was:<Sun Jan 09 13:49:53 UTC 2011>	org.junit.Assert.fail|org.junit.Assert.failNotEquals|org.junit.Assert.assertEquals|org.junit.Assert.assertEquals|com.alibaba.json.bvt.parser.DefaultExtJSONParser_parseArray.test_7|sun.reflect.NativeMethodAccessorImpl.invoke0|sun.reflect.NativeMethodAccessorImpl.invoke|sun.reflect.DelegatingMethodAccessorImpl.invoke|java.lang.reflect.Method.invoke|junit.framework.TestCase.runTest|junit.framework.TestCase.runBare|junit.framework.TestResult$1.protect	18
c390	FT	1	com.alibaba.json.bvt.parser.JSONScannerTest_scanFieldBoolean#test_2	PASS				294
c390	FT	2	com.alibaba.json.bvt.parser.DefaultExtJSONParser_parseArray#test_7	FAIL	java.lang.AssertionError	expected:<Sun Jan 09 05:49:53 UTC 2011> but was:<Sun Jan 09 13:49:53 UTC 2011>	org.junit.Assert.fail|org.junit.Assert.failNotEquals|org.junit.Assert.assertEquals|org.junit.Assert.assertEquals|com.alibaba.json.bvt.parser.DefaultExtJSONParser_parseArray.test_7|sun.reflect.NativeMethodAccessorImpl.invoke0|sun.reflect.NativeMethodAccessorImpl.invoke|sun.reflect.DelegatingMethodAccessorImpl.invoke|java.lang.reflect.Method.invoke|junit.framework.TestCase.runTest|junit.framework.TestCase.runBare|junit.framework.TestResult$1.protect	22
c391	FT	1	com.alibaba.json.bvt.parser.JSONScannerTest_scanFieldBoolean#test_3	PASS				299
c391	FT	2	com.alibaba.json.bvt.parser.DefaultExtJSONParser_parseArray#test_7	FAIL	java.lang.AssertionError	expected:<Sun Jan 09 05:49:53 UTC 2011> but was:<Sun Jan 09 13:49:53 UTC 2011>	org.junit.Assert.fail|org.junit.Assert.failNotEquals|org.junit.Assert.assertEquals|org.junit.Assert.assertEquals|com.alibaba.json.bvt.parser.DefaultExtJSONParser_parseArray.test_7|sun.reflect.NativeMethodAccessorImpl.invoke0|sun.reflect.NativeMethodAccessorImpl.invoke|sun.reflect.DelegatingMethodAccessorImpl.invoke|java.lang.reflect.Method.invoke|junit.framework.TestCase.runTest|junit.framework.TestCase.runBare|junit.framework.TestResult$1.protect	17
c392	FT	1	com.alibaba.json.bvt.parser.JSONScannerTest_scanFieldBoolean#test_5	PASS				304
c392	FT	2	com.alibaba.json.bvt.parser.DefaultExtJSONParser_parseArray#test_7	FAIL	java.lang.AssertionError	expected:<Sun Jan 09 05:49:53 UTC 2011> but was:<Sun Jan 09 13:49:53 UTC 2011>	org.junit.Assert.fail|org.junit.Assert.failNotEquals|org.junit.Assert.assertEquals|org.junit.Assert.assertEquals|com.alibaba.json.bvt.parser.DefaultExtJSONParser_parseArray.test_7|sun.reflect.NativeMethodAccessorImpl.invoke0|sun.reflect.NativeMethodAccessorImpl.invoke|sun.reflect.DelegatingMethodAccessorImpl.invoke|java.lang.reflect.Method.invoke|junit.framework.TestCase.runTest|junit.framework.TestCase.runBare|junit.framework.TestResult$1.protect	20
c393	FT	1	com.alibaba.json.bvt.parser.JSONScannerTest_scanFieldBoolean#test_error_0	PASS				351
c393	FT	2	com.alibaba.json.bvt.parser.DefaultExtJSONParser_parseArray#test_7	FAIL	java.lang.AssertionError	expected:<Sun Jan 09 05:49:53 UTC 2011> but was:<Sun Jan 09 13:49:53 UTC 2011>	org.junit.Assert.fail|org.junit.Assert.failNotEquals|org.junit.Assert.assertEquals|org.junit.Assert.assertEquals|com.alibaba.json.bvt.parser.DefaultExtJSONParser_parseArray.test_7|sun.reflect.NativeMethodAccessorImpl.invoke0|sun.reflect.NativeMethodAccessorImpl.invoke|sun.reflect.DelegatingMethodAccessorImpl.invoke|java.lang.reflect.Method.invoke|junit.framework.TestCase.runTest|junit.framework.TestCase.runBare|junit.framework.TestResult$1.protect	21
c394	FT	1	com.alibaba.json.bvt.parser.JSONScannerTest_scanFieldBoolean#test_error_1	PASS				340
c394	FT	2	com.alibaba.json.bvt.parser.DefaultExtJSONParser_parseArray#test_7	FAIL	java.lang.AssertionError	expected:<Sun Jan 09 05:49:53 UTC 2011> but was:<Sun Jan 09 13:49:53 UTC 2011>	org.junit.Assert.fail|org.junit.Assert.failNotEquals|org.junit.Assert.assertEquals|org.junit.Assert.assertEquals|com.alibaba.json.bvt.parser.DefaultExtJSONParser_parseArray.test_7|sun.reflect.NativeMethodAccessorImpl.invoke0|sun.reflect.NativeMethodAccessorImpl.invoke|sun.reflect.DelegatingMethodAccessorImpl.invoke|java.lang.reflect.Method.invoke|junit.framework.TestCase.runTest|junit.framework.TestCase.runBare|junit.framework.TestResult$1.protect	19
c395	FT	1	com.alibaba.json.bvt.parser.JSONScannerTest_scanFieldBoolean#test_error_10	PASS				307
c395	FT	2	com.alibaba.json.bvt.parser.DefaultExtJSONParser_parseArray#test_7	FAIL	java.lang.AssertionError	expected:<Sun Jan 09 05:49:53 UTC 2011> but was:<Sun Jan 09 13:49:53 UTC 2011>	org.junit.Assert.fail|org.junit.Assert.failNotEquals|org.junit.Assert.assertEquals|org.junit.Assert.assertEquals|com.alibaba.json.bvt.parser.DefaultExtJSONParser_parseArray.test_7|sun.reflect.NativeMethodAccessorImpl.invoke0|sun.reflect.NativeMethodAccessorImpl.invoke|sun.reflect.DelegatingMethodAccessorImpl.invoke|java.lang.reflect.Method.invoke|junit.framework.TestCase.runTest|junit.framework.TestCase.runBare|junit.framework.TestResult$1.protect	23
c396	FT	1	com.alibaba.json.bvt.parser.JSONScannerTest_scanFieldBoolean#test_error_11	PASS				319
c396	FT	2	com.alibaba.json.bvt.parser.DefaultExtJSONParser_parseArray#test_7	FAIL	java.lang.AssertionError	expected:<Sun Jan 09 05:49:53 UTC 2011> but was:<Sun Jan 09 13:49:53 UTC 2011>	org.junit.Assert.fail|org.junit.Assert.failNotEquals|org.junit.Assert.assertEquals|org.junit.Assert.assertEquals|com.alibaba.json.bvt.parser.DefaultExtJSONParser_parseArray.test_7|sun.reflect.NativeMethodAccessorImpl.invoke0|sun.reflect.NativeMethodAccessorImpl.invoke|sun.reflect.DelegatingMethodAccessorImpl.invoke|java.lang.reflect.Method.invoke|junit.framework.TestCase.runTest|junit.framework.TestCase.runBare|junit.framework.TestResult$1.protect	18
c397	FT	1	com.alibaba.json.bvt.parser.JSONScannerTest_scanFieldBoolean#test_error_12	PASS				348
c397	FT	2	com.alibaba.json.bvt.parser.DefaultExtJSONParser_parseArray#test_7	FAIL	java.lang.AssertionError	expected:<Sun Jan 09 05:49:53 UTC 2011> but was:<Sun Jan 09 13:49:53 UTC 2011>	org.junit.Assert.fail|org.junit.Assert.failNotEquals|org.junit.Assert.assertEquals|org.junit.Assert.assertEquals|com.alibaba.json.bvt.parser.DefaultExtJSONParser_parseArray.test_7|sun.reflect.NativeMethodAccessorImpl.invoke0|sun.reflect.NativeMethodAccessorImpl.invoke|sun.reflect.DelegatingMethodAccessorImpl.invoke|java.lang.reflect.Method.invoke|junit.framework.TestCase.runTest|junit.framework.TestCase.runBare|junit.framework.TestResult$1.protect	21
c398	FT	1	com.alibaba.json.bvt.parser.JSONScannerTest_scanFieldBoolean#test_error_13	PASS				329
c398	FT	2	com.alibaba.json.bvt.parser.DefaultExtJSONParser_parseArray#test_7	FAIL	java.lang.AssertionError	expected:<Sun Jan 09 05:49:53 UTC 2011> but was:<Sun Jan 09 13:49:53 UTC 2011>	org.junit.Assert.fail|org.junit.Assert.failNotEquals|org.junit.Assert.assertEquals|org.junit.Assert.assertEquals|com.alibaba.json.bvt.parser.DefaultExtJSONParser_parseArray.test_7|sun.reflect.NativeMethodAccessorImpl.invoke0|sun.reflect.NativeMethodAccessorImpl.invoke|sun.reflect.DelegatingMethodAccessorImpl.invoke|java.lang.reflect.Method.invoke|junit.framework.TestCase.runTest|junit.framework.TestCase.runBare|junit.framework.TestResult$1.protect	17
c399	FT	1	com.alibaba.json.bvt.parser.JSONScannerTest_scanFieldBoolean#test_error_2	PASS				466
c399	FT	2	com.alibaba.json.bvt.parser.DefaultExtJSONParser_parseArray#test_7	FAIL	java.lang.AssertionError	expected:<Sun Jan 09 05:49:53 UTC 2011> but was:<Sun Jan 09 13:49:53 UTC 2011>	org.junit.Assert.fail|org.junit.Assert.failNotEquals|org.junit.Assert.assertEquals|org.junit.Assert.assertEquals|com.alibaba.json.bvt.parser.DefaultExtJSONParser_parseArray.test_7|sun.reflect.NativeMethodAccessorImpl.invoke0|sun.reflect.NativeMethodAccessorImpl.invoke|sun.reflect.DelegatingMethodAccessorImpl.invoke|java.lang.reflect.Method.invoke|junit.framework.TestCase.runTest|junit.framework.TestCase.runBare|junit.framework.TestResult$1.protect	19
c400	FT	1	com.alibaba.json.bvt.parser.JSONScannerTest_scanFieldBoolean#test_error_3	PASS				376
c400	FT	2	com.alibaba.json.bvt.parser.DefaultExtJSONParser_parseArray#test_7	FAIL	java.lang.AssertionError	expected:<Sun Jan 09 05:49:53 UTC 2011> but was:<Sun Jan 09 13:49:53 UTC 2011>	org.junit.Assert.fail|org.junit.Assert.failNotEquals|org.junit.Assert.assertEquals|org.junit.Assert.assertEquals|com.alibaba.json.bvt.parser.DefaultExtJSONParser_parseArray.test_7|sun.reflect.NativeMethodAccessorImpl.invoke0|sun.reflect.NativeMethodAccessorImpl.invoke|sun.reflect.DelegatingMethodAccessorImpl.invoke|java.lang.reflect.Method.invoke|junit.framework.TestCase.runTest|junit.framework.TestCase.runBare|junit.framework.TestResult$1.protect	20
c401	FT	1	com.alibaba.json.bvt.parser.JSONScannerTest_scanFieldBoolean#test_error_4	PASS				506
c401	FT	2	com.alibaba.json.bvt.parser.DefaultExtJSONParser_parseArray#test_7	FAIL	java.lang.AssertionError	expected:<Sun Jan 09 05:49:53 UTC 2011> but was:<Sun Jan 09 13:49:53 UTC 2011>	org.junit.Assert.fail|org.junit.Assert.failNotEquals|org.junit.Assert.assertEquals|org.junit.Assert.assertEquals|com.alibaba.json.bvt.parser.DefaultExtJSONParser_parseArray.test_7|sun.reflect.NativeMethodAccessorImpl.invoke0|sun.reflect.NativeMethodAccessorImpl.invoke|sun.reflect.DelegatingMethodAccessorImpl.invoke|java.lang.reflect.Method.invoke|junit.framework.TestCase.runTest|junit.framework.TestCase.runBare|junit.framework.TestResult$1.protect	27
c402	FT	1	com.alibaba.json.bvt.parser.JSONScannerTest_scanFieldBoolean#test_error_5	PASS				435
c402	FT	2	com.alibaba.json.bvt.parser.DefaultExtJSONParser_parseArray#test_7	FAIL	java.lang.AssertionError	expected:<Sun Jan 09 05:49:53 UTC 2011> but was:<Sun Jan 09 13:49:53 UTC 2011>	org.junit.Assert.fail|org.junit.Assert.failNotEquals|org.junit.Assert.assertEquals|org.junit.Assert.assertEquals|com.alibaba.json.bvt.parser.DefaultExtJSONParser_parseArray.test_7|sun.reflect.NativeMethodAccessorImpl.invoke0|sun.reflect.NativeMethodAccessorImpl.invoke|sun.reflect.DelegatingMethodAccessorImpl.invoke|java.lang.reflect.Method.invoke|junit.framework.TestCase.runTest|junit.framework.TestCase.runBare|junit.framework.TestResult$1.protect	30
c403	FT	1	com.alibaba.json.bvt.parser.JSONScannerTest_scanFieldBoolean#test_error_6	PASS				346
c403	FT	2	com.alibaba.json.bvt.parser.DefaultExtJSONParser_parseArray#test_7	FAIL	java.lang.AssertionError	expected:<Sun Jan 09 05:49:53 UTC 2011> but was:<Sun Jan 09 13:49:53 UTC 2011>	org.junit.Assert.fail|org.junit.Assert.failNotEquals|org.junit.Assert.assertEquals|org.junit.Assert.assertEquals|com.alibaba.json.bvt.parser.DefaultExtJSONParser_parseArray.test_7|sun.reflect.NativeMethodAccessorImpl.invoke0|sun.reflect.NativeMethodAccessorImpl.invoke|sun.reflect.DelegatingMethodAccessorImpl.invoke|java.lang.reflect.Method.invoke|junit.framework.TestCase.runTest|junit.framework.TestCase.runBare|junit.framework.TestResult$1.protect	19
c404	FT	1	com.alibaba.json.bvt.parser.JSONScannerTest_scanFieldBoolean#test_error_7	PASS				451
c404	FT	2	com.alibaba.json.bvt.parser.DefaultExtJSONParser_parseArray#test_7	FAIL	java.lang.AssertionError	expected:<Sun Jan 09 05:49:53 UTC 2011> but was:<Sun Jan 09 13:49:53 UTC 2011>	org.junit.Assert.fail|org.junit.Assert.failNotEquals|org.junit.Assert.assertEquals|org.junit.Assert.assertEquals|com.alibaba.json.bvt.parser.DefaultExtJSONParser_parseArray.test_7|sun.reflect.NativeMethodAccessorImpl.invoke0|sun.reflect.NativeMethodAccessorImpl.invoke|sun.reflect.DelegatingMethodAccessorImpl.invoke|java.lang.reflect.Method.invoke|junit.framework.TestCase.runTest|junit.framework.TestCase.runBare|junit.framework.TestResult$1.protect	14
c405	FT	1	com.alibaba.json.bvt.parser.JSONScannerTest_scanFieldBoolean#test_error_8	PASS				416
c405	FT	2	com.alibaba.json.bvt.parser.DefaultExtJSONParser_parseArray#test_7	FAIL	java.lang.AssertionError	expected:<Sun Jan 09 05:49:53 UTC 2011> but was:<Sun Jan 09 13:49:53 UTC 2011>	org.junit.Assert.fail|org.junit.Assert.failNotEquals|org.junit.Assert.assertEquals|org.junit.Assert.assertEquals|com.alibaba.json.bvt.parser.DefaultExtJSONParser_parseArray.test_7|sun.reflect.NativeMethodAccessorImpl.invoke0|sun.reflect.NativeMethodAccessorImpl.invoke|sun.reflect.DelegatingMethodAccessorImpl.invoke|java.lang.reflect.Method.invoke|junit.framework.TestCase.runTest|junit.framework.TestCase.runBare|junit.framework.TestResult$1.protect	15
c406	FT	1	com.alibaba.json.bvt.parser.JSONScannerTest_scanFieldBoolean#test_error_9	PASS				407
c406	FT	2	com.alibaba.json.bvt.parser.DefaultExtJSONParser_parseArray#test_7	FAIL	java.lang.AssertionError	expected:<Sun Jan 09 05:49:53 UTC 2011> but was:<Sun Jan 09 13:49:53 UTC 2011>	org.junit.Assert.fail|org.junit.Assert.failNotEquals|org.junit.Assert.assertEquals|org.junit.Assert.assertEquals|com.alibaba.json.bvt.parser.DefaultExtJSONParser_parseArray.test_7|sun.reflect.NativeMethodAccessorImpl.invoke0|sun.reflect.NativeMethodAccessorImpl.invoke|sun.reflect.DelegatingMethodAccessorImpl.invoke|java.lang.reflect.Method.invoke|junit.framework.TestCase.runTest|junit.framework.TestCase.runBare|junit.framework.TestResult$1.protect	28
c407	FT	1	com.alibaba.json.bvt.parser.JSONScannerTest_scanFieldBoolean#test_false	PASS				481
c407	FT	2	com.alibaba.json.bvt.parser.DefaultExtJSONParser_parseArray#test_7	FAIL	java.lang.AssertionError	expected:<Sun Jan 09 05:49:53 UTC 2011> but was:<Sun Jan 09 13:49:53 UTC 2011>	org.junit.Assert.fail|org.junit.Assert.failNotEquals|org.junit.Assert.assertEquals|org.junit.Assert.assertEquals|com.alibaba.json.bvt.parser.DefaultExtJSONParser_parseArray.test_7|sun.reflect.NativeMethodAccessorImpl.invoke0|sun.reflect.NativeMethodAccessorImpl.invoke|sun.reflect.DelegatingMethodAccessorImpl.invoke|java.lang.reflect.Method.invoke|junit.framework.TestCase.runTest|junit.framework.TestCase.runBare|junit.framework.TestResult$1.protect	20
c408	FT	1	com.alibaba.json.bvt.parser.JSONScannerTest_scanFieldBoolean#test_true	PASS				438
c408	FT	2	com.alibaba.json.bvt.parser.DefaultExtJSONParser_parseArray#test_7	FAIL	java.lang.AssertionError	expected:<Sun Jan 09 05:49:53 UTC 2011> but was:<Sun Jan 09 13:49:53 UTC 2011>	org.junit.Assert.fail|org.junit.Assert.failNotEquals|org.junit.Assert.assertEquals|org.junit.Assert.assertEquals|com.alibaba.json.bvt.parser.DefaultExtJSONParser_parseArray.test_7|sun.reflect.NativeMethodAccessorImpl.invoke0|sun.reflect.NativeMethodAccessorImpl.invoke|sun.reflect.DelegatingMethodAccessorImpl.invoke|java.lang.reflect.Method.invoke|junit.framework.TestCase.runTest|junit.framework.TestCase.runBare|junit.framework.TestResult$1.protect	22
c409	FT	1	com.alibaba.json.bvt.parser.JSONScannerTest_scanFieldBoolean_unquote#test_4	PASS				439
c409	FT	2	com.alibaba.json.bvt.parser.DefaultExtJSONParser_parseArray#test_7	FAIL	java.lang.AssertionError	expected:<Sun Jan 09 05:49:53 UTC 2011> but was:<Sun Jan 09 13:49:53 UTC 2011>	org.junit.Assert.fail|org.junit.Assert.failNotEquals|org.junit.Assert.assertEquals|org.junit.Assert.assertEquals|com.alibaba.json.bvt.parser.DefaultExtJSONParser_parseArray.test_7|sun.reflect.NativeMethodAccessorImpl.invoke0|sun.reflect.NativeMethodAccessorImpl.invoke|sun.reflect.DelegatingMethodAccessorImpl.invoke|java.lang.reflect.Method.invoke|junit.framework.TestCase.runTest|junit.framework.TestCase.runBare|junit.framework.TestResult$1.protect	22
c410	FT	1	com.alibaba.json.bvt.parser.JSONScannerTest_scanFieldDouble#test_0	PASS				379
c410	FT	2	com.alibaba.json.bvt.parser.DefaultExtJSONParser_parseArray#test_7	FAIL	java.lang.AssertionError	expected:<Sun Jan 09 05:49:53 UTC 2011> but was:<Sun Jan 09 13:49:53 UTC 2011>	org.junit.Assert.fail|org.junit.Assert.failNotEquals|org.junit.Assert.assertEquals|org.junit.Assert.assertEquals|com.alibaba.json.bvt.parser.DefaultExtJSONParser_parseArray.test_7|sun.reflect.NativeMethodAccessorImpl.invoke0|sun.reflect.NativeMethodAccessorImpl.invoke|sun.reflect.DelegatingMethodAccessorImpl.invoke|java.lang.reflect.Method.invoke|junit.framework.TestCase.runTest|junit.framework.TestCase.runBare|junit.framework.TestResult$1.protect	34
c411	FT	1	com.alibaba.json.bvt.parser.JSONScannerTest_scanFieldDouble#test_1	PASS				355
c411	FT	2	com.alibaba.json.bvt.parser.DefaultExtJSONParser_parseArray#test_7	FAIL	java.lang.AssertionError	expected:<Sun Jan 09 05:49:53 UTC 2011> but was:<Sun Jan 09 13:49:53 UTC 2011>	org.junit.Assert.fail|org.junit.Assert.failNotEquals|org.junit.Assert.assertEquals|org.junit.Assert.assertEquals|com.alibaba.json.bvt.parser.DefaultExtJSONParser_parseArray.test_7|sun.reflect.NativeMethodAccessorImpl.invoke0|sun.reflect.NativeMethodAccessorImpl.invoke|sun.reflect.DelegatingMethodAccessorImpl.invoke|java.lang.reflect.Method.invoke|junit.framework.TestCase.runTest|junit.framework.TestCase.runBare|junit.framework.TestResult$1.protect	18
c412	FT	1	com.alibaba.json.bvt.parser.JSONScannerTest_scanFieldDouble#test_2	PASS				333
c412	FT	2	com.alibaba.json.bvt.parser.DefaultExtJSONParser_parseArray#test_7	FAIL	java.lang.AssertionError	expected:<Sun Jan 09 05:49:53 UTC 2011> but was:<Sun Jan 09 13:49:53 UTC 2011>	org.junit.Assert.fail|org.junit.Assert.failNotEquals|org.junit.Assert.assertEquals|org.junit.Assert.assertEquals|com.alibaba.json.bvt.parser.DefaultExtJSONParser_parseArray.test_7|sun.reflect.NativeMethodAccessorImpl.invoke0|sun.reflect.NativeMethodAccessorImpl.invoke|sun.reflect.DelegatingMethodAccessorImpl.invoke|java.lang.reflect.Method.invoke|junit.framework.TestCase.runTest|junit.framework.TestCase.runBare|junit.framework.TestResult$1.protect	25
c413	FT	1	com.alibaba.json.bvt.parser.JSONScannerTest_scanFieldDouble#test_3	PASS				325
c413	FT	2	com.alibaba.json.bvt.parser.DefaultExtJSONParser_parseArray#test_7	FAIL	java.lang.AssertionError	expected:<Sun Jan 09 05:49:53 UTC 2011> but was:<Sun Jan 09 13:49:53 UTC 2011>	org.junit.Assert.fail|org.junit.Assert.failNotEquals|org.junit.Assert.assertEquals|org.junit.Assert.assertEquals|com.alibaba.json.bvt.parser.DefaultExtJSONParser_parseArray.test_7|sun.reflect.NativeMethodAccessorImpl.invoke0|sun.reflect.NativeMethodAccessorImpl.invoke|sun.reflect.DelegatingMethodAccessorImpl.invoke|java.lang.reflect.Method.invoke|junit.framework.TestCase.runTest|junit.framework.TestCase.runBare|junit.framework.TestResult$1.protect	24
c414	FT	1	com.alibaba.json.bvt.parser.JSONScannerTest_scanFieldDouble#test_4	PASS				380
c414	FT	2	com.alibaba.json.bvt.parser.DefaultExtJSONParser_parseArray#test_7	FAIL	java.lang.AssertionError	expected:<Sun Jan 09 05:49:53 UTC 2011> but was:<Sun Jan 09 13:49:53 UTC 2011>	org.junit.Assert.fail|org.junit.Assert.failNotEquals|org.junit.Assert.assertEquals|org.junit.Assert.assertEquals|com.alibaba.json.bvt.parser.DefaultExtJSONParser_parseArray.test_7|sun.reflect.NativeMethodAccessorImpl.invoke0|sun.reflect.NativeMethodAccessorImpl.invoke|sun.reflect.DelegatingMethodAccessorImpl.invoke|java.lang.reflect.Method.invoke|junit.framework.TestCase.runTest|junit.framework.TestCase.runBare|junit.framework.TestResult$1.protect	16
c415	FT	1	com.alibaba.json.bvt.parser.JSONScannerTest_scanFieldDouble#test_5	PASS				331
c415	FT	2	com.alibaba.json.bvt.parser.DefaultExtJSONParser_parseArray#test_7	FAIL	java.lang.AssertionError	expected:<Sun Jan 09 05:49:53 UTC 2011> but was:<Sun Jan 09 13:49:53 UTC 2011>	org.junit.Assert.fail|org.junit.Assert.failNotEquals|org.junit.Assert.assertEquals|org.junit.Assert.assertEquals|com.alibaba.json.bvt.parser.DefaultExtJSONParser_parseArray.test_7|sun.reflect.NativeMethodAccessorImpl.invoke0|sun.reflect.NativeMethodAccessorImpl.invoke|sun.reflect.DelegatingMethodAccessorImpl.invoke|java.lang.reflect.Method.invoke|junit.framework.TestCase.runTest|junit.framework.TestCase.runBare|junit.framework.TestResult$1.protect	15
c416	FT	1	com.alibaba.json.bvt.parser.JSONScannerTest_scanFieldDouble#test_error_10	PASS				475
c416	FT	2	com.alibaba.json.bvt.parser.DefaultExtJSONParser_parseArray#test_7	FAIL	java.lang.AssertionError	expected:<Sun Jan 09 05:49:53 UTC 2011> but was:<Sun Jan 09 13:49:53 UTC 2011>	org.junit.Assert.fail|org.junit.Assert.failNotEquals|org.junit.Assert.assertEquals|org.junit.Assert.assertEquals|com.alibaba.json.bvt.parser.DefaultExtJSONParser_parseArray.test_7|sun.reflect.NativeMethodAccessorImpl.invoke0|sun.reflect.NativeMethodAccessorImpl.invoke|sun.reflect.DelegatingMethodAccessorImpl.invoke|java.lang.reflect.Method.invoke|junit.framework.TestCase.runTest|junit.framework.TestCase.runBare|junit.framework.TestResult$1.protect	31
c417	FT	1	com.alibaba.json.bvt.parser.JSONScannerTest_scanFieldDouble#test_error_11	PASS				437
c417	FT	2	com.alibaba.json.bvt.parser.DefaultExtJSONParser_parseArray#test_7	FAIL	java.lang.AssertionError	expected:<Sun Jan 09 05:49:53 UTC 2011> but was:<Sun Jan 09 13:49:53 UTC 2011>	org.junit.Assert.fail|org.junit.Assert.failNotEquals|org.junit.Assert.assertEquals|org.junit.Assert.assertEquals|com.alibaba.json.bvt.parser.DefaultExtJSONParser_parseArray.test_7|sun.reflect.NativeMethodAccessorImpl.invoke0|sun.reflect.NativeMethodAccessorImpl.invoke|sun.reflect.DelegatingMethodAccessorImpl.invoke|java.lang.reflect.Method.invoke|junit.framework.TestCase.runTest|junit.framework.TestCase.runBare|junit.framework.TestResult$1.protect	29
c418	FT	1	com.alibaba.json.bvt.parser.JSONScannerTest_scanFieldDouble#test_error_2	PASS				382
c418	FT	2	com.alibaba.json.bvt.parser.DefaultExtJSONParser_parseArray#test_7	FAIL	java.lang.AssertionError	expected:<Sun Jan 09 05:49:53 UTC 2011> but was:<Sun Jan 09 13:49:53 UTC 2011>	org.junit.Assert.fail|org.junit.Assert.failNotEquals|org.junit.Assert.assertEquals|org.junit.Assert.assertEquals|com.alibaba.json.bvt.parser.DefaultExtJSONParser_parseArray.test_7|sun.reflect.NativeMethodAccessorImpl.invoke0|sun.reflect.NativeMethodAccessorImpl.invoke|sun.reflect.DelegatingMethodAccessorImpl.invoke|java.lang.reflect.Method.invoke|junit.framework.TestCase.runTest|junit.framework.TestCase.runBare|junit.framework.TestResult$1.protect	25
c419	FT	1	com.alibaba.json.bvt.parser.JSONScannerTest_scanFieldDouble#test_error_3	PASS				367
c419	FT	2	com.alibaba.json.bvt.parser.DefaultExtJSONParser_parseArray#test_7	FAIL	java.lang.AssertionError	expected:<Sun Jan 09 05:49:53 UTC 2011> but was:<Sun Jan 09 13:49:53 UTC 2011>	org.junit.Assert.fail|org.junit.Assert.failNotEquals|org.junit.Assert.assertEquals|org.junit.Assert.assertEquals|com.alibaba.json.bvt.parser.DefaultExtJSONParser_parseArray.test_7|sun.reflect.NativeMethodAccessorImpl.invoke0|sun.reflect.NativeMethodAccessorImpl.invoke|sun.reflect.DelegatingMethodAccessorImpl.invoke|java.lang.reflect.Method.invoke|junit.framework.TestCase.runTest|junit.framework.TestCase.runBare|junit.framework.TestResult$1.protect	32
c420	FT	1	com.alibaba.json.bvt.parser.JSONScannerTest_scanFieldDouble#test_error_4	PASS				384
c420	FT	2	com.alibaba.json.bvt.parser.DefaultExtJSONParser_parseArray#test_7	FAIL	java.lang.AssertionError	expected:<Sun Jan 09 05:49:53 UTC 2011> but was:<Sun Jan 09 13:49:53 UTC 2011>	org.junit.Assert.fail|org.junit.Assert.failNotEquals|org.junit.Assert.assertEquals|org.junit.Assert.assertEquals|com.alibaba.json.bvt.parser.DefaultExtJSONParser_parseArray.test_7|sun.reflect.NativeMethodAccessorImpl.invoke0|sun.reflect.NativeMethodAccessorImpl.invoke|sun.reflect.DelegatingMethodAccessorImpl.invoke|java.lang.reflect.Method.invoke|junit.framework.TestCase.runTest|junit.framework.TestCase.runBare|junit.framework.TestResult$1.protect	17
c421	FT	1	com.alibaba.json.bvt.parser.JSONScannerTest_scanFieldDouble#test_error_5	PASS				405
c421	FT	2	com.alibaba.json.bvt.parser.DefaultExtJSONParser_parseArray#test_7	FAIL	java.lang.AssertionError	expected:<Sun Jan 09 05:49:53 UTC 2011> but was:<Sun Jan 09 13:49:53 UTC 2011>	org.junit.Assert.fail|org.junit.Assert.failNotEquals|org.junit.Assert.assertEquals|org.junit.Assert.assertEquals|com.alibaba.json.bvt.parser.DefaultExtJSONParser_parseArray.test_7|sun.reflect.NativeMethodAccessorImpl.invoke0|sun.reflect.NativeMethodAccessorImpl.invoke|sun.reflect.DelegatingMethodAccessorImpl.invoke|java.lang.reflect.Method.invoke|junit.framework.TestCase.runTest|junit.framework.TestCase.runBare|junit.framework.TestResult$1.protect	23
c422	FT	1	com.alibaba.json.bvt.parser.JSONScannerTest_scanFieldDouble#test_error_6	PASS				349
c422	FT	2	com.alibaba.json.bvt.parser.DefaultExtJSONParser_parseArray#test_7	FAIL	java.lang.AssertionError	expected:<Sun Jan 09 05:49:53 UTC 2011> but was:<Sun Jan 09 13:49:53 UTC 2011>	org.junit.Assert.fail|org.junit.Assert.failNotEquals|org.junit.Assert.assertEquals|org.junit.Assert.assertEquals|com.alibaba.json.bvt.parser.DefaultExtJSONParser_parseArray.test_7|sun.reflect.NativeMethodAccessorImpl.invoke0|sun.reflect.NativeMethodAccessorImpl.invoke|sun.reflect.DelegatingMethodAccessorImpl.invoke|java.lang.reflect.Method.invoke|junit.framework.TestCase.runTest|junit.framework.TestCase.runBare|junit.framework.TestResult$1.protect	19
c423	FT	1	com.alibaba.json.bvt.parser.JSONScannerTest_scanFieldDouble#test_error_7	PASS				372
c423	FT	2	com.alibaba.json.bvt.parser.DefaultExtJSONParser_parseArray#test_7	FAIL	java.lang.AssertionError	expected:<Sun Jan 09 05:49:53 UTC 2011> but was:<Sun Jan 09 13:49:53 UTC 2011>	org.junit.Assert.fail|org.junit.Assert.failNotEquals|org.junit.Assert.assertEquals|org.junit.Assert.assertEquals|com.alibaba.json.bvt.parser.DefaultExtJSONParser_parseArray.test_7|sun.reflect.NativeMethodAccessorImpl.invoke0|sun.reflect.NativeMethodAccessorImpl.invoke|sun.reflect.DelegatingMethodAccessorImpl.invoke|java.lang.reflect.Method.invoke|junit.framework.TestCase.runTest|junit.framework.TestCase.runBare|junit.framework.TestResult$1.protect	30
c424	FT	1	com.alibaba.json.bvt.parser.JSONScannerTest_scanFieldDouble#test_error_8	PASS				366
c424	FT	2	com.alibaba.json.bvt.parser.DefaultExtJSONParser_parseArray#test_7	FAIL	java.lang.AssertionError	expected:<Sun Jan 09 05:49:53 UTC 2011> but was:<Sun Jan 09 13:49:53 UTC 2011>	org.junit.Assert.fail|org.junit.Assert.failNotEquals|org.junit.Assert.assertEquals|org.junit.Assert.assertEquals|com.alibaba.json.bvt.parser.DefaultExtJSONParser_parseArray.test_7|sun.reflect.NativeMethodAccessorImpl.invoke0|sun.reflect.NativeMethodAccessorImpl.invoke|sun.reflect.DelegatingMethodAccessorImpl.invoke|java.lang.reflect.Method.invoke|junit.framework.TestCase.runTest|junit.framework.TestCase.runBare|junit.framework.TestResult$1.protect	35
c425	FT	1	com.alibaba.json.bvt.parser.JSONScannerTest_scanFieldDouble#test_error_9	PASS				421
c425	FT	2	com.alibaba.json.bvt.parser.DefaultExtJSONParser_parseArray#test_7	FAIL	java.lang.AssertionError	expected:<Sun Jan 09 05:49:53 UTC 2011> but was:<Sun Jan 09 13:49:53 UTC 2011>	org.junit.Assert.fail|org.junit.Assert.failNotEquals|org.junit.Assert.assertEquals|org.junit.Assert.assertEquals|com.alibaba.json.bvt.parser.DefaultExtJSONParser_parseArray.test_7|sun.reflect.NativeMethodAccessorImpl.invoke0|sun.reflect.NativeMethodAccessorImpl.invoke|sun.reflect.DelegatingMethodAccessorImpl.invoke|java.lang.reflect.Method.invoke|junit.framework.TestCase.runTest|junit.framework.TestCase.runBare|junit.framework.TestResult$1.protect	33
c426	FT	1	com.alibaba.json.bvt.parser.JSONScannerTest_scanFieldFloat#test_0	PASS				460
c426	FT	2	com.alibaba.json.bvt.parser.DefaultExtJSONParser_parseArray#test_7	FAIL	java.lang.AssertionError	expected:<Sun Jan 09 05:49:53 UTC 2011> but was:<Sun Jan 09 13:49:53 UTC 2011>	org.junit.Assert.fail|org.junit.Assert.failNotEquals|org.junit.Assert.assertEquals|org.junit.Assert.assertEquals|com.alibaba.json.bvt.parser.DefaultExtJSONParser_parseArray.test_7|sun.reflect.NativeMethodAccessorImpl.invoke0|sun.reflect.NativeMethodAccessorImpl.invoke|sun.reflect.DelegatingMethodAccessorImpl.invoke|java.lang.reflect.Method.invoke|junit.framework.TestCase.runTest|junit.framework.TestCase.runBare|junit.framework.TestResult$1.protect	31
c427	FT	1	com.alibaba.json.bvt.parser.JSONScannerTest_scanFieldFloat#test_1	PASS				372
c427	FT	2	com.alibaba.json.bvt.parser.DefaultExtJSONParser_parseArray#test_7	FAIL	java.lang.AssertionError	expected:<Sun Jan 09 05:49:53 UTC 2011> but was:<Sun Jan 09 13:49:53 UTC 2011>	org.junit.Assert.fail|org.junit.Assert.failNotEquals|org.junit.Assert.assertEquals|org.junit.Assert.assertEquals|com.alibaba.json.bvt.parser.DefaultExtJSONParser_parseArray.test_7|sun.reflect.NativeMethodAccessorImpl.invoke0|sun.reflect.NativeMethodAccessorImpl.invoke|sun.reflect.DelegatingMethodAccessorImpl.invoke|java.lang.reflect.Method.invoke|junit.framework.TestCase.runTest|junit.framework.TestCase.runBare|junit.framework.TestResult$1.protect	26
c428	FT	1	com.alibaba.json.bvt.parser.JSONScannerTest_scanFieldFloat#test_2	PASS				387
c428	FT	2	com.alibaba.json.bvt.parser.DefaultExtJSONParser_parseArray#test_7	FAIL	java.lang.AssertionError	expected:<Sun Jan 09 05:49:53 UTC 2011> but was:<Sun Jan 09 13:49:53 UTC 2011>	org.junit.Assert.fail|org.junit.Assert.failNotEquals|org.junit.Assert.assertEquals|org.junit.Assert.assertEquals|com.alibaba.json.bvt.parser.DefaultExtJSONParser_parseArray.test_7|sun.reflect.NativeMethodAccessorImpl.invoke0|sun.reflect.NativeMethodAccessorImpl.invoke|sun.reflect.DelegatingMethodAccessorImpl.invoke|java.lang.reflect.Method.invoke|junit.framework.TestCase.runTest|junit.framework.TestCase.runBare|junit.framework.TestResult$1.protect	23
c429	FT	1	com.alibaba.json.bvt.parser.JSONScannerTest_scanFieldFloat#test_3	PASS				401
c429	FT	2	com.alibaba.json.bvt.parser.DefaultExtJSONParser_parseArray#test_7	FAIL	java.lang.AssertionError	expected:<Sun Jan 09 05:49:53 UTC 2011> but was:<Sun Jan 09 13:49:53 UTC 2011>	org.junit.Assert.fail|org.junit.Assert.failNotEquals|org.junit.Assert.assertEquals|org.junit.Assert.assertEquals|com.alibaba.json.bvt.parser.DefaultExtJSONParser_parseArray.test_7|sun.reflect.NativeMethodAccessorImpl.invoke0|sun.reflect.NativeMethodAccessorImpl.invoke|sun.reflect.DelegatingMethodAccessorImpl.invoke|java.lang.reflect.Method.invoke|junit.framework.TestCase.runTest|junit.framework.TestCase.runBare|junit.framework.TestResult$1.protect	30
c430	FT	1	com.alibaba.json.bvt.parser.JSONScannerTest_scanFieldFloat#test_4	PASS				420
c430	FT	2	com.alibaba.json.bvt.parser.DefaultExtJSONParser_parseArray#test_7	FAIL	java.lang.AssertionError	expected:<Sun Jan 09 05:49:53 UTC 2011> but was:<Sun Jan 09 13:49:53 UTC 2011>	org.junit.Assert.fail|org.junit.Assert.failNotEquals|org.junit.Assert.assertEquals|org.junit.Assert.assertEquals|com.alibaba.json.bvt.parser.DefaultExtJSONParser_parseArray.test_7|sun.reflect.NativeMethodAccessorImpl.invoke0|sun.reflect.NativeMethodAccessorImpl.invoke|sun.reflect.DelegatingMethodAccessorImpl.invoke|java.lang.reflect.Method.invoke|junit.framework.TestCase.runTest|junit.framework.TestCase.runBare|junit.framework.TestResult$1.protect	34
c431	FT	1	com.alibaba.json.bvt.parser.JSONScannerTest_scanFieldFloat#test_error_1	PASS				387
c431	FT	2	com.alibaba.json.bvt.parser.DefaultExtJSONParser_parseArray#test_7	FAIL	java.lang.AssertionError	expected:<Sun Jan 09 05:49:53 UTC 2011> but was:<Sun Jan 09 13:49:53 UTC 2011>	org.junit.Assert.fail|org.junit.Assert.failNotEquals|org.junit.Assert.assertEquals|org.junit.Assert.assertEquals|com.alibaba.json.bvt.parser.DefaultExtJSONParser_parseArray.test_7|sun.reflect.NativeMethodAccessorImpl.invoke0|sun.reflect.NativeMethodAccessorImpl.invoke|sun.reflect.DelegatingMethodAccessorImpl.invoke|java.lang.reflect.Method.invoke|junit.framework.TestCase.runTest|junit.framework.TestCase.runBare|junit.framework.TestResult$1.protect	31
c432	FT	1	com.alibaba.json.bvt.parser.JSONScannerTest_scanFieldFloat#test_error_10	PASS				381
c432	FT	2	com.alibaba.json.bvt.parser.DefaultExtJSONParser_parseArray#test_7	FAIL	java.lang.AssertionError	expected:<Sun Jan 09 05:49:53 UTC 2011> but was:<Sun Jan 09 13:49:53 UTC 2011>	org.junit.Assert.fail|org.junit.Assert.failNotEquals|org.junit.Assert.assertEquals|org.junit.Assert.assertEquals|com.alibaba.json.bvt.parser.DefaultExtJSONParser_parseArray.test_7|sun.reflect.NativeMethodAccessorImpl.invoke0|sun.reflect.NativeMethodAccessorImpl.invoke|sun.reflect.DelegatingMethodAccessorImpl.invoke|java.lang.reflect.Method.invoke|junit.framework.TestCase.runTest|junit.framework.TestCase.runBare|junit.framework.TestResult$1.protect	27
c433	FT	1	com.alibaba.json.bvt.parser.JSONScannerTest_scanFieldFloat#test_error_11	PASS				305
c433	FT	2	com.alibaba.json.bvt.parser.DefaultExtJSONParser_parseArray#test_7	FAIL	java.lang.AssertionError	expected:<Sun Jan 09 05:49:53 UTC 2011> but was:<Sun Jan 09 13:49:53 UTC 2011>	org.junit.Assert.fail|org.junit.Assert.failNotEquals|org.junit.Assert.assertEquals|org.junit.Assert.assertEquals|com.alibaba.json.bvt.parser.DefaultExtJSONParser_parseArray.test_7|sun.reflect.NativeMethodAccessorImpl.invoke0|sun.reflect.NativeMethodAccessorImpl.invoke|sun.reflect.DelegatingMethodAccessorImpl.invoke|java.lang.reflect.Method.invoke|junit.framework.TestCase.runTest|junit.framework.TestCase.runBare|junit.framework.TestResult$1.protect	30
c434	FT	1	com.alibaba.json.bvt.parser.JSONScannerTest_scanFieldFloat#test_error_2	PASS				391
c434	FT	2	com.alibaba.json.bvt.parser.DefaultExtJSONParser_parseArray#test_7	FAIL	java.lang.AssertionError	expected:<Sun Jan 09 05:49:53 UTC 2011> but was:<Sun Jan 09 13:49:53 UTC 2011>	org.junit.Assert.fail|org.junit.Assert.failNotEquals|org.junit.Assert.assertEquals|org.junit.Assert.assertEquals|com.alibaba.json.bvt.parser.DefaultExtJSONParser_parseArray.test_7|sun.reflect.NativeMethodAccessorImpl.invoke0|sun.reflect.NativeMethodAccessorImpl.invoke|sun.reflect.DelegatingMethodAccessorImpl.invoke|java.lang.reflect.Method.invoke|junit.framework.TestCase.runTest|junit.framework.TestCase.runBare|junit.framework.TestResult$1.protect	15
c435	FT	1	com.alibaba.json.bvt.parser.JSONScannerTest_scanFieldFloat#test_error_3	PASS				445
c435	FT	2	com.alibaba.json.bvt.parser.DefaultExtJSONParser_parseArray#test_7	FAIL	java.lang.AssertionError	expected:<Sun Jan 09 05:49:53 UTC 2011> but was:<Sun Jan 09 13:49:53 UTC 2011>	org.junit.Assert.fail|org.junit.Assert.failNotEquals|org.junit.Assert.assertEquals|org.junit.Assert.assertEquals|com.alibaba.json.bvt.parser.DefaultExtJSONParser_parseArray.test_7|sun.reflect.NativeMethodAccessorImpl.invoke0|sun.reflect.NativeMethodAccessorImpl.invoke|sun.reflect.DelegatingMethodAccessorImpl.invoke|java.lang.reflect.Method.invoke|junit.framework.TestCase.runTest|junit.framework.TestCase.runBare|junit.framework.TestResult$1.protect	20
c436	FT	1	com.alibaba.json.bvt.parser.JSONScannerTest_scanFieldFloat#test_error_4	PASS				411
c436	FT	2	com.alibaba.json.bvt.parser.DefaultExtJSONParser_parseArray#test_7	FAIL	java.lang.AssertionError	expected:<Sun Jan 09 05:49:53 UTC 2011> but was:<Sun Jan 09 13:49:53 UTC 2011>	org.junit.Assert.fail|org.junit.Assert.failNotEquals|org.junit.Assert.assertEquals|org.junit.Assert.assertEquals|com.alibaba.json.bvt.parser.DefaultExtJSONParser_parseArray.test_7|sun.reflect.NativeMethodAccessorImpl.invoke0|sun.reflect.NativeMethodAccessorImpl.invoke|sun.reflect.DelegatingMethodAccessorImpl.invoke|java.lang.reflect.Method.invoke|junit.framework.TestCase.runTest|junit.framework.TestCase.runBare|junit.framework.TestResult$1.protect	16
c437	FT	1	com.alibaba.json.bvt.parser.JSONScannerTest_scanFieldFloat#test_error_5	PASS				349
c437	FT	2	com.alibaba.json.bvt.parser.DefaultExtJSONParser_parseArray#test_7	FAIL	java.lang.AssertionError	expected:<Sun Jan 09 05:49:53 UTC 2011> but was:<Sun Jan 09 13:49:53 UTC 2011>	org.junit.Assert.fail|org.junit.Assert.failNotEquals|org.junit.Assert.assertEquals|org.junit.Assert.assertEquals|com.alibaba.json.bvt.parser.DefaultExtJSONParser_parseArray.test_7|sun.reflect.NativeMethodAccessorImpl.invoke0|sun.reflect.NativeMethodAccessorImpl.invoke|sun.reflect.DelegatingMethodAccessorImpl.invoke|java.lang.reflect.Method.invoke|junit.framework.TestCase.runTest|junit.framework.TestCase.runBare|junit.framework.TestResult$1.protect	25
c438	FT	1	com.alibaba.json.bvt.parser.JSONScannerTest_scanFieldFloat#test_error_6	PASS				364
c438	FT	2	com.alibaba.json.bvt.parser.DefaultExtJSONParser_parseArray#test_7	FAIL	java.lang.AssertionError	expected:<Sun Jan 09 05:49:53 UTC 2011> but was:<Sun Jan 09 13:49:53 UTC 2011>	org.junit.Assert.fail|org.junit.Assert.failNotEquals|org.junit.Assert.assertEquals|org.junit.Assert.assertEquals|com.alibaba.json.bvt.parser.DefaultExtJSONParser_parseArray.test_7|sun.reflect.NativeMethodAccessorImpl.invoke0|sun.reflect.NativeMethodAccessorImpl.invoke|sun.reflect.DelegatingMethodAccessorImpl.invoke|java.lang.reflect.Method.invoke|junit.framework.TestCase.runTest|junit.framework.TestCase.runBare|junit.framework.TestResult$1.protect	24
c439	FT	1	com.alibaba.json.bvt.parser.JSONScannerTest_scanFieldFloat#test_error_7	PASS				421
c439	FT	2	com.alibaba.json.bvt.parser.DefaultExtJSONParser_parseArray#test_7	FAIL	java.lang.AssertionError	expected:<Sun Jan 09 05:49:53 UTC 2011> but was:<Sun Jan 09 13:49:53 UTC 2011>	org.junit.Assert.fail|org.junit.Assert.failNotEquals|org.junit.Assert.assertEquals|org.junit.Assert.assertEquals|com.alibaba.json.bvt.parser.DefaultExtJSONParser_parseArray.test_7|sun.reflect.NativeMethodAccessorImpl.invoke0|sun.reflect.NativeMethodAccessorImpl.invoke|sun.reflect.DelegatingMethodAccessorImpl.invoke|java.lang.reflect.Method.invoke|junit.framework.TestCase.runTest|junit.framework.TestCase.runBare|junit.framework.TestResult$1.protect	25
c440	FT	1	com.alibaba.json.bvt.parser.JSONScannerTest_scanFieldFloat#test_error_8	PASS				451
c440	FT	2	com.alibaba.json.bvt.parser.DefaultExtJSONParser_parseArray#test_7	FAIL	java.lang.AssertionError	expected:<Sun Jan 09 05:49:53 UTC 2011> but was:<Sun Jan 09 13:49:53 UTC 2011>	org.junit.Assert.fail|org.junit.Assert.failNotEquals|org.junit.Assert.assertEquals|org.junit.Assert.assertEquals|com.alibaba.json.bvt.parser.DefaultExtJSONParser_parseArray.test_7|sun.reflect.NativeMethodAccessorImpl.invoke0|sun.reflect.NativeMethodAccessorImpl.invoke|sun.reflect.DelegatingMethodAccessorImpl.invoke|java.lang.reflect.Method.invoke|junit.framework.TestCase.runTest|junit.framework.TestCase.runBare|junit.framework.TestResult$1.protect	31
c441	FT	1	com.alibaba.json.bvt.parser.JSONScannerTest_scanFieldFloat#test_error_9	PASS				445
c441	FT	2	com.alibaba.json.bvt.parser.DefaultExtJSONParser_parseArray#test_7	FAIL	java.lang.AssertionError	expected:<Sun Jan 09 05:49:53 UTC 2011> but was:<Sun Jan 09 13:49:53 UTC 2011>	org.junit.Assert.fail|org.junit.Assert.failNotEquals|org.junit.Assert.assertEquals|org.junit.Assert.assertEquals|com.alibaba.json.bvt.parser.DefaultExtJSONParser_parseArray.test_7|sun.reflect.NativeMethodAccessorImpl.invoke0|sun.reflect.NativeMethodAccessorImpl.invoke|sun.reflect.DelegatingMethodAccessorImpl.invoke|java.lang.reflect.Method.invoke|junit.framework.TestCase.runTest|junit.framework.TestCase.runBare|junit.framework.TestResult$1.protect	17
c442	FT	1	com.alibaba.json.bvt.parser.JSONScannerTest_scanFieldFloat#test_isBlank	PASS				205
c442	FT	2	com.alibaba.json.bvt.parser.DefaultExtJSONParser_parseArray#test_7	FAIL	java.lang.AssertionError	expected:<Sun Jan 09 05:49:53 UTC 2011> but was:<Sun Jan 09 13:49:53 UTC 2011>	org.junit.Assert.fail|org.junit.Assert.failNotEquals|org.junit.Assert.assertEquals|org.junit.Assert.assertEquals|com.alibaba.json.bvt.parser.DefaultExtJSONParser_parseArray.test_7|sun.reflect.NativeMethodAccessorImpl.invoke0|sun.reflect.NativeMethodAccessorImpl.invoke|sun.reflect.DelegatingMethodAccessorImpl.invoke|java.lang.reflect.Method.invoke|junit.framework.TestCase.runTest|junit.framework.TestCase.runBare|junit.framework.TestResult$1.protect	212
c443	FT	1	com.alibaba.json.bvt.parser.JSONScannerTest_scanFieldInt#test_0	PASS				367
c443	FT	2	com.alibaba.json.bvt.parser.DefaultExtJSONParser_parseArray#test_7	FAIL	java.lang.AssertionError	expected:<Sun Jan 09 05:49:53 UTC 2011> but was:<Sun Jan 09 13:49:53 UTC 2011>	org.junit.Assert.fail|org.junit.Assert.failNotEquals|org.junit.Assert.assertEquals|org.junit.Assert.assertEquals|com.alibaba.json.bvt.parser.DefaultExtJSONParser_parseArray.test_7|sun.reflect.NativeMethodAccessorImpl.invoke0|sun.reflect.NativeMethodAccessorImpl.invoke|sun.reflect.DelegatingMethodAccessorImpl.invoke|java.lang.reflect.Method.invoke|junit.framework.TestCase.runTest|junit.framework.TestCase.runBare|junit.framework.TestResult$1.protect	19
c444	FT	1	com.alibaba.json.bvt.parser.JSONScannerTest_scanFieldInt#test_1	PASS				317
c444	FT	2	com.alibaba.json.bvt.parser.DefaultExtJSONParser_parseArray#test_7	FAIL	java.lang.AssertionError	expected:<Sun Jan 09 05:49:53 UTC 2011> but was:<Sun Jan 09 13:49:53 UTC 2011>	org.junit.Assert.fail|org.junit.Assert.failNotEquals|org.junit.Assert.assertEquals|org.junit.Assert.assertEquals|com.alibaba.json.bvt.parser.DefaultExtJSONParser_parseArray.test_7|sun.reflect.NativeMethodAccessorImpl.invoke0|sun.reflect.NativeMethodAccessorImpl.invoke|sun.reflect.DelegatingMethodAccessorImpl.invoke|java.lang.reflect.Method.invoke|junit.framework.TestCase.runTest|junit.framework.TestCase.runBare|junit.framework.TestResult$1.protect	38
c445	FT	1	com.alibaba.json.bvt.parser.JSONScannerTest_scanFieldInt#test_error_1	PASS				442
c445	FT	2	com.alibaba.json.bvt.parser.DefaultExtJSONParser_parseArray#test_7	FAIL	java.lang.AssertionError	expected:<Sun Jan 09 05:49:53 UTC 2011> but was:<Sun Jan 09 13:49:53 UTC 2011>	org.junit.Assert.fail|org.junit.Assert.failNotEquals|org.junit.Assert.assertEquals|org.junit.Assert.assertEquals|com.alibaba.json.bvt.parser.DefaultExtJSONParser_parseArray.test_7|sun.reflect.NativeMethodAccessorImpl.invoke0|sun.reflect.NativeMethodAccessorImpl.invoke|sun.reflect.DelegatingMethodAccessorImpl.invoke|java.lang.reflect.Method.invoke|junit.framework.TestCase.runTest|junit.framework.TestCase.runBare|junit.framework.TestResult$1.protect	38
c446	FT	1	com.alibaba.json.bvt.parser.JSONScannerTest_scanFieldInt#test_error_2	PASS				455
c446	FT	2	com.alibaba.json.bvt.parser.DefaultExtJSONParser_parseArray#test_7	FAIL	java.lang.AssertionError	expected:<Sun Jan 09 05:49:53 UTC 2011> but was:<Sun Jan 09 13:49:53 UTC 2011>	org.junit.Assert.fail|org.junit.Assert.failNotEquals|org.junit.Assert.assertEquals|org.junit.Assert.assertEquals|com.alibaba.json.bvt.parser.DefaultExtJSONParser_parseArray.test_7|sun.reflect.NativeMethodAccessorImpl.invoke0|sun.reflect.NativeMethodAccessorImpl.invoke|sun.reflect.DelegatingMethodAccessorImpl.invoke|java.lang.reflect.Method.invoke|junit.framework.TestCase.runTest|junit.framework.TestCase.runBare|junit.framework.TestResult$1.protect	34
c447	FT	1	com.alibaba.json.bvt.parser.JSONScannerTest_scanFieldInt#test_error_3	PASS				404
c447	FT	2	com.alibaba.json.bvt.parser.DefaultExtJSONParser_parseArray#test_7	FAIL	java.lang.AssertionError	expected:<Sun Jan 09 05:49:53 UTC 2011> but was:<Sun Jan 09 13:49:53 UTC 2011>	org.junit.Assert.fail|org.junit.Assert.failNotEquals|org.junit.Assert.assertEquals|org.junit.Assert.assertEquals|com.alibaba.json.bvt.parser.DefaultExtJSONParser_parseArray.test_7|sun.reflect.NativeMethodAccessorImpl.invoke0|sun.reflect.NativeMethodAccessorImpl.invoke|sun.reflect.DelegatingMethodAccessorImpl.invoke|java.lang.reflect.Method.invoke|junit.framework.TestCase.runTest|junit.framework.TestCase.runBare|junit.framework.TestResult$1.protect	24
c448	FT	1	com.alibaba.json.bvt.parser.JSONScannerTest_scanFieldInt#test_error_4	PASS				380
c448	FT	2	com.alibaba.json.bvt.parser.DefaultExtJSONParser_parseArray#test_7	FAIL	java.lang.AssertionError	expected:<Sun Jan 09 05:49:53 UTC 2011> but was:<Sun Jan 09 13:49:53 UTC 2011>	org.junit.Assert.fail|org.junit.Assert.failNotEquals|org.junit.Assert.assertEquals|org.junit.Assert.assertEquals|com.alibaba.json.bvt.parser.DefaultExtJSONParser_parseArray.test_7|sun.reflect.NativeMethodAccessorImpl.invoke0|sun.reflect.NativeMethodAccessorImpl.invoke|sun.reflect.DelegatingMethodAccessorImpl.invoke|java.lang.reflect.Method.invoke|junit.framework.TestCase.runTest|junit.framework.TestCase.runBare|junit.framework.TestResult$1.protect	25
c449	FT	1	com.alibaba.json.bvt.parser.JSONScannerTest_scanFieldInt#test_error_5	PASS				443
c449	FT	2	com.alibaba.json.bvt.parser.DefaultExtJSONParser_parseArray#test_7	FAIL	java.lang.AssertionError	expected:<Sun Jan 09 05:49:53 UTC 2011> but was:<Sun Jan 09 13:49:53 UTC 2011>	org.junit.Assert.fail|org.junit.Assert.failNotEquals|org.junit.Assert.assertEquals|org.junit.Assert.assertEquals|com.alibaba.json.bvt.parser.DefaultExtJSONParser_parseArray.test_7|sun.reflect.NativeMethodAccessorImpl.invoke0|sun.reflect.NativeMethodAccessorImpl.invoke|sun.reflect.DelegatingMethodAccessorImpl.invoke|java.lang.reflect.Method.invoke|junit.framework.TestCase.runTest|junit.framework.TestCase.runBare|junit.framework.TestResult$1.protect	47
c450	FT	1	com.alibaba.json.bvt.parser.JSONScannerTest_scanFieldLong#test_0	PASS				420
c450	FT	2	com.alibaba.json.bvt.parser.DefaultExtJSONParser_parseArray#test_7	FAIL	java.lang.AssertionError	expected:<Sun Jan 09 05:49:53 UTC 2011> but was:<Sun Jan 09 13:49:53 UTC 2011>	org.junit.Assert.fail|org.junit.Assert.failNotEquals|org.junit.Assert.assertEquals|org.junit.Assert.assertEquals|com.alibaba.json.bvt.parser.DefaultExtJSONParser_parseArray.test_7|sun.reflect.NativeMethodAccessorImpl.invoke0|sun.reflect.NativeMethodAccessorImpl.invoke|sun.reflect.DelegatingMethodAccessorImpl.invoke|java.lang.reflect.Method.invoke|junit.framework.TestCase.runTest|junit.framework.TestCase.runBare|junit.framework.TestResult$1.protect	23
c451	FT	1	com.alibaba.json.bvt.parser.JSONScannerTest_scanFieldString#test_0	PASS				360
c451	FT	2	com.alibaba.json.bvt.parser.DefaultExtJSONParser_parseArray#test_7	FAIL	java.lang.AssertionError	expected:<Sun Jan 09 05:49:53 UTC 2011> but was:<Sun Jan 09 13:49:53 UTC 2011>	org.junit.Assert.fail|org.junit.Assert.failNotEquals|org.junit.Assert.assertEquals|org.junit.Assert.assertEquals|com.alibaba.json.bvt.parser.DefaultExtJSONParser_parseArray.test_7|sun.reflect.NativeMethodAccessorImpl.invoke0|sun.reflect.NativeMethodAccessorImpl.invoke|sun.reflect.DelegatingMethodAccessorImpl.invoke|java.lang.reflect.Method.invoke|junit.framework.TestCase.runTest|junit.framework.TestCase.runBare|junit.framework.TestResult$1.protect	21
c452	FT	1	com.alibaba.json.bvt.parser.JSONScannerTest_scanFieldString#test_1	PASS				330
c452	FT	2	com.alibaba.json.bvt.parser.DefaultExtJSONParser_parseArray#test_7	FAIL	java.lang.AssertionError	expected:<Sun Jan 09 05:49:53 UTC 2011> but was:<Sun Jan 09 13:49:53 UTC 2011>	org.junit.Assert.fail|org.junit.Assert.failNotEquals|org.junit.Assert.assertEquals|org.junit.Assert.assertEquals|com.alibaba.json.bvt.parser.DefaultExtJSONParser_parseArray.test_7|sun.reflect.NativeMethodAccessorImpl.invoke0|sun.reflect.NativeMethodAccessorImpl.invoke|sun.reflect.DelegatingMethodAccessorImpl.invoke|java.lang.reflect.Method.invoke|junit.framework.TestCase.runTest|junit.framework.TestCase.runBare|junit.framework.TestResult$1.protect	35
c453	FT	1	com.alibaba.json.bvt.parser.JSONScannerTest_scanFieldString#test_2	PASS				394
c453	FT	2	com.alibaba.json.bvt.parser.DefaultExtJSONParser_parseArray#test_7	FAIL	java.lang.AssertionError	expected:<Sun Jan 09 05:49:53 UTC 2011> but was:<Sun Jan 09 13:49:53 UTC 2011>	org.junit.Assert.fail|org.junit.Assert.failNotEquals|org.junit.Assert.assertEquals|org.junit.Assert.assertEquals|com.alibaba.json.bvt.parser.DefaultExtJSONParser_parseArray.test_7|sun.reflect.NativeMethodAccessorImpl.invoke0|sun.reflect.NativeMethodAccessorImpl.invoke|sun.reflect.DelegatingMethodAccessorImpl.invoke|java.lang.reflect.Method.invoke|junit.framework.TestCase.runTest|junit.framework.TestCase.runBare|junit.framework.TestResult$1.protect	18
c454	FT	1	com.alibaba.json.bvt.parser.JSONScannerTest_scanFieldString#test_3	PASS				370
c454	FT	2	com.alibaba.json.bvt.parser.DefaultExtJSONParser_parseArray#test_7	FAIL	java.lang.AssertionError	expected:<Sun Jan 09 05:49:53 UTC 2011> but was:<Sun Jan 09 13:49:53 UTC 2011>	org.junit.Assert.fail|org.junit.Assert.failNotEquals|org.junit.Assert.assertEquals|org.junit.Assert.assertEquals|com.alibaba.json.bvt.parser.DefaultExtJSONParser_parseArray.test_7|sun.reflect.NativeMethodAccessorImpl.invoke0|sun.reflect.NativeMethodAccessorImpl.invoke|sun.reflect.DelegatingMethodAccessorImpl.invoke|java.lang.reflect.Method.invoke|junit.framework.TestCase.runTest|junit.framework.TestCase.runBare|junit.framework.TestResult$1.protect	29
c455	FT	1	com.alibaba.json.bvt.parser.JSONScannerTest_scanFieldString#test_error_0	PASS				380
c455	FT	2	com.alibaba.json.bvt.parser.DefaultExtJSONParser_parseArray#test_7	FAIL	java.lang.AssertionError	expected:<Sun Jan 09 05:49:53 UTC 2011> but was:<Sun Jan 09 13:49:53 UTC 2011>	org.junit.Assert.fail|org.junit.Assert.failNotEquals|org.junit.Assert.assertEquals|org.junit.Assert.assertEquals|com.alibaba.json.bvt.parser.DefaultExtJSONParser_parseArray.test_7|sun.reflect.NativeMethodAccessorImpl.invoke0|sun.reflect.NativeMethodAccessorImpl.invoke|sun.reflect.DelegatingMethodAccessorImpl.invoke|java.lang.reflect.Method.invoke|junit.framework.TestCase.runTest|junit.framework.TestCase.runBare|junit.framework.TestResult$1.protect	20
c456	FT	1	com.alibaba.json.bvt.parser.JSONScannerTest_scanFieldStringArray#test_string	PASS				448
c456	FT	2	com.alibaba.json.bvt.parser.DefaultExtJSONParser_parseArray#test_7	FAIL	java.lang.AssertionError	expected:<Sun Jan 09 05:49:53 UTC 2011> but was:<Sun Jan 09 13:49:53 UTC 2011>	org.junit.Assert.fail|org.junit.Assert.failNotEquals|org.junit.Assert.assertEquals|org.junit.Assert.assertEquals|com.alibaba.json.bvt.parser.DefaultExtJSONParser_parseArray.test_7|sun.reflect.NativeMethodAccessorImpl.invoke0|sun.reflect.NativeMethodAccessorImpl.invoke|sun.reflect.DelegatingMethodAccessorImpl.invoke|java.lang.reflect.Method.invoke|junit.framework.TestCase.runTest|junit.framework.TestCase.runBare|junit.framework.TestResult$1.protect	33
c457	FT	1	com.alibaba.json.bvt.parser.JSONScannerTest_scanFieldStringArray#test_string_1	PASS				401
c457	FT	2	com.alibaba.json.bvt.parser.DefaultExtJSONParser_parseArray#test_7	FAIL	java.lang.AssertionError	expected:<Sun Jan 09 05:49:53 UTC 2011> but was:<Sun Jan 09 13:49:53 UTC 2011>	org.junit.Assert.fail|org.junit.Assert.failNotEquals|org.junit.Assert.assertEquals|org.junit.Assert.assertEquals|com.alibaba.json.bvt.parser.DefaultExtJSONParser_parseArray.test_7|sun.reflect.NativeMethodAccessorImpl.invoke0|sun.reflect.NativeMethodAccessorImpl.invoke|sun.reflect.DelegatingMethodAccessorImpl.invoke|java.lang.reflect.Method.invoke|junit.framework.TestCase.runTest|junit.framework.TestCase.runBare|junit.framework.TestResult$1.protect	31
c458	FT	1	com.alibaba.json.bvt.parser.JSONScannerTest_scanFieldStringArray#test_string_2	PASS				428
c458	FT	2	com.alibaba.json.bvt.parser.DefaultExtJSONParser_parseArray#test_7	FAIL	java.lang.AssertionError	expected:<Sun Jan 09 05:49:53 UTC 2011> but was:<Sun Jan 09 13:49:53 UTC 2011>	org.junit.Assert.fail|org.junit.Assert.failNotEquals|org.junit.Assert.assertEquals|org.junit.Assert.assertEquals|com.alibaba.json.bvt.parser.DefaultExtJSONParser_parseArray.test_7|sun.reflect.NativeMethodAccessorImpl.invoke0|sun.reflect.NativeMethodAccessorImpl.invoke|sun.reflect.DelegatingMethodAccessorImpl.invoke|java.lang.reflect.Method.invoke|junit.framework.TestCase.runTest|junit.framework.TestCase.runBare|junit.framework.TestResult$1.protect	20
c459	FT	1	com.alibaba.json.bvt.parser.JSONScannerTest_scanFieldStringArray#test_string_3	PASS				413
c459	FT	2	com.alibaba.json.bvt.parser.DefaultExtJSONParser_parseArray#test_7	FAIL	java.lang.AssertionError	expected:<Sun Jan 09 05:49:53 UTC 2011> but was:<Sun Jan 09 13:49:53 UTC 2011>	org.junit.Assert.fail|org.junit.Assert.failNotEquals|org.junit.Assert.assertEquals|org.junit.Assert.assertEquals|com.alibaba.json.bvt.parser.DefaultExtJSONParser_parseArray.test_7|sun.reflect.NativeMethodAccessorImpl.invoke0|sun.reflect.NativeMethodAccessorImpl.invoke|sun.reflect.DelegatingMethodAccessorImpl.invoke|java.lang.reflect.Method.invoke|junit.framework.TestCase.runTest|junit.framework.TestCase.runBare|junit.framework.TestResult$1.protect	17
c460	FT	1	com.alibaba.json.bvt.parser.JSONScannerTest_scanFieldStringArray#test_string_4	PASS				400
c460	FT	2	com.alibaba.json.bvt.parser.DefaultExtJSONParser_parseArray#test_7	FAIL	java.lang.AssertionError	expected:<Sun Jan 09 05:49:53 UTC 2011> but was:<Sun Jan 09 13:49:53 UTC 2011>	org.junit.Assert.fail|org.junit.Assert.failNotEquals|org.junit.Assert.assertEquals|org.junit.Assert.assertEquals|com.alibaba.json.bvt.parser.DefaultExtJSONParser_parseArray.test_7|sun.reflect.NativeMethodAccessorImpl.invoke0|sun.reflect.NativeMethodAccessorImpl.invoke|sun.reflect.DelegatingMethodAccessorImpl.invoke|java.lang.reflect.Method.invoke|junit.framework.TestCase.runTest|junit.framework.TestCase.runBare|junit.framework.TestResult$1.protect	17
c461	FT	1	com.alibaba.json.bvt.parser.JSONScannerTest_scanFieldStringArray#test_string_5	PASS				421
c461	FT	2	com.alibaba.json.bvt.parser.DefaultExtJSONParser_parseArray#test_7	FAIL	java.lang.AssertionError	expected:<Sun Jan 09 05:49:53 UTC 2011> but was:<Sun Jan 09 13:49:53 UTC 2011>	org.junit.Assert.fail|org.junit.Assert.failNotEquals|org.junit.Assert.assertEquals|org.junit.Assert.assertEquals|com.alibaba.json.bvt.parser.DefaultExtJSONParser_parseArray.test_7|sun.reflect.NativeMethodAccessorImpl.invoke0|sun.reflect.NativeMethodAccessorImpl.invoke|sun.reflect.DelegatingMethodAccessorImpl.invoke|java.lang.reflect.Method.invoke|junit.framework.TestCase.runTest|junit.framework.TestCase.runBare|junit.framework.TestResult$1.protect	36
c462	FT	1	com.alibaba.json.bvt.parser.JSONScannerTest_scanFieldStringArray#test_string_error	PASS				377
c462	FT	2	com.alibaba.json.bvt.parser.DefaultExtJSONParser_parseArray#test_7	FAIL	java.lang.AssertionError	expected:<Sun Jan 09 05:49:53 UTC 2011> but was:<Sun Jan 09 13:49:53 UTC 2011>	org.junit.Assert.fail|org.junit.Assert.failNotEquals|org.junit.Assert.assertEquals|org.junit.Assert.assertEquals|com.alibaba.json.bvt.parser.DefaultExtJSONParser_parseArray.test_7|sun.reflect.NativeMethodAccessorImpl.invoke0|sun.reflect.NativeMethodAccessorImpl.invoke|sun.reflect.DelegatingMethodAccessorImpl.invoke|java.lang.reflect.Method.invoke|junit.framework.TestCase.runTest|junit.framework.TestCase.runBare|junit.framework.TestResult$1.protect	24
c463	FT	1	com.alibaba.json.bvt.parser.JSONScannerTest_scanFieldStringArray#test_string_error_2	PASS				364
c463	FT	2	com.alibaba.json.bvt.parser.DefaultExtJSONParser_parseArray#test_7	FAIL	java.lang.AssertionError	expected:<Sun Jan 09 05:49:53 UTC 2011> but was:<Sun Jan 09 13:49:53 UTC 2011>	org.junit.Assert.fail|org.junit.Assert.failNotEquals|org.junit.Assert.assertEquals|org.junit.Assert.assertEquals|com.alibaba.json.bvt.parser.DefaultExtJSONParser_parseArray.test_7|sun.reflect.NativeMethodAccessorImpl.invoke0|sun.reflect.NativeMethodAccessorImpl.invoke|sun.reflect.DelegatingMethodAccessorImpl.invoke|java.lang.reflect.Method.invoke|junit.framework.TestCase.runTest|junit.framework.TestCase.runBare|junit.framework.TestResult$1.protect	25
c464	FT	1	com.alibaba.json.bvt.parser.JSONScannerTest_scanFieldStringArray#test_string_error_3	PASS				289
c464	FT	2	com.alibaba.json.bvt.parser.DefaultExtJSONParser_parseArray#test_7	FAIL	java.lang.AssertionError	expected:<Sun Jan 09 05:49:53 UTC 2011> but was:<Sun Jan 09 13:49:53 UTC 2011>	org.junit.Assert.fail|org.junit.Assert.failNotEquals|org.junit.Assert.assertEquals|org.junit.Assert.assertEquals|com.alibaba.json.bvt.parser.DefaultExtJSONParser_parseArray.test_7|sun.reflect.NativeMethodAccessorImpl.invoke0|sun.reflect.NativeMethodAccessorImpl.invoke|sun.reflect.DelegatingMethodAccessorImpl.invoke|java.lang.reflect.Method.invoke|junit.framework.TestCase.runTest|junit.framework.TestCase.runBare|junit.framework.TestResult$1.protect	35
c465	FT	1	com.alibaba.json.bvt.parser.JSONScannerTest_scanFieldStringArray#test_string_error_4	PASS				450
c465	FT	2	com.alibaba.json.bvt.parser.DefaultExtJSONParser_parseArray#test_7	FAIL	java.lang.AssertionError	expected:<Sun Jan 09 05:49:53 UTC 2011> but was:<Sun Jan 09 13:49:53 UTC 2011>	org.junit.Assert.fail|org.junit.Assert.failNotEquals|org.junit.Assert.assertEquals|org.junit.Assert.assertEquals|com.alibaba.json.bvt.parser.DefaultExtJSONParser_parseArray.test_7|sun.reflect.NativeMethodAccessorImpl.invoke0|sun.reflect.NativeMethodAccessorImpl.invoke|sun.reflect.DelegatingMethodAccessorImpl.invoke|java.lang.reflect.Method.invoke|junit.framework.TestCase.runTest|junit.framework.TestCase.runBare|junit.framework.TestResult$1.protect	30
c466	FT	1	com.alibaba.json.bvt.parser.JSONScannerTest_scanFieldStringArray#test_string_error_5	PASS				441
c466	FT	2	com.alibaba.json.bvt.parser.DefaultExtJSONParser_parseArray#test_7	FAIL	java.lang.AssertionError	expected:<Sun Jan 09 05:49:53 UTC 2011> but was:<Sun Jan 09 13:49:53 UTC 2011>	org.junit.Assert.fail|org.junit.Assert.failNotEquals|org.junit.Assert.assertEquals|org.junit.Assert.assertEquals|com.alibaba.json.bvt.parser.DefaultExtJSONParser_parseArray.test_7|sun.reflect.NativeMethodAccessorImpl.invoke0|sun.reflect.NativeMethodAccessorImpl.invoke|sun.reflect.DelegatingMethodAccessorImpl.invoke|java.lang.reflect.Method.invoke|junit.framework.TestCase.runTest|junit.framework.TestCase.runBare|junit.framework.TestResult$1.protect	17
c467	FT	1	com.alibaba.json.bvt.parser.JSONScannerTest_scanFieldString_error#test_error_2	PASS				414
c467	FT	2	com.alibaba.json.bvt.parser.DefaultExtJSONParser_parseArray#test_7	FAIL	java.lang.AssertionError	expected:<Sun Jan 09 05:49:53 UTC 2011> but was:<Sun Jan 09 13:49:53 UTC 2011>	org.junit.Assert.fail|org.junit.Assert.failNotEquals|org.junit.Assert.assertEquals|org.junit.Assert.assertEquals|com.alibaba.json.bvt.parser.DefaultExtJSONParser_parseArray.test_7|sun.reflect.NativeMethodAccessorImpl.invoke0|sun.reflect.NativeMethodAccessorImpl.invoke|sun.reflect.DelegatingMethodAccessorImpl.invoke|java.lang.reflect.Method.invoke|junit.framework.TestCase.runTest|junit.framework.TestCase.runBare|junit.framework.TestResult$1.protect	31
c468	FT	1	com.alibaba.json.bvt.parser.JSONScannerTest_scanFieldString_error#test_error_3	PASS				396
c468	FT	2	com.alibaba.json.bvt.parser.DefaultExtJSONParser_parseArray#test_7	FAIL	java.lang.AssertionError	expected:<Sun Jan 09 05:49:53 UTC 2011> but was:<Sun Jan 09 13:49:53 UTC 2011>	org.junit.Assert.fail|org.junit.Assert.failNotEquals|org.junit.Assert.assertEquals|org.junit.Assert.assertEquals|com.alibaba.json.bvt.parser.DefaultExtJSONParser_parseArray.test_7|sun.reflect.NativeMethodAccessorImpl.invoke0|sun.reflect.NativeMethodAccessorImpl.invoke|sun.reflect.DelegatingMethodAccessorImpl.invoke|java.lang.reflect.Method.invoke|junit.framework.TestCase.runTest|junit.framework.TestCase.runBare|junit.framework.TestResult$1.protect	22
c469	FT	1	com.alibaba.json.bvt.parser.JSONScannerTest_scanSymbol#test_0	PASS				223
c469	FT	2	com.alibaba.json.bvt.parser.DefaultExtJSONParser_parseArray#test_7	FAIL	java.lang.AssertionError	expected:<Sun Jan 09 05:49:53 UTC 2011> but was:<Sun Jan 09 13:49:53 UTC 2011>	org.junit.Assert.fail|org.junit.Assert.failNotEquals|org.junit.Assert.assertEquals|org.junit.Assert.assertEquals|com.alibaba.json.bvt.parser.DefaultExtJSONParser_parseArray.test_7|sun.reflect.NativeMethodAccessorImpl.invoke0|sun.reflect.NativeMethodAccessorImpl.invoke|sun.reflect.DelegatingMethodAccessorImpl.invoke|java.lang.reflect.Method.invoke|junit.framework.TestCase.runTest|junit.framework.TestCase.runBare|junit.framework.TestResult$1.protect	208
c470	FT	1	com.alibaba.json.bvt.parser.JSONScannerTest_scanSymbol#test_1	PASS				234
c470	FT	2	com.alibaba.json.bvt.parser.DefaultExtJSONParser_parseArray#test_7	FAIL	java.lang.AssertionError	expected:<Sun Jan 09 05:49:53 UTC 2011> but was:<Sun Jan 09 13:49:53 UTC 2011>	org.junit.Assert.fail|org.junit.Assert.failNotEquals|org.junit.Assert.assertEquals|org.junit.Assert.assertEquals|com.alibaba.json.bvt.parser.DefaultExtJSONParser_parseArray.test_7|sun.reflect.NativeMethodAccessorImpl.invoke0|sun.reflect.NativeMethodAccessorImpl.invoke|sun.reflect.DelegatingMethodAccessorImpl.invoke|java.lang.reflect.Method.invoke|junit.framework.TestCase.runTest|junit.framework.TestCase.runBare|junit.framework.TestResult$1.protect	211
c471	FT	1	com.alibaba.json.bvt.parser.JSONScannerTest_scanSymbol#test_2	PASS				164
c471	FT	2	com.alibaba.json.bvt.parser.DefaultExtJSONParser_parseArray#test_7	FAIL	java.lang.AssertionError	expected:<Sun Jan 09 05:49:53 UTC 2011> but was:<Sun Jan 09 13:49:53 UTC 2011>	org.junit.Assert.fail|org.junit.Assert.failNotEquals|org.junit.Assert.assertEquals|org.junit.Assert.assertEquals|com.alibaba.json.bvt.parser.DefaultExtJSONParser_parseArray.test_7|sun.reflect.NativeMethodAccessorImpl.invoke0|sun.reflect.NativeMethodAccessorImpl.invoke|sun.reflect.DelegatingMethodAccessorImpl.invoke|java.lang.reflect.Method.invoke|junit.framework.TestCase.runTest|junit.framework.TestCase.runBare|junit.framework.TestResult$1.protect	200
c472	FT	1	com.alibaba.json.bvt.parser.JSONScannerTest_scanSymbol#test_3	PASS				186
c472	FT	2	com.alibaba.json.bvt.parser.DefaultExtJSONParser_parseArray#test_7	FAIL	java.lang.AssertionError	expected:<Sun Jan 09 05:49:53 UTC 2011> but was:<Sun Jan 09 13:49:53 UTC 2011>	org.junit.Assert.fail|org.junit.Assert.failNotEquals|org.junit.Assert.assertEquals|org.junit.Assert.assertEquals|com.alibaba.json.bvt.parser.DefaultExtJSONParser_parseArray.test_7|sun.reflect.NativeMethodAccessorImpl.invoke0|sun.reflect.NativeMethodAccessorImpl.invoke|sun.reflect.DelegatingMethodAccessorImpl.invoke|java.lang.reflect.Method.invoke|junit.framework.TestCase.runTest|junit.framework.TestCase.runBare|junit.framework.TestResult$1.protect	183
c473	FT	1	com.alibaba.json.bvt.parser.JSONScannerTest_scanSymbol#test_4	PASS				160
c473	FT	2	com.alibaba.json.bvt.parser.DefaultExtJSONParser_parseArray#test_7	FAIL	java.lang.AssertionError	expected:<Sun Jan 09 05:49:53 UTC 2011> but was:<Sun Jan 09 13:49:53 UTC 2011>	org.junit.Assert.fail|org.junit.Assert.failNotEquals|org.junit.Assert.assertEquals|org.junit.Assert.assertEquals|com.alibaba.json.bvt.parser.DefaultExtJSONParser_parseArray.test_7|sun.reflect.NativeMethodAccessorImpl.invoke0|sun.reflect.NativeMethodAccessorImpl.invoke|sun.reflect.DelegatingMethodAccessorImpl.invoke|java.lang.reflect.Method.invoke|junit.framework.TestCase.runTest|junit.framework.TestCase.runBare|junit.framework.TestResult$1.protect	224
c474	FT	1	com.alibaba.json.bvt.parser.JSONScannerTest_scanSymbol#test_6	PASS				223
c474	FT	2	com.alibaba.json.bvt.parser.DefaultExtJSONParser_parseArray#test_7	FAIL	java.lang.AssertionError	expected:<Sun Jan 09 05:49:53 UTC 2011> but was:<Sun Jan 09 13:49:53 UTC 2011>	org.junit.Assert.fail|org.junit.Assert.failNotEquals|org.junit.Assert.assertEquals|org.junit.Assert.assertEquals|com.alibaba.json.bvt.parser.DefaultExtJSONParser_parseArray.test_7|sun.reflect.NativeMethodAccessorImpl.invoke0|sun.reflect.NativeMethodAccessorImpl.invoke|sun.reflect.DelegatingMethodAccessorImpl.invoke|java.lang.reflect.Method.invoke|junit.framework.TestCase.runTest|junit.framework.TestCase.runBare|junit.framework.TestResult$1.protect	194
c475	FT	1	com.alibaba.json.bvt.parser.JSONScannerTest_scanSymbol#test_7	PASS				187
c475	FT	2	com.alibaba.json.bvt.parser.DefaultExtJSONParser_parseArray#test_7	FAIL	java.lang.AssertionError	expected:<Sun Jan 09 05:49:53 UTC 2011> but was:<Sun Jan 09 13:49:53 UTC 2011>	org.junit.Assert.fail|org.junit.Assert.failNotEquals|org.junit.Assert.assertEquals|org.junit.Assert.assertEquals|com.alibaba.json.bvt.parser.DefaultExtJSONParser_parseArray.test_7|sun.reflect.NativeMethodAccessorImpl.invoke0|sun.reflect.NativeMethodAccessorImpl.invoke|sun.reflect.DelegatingMethodAccessorImpl.invoke|java.lang.reflect.Method.invoke|junit.framework.TestCase.runTest|junit.framework.TestCase.runBare|junit.framework.TestResult$1.protect	234
c476	FT	1	com.alibaba.json.bvt.parser.JSONScannerTest_singQuoteString#test_error	PASS				173
c476	FT	2	com.alibaba.json.bvt.parser.DefaultExtJSONParser_parseArray#test_7	FAIL	java.lang.AssertionError	expected:<Sun Jan 09 05:49:53 UTC 2011> but was:<Sun Jan 09 13:49:53 UTC 2011>	org.junit.Assert.fail|org.junit.Assert.failNotEquals|org.junit.Assert.assertEquals|org.junit.Assert.assertEquals|com.alibaba.json.bvt.parser.DefaultExtJSONParser_parseArray.test_7|sun.reflect.NativeMethodAccessorImpl.invoke0|sun.reflect.NativeMethodAccessorImpl.invoke|sun.reflect.DelegatingMethodAccessorImpl.invoke|java.lang.reflect.Method.invoke|junit.framework.TestCase.runTest|junit.framework.TestCase.runBare|junit.framework.TestResult$1.protect	202
c477	FT	1	com.alibaba.json.bvt.parser.JSONScannerTest_singQuoteString#test_error_1	PASS				195
c477	FT	2	com.alibaba.json.bvt.parser.DefaultExtJSONParser_parseArray#test_7	FAIL	java.lang.AssertionError	expected:<Sun Jan 09 05:49:53 UTC 2011> but was:<Sun Jan 09 13:49:53 UTC 2011>	org.junit.Assert.fail|org.junit.Assert.failNotEquals|org.junit.Assert.assertEquals|org.junit.Assert.assertEquals|com.alibaba.json.bvt.parser.DefaultExtJSONParser_parseArray.test_7|sun.reflect.NativeMethodAccessorImpl.invoke0|sun.reflect.NativeMethodAccessorImpl.invoke|sun.reflect.DelegatingMethodAccessorImpl.invoke|java.lang.reflect.Method.invoke|junit.framework.TestCase.runTest|junit.framework.TestCase.runBare|junit.framework.TestResult$1.protect	204
c478	FT	1	com.alibaba.json.bvt.parser.JSONScannerTest_singQuoteString#test_string	PASS				241
c478	FT	2	com.alibaba.json.bvt.parser.DefaultExtJSONParser_parseArray#test_7	FAIL	java.lang.AssertionError	expected:<Sun Jan 09 05:49:53 UTC 2011> but was:<Sun Jan 09 13:49:53 UTC 2011>	org.junit.Assert.fail|org.junit.Assert.failNotEquals|org.junit.Assert.assertEquals|org.junit.Assert.assertEquals|com.alibaba.json.bvt.parser.DefaultExtJSONParser_parseArray.test_7|sun.reflect.NativeMethodAccessorImpl.invoke0|sun.reflect.NativeMethodAccessorImpl.invoke|sun.reflect.DelegatingMethodAccessorImpl.invoke|java.lang.reflect.Method.invoke|junit.framework.TestCase.runTest|junit.framework.TestCase.runBare|junit.framework.TestResult$1.protect	194
c479	FT	1	com.alibaba.json.bvt.parser.JSONScannerTest_singQuoteString#test_string2	PASS				201
c479	FT	2	com.alibaba.json.bvt.parser.DefaultExtJSONParser_parseArray#test_7	FAIL	java.lang.AssertionError	expected:<Sun Jan 09 05:49:53 UTC 2011> but was:<Sun Jan 09 13:49:53 UTC 2011>	org.junit.Assert.fail|org.junit.Assert.failNotEquals|org.junit.Assert.assertEquals|org.junit.Assert.assertEquals|com.alibaba.json.bvt.parser.DefaultExtJSONParser_parseArray.test_7|sun.reflect.NativeMethodAccessorImpl.invoke0|sun.reflect.NativeMethodAccessorImpl.invoke|sun.reflect.DelegatingMethodAccessorImpl.invoke|java.lang.reflect.Method.invoke|junit.framework.TestCase.runTest|junit.framework.TestCase.runBare|junit.framework.TestResult$1.protect	147
c480	FT	1	com.alibaba.json.bvt.parser.JSONScannerTest_singQuoteString#test_string3	PASS				225
c480	FT	2	com.alibaba.json.bvt.parser.DefaultExtJSONParser_parseArray#test_7	FAIL	java.lang.AssertionError	expected:<Sun Jan 09 05:49:53 UTC 2011> but was:<Sun Jan 09 13:49:53 UTC 2011>	org.junit.Assert.fail|org.junit.Assert.failNotEquals|org.junit.Assert.assertEquals|org.junit.Assert.assertEquals|com.alibaba.json.bvt.parser.DefaultExtJSONParser_parseArray.test_7|sun.reflect.NativeMethodAccessorImpl.invoke0|sun.reflect.NativeMethodAccessorImpl.invoke|sun.reflect.DelegatingMethodAccessorImpl.invoke|java.lang.reflect.Method.invoke|junit.framework.TestCase.runTest|junit.framework.TestCase.runBare|junit.framework.TestResult$1.protect	176
c481	FT	1	com.alibaba.json.bvt.parser.JSONScannerTest_singQuoteString#test_string4	PASS				206
c481	FT	2	com.alibaba.json.bvt.parser.DefaultExtJSONParser_parseArray#test_7	FAIL	java.lang.AssertionError	expected:<Sun Jan 09 05:49:53 UTC 2011> but was:<Sun Jan 09 13:49:53 UTC 2011>	org.junit.Assert.fail|org.junit.Assert.failNotEquals|org.junit.Assert.assertEquals|org.junit.Assert.assertEquals|com.alibaba.json.bvt.parser.DefaultExtJSONParser_parseArray.test_7|sun.reflect.NativeMethodAccessorImpl.invoke0|sun.reflect.NativeMethodAccessorImpl.invoke|sun.reflect.DelegatingMethodAccessorImpl.invoke|java.lang.reflect.Method.invoke|junit.framework.TestCase.runTest|junit.framework.TestCase.runBare|junit.framework.TestResult$1.protect	160
c482	FT	1	com.alibaba.json.bvt.parser.JSONScannerTest_symbol#test_0	PASS				208
c482	FT	2	com.alibaba.json.bvt.parser.DefaultExtJSONParser_parseArray#test_7	FAIL	java.lang.AssertionError	expected:<Sun Jan 09 05:49:53 UTC 2011> but was:<Sun Jan 09 13:49:53 UTC 2011>	org.junit.Assert.fail|org.junit.Assert.failNotEquals|org.junit.Assert.assertEquals|org.junit.Assert.assertEquals|com.alibaba.json.bvt.parser.DefaultExtJSONParser_parseArray.test_7|sun.reflect.NativeMethodAccessorImpl.invoke0|sun.reflect.NativeMethodAccessorImpl.invoke|sun.reflect.DelegatingMethodAccessorImpl.invoke|java.lang.reflect.Method.invoke|junit.framework.TestCase.runTest|junit.framework.TestCase.runBare|junit.framework.TestResult$1.protect	238
c483	FT	1	com.alibaba.json.bvt.parser.JSONScannerTest_symbol#test_1	PASS				155
c483	FT	2	com.alibaba.json.bvt.parser.DefaultExtJSONParser_parseArray#test_7	FAIL	java.lang.AssertionError	expected:<Sun Jan 09 05:49:53 UTC 2011> but was:<Sun Jan 09 13:49:53 UTC 2011>	org.junit.Assert.fail|org.junit.Assert.failNotEquals|org.junit.Assert.assertEquals|org.junit.Assert.assertEquals|com.alibaba.json.bvt.parser.DefaultExtJSONParser_parseArray.test_7|sun.reflect.NativeMethodAccessorImpl.invoke0|sun.reflect.NativeMethodAccessorImpl.invoke|sun.reflect.DelegatingMethodAccessorImpl.invoke|java.lang.reflect.Method.invoke|junit.framework.TestCase.runTest|junit.framework.TestCase.runBare|junit.framework.TestResult$1.protect	212
c484	FT	1	com.alibaba.json.bvt.parser.JSONScannerTest_symbol#test_10	PASS				170
c484	FT	2	com.alibaba.json.bvt.parser.DefaultExtJSONParser_parseArray#test_7	FAIL	java.lang.AssertionError	expected:<Sun Jan 09 05:49:53 UTC 2011> but was:<Sun Jan 09 13:49:53 UTC 2011>	org.junit.Assert.fail|org.junit.Assert.failNotEquals|org.junit.Assert.assertEquals|org.junit.Assert.assertEquals|com.alibaba.json.bvt.parser.DefaultExtJSONParser_parseArray.test_7|sun.reflect.NativeMethodAccessorImpl.invoke0|sun.reflect.NativeMethodAccessorImpl.invoke|sun.reflect.DelegatingMethodAccessorImpl.invoke|java.lang.reflect.Method.invoke|junit.framework.TestCase.runTest|junit.framework.TestCase.runBare|junit.framework.TestResult$1.protect	179
c485	FT	1	com.alibaba.json.bvt.parser.JSONScannerTest_symbol#test_11	PASS				177
c485	FT	2	com.alibaba.json.bvt.parser.DefaultExtJSONParser_parseArray#test_7	FAIL	java.lang.AssertionError	expected:<Sun Jan 09 05:49:53 UTC 2011> but was:<Sun Jan 09 13:49:53 UTC 2011>	org.junit.Assert.fail|org.junit.Assert.failNotEquals|org.junit.Assert.assertEquals|org.junit.Assert.assertEquals|com.alibaba.json.bvt.parser.DefaultExtJSONParser_parseArray.test_7|sun.reflect.NativeMethodAccessorImpl.invoke0|sun.reflect.NativeMethodAccessorImpl.invoke|sun.reflect.DelegatingMethodAccessorImpl.invoke|java.lang.reflect.Method.invoke|junit.framework.TestCase.runTest|junit.framework.TestCase.runBare|junit.framework.TestResult$1.protect	224
c486	FT	1	com.alibaba.json.bvt.parser.JSONScannerTest_symbol#test_12	PASS				141
c486	FT	2	com.alibaba.json.bvt.parser.DefaultExtJSONParser_parseArray#test_7	FAIL	java.lang.AssertionError	expected:<Sun Jan 09 05:49:53 UTC 2011> but was:<Sun Jan 09 13:49:53 UTC 2011>	org.junit.Assert.fail|org.junit.Assert.failNotEquals|org.junit.Assert.assertEquals|org.junit.Assert.assertEquals|com.alibaba.json.bvt.parser.DefaultExtJSONParser_parseArray.test_7|sun.reflect.NativeMethodAccessorImpl.invoke0|sun.reflect.NativeMethodAccessorImpl.invoke|sun.reflect.DelegatingMethodAccessorImpl.invoke|java.lang.reflect.Method.invoke|junit.framework.TestCase.runTest|junit.framework.TestCase.runBare|junit.framework.TestResult$1.protect	174
c487	FT	1	com.alibaba.json.bvt.parser.JSONScannerTest_symbol#test_2	PASS				159
c487	FT	2	com.alibaba.json.bvt.parser.DefaultExtJSONParser_parseArray#test_7	FAIL	java.lang.AssertionError	expected:<Sun Jan 09 05:49:53 UTC 2011> but was:<Sun Jan 09 13:49:53 UTC 2011>	org.junit.Assert.fail|org.junit.Assert.failNotEquals|org.junit.Assert.assertEquals|org.junit.Assert.assertEquals|com.alibaba.json.bvt.parser.DefaultExtJSONParser_parseArray.test_7|sun.reflect.NativeMethodAccessorImpl.invoke0|sun.reflect.NativeMethodAccessorImpl.invoke|sun.reflect.DelegatingMethodAccessorImpl.invoke|java.lang.reflect.Method.invoke|junit.framework.TestCase.runTest|junit.framework.TestCase.runBare|junit.framework.TestResult$1.protect	203
c488	FT	1	com.alibaba.json.bvt.parser.JSONScannerTest_symbol#test_3	PASS				193
c488	FT	2	com.alibaba.json.bvt.parser.DefaultExtJSONParser_parseArray#test_7	FAIL	java.lang.AssertionError	expected:<Sun Jan 09 05:49:53 UTC 2011> but was:<Sun Jan 09 13:49:53 UTC 2011>	org.junit.Assert.fail|org.junit.Assert.failNotEquals|org.junit.Assert.assertEquals|org.junit.Assert.assertEquals|com.alibaba.json.bvt.parser.DefaultExtJSONParser_parseArray.test_7|sun.reflect.NativeMethodAccessorImpl.invoke0|sun.reflect.NativeMethodAccessorImpl.invoke|sun.reflect.DelegatingMethodAccessorImpl.invoke|java.lang.reflect.Method.invoke|junit.framework.TestCase.runTest|junit.framework.TestCase.runBare|junit.framework.TestResult$1.protect	222
c489	FT	1	com.alibaba.json.bvt.parser.JSONScannerTest_symbol#test_4	PASS				143
c489	FT	2	com.alibaba.json.bvt.parser.DefaultExtJSONParser_parseArray#test_7	FAIL	java.lang.AssertionError	expected:<Sun Jan 09 05:49:53 UTC 2011> but was:<Sun Jan 09 13:49:53 UTC 2011>	org.junit.Assert.fail|org.junit.Assert.failNotEquals|org.junit.Assert.assertEquals|org.junit.Assert.assertEquals|com.alibaba.json.bvt.parser.DefaultExtJSONParser_parseArray.test_7|sun.reflect.NativeMethodAccessorImpl.invoke0|sun.reflect.NativeMethodAccessorImpl.invoke|sun.reflect.DelegatingMethodAccessorImpl.invoke|java.lang.reflect.Method.invoke|junit.framework.TestCase.runTest|junit.framework.TestCase.runBare|junit.framework.TestResult$1.protect	205
c490	FT	1	com.alibaba.json.bvt.parser.JSONScannerTest_symbol#test_5	PASS				156
c490	FT	2	com.alibaba.json.bvt.parser.DefaultExtJSONParser_parseArray#test_7	FAIL	java.lang.AssertionError	expected:<Sun Jan 09 05:49:53 UTC 2011> but was:<Sun Jan 09 13:49:53 UTC 2011>	org.junit.Assert.fail|org.junit.Assert.failNotEquals|org.junit.Assert.assertEquals|org.junit.Assert.assertEquals|com.alibaba.json.bvt.parser.DefaultExtJSONParser_parseArray.test_7|sun.reflect.NativeMethodAccessorImpl.invoke0|sun.reflect.NativeMethodAccessorImpl.invoke|sun.reflect.DelegatingMethodAccessorImpl.invoke|java.lang.reflect.Method.invoke|junit.framework.TestCase.runTest|junit.framework.TestCase.runBare|junit.framework.TestResult$1.protect	210
c491	FT	1	com.alibaba.json.bvt.parser.JSONScannerTest_symbol#test_6	PASS				136
c491	FT	2	com.alibaba.json.bvt.parser.DefaultExtJSONParser_parseArray#test_7	FAIL	java.lang.AssertionError	expected:<Sun Jan 09 05:49:53 UTC 2011> but was:<Sun Jan 09 13:49:53 UTC 2011>	org.junit.Assert.fail|org.junit.Assert.failNotEquals|org.junit.Assert.assertEquals|org.junit.Assert.assertEquals|com.alibaba.json.bvt.parser.DefaultExtJSONParser_parseArray.test_7|sun.reflect.NativeMethodAccessorImpl.invoke0|sun.reflect.NativeMethodAccessorImpl.invoke|sun.reflect.DelegatingMethodAccessorImpl.invoke|java.lang.reflect.Method.invoke|junit.framework.TestCase.runTest|junit.framework.TestCase.runBare|junit.framework.TestResult$1.protect	207
c492	FT	1	com.alibaba.json.bvt.parser.JSONScannerTest_symbol#test_7	PASS				148
c492	FT	2	com.alibaba.json.bvt.parser.DefaultExtJSONParser_parseArray#test_7	FAIL	java.lang.AssertionError	expected:<Sun Jan 09 05:49:53 UTC 2011> but was:<Sun Jan 09 13:49:53 UTC 2011>	org.junit.Assert.fail|org.junit.Assert.failNotEquals|org.junit.Assert.assertEquals|org.junit.Assert.assertEquals|com.alibaba.json.bvt.parser.DefaultExtJSONParser_parseArray.test_7|sun.reflect.NativeMethodAccessorImpl.invoke0|sun.reflect.NativeMethodAccessorImpl.invoke|sun.reflect.DelegatingMethodAccessorImpl.invoke|java.lang.reflect.Method.invoke|junit.framework.TestCase.runTest|junit.framework.TestCase.runBare|junit.framework.TestResult$1.protect	182
c493	FT	1	com.alibaba.json.bvt.parser.JSONScannerTest_symbol#test_8	PASS				217
c493	FT	2	com.alibaba.json.bvt.parser.DefaultExtJSONParser_parseArray#test_7	FAIL	java.lang.AssertionError	expected:<Sun Jan 09 05:49:53 UTC 2011> but was:<Sun Jan 09 13:49:53 UTC 2011>	org.junit.Assert.fail|org.junit.Assert.failNotEquals|org.junit.Assert.assertEquals|org.junit.Assert.assertEquals|com.alibaba.json.bvt.parser.DefaultExtJSONParser_parseArray.test_7|sun.reflect.NativeMethodAccessorImpl.invoke0|sun.reflect.NativeMethodAccessorImpl.invoke|sun.reflect.DelegatingMethodAccessorImpl.invoke|java.lang.reflect.Method.invoke|junit.framework.TestCase.runTest|junit.framework.TestCase.runBare|junit.framework.TestResult$1.protect	179
c494	FT	1	com.alibaba.json.bvt.parser.JSONScannerTest_symbol#test_9	PASS				166
c494	FT	2	com.alibaba.json.bvt.parser.DefaultExtJSONParser_parseArray#test_7	FAIL	java.lang.AssertionError	expected:<Sun Jan 09 05:49:53 UTC 2011> but was:<Sun Jan 09 13:49:53 UTC 2011>	org.junit.Assert.fail|org.junit.Assert.failNotEquals|org.junit.Assert.assertEquals|org.junit.Assert.assertEquals|com.alibaba.json.bvt.parser.DefaultExtJSONParser_parseArray.test_7|sun.reflect.NativeMethodAccessorImpl.invoke0|sun.reflect.NativeMethodAccessorImpl.invoke|sun.reflect.DelegatingMethodAccessorImpl.invoke|java.lang.reflect.Method.invoke|junit.framework.TestCase.runTest|junit.framework.TestCase.runBare|junit.framework.TestResult$1.protect	154
c495	FT	1	com.alibaba.json.bvt.parser.JSONScannerTest_symbol#test_error	PASS				175
c495	FT	2	com.alibaba.json.bvt.parser.DefaultExtJSONParser_parseArray#test_7	FAIL	java.lang.AssertionError	expected:<Sun Jan 09 05:49:53 UTC 2011> but was:<Sun Jan 09 13:49:53 UTC 2011>	org.junit.Assert.fail|org.junit.Assert.failNotEquals|org.junit.Assert.assertEquals|org.junit.Assert.assertEquals|com.alibaba.json.bvt.parser.DefaultExtJSONParser_parseArray.test_7|sun.reflect.NativeMethodAccessorImpl.invoke0|sun.reflect.NativeMethodAccessorImpl.invoke|sun.reflect.DelegatingMethodAccessorImpl.invoke|java.lang.reflect.Method.invoke|junit.framework.TestCase.runTest|junit.framework.TestCase.runBare|junit.framework.TestResult$1.protect	204
c496	FT	1	com.alibaba.json.bvt.parser.JSONScannerTest_symbol#test_error_2	PASS				189
c496	FT	2	com.alibaba.json.bvt.parser.DefaultExtJSONParser_parseArray#test_7	FAIL	java.lang.AssertionError	expected:<Sun Jan 09 05:49:53 UTC 2011> but was:<Sun Jan 09 13:49:53 UTC 2011>	org.junit.Assert.fail|org.junit.Assert.failNotEquals|org.junit.Assert.assertEquals|org.junit.Assert.assertEquals|com.alibaba.json.bvt.parser.DefaultExtJSONParser_parseArray.test_7|sun.reflect.NativeMethodAccessorImpl.invoke0|sun.reflect.NativeMethodAccessorImpl.invoke|sun.reflect.DelegatingMethodAccessorImpl.invoke|java.lang.reflect.Method.invoke|junit.framework.TestCase.runTest|junit.framework.TestCase.runBare|junit.framework.TestResult$1.protect	218
c497	FT	1	com.alibaba.json.bvt.parser.JSONScannerTest_true#test_scan_false_14	PASS				188
c497	FT	2	com.alibaba.json.bvt.parser.DefaultExtJSONParser_parseArray#test_7	FAIL	java.lang.AssertionError	expected:<Sun Jan 09 05:49:53 UTC 2011> but was:<Sun Jan 09 13:49:53 UTC 2011>	org.junit.Assert.fail|org.junit.Assert.failNotEquals|org.junit.Assert.assertEquals|org.junit.Assert.assertEquals|com.alibaba.json.bvt.parser.DefaultExtJSONParser_parseArray.test_7|sun.reflect.NativeMethodAccessorImpl.invoke0|sun.reflect.NativeMethodAccessorImpl.invoke|sun.reflect.DelegatingMethodAccessorImpl.invoke|java.lang.reflect.Method.invoke|junit.framework.TestCase.runTest|junit.framework.TestCase.runBare|junit.framework.TestResult$1.protect	199
c498	FT	1	com.alibaba.json.bvt.parser.JSONScannerTest_true#test_scan_false_15	PASS				151
c498	FT	2	com.alibaba.json.bvt.parser.DefaultExtJSONParser_parseArray#test_7	FAIL	java.lang.AssertionError	expected:<Sun Jan 09 05:49:53 UTC 2011> but was:<Sun Jan 09 13:49:53 UTC 2011>	org.junit.Assert.fail|org.junit.Assert.failNotEquals|org.junit.Assert.assertEquals|org.junit.Assert.assertEquals|com.alibaba.json.bvt.parser.DefaultExtJSONParser_parseArray.test_7|sun.reflect.NativeMethodAccessorImpl.invoke0|sun.reflect.NativeMethodAccessorImpl.invoke|sun.reflect.DelegatingMethodAccessorImpl.invoke|java.lang.reflect.Method.invoke|junit.framework.TestCase.runTest|junit.framework.TestCase.runBare|junit.framework.TestResult$1.protect	247
c499	FT	1	com.alibaba.json.bvt.parser.JSONScannerTest_true#test_scan_true_0	PASS				178
c499	FT	2	com.alibaba.json.bvt.parser.DefaultExtJSONParser_parseArray#test_7	FAIL	java.lang.AssertionError	expected:<Sun Jan 09 05:49:53 UTC 2011> but was:<Sun Jan 09 13:49:53 UTC 2011>	org.junit.Assert.fail|org.junit.Assert.failNotEquals|org.junit.Assert.assertEquals|org.junit.Assert.assertEquals|com.alibaba.json.bvt.parser.DefaultExtJSONParser_parseArray.test_7|sun.reflect.NativeMethodAccessorImpl.invoke0|sun.reflect.NativeMethodAccessorImpl.invoke|sun.reflect.DelegatingMethodAccessorImpl.invoke|java.lang.reflect.Method.invoke|junit.framework.TestCase.runTest|junit.framework.TestCase.runBare|junit.framework.TestResult$1.protect	196
c500	FT	1	com.alibaba.json.bvt.parser.JSONScannerTest_true#test_scan_true_1	PASS				170
c500	FT	2	com.alibaba.json.bvt.parser.DefaultExtJSONParser_parseArray#test_7	FAIL	java.lang.AssertionError	expected:<Sun Jan 09 05:49:53 UTC 2011> but was:<Sun Jan 09 13:49:53 UTC 2011>	org.junit.Assert.fail|org.junit.Assert.failNotEquals|org.junit.Assert.assertEquals|org.junit.Assert.assertEquals|com.alibaba.json.bvt.parser.DefaultExtJSONParser_parseArray.test_7|sun.reflect.NativeMethodAccessorImpl.invoke0|sun.reflect.NativeMethodAccessorImpl.invoke|sun.reflect.DelegatingMethodAccessorImpl.invoke|java.lang.reflect.Method.invoke|junit.framework.TestCase.runTest|junit.framework.TestCase.runBare|junit.framework.TestResult$1.protect	159
c501	FT	1	com.alibaba.json.bvt.parser.JSONScannerTest_true#test_scan_true_10	PASS				197
c501	FT	2	com.alibaba.json.bvt.parser.DefaultExtJSONParser_parseArray#test_7	FAIL	java.lang.AssertionError	expected:<Sun Jan 09 05:49:53 UTC 2011> but was:<Sun Jan 09 13:49:53 UTC 2011>	org.junit.Assert.fail|org.junit.Assert.failNotEquals|org.junit.Assert.assertEquals|org.junit.Assert.assertEquals|com.alibaba.json.bvt.parser.DefaultExtJSONParser_parseArray.test_7|sun.reflect.NativeMethodAccessorImpl.invoke0|sun.reflect.NativeMethodAccessorImpl.invoke|sun.reflect.DelegatingMethodAccessorImpl.invoke|java.lang.reflect.Method.invoke|junit.framework.TestCase.runTest|junit.framework.TestCase.runBare|junit.framework.TestResult$1.protect	202
c502	FT	1	com.alibaba.json.bvt.parser.JSONScannerTest_true#test_scan_true_11	PASS				207
c502	FT	2	com.alibaba.json.bvt.parser.DefaultExtJSONParser_parseArray#test_7	FAIL	java.lang.AssertionError	expected:<Sun Jan 09 05:49:53 UTC 2011> but was:<Sun Jan 09 13:49:53 UTC 2011>	org.junit.Assert.fail|org.junit.Assert.failNotEquals|org.junit.Assert.assertEquals|org.junit.Assert.assertEquals|com.alibaba.json.bvt.parser.DefaultExtJSONParser_parseArray.test_7|sun.reflect.NativeMethodAccessorImpl.invoke0|sun.reflect.NativeMethodAccessorImpl.invoke|sun.reflect.DelegatingMethodAccessorImpl.invoke|java.lang.reflect.Method.invoke|junit.framework.TestCase.runTest|junit.framework.TestCase.runBare|junit.framework.TestResult$1.protect	232
c503	FT	1	com.alibaba.json.bvt.parser.JSONScannerTest_true#test_scan_true_12	PASS				207
c503	FT	2	com.alibaba.json.bvt.parser.DefaultExtJSONParser_parseArray#test_7	FAIL	java.lang.AssertionError	expected:<Sun Jan 09 05:49:53 UTC 2011> but was:<Sun Jan 09 13:49:53 UTC 2011>	org.junit.Assert.fail|org.junit.Assert.failNotEquals|org.junit.Assert.assertEquals|org.junit.Assert.assertEquals|com.alibaba.json.bvt.parser.DefaultExtJSONParser_parseArray.test_7|sun.reflect.NativeMethodAccessorImpl.invoke0|sun.reflect.NativeMethodAccessorImpl.invoke|sun.reflect.DelegatingMethodAccessorImpl.invoke|java.lang.reflect.Method.invoke|junit.framework.TestCase.runTest|junit.framework.TestCase.runBare|junit.framework.TestResult$1.protect	213
c504	FT	1	com.alibaba.json.bvt.parser.JSONScannerTest_true#test_scan_true_13	PASS				212
c504	FT	2	com.alibaba.json.bvt.parser.DefaultExtJSONParser_parseArray#test_7	FAIL	java.lang.AssertionError	expected:<Sun Jan 09 05:49:53 UTC 2011> but was:<Sun Jan 09 13:49:53 UTC 2011>	org.junit.Assert.fail|org.junit.Assert.failNotEquals|org.junit.Assert.assertEquals|org.junit.Assert.assertEquals|com.alibaba.json.bvt.parser.DefaultExtJSONParser_parseArray.test_7|sun.reflect.NativeMethodAccessorImpl.invoke0|sun.reflect.NativeMethodAccessorImpl.invoke|sun.reflect.DelegatingMethodAccessorImpl.invoke|java.lang.reflect.Method.invoke|junit.framework.TestCase.runTest|junit.framework.TestCase.runBare|junit.framework.TestResult$1.protect	244
c505	FT	1	com.alibaba.json.bvt.parser.JSONScannerTest_true#test_scan_true_2	PASS				184
c505	FT	2	com.alibaba.json.bvt.parser.DefaultExtJSONParser_parseArray#test_7	FAIL	java.lang.AssertionError	expected:<Sun Jan 09 05:49:53 UTC 2011> but was:<Sun Jan 09 13:49:53 UTC 2011>	org.junit.Assert.fail|org.junit.Assert.failNotEquals|org.junit.Assert.assertEquals|org.junit.Assert.assertEquals|com.alibaba.json.bvt.parser.DefaultExtJSONParser_parseArray.test_7|sun.reflect.NativeMethodAccessorImpl.invoke0|sun.reflect.NativeMethodAccessorImpl.invoke|sun.reflect.DelegatingMethodAccessorImpl.invoke|java.lang.reflect.Method.invoke|junit.framework.TestCase.runTest|junit.framework.TestCase.runBare|junit.framework.TestResult$1.protect	204
c506	FT	1	com.alibaba.json.bvt.parser.JSONScannerTest_true#test_scan_true_3	PASS				223
c506	FT	2	com.alibaba.json.bvt.parser.DefaultExtJSONParser_parseArray#test_7	FAIL	java.lang.AssertionError	expected:<Sun Jan 09 05:49:53 UTC 2011> but was:<Sun Jan 09 13:49:53 UTC 2011>	org.junit.Assert.fail|org.junit.Assert.failNotEquals|org.junit.Assert.assertEquals|org.junit.Assert.assertEquals|com.alibaba.json.bvt.parser.DefaultExtJSONParser_parseArray.test_7|sun.reflect.NativeMethodAccessorImpl.invoke0|sun.reflect.NativeMethodAccessorImpl.invoke|sun.reflect.DelegatingMethodAccessorImpl.invoke|java.lang.reflect.Method.invoke|junit.framework.TestCase.runTest|junit.framework.TestCase.runBare|junit.framework.TestResult$1.protect	224
c507	FT	1	com.alibaba.json.bvt.parser.JSONScannerTest_true#test_scan_true_4	PASS				149
c507	FT	2	com.alibaba.json.bvt.parser.DefaultExtJSONParser_parseArray#test_7	FAIL	java.lang.AssertionError	expected:<Sun Jan 09 05:49:53 UTC 2011> but was:<Sun Jan 09 13:49:53 UTC 2011>	org.junit.Assert.fail|org.junit.Assert.failNotEquals|org.junit.Assert.assertEquals|org.junit.Assert.assertEquals|com.alibaba.json.bvt.parser.DefaultExtJSONParser_parseArray.test_7|sun.reflect.NativeMethodAccessorImpl.invoke0|sun.reflect.NativeMethodAccessorImpl.invoke|sun.reflect.DelegatingMethodAccessorImpl.invoke|java.lang.reflect.Method.invoke|junit.framework.TestCase.runTest|junit.framework.TestCase.runBare|junit.framework.TestResult$1.protect	219
c508	FT	1	com.alibaba.json.bvt.parser.JSONScannerTest_true#test_scan_true_5	PASS				232
c508	FT	2	com.alibaba.json.bvt.parser.DefaultExtJSONParser_parseArray#test_7	FAIL	java.lang.AssertionError	expected:<Sun Jan 09 05:49:53 UTC 2011> but was:<Sun Jan 09 13:49:53 UTC 2011>	org.junit.Assert.fail|org.junit.Assert.failNotEquals|org.junit.Assert.assertEquals|org.junit.Assert.assertEquals|com.alibaba.json.bvt.parser.DefaultExtJSONParser_parseArray.test_7|sun.reflect.NativeMethodAccessorImpl.invoke0|sun.reflect.NativeMethodAccessorImpl.invoke|sun.reflect.DelegatingMethodAccessorImpl.invoke|java.lang.reflect.Method.invoke|junit.framework.TestCase.runTest|junit.framework.TestCase.runBare|junit.framework.TestResult$1.protect	179
c509	FT	1	com.alibaba.json.bvt.parser.JSONScannerTest_true#test_scan_true_6	PASS				177
c509	FT	2	com.alibaba.json.bvt.parser.DefaultExtJSONParser_parseArray#test_7	FAIL	java.lang.AssertionError	expected:<Sun Jan 09 05:49:53 UTC 2011> but was:<Sun Jan 09 13:49:53 UTC 2011>	org.junit.Assert.fail|org.junit.Assert.failNotEquals|org.junit.Assert.assertEquals|org.junit.Assert.assertEquals|com.alibaba.json.bvt.parser.DefaultExtJSONParser_parseArray.test_7|sun.reflect.NativeMethodAccessorImpl.invoke0|sun.reflect.NativeMethodAccessorImpl.invoke|sun.reflect.DelegatingMethodAccessorImpl.invoke|java.lang.reflect.Method.invoke|junit.framework.TestCase.runTest|junit.framework.TestCase.runBare|junit.framework.TestResult$1.protect	222
c510	FT	1	com.alibaba.json.bvt.parser.JSONScannerTest_true#test_scan_true_7	PASS				151
c510	FT	2	com.alibaba.json.bvt.parser.DefaultExtJSONParser_parseArray#test_7	FAIL	java.lang.AssertionError	expected:<Sun Jan 09 05:49:53 UTC 2011> but was:<Sun Jan 09 13:49:53 UTC 2011>	org.junit.Assert.fail|org.junit.Assert.failNotEquals|org.junit.Assert.assertEquals|org.junit.Assert.assertEquals|com.alibaba.json.bvt.parser.DefaultExtJSONParser_parseArray.test_7|sun.reflect.NativeMethodAccessorImpl.invoke0|sun.reflect.NativeMethodAccessorImpl.invoke|sun.reflect.DelegatingMethodAccessorImpl.invoke|java.lang.reflect.Method.invoke|junit.framework.TestCase.runTest|junit.framework.TestCase.runBare|junit.framework.TestResult$1.protect	181
c511	FT	1	com.alibaba.json.bvt.parser.JSONScannerTest_true#test_scan_true_8	PASS				193
c511	FT	2	com.alibaba.json.bvt.parser.DefaultExtJSONParser_parseArray#test_7	FAIL	java.lang.AssertionError	expected:<Sun Jan 09 05:49:53 UTC 2011> but was:<Sun Jan 09 13:49:53 UTC 2011>	org.junit.Assert.fail|org.junit.Assert.failNotEquals|org.junit.Assert.assertEquals|org.junit.Assert.assertEquals|com.alibaba.json.bvt.parser.DefaultExtJSONParser_parseArray.test_7|sun.reflect.NativeMethodAccessorImpl.invoke0|sun.reflect.NativeMethodAccessorImpl.invoke|sun.reflect.DelegatingMethodAccessorImpl.invoke|java.lang.reflect.Method.invoke|junit.framework.TestCase.runTest|junit.framework.TestCase.runBare|junit.framework.TestResult$1.protect	256
c512	FT	1	com.alibaba.json.bvt.parser.JSONScannerTest_true#test_scan_true_9	PASS				199
c512	FT	2	com.alibaba.json.bvt.parser.DefaultExtJSONParser_parseArray#test_7	FAIL	java.lang.AssertionError	expected:<Sun Jan 09 05:49:53 UTC 2011> but was:<Sun Jan 09 13:49:53 UTC 2011>	org.junit.Assert.fail|org.junit.Assert.failNotEquals|org.junit.Assert.assertEquals|org.junit.Assert.assertEquals|com.alibaba.json.bvt.parser.DefaultExtJSONParser_parseArray.test_7|sun.reflect.NativeMethodAccessorImpl.invoke0|sun.reflect.NativeMethodAccessorImpl.invoke|sun.reflect.DelegatingMethodAccessorImpl.invoke|java.lang.reflect.Method.invoke|junit.framework.TestCase.runTest|junit.framework.TestCase.runBare|junit.framework.TestResult$1.protect	234
c513	{"id":0,"pageCountNum":0}
c513	{"id":0,"pageCountNum":0}
c513	FT	1	com.alibaba.json.bvt.parser.MapResetTest#test_0	PASS				379
c513	FT	2	com.alibaba.json.bvt.parser.DefaultExtJSONParser_parseArray#test_7	FAIL	java.lang.AssertionError	expected:<Sun Jan 09 05:49:53 UTC 2011> but was:<Sun Jan 09 13:49:53 UTC 2011>	org.junit.Assert.fail|org.junit.Assert.failNotEquals|org.junit.Assert.assertEquals|org.junit.Assert.assertEquals|com.alibaba.json.bvt.parser.DefaultExtJSONParser_parseArray.test_7|sun.reflect.NativeMethodAccessorImpl.invoke0|sun.reflect.NativeMethodAccessorImpl.invoke|sun.reflect.DelegatingMethodAccessorImpl.invoke|java.lang.reflect.Method.invoke|junit.framework.TestCase.runTest|junit.framework.TestCase.runBare|junit.framework.TestResult$1.protect	36
c514	FT	1	com.alibaba.json.bvt.parser.NullCheckTest#test_0	PASS				401
c514	FT	2	com.alibaba.json.bvt.parser.DefaultExtJSONParser_parseArray#test_7	FAIL	java.lang.AssertionError	expected:<Sun Jan 09 05:49:53 UTC 2011> but was:<Sun Jan 09 13:49:53 UTC 2011>	org.junit.Assert.fail|org.junit.Assert.failNotEquals|org.junit.Assert.assertEquals|org.junit.Assert.assertEquals|com.alibaba.json.bvt.parser.DefaultExtJSONParser_parseArray.test_7|sun.reflect.NativeMethodAccessorImpl.invoke0|sun.reflect.NativeMethodAccessorImpl.invoke|sun.reflect.DelegatingMethodAccessorImpl.invoke|java.lang.reflect.Method.invoke|junit.framework.TestCase.runTest|junit.framework.TestCase.runBare|junit.framework.TestResult$1.protect	17
c515	FT	1	com.alibaba.json.bvt.parser.OrderedFieldTest#test_ordered_field	PASS				423
c515	FT	2	com.alibaba.json.bvt.parser.DefaultExtJSONParser_parseArray#test_7	FAIL	java.lang.AssertionError	expected:<Sun Jan 09 05:49:53 UTC 2011> but was:<Sun Jan 09 13:49:53 UTC 2011>	org.junit.Assert.fail|org.junit.Assert.failNotEquals|org.junit.Assert.assertEquals|org.junit.Assert.assertEquals|com.alibaba.json.bvt.parser.DefaultExtJSONParser_parseArray.test_7|sun.reflect.NativeMethodAccessorImpl.invoke0|sun.reflect.NativeMethodAccessorImpl.invoke|sun.reflect.DelegatingMethodAccessorImpl.invoke|java.lang.reflect.Method.invoke|junit.framework.TestCase.runTest|junit.framework.TestCase.runBare|junit.framework.TestResult$1.protect	32
c516	FT	1	com.alibaba.json.bvt.parser.ParseContextTest#test_toString	PASS				169
c516	FT	2	com.alibaba.json.bvt.parser.DefaultExtJSONParser_parseArray#test_7	FAIL	java.lang.AssertionError	expected:<Sun Jan 09 05:49:53 UTC 2011> but was:<Sun Jan 09 13:49:53 UTC 2011>	org.junit.Assert.fail|org.junit.Assert.failNotEquals|org.junit.Assert.assertEquals|org.junit.Assert.assertEquals|com.alibaba.json.bvt.parser.DefaultExtJSONParser_parseArray.test_7|sun.reflect.NativeMethodAccessorImpl.invoke0|sun.reflect.NativeMethodAccessorImpl.invoke|sun.reflect.DelegatingMethodAccessorImpl.invoke|java.lang.reflect.Method.invoke|junit.framework.TestCase.runTest|junit.framework.TestCase.runBare|junit.framework.TestResult$1.protect	220
c517	FT	1	com.alibaba.json.bvt.parser.ParseRestTest#test_parseRest_0	PASS				459
c517	FT	2	com.alibaba.json.bvt.parser.DefaultExtJSONParser_parseArray#test_7	FAIL	java.lang.AssertionError	expected:<Sun Jan 09 05:49:53 UTC 2011> but was:<Sun Jan 09 13:49:53 UTC 2011>	org.junit.Assert.fail|org.junit.Assert.failNotEquals|org.junit.Assert.assertEquals|org.junit.Assert.assertEquals|com.alibaba.json.bvt.parser.DefaultExtJSONParser_parseArray.test_7|sun.reflect.NativeMethodAccessorImpl.invoke0|sun.reflect.NativeMethodAccessorImpl.invoke|sun.reflect.DelegatingMethodAccessorImpl.invoke|java.lang.reflect.Method.invoke|junit.framework.TestCase.runTest|junit.framework.TestCase.runBare|junit.framework.TestResult$1.protect	19
c518	FT	1	com.alibaba.json.bvt.parser.ParserSpecialCharTest#test_0	PASS				393
c518	FT	2	com.alibaba.json.bvt.parser.DefaultExtJSONParser_parseArray#test_7	FAIL	java.lang.AssertionError	expected:<Sun Jan 09 05:49:53 UTC 2011> but was:<Sun Jan 09 13:49:53 UTC 2011>	org.junit.Assert.fail|org.junit.Assert.failNotEquals|org.junit.Assert.assertEquals|org.junit.Assert.assertEquals|com.alibaba.json.bvt.parser.DefaultExtJSONParser_parseArray.test_7|sun.reflect.NativeMethodAccessorImpl.invoke0|sun.reflect.NativeMethodAccessorImpl.invoke|sun.reflect.DelegatingMethodAccessorImpl.invoke|java.lang.reflect.Method.invoke|junit.framework.TestCase.runTest|junit.framework.TestCase.runBare|junit.framework.TestResult$1.protect	21
c519	FT	1	com.alibaba.json.bvt.parser.ParserSpecialCharTest#test_1	PASS				369
c519	FT	2	com.alibaba.json.bvt.parser.DefaultExtJSONParser_parseArray#test_7	FAIL	java.lang.AssertionError	expected:<Sun Jan 09 05:49:53 UTC 2011> but was:<Sun Jan 09 13:49:53 UTC 2011>	org.junit.Assert.fail|org.junit.Assert.failNotEquals|org.junit.Assert.assertEquals|org.junit.Assert.assertEquals|com.alibaba.json.bvt.parser.DefaultExtJSONParser_parseArray.test_7|sun.reflect.NativeMethodAccessorImpl.invoke0|sun.reflect.NativeMethodAccessorImpl.invoke|sun.reflect.DelegatingMethodAccessorImpl.invoke|java.lang.reflect.Method.invoke|junit.framework.TestCase.runTest|junit.framework.TestCase.runBare|junit.framework.TestResult$1.protect	17
c520	FT	1	com.alibaba.json.bvt.parser.ParserSpecialCharTest#test_10	PASS				389
c520	FT	2	com.alibaba.json.bvt.parser.DefaultExtJSONParser_parseArray#test_7	FAIL	java.lang.AssertionError	expected:<Sun Jan 09 05:49:53 UTC 2011> but was:<Sun Jan 09 13:49:53 UTC 2011>	org.junit.Assert.fail|org.junit.Assert.failNotEquals|org.junit.Assert.assertEquals|org.junit.Assert.assertEquals|com.alibaba.json.bvt.parser.DefaultExtJSONParser_parseArray.test_7|sun.reflect.NativeMethodAccessorImpl.invoke0|sun.reflect.NativeMethodAccessorImpl.invoke|sun.reflect.DelegatingMethodAccessorImpl.invoke|java.lang.reflect.Method.invoke|junit.framework.TestCase.runTest|junit.framework.TestCase.runBare|junit.framework.TestResult$1.protect	31
c521	FT	1	com.alibaba.json.bvt.parser.ParserSpecialCharTest#test_11	PASS				378
c521	FT	2	com.alibaba.json.bvt.parser.DefaultExtJSONParser_parseArray#test_7	FAIL	java.lang.AssertionError	expected:<Sun Jan 09 05:49:53 UTC 2011> but was:<Sun Jan 09 13:49:53 UTC 2011>	org.junit.Assert.fail|org.junit.Assert.failNotEquals|org.junit.Assert.assertEquals|org.junit.Assert.assertEquals|com.alibaba.json.bvt.parser.DefaultExtJSONParser_parseArray.test_7|sun.reflect.NativeMethodAccessorImpl.invoke0|sun.reflect.NativeMethodAccessorImpl.invoke|sun.reflect.DelegatingMethodAccessorImpl.invoke|java.lang.reflect.Method.invoke|junit.framework.TestCase.runTest|junit.framework.TestCase.runBare|junit.framework.TestResult$1.protect	24
c522	FT	1	com.alibaba.json.bvt.parser.ParserSpecialCharTest#test_12	PASS				417
c522	FT	2	com.alibaba.json.bvt.parser.DefaultExtJSONParser_parseArray#test_7	FAIL	java.lang.AssertionError	expected:<Sun Jan 09 05:49:53 UTC 2011> but was:<Sun Jan 09 13:49:53 UTC 2011>	org.junit.Assert.fail|org.junit.Assert.failNotEquals|org.junit.Assert.assertEquals|org.junit.Assert.assertEquals|com.alibaba.json.bvt.parser.DefaultExtJSONParser_parseArray.test_7|sun.reflect.NativeMethodAccessorImpl.invoke0|sun.reflect.NativeMethodAccessorImpl.invoke|sun.reflect.DelegatingMethodAccessorImpl.invoke|java.lang.reflect.Method.invoke|junit.framework.TestCase.runTest|junit.framework.TestCase.runBare|junit.framework.TestResult$1.protect	23
c523	FT	1	com.alibaba.json.bvt.parser.ParserSpecialCharTest#test_13	PASS				370
c523	FT	2	com.alibaba.json.bvt.parser.DefaultExtJSONParser_parseArray#test_7	FAIL	java.lang.AssertionError	expected:<Sun Jan 09 05:49:53 UTC 2011> but was:<Sun Jan 09 13:49:53 UTC 2011>	org.junit.Assert.fail|org.junit.Assert.failNotEquals|org.junit.Assert.assertEquals|org.junit.Assert.assertEquals|com.alibaba.json.bvt.parser.DefaultExtJSONParser_parseArray.test_7|sun.reflect.NativeMethodAccessorImpl.invoke0|sun.reflect.NativeMethodAccessorImpl.invoke|sun.reflect.DelegatingMethodAccessorImpl.invoke|java.lang.reflect.Method.invoke|junit.framework.TestCase.runTest|junit.framework.TestCase.runBare|junit.framework.TestResult$1.protect	38
c524	FT	1	com.alibaba.json.bvt.parser.ParserSpecialCharTest#test_2	PASS				480
c524	FT	2	com.alibaba.json.bvt.parser.DefaultExtJSONParser_parseArray#test_7	FAIL	java.lang.AssertionError	expected:<Sun Jan 09 05:49:53 UTC 2011> but was:<Sun Jan 09 13:49:53 UTC 2011>	org.junit.Assert.fail|org.junit.Assert.failNotEquals|org.junit.Assert.assertEquals|org.junit.Assert.assertEquals|com.alibaba.json.bvt.parser.DefaultExtJSONParser_parseArray.test_7|sun.reflect.NativeMethodAccessorImpl.invoke0|sun.reflect.NativeMethodAccessorImpl.invoke|sun.reflect.DelegatingMethodAccessorImpl.invoke|java.lang.reflect.Method.invoke|junit.framework.TestCase.runTest|junit.framework.TestCase.runBare|junit.framework.TestResult$1.protect	30
c525	FT	1	com.alibaba.json.bvt.parser.ParserSpecialCharTest#test_3	PASS				567
c525	FT	2	com.alibaba.json.bvt.parser.DefaultExtJSONParser_parseArray#test_7	FAIL	java.lang.AssertionError	expected:<Sun Jan 09 05:49:53 UTC 2011> but was:<Sun Jan 09 13:49:53 UTC 2011>	org.junit.Assert.fail|org.junit.Assert.failNotEquals|org.junit.Assert.assertEquals|org.junit.Assert.assertEquals|com.alibaba.json.bvt.parser.DefaultExtJSONParser_parseArray.test_7|sun.reflect.NativeMethodAccessorImpl.invoke0|sun.reflect.NativeMethodAccessorImpl.invoke|sun.reflect.DelegatingMethodAccessorImpl.invoke|java.lang.reflect.Method.invoke|junit.framework.TestCase.runTest|junit.framework.TestCase.runBare|junit.framework.TestResult$1.protect	20
c526	FT	1	com.alibaba.json.bvt.parser.ParserSpecialCharTest#test_34	PASS				632
c526	FT	2	com.alibaba.json.bvt.parser.DefaultExtJSONParser_parseArray#test_7	FAIL	java.lang.AssertionError	expected:<Sun Jan 09 05:49:53 UTC 2011> but was:<Sun Jan 09 13:49:53 UTC 2011>	org.junit.Assert.fail|org.junit.Assert.failNotEquals|org.junit.Assert.assertEquals|org.junit.Assert.assertEquals|com.alibaba.json.bvt.parser.DefaultExtJSONParser_parseArray.test_7|sun.reflect.NativeMethodAccessorImpl.invoke0|sun.reflect.NativeMethodAccessorImpl.invoke|sun.reflect.DelegatingMethodAccessorImpl.invoke|java.lang.reflect.Method.invoke|junit.framework.TestCase.runTest|junit.framework.TestCase.runBare|junit.framework.TestResult$1.protect	22
c527	FT	1	com.alibaba.json.bvt.parser.ParserSpecialCharTest#test_39	PASS				563
c527	FT	2	com.alibaba.json.bvt.parser.DefaultExtJSONParser_parseArray#test_7	FAIL	java.lang.AssertionError	expected:<Sun Jan 09 05:49:53 UTC 2011> but was:<Sun Jan 09 13:49:53 UTC 2011>	org.junit.Assert.fail|org.junit.Assert.failNotEquals|org.junit.Assert.assertEquals|org.junit.Assert.assertEquals|com.alibaba.json.bvt.parser.DefaultExtJSONParser_parseArray.test_7|sun.reflect.NativeMethodAccessorImpl.invoke0|sun.reflect.NativeMethodAccessorImpl.invoke|sun.reflect.DelegatingMethodAccessorImpl.invoke|java.lang.reflect.Method.invoke|junit.framework.TestCase.runTest|junit.framework.TestCase.runBare|junit.framework.TestResult$1.protect	26
c528	FT	1	com.alibaba.json.bvt.parser.ParserSpecialCharTest#test_4	PASS				303
c528	FT	2	com.alibaba.json.bvt.parser.DefaultExtJSONParser_parseArray#test_7	FAIL	java.lang.AssertionError	expected:<Sun Jan 09 05:49:53 UTC 2011> but was:<Sun Jan 09 13:49:53 UTC 2011>	org.junit.Assert.fail|org.junit.Assert.failNotEquals|org.junit.Assert.assertEquals|org.junit.Assert.assertEquals|com.alibaba.json.bvt.parser.DefaultExtJSONParser_parseArray.test_7|sun.reflect.NativeMethodAccessorImpl.invoke0|sun.reflect.NativeMethodAccessorImpl.invoke|sun.reflect.DelegatingMethodAccessorImpl.invoke|java.lang.reflect.Method.invoke|junit.framework.TestCase.runTest|junit.framework.TestCase.runBare|junit.framework.TestResult$1.protect	19
c529	FT	1	com.alibaba.json.bvt.parser.ParserSpecialCharTest#test_47	PASS				352
c529	FT	2	com.alibaba.json.bvt.parser.DefaultExtJSONParser_parseArray#test_7	FAIL	java.lang.AssertionError	expected:<Sun Jan 09 05:49:53 UTC 2011> but was:<Sun Jan 09 13:49:53 UTC 2011>	org.junit.Assert.fail|org.junit.Assert.failNotEquals|org.junit.Assert.assertEquals|org.junit.Assert.assertEquals|com.alibaba.json.bvt.parser.DefaultExtJSONParser_parseArray.test_7|sun.reflect.NativeMethodAccessorImpl.invoke0|sun.reflect.NativeMethodAccessorImpl.invoke|sun.reflect.DelegatingMethodAccessorImpl.invoke|java.lang.reflect.Method.invoke|junit.framework.TestCase.runTest|junit.framework.TestCase.runBare|junit.framework.TestResult$1.protect	17
c530	FT	1	com.alibaba.json.bvt.parser.ParserSpecialCharTest#test_5	PASS				352
c530	FT	2	com.alibaba.json.bvt.parser.DefaultExtJSONParser_parseArray#test_7	FAIL	java.lang.AssertionError	expected:<Sun Jan 09 05:49:53 UTC 2011> but was:<Sun Jan 09 13:49:53 UTC 2011>	org.junit.Assert.fail|org.junit.Assert.failNotEquals|org.junit.Assert.assertEquals|org.junit.Assert.assertEquals|com.alibaba.json.bvt.parser.DefaultExtJSONParser_parseArray.test_7|sun.reflect.NativeMethodAccessorImpl.invoke0|sun.reflect.NativeMethodAccessorImpl.invoke|sun.reflect.DelegatingMethodAccessorImpl.invoke|java.lang.reflect.Method.invoke|junit.framework.TestCase.runTest|junit.framework.TestCase.runBare|junit.framework.TestResult$1.protect	17
c531	FT	1	com.alibaba.json.bvt.parser.ParserSpecialCharTest#test_6	PASS				379
c531	FT	2	com.alibaba.json.bvt.parser.DefaultExtJSONParser_parseArray#test_7	FAIL	java.lang.AssertionError	expected:<Sun Jan 09 05:49:53 UTC 2011> but was:<Sun Jan 09 13:49:53 UTC 2011>	org.junit.Assert.fail|org.junit.Assert.failNotEquals|org.junit.Assert.assertEquals|org.junit.Assert.assertEquals|com.alibaba.json.bvt.parser.DefaultExtJSONParser_parseArray.test_7|sun.reflect.NativeMethodAccessorImpl.invoke0|sun.reflect.NativeMethodAccessorImpl.invoke|sun.reflect.DelegatingMethodAccessorImpl.invoke|java.lang.reflect.Method.invoke|junit.framework.TestCase.runTest|junit.framework.TestCase.runBare|junit.framework.TestResult$1.protect	36
c532	FT	1	com.alibaba.json.bvt.parser.ParserSpecialCharTest#test_7	PASS				445
c532	FT	2	com.alibaba.json.bvt.parser.DefaultExtJSONParser_parseArray#test_7	FAIL	java.lang.AssertionError	expected:<Sun Jan 09 05:49:53 UTC 2011> but was:<Sun Jan 09 13:49:53 UTC 2011>	org.junit.Assert.fail|org.junit.Assert.failNotEquals|org.junit.Assert.assertEquals|org.junit.Assert.assertEquals|com.alibaba.json.bvt.parser.DefaultExtJSONParser_parseArray.test_7|sun.reflect.NativeMethodAccessorImpl.invoke0|sun.reflect.NativeMethodAccessorImpl.invoke|sun.reflect.DelegatingMethodAccessorImpl.invoke|java.lang.reflect.Method.invoke|junit.framework.TestCase.runTest|junit.framework.TestCase.runBare|junit.framework.TestResult$1.protect	18
c533	FT	1	com.alibaba.json.bvt.parser.ParserSpecialCharTest#test_8	PASS				378
c533	FT	2	com.alibaba.json.bvt.parser.DefaultExtJSONParser_parseArray#test_7	FAIL	java.lang.AssertionError	expected:<Sun Jan 09 05:49:53 UTC 2011> but was:<Sun Jan 09 13:49:53 UTC 2011>	org.junit.Assert.fail|org.junit.Assert.failNotEquals|org.junit.Assert.assertEquals|org.junit.Assert.assertEquals|com.alibaba.json.bvt.parser.DefaultExtJSONParser_parseArray.test_7|sun.reflect.NativeMethodAccessorImpl.invoke0|sun.reflect.NativeMethodAccessorImpl.invoke|sun.reflect.DelegatingMethodAccessorImpl.invoke|java.lang.reflect.Method.invoke|junit.framework.TestCase.runTest|junit.framework.TestCase.runBare|junit.framework.TestResult$1.protect	29
c534	FT	1	com.alibaba.json.bvt.parser.ParserSpecialCharTest#test_9	PASS				366
c534	FT	2	com.alibaba.json.bvt.parser.DefaultExtJSONParser_parseArray#test_7	FAIL	java.lang.AssertionError	expected:<Sun Jan 09 05:49:53 UTC 2011> but was:<Sun Jan 09 13:49:53 UTC 2011>	org.junit.Assert.fail|org.junit.Assert.failNotEquals|org.junit.Assert.assertEquals|org.junit.Assert.assertEquals|com.alibaba.json.bvt.parser.DefaultExtJSONParser_parseArray.test_7|sun.reflect.NativeMethodAccessorImpl.invoke0|sun.reflect.NativeMethodAccessorImpl.invoke|sun.reflect.DelegatingMethodAccessorImpl.invoke|java.lang.reflect.Method.invoke|junit.framework.TestCase.runTest|junit.framework.TestCase.runBare|junit.framework.TestResult$1.protect	30
c535	FT	1	com.alibaba.json.bvt.parser.ParserSpecialCharTest#test_92	PASS				461
c535	FT	2	com.alibaba.json.bvt.parser.DefaultExtJSONParser_parseArray#test_7	FAIL	java.lang.AssertionError	expected:<Sun Jan 09 05:49:53 UTC 2011> but was:<Sun Jan 09 13:49:53 UTC 2011>	org.junit.Assert.fail|org.junit.Assert.failNotEquals|org.junit.Assert.assertEquals|org.junit.Assert.assertEquals|com.alibaba.json.bvt.parser.DefaultExtJSONParser_parseArray.test_7|sun.reflect.NativeMethodAccessorImpl.invoke0|sun.reflect.NativeMethodAccessorImpl.invoke|sun.reflect.DelegatingMethodAccessorImpl.invoke|java.lang.reflect.Method.invoke|junit.framework.TestCase.runTest|junit.framework.TestCase.runBare|junit.framework.TestResult$1.protect	31
c536	FT	1	com.alibaba.json.bvt.parser.ParserSpecialCharTest_map#test_0	PASS				387
c536	FT	2	com.alibaba.json.bvt.parser.DefaultExtJSONParser_parseArray#test_7	FAIL	java.lang.AssertionError	expected:<Sun Jan 09 05:49:53 UTC 2011> but was:<Sun Jan 09 13:49:53 UTC 2011>	org.junit.Assert.fail|org.junit.Assert.failNotEquals|org.junit.Assert.assertEquals|org.junit.Assert.assertEquals|com.alibaba.json.bvt.parser.DefaultExtJSONParser_parseArray.test_7|sun.reflect.NativeMethodAccessorImpl.invoke0|sun.reflect.NativeMethodAccessorImpl.invoke|sun.reflect.DelegatingMethodAccessorImpl.invoke|java.lang.reflect.Method.invoke|junit.framework.TestCase.runTest|junit.framework.TestCase.runBare|junit.framework.TestResult$1.protect	28
c537	FT	1	com.alibaba.json.bvt.parser.ParserSpecialCharTest_map#test_1	PASS				375
c537	FT	2	com.alibaba.json.bvt.parser.DefaultExtJSONParser_parseArray#test_7	FAIL	java.lang.AssertionError	expected:<Sun Jan 09 05:49:53 UTC 2011> but was:<Sun Jan 09 13:49:53 UTC 2011>	org.junit.Assert.fail|org.junit.Assert.failNotEquals|org.junit.Assert.assertEquals|org.junit.Assert.assertEquals|com.alibaba.json.bvt.parser.DefaultExtJSONParser_parseArray.test_7|sun.reflect.NativeMethodAccessorImpl.invoke0|sun.reflect.NativeMethodAccessorImpl.invoke|sun.reflect.DelegatingMethodAccessorImpl.invoke|java.lang.reflect.Method.invoke|junit.framework.TestCase.runTest|junit.framework.TestCase.runBare|junit.framework.TestResult$1.protect	26
c538	FT	1	com.alibaba.json.bvt.parser.ParserSpecialCharTest_map#test_10	PASS				346
c538	FT	2	com.alibaba.json.bvt.parser.DefaultExtJSONParser_parseArray#test_7	FAIL	java.lang.AssertionError	expected:<Sun Jan 09 05:49:53 UTC 2011> but was:<Sun Jan 09 13:49:53 UTC 2011>	org.junit.Assert.fail|org.junit.Assert.failNotEquals|org.junit.Assert.assertEquals|org.junit.Assert.assertEquals|com.alibaba.json.bvt.parser.DefaultExtJSONParser_parseArray.test_7|sun.reflect.NativeMethodAccessorImpl.invoke0|sun.reflect.NativeMethodAccessorImpl.invoke|sun.reflect.DelegatingMethodAccessorImpl.invoke|java.lang.reflect.Method.invoke|junit.framework.TestCase.runTest|junit.framework.TestCase.runBare|junit.framework.TestResult$1.protect	19
c539	FT	1	com.alibaba.json.bvt.parser.ParserSpecialCharTest_map#test_11	PASS				369
c539	FT	2	com.alibaba.json.bvt.parser.DefaultExtJSONParser_parseArray#test_7	FAIL	java.lang.AssertionError	expected:<Sun Jan 09 05:49:53 UTC 2011> but was:<Sun Jan 09 13:49:53 UTC 2011>	org.junit.Assert.fail|org.junit.Assert.failNotEquals|org.junit.Assert.assertEquals|org.junit.Assert.assertEquals|com.alibaba.json.bvt.parser.DefaultExtJSONParser_parseArray.test_7|sun.reflect.NativeMethodAccessorImpl.invoke0|sun.reflect.NativeMethodAccessorImpl.invoke|sun.reflect.DelegatingMethodAccessorImpl.invoke|java.lang.reflect.Method.invoke|junit.framework.TestCase.runTest|junit.framework.TestCase.runBare|junit.framework.TestResult$1.protect	26
c540	FT	1	com.alibaba.json.bvt.parser.ParserSpecialCharTest_map#test_12	PASS				276
c540	FT	2	com.alibaba.json.bvt.parser.DefaultExtJSONParser_parseArray#test_7	FAIL	java.lang.AssertionError	expected:<Sun Jan 09 05:49:53 UTC 2011> but was:<Sun Jan 09 13:49:53 UTC 2011>	org.junit.Assert.fail|org.junit.Assert.failNotEquals|org.junit.Assert.assertEquals|org.junit.Assert.assertEquals|com.alibaba.json.bvt.parser.DefaultExtJSONParser_parseArray.test_7|sun.reflect.NativeMethodAccessorImpl.invoke0|sun.reflect.NativeMethodAccessorImpl.invoke|sun.reflect.DelegatingMethodAccessorImpl.invoke|java.lang.reflect.Method.invoke|junit.framework.TestCase.runTest|junit.framework.TestCase.runBare|junit.framework.TestResult$1.protect	20
c541	FT	1	com.alibaba.json.bvt.parser.ParserSpecialCharTest_map#test_13	PASS				320
c541	FT	2	com.alibaba.json.bvt.parser.DefaultExtJSONParser_parseArray#test_7	FAIL	java.lang.AssertionError	expected:<Sun Jan 09 05:49:53 UTC 2011> but was:<Sun Jan 09 13:49:53 UTC 2011>	org.junit.Assert.fail|org.junit.Assert.failNotEquals|org.junit.Assert.assertEquals|org.junit.Assert.assertEquals|com.alibaba.json.bvt.parser.DefaultExtJSONParser_parseArray.test_7|sun.reflect.NativeMethodAccessorImpl.invoke0|sun.reflect.NativeMethodAccessorImpl.invoke|sun.reflect.DelegatingMethodAccessorImpl.invoke|java.lang.reflect.Method.invoke|junit.framework.TestCase.runTest|junit.framework.TestCase.runBare|junit.framework.TestResult$1.protect	18
c542	FT	1	com.alibaba.json.bvt.parser.ParserSpecialCharTest_map#test_2	PASS				366
c542	FT	2	com.alibaba.json.bvt.parser.DefaultExtJSONParser_parseArray#test_7	FAIL	java.lang.AssertionError	expected:<Sun Jan 09 05:49:53 UTC 2011> but was:<Sun Jan 09 13:49:53 UTC 2011>	org.junit.Assert.fail|org.junit.Assert.failNotEquals|org.junit.Assert.assertEquals|org.junit.Assert.assertEquals|com.alibaba.json.bvt.parser.DefaultExtJSONParser_parseArray.test_7|sun.reflect.NativeMethodAccessorImpl.invoke0|sun.reflect.NativeMethodAccessorImpl.invoke|sun.reflect.DelegatingMethodAccessorImpl.invoke|java.lang.reflect.Method.invoke|junit.framework.TestCase.runTest|junit.framework.TestCase.runBare|junit.framework.TestResult$1.protect	16
c543	FT	1	com.alibaba.json.bvt.parser.ParserSpecialCharTest_map#test_3	PASS				382
c543	FT	2	com.alibaba.json.bvt.parser.DefaultExtJSONParser_parseArray#test_7	FAIL	java.lang.AssertionError	expected:<Sun Jan 09 05:49:53 UTC 2011> but was:<Sun Jan 09 13:49:53 UTC 2011>	org.junit.Assert.fail|org.junit.Assert.failNotEquals|org.junit.Assert.assertEquals|org.junit.Assert.assertEquals|com.alibaba.json.bvt.parser.DefaultExtJSONParser_parseArray.test_7|sun.reflect.NativeMethodAccessorImpl.invoke0|sun.reflect.NativeMethodAccessorImpl.invoke|sun.reflect.DelegatingMethodAccessorImpl.invoke|java.lang.reflect.Method.invoke|junit.framework.TestCase.runTest|junit.framework.TestCase.runBare|junit.framework.TestResult$1.protect	26
c544	FT	1	com.alibaba.json.bvt.parser.ParserSpecialCharTest_map#test_34	PASS				303
c544	FT	2	com.alibaba.json.bvt.parser.DefaultExtJSONParser_parseArray#test_7	FAIL	java.lang.AssertionError	expected:<Sun Jan 09 05:49:53 UTC 2011> but was:<Sun Jan 09 13:49:53 UTC 2011>	org.junit.Assert.fail|org.junit.Assert.failNotEquals|org.junit.Assert.assertEquals|org.junit.Assert.assertEquals|com.alibaba.json.bvt.parser.DefaultExtJSONParser_parseArray.test_7|sun.reflect.NativeMethodAccessorImpl.invoke0|sun.reflect.NativeMethodAccessorImpl.invoke|sun.reflect.DelegatingMethodAccessorImpl.invoke|java.lang.reflect.Method.invoke|junit.framework.TestCase.runTest|junit.framework.TestCase.runBare|junit.framework.TestResult$1.protect	16
c545	FT	1	com.alibaba.json.bvt.parser.ParserSpecialCharTest_map#test_39	PASS				329
c545	FT	2	com.alibaba.json.bvt.parser.DefaultExtJSONParser_parseArray#test_7	FAIL	java.lang.AssertionError	expected:<Sun Jan 09 05:49:53 UTC 2011> but was:<Sun Jan 09 13:49:53 UTC 2011>	org.junit.Assert.fail|org.junit.Assert.failNotEquals|org.junit.Assert.assertEquals|org.junit.Assert.assertEquals|com.alibaba.json.bvt.parser.DefaultExtJSONParser_parseArray.test_7|sun.reflect.NativeMethodAccessorImpl.invoke0|sun.reflect.NativeMethodAccessorImpl.invoke|sun.reflect.DelegatingMethodAccessorImpl.invoke|java.lang.reflect.Method.invoke|junit.framework.TestCase.runTest|junit.framework.TestCase.runBare|junit.framework.TestResult$1.protect	28
c546	FT	1	com.alibaba.json.bvt.parser.ParserSpecialCharTest_map#test_4	PASS				409
c546	FT	2	com.alibaba.json.bvt.parser.DefaultExtJSONParser_parseArray#test_7	FAIL	java.lang.AssertionError	expected:<Sun Jan 09 05:49:53 UTC 2011> but was:<Sun Jan 09 13:49:53 UTC 2011>	org.junit.Assert.fail|org.junit.Assert.failNotEquals|org.junit.Assert.assertEquals|org.junit.Assert.assertEquals|com.alibaba.json.bvt.parser.DefaultExtJSONParser_parseArray.test_7|sun.reflect.NativeMethodAccessorImpl.invoke0|sun.reflect.NativeMethodAccessorImpl.invoke|sun.reflect.DelegatingMethodAccessorImpl.invoke|java.lang.reflect.Method.invoke|junit.framework.TestCase.runTest|junit.framework.TestCase.runBare|junit.framework.TestResult$1.protect	26
c547	FT	1	com.alibaba.json.bvt.parser.ParserSpecialCharTest_map#test_47	PASS				391
c547	FT	2	com.alibaba.json.bvt.parser.DefaultExtJSONParser_parseArray#test_7	FAIL	java.lang.AssertionError	expected:<Sun Jan 09 05:49:53 UTC 2011> but was:<Sun Jan 09 13:49:53 UTC 2011>	org.junit.Assert.fail|org.junit.Assert.failNotEquals|org.junit.Assert.assertEquals|org.junit.Assert.assertEquals|com.alibaba.json.bvt.parser.DefaultExtJSONParser_parseArray.test_7|sun.reflect.NativeMethodAccessorImpl.invoke0|sun.reflect.NativeMethodAccessorImpl.invoke|sun.reflect.DelegatingMethodAccessorImpl.invoke|java.lang.reflect.Method.invoke|junit.framework.TestCase.runTest|junit.framework.TestCase.runBare|junit.framework.TestResult$1.protect	15
c548	FT	1	com.alibaba.json.bvt.parser.ParserSpecialCharTest_map#test_5	PASS				402
c548	FT	2	com.alibaba.json.bvt.parser.DefaultExtJSONParser_parseArray#test_7	FAIL	java.lang.AssertionError	expected:<Sun Jan 09 05:49:53 UTC 2011> but was:<Sun Jan 09 13:49:53 UTC 2011>	org.junit.Assert.fail|org.junit.Assert.failNotEquals|org.junit.Assert.assertEquals|org.junit.Assert.assertEquals|com.alibaba.json.bvt.parser.DefaultExtJSONParser_parseArray.test_7|sun.reflect.NativeMethodAccessorImpl.invoke0|sun.reflect.NativeMethodAccessorImpl.invoke|sun.reflect.DelegatingMethodAccessorImpl.invoke|java.lang.reflect.Method.invoke|junit.framework.TestCase.runTest|junit.framework.TestCase.runBare|junit.framework.TestResult$1.protect	14
c549	FT	1	com.alibaba.json.bvt.parser.ParserSpecialCharTest_map#test_6	PASS				418
c549	FT	2	com.alibaba.json.bvt.parser.DefaultExtJSONParser_parseArray#test_7	FAIL	java.lang.AssertionError	expected:<Sun Jan 09 05:49:53 UTC 2011> but was:<Sun Jan 09 13:49:53 UTC 2011>	org.junit.Assert.fail|org.junit.Assert.failNotEquals|org.junit.Assert.assertEquals|org.junit.Assert.assertEquals|com.alibaba.json.bvt.parser.DefaultExtJSONParser_parseArray.test_7|sun.reflect.NativeMethodAccessorImpl.invoke0|sun.reflect.NativeMethodAccessorImpl.invoke|sun.reflect.DelegatingMethodAccessorImpl.invoke|java.lang.reflect.Method.invoke|junit.framework.TestCase.runTest|junit.framework.TestCase.runBare|junit.framework.TestResult$1.protect	27
c550	FT	1	com.alibaba.json.bvt.parser.ParserSpecialCharTest_map#test_7	PASS				370
c550	FT	2	com.alibaba.json.bvt.parser.DefaultExtJSONParser_parseArray#test_7	FAIL	java.lang.AssertionError	expected:<Sun Jan 09 05:49:53 UTC 2011> but was:<Sun Jan 09 13:49:53 UTC 2011>	org.junit.Assert.fail|org.junit.Assert.failNotEquals|org.junit.Assert.assertEquals|org.junit.Assert.assertEquals|com.alibaba.json.bvt.parser.DefaultExtJSONParser_parseArray.test_7|sun.reflect.NativeMethodAccessorImpl.invoke0|sun.reflect.NativeMethodAccessorImpl.invoke|sun.reflect.DelegatingMethodAccessorImpl.invoke|java.lang.reflect.Method.invoke|junit.framework.TestCase.runTest|junit.framework.TestCase.runBare|junit.framework.TestResult$1.protect	34
c551	FT	1	com.alibaba.json.bvt.parser.ParserSpecialCharTest_map#test_8	PASS				375
c551	FT	2	com.alibaba.json.bvt.parser.DefaultExtJSONParser_parseArray#test_7	FAIL	java.lang.AssertionError	expected:<Sun Jan 09 05:49:53 UTC 2011> but was:<Sun Jan 09 13:49:53 UTC 2011>	org.junit.Assert.fail|org.junit.Assert.failNotEquals|org.junit.Assert.assertEquals|org.junit.Assert.assertEquals|com.alibaba.json.bvt.parser.DefaultExtJSONParser_parseArray.test_7|sun.reflect.NativeMethodAccessorImpl.invoke0|sun.reflect.NativeMethodAccessorImpl.invoke|sun.reflect.DelegatingMethodAccessorImpl.invoke|java.lang.reflect.Method.invoke|junit.framework.TestCase.runTest|junit.framework.TestCase.runBare|junit.framework.TestResult$1.protect	18
c552	FT	1	com.alibaba.json.bvt.parser.ParserSpecialCharTest_map#test_9	PASS				369
c552	FT	2	com.alibaba.json.bvt.parser.DefaultExtJSONParser_parseArray#test_7	FAIL	java.lang.AssertionError	expected:<Sun Jan 09 05:49:53 UTC 2011> but was:<Sun Jan 09 13:49:53 UTC 2011>	org.junit.Assert.fail|org.junit.Assert.failNotEquals|org.junit.Assert.assertEquals|org.junit.Assert.assertEquals|com.alibaba.json.bvt.parser.DefaultExtJSONParser_parseArray.test_7|sun.reflect.NativeMethodAccessorImpl.invoke0|sun.reflect.NativeMethodAccessorImpl.invoke|sun.reflect.DelegatingMethodAccessorImpl.invoke|java.lang.reflect.Method.invoke|junit.framework.TestCase.runTest|junit.framework.TestCase.runBare|junit.framework.TestResult$1.protect	28
c553	FT	1	com.alibaba.json.bvt.parser.ParserSpecialCharTest_map#test_92	PASS				289
c553	FT	2	com.alibaba.json.bvt.parser.DefaultExtJSONParser_parseArray#test_7	FAIL	java.lang.AssertionError	expected:<Sun Jan 09 05:49:53 UTC 2011> but was:<Sun Jan 09 13:49:53 UTC 2011>	org.junit.Assert.fail|org.junit.Assert.failNotEquals|org.junit.Assert.assertEquals|org.junit.Assert.assertEquals|com.alibaba.json.bvt.parser.DefaultExtJSONParser_parseArray.test_7|sun.reflect.NativeMethodAccessorImpl.invoke0|sun.reflect.NativeMethodAccessorImpl.invoke|sun.reflect.DelegatingMethodAccessorImpl.invoke|java.lang.reflect.Method.invoke|junit.framework.TestCase.runTest|junit.framework.TestCase.runBare|junit.framework.TestResult$1.protect	22
c554	FT	1	com.alibaba.json.bvt.parser.ParserSpecialCharTest_map_singleQuote#test_0	PASS				389
c554	FT	2	com.alibaba.json.bvt.parser.DefaultExtJSONParser_parseArray#test_7	FAIL	java.lang.AssertionError	expected:<Sun Jan 09 05:49:53 UTC 2011> but was:<Sun Jan 09 13:49:53 UTC 2011>	org.junit.Assert.fail|org.junit.Assert.failNotEquals|org.junit.Assert.assertEquals|org.junit.Assert.assertEquals|com.alibaba.json.bvt.parser.DefaultExtJSONParser_parseArray.test_7|sun.reflect.NativeMethodAccessorImpl.invoke0|sun.reflect.NativeMethodAccessorImpl.invoke|sun.reflect.DelegatingMethodAccessorImpl.invoke|java.lang.reflect.Method.invoke|junit.framework.TestCase.runTest|junit.framework.TestCase.runBare|junit.framework.TestResult$1.protect	16
c555	FT	1	com.alibaba.json.bvt.parser.ParserSpecialCharTest_map_singleQuote#test_1	PASS				418
c555	FT	2	com.alibaba.json.bvt.parser.DefaultExtJSONParser_parseArray#test_7	FAIL	java.lang.AssertionError	expected:<Sun Jan 09 05:49:53 UTC 2011> but was:<Sun Jan 09 13:49:53 UTC 2011>	org.junit.Assert.fail|org.junit.Assert.failNotEquals|org.junit.Assert.assertEquals|org.junit.Assert.assertEquals|com.alibaba.json.bvt.parser.DefaultExtJSONParser_parseArray.test_7|sun.reflect.NativeMethodAccessorImpl.invoke0|sun.reflect.NativeMethodAccessorImpl.invoke|sun.reflect.DelegatingMethodAccessorImpl.invoke|java.lang.reflect.Method.invoke|junit.framework.TestCase.runTest|junit.framework.TestCase.runBare|junit.framework.TestResult$1.protect	28
c556	FT	1	com.alibaba.json.bvt.parser.ParserSpecialCharTest_map_singleQuote#test_10	PASS				387
c556	FT	2	com.alibaba.json.bvt.parser.DefaultExtJSONParser_parseArray#test_7	FAIL	java.lang.AssertionError	expected:<Sun Jan 09 05:49:53 UTC 2011> but was:<Sun Jan 09 13:49:53 UTC 2011>	org.junit.Assert.fail|org.junit.Assert.failNotEquals|org.junit.Assert.assertEquals|org.junit.Assert.assertEquals|com.alibaba.json.bvt.parser.DefaultExtJSONParser_parseArray.test_7|sun.reflect.NativeMethodAccessorImpl.invoke0|sun.reflect.NativeMethodAccessorImpl.invoke|sun.reflect.DelegatingMethodAccessorImpl.invoke|java.lang.reflect.Method.invoke|junit.framework.TestCase.runTest|junit.framework.TestCase.runBare|junit.framework.TestResult$1.protect	16
c557	FT	1	com.alibaba.json.bvt.parser.ParserSpecialCharTest_map_singleQuote#test_11	PASS				437
c557	FT	2	com.alibaba.json.bvt.parser.DefaultExtJSONParser_parseArray#test_7	FAIL	java.lang.AssertionError	expected:<Sun Jan 09 05:49:53 UTC 2011> but was:<Sun Jan 09 13:49:53 UTC 2011>	org.junit.Assert.fail|org.junit.Assert.failNotEquals|org.junit.Assert.assertEquals|org.junit.Assert.assertEquals|com.alibaba.json.bvt.parser.DefaultExtJSONParser_parseArray.test_7|sun.reflect.NativeMethodAccessorImpl.invoke0|sun.reflect.NativeMethodAccessorImpl.invoke|sun.reflect.DelegatingMethodAccessorImpl.invoke|java.lang.reflect.Method.invoke|junit.framework.TestCase.runTest|junit.framework.TestCase.runBare|junit.framework.TestResult$1.protect	19
c558	FT	1	com.alibaba.json.bvt.parser.ParserSpecialCharTest_map_singleQuote#test_12	PASS				380
c558	FT	2	com.alibaba.json.bvt.parser.DefaultExtJSONParser_parseArray#test_7	FAIL	java.lang.AssertionError	expected:<Sun Jan 09 05:49:53 UTC 2011> but was:<Sun Jan 09 13:49:53 UTC 2011>	org.junit.Assert.fail|org.junit.Assert.failNotEquals|org.junit.Assert.assertEquals|org.junit.Assert.assertEquals|com.alibaba.json.bvt.parser.DefaultExtJSONParser_parseArray.test_7|sun.reflect.NativeMethodAccessorImpl.invoke0|sun.reflect.NativeMethodAccessorImpl.invoke|sun.reflect.DelegatingMethodAccessorImpl.invoke|java.lang.reflect.Method.invoke|junit.framework.TestCase.runTest|junit.framework.TestCase.runBare|junit.framework.TestResult$1.protect	25
c559	FT	1	com.alibaba.json.bvt.parser.ParserSpecialCharTest_map_singleQuote#test_13	PASS				344
c559	FT	2	com.alibaba.json.bvt.parser.DefaultExtJSONParser_parseArray#test_7	FAIL	java.lang.AssertionError	expected:<Sun Jan 09 05:49:53 UTC 2011> but was:<Sun Jan 09 13:49:53 UTC 2011>	org.junit.Assert.fail|org.junit.Assert.failNotEquals|org.junit.Assert.assertEquals|org.junit.Assert.assertEquals|com.alibaba.json.bvt.parser.DefaultExtJSONParser_parseArray.test_7|sun.reflect.NativeMethodAccessorImpl.invoke0|sun.reflect.NativeMethodAccessorImpl.invoke|sun.reflect.DelegatingMethodAccessorImpl.invoke|java.lang.reflect.Method.invoke|junit.framework.TestCase.runTest|junit.framework.TestCase.runBare|junit.framework.TestResult$1.protect	16
c560	FT	1	com.alibaba.json.bvt.parser.ParserSpecialCharTest_map_singleQuote#test_2	PASS				351
c560	FT	2	com.alibaba.json.bvt.parser.DefaultExtJSONParser_parseArray#test_7	FAIL	java.lang.AssertionError	expected:<Sun Jan 09 05:49:53 UTC 2011> but was:<Sun Jan 09 13:49:53 UTC 2011>	org.junit.Assert.fail|org.junit.Assert.failNotEquals|org.junit.Assert.assertEquals|org.junit.Assert.assertEquals|com.alibaba.json.bvt.parser.DefaultExtJSONParser_parseArray.test_7|sun.reflect.NativeMethodAccessorImpl.invoke0|sun.reflect.NativeMethodAccessorImpl.invoke|sun.reflect.DelegatingMethodAccessorImpl.invoke|java.lang.reflect.Method.invoke|junit.framework.TestCase.runTest|junit.framework.TestCase.runBare|junit.framework.TestResult$1.protect	20
c561	FT	1	com.alibaba.json.bvt.parser.ParserSpecialCharTest_map_singleQuote#test_3	PASS				351
c561	FT	2	com.alibaba.json.bvt.parser.DefaultExtJSONParser_parseArray#test_7	FAIL	java.lang.AssertionError	expected:<Sun Jan 09 05:49:53 UTC 2011> but was:<Sun Jan 09 13:49:53 UTC 2011>	org.junit.Assert.fail|org.junit.Assert.failNotEquals|org.junit.Assert.assertEquals|org.junit.Assert.assertEquals|com.alibaba.json.bvt.parser.DefaultExtJSONParser_parseArray.test_7|sun.reflect.NativeMethodAccessorImpl.invoke0|sun.reflect.NativeMethodAccessorImpl.invoke|sun.reflect.DelegatingMethodAccessorImpl.invoke|java.lang.reflect.Method.invoke|junit.framework.TestCase.runTest|junit.framework.TestCase.runBare|junit.framework.TestResult$1.protect	34
c562	FT	1	com.alibaba.json.bvt.parser.ParserSpecialCharTest_map_singleQuote#test_34	PASS				383
c562	FT	2	com.alibaba.json.bvt.parser.DefaultExtJSONParser_parseArray#test_7	FAIL	java.lang.AssertionError	expected:<Sun Jan 09 05:49:53 UTC 2011> but was:<Sun Jan 09 13:49:53 UTC 2011>	org.junit.Assert.fail|org.junit.Assert.failNotEquals|org.junit.Assert.assertEquals|org.junit.Assert.assertEquals|com.alibaba.json.bvt.parser.DefaultExtJSONParser_parseArray.test_7|sun.reflect.NativeMethodAccessorImpl.invoke0|sun.reflect.NativeMethodAccessorImpl.invoke|sun.reflect.DelegatingMethodAccessorImpl.invoke|java.lang.reflect.Method.invoke|junit.framework.TestCase.runTest|junit.framework.TestCase.runBare|junit.framework.TestResult$1.protect	26
c563	FT	1	com.alibaba.json.bvt.parser.ParserSpecialCharTest_map_singleQuote#test_39	PASS				378
c563	FT	2	com.alibaba.json.bvt.parser.DefaultExtJSONParser_parseArray#test_7	FAIL	java.lang.AssertionError	expected:<Sun Jan 09 05:49:53 UTC 2011> but was:<Sun Jan 09 13:49:53 UTC 2011>	org.junit.Assert.fail|org.junit.Assert.failNotEquals|org.junit.Assert.assertEquals|org.junit.Assert.assertEquals|com.alibaba.json.bvt.parser.DefaultExtJSONParser_parseArray.test_7|sun.reflect.NativeMethodAccessorImpl.invoke0|sun.reflect.NativeMethodAccessorImpl.invoke|sun.reflect.DelegatingMethodAccessorImpl.invoke|java.lang.reflect.Method.invoke|junit.framework.TestCase.runTest|junit.framework.TestCase.runBare|junit.framework.TestResult$1.protect	18
c564	FT	1	com.alibaba.json.bvt.parser.ParserSpecialCharTest_map_singleQuote#test_4	PASS				392
c564	FT	2	com.alibaba.json.bvt.parser.DefaultExtJSONParser_parseArray#test_7	FAIL	java.lang.AssertionError	expected:<Sun Jan 09 05:49:53 UTC 2011> but was:<Sun Jan 09 13:49:53 UTC 2011>	org.junit.Assert.fail|org.junit.Assert.failNotEquals|org.junit.Assert.assertEquals|org.junit.Assert.assertEquals|com.alibaba.json.bvt.parser.DefaultExtJSONParser_parseArray.test_7|sun.reflect.NativeMethodAccessorImpl.invoke0|sun.reflect.NativeMethodAccessorImpl.invoke|sun.reflect.DelegatingMethodAccessorImpl.invoke|java.lang.reflect.Method.invoke|junit.framework.TestCase.runTest|junit.framework.TestCase.runBare|junit.framework.TestResult$1.protect	25
c565	FT	1	com.alibaba.json.bvt.parser.ParserSpecialCharTest_map_singleQuote#test_47	PASS				361
c565	FT	2	com.alibaba.json.bvt.parser.DefaultExtJSONParser_parseArray#test_7	FAIL	java.lang.AssertionError	expected:<Sun Jan 09 05:49:53 UTC 2011> but was:<Sun Jan 09 13:49:53 UTC 2011>	org.junit.Assert.fail|org.junit.Assert.failNotEquals|org.junit.Assert.assertEquals|org.junit.Assert.assertEquals|com.alibaba.json.bvt.parser.DefaultExtJSONParser_parseArray.test_7|sun.reflect.NativeMethodAccessorImpl.invoke0|sun.reflect.NativeMethodAccessorImpl.invoke|sun.reflect.DelegatingMethodAccessorImpl.invoke|java.lang.reflect.Method.invoke|junit.framework.TestCase.runTest|junit.framework.TestCase.runBare|junit.framework.TestResult$1.protect	29
c566	FT	1	com.alibaba.json.bvt.parser.ParserSpecialCharTest_map_singleQuote#test_5	PASS				415
c566	FT	2	com.alibaba.json.bvt.parser.DefaultExtJSONParser_parseArray#test_7	FAIL	java.lang.AssertionError	expected:<Sun Jan 09 05:49:53 UTC 2011> but was:<Sun Jan 09 13:49:53 UTC 2011>	org.junit.Assert.fail|org.junit.Assert.failNotEquals|org.junit.Assert.assertEquals|org.junit.Assert.assertEquals|com.alibaba.json.bvt.parser.DefaultExtJSONParser_parseArray.test_7|sun.reflect.NativeMethodAccessorImpl.invoke0|sun.reflect.NativeMethodAccessorImpl.invoke|sun.reflect.DelegatingMethodAccessorImpl.invoke|java.lang.reflect.Method.invoke|junit.framework.TestCase.runTest|junit.framework.TestCase.runBare|junit.framework.TestResult$1.protect	19
c567	FT	1	com.alibaba.json.bvt.parser.ParserSpecialCharTest_map_singleQuote#test_6	PASS				400
c567	FT	2	com.alibaba.json.bvt.parser.DefaultExtJSONParser_parseArray#test_7	FAIL	java.lang.AssertionError	expected:<Sun Jan 09 05:49:53 UTC 2011> but was:<Sun Jan 09 13:49:53 UTC 2011>	org.junit.Assert.fail|org.junit.Assert.failNotEquals|org.junit.Assert.assertEquals|org.junit.Assert.assertEquals|com.alibaba.json.bvt.parser.DefaultExtJSONParser_parseArray.test_7|sun.reflect.NativeMethodAccessorImpl.invoke0|sun.reflect.NativeMethodAccessorImpl.invoke|sun.reflect.DelegatingMethodAccessorImpl.invoke|java.lang.reflect.Method.invoke|junit.framework.TestCase.runTest|junit.framework.TestCase.runBare|junit.framework.TestResult$1.protect	16
c568	FT	1	com.alibaba.json.bvt.parser.ParserSpecialCharTest_map_singleQuote#test_7	PASS				384
c568	FT	2	com.alibaba.json.bvt.parser.DefaultExtJSONParser_parseArray#test_7	FAIL	java.lang.AssertionError	expected:<Sun Jan 09 05:49:53 UTC 2011> but was:<Sun Jan 09 13:49:53 UTC 2011>	org.junit.Assert.fail|org.junit.Assert.failNotEquals|org.junit.Assert.assertEquals|org.junit.Assert.assertEquals|com.alibaba.json.bvt.parser.DefaultExtJSONParser_parseArray.test_7|sun.reflect.NativeMethodAccessorImpl.invoke0|sun.reflect.NativeMethodAccessorImpl.invoke|sun.reflect.DelegatingMethodAccessorImpl.invoke|java.lang.reflect.Method.invoke|junit.framework.TestCase.runTest|junit.framework.TestCase.runBare|junit.framework.TestResult$1.protect	17
c569	FT	1	com.alibaba.json.bvt.parser.ParserSpecialCharTest_map_singleQuote#test_8	PASS				430
c569	FT	2	com.alibaba.json.bvt.parser.DefaultExtJSONParser_parseArray#test_7	FAIL	java.lang.AssertionError	expected:<Sun Jan 09 05:49:53 UTC 2011> but was:<Sun Jan 09 13:49:53 UTC 2011>	org.junit.Assert.fail|org.junit.Assert.failNotEquals|org.junit.Assert.assertEquals|org.junit.Assert.assertEquals|com.alibaba.json.bvt.parser.DefaultExtJSONParser_parseArray.test_7|sun.reflect.NativeMethodAccessorImpl.invoke0|sun.reflect.NativeMethodAccessorImpl.invoke|sun.reflect.DelegatingMethodAccessorImpl.invoke|java.lang.reflect.Method.invoke|junit.framework.TestCase.runTest|junit.framework.TestCase.runBare|junit.framework.TestResult$1.protect	23
c570	FT	1	com.alibaba.json.bvt.parser.ParserSpecialCharTest_map_singleQuote#test_9	PASS				379
c570	FT	2	com.alibaba.json.bvt.parser.DefaultExtJSONParser_parseArray#test_7	FAIL	java.lang.AssertionError	expected:<Sun Jan 09 05:49:53 UTC 2011> but was:<Sun Jan 09 13:49:53 UTC 2011>	org.junit.Assert.fail|org.junit.Assert.failNotEquals|org.junit.Assert.assertEquals|org.junit.Assert.assertEquals|com.alibaba.json.bvt.parser.DefaultExtJSONParser_parseArray.test_7|sun.reflect.NativeMethodAccessorImpl.invoke0|sun.reflect.NativeMethodAccessorImpl.invoke|sun.reflect.DelegatingMethodAccessorImpl.invoke|java.lang.reflect.Method.invoke|junit.framework.TestCase.runTest|junit.framework.TestCase.runBare|junit.framework.TestResult$1.protect	31
c571	FT	1	com.alibaba.json.bvt.parser.ParserSpecialCharTest_map_singleQuote#test_92	PASS				333
c571	FT	2	com.alibaba.json.bvt.parser.DefaultExtJSONParser_parseArray#test_7	FAIL	java.lang.AssertionError	expected:<Sun Jan 09 05:49:53 UTC 2011> but was:<Sun Jan 09 13:49:53 UTC 2011>	org.junit.Assert.fail|org.junit.Assert.failNotEquals|org.junit.Assert.assertEquals|org.junit.Assert.assertEquals|com.alibaba.json.bvt.parser.DefaultExtJSONParser_parseArray.test_7|sun.reflect.NativeMethodAccessorImpl.invoke0|sun.reflect.NativeMethodAccessorImpl.invoke|sun.reflect.DelegatingMethodAccessorImpl.invoke|java.lang.reflect.Method.invoke|junit.framework.TestCase.runTest|junit.framework.TestCase.runBare|junit.framework.TestResult$1.protect	17
c572	FT	1	com.alibaba.json.bvt.parser.PrivateConstrunctorTest#test_parse	PASS				398
c572	FT	2	com.alibaba.json.bvt.parser.DefaultExtJSONParser_parseArray#test_7	FAIL	java.lang.AssertionError	expected:<Sun Jan 09 05:49:53 UTC 2011> but was:<Sun Jan 09 13:49:53 UTC 2011>	org.junit.Assert.fail|org.junit.Assert.failNotEquals|org.junit.Assert.assertEquals|org.junit.Assert.assertEquals|com.alibaba.json.bvt.parser.DefaultExtJSONParser_parseArray.test_7|sun.reflect.NativeMethodAccessorImpl.invoke0|sun.reflect.NativeMethodAccessorImpl.invoke|sun.reflect.DelegatingMethodAccessorImpl.invoke|java.lang.reflect.Method.invoke|junit.framework.TestCase.runTest|junit.framework.TestCase.runBare|junit.framework.TestResult$1.protect	21
c573	class java.lang.Integer
c573	FT	1	com.alibaba.json.bvt.parser.ProductViewTest#test_parse	PASS				448
c573	FT	2	com.alibaba.json.bvt.parser.DefaultExtJSONParser_parseArray#test_7	FAIL	java.lang.AssertionError	expected:<Sun Jan 09 05:49:53 UTC 2011> but was:<Sun Jan 09 13:49:53 UTC 2011>	org.junit.Assert.fail|org.junit.Assert.failNotEquals|org.junit.Assert.assertEquals|org.junit.Assert.assertEquals|com.alibaba.json.bvt.parser.DefaultExtJSONParser_parseArray.test_7|sun.reflect.NativeMethodAccessorImpl.invoke0|sun.reflect.NativeMethodAccessorImpl.invoke|sun.reflect.DelegatingMethodAccessorImpl.invoke|java.lang.reflect.Method.invoke|junit.framework.TestCase.runTest|junit.framework.TestCase.runBare|junit.framework.TestResult$1.protect	20
c574	FT	1	com.alibaba.json.bvt.parser.ReadOnlyAtomicBooleanTest#test_readOnly	PASS				475
c574	FT	2	com.alibaba.json.bvt.parser.DefaultExtJSONParser_parseArray#test_7	FAIL	java.lang.AssertionError	expected:<Sun Jan 09 05:49:53 UTC 2011> but was:<Sun Jan 09 13:49:53 UTC 2011>	org.junit.Assert.fail|org.junit.Assert.failNotEquals|org.junit.Assert.assertEquals|org.junit.Assert.assertEquals|com.alibaba.json.bvt.parser.DefaultExtJSONParser_parseArray.test_7|sun.reflect.NativeMethodAccessorImpl.invoke0|sun.reflect.NativeMethodAccessorImpl.invoke|sun.reflect.DelegatingMethodAccessorImpl.invoke|java.lang.reflect.Method.invoke|junit.framework.TestCase.runTest|junit.framework.TestCase.runBare|junit.framework.TestResult$1.protect	17
c575	FT	1	com.alibaba.json.bvt.parser.ReadOnlyAtomicBooleanTest_field#test_readOnly	PASS				476
c575	FT	2	com.alibaba.json.bvt.parser.DefaultExtJSONParser_parseArray#test_7	FAIL	java.lang.AssertionError	expected:<Sun Jan 09 05:49:53 UTC 2011> but was:<Sun Jan 09 13:49:53 UTC 2011>	org.junit.Assert.fail|org.junit.Assert.failNotEquals|org.junit.Assert.assertEquals|org.junit.Assert.assertEquals|com.alibaba.json.bvt.parser.DefaultExtJSONParser_parseArray.test_7|sun.reflect.NativeMethodAccessorImpl.invoke0|sun.reflect.NativeMethodAccessorImpl.invoke|sun.reflect.DelegatingMethodAccessorImpl.invoke|java.lang.reflect.Method.invoke|junit.framework.TestCase.runTest|junit.framework.TestCase.runBare|junit.framework.TestResult$1.protect	21
c576	FT	1	com.alibaba.json.bvt.parser.ReadOnlyAtomicIntegerTest#test_readOnly	PASS				451
c576	FT	2	com.alibaba.json.bvt.parser.DefaultExtJSONParser_parseArray#test_7	FAIL	java.lang.AssertionError	expected:<Sun Jan 09 05:49:53 UTC 2011> but was:<Sun Jan 09 13:49:53 UTC 2011>	org.junit.Assert.fail|org.junit.Assert.failNotEquals|org.junit.Assert.assertEquals|org.junit.Assert.assertEquals|com.alibaba.json.bvt.parser.DefaultExtJSONParser_parseArray.test_7|sun.reflect.NativeMethodAccessorImpl.invoke0|sun.reflect.NativeMethodAccessorImpl.invoke|sun.reflect.DelegatingMethodAccessorImpl.invoke|java.lang.reflect.Method.invoke|junit.framework.TestCase.runTest|junit.framework.TestCase.runBare|junit.framework.TestResult$1.protect	18
c577	FT	1	com.alibaba.json.bvt.parser.ReadOnlyAtomicIntegerTest_field#test_readOnly	PASS				436
c577	FT	2	com.alibaba.json.bvt.parser.DefaultExtJSONParser_parseArray#test_7	FAIL	java.lang.AssertionError	expected:<Sun Jan 09 05:49:53 UTC 2011> but was:<Sun Jan 09 13:49:53 UTC 2011>	org.junit.Assert.fail|org.junit.Assert.failNotEquals|org.junit.Assert.assertEquals|org.junit.Assert.assertEquals|com.alibaba.json.bvt.parser.DefaultExtJSONParser_parseArray.test_7|sun.reflect.NativeMethodAccessorImpl.invoke0|sun.reflect.NativeMethodAccessorImpl.invoke|sun.reflect.DelegatingMethodAccessorImpl.invoke|java.lang.reflect.Method.invoke|junit.framework.TestCase.runTest|junit.framework.TestCase.runBare|junit.framework.TestResult$1.protect	31
c578	FT	1	com.alibaba.json.bvt.parser.ReadOnlyAtomicLongTest#test_readOnly	PASS				458
c578	FT	2	com.alibaba.json.bvt.parser.DefaultExtJSONParser_parseArray#test_7	FAIL	java.lang.AssertionError	expected:<Sun Jan 09 05:49:53 UTC 2011> but was:<Sun Jan 09 13:49:53 UTC 2011>	org.junit.Assert.fail|org.junit.Assert.failNotEquals|org.junit.Assert.assertEquals|org.junit.Assert.assertEquals|com.alibaba.json.bvt.parser.DefaultExtJSONParser_parseArray.test_7|sun.reflect.NativeMethodAccessorImpl.invoke0|sun.reflect.NativeMethodAccessorImpl.invoke|sun.reflect.DelegatingMethodAccessorImpl.invoke|java.lang.reflect.Method.invoke|junit.framework.TestCase.runTest|junit.framework.TestCase.runBare|junit.framework.TestResult$1.protect	17
c579	FT	1	com.alibaba.json.bvt.parser.ReadOnlyAtomicLongTest_field#test_readOnly	PASS				444
c579	FT	2	com.alibaba.json.bvt.parser.DefaultExtJSONParser_parseArray#test_7	FAIL	java.lang.AssertionError	expected:<Sun Jan 09 05:49:53 UTC 2011> but was:<Sun Jan 09 13:49:53 UTC 2011>	org.junit.Assert.fail|org.junit.Assert.failNotEquals|org.junit.Assert.assertEquals|org.junit.Assert.assertEquals|com.alibaba.json.bvt.parser.DefaultExtJSONParser_parseArray.test_7|sun.reflect.NativeMethodAccessorImpl.invoke0|sun.reflect.NativeMethodAccessorImpl.invoke|sun.reflect.DelegatingMethodAccessorImpl.invoke|java.lang.reflect.Method.invoke|junit.framework.TestCase.runTest|junit.framework.TestCase.runBare|junit.framework.TestResult$1.protect	17
c580	FT	1	com.alibaba.json.bvt.parser.ReadOnlyCollectionTest#test_readOnlyNullList	PASS				324
c580	FT	2	com.alibaba.json.bvt.parser.DefaultExtJSONParser_parseArray#test_7	FAIL	java.lang.AssertionError	expected:<Sun Jan 09 05:49:53 UTC 2011> but was:<Sun Jan 09 13:49:53 UTC 2011>	org.junit.Assert.fail|org.junit.Assert.failNotEquals|org.junit.Assert.assertEquals|org.junit.Assert.assertEquals|com.alibaba.json.bvt.parser.DefaultExtJSONParser_parseArray.test_7|sun.reflect.NativeMethodAccessorImpl.invoke0|sun.reflect.NativeMethodAccessorImpl.invoke|sun.reflect.DelegatingMethodAccessorImpl.invoke|java.lang.reflect.Method.invoke|junit.framework.TestCase.runTest|junit.framework.TestCase.runBare|junit.framework.TestResult$1.protect	20
c581	FT	1	com.alibaba.json.bvt.parser.ReadOnlyCollectionTest_final_field#test_readOnlyNullList	PASS				327
c581	FT	2	com.alibaba.json.bvt.parser.DefaultExtJSONParser_parseArray#test_7	FAIL	java.lang.AssertionError	expected:<Sun Jan 09 05:49:53 UTC 2011> but was:<Sun Jan 09 13:49:53 UTC 2011>	org.junit.Assert.fail|org.junit.Assert.failNotEquals|org.junit.Assert.assertEquals|org.junit.Assert.assertEquals|com.alibaba.json.bvt.parser.DefaultExtJSONParser_parseArray.test_7|sun.reflect.NativeMethodAccessorImpl.invoke0|sun.reflect.NativeMethodAccessorImpl.invoke|sun.reflect.DelegatingMethodAccessorImpl.invoke|java.lang.reflect.Method.invoke|junit.framework.TestCase.runTest|junit.framework.TestCase.runBare|junit.framework.TestResult$1.protect	18
c582	FT	1	com.alibaba.json.bvt.parser.ReadOnlyCollectionTest_final_field_null#test_readOnlyNullList	PASS				389
c582	FT	2	com.alibaba.json.bvt.parser.DefaultExtJSONParser_parseArray#test_7	FAIL	java.lang.AssertionError	expected:<Sun Jan 09 05:49:53 UTC 2011> but was:<Sun Jan 09 13:49:53 UTC 2011>	org.junit.Assert.fail|org.junit.Assert.failNotEquals|org.junit.Assert.assertEquals|org.junit.Assert.assertEquals|com.alibaba.json.bvt.parser.DefaultExtJSONParser_parseArray.test_7|sun.reflect.NativeMethodAccessorImpl.invoke0|sun.reflect.NativeMethodAccessorImpl.invoke|sun.reflect.DelegatingMethodAccessorImpl.invoke|java.lang.reflect.Method.invoke|junit.framework.TestCase.runTest|junit.framework.TestCase.runBare|junit.framework.TestResult$1.protect	19
c583	FT	1	com.alibaba.json.bvt.parser.ReadOnlyMapTest#test_readOnlyNullList	PASS				294
c583	FT	2	com.alibaba.json.bvt.parser.DefaultExtJSONParser_parseArray#test_7	FAIL	java.lang.AssertionError	expected:<Sun Jan 09 05:49:53 UTC 2011> but was:<Sun Jan 09 13:49:53 UTC 2011>	org.junit.Assert.fail|org.junit.Assert.failNotEquals|org.junit.Assert.assertEquals|org.junit.Assert.assertEquals|com.alibaba.json.bvt.parser.DefaultExtJSONParser_parseArray.test_7|sun.reflect.NativeMethodAccessorImpl.invoke0|sun.reflect.NativeMethodAccessorImpl.invoke|sun.reflect.DelegatingMethodAccessorImpl.invoke|java.lang.reflect.Method.invoke|junit.framework.TestCase.runTest|junit.framework.TestCase.runBare|junit.framework.TestResult$1.protect	15
c584	FT	1	com.alibaba.json.bvt.parser.ReadOnlyMapTest2#test_readOnlyNullList	PASS				341
c584	FT	2	com.alibaba.json.bvt.parser.DefaultExtJSONParser_parseArray#test_7	FAIL	java.lang.AssertionError	expected:<Sun Jan 09 05:49:53 UTC 2011> but was:<Sun Jan 09 13:49:53 UTC 2011>	org.junit.Assert.fail|org.junit.Assert.failNotEquals|org.junit.Assert.assertEquals|org.junit.Assert.assertEquals|com.alibaba.json.bvt.parser.DefaultExtJSONParser_parseArray.test_7|sun.reflect.NativeMethodAccessorImpl.invoke0|sun.reflect.NativeMethodAccessorImpl.invoke|sun.reflect.DelegatingMethodAccessorImpl.invoke|java.lang.reflect.Method.invoke|junit.framework.TestCase.runTest|junit.framework.TestCase.runBare|junit.framework.TestResult$1.protect	17
c585	FT	1	com.alibaba.json.bvt.parser.ReadOnlyMapTest2_final_field#test_readOnlyNullList	PASS				332
c585	FT	2	com.alibaba.json.bvt.parser.DefaultExtJSONParser_parseArray#test_7	FAIL	java.lang.AssertionError	expected:<Sun Jan 09 05:49:53 UTC 2011> but was:<Sun Jan 09 13:49:53 UTC 2011>	org.junit.Assert.fail|org.junit.Assert.failNotEquals|org.junit.Assert.assertEquals|org.junit.Assert.assertEquals|com.alibaba.json.bvt.parser.DefaultExtJSONParser_parseArray.test_7|sun.reflect.NativeMethodAccessorImpl.invoke0|sun.reflect.NativeMethodAccessorImpl.invoke|sun.reflect.DelegatingMethodAccessorImpl.invoke|java.lang.reflect.Method.invoke|junit.framework.TestCase.runTest|junit.framework.TestCase.runBare|junit.framework.TestResult$1.protect	28
c586	FT	1	com.alibaba.json.bvt.parser.ReadOnlyMapTest_final_field#test_readOnlyNullList	PASS				312
c586	FT	2	com.alibaba.json.bvt.parser.DefaultExtJSONParser_parseArray#test_7	FAIL	java.lang.AssertionError	expected:<Sun Jan 09 05:49:53 UTC 2011> but was:<Sun Jan 09 13:49:53 UTC 2011>	org.junit.Assert.fail|org.junit.Assert.failNotEquals|org.junit.Assert.assertEquals|org.junit.Assert.assertEquals|com.alibaba.json.bvt.parser.DefaultExtJSONParser_parseArray.test_7|sun.reflect.NativeMethodAccessorImpl.invoke0|sun.reflect.NativeMethodAccessorImpl.invoke|sun.reflect.DelegatingMethodAccessorImpl.invoke|java.lang.reflect.Method.invoke|junit.framework.TestCase.runTest|junit.framework.TestCase.runBare|junit.framework.TestResult$1.protect	22
c587	FT	1	com.alibaba.json.bvt.parser.RedundantTest#test_extra	PASS				297
c587	FT	2	com.alibaba.json.bvt.parser.DefaultExtJSONParser_parseArray#test_7	FAIL	java.lang.AssertionError	expected:<Sun Jan 09 05:49:53 UTC 2011> but was:<Sun Jan 09 13:49:53 UTC 2011>	org.junit.Assert.fail|org.junit.Assert.failNotEquals|org.junit.Assert.assertEquals|org.junit.Assert.assertEquals|com.alibaba.json.bvt.parser.DefaultExtJSONParser_parseArray.test_7|sun.reflect.NativeMethodAccessorImpl.invoke0|sun.reflect.NativeMethodAccessorImpl.invoke|sun.reflect.DelegatingMethodAccessorImpl.invoke|java.lang.reflect.Method.invoke|junit.framework.TestCase.runTest|junit.framework.TestCase.runBare|junit.framework.TestResult$1.protect	18
c588	FT	1	com.alibaba.json.bvt.parser.RedundantTest#test_extraWithType	PASS				320
c588	FT	2	com.alibaba.json.bvt.parser.DefaultExtJSONParser_parseArray#test_7	FAIL	java.lang.AssertionError	expected:<Sun Jan 09 05:49:53 UTC 2011> but was:<Sun Jan 09 13:49:53 UTC 2011>	org.junit.Assert.fail|org.junit.Assert.failNotEquals|org.junit.Assert.assertEquals|org.junit.Assert.assertEquals|com.alibaba.json.bvt.parser.DefaultExtJSONParser_parseArray.test_7|sun.reflect.NativeMethodAccessorImpl.invoke0|sun.reflect.NativeMethodAccessorImpl.invoke|sun.reflect.DelegatingMethodAccessorImpl.invoke|java.lang.reflect.Method.invoke|junit.framework.TestCase.runTest|junit.framework.TestCase.runBare|junit.framework.TestResult$1.protect	20
c589	FT	1	com.alibaba.json.bvt.parser.TestException#test_0	PASS				390
c589	FT	2	com.alibaba.json.bvt.parser.DefaultExtJSONParser_parseArray#test_7	FAIL	java.lang.AssertionError	expected:<Sun Jan 09 05:49:53 UTC 2011> but was:<Sun Jan 09 13:49:53 UTC 2011>	org.junit.Assert.fail|org.junit.Assert.failNotEquals|org.junit.Assert.assertEquals|org.junit.Assert.assertEquals|com.alibaba.json.bvt.parser.DefaultExtJSONParser_parseArray.test_7|sun.reflect.NativeMethodAccessorImpl.invoke0|sun.reflect.NativeMethodAccessorImpl.invoke|sun.reflect.DelegatingMethodAccessorImpl.invoke|java.lang.reflect.Method.invoke|junit.framework.TestCase.runTest|junit.framework.TestCase.runBare|junit.framework.TestResult$1.protect	16
c590	FT	1	com.alibaba.json.bvt.parser.TestInitStringFieldAsEmpty#test_private	PASS				286
c590	FT	2	com.alibaba.json.bvt.parser.DefaultExtJSONParser_parseArray#test_7	FAIL	java.lang.AssertionError	expected:<Sun Jan 09 05:49:53 UTC 2011> but was:<Sun Jan 09 13:49:53 UTC 2011>	org.junit.Assert.fail|org.junit.Assert.failNotEquals|org.junit.Assert.assertEquals|org.junit.Assert.assertEquals|com.alibaba.json.bvt.parser.DefaultExtJSONParser_parseArray.test_7|sun.reflect.NativeMethodAccessorImpl.invoke0|sun.reflect.NativeMethodAccessorImpl.invoke|sun.reflect.DelegatingMethodAccessorImpl.invoke|java.lang.reflect.Method.invoke|junit.framework.TestCase.runTest|junit.framework.TestCase.runBare|junit.framework.TestResult$1.protect	19
c591	FT	1	com.alibaba.json.bvt.parser.TestInitStringFieldAsEmpty#test_public	PASS				323
c591	FT	2	com.alibaba.json.bvt.parser.DefaultExtJSONParser_parseArray#test_7	FAIL	java.lang.AssertionError	expected:<Sun Jan 09 05:49:53 UTC 2011> but was:<Sun Jan 09 13:49:53 UTC 2011>	org.junit.Assert.fail|org.junit.Assert.failNotEquals|org.junit.Assert.assertEquals|org.junit.Assert.assertEquals|com.alibaba.json.bvt.parser.DefaultExtJSONParser_parseArray.test_7|sun.reflect.NativeMethodAccessorImpl.invoke0|sun.reflect.NativeMethodAccessorImpl.invoke|sun.reflect.DelegatingMethodAccessorImpl.invoke|java.lang.reflect.Method.invoke|junit.framework.TestCase.runTest|junit.framework.TestCase.runBare|junit.framework.TestResult$1.protect	17
c592	FT	1	com.alibaba.json.bvt.parser.TestInitStringFieldAsEmpty2#test_public	PASS				341
c592	FT	2	com.alibaba.json.bvt.parser.DefaultExtJSONParser_parseArray#test_7	FAIL	java.lang.AssertionError	expected:<Sun Jan 09 05:49:53 UTC 2011> but was:<Sun Jan 09 13:49:53 UTC 2011>	org.junit.Assert.fail|org.junit.Assert.failNotEquals|org.junit.Assert.assertEquals|org.junit.Assert.assertEquals|com.alibaba.json.bvt.parser.DefaultExtJSONParser_parseArray.test_7|sun.reflect.NativeMethodAccessorImpl.invoke0|sun.reflect.NativeMethodAccessorImpl.invoke|sun.reflect.DelegatingMethodAccessorImpl.invoke|java.lang.reflect.Method.invoke|junit.framework.TestCase.runTest|junit.framework.TestCase.runBare|junit.framework.TestResult$1.protect	19
c593	FT	1	com.alibaba.json.bvt.parser.TestUTF8#test_utf	PASS				303
c593	FT	2	com.alibaba.json.bvt.parser.DefaultExtJSONParser_parseArray#test_7	FAIL	java.lang.AssertionError	expected:<Sun Jan 09 05:49:53 UTC 2011> but was:<Sun Jan 09 13:49:53 UTC 2011>	org.junit.Assert.fail|org.junit.Assert.failNotEquals|org.junit.Assert.assertEquals|org.junit.Assert.assertEquals|com.alibaba.json.bvt.parser.DefaultExtJSONParser_parseArray.test_7|sun.reflect.NativeMethodAccessorImpl.invoke0|sun.reflect.NativeMethodAccessorImpl.invoke|sun.reflect.DelegatingMethodAccessorImpl.invoke|java.lang.reflect.Method.invoke|junit.framework.TestCase.runTest|junit.framework.TestCase.runBare|junit.framework.TestResult$1.protect	17
c594	FT	1	com.alibaba.json.bvt.parser.TestUTF8#test_utf_	PASS				432
c594	FT	2	com.alibaba.json.bvt.parser.DefaultExtJSONParser_parseArray#test_7	FAIL	java.lang.AssertionError	expected:<Sun Jan 09 05:49:53 UTC 2011> but was:<Sun Jan 09 13:49:53 UTC 2011>	org.junit.Assert.fail|org.junit.Assert.failNotEquals|org.junit.Assert.assertEquals|org.junit.Assert.assertEquals|com.alibaba.json.bvt.parser.DefaultExtJSONParser_parseArray.test_7|sun.reflect.NativeMethodAccessorImpl.invoke0|sun.reflect.NativeMethodAccessorImpl.invoke|sun.reflect.DelegatingMethodAccessorImpl.invoke|java.lang.reflect.Method.invoke|junit.framework.TestCase.runTest|junit.framework.TestCase.runBare|junit.framework.TestResult$1.protect	20
c595	FT	1	com.alibaba.json.bvt.parser.TestUTF8#test_utf_7	PASS				379
c595	FT	2	com.alibaba.json.bvt.parser.DefaultExtJSONParser_parseArray#test_7	FAIL	java.lang.AssertionError	expected:<Sun Jan 09 05:49:53 UTC 2011> but was:<Sun Jan 09 13:49:53 UTC 2011>	org.junit.Assert.fail|org.junit.Assert.failNotEquals|org.junit.Assert.assertEquals|org.junit.Assert.assertEquals|com.alibaba.json.bvt.parser.DefaultExtJSONParser_parseArray.test_7|sun.reflect.NativeMethodAccessorImpl.invoke0|sun.reflect.NativeMethodAccessorImpl.invoke|sun.reflect.DelegatingMethodAccessorImpl.invoke|java.lang.reflect.Method.invoke|junit.framework.TestCase.runTest|junit.framework.TestCase.runBare|junit.framework.TestResult$1.protect	19
c596	FT	1	com.alibaba.json.bvt.parser.TestUTF8#test_utf_cn	PASS				385
c596	FT	2	com.alibaba.json.bvt.parser.DefaultExtJSONParser_parseArray#test_7	FAIL	java.lang.AssertionError	expected:<Sun Jan 09 05:49:53 UTC 2011> but was:<Sun Jan 09 13:49:53 UTC 2011>	org.junit.Assert.fail|org.junit.Assert.failNotEquals|org.junit.Assert.assertEquals|org.junit.Assert.assertEquals|com.alibaba.json.bvt.parser.DefaultExtJSONParser_parseArray.test_7|sun.reflect.NativeMethodAccessorImpl.invoke0|sun.reflect.NativeMethodAccessorImpl.invoke|sun.reflect.DelegatingMethodAccessorImpl.invoke|java.lang.reflect.Method.invoke|junit.framework.TestCase.runTest|junit.framework.TestCase.runBare|junit.framework.TestResult$1.protect	20
c597	FT	1	com.alibaba.json.bvt.parser.TestUTF8#test_utf_de	PASS				371
c597	FT	2	com.alibaba.json.bvt.parser.DefaultExtJSONParser_parseArray#test_7	FAIL	java.lang.AssertionError	expected:<Sun Jan 09 05:49:53 UTC 2011> but was:<Sun Jan 09 13:49:53 UTC 2011>	org.junit.Assert.fail|org.junit.Assert.failNotEquals|org.junit.Assert.assertEquals|org.junit.Assert.assertEquals|com.alibaba.json.bvt.parser.DefaultExtJSONParser_parseArray.test_7|sun.reflect.NativeMethodAccessorImpl.invoke0|sun.reflect.NativeMethodAccessorImpl.invoke|sun.reflect.DelegatingMethodAccessorImpl.invoke|java.lang.reflect.Method.invoke|junit.framework.TestCase.runTest|junit.framework.TestCase.runBare|junit.framework.TestResult$1.protect	30
c598	FT	1	com.alibaba.json.bvt.parser.TestUTF8#test_utf_jp	PASS				377
c598	FT	2	com.alibaba.json.bvt.parser.DefaultExtJSONParser_parseArray#test_7	FAIL	java.lang.AssertionError	expected:<Sun Jan 09 05:49:53 UTC 2011> but was:<Sun Jan 09 13:49:53 UTC 2011>	org.junit.Assert.fail|org.junit.Assert.failNotEquals|org.junit.Assert.assertEquals|org.junit.Assert.assertEquals|com.alibaba.json.bvt.parser.DefaultExtJSONParser_parseArray.test_7|sun.reflect.NativeMethodAccessorImpl.invoke0|sun.reflect.NativeMethodAccessorImpl.invoke|sun.reflect.DelegatingMethodAccessorImpl.invoke|java.lang.reflect.Method.invoke|junit.framework.TestCase.runTest|junit.framework.TestCase.runBare|junit.framework.TestResult$1.protect	22
c599	FT	1	com.alibaba.json.bvt.parser.TestUTF8_2#test_utf_1	PASS				423
c599	FT	2	com.alibaba.json.bvt.parser.DefaultExtJSONParser_parseArray#test_7	FAIL	java.lang.AssertionError	expected:<Sun Jan 09 05:49:53 UTC 2011> but was:<Sun Jan 09 13:49:53 UTC 2011>	org.junit.Assert.fail|org.junit.Assert.failNotEquals|org.junit.Assert.assertEquals|org.junit.Assert.assertEquals|com.alibaba.json.bvt.parser.DefaultExtJSONParser_parseArray.test_7|sun.reflect.NativeMethodAccessorImpl.invoke0|sun.reflect.NativeMethodAccessorImpl.invoke|sun.reflect.DelegatingMethodAccessorImpl.invoke|java.lang.reflect.Method.invoke|junit.framework.TestCase.runTest|junit.framework.TestCase.runBare|junit.framework.TestResult$1.protect	21
c600	FT	1	com.alibaba.json.bvt.parser.TestUTF8_2#test_utf_2	PASS				455
c600	FT	2	com.alibaba.json.bvt.parser.DefaultExtJSONParser_parseArray#test_7	FAIL	java.lang.AssertionError	expected:<Sun Jan 09 05:49:53 UTC 2011> but was:<Sun Jan 09 13:49:53 UTC 2011>	org.junit.Assert.fail|org.junit.Assert.failNotEquals|org.junit.Assert.assertEquals|org.junit.Assert.assertEquals|com.alibaba.json.bvt.parser.DefaultExtJSONParser_parseArray.test_7|sun.reflect.NativeMethodAccessorImpl.invoke0|sun.reflect.NativeMethodAccessorImpl.invoke|sun.reflect.DelegatingMethodAccessorImpl.invoke|java.lang.reflect.Method.invoke|junit.framework.TestCase.runTest|junit.framework.TestCase.runBare|junit.framework.TestResult$1.protect	16
c601	FT	1	com.alibaba.json.bvt.parser.TestUTF8_2#test_utf_3	PASS				417
c601	FT	2	com.alibaba.json.bvt.parser.DefaultExtJSONParser_parseArray#test_7	FAIL	java.lang.AssertionError	expected:<Sun Jan 09 05:49:53 UTC 2011> but was:<Sun Jan 09 13:49:53 UTC 2011>	org.junit.Assert.fail|org.junit.Assert.failNotEquals|org.junit.Assert.assertEquals|org.junit.Assert.assertEquals|com.alibaba.json.bvt.parser.DefaultExtJSONParser_parseArray.test_7|sun.reflect.NativeMethodAccessorImpl.invoke0|sun.reflect.NativeMethodAccessorImpl.invoke|sun.reflect.DelegatingMethodAccessorImpl.invoke|java.lang.reflect.Method.invoke|junit.framework.TestCase.runTest|junit.framework.TestCase.runBare|junit.framework.TestResult$1.protect	18
c602	FT	1	com.alibaba.json.bvt.parser.TestUTF8_2#test_utf_4	PASS				364
c602	FT	2	com.alibaba.json.bvt.parser.DefaultExtJSONParser_parseArray#test_7	FAIL	java.lang.AssertionError	expected:<Sun Jan 09 05:49:53 UTC 2011> but was:<Sun Jan 09 13:49:53 UTC 2011>	org.junit.Assert.fail|org.junit.Assert.failNotEquals|org.junit.Assert.assertEquals|org.junit.Assert.assertEquals|com.alibaba.json.bvt.parser.DefaultExtJSONParser_parseArray.test_7|sun.reflect.NativeMethodAccessorImpl.invoke0|sun.reflect.NativeMethodAccessorImpl.invoke|sun.reflect.DelegatingMethodAccessorImpl.invoke|java.lang.reflect.Method.invoke|junit.framework.TestCase.runTest|junit.framework.TestCase.runBare|junit.framework.TestResult$1.protect	18
c603	FT	1	com.alibaba.json.bvt.parser.TypeReferenceTest#test_list	PASS				399
c603	FT	2	com.alibaba.json.bvt.parser.DefaultExtJSONParser_parseArray#test_7	FAIL	java.lang.AssertionError	expected:<Sun Jan 09 05:49:53 UTC 2011> but was:<Sun Jan 09 13:49:53 UTC 2011>	org.junit.Assert.fail|org.junit.Assert.failNotEquals|org.junit.Assert.assertEquals|org.junit.Assert.assertEquals|com.alibaba.json.bvt.parser.DefaultExtJSONParser_parseArray.test_7|sun.reflect.NativeMethodAccessorImpl.invoke0|sun.reflect.NativeMethodAccessorImpl.invoke|sun.reflect.DelegatingMethodAccessorImpl.invoke|java.lang.reflect.Method.invoke|junit.framework.TestCase.runTest|junit.framework.TestCase.runBare|junit.framework.TestResult$1.protect	16
c604	FT	1	com.alibaba.json.bvt.parser.TypeUtilsTest#test_0	PASS				345
c604	FT	2	com.alibaba.json.bvt.parser.DefaultExtJSONParser_parseArray#test_7	FAIL	java.lang.AssertionError	expected:<Sun Jan 09 05:49:53 UTC 2011> but was:<Sun Jan 09 13:49:53 UTC 2011>	org.junit.Assert.fail|org.junit.Assert.failNotEquals|org.junit.Assert.assertEquals|org.junit.Assert.assertEquals|com.alibaba.json.bvt.parser.DefaultExtJSONParser_parseArray.test_7|sun.reflect.NativeMethodAccessorImpl.invoke0|sun.reflect.NativeMethodAccessorImpl.invoke|sun.reflect.DelegatingMethodAccessorImpl.invoke|java.lang.reflect.Method.invoke|junit.framework.TestCase.runTest|junit.framework.TestCase.runBare|junit.framework.TestResult$1.protect	44
c605	FT	1	com.alibaba.json.bvt.parser.TypeUtilsTest#test_1	PASS				347
c605	FT	2	com.alibaba.json.bvt.parser.DefaultExtJSONParser_parseArray#test_7	FAIL	java.lang.AssertionError	expected:<Sun Jan 09 05:49:53 UTC 2011> but was:<Sun Jan 09 13:49:53 UTC 2011>	org.junit.Assert.fail|org.junit.Assert.failNotEquals|org.junit.Assert.assertEquals|org.junit.Assert.assertEquals|com.alibaba.json.bvt.parser.DefaultExtJSONParser_parseArray.test_7|sun.reflect.NativeMethodAccessorImpl.invoke0|sun.reflect.NativeMethodAccessorImpl.invoke|sun.reflect.DelegatingMethodAccessorImpl.invoke|java.lang.reflect.Method.invoke|junit.framework.TestCase.runTest|junit.framework.TestCase.runBare|junit.framework.TestResult$1.protect	33
c606	FT	1	com.alibaba.json.bvt.parser.TypeUtilsTest#test_2	PASS				375
c606	FT	2	com.alibaba.json.bvt.parser.DefaultExtJSONParser_parseArray#test_7	FAIL	java.lang.AssertionError	expected:<Sun Jan 09 05:49:53 UTC 2011> but was:<Sun Jan 09 13:49:53 UTC 2011>	org.junit.Assert.fail|org.junit.Assert.failNotEquals|org.junit.Assert.assertEquals|org.junit.Assert.assertEquals|com.alibaba.json.bvt.parser.DefaultExtJSONParser_parseArray.test_7|sun.reflect.NativeMethodAccessorImpl.invoke0|sun.reflect.NativeMethodAccessorImpl.invoke|sun.reflect.DelegatingMethodAccessorImpl.invoke|java.lang.reflect.Method.invoke|junit.framework.TestCase.runTest|junit.framework.TestCase.runBare|junit.framework.TestResult$1.protect	22
c607	FT	1	com.alibaba.json.bvt.parser.TypeUtilsTest#test_3	PASS				427
c607	FT	2	com.alibaba.json.bvt.parser.DefaultExtJSONParser_parseArray#test_7	FAIL	java.lang.AssertionError	expected:<Sun Jan 09 05:49:53 UTC 2011> but was:<Sun Jan 09 13:49:53 UTC 2011>	org.junit.Assert.fail|org.junit.Assert.failNotEquals|org.junit.Assert.assertEquals|org.junit.Assert.assertEquals|com.alibaba.json.bvt.parser.DefaultExtJSONParser_parseArray.test_7|sun.reflect.NativeMethodAccessorImpl.invoke0|sun.reflect.NativeMethodAccessorImpl.invoke|sun.reflect.DelegatingMethodAccessorImpl.invoke|java.lang.reflect.Method.invoke|junit.framework.TestCase.runTest|junit.framework.TestCase.runBare|junit.framework.TestResult$1.protect	42
c608	FT	1	com.alibaba.json.bvt.parser.TypeUtilsTest#test_cast_Array	PASS				311
c608	FT	2	com.alibaba.json.bvt.parser.DefaultExtJSONParser_parseArray#test_7	FAIL	java.lang.AssertionError	expected:<Sun Jan 09 05:49:53 UTC 2011> but was:<Sun Jan 09 13:49:53 UTC 2011>	org.junit.Assert.fail|org.junit.Assert.failNotEquals|org.junit.Assert.assertEquals|org.junit.Assert.assertEquals|com.alibaba.json.bvt.parser.DefaultExtJSONParser_parseArray.test_7|sun.reflect.NativeMethodAccessorImpl.invoke0|sun.reflect.NativeMethodAccessorImpl.invoke|sun.reflect.DelegatingMethodAccessorImpl.invoke|java.lang.reflect.Method.invoke|junit.framework.TestCase.runTest|junit.framework.TestCase.runBare|junit.framework.TestResult$1.protect	73
c609	FT	1	com.alibaba.json.bvt.parser.TypeUtilsTest#test_cast_Integer	PASS				311
c609	FT	2	com.alibaba.json.bvt.parser.DefaultExtJSONParser_parseArray#test_7	FAIL	java.lang.AssertionError	expected:<Sun Jan 09 05:49:53 UTC 2011> but was:<Sun Jan 09 13:49:53 UTC 2011>	org.junit.Assert.fail|org.junit.Assert.failNotEquals|org.junit.Assert.assertEquals|org.junit.Assert.assertEquals|com.alibaba.json.bvt.parser.DefaultExtJSONParser_parseArray.test_7|sun.reflect.NativeMethodAccessorImpl.invoke0|sun.reflect.NativeMethodAccessorImpl.invoke|sun.reflect.DelegatingMethodAccessorImpl.invoke|java.lang.reflect.Method.invoke|junit.framework.TestCase.runTest|junit.framework.TestCase.runBare|junit.framework.TestResult$1.protect	36
c610	FT	1	com.alibaba.json.bvt.parser.TypeUtilsTest#test_cast_Integer_2	PASS				396
c610	FT	2	com.alibaba.json.bvt.parser.DefaultExtJSONParser_parseArray#test_7	FAIL	java.lang.AssertionError	expected:<Sun Jan 09 05:49:53 UTC 2011> but was:<Sun Jan 09 13:49:53 UTC 2011>	org.junit.Assert.fail|org.junit.Assert.failNotEquals|org.junit.Assert.assertEquals|org.junit.Assert.assertEquals|com.alibaba.json.bvt.parser.DefaultExtJSONParser_parseArray.test_7|sun.reflect.NativeMethodAccessorImpl.invoke0|sun.reflect.NativeMethodAccessorImpl.invoke|sun.reflect.DelegatingMethodAccessorImpl.invoke|java.lang.reflect.Method.invoke|junit.framework.TestCase.runTest|junit.framework.TestCase.runBare|junit.framework.TestResult$1.protect	45
c611	FT	1	com.alibaba.json.bvt.parser.TypeUtilsTest#test_cast_ab	PASS				399
c611	FT	2	com.alibaba.json.bvt.parser.DefaultExtJSONParser_parseArray#test_7	FAIL	java.lang.AssertionError	expected:<Sun Jan 09 05:49:53 UTC 2011> but was:<Sun Jan 09 13:49:53 UTC 2011>	org.junit.Assert.fail|org.junit.Assert.failNotEquals|org.junit.Assert.assertEquals|org.junit.Assert.assertEquals|com.alibaba.json.bvt.parser.DefaultExtJSONParser_parseArray.test_7|sun.reflect.NativeMethodAccessorImpl.invoke0|sun.reflect.NativeMethodAccessorImpl.invoke|sun.reflect.DelegatingMethodAccessorImpl.invoke|java.lang.reflect.Method.invoke|junit.framework.TestCase.runTest|junit.framework.TestCase.runBare|junit.framework.TestResult$1.protect	48
c612	FT	1	com.alibaba.json.bvt.parser.TypeUtilsTest#test_cast_ab_1	PASS				409
c612	FT	2	com.alibaba.json.bvt.parser.DefaultExtJSONParser_parseArray#test_7	FAIL	java.lang.AssertionError	expected:<Sun Jan 09 05:49:53 UTC 2011> but was:<Sun Jan 09 13:49:53 UTC 2011>	org.junit.Assert.fail|org.junit.Assert.failNotEquals|org.junit.Assert.assertEquals|org.junit.Assert.assertEquals|com.alibaba.json.bvt.parser.DefaultExtJSONParser_parseArray.test_7|sun.reflect.NativeMethodAccessorImpl.invoke0|sun.reflect.NativeMethodAccessorImpl.invoke|sun.reflect.DelegatingMethodAccessorImpl.invoke|java.lang.reflect.Method.invoke|junit.framework.TestCase.runTest|junit.framework.TestCase.runBare|junit.framework.TestResult$1.protect	35
c613	FT	1	com.alibaba.json.bvt.parser.TypeUtilsTest#test_cast_ab_error	PASS				410
c613	FT	2	com.alibaba.json.bvt.parser.DefaultExtJSONParser_parseArray#test_7	FAIL	java.lang.AssertionError	expected:<Sun Jan 09 05:49:53 UTC 2011> but was:<Sun Jan 09 13:49:53 UTC 2011>	org.junit.Assert.fail|org.junit.Assert.failNotEquals|org.junit.Assert.assertEquals|org.junit.Assert.assertEquals|com.alibaba.json.bvt.parser.DefaultExtJSONParser_parseArray.test_7|sun.reflect.NativeMethodAccessorImpl.invoke0|sun.reflect.NativeMethodAccessorImpl.invoke|sun.reflect.DelegatingMethodAccessorImpl.invoke|java.lang.reflect.Method.invoke|junit.framework.TestCase.runTest|junit.framework.TestCase.runBare|junit.framework.TestResult$1.protect	24
c614	FT	1	com.alibaba.json.bvt.parser.TypeUtilsTest#test_cast_null	PASS				364
c614	FT	2	com.alibaba.json.bvt.parser.DefaultExtJSONParser_parseArray#test_7	FAIL	java.lang.AssertionError	expected:<Sun Jan 09 05:49:53 UTC 2011> but was:<Sun Jan 09 13:49:53 UTC 2011>	org.junit.Assert.fail|org.junit.Assert.failNotEquals|org.junit.Assert.assertEquals|org.junit.Assert.assertEquals|com.alibaba.json.bvt.parser.DefaultExtJSONParser_parseArray.test_7|sun.reflect.NativeMethodAccessorImpl.invoke0|sun.reflect.NativeMethodAccessorImpl.invoke|sun.reflect.DelegatingMethodAccessorImpl.invoke|java.lang.reflect.Method.invoke|junit.framework.TestCase.runTest|junit.framework.TestCase.runBare|junit.framework.TestResult$1.protect	46
c615	FT	1	com.alibaba.json.bvt.parser.TypeUtilsTest#test_cast_to_BigDecimal	PASS				418
c615	FT	2	com.alibaba.json.bvt.parser.DefaultExtJSONParser_parseArray#test_7	FAIL	java.lang.AssertionError	expected:<Sun Jan 09 05:49:53 UTC 2011> but was:<Sun Jan 09 13:49:53 UTC 2011>	org.junit.Assert.fail|org.junit.Assert.failNotEquals|org.junit.Assert.assertEquals|org.junit.Assert.assertEquals|com.alibaba.json.bvt.parser.DefaultExtJSONParser_parseArray.test_7|sun.reflect.NativeMethodAccessorImpl.invoke0|sun.reflect.NativeMethodAccessorImpl.invoke|sun.reflect.DelegatingMethodAccessorImpl.invoke|java.lang.reflect.Method.invoke|junit.framework.TestCase.runTest|junit.framework.TestCase.runBare|junit.framework.TestResult$1.protect	41
c616	FT	1	com.alibaba.json.bvt.parser.TypeUtilsTest#test_cast_to_BigDecimal_same	PASS				315
c616	FT	2	com.alibaba.json.bvt.parser.DefaultExtJSONParser_parseArray#test_7	FAIL	java.lang.AssertionError	expected:<Sun Jan 09 05:49:53 UTC 2011> but was:<Sun Jan 09 13:49:53 UTC 2011>	org.junit.Assert.fail|org.junit.Assert.failNotEquals|org.junit.Assert.assertEquals|org.junit.Assert.assertEquals|com.alibaba.json.bvt.parser.DefaultExtJSONParser_parseArray.test_7|sun.reflect.NativeMethodAccessorImpl.invoke0|sun.reflect.NativeMethodAccessorImpl.invoke|sun.reflect.DelegatingMethodAccessorImpl.invoke|java.lang.reflect.Method.invoke|junit.framework.TestCase.runTest|junit.framework.TestCase.runBare|junit.framework.TestResult$1.protect	85
c617	FT	1	com.alibaba.json.bvt.parser.TypeUtilsTest#test_cast_to_BigInteger	PASS				341
c617	FT	2	com.alibaba.json.bvt.parser.DefaultExtJSONParser_parseArray#test_7	FAIL	java.lang.AssertionError	expected:<Sun Jan 09 05:49:53 UTC 2011> but was:<Sun Jan 09 13:49:53 UTC 2011>	org.junit.Assert.fail|org.junit.Assert.failNotEquals|org.junit.Assert.assertEquals|org.junit.Assert.assertEquals|com.alibaba.json.bvt.parser.DefaultExtJSONParser_parseArray.test_7|sun.reflect.NativeMethodAccessorImpl.invoke0|sun.reflect.NativeMethodAccessorImpl.invoke|sun.reflect.DelegatingMethodAccessorImpl.invoke|java.lang.reflect.Method.invoke|junit.framework.TestCase.runTest|junit.framework.TestCase.runBare|junit.framework.TestResult$1.protect	27
c618	FT	1	com.alibaba.json.bvt.parser.TypeUtilsTest#test_cast_to_BigInteger_same	PASS				270
c618	FT	2	com.alibaba.json.bvt.parser.DefaultExtJSONParser_parseArray#test_7	FAIL	java.lang.AssertionError	expected:<Sun Jan 09 05:49:53 UTC 2011> but was:<Sun Jan 09 13:49:53 UTC 2011>	org.junit.Assert.fail|org.junit.Assert.failNotEquals|org.junit.Assert.assertEquals|org.junit.Assert.assertEquals|com.alibaba.json.bvt.parser.DefaultExtJSONParser_parseArray.test_7|sun.reflect.NativeMethodAccessorImpl.invoke0|sun.reflect.NativeMethodAccessorImpl.invoke|sun.reflect.DelegatingMethodAccessorImpl.invoke|java.lang.reflect.Method.invoke|junit.framework.TestCase.runTest|junit.framework.TestCase.runBare|junit.framework.TestResult$1.protect	98
c619	FT	1	com.alibaba.json.bvt.parser.TypeUtilsTest#test_cast_to_Boolean	PASS				335
c619	FT	2	com.alibaba.json.bvt.parser.DefaultExtJSONParser_parseArray#test_7	FAIL	java.lang.AssertionError	expected:<Sun Jan 09 05:49:53 UTC 2011> but was:<Sun Jan 09 13:49:53 UTC 2011>	org.junit.Assert.fail|org.junit.Assert.failNotEquals|org.junit.Assert.assertEquals|org.junit.Assert.assertEquals|com.alibaba.json.bvt.parser.DefaultExtJSONParser_parseArray.test_7|sun.reflect.NativeMethodAccessorImpl.invoke0|sun.reflect.NativeMethodAccessorImpl.invoke|sun.reflect.DelegatingMethodAccessorImpl.invoke|java.lang.reflect.Method.invoke|junit.framework.TestCase.runTest|junit.framework.TestCase.runBare|junit.framework.TestResult$1.protect	54
c620	FT	1	com.alibaba.json.bvt.parser.TypeUtilsTest#test_cast_to_Byte	PASS				374
c620	FT	2	com.alibaba.json.bvt.parser.DefaultExtJSONParser_parseArray#test_7	FAIL	java.lang.AssertionError	expected:<Sun Jan 09 05:49:53 UTC 2011> but was:<Sun Jan 09 13:49:53 UTC 2011>	org.junit.Assert.fail|org.junit.Assert.failNotEquals|org.junit.Assert.assertEquals|org.junit.Assert.assertEquals|com.alibaba.json.bvt.parser.DefaultExtJSONParser_parseArray.test_7|sun.reflect.NativeMethodAccessorImpl.invoke0|sun.reflect.NativeMethodAccessorImpl.invoke|sun.reflect.DelegatingMethodAccessorImpl.invoke|java.lang.reflect.Method.invoke|junit.framework.TestCase.runTest|junit.framework.TestCase.runBare|junit.framework.TestResult$1.protect	28
c621	FT	1	com.alibaba.json.bvt.parser.TypeUtilsTest#test_cast_to_Date	PASS				412
c621	FT	2	com.alibaba.json.bvt.parser.DefaultExtJSONParser_parseArray#test_7	FAIL	java.lang.AssertionError	expected:<Sun Jan 09 05:49:53 UTC 2011> but was:<Sun Jan 09 13:49:53 UTC 2011>	org.junit.Assert.fail|org.junit.Assert.failNotEquals|org.junit.Assert.assertEquals|org.junit.Assert.assertEquals|com.alibaba.json.bvt.parser.DefaultExtJSONParser_parseArray.test_7|sun.reflect.NativeMethodAccessorImpl.invoke0|sun.reflect.NativeMethodAccessorImpl.invoke|sun.reflect.DelegatingMethodAccessorImpl.invoke|java.lang.reflect.Method.invoke|junit.framework.TestCase.runTest|junit.framework.TestCase.runBare|junit.framework.TestResult$1.protect	45
c622	FT	1	com.alibaba.json.bvt.parser.TypeUtilsTest#test_cast_to_Long	PASS				415
c622	FT	2	com.alibaba.json.bvt.parser.DefaultExtJSONParser_parseArray#test_7	FAIL	java.lang.AssertionError	expected:<Sun Jan 09 05:49:53 UTC 2011> but was:<Sun Jan 09 13:49:53 UTC 2011>	org.junit.Assert.fail|org.junit.Assert.failNotEquals|org.junit.Assert.assertEquals|org.junit.Assert.assertEquals|com.alibaba.json.bvt.parser.DefaultExtJSONParser_parseArray.test_7|sun.reflect.NativeMethodAccessorImpl.invoke0|sun.reflect.NativeMethodAccessorImpl.invoke|sun.reflect.DelegatingMethodAccessorImpl.invoke|java.lang.reflect.Method.invoke|junit.framework.TestCase.runTest|junit.framework.TestCase.runBare|junit.framework.TestResult$1.protect	46
c623	FT	1	com.alibaba.json.bvt.parser.TypeUtilsTest#test_cast_to_Short	PASS				336
c623	FT	2	com.alibaba.json.bvt.parser.DefaultExtJSONParser_parseArray#test_7	FAIL	java.lang.AssertionError	expected:<Sun Jan 09 05:49:53 UTC 2011> but was:<Sun Jan 09 13:49:53 UTC 2011>	org.junit.Assert.fail|org.junit.Assert.failNotEquals|org.junit.Assert.assertEquals|org.junit.Assert.assertEquals|com.alibaba.json.bvt.parser.DefaultExtJSONParser_parseArray.test_7|sun.reflect.NativeMethodAccessorImpl.invoke0|sun.reflect.NativeMethodAccessorImpl.invoke|sun.reflect.DelegatingMethodAccessorImpl.invoke|java.lang.reflect.Method.invoke|junit.framework.TestCase.runTest|junit.framework.TestCase.runBare|junit.framework.TestResult$1.protect	43
c624	FT	1	com.alibaba.json.bvt.parser.TypeUtilsTest#test_cast_to_SqlDate	PASS				346
c624	FT	2	com.alibaba.json.bvt.parser.DefaultExtJSONParser_parseArray#test_7	FAIL	java.lang.AssertionError	expected:<Sun Jan 09 05:49:53 UTC 2011> but was:<Sun Jan 09 13:49:53 UTC 2011>	org.junit.Assert.fail|org.junit.Assert.failNotEquals|org.junit.Assert.assertEquals|org.junit.Assert.assertEquals|com.alibaba.json.bvt.parser.DefaultExtJSONParser_parseArray.test_7|sun.reflect.NativeMethodAccessorImpl.invoke0|sun.reflect.NativeMethodAccessorImpl.invoke|sun.reflect.DelegatingMethodAccessorImpl.invoke|java.lang.reflect.Method.invoke|junit.framework.TestCase.runTest|junit.framework.TestCase.runBare|junit.framework.TestResult$1.protect	26
c625	FT	1	com.alibaba.json.bvt.parser.TypeUtilsTest#test_cast_to_SqlDate_calendar	PASS				322
c625	FT	2	com.alibaba.json.bvt.parser.DefaultExtJSONParser_parseArray#test_7	FAIL	java.lang.AssertionError	expected:<Sun Jan 09 05:49:53 UTC 2011> but was:<Sun Jan 09 13:49:53 UTC 2011>	org.junit.Assert.fail|org.junit.Assert.failNotEquals|org.junit.Assert.assertEquals|org.junit.Assert.assertEquals|com.alibaba.json.bvt.parser.DefaultExtJSONParser_parseArray.test_7|sun.reflect.NativeMethodAccessorImpl.invoke0|sun.reflect.NativeMethodAccessorImpl.invoke|sun.reflect.DelegatingMethodAccessorImpl.invoke|java.lang.reflect.Method.invoke|junit.framework.TestCase.runTest|junit.framework.TestCase.runBare|junit.framework.TestResult$1.protect	31
c626	FT	1	com.alibaba.json.bvt.parser.TypeUtilsTest#test_cast_to_SqlDate_error	PASS				327
c626	FT	2	com.alibaba.json.bvt.parser.DefaultExtJSONParser_parseArray#test_7	FAIL	java.lang.AssertionError	expected:<Sun Jan 09 05:49:53 UTC 2011> but was:<Sun Jan 09 13:49:53 UTC 2011>	org.junit.Assert.fail|org.junit.Assert.failNotEquals|org.junit.Assert.assertEquals|org.junit.Assert.assertEquals|com.alibaba.json.bvt.parser.DefaultExtJSONParser_parseArray.test_7|sun.reflect.NativeMethodAccessorImpl.invoke0|sun.reflect.NativeMethodAccessorImpl.invoke|sun.reflect.DelegatingMethodAccessorImpl.invoke|java.lang.reflect.Method.invoke|junit.framework.TestCase.runTest|junit.framework.TestCase.runBare|junit.framework.TestResult$1.protect	32
c627	FT	1	com.alibaba.json.bvt.parser.TypeUtilsTest#test_cast_to_SqlDate_null	PASS				380
c627	FT	2	com.alibaba.json.bvt.parser.DefaultExtJSONParser_parseArray#test_7	FAIL	java.lang.AssertionError	expected:<Sun Jan 09 05:49:53 UTC 2011> but was:<Sun Jan 09 13:49:53 UTC 2011>	org.junit.Assert.fail|org.junit.Assert.failNotEquals|org.junit.Assert.assertEquals|org.junit.Assert.assertEquals|com.alibaba.json.bvt.parser.DefaultExtJSONParser_parseArray.test_7|sun.reflect.NativeMethodAccessorImpl.invoke0|sun.reflect.NativeMethodAccessorImpl.invoke|sun.reflect.DelegatingMethodAccessorImpl.invoke|java.lang.reflect.Method.invoke|junit.framework.TestCase.runTest|junit.framework.TestCase.runBare|junit.framework.TestResult$1.protect	42
c628	FT	1	com.alibaba.json.bvt.parser.TypeUtilsTest#test_cast_to_SqlDate_null2	PASS				308
c628	FT	2	com.alibaba.json.bvt.parser.DefaultExtJSONParser_parseArray#test_7	FAIL	java.lang.AssertionError	expected:<Sun Jan 09 05:49:53 UTC 2011> but was:<Sun Jan 09 13:49:53 UTC 2011>	org.junit.Assert.fail|org.junit.Assert.failNotEquals|org.junit.Assert.assertEquals|org.junit.Assert.assertEquals|com.alibaba.json.bvt.parser.DefaultExtJSONParser_parseArray.test_7|sun.reflect.NativeMethodAccessorImpl.invoke0|sun.reflect.NativeMethodAccessorImpl.invoke|sun.reflect.DelegatingMethodAccessorImpl.invoke|java.lang.reflect.Method.invoke|junit.framework.TestCase.runTest|junit.framework.TestCase.runBare|junit.framework.TestResult$1.protect	70
c629	FT	1	com.alibaba.json.bvt.parser.TypeUtilsTest#test_cast_to_SqlDate_sql_Date	PASS				337
c629	FT	2	com.alibaba.json.bvt.parser.DefaultExtJSONParser_parseArray#test_7	FAIL	java.lang.AssertionError	expected:<Sun Jan 09 05:49:53 UTC 2011> but was:<Sun Jan 09 13:49:53 UTC 2011>	org.junit.Assert.fail|org.junit.Assert.failNotEquals|org.junit.Assert.assertEquals|org.junit.Assert.assertEquals|com.alibaba.json.bvt.parser.DefaultExtJSONParser_parseArray.test_7|sun.reflect.NativeMethodAccessorImpl.invoke0|sun.reflect.NativeMethodAccessorImpl.invoke|sun.reflect.DelegatingMethodAccessorImpl.invoke|java.lang.reflect.Method.invoke|junit.framework.TestCase.runTest|junit.framework.TestCase.runBare|junit.framework.TestResult$1.protect	32
c630	FT	1	com.alibaba.json.bvt.parser.TypeUtilsTest#test_cast_to_SqlDate_sql_Date2	PASS				303
c630	FT	2	com.alibaba.json.bvt.parser.DefaultExtJSONParser_parseArray#test_7	FAIL	java.lang.AssertionError	expected:<Sun Jan 09 05:49:53 UTC 2011> but was:<Sun Jan 09 13:49:53 UTC 2011>	org.junit.Assert.fail|org.junit.Assert.failNotEquals|org.junit.Assert.assertEquals|org.junit.Assert.assertEquals|com.alibaba.json.bvt.parser.DefaultExtJSONParser_parseArray.test_7|sun.reflect.NativeMethodAccessorImpl.invoke0|sun.reflect.NativeMethodAccessorImpl.invoke|sun.reflect.DelegatingMethodAccessorImpl.invoke|java.lang.reflect.Method.invoke|junit.framework.TestCase.runTest|junit.framework.TestCase.runBare|junit.framework.TestResult$1.protect	78
c631	FT	1	com.alibaba.json.bvt.parser.TypeUtilsTest#test_cast_to_SqlDate_string	PASS				368
c631	FT	2	com.alibaba.json.bvt.parser.DefaultExtJSONParser_parseArray#test_7	FAIL	java.lang.AssertionError	expected:<Sun Jan 09 05:49:53 UTC 2011> but was:<Sun Jan 09 13:49:53 UTC 2011>	org.junit.Assert.fail|org.junit.Assert.failNotEquals|org.junit.Assert.assertEquals|org.junit.Assert.assertEquals|com.alibaba.json.bvt.parser.DefaultExtJSONParser_parseArray.test_7|sun.reflect.NativeMethodAccessorImpl.invoke0|sun.reflect.NativeMethodAccessorImpl.invoke|sun.reflect.DelegatingMethodAccessorImpl.invoke|java.lang.reflect.Method.invoke|junit.framework.TestCase.runTest|junit.framework.TestCase.runBare|junit.framework.TestResult$1.protect	34
c632	FT	1	com.alibaba.json.bvt.parser.TypeUtilsTest#test_cast_to_SqlDate_util_Date	PASS				404
c632	FT	2	com.alibaba.json.bvt.parser.DefaultExtJSONParser_parseArray#test_7	FAIL	java.lang.AssertionError	expected:<Sun Jan 09 05:49:53 UTC 2011> but was:<Sun Jan 09 13:49:53 UTC 2011>	org.junit.Assert.fail|org.junit.Assert.failNotEquals|org.junit.Assert.assertEquals|org.junit.Assert.assertEquals|com.alibaba.json.bvt.parser.DefaultExtJSONParser_parseArray.test_7|sun.reflect.NativeMethodAccessorImpl.invoke0|sun.reflect.NativeMethodAccessorImpl.invoke|sun.reflect.DelegatingMethodAccessorImpl.invoke|java.lang.reflect.Method.invoke|junit.framework.TestCase.runTest|junit.framework.TestCase.runBare|junit.framework.TestResult$1.protect	42
c633	FT	1	com.alibaba.json.bvt.parser.TypeUtilsTest#test_cast_to_String	PASS				421
c633	FT	2	com.alibaba.json.bvt.parser.DefaultExtJSONParser_parseArray#test_7	FAIL	java.lang.AssertionError	expected:<Sun Jan 09 05:49:53 UTC 2011> but was:<Sun Jan 09 13:49:53 UTC 2011>	org.junit.Assert.fail|org.junit.Assert.failNotEquals|org.junit.Assert.assertEquals|org.junit.Assert.assertEquals|com.alibaba.json.bvt.parser.DefaultExtJSONParser_parseArray.test_7|sun.reflect.NativeMethodAccessorImpl.invoke0|sun.reflect.NativeMethodAccessorImpl.invoke|sun.reflect.DelegatingMethodAccessorImpl.invoke|java.lang.reflect.Method.invoke|junit.framework.TestCase.runTest|junit.framework.TestCase.runBare|junit.framework.TestResult$1.protect	24
c634	FT	1	com.alibaba.json.bvt.parser.TypeUtilsTest#test_cast_to_Timestamp	PASS				362
c634	FT	2	com.alibaba.json.bvt.parser.DefaultExtJSONParser_parseArray#test_7	FAIL	java.lang.AssertionError	expected:<Sun Jan 09 05:49:53 UTC 2011> but was:<Sun Jan 09 13:49:53 UTC 2011>	org.junit.Assert.fail|org.junit.Assert.failNotEquals|org.junit.Assert.assertEquals|org.junit.Assert.assertEquals|com.alibaba.json.bvt.parser.DefaultExtJSONParser_parseArray.test_7|sun.reflect.NativeMethodAccessorImpl.invoke0|sun.reflect.NativeMethodAccessorImpl.invoke|sun.reflect.DelegatingMethodAccessorImpl.invoke|java.lang.reflect.Method.invoke|junit.framework.TestCase.runTest|junit.framework.TestCase.runBare|junit.framework.TestResult$1.protect	21
c635	FT	1	com.alibaba.json.bvt.parser.TypeUtilsTest#test_cast_to_Timestamp_calendar	PASS				380
c635	FT	2	com.alibaba.json.bvt.parser.DefaultExtJSONParser_parseArray#test_7	FAIL	java.lang.AssertionError	expected:<Sun Jan 09 05:49:53 UTC 2011> but was:<Sun Jan 09 13:49:53 UTC 2011>	org.junit.Assert.fail|org.junit.Assert.failNotEquals|org.junit.Assert.assertEquals|org.junit.Assert.assertEquals|com.alibaba.json.bvt.parser.DefaultExtJSONParser_parseArray.test_7|sun.reflect.NativeMethodAccessorImpl.invoke0|sun.reflect.NativeMethodAccessorImpl.invoke|sun.reflect.DelegatingMethodAccessorImpl.invoke|java.lang.reflect.Method.invoke|junit.framework.TestCase.runTest|junit.framework.TestCase.runBare|junit.framework.TestResult$1.protect	22
c636	FT	1	com.alibaba.json.bvt.parser.TypeUtilsTest#test_cast_to_Timestamp_error	PASS				369
c636	FT	2	com.alibaba.json.bvt.parser.DefaultExtJSONParser_parseArray#test_7	FAIL	java.lang.AssertionError	expected:<Sun Jan 09 05:49:53 UTC 2011> but was:<Sun Jan 09 13:49:53 UTC 2011>	org.junit.Assert.fail|org.junit.Assert.failNotEquals|org.junit.Assert.assertEquals|org.junit.Assert.assertEquals|com.alibaba.json.bvt.parser.DefaultExtJSONParser_parseArray.test_7|sun.reflect.NativeMethodAccessorImpl.invoke0|sun.reflect.NativeMethodAccessorImpl.invoke|sun.reflect.DelegatingMethodAccessorImpl.invoke|java.lang.reflect.Method.invoke|junit.framework.TestCase.runTest|junit.framework.TestCase.runBare|junit.framework.TestResult$1.protect	42
c637	FT	1	com.alibaba.json.bvt.parser.TypeUtilsTest#test_cast_to_Timestamp_null	PASS				368
c637	FT	2	com.alibaba.json.bvt.parser.DefaultExtJSONParser_parseArray#test_7	FAIL	java.lang.AssertionError	expected:<Sun Jan 09 05:49:53 UTC 2011> but was:<Sun Jan 09 13:49:53 UTC 2011>	org.junit.Assert.fail|org.junit.Assert.failNotEquals|org.junit.Assert.assertEquals|org.junit.Assert.assertEquals|com.alibaba.json.bvt.parser.DefaultExtJSONParser_parseArray.test_7|sun.reflect.NativeMethodAccessorImpl.invoke0|sun.reflect.NativeMethodAccessorImpl.invoke|sun.reflect.DelegatingMethodAccessorImpl.invoke|java.lang.reflect.Method.invoke|junit.framework.TestCase.runTest|junit.framework.TestCase.runBare|junit.framework.TestResult$1.protect	51
c638	FT	1	com.alibaba.json.bvt.parser.TypeUtilsTest#test_cast_to_Timestamp_null2	PASS				313
c638	FT	2	com.alibaba.json.bvt.parser.DefaultExtJSONParser_parseArray#test_7	FAIL	java.lang.AssertionError	expected:<Sun Jan 09 05:49:53 UTC 2011> but was:<Sun Jan 09 13:49:53 UTC 2011>	org.junit.Assert.fail|org.junit.Assert.failNotEquals|org.junit.Assert.assertEquals|org.junit.Assert.assertEquals|com.alibaba.json.bvt.parser.DefaultExtJSONParser_parseArray.test_7|sun.reflect.NativeMethodAccessorImpl.invoke0|sun.reflect.NativeMethodAccessorImpl.invoke|sun.reflect.DelegatingMethodAccessorImpl.invoke|java.lang.reflect.Method.invoke|junit.framework.TestCase.runTest|junit.framework.TestCase.runBare|junit.framework.TestResult$1.protect	107
c639	FT	1	com.alibaba.json.bvt.parser.TypeUtilsTest#test_cast_to_Timestamp_number	PASS				326
c639	FT	2	com.alibaba.json.bvt.parser.DefaultExtJSONParser_parseArray#test_7	FAIL	java.lang.AssertionError	expected:<Sun Jan 09 05:49:53 UTC 2011> but was:<Sun Jan 09 13:49:53 UTC 2011>	org.junit.Assert.fail|org.junit.Assert.failNotEquals|org.junit.Assert.assertEquals|org.junit.Assert.assertEquals|com.alibaba.json.bvt.parser.DefaultExtJSONParser_parseArray.test_7|sun.reflect.NativeMethodAccessorImpl.invoke0|sun.reflect.NativeMethodAccessorImpl.invoke|sun.reflect.DelegatingMethodAccessorImpl.invoke|java.lang.reflect.Method.invoke|junit.framework.TestCase.runTest|junit.framework.TestCase.runBare|junit.framework.TestResult$1.protect	47
c640	FT	1	com.alibaba.json.bvt.parser.TypeUtilsTest#test_cast_to_Timestamp_sql_Date	PASS				418
c640	FT	2	com.alibaba.json.bvt.parser.DefaultExtJSONParser_parseArray#test_7	FAIL	java.lang.AssertionError	expected:<Sun Jan 09 05:49:53 UTC 2011> but was:<Sun Jan 09 13:49:53 UTC 2011>	org.junit.Assert.fail|org.junit.Assert.failNotEquals|org.junit.Assert.assertEquals|org.junit.Assert.assertEquals|com.alibaba.json.bvt.parser.DefaultExtJSONParser_parseArray.test_7|sun.reflect.NativeMethodAccessorImpl.invoke0|sun.reflect.NativeMethodAccessorImpl.invoke|sun.reflect.DelegatingMethodAccessorImpl.invoke|java.lang.reflect.Method.invoke|junit.framework.TestCase.runTest|junit.framework.TestCase.runBare|junit.framework.TestResult$1.protect	24
c641	FT	1	com.alibaba.json.bvt.parser.TypeUtilsTest#test_cast_to_Timestamp_sql_Timestamp	PASS				319
c641	FT	2	com.alibaba.json.bvt.parser.DefaultExtJSONParser_parseArray#test_7	FAIL	java.lang.AssertionError	expected:<Sun Jan 09 05:49:53 UTC 2011> but was:<Sun Jan 09 13:49:53 UTC 2011>	org.junit.Assert.fail|org.junit.Assert.failNotEquals|org.junit.Assert.assertEquals|org.junit.Assert.assertEquals|com.alibaba.json.bvt.parser.DefaultExtJSONParser_parseArray.test_7|sun.reflect.NativeMethodAccessorImpl.invoke0|sun.reflect.NativeMethodAccessorImpl.invoke|sun.reflect.DelegatingMethodAccessorImpl.invoke|java.lang.reflect.Method.invoke|junit.framework.TestCase.runTest|junit.framework.TestCase.runBare|junit.framework.TestResult$1.protect	88
c642	FT	1	com.alibaba.json.bvt.parser.TypeUtilsTest#test_cast_to_Timestamp_string	PASS				404
c642	FT	2	com.alibaba.json.bvt.parser.DefaultExtJSONParser_parseArray#test_7	FAIL	java.lang.AssertionError	expected:<Sun Jan 09 05:49:53 UTC 2011> but was:<Sun Jan 09 13:49:53 UTC 2011>	org.junit.Assert.fail|org.junit.Assert.failNotEquals|org.junit.Assert.assertEquals|org.junit.Assert.assertEquals|com.alibaba.json.bvt.parser.DefaultExtJSONParser_parseArray.test_7|sun.reflect.NativeMethodAccessorImpl.invoke0|sun.reflect.NativeMethodAccessorImpl.invoke|sun.reflect.DelegatingMethodAccessorImpl.invoke|java.lang.reflect.Method.invoke|junit.framework.TestCase.runTest|junit.framework.TestCase.runBare|junit.framework.TestResult$1.protect	29
c643	FT	1	com.alibaba.json.bvt.parser.TypeUtilsTest#test_cast_to_Timestamp_util_Date	PASS				381
c643	FT	2	com.alibaba.json.bvt.parser.DefaultExtJSONParser_parseArray#test_7	FAIL	java.lang.AssertionError	expected:<Sun Jan 09 05:49:53 UTC 2011> but was:<Sun Jan 09 13:49:53 UTC 2011>	org.junit.Assert.fail|org.junit.Assert.failNotEquals|org.junit.Assert.assertEquals|org.junit.Assert.assertEquals|com.alibaba.json.bvt.parser.DefaultExtJSONParser_parseArray.test_7|sun.reflect.NativeMethodAccessorImpl.invoke0|sun.reflect.NativeMethodAccessorImpl.invoke|sun.reflect.DelegatingMethodAccessorImpl.invoke|java.lang.reflect.Method.invoke|junit.framework.TestCase.runTest|junit.framework.TestCase.runBare|junit.framework.TestResult$1.protect	32
c644	FT	1	com.alibaba.json.bvt.parser.TypeUtilsTest#test_cast_to_boolean	PASS				313
c644	FT	2	com.alibaba.json.bvt.parser.DefaultExtJSONParser_parseArray#test_7	FAIL	java.lang.AssertionError	expected:<Sun Jan 09 05:49:53 UTC 2011> but was:<Sun Jan 09 13:49:53 UTC 2011>	org.junit.Assert.fail|org.junit.Assert.failNotEquals|org.junit.Assert.assertEquals|org.junit.Assert.assertEquals|com.alibaba.json.bvt.parser.DefaultExtJSONParser_parseArray.test_7|sun.reflect.NativeMethodAccessorImpl.invoke0|sun.reflect.NativeMethodAccessorImpl.invoke|sun.reflect.DelegatingMethodAccessorImpl.invoke|java.lang.reflect.Method.invoke|junit.framework.TestCase.runTest|junit.framework.TestCase.runBare|junit.framework.TestResult$1.protect	24
c645	FT	1	com.alibaba.json.bvt.parser.TypeUtilsTest#test_cast_to_byte	PASS				293
c645	FT	2	com.alibaba.json.bvt.parser.DefaultExtJSONParser_parseArray#test_7	FAIL	java.lang.AssertionError	expected:<Sun Jan 09 05:49:53 UTC 2011> but was:<Sun Jan 09 13:49:53 UTC 2011>	org.junit.Assert.fail|org.junit.Assert.failNotEquals|org.junit.Assert.assertEquals|org.junit.Assert.assertEquals|com.alibaba.json.bvt.parser.DefaultExtJSONParser_parseArray.test_7|sun.reflect.NativeMethodAccessorImpl.invoke0|sun.reflect.NativeMethodAccessorImpl.invoke|sun.reflect.DelegatingMethodAccessorImpl.invoke|java.lang.reflect.Method.invoke|junit.framework.TestCase.runTest|junit.framework.TestCase.runBare|junit.framework.TestResult$1.protect	20
c646	FT	1	com.alibaba.json.bvt.parser.TypeUtilsTest#test_cast_to_long	PASS				306
c646	FT	2	com.alibaba.json.bvt.parser.DefaultExtJSONParser_parseArray#test_7	FAIL	java.lang.AssertionError	expected:<Sun Jan 09 05:49:53 UTC 2011> but was:<Sun Jan 09 13:49:53 UTC 2011>	org.junit.Assert.fail|org.junit.Assert.failNotEquals|org.junit.Assert.assertEquals|org.junit.Assert.assertEquals|com.alibaba.json.bvt.parser.DefaultExtJSONParser_parseArray.test_7|sun.reflect.NativeMethodAccessorImpl.invoke0|sun.reflect.NativeMethodAccessorImpl.invoke|sun.reflect.DelegatingMethodAccessorImpl.invoke|java.lang.reflect.Method.invoke|junit.framework.TestCase.runTest|junit.framework.TestCase.runBare|junit.framework.TestResult$1.protect	43
c647	FT	1	com.alibaba.json.bvt.parser.TypeUtilsTest#test_cast_to_short	PASS				370
c647	FT	2	com.alibaba.json.bvt.parser.DefaultExtJSONParser_parseArray#test_7	FAIL	java.lang.AssertionError	expected:<Sun Jan 09 05:49:53 UTC 2011> but was:<Sun Jan 09 13:49:53 UTC 2011>	org.junit.Assert.fail|org.junit.Assert.failNotEquals|org.junit.Assert.assertEquals|org.junit.Assert.assertEquals|com.alibaba.json.bvt.parser.DefaultExtJSONParser_parseArray.test_7|sun.reflect.NativeMethodAccessorImpl.invoke0|sun.reflect.NativeMethodAccessorImpl.invoke|sun.reflect.DelegatingMethodAccessorImpl.invoke|java.lang.reflect.Method.invoke|junit.framework.TestCase.runTest|junit.framework.TestCase.runBare|junit.framework.TestResult$1.protect	38
c648	FT	1	com.alibaba.json.bvt.parser.TypeUtilsTest#test_error	PASS				401
c648	FT	2	com.alibaba.json.bvt.parser.DefaultExtJSONParser_parseArray#test_7	FAIL	java.lang.AssertionError	expected:<Sun Jan 09 05:49:53 UTC 2011> but was:<Sun Jan 09 13:49:53 UTC 2011>	org.junit.Assert.fail|org.junit.Assert.failNotEquals|org.junit.Assert.assertEquals|org.junit.Assert.assertEquals|com.alibaba.json.bvt.parser.DefaultExtJSONParser_parseArray.test_7|sun.reflect.NativeMethodAccessorImpl.invoke0|sun.reflect.NativeMethodAccessorImpl.invoke|sun.reflect.DelegatingMethodAccessorImpl.invoke|java.lang.reflect.Method.invoke|junit.framework.TestCase.runTest|junit.framework.TestCase.runBare|junit.framework.TestResult$1.protect	23
c649	FT	1	com.alibaba.json.bvt.parser.TypeUtilsTest#test_error_2	PASS				447
c649	FT	2	com.alibaba.json.bvt.parser.DefaultExtJSONParser_parseArray#test_7	FAIL	java.lang.AssertionError	expected:<Sun Jan 09 05:49:53 UTC 2011> but was:<Sun Jan 09 13:49:53 UTC 2011>	org.junit.Assert.fail|org.junit.Assert.failNotEquals|org.junit.Assert.assertEquals|org.junit.Assert.assertEquals|com.alibaba.json.bvt.parser.DefaultExtJSONParser_parseArray.test_7|sun.reflect.NativeMethodAccessorImpl.invoke0|sun.reflect.NativeMethodAccessorImpl.invoke|sun.reflect.DelegatingMethodAccessorImpl.invoke|java.lang.reflect.Method.invoke|junit.framework.TestCase.runTest|junit.framework.TestCase.runBare|junit.framework.TestResult$1.protect	33
c650	FT	1	com.alibaba.json.bvt.parser.TypeUtilsTest2#test_0	PASS				299
c650	FT	2	com.alibaba.json.bvt.parser.DefaultExtJSONParser_parseArray#test_7	FAIL	java.lang.AssertionError	expected:<Sun Jan 09 05:49:53 UTC 2011> but was:<Sun Jan 09 13:49:53 UTC 2011>	org.junit.Assert.fail|org.junit.Assert.failNotEquals|org.junit.Assert.assertEquals|org.junit.Assert.assertEquals|com.alibaba.json.bvt.parser.DefaultExtJSONParser_parseArray.test_7|sun.reflect.NativeMethodAccessorImpl.invoke0|sun.reflect.NativeMethodAccessorImpl.invoke|sun.reflect.DelegatingMethodAccessorImpl.invoke|java.lang.reflect.Method.invoke|junit.framework.TestCase.runTest|junit.framework.TestCase.runBare|junit.framework.TestResult$1.protect	46
c651	FT	1	com.alibaba.json.bvt.parser.TypeUtilsTest2#test_1	PASS				342
c651	FT	2	com.alibaba.json.bvt.parser.DefaultExtJSONParser_parseArray#test_7	FAIL	java.lang.AssertionError	expected:<Sun Jan 09 05:49:53 UTC 2011> but was:<Sun Jan 09 13:49:53 UTC 2011>	org.junit.Assert.fail|org.junit.Assert.failNotEquals|org.junit.Assert.assertEquals|org.junit.Assert.assertEquals|com.alibaba.json.bvt.parser.DefaultExtJSONParser_parseArray.test_7|sun.reflect.NativeMethodAccessorImpl.invoke0|sun.reflect.NativeMethodAccessorImpl.invoke|sun.reflect.DelegatingMethodAccessorImpl.invoke|java.lang.reflect.Method.invoke|junit.framework.TestCase.runTest|junit.framework.TestCase.runBare|junit.framework.TestResult$1.protect	99
c652	FT	1	com.alibaba.json.bvt.parser.TypeUtilsTest2#test_error_0	PASS				292
c652	FT	2	com.alibaba.json.bvt.parser.DefaultExtJSONParser_parseArray#test_7	FAIL	java.lang.AssertionError	expected:<Sun Jan 09 05:49:53 UTC 2011> but was:<Sun Jan 09 13:49:53 UTC 2011>	org.junit.Assert.fail|org.junit.Assert.failNotEquals|org.junit.Assert.assertEquals|org.junit.Assert.assertEquals|com.alibaba.json.bvt.parser.DefaultExtJSONParser_parseArray.test_7|sun.reflect.NativeMethodAccessorImpl.invoke0|sun.reflect.NativeMethodAccessorImpl.invoke|sun.reflect.DelegatingMethodAccessorImpl.invoke|java.lang.reflect.Method.invoke|junit.framework.TestCase.runTest|junit.framework.TestCase.runBare|junit.framework.TestResult$1.protect	71
c653	FT	1	com.alibaba.json.bvt.parser.TypeUtilsTest2#test_error_1	PASS				337
c653	FT	2	com.alibaba.json.bvt.parser.DefaultExtJSONParser_parseArray#test_7	FAIL	java.lang.AssertionError	expected:<Sun Jan 09 05:49:53 UTC 2011> but was:<Sun Jan 09 13:49:53 UTC 2011>	org.junit.Assert.fail|org.junit.Assert.failNotEquals|org.junit.Assert.assertEquals|org.junit.Assert.assertEquals|com.alibaba.json.bvt.parser.DefaultExtJSONParser_parseArray.test_7|sun.reflect.NativeMethodAccessorImpl.invoke0|sun.reflect.NativeMethodAccessorImpl.invoke|sun.reflect.DelegatingMethodAccessorImpl.invoke|java.lang.reflect.Method.invoke|junit.framework.TestCase.runTest|junit.framework.TestCase.runBare|junit.framework.TestResult$1.protect	87
c654	FT	1	com.alibaba.json.bvt.parser.TypeUtilsTest2#test_error_2	PASS				414
c654	FT	2	com.alibaba.json.bvt.parser.DefaultExtJSONParser_parseArray#test_7	FAIL	java.lang.AssertionError	expected:<Sun Jan 09 05:49:53 UTC 2011> but was:<Sun Jan 09 13:49:53 UTC 2011>	org.junit.Assert.fail|org.junit.Assert.failNotEquals|org.junit.Assert.assertEquals|org.junit.Assert.assertEquals|com.alibaba.json.bvt.parser.DefaultExtJSONParser_parseArray.test_7|sun.reflect.NativeMethodAccessorImpl.invoke0|sun.reflect.NativeMethodAccessorImpl.invoke|sun.reflect.DelegatingMethodAccessorImpl.invoke|java.lang.reflect.Method.invoke|junit.framework.TestCase.runTest|junit.framework.TestCase.runBare|junit.framework.TestResult$1.protect	34
c655	FT	1	com.alibaba.json.bvt.parser.TypeUtilsTest2#test_error_3	PASS				401
c655	FT	2	com.alibaba.json.bvt.parser.DefaultExtJSONParser_parseArray#test_7	FAIL	java.lang.AssertionError	expected:<Sun Jan 09 05:49:53 UTC 2011> but was:<Sun Jan 09 13:49:53 UTC 2011>	org.junit.Assert.fail|org.junit.Assert.failNotEquals|org.junit.Assert.assertEquals|org.junit.Assert.assertEquals|com.alibaba.json.bvt.parser.DefaultExtJSONParser_parseArray.test_7|sun.reflect.NativeMethodAccessorImpl.invoke0|sun.reflect.NativeMethodAccessorImpl.invoke|sun.reflect.DelegatingMethodAccessorImpl.invoke|java.lang.reflect.Method.invoke|junit.framework.TestCase.runTest|junit.framework.TestCase.runBare|junit.framework.TestResult$1.protect	39
c656	FT	1	com.alibaba.json.bvt.parser.TypeUtilsTest2#test_error_4	PASS				261
c656	FT	2	com.alibaba.json.bvt.parser.DefaultExtJSONParser_parseArray#test_7	FAIL	java.lang.AssertionError	expected:<Sun Jan 09 05:49:53 UTC 2011> but was:<Sun Jan 09 13:49:53 UTC 2011>	org.junit.Assert.fail|org.junit.Assert.failNotEquals|org.junit.Assert.assertEquals|org.junit.Assert.assertEquals|com.alibaba.json.bvt.parser.DefaultExtJSONParser_parseArray.test_7|sun.reflect.NativeMethodAccessorImpl.invoke0|sun.reflect.NativeMethodAccessorImpl.invoke|sun.reflect.DelegatingMethodAccessorImpl.invoke|java.lang.reflect.Method.invoke|junit.framework.TestCase.runTest|junit.framework.TestCase.runBare|junit.framework.TestResult$1.protect	68
c657	FT	1	com.alibaba.json.bvt.parser.TypeUtilsTest3#test_enum	PASS				407
c657	FT	2	com.alibaba.json.bvt.parser.DefaultExtJSONParser_parseArray#test_7	FAIL	java.lang.AssertionError	expected:<Sun Jan 09 05:49:53 UTC 2011> but was:<Sun Jan 09 13:49:53 UTC 2011>	org.junit.Assert.fail|org.junit.Assert.failNotEquals|org.junit.Assert.assertEquals|org.junit.Assert.assertEquals|com.alibaba.json.bvt.parser.DefaultExtJSONParser_parseArray.test_7|sun.reflect.NativeMethodAccessorImpl.invoke0|sun.reflect.NativeMethodAccessorImpl.invoke|sun.reflect.DelegatingMethodAccessorImpl.invoke|java.lang.reflect.Method.invoke|junit.framework.TestCase.runTest|junit.framework.TestCase.runBare|junit.framework.TestResult$1.protect	23
c658	FT	1	com.alibaba.json.bvt.parser.TypeUtilsTest3#test_enum_2	PASS				412
c658	FT	2	com.alibaba.json.bvt.parser.DefaultExtJSONParser_parseArray#test_7	FAIL	java.lang.AssertionError	expected:<Sun Jan 09 05:49:53 UTC 2011> but was:<Sun Jan 09 13:49:53 UTC 2011>	org.junit.Assert.fail|org.junit.Assert.failNotEquals|org.junit.Assert.assertEquals|org.junit.Assert.assertEquals|com.alibaba.json.bvt.parser.DefaultExtJSONParser_parseArray.test_7|sun.reflect.NativeMethodAccessorImpl.invoke0|sun.reflect.NativeMethodAccessorImpl.invoke|sun.reflect.DelegatingMethodAccessorImpl.invoke|java.lang.reflect.Method.invoke|junit.framework.TestCase.runTest|junit.framework.TestCase.runBare|junit.framework.TestResult$1.protect	46
c659	FT	1	com.alibaba.json.bvt.parser.TypeUtilsTest3#test_error	PASS				413
c659	FT	2	com.alibaba.json.bvt.parser.DefaultExtJSONParser_parseArray#test_7	FAIL	java.lang.AssertionError	expected:<Sun Jan 09 05:49:53 UTC 2011> but was:<Sun Jan 09 13:49:53 UTC 2011>	org.junit.Assert.fail|org.junit.Assert.failNotEquals|org.junit.Assert.assertEquals|org.junit.Assert.assertEquals|com.alibaba.json.bvt.parser.DefaultExtJSONParser_parseArray.test_7|sun.reflect.NativeMethodAccessorImpl.invoke0|sun.reflect.NativeMethodAccessorImpl.invoke|sun.reflect.DelegatingMethodAccessorImpl.invoke|java.lang.reflect.Method.invoke|junit.framework.TestCase.runTest|junit.framework.TestCase.runBare|junit.framework.TestResult$1.protect	54
c660	FT	1	com.alibaba.json.bvt.parser.TypeUtilsTest3#test_error_1	PASS				263
c660	FT	2	com.alibaba.json.bvt.parser.DefaultExtJSONParser_parseArray#test_7	FAIL	java.lang.AssertionError	expected:<Sun Jan 09 05:49:53 UTC 2011> but was:<Sun Jan 09 13:49:53 UTC 2011>	org.junit.Assert.fail|org.junit.Assert.failNotEquals|org.junit.Assert.assertEquals|org.junit.Assert.assertEquals|com.alibaba.json.bvt.parser.DefaultExtJSONParser_parseArray.test_7|sun.reflect.NativeMethodAccessorImpl.invoke0|sun.reflect.NativeMethodAccessorImpl.invoke|sun.reflect.DelegatingMethodAccessorImpl.invoke|java.lang.reflect.Method.invoke|junit.framework.TestCase.runTest|junit.framework.TestCase.runBare|junit.framework.TestResult$1.protect	70
c661	FT	1	com.alibaba.json.bvt.parser.TypeUtilsTest3#test_error_2	PASS				273
c661	FT	2	com.alibaba.json.bvt.parser.DefaultExtJSONParser_parseArray#test_7	FAIL	java.lang.AssertionError	expected:<Sun Jan 09 05:49:53 UTC 2011> but was:<Sun Jan 09 13:49:53 UTC 2011>	org.junit.Assert.fail|org.junit.Assert.failNotEquals|org.junit.Assert.assertEquals|org.junit.Assert.assertEquals|com.alibaba.json.bvt.parser.DefaultExtJSONParser_parseArray.test_7|sun.reflect.NativeMethodAccessorImpl.invoke0|sun.reflect.NativeMethodAccessorImpl.invoke|sun.reflect.DelegatingMethodAccessorImpl.invoke|java.lang.reflect.Method.invoke|junit.framework.TestCase.runTest|junit.framework.TestCase.runBare|junit.framework.TestResult$1.protect	86
c662	FT	1	com.alibaba.json.bvt.parser.TypeUtilsTest3#test_error_3	PASS				345
c662	FT	2	com.alibaba.json.bvt.parser.DefaultExtJSONParser_parseArray#test_7	FAIL	java.lang.AssertionError	expected:<Sun Jan 09 05:49:53 UTC 2011> but was:<Sun Jan 09 13:49:53 UTC 2011>	org.junit.Assert.fail|org.junit.Assert.failNotEquals|org.junit.Assert.assertEquals|org.junit.Assert.assertEquals|com.alibaba.json.bvt.parser.DefaultExtJSONParser_parseArray.test_7|sun.reflect.NativeMethodAccessorImpl.invoke0|sun.reflect.NativeMethodAccessorImpl.invoke|sun.reflect.DelegatingMethodAccessorImpl.invoke|java.lang.reflect.Method.invoke|junit.framework.TestCase.runTest|junit.framework.TestCase.runBare|junit.framework.TestResult$1.protect	96
c663	FT	1	com.alibaba.json.bvt.parser.TypeUtilsTest3#test_ex	PASS				516
c663	FT	2	com.alibaba.json.bvt.parser.DefaultExtJSONParser_parseArray#test_7	FAIL	java.lang.AssertionError	expected:<Sun Jan 09 05:49:53 UTC 2011> but was:<Sun Jan 09 13:49:53 UTC 2011>	org.junit.Assert.fail|org.junit.Assert.failNotEquals|org.junit.Assert.assertEquals|org.junit.Assert.assertEquals|com.alibaba.json.bvt.parser.DefaultExtJSONParser_parseArray.test_7|sun.reflect.NativeMethodAccessorImpl.invoke0|sun.reflect.NativeMethodAccessorImpl.invoke|sun.reflect.DelegatingMethodAccessorImpl.invoke|java.lang.reflect.Method.invoke|junit.framework.TestCase.runTest|junit.framework.TestCase.runBare|junit.framework.TestResult$1.protect	36
c664	FT	1	com.alibaba.json.bvt.parser.TypeUtilsTest3#test_null	PASS				374
c664	FT	2	com.alibaba.json.bvt.parser.DefaultExtJSONParser_parseArray#test_7	FAIL	java.lang.AssertionError	expected:<Sun Jan 09 05:49:53 UTC 2011> but was:<Sun Jan 09 13:49:53 UTC 2011>	org.junit.Assert.fail|org.junit.Assert.failNotEquals|org.junit.Assert.assertEquals|org.junit.Assert.assertEquals|com.alibaba.json.bvt.parser.DefaultExtJSONParser_parseArray.test_7|sun.reflect.NativeMethodAccessorImpl.invoke0|sun.reflect.NativeMethodAccessorImpl.invoke|sun.reflect.DelegatingMethodAccessorImpl.invoke|java.lang.reflect.Method.invoke|junit.framework.TestCase.runTest|junit.framework.TestCase.runBare|junit.framework.TestResult$1.protect	103
c665	FT	1	com.alibaba.json.bvt.parser.TypeUtilsTest3#test_null_1	PASS				343
c665	FT	2	com.alibaba.json.bvt.parser.DefaultExtJSONParser_parseArray#test_7	FAIL	java.lang.AssertionError	expected:<Sun Jan 09 05:49:53 UTC 2011> but was:<Sun Jan 09 13:49:53 UTC 2011>	org.junit.Assert.fail|org.junit.Assert.failNotEquals|org.junit.Assert.assertEquals|org.junit.Assert.assertEquals|com.alibaba.json.bvt.parser.DefaultExtJSONParser_parseArray.test_7|sun.reflect.NativeMethodAccessorImpl.invoke0|sun.reflect.NativeMethodAccessorImpl.invoke|sun.reflect.DelegatingMethodAccessorImpl.invoke|java.lang.reflect.Method.invoke|junit.framework.TestCase.runTest|junit.framework.TestCase.runBare|junit.framework.TestResult$1.protect	93
c666	FT	1	com.alibaba.json.bvt.parser.TypeUtilsTest3#test_null_2	PASS				307
c666	FT	2	com.alibaba.json.bvt.parser.DefaultExtJSONParser_parseArray#test_7	FAIL	java.lang.AssertionError	expected:<Sun Jan 09 05:49:53 UTC 2011> but was:<Sun Jan 09 13:49:53 UTC 2011>	org.junit.Assert.fail|org.junit.Assert.failNotEquals|org.junit.Assert.assertEquals|org.junit.Assert.assertEquals|com.alibaba.json.bvt.parser.DefaultExtJSONParser_parseArray.test_7|sun.reflect.NativeMethodAccessorImpl.invoke0|sun.reflect.NativeMethodAccessorImpl.invoke|sun.reflect.DelegatingMethodAccessorImpl.invoke|java.lang.reflect.Method.invoke|junit.framework.TestCase.runTest|junit.framework.TestCase.runBare|junit.framework.TestResult$1.protect	56
c667	FT	1	com.alibaba.json.bvt.parser.TypeUtilsTest4#test_ParameterizedType	PASS				325
c667	FT	2	com.alibaba.json.bvt.parser.DefaultExtJSONParser_parseArray#test_7	FAIL	java.lang.AssertionError	expected:<Sun Jan 09 05:49:53 UTC 2011> but was:<Sun Jan 09 13:49:53 UTC 2011>	org.junit.Assert.fail|org.junit.Assert.failNotEquals|org.junit.Assert.assertEquals|org.junit.Assert.assertEquals|com.alibaba.json.bvt.parser.DefaultExtJSONParser_parseArray.test_7|sun.reflect.NativeMethodAccessorImpl.invoke0|sun.reflect.NativeMethodAccessorImpl.invoke|sun.reflect.DelegatingMethodAccessorImpl.invoke|java.lang.reflect.Method.invoke|junit.framework.TestCase.runTest|junit.framework.TestCase.runBare|junit.framework.TestResult$1.protect	112
c668	FT	1	com.alibaba.json.bvt.parser.TypeUtilsTest4#test_ParameterizedType2	PASS				312
c668	FT	2	com.alibaba.json.bvt.parser.DefaultExtJSONParser_parseArray#test_7	FAIL	java.lang.AssertionError	expected:<Sun Jan 09 05:49:53 UTC 2011> but was:<Sun Jan 09 13:49:53 UTC 2011>	org.junit.Assert.fail|org.junit.Assert.failNotEquals|org.junit.Assert.assertEquals|org.junit.Assert.assertEquals|com.alibaba.json.bvt.parser.DefaultExtJSONParser_parseArray.test_7|sun.reflect.NativeMethodAccessorImpl.invoke0|sun.reflect.NativeMethodAccessorImpl.invoke|sun.reflect.DelegatingMethodAccessorImpl.invoke|java.lang.reflect.Method.invoke|junit.framework.TestCase.runTest|junit.framework.TestCase.runBare|junit.framework.TestResult$1.protect	116
c669	FT	1	com.alibaba.json.bvt.parser.TypeUtilsTest4#test_ParameterizedType_error	PASS				315
c669	FT	2	com.alibaba.json.bvt.parser.DefaultExtJSONParser_parseArray#test_7	FAIL	java.lang.AssertionError	expected:<Sun Jan 09 05:49:53 UTC 2011> but was:<Sun Jan 09 13:49:53 UTC 2011>	org.junit.Assert.fail|org.junit.Assert.failNotEquals|org.junit.Assert.assertEquals|org.junit.Assert.assertEquals|com.alibaba.json.bvt.parser.DefaultExtJSONParser_parseArray.test_7|sun.reflect.NativeMethodAccessorImpl.invoke0|sun.reflect.NativeMethodAccessorImpl.invoke|sun.reflect.DelegatingMethodAccessorImpl.invoke|java.lang.reflect.Method.invoke|junit.framework.TestCase.runTest|junit.framework.TestCase.runBare|junit.framework.TestResult$1.protect	19
c670	FT	1	com.alibaba.json.bvt.parser.TypeUtilsTest4#test_array	PASS				353
c670	FT	2	com.alibaba.json.bvt.parser.DefaultExtJSONParser_parseArray#test_7	FAIL	java.lang.AssertionError	expected:<Sun Jan 09 05:49:53 UTC 2011> but was:<Sun Jan 09 13:49:53 UTC 2011>	org.junit.Assert.fail|org.junit.Assert.failNotEquals|org.junit.Assert.assertEquals|org.junit.Assert.assertEquals|com.alibaba.json.bvt.parser.DefaultExtJSONParser_parseArray.test_7|sun.reflect.NativeMethodAccessorImpl.invoke0|sun.reflect.NativeMethodAccessorImpl.invoke|sun.reflect.DelegatingMethodAccessorImpl.invoke|java.lang.reflect.Method.invoke|junit.framework.TestCase.runTest|junit.framework.TestCase.runBare|junit.framework.TestResult$1.protect	111
c671	FT	1	com.alibaba.json.bvt.parser.TypeUtilsTest4#test_error	PASS				374
c671	FT	2	com.alibaba.json.bvt.parser.DefaultExtJSONParser_parseArray#test_7	FAIL	java.lang.AssertionError	expected:<Sun Jan 09 05:49:53 UTC 2011> but was:<Sun Jan 09 13:49:53 UTC 2011>	org.junit.Assert.fail|org.junit.Assert.failNotEquals|org.junit.Assert.assertEquals|org.junit.Assert.assertEquals|com.alibaba.json.bvt.parser.DefaultExtJSONParser_parseArray.test_7|sun.reflect.NativeMethodAccessorImpl.invoke0|sun.reflect.NativeMethodAccessorImpl.invoke|sun.reflect.DelegatingMethodAccessorImpl.invoke|java.lang.reflect.Method.invoke|junit.framework.TestCase.runTest|junit.framework.TestCase.runBare|junit.framework.TestResult$1.protect	84
c672	FT	1	com.alibaba.json.bvt.parser.TypeUtilsTest4#test_error_2	PASS				291
c672	FT	2	com.alibaba.json.bvt.parser.DefaultExtJSONParser_parseArray#test_7	FAIL	java.lang.AssertionError	expected:<Sun Jan 09 05:49:53 UTC 2011> but was:<Sun Jan 09 13:49:53 UTC 2011>	org.junit.Assert.fail|org.junit.Assert.failNotEquals|org.junit.Assert.assertEquals|org.junit.Assert.assertEquals|com.alibaba.json.bvt.parser.DefaultExtJSONParser_parseArray.test_7|sun.reflect.NativeMethodAccessorImpl.invoke0|sun.reflect.NativeMethodAccessorImpl.invoke|sun.reflect.DelegatingMethodAccessorImpl.invoke|java.lang.reflect.Method.invoke|junit.framework.TestCase.runTest|junit.framework.TestCase.runBare|junit.framework.TestResult$1.protect	106
c673	FT	1	com.alibaba.json.bvt.parser.TypeUtilsTest4#test_exception	PASS				510
c673	FT	2	com.alibaba.json.bvt.parser.DefaultExtJSONParser_parseArray#test_7	FAIL	java.lang.AssertionError	expected:<Sun Jan 09 05:49:53 UTC 2011> but was:<Sun Jan 09 13:49:53 UTC 2011>	org.junit.Assert.fail|org.junit.Assert.failNotEquals|org.junit.Assert.assertEquals|org.junit.Assert.assertEquals|com.alibaba.json.bvt.parser.DefaultExtJSONParser_parseArray.test_7|sun.reflect.NativeMethodAccessorImpl.invoke0|sun.reflect.NativeMethodAccessorImpl.invoke|sun.reflect.DelegatingMethodAccessorImpl.invoke|java.lang.reflect.Method.invoke|junit.framework.TestCase.runTest|junit.framework.TestCase.runBare|junit.framework.TestResult$1.protect	19
c674	FT	1	com.alibaba.json.bvt.parser.TypeUtilsTest_cast#test_castToDate_error	PASS				356
c674	FT	2	com.alibaba.json.bvt.parser.DefaultExtJSONParser_parseArray#test_7	FAIL	java.lang.AssertionError	expected:<Sun Jan 09 05:49:53 UTC 2011> but was:<Sun Jan 09 13:49:53 UTC 2011>	org.junit.Assert.fail|org.junit.Assert.failNotEquals|org.junit.Assert.assertEquals|org.junit.Assert.assertEquals|com.alibaba.json.bvt.parser.DefaultExtJSONParser_parseArray.test_7|sun.reflect.NativeMethodAccessorImpl.invoke0|sun.reflect.NativeMethodAccessorImpl.invoke|sun.reflect.DelegatingMethodAccessorImpl.invoke|java.lang.reflect.Method.invoke|junit.framework.TestCase.runTest|junit.framework.TestCase.runBare|junit.framework.TestResult$1.protect	91
c675	FT	1	com.alibaba.json.bvt.parser.TypeUtilsTest_cast#test_castToDate_error_nullClass	PASS				321
c675	FT	2	com.alibaba.json.bvt.parser.DefaultExtJSONParser_parseArray#test_7	FAIL	java.lang.AssertionError	expected:<Sun Jan 09 05:49:53 UTC 2011> but was:<Sun Jan 09 13:49:53 UTC 2011>	org.junit.Assert.fail|org.junit.Assert.failNotEquals|org.junit.Assert.assertEquals|org.junit.Assert.assertEquals|com.alibaba.json.bvt.parser.DefaultExtJSONParser_parseArray.test_7|sun.reflect.NativeMethodAccessorImpl.invoke0|sun.reflect.NativeMethodAccessorImpl.invoke|sun.reflect.DelegatingMethodAccessorImpl.invoke|java.lang.reflect.Method.invoke|junit.framework.TestCase.runTest|junit.framework.TestCase.runBare|junit.framework.TestResult$1.protect	92
c676	FT	1	com.alibaba.json.bvt.parser.TypeUtilsTest_cast#test_cast_0	PASS				322
c676	FT	2	com.alibaba.json.bvt.parser.DefaultExtJSONParser_parseArray#test_7	FAIL	java.lang.AssertionError	expected:<Sun Jan 09 05:49:53 UTC 2011> but was:<Sun Jan 09 13:49:53 UTC 2011>	org.junit.Assert.fail|org.junit.Assert.failNotEquals|org.junit.Assert.assertEquals|org.junit.Assert.assertEquals|com.alibaba.json.bvt.parser.DefaultExtJSONParser_parseArray.test_7|sun.reflect.NativeMethodAccessorImpl.invoke0|sun.reflect.NativeMethodAccessorImpl.invoke|sun.reflect.DelegatingMethodAccessorImpl.invoke|java.lang.reflect.Method.invoke|junit.framework.TestCase.runTest|junit.framework.TestCase.runBare|junit.framework.TestResult$1.protect	84
c677	FT	1	com.alibaba.json.bvt.parser.TypeUtilsTest_cast#test_cast_1	PASS				312
c677	FT	2	com.alibaba.json.bvt.parser.DefaultExtJSONParser_parseArray#test_7	FAIL	java.lang.AssertionError	expected:<Sun Jan 09 05:49:53 UTC 2011> but was:<Sun Jan 09 13:49:53 UTC 2011>	org.junit.Assert.fail|org.junit.Assert.failNotEquals|org.junit.Assert.assertEquals|org.junit.Assert.assertEquals|com.alibaba.json.bvt.parser.DefaultExtJSONParser_parseArray.test_7|sun.reflect.NativeMethodAccessorImpl.invoke0|sun.reflect.NativeMethodAccessorImpl.invoke|sun.reflect.DelegatingMethodAccessorImpl.invoke|java.lang.reflect.Method.invoke|junit.framework.TestCase.runTest|junit.framework.TestCase.runBare|junit.framework.TestResult$1.protect	76
c678	FT	1	com.alibaba.json.bvt.parser.TypeUtilsTest_castToBytes#test_castToDate	PASS				257
c678	FT	2	com.alibaba.json.bvt.parser.DefaultExtJSONParser_parseArray#test_7	FAIL	java.lang.AssertionError	expected:<Sun Jan 09 05:49:53 UTC 2011> but was:<Sun Jan 09 13:49:53 UTC 2011>	org.junit.Assert.fail|org.junit.Assert.failNotEquals|org.junit.Assert.assertEquals|org.junit.Assert.assertEquals|com.alibaba.json.bvt.parser.DefaultExtJSONParser_parseArray.test_7|sun.reflect.NativeMethodAccessorImpl.invoke0|sun.reflect.NativeMethodAccessorImpl.invoke|sun.reflect.DelegatingMethodAccessorImpl.invoke|java.lang.reflect.Method.invoke|junit.framework.TestCase.runTest|junit.framework.TestCase.runBare|junit.framework.TestResult$1.protect	81
c679	FT	1	com.alibaba.json.bvt.parser.TypeUtilsTest_castToBytes#test_castToDate_error	PASS				291
c679	FT	2	com.alibaba.json.bvt.parser.DefaultExtJSONParser_parseArray#test_7	FAIL	java.lang.AssertionError	expected:<Sun Jan 09 05:49:53 UTC 2011> but was:<Sun Jan 09 13:49:53 UTC 2011>	org.junit.Assert.fail|org.junit.Assert.failNotEquals|org.junit.Assert.assertEquals|org.junit.Assert.assertEquals|com.alibaba.json.bvt.parser.DefaultExtJSONParser_parseArray.test_7|sun.reflect.NativeMethodAccessorImpl.invoke0|sun.reflect.NativeMethodAccessorImpl.invoke|sun.reflect.DelegatingMethodAccessorImpl.invoke|java.lang.reflect.Method.invoke|junit.framework.TestCase.runTest|junit.framework.TestCase.runBare|junit.framework.TestResult$1.protect	64
c680	FT	1	com.alibaba.json.bvt.parser.TypeUtilsTest_castToDate#test_castToDate	PASS				356
c680	FT	2	com.alibaba.json.bvt.parser.DefaultExtJSONParser_parseArray#test_7	PASS				58
c681	FT	1	com.alibaba.json.bvt.parser.TypeUtilsTest_castToDate#test_castToDate_error	PASS				378
c681	FT	2	com.alibaba.json.bvt.parser.DefaultExtJSONParser_parseArray#test_7	PASS				70
c682	FT	1	com.alibaba.json.bvt.parser.TypeUtilsTest_castToDate#test_castToDate_negative	PASS				299
c682	FT	2	com.alibaba.json.bvt.parser.DefaultExtJSONParser_parseArray#test_7	PASS				77
c683	FT	1	com.alibaba.json.bvt.parser.TypeUtilsTest_castToDate#test_castToDate_zero	PASS				369
c683	FT	2	com.alibaba.json.bvt.parser.DefaultExtJSONParser_parseArray#test_7	PASS				44
c684	FT	1	com.alibaba.json.bvt.parser.TypeUtilsTest_castToJavaBean#test_bean	PASS				411
c684	FT	2	com.alibaba.json.bvt.parser.DefaultExtJSONParser_parseArray#test_7	FAIL	java.lang.AssertionError	expected:<Sun Jan 09 05:49:53 UTC 2011> but was:<Sun Jan 09 13:49:53 UTC 2011>	org.junit.Assert.fail|org.junit.Assert.failNotEquals|org.junit.Assert.assertEquals|org.junit.Assert.assertEquals|com.alibaba.json.bvt.parser.DefaultExtJSONParser_parseArray.test_7|sun.reflect.NativeMethodAccessorImpl.invoke0|sun.reflect.NativeMethodAccessorImpl.invoke|sun.reflect.DelegatingMethodAccessorImpl.invoke|java.lang.reflect.Method.invoke|junit.framework.TestCase.runTest|junit.framework.TestCase.runBare|junit.framework.TestResult$1.protect	44
c685	FT	1	com.alibaba.json.bvt.parser.TypeUtilsTest_castToJavaBean#test_bean_2	PASS				436
c685	FT	2	com.alibaba.json.bvt.parser.DefaultExtJSONParser_parseArray#test_7	FAIL	java.lang.AssertionError	expected:<Sun Jan 09 05:49:53 UTC 2011> but was:<Sun Jan 09 13:49:53 UTC 2011>	org.junit.Assert.fail|org.junit.Assert.failNotEquals|org.junit.Assert.assertEquals|org.junit.Assert.assertEquals|com.alibaba.json.bvt.parser.DefaultExtJSONParser_parseArray.test_7|sun.reflect.NativeMethodAccessorImpl.invoke0|sun.reflect.NativeMethodAccessorImpl.invoke|sun.reflect.DelegatingMethodAccessorImpl.invoke|java.lang.reflect.Method.invoke|junit.framework.TestCase.runTest|junit.framework.TestCase.runBare|junit.framework.TestResult$1.protect	42
c686	FT	1	com.alibaba.json.bvt.parser.TypeUtilsTest_castToJavaBean#test_bean_3	PASS				465
c686	FT	2	com.alibaba.json.bvt.parser.DefaultExtJSONParser_parseArray#test_7	FAIL	java.lang.AssertionError	expected:<Sun Jan 09 05:49:53 UTC 2011> but was:<Sun Jan 09 13:49:53 UTC 2011>	org.junit.Assert.fail|org.junit.Assert.failNotEquals|org.junit.Assert.assertEquals|org.junit.Assert.assertEquals|com.alibaba.json.bvt.parser.DefaultExtJSONParser_parseArray.test_7|sun.reflect.NativeMethodAccessorImpl.invoke0|sun.reflect.NativeMethodAccessorImpl.invoke|sun.reflect.DelegatingMethodAccessorImpl.invoke|java.lang.reflect.Method.invoke|junit.framework.TestCase.runTest|junit.framework.TestCase.runBare|junit.framework.TestResult$1.protect	50
c687	FT	1	com.alibaba.json.bvt.parser.TypeUtilsTest_castToJavaBean#test_castToJavaBean_StackTraceElement	PASS				414
c687	FT	2	com.alibaba.json.bvt.parser.DefaultExtJSONParser_parseArray#test_7	FAIL	java.lang.AssertionError	expected:<Sun Jan 09 05:49:53 UTC 2011> but was:<Sun Jan 09 13:49:53 UTC 2011>	org.junit.Assert.fail|org.junit.Assert.failNotEquals|org.junit.Assert.assertEquals|org.junit.Assert.assertEquals|com.alibaba.json.bvt.parser.DefaultExtJSONParser_parseArray.test_7|sun.reflect.NativeMethodAccessorImpl.invoke0|sun.reflect.NativeMethodAccessorImpl.invoke|sun.reflect.DelegatingMethodAccessorImpl.invoke|java.lang.reflect.Method.invoke|junit.framework.TestCase.runTest|junit.framework.TestCase.runBare|junit.framework.TestResult$1.protect	28
c688	FT	1	com.alibaba.json.bvt.parser.TypeUtilsTest_castToJavaBean#test_castToJavaBean_StackTraceElement_1	PASS				339
c688	FT	2	com.alibaba.json.bvt.parser.DefaultExtJSONParser_parseArray#test_7	FAIL	java.lang.AssertionError	expected:<Sun Jan 09 05:49:53 UTC 2011> but was:<Sun Jan 09 13:49:53 UTC 2011>	org.junit.Assert.fail|org.junit.Assert.failNotEquals|org.junit.Assert.assertEquals|org.junit.Assert.assertEquals|com.alibaba.json.bvt.parser.DefaultExtJSONParser_parseArray.test_7|sun.reflect.NativeMethodAccessorImpl.invoke0|sun.reflect.NativeMethodAccessorImpl.invoke|sun.reflect.DelegatingMethodAccessorImpl.invoke|java.lang.reflect.Method.invoke|junit.framework.TestCase.runTest|junit.framework.TestCase.runBare|junit.framework.TestResult$1.protect	29
c689	FT	1	com.alibaba.json.bvt.parser.TypeUtilsTest_castToJavaBean#test_castToJavaBean_type	PASS				297
c689	FT	2	com.alibaba.json.bvt.parser.DefaultExtJSONParser_parseArray#test_7	FAIL	java.lang.AssertionError	expected:<Sun Jan 09 05:49:53 UTC 2011> but was:<Sun Jan 09 13:49:53 UTC 2011>	org.junit.Assert.fail|org.junit.Assert.failNotEquals|org.junit.Assert.assertEquals|org.junit.Assert.assertEquals|com.alibaba.json.bvt.parser.DefaultExtJSONParser_parseArray.test_7|sun.reflect.NativeMethodAccessorImpl.invoke0|sun.reflect.NativeMethodAccessorImpl.invoke|sun.reflect.DelegatingMethodAccessorImpl.invoke|java.lang.reflect.Method.invoke|junit.framework.TestCase.runTest|junit.framework.TestCase.runBare|junit.framework.TestResult$1.protect	31
c690	FT	1	com.alibaba.json.bvt.parser.TypeUtilsTest_castToJavaBean#test_error	PASS				295
c690	FT	2	com.alibaba.json.bvt.parser.DefaultExtJSONParser_parseArray#test_7	FAIL	java.lang.AssertionError	expected:<Sun Jan 09 05:49:53 UTC 2011> but was:<Sun Jan 09 13:49:53 UTC 2011>	org.junit.Assert.fail|org.junit.Assert.failNotEquals|org.junit.Assert.assertEquals|org.junit.Assert.assertEquals|com.alibaba.json.bvt.parser.DefaultExtJSONParser_parseArray.test_7|sun.reflect.NativeMethodAccessorImpl.invoke0|sun.reflect.NativeMethodAccessorImpl.invoke|sun.reflect.DelegatingMethodAccessorImpl.invoke|java.lang.reflect.Method.invoke|junit.framework.TestCase.runTest|junit.framework.TestCase.runBare|junit.framework.TestResult$1.protect	56
c691	FT	1	com.alibaba.json.bvt.parser.TypeUtilsTest_castToJavaBean#test_error2	PASS				391
c691	FT	2	com.alibaba.json.bvt.parser.DefaultExtJSONParser_parseArray#test_7	FAIL	java.lang.AssertionError	expected:<Sun Jan 09 05:49:53 UTC 2011> but was:<Sun Jan 09 13:49:53 UTC 2011>	org.junit.Assert.fail|org.junit.Assert.failNotEquals|org.junit.Assert.assertEquals|org.junit.Assert.assertEquals|com.alibaba.json.bvt.parser.DefaultExtJSONParser_parseArray.test_7|sun.reflect.NativeMethodAccessorImpl.invoke0|sun.reflect.NativeMethodAccessorImpl.invoke|sun.reflect.DelegatingMethodAccessorImpl.invoke|java.lang.reflect.Method.invoke|junit.framework.TestCase.runTest|junit.framework.TestCase.runBare|junit.framework.TestResult$1.protect	45
c692	FT	1	com.alibaba.json.bvt.parser.TypeUtilsTest_castToJavaBean#test_interface	PASS				373
c692	FT	2	com.alibaba.json.bvt.parser.DefaultExtJSONParser_parseArray#test_7	FAIL	java.lang.AssertionError	expected:<Sun Jan 09 05:49:53 UTC 2011> but was:<Sun Jan 09 13:49:53 UTC 2011>	org.junit.Assert.fail|org.junit.Assert.failNotEquals|org.junit.Assert.assertEquals|org.junit.Assert.assertEquals|com.alibaba.json.bvt.parser.DefaultExtJSONParser_parseArray.test_7|sun.reflect.NativeMethodAccessorImpl.invoke0|sun.reflect.NativeMethodAccessorImpl.invoke|sun.reflect.DelegatingMethodAccessorImpl.invoke|java.lang.reflect.Method.invoke|junit.framework.TestCase.runTest|junit.framework.TestCase.runBare|junit.framework.TestResult$1.protect	44
c693	FT	1	com.alibaba.json.bvt.parser.TypeUtilsTest_castToJavaBean#test_loadClass	PASS				406
c693	FT	2	com.alibaba.json.bvt.parser.DefaultExtJSONParser_parseArray#test_7	FAIL	java.lang.AssertionError	expected:<Sun Jan 09 05:49:53 UTC 2011> but was:<Sun Jan 09 13:49:53 UTC 2011>	org.junit.Assert.fail|org.junit.Assert.failNotEquals|org.junit.Assert.assertEquals|org.junit.Assert.assertEquals|com.alibaba.json.bvt.parser.DefaultExtJSONParser_parseArray.test_7|sun.reflect.NativeMethodAccessorImpl.invoke0|sun.reflect.NativeMethodAccessorImpl.invoke|sun.reflect.DelegatingMethodAccessorImpl.invoke|java.lang.reflect.Method.invoke|junit.framework.TestCase.runTest|junit.framework.TestCase.runBare|junit.framework.TestResult$1.protect	34
c694	FT	1	com.alibaba.json.bvt.parser.TypeUtilsTest_castToJavaBean#test_loadClass_1	PASS				432
c694	FT	2	com.alibaba.json.bvt.parser.DefaultExtJSONParser_parseArray#test_7	FAIL	java.lang.AssertionError	expected:<Sun Jan 09 05:49:53 UTC 2011> but was:<Sun Jan 09 13:49:53 UTC 2011>	org.junit.Assert.fail|org.junit.Assert.failNotEquals|org.junit.Assert.assertEquals|org.junit.Assert.assertEquals|com.alibaba.json.bvt.parser.DefaultExtJSONParser_parseArray.test_7|sun.reflect.NativeMethodAccessorImpl.invoke0|sun.reflect.NativeMethodAccessorImpl.invoke|sun.reflect.DelegatingMethodAccessorImpl.invoke|java.lang.reflect.Method.invoke|junit.framework.TestCase.runTest|junit.framework.TestCase.runBare|junit.framework.TestResult$1.protect	41
c695	FT	1	com.alibaba.json.bvt.parser.TypeUtilsTest_castToJavaBean#test_loadClass_2	PASS				354
c695	FT	2	com.alibaba.json.bvt.parser.DefaultExtJSONParser_parseArray#test_7	FAIL	java.lang.AssertionError	expected:<Sun Jan 09 05:49:53 UTC 2011> but was:<Sun Jan 09 13:49:53 UTC 2011>	org.junit.Assert.fail|org.junit.Assert.failNotEquals|org.junit.Assert.assertEquals|org.junit.Assert.assertEquals|com.alibaba.json.bvt.parser.DefaultExtJSONParser_parseArray.test_7|sun.reflect.NativeMethodAccessorImpl.invoke0|sun.reflect.NativeMethodAccessorImpl.invoke|sun.reflect.DelegatingMethodAccessorImpl.invoke|java.lang.reflect.Method.invoke|junit.framework.TestCase.runTest|junit.framework.TestCase.runBare|junit.framework.TestResult$1.protect	34
c696	FT	1	com.alibaba.json.bvt.parser.TypeUtilsTest_castToJavaBean#test_mapping	PASS				301
c696	FT	2	com.alibaba.json.bvt.parser.DefaultExtJSONParser_parseArray#test_7	FAIL	java.lang.AssertionError	expected:<Sun Jan 09 05:49:53 UTC 2011> but was:<Sun Jan 09 13:49:53 UTC 2011>	org.junit.Assert.fail|org.junit.Assert.failNotEquals|org.junit.Assert.assertEquals|org.junit.Assert.assertEquals|com.alibaba.json.bvt.parser.DefaultExtJSONParser_parseArray.test_7|sun.reflect.NativeMethodAccessorImpl.invoke0|sun.reflect.NativeMethodAccessorImpl.invoke|sun.reflect.DelegatingMethodAccessorImpl.invoke|java.lang.reflect.Method.invoke|junit.framework.TestCase.runTest|junit.framework.TestCase.runBare|junit.framework.TestResult$1.protect	26
c697	FT	1	com.alibaba.json.bvt.parser.TypeUtilsTest_castToJavaBean_JSONType#test_castToJavaBean	PASS				451
c697	FT	2	com.alibaba.json.bvt.parser.DefaultExtJSONParser_parseArray#test_7	FAIL	java.lang.AssertionError	expected:<Sun Jan 09 05:49:53 UTC 2011> but was:<Sun Jan 09 13:49:53 UTC 2011>	org.junit.Assert.fail|org.junit.Assert.failNotEquals|org.junit.Assert.assertEquals|org.junit.Assert.assertEquals|com.alibaba.json.bvt.parser.DefaultExtJSONParser_parseArray.test_7|sun.reflect.NativeMethodAccessorImpl.invoke0|sun.reflect.NativeMethodAccessorImpl.invoke|sun.reflect.DelegatingMethodAccessorImpl.invoke|java.lang.reflect.Method.invoke|junit.framework.TestCase.runTest|junit.framework.TestCase.runBare|junit.framework.TestResult$1.protect	46
c698	FT	1	com.alibaba.json.bvt.parser.TypeUtilsTest_castToJavaBean_JSONType#test_castToJavaBean_v2	PASS				472
c698	FT	2	com.alibaba.json.bvt.parser.DefaultExtJSONParser_parseArray#test_7	FAIL	java.lang.AssertionError	expected:<Sun Jan 09 05:49:53 UTC 2011> but was:<Sun Jan 09 13:49:53 UTC 2011>	org.junit.Assert.fail|org.junit.Assert.failNotEquals|org.junit.Assert.assertEquals|org.junit.Assert.assertEquals|com.alibaba.json.bvt.parser.DefaultExtJSONParser_parseArray.test_7|sun.reflect.NativeMethodAccessorImpl.invoke0|sun.reflect.NativeMethodAccessorImpl.invoke|sun.reflect.DelegatingMethodAccessorImpl.invoke|java.lang.reflect.Method.invoke|junit.framework.TestCase.runTest|junit.framework.TestCase.runBare|junit.framework.TestResult$1.protect	34
c699	FT	1	com.alibaba.json.bvt.parser.TypeUtilsTest_castToJavaBean_JSONType#test_castToJavaBean_v3	PASS				341
c699	FT	2	com.alibaba.json.bvt.parser.DefaultExtJSONParser_parseArray#test_7	FAIL	java.lang.AssertionError	expected:<Sun Jan 09 05:49:53 UTC 2011> but was:<Sun Jan 09 13:49:53 UTC 2011>	org.junit.Assert.fail|org.junit.Assert.failNotEquals|org.junit.Assert.assertEquals|org.junit.Assert.assertEquals|com.alibaba.json.bvt.parser.DefaultExtJSONParser_parseArray.test_7|sun.reflect.NativeMethodAccessorImpl.invoke0|sun.reflect.NativeMethodAccessorImpl.invoke|sun.reflect.DelegatingMethodAccessorImpl.invoke|java.lang.reflect.Method.invoke|junit.framework.TestCase.runTest|junit.framework.TestCase.runBare|junit.framework.TestResult$1.protect	23
c700	FT	1	com.alibaba.json.bvt.parser.TypeUtilsTest_compatibleWithJavaBean#test_true	PASS				485
c700	FT	2	com.alibaba.json.bvt.parser.DefaultExtJSONParser_parseArray#test_7	FAIL	java.lang.AssertionError	expected:<Sun Jan 09 05:49:53 UTC 2011> but was:<Sun Jan 09 13:49:53 UTC 2011>	org.junit.Assert.fail|org.junit.Assert.failNotEquals|org.junit.Assert.assertEquals|org.junit.Assert.assertEquals|com.alibaba.json.bvt.parser.DefaultExtJSONParser_parseArray.test_7|sun.reflect.NativeMethodAccessorImpl.invoke0|sun.reflect.NativeMethodAccessorImpl.invoke|sun.reflect.DelegatingMethodAccessorImpl.invoke|java.lang.reflect.Method.invoke|junit.framework.TestCase.runTest|junit.framework.TestCase.runBare|junit.framework.TestResult$1.protect	20
c701	FT	1	com.alibaba.json.bvt.parser.TypeUtilsTest_compatibleWithJavaBean_boolean#test_true	PASS				487
c701	FT	2	com.alibaba.json.bvt.parser.DefaultExtJSONParser_parseArray#test_7	FAIL	java.lang.AssertionError	expected:<Sun Jan 09 05:49:53 UTC 2011> but was:<Sun Jan 09 13:49:53 UTC 2011>	org.junit.Assert.fail|org.junit.Assert.failNotEquals|org.junit.Assert.assertEquals|org.junit.Assert.assertEquals|com.alibaba.json.bvt.parser.DefaultExtJSONParser_parseArray.test_7|sun.reflect.NativeMethodAccessorImpl.invoke0|sun.reflect.NativeMethodAccessorImpl.invoke|sun.reflect.DelegatingMethodAccessorImpl.invoke|java.lang.reflect.Method.invoke|junit.framework.TestCase.runTest|junit.framework.TestCase.runBare|junit.framework.TestResult$1.protect	35
c702	FT	1	com.alibaba.json.bvt.parser.TypeUtilsTest_interface#test_castToJavaBean	PASS				441
c702	FT	2	com.alibaba.json.bvt.parser.DefaultExtJSONParser_parseArray#test_7	FAIL	java.lang.AssertionError	expected:<Sun Jan 09 05:49:53 UTC 2011> but was:<Sun Jan 09 13:49:53 UTC 2011>	org.junit.Assert.fail|org.junit.Assert.failNotEquals|org.junit.Assert.assertEquals|org.junit.Assert.assertEquals|com.alibaba.json.bvt.parser.DefaultExtJSONParser_parseArray.test_7|sun.reflect.NativeMethodAccessorImpl.invoke0|sun.reflect.NativeMethodAccessorImpl.invoke|sun.reflect.DelegatingMethodAccessorImpl.invoke|java.lang.reflect.Method.invoke|junit.framework.TestCase.runTest|junit.framework.TestCase.runBare|junit.framework.TestResult$1.protect	23
c703	FT	1	com.alibaba.json.bvt.parser.TypeUtilsTest_interface#test_deser	PASS				464
c703	FT	2	com.alibaba.json.bvt.parser.DefaultExtJSONParser_parseArray#test_7	FAIL	java.lang.AssertionError	expected:<Sun Jan 09 05:49:53 UTC 2011> but was:<Sun Jan 09 13:49:53 UTC 2011>	org.junit.Assert.fail|org.junit.Assert.failNotEquals|org.junit.Assert.assertEquals|org.junit.Assert.assertEquals|com.alibaba.json.bvt.parser.DefaultExtJSONParser_parseArray.test_7|sun.reflect.NativeMethodAccessorImpl.invoke0|sun.reflect.NativeMethodAccessorImpl.invoke|sun.reflect.DelegatingMethodAccessorImpl.invoke|java.lang.reflect.Method.invoke|junit.framework.TestCase.runTest|junit.framework.TestCase.runBare|junit.framework.TestResult$1.protect	24
c704	FT	1	com.alibaba.json.bvt.parser.TypeUtilsTest_interface#test_deser2	PASS				290
c704	FT	2	com.alibaba.json.bvt.parser.DefaultExtJSONParser_parseArray#test_7	FAIL	java.lang.AssertionError	expected:<Sun Jan 09 05:49:53 UTC 2011> but was:<Sun Jan 09 13:49:53 UTC 2011>	org.junit.Assert.fail|org.junit.Assert.failNotEquals|org.junit.Assert.assertEquals|org.junit.Assert.assertEquals|com.alibaba.json.bvt.parser.DefaultExtJSONParser_parseArray.test_7|sun.reflect.NativeMethodAccessorImpl.invoke0|sun.reflect.NativeMethodAccessorImpl.invoke|sun.reflect.DelegatingMethodAccessorImpl.invoke|java.lang.reflect.Method.invoke|junit.framework.TestCase.runTest|junit.framework.TestCase.runBare|junit.framework.TestResult$1.protect	31
c705	FT	1	com.alibaba.json.bvt.parser.TypeUtilsTest_interface#test_deser2_x	PASS				332
c705	FT	2	com.alibaba.json.bvt.parser.DefaultExtJSONParser_parseArray#test_7	FAIL	java.lang.AssertionError	expected:<Sun Jan 09 05:49:53 UTC 2011> but was:<Sun Jan 09 13:49:53 UTC 2011>	org.junit.Assert.fail|org.junit.Assert.failNotEquals|org.junit.Assert.assertEquals|org.junit.Assert.assertEquals|com.alibaba.json.bvt.parser.DefaultExtJSONParser_parseArray.test_7|sun.reflect.NativeMethodAccessorImpl.invoke0|sun.reflect.NativeMethodAccessorImpl.invoke|sun.reflect.DelegatingMethodAccessorImpl.invoke|java.lang.reflect.Method.invoke|junit.framework.TestCase.runTest|junit.framework.TestCase.runBare|junit.framework.TestResult$1.protect	27
c706	FT	1	com.alibaba.json.bvt.parser.TypeUtilsTest_interface#test_parse	PASS				338
c706	FT	2	com.alibaba.json.bvt.parser.DefaultExtJSONParser_parseArray#test_7	FAIL	java.lang.AssertionError	expected:<Sun Jan 09 05:49:53 UTC 2011> but was:<Sun Jan 09 13:49:53 UTC 2011>	org.junit.Assert.fail|org.junit.Assert.failNotEquals|org.junit.Assert.assertEquals|org.junit.Assert.assertEquals|com.alibaba.json.bvt.parser.DefaultExtJSONParser_parseArray.test_7|sun.reflect.NativeMethodAccessorImpl.invoke0|sun.reflect.NativeMethodAccessorImpl.invoke|sun.reflect.DelegatingMethodAccessorImpl.invoke|java.lang.reflect.Method.invoke|junit.framework.TestCase.runTest|junit.framework.TestCase.runBare|junit.framework.TestResult$1.protect	17
c707	FT	1	com.alibaba.json.bvt.parser.TypeUtilsTest_interface#test_parse_var	PASS				320
c707	FT	2	com.alibaba.json.bvt.parser.DefaultExtJSONParser_parseArray#test_7	FAIL	java.lang.AssertionError	expected:<Sun Jan 09 05:49:53 UTC 2011> but was:<Sun Jan 09 13:49:53 UTC 2011>	org.junit.Assert.fail|org.junit.Assert.failNotEquals|org.junit.Assert.assertEquals|org.junit.Assert.assertEquals|com.alibaba.json.bvt.parser.DefaultExtJSONParser_parseArray.test_7|sun.reflect.NativeMethodAccessorImpl.invoke0|sun.reflect.NativeMethodAccessorImpl.invoke|sun.reflect.DelegatingMethodAccessorImpl.invoke|java.lang.reflect.Method.invoke|junit.framework.TestCase.runTest|junit.framework.TestCase.runBare|junit.framework.TestResult$1.protect	23
c708	FT	1	com.alibaba.json.bvt.parser.TypeUtilsTest_loadClass#test_error	PASS				364
c708	FT	2	com.alibaba.json.bvt.parser.DefaultExtJSONParser_parseArray#test_7	FAIL	java.lang.AssertionError	expected:<Sun Jan 09 05:49:53 UTC 2011> but was:<Sun Jan 09 13:49:53 UTC 2011>	org.junit.Assert.fail|org.junit.Assert.failNotEquals|org.junit.Assert.assertEquals|org.junit.Assert.assertEquals|com.alibaba.json.bvt.parser.DefaultExtJSONParser_parseArray.test_7|sun.reflect.NativeMethodAccessorImpl.invoke0|sun.reflect.NativeMethodAccessorImpl.invoke|sun.reflect.DelegatingMethodAccessorImpl.invoke|java.lang.reflect.Method.invoke|junit.framework.TestCase.runTest|junit.framework.TestCase.runBare|junit.framework.TestResult$1.protect	97
c709	FT	1	com.alibaba.json.bvt.parser.TypeUtilsTest_loadClass#test_loadClass	PASS				263
c709	FT	2	com.alibaba.json.bvt.parser.DefaultExtJSONParser_parseArray#test_7	FAIL	java.lang.AssertionError	expected:<Sun Jan 09 05:49:53 UTC 2011> but was:<Sun Jan 09 13:49:53 UTC 2011>	org.junit.Assert.fail|org.junit.Assert.failNotEquals|org.junit.Assert.assertEquals|org.junit.Assert.assertEquals|com.alibaba.json.bvt.parser.DefaultExtJSONParser_parseArray.test_7|sun.reflect.NativeMethodAccessorImpl.invoke0|sun.reflect.NativeMethodAccessorImpl.invoke|sun.reflect.DelegatingMethodAccessorImpl.invoke|java.lang.reflect.Method.invoke|junit.framework.TestCase.runTest|junit.framework.TestCase.runBare|junit.framework.TestResult$1.protect	82
c710	FT	1	com.alibaba.json.bvt.parser.TypeUtilsToJSONTest#test_0	PASS				284
c710	FT	2	com.alibaba.json.bvt.parser.DefaultExtJSONParser_parseArray#test_7	FAIL	java.lang.AssertionError	expected:<Sun Jan 09 05:49:53 UTC 2011> but was:<Sun Jan 09 13:49:53 UTC 2011>	org.junit.Assert.fail|org.junit.Assert.failNotEquals|org.junit.Assert.assertEquals|org.junit.Assert.assertEquals|com.alibaba.json.bvt.parser.DefaultExtJSONParser_parseArray.test_7|sun.reflect.NativeMethodAccessorImpl.invoke0|sun.reflect.NativeMethodAccessorImpl.invoke|sun.reflect.DelegatingMethodAccessorImpl.invoke|java.lang.reflect.Method.invoke|junit.framework.TestCase.runTest|junit.framework.TestCase.runBare|junit.framework.TestResult$1.protect	218
c711	FT	1	com.alibaba.json.bvt.parser.TypeUtilsToJSONTest#test_1	PASS				240
c711	FT	2	com.alibaba.json.bvt.parser.DefaultExtJSONParser_parseArray#test_7	FAIL	java.lang.AssertionError	expected:<Sun Jan 09 05:49:53 UTC 2011> but was:<Sun Jan 09 13:49:53 UTC 2011>	org.junit.Assert.fail|org.junit.Assert.failNotEquals|org.junit.Assert.assertEquals|org.junit.Assert.assertEquals|com.alibaba.json.bvt.parser.DefaultExtJSONParser_parseArray.test_7|sun.reflect.NativeMethodAccessorImpl.invoke0|sun.reflect.NativeMethodAccessorImpl.invoke|sun.reflect.DelegatingMethodAccessorImpl.invoke|java.lang.reflect.Method.invoke|junit.framework.TestCase.runTest|junit.framework.TestCase.runBare|junit.framework.TestResult$1.protect	183
c712	FT	1	com.alibaba.json.bvt.parser.TypeUtilsToJSONTest#test_null	PASS				252
c712	FT	2	com.alibaba.json.bvt.parser.DefaultExtJSONParser_parseArray#test_7	FAIL	java.lang.AssertionError	expected:<Sun Jan 09 05:49:53 UTC 2011> but was:<Sun Jan 09 13:49:53 UTC 2011>	org.junit.Assert.fail|org.junit.Assert.failNotEquals|org.junit.Assert.assertEquals|org.junit.Assert.assertEquals|com.alibaba.json.bvt.parser.DefaultExtJSONParser_parseArray.test_7|sun.reflect.NativeMethodAccessorImpl.invoke0|sun.reflect.NativeMethodAccessorImpl.invoke|sun.reflect.DelegatingMethodAccessorImpl.invoke|java.lang.reflect.Method.invoke|junit.framework.TestCase.runTest|junit.framework.TestCase.runBare|junit.framework.TestResult$1.protect	183
c713	FT	1	com.alibaba.json.bvt.parser.UTF8ByteArrayLexerTest_symbol#test_utf8	PASS				449
c713	FT	2	com.alibaba.json.bvt.parser.DefaultExtJSONParser_parseArray#test_7	FAIL	java.lang.AssertionError	expected:<Sun Jan 09 05:49:53 UTC 2011> but was:<Sun Jan 09 13:49:53 UTC 2011>	org.junit.Assert.fail|org.junit.Assert.failNotEquals|org.junit.Assert.assertEquals|org.junit.Assert.assertEquals|com.alibaba.json.bvt.parser.DefaultExtJSONParser_parseArray.test_7|sun.reflect.NativeMethodAccessorImpl.invoke0|sun.reflect.NativeMethodAccessorImpl.invoke|sun.reflect.DelegatingMethodAccessorImpl.invoke|java.lang.reflect.Method.invoke|junit.framework.TestCase.runTest|junit.framework.TestCase.runBare|junit.framework.TestResult$1.protect	16
c714	FT	1	com.alibaba.json.bvt.parser.UTF8ByteArrayParseTest#test_utf8	PASS				411
c714	FT	2	com.alibaba.json.bvt.parser.DefaultExtJSONParser_parseArray#test_7	FAIL	java.lang.AssertionError	expected:<Sun Jan 09 05:49:53 UTC 2011> but was:<Sun Jan 09 13:49:53 UTC 2011>	org.junit.Assert.fail|org.junit.Assert.failNotEquals|org.junit.Assert.assertEquals|org.junit.Assert.assertEquals|com.alibaba.json.bvt.parser.DefaultExtJSONParser_parseArray.test_7|sun.reflect.NativeMethodAccessorImpl.invoke0|sun.reflect.NativeMethodAccessorImpl.invoke|sun.reflect.DelegatingMethodAccessorImpl.invoke|java.lang.reflect.Method.invoke|junit.framework.TestCase.runTest|junit.framework.TestCase.runBare|junit.framework.TestResult$1.protect	21
c715	FT	1	com.alibaba.json.bvt.parser.UnquoteNameTest#test_obj	PASS				374
c715	FT	2	com.alibaba.json.bvt.parser.DefaultExtJSONParser_parseArray#test_7	FAIL	java.lang.AssertionError	expected:<Sun Jan 09 05:49:53 UTC 2011> but was:<Sun Jan 09 13:49:53 UTC 2011>	org.junit.Assert.fail|org.junit.Assert.failNotEquals|org.junit.Assert.assertEquals|org.junit.Assert.assertEquals|com.alibaba.json.bvt.parser.DefaultExtJSONParser_parseArray.test_7|sun.reflect.NativeMethodAccessorImpl.invoke0|sun.reflect.NativeMethodAccessorImpl.invoke|sun.reflect.DelegatingMethodAccessorImpl.invoke|java.lang.reflect.Method.invoke|junit.framework.TestCase.runTest|junit.framework.TestCase.runBare|junit.framework.TestResult$1.protect	24
c716	FT	1	com.alibaba.json.bvt.parser.UnquoteNameTest#test_obj_1	PASS				367
c716	FT	2	com.alibaba.json.bvt.parser.DefaultExtJSONParser_parseArray#test_7	FAIL	java.lang.AssertionError	expected:<Sun Jan 09 05:49:53 UTC 2011> but was:<Sun Jan 09 13:49:53 UTC 2011>	org.junit.Assert.fail|org.junit.Assert.failNotEquals|org.junit.Assert.assertEquals|org.junit.Assert.assertEquals|com.alibaba.json.bvt.parser.DefaultExtJSONParser_parseArray.test_7|sun.reflect.NativeMethodAccessorImpl.invoke0|sun.reflect.NativeMethodAccessorImpl.invoke|sun.reflect.DelegatingMethodAccessorImpl.invoke|java.lang.reflect.Method.invoke|junit.framework.TestCase.runTest|junit.framework.TestCase.runBare|junit.framework.TestResult$1.protect	27
c717	FT	1	com.alibaba.json.bvt.parser.UnquoteNameTest#test_unquote	PASS				353
c717	FT	2	com.alibaba.json.bvt.parser.DefaultExtJSONParser_parseArray#test_7	FAIL	java.lang.AssertionError	expected:<Sun Jan 09 05:49:53 UTC 2011> but was:<Sun Jan 09 13:49:53 UTC 2011>	org.junit.Assert.fail|org.junit.Assert.failNotEquals|org.junit.Assert.assertEquals|org.junit.Assert.assertEquals|com.alibaba.json.bvt.parser.DefaultExtJSONParser_parseArray.test_7|sun.reflect.NativeMethodAccessorImpl.invoke0|sun.reflect.NativeMethodAccessorImpl.invoke|sun.reflect.DelegatingMethodAccessorImpl.invoke|java.lang.reflect.Method.invoke|junit.framework.TestCase.runTest|junit.framework.TestCase.runBare|junit.framework.TestResult$1.protect	24
c718	FT	1	com.alibaba.json.bvt.parser.UnquoteNameTest#test_unquote_parse	PASS				473
c718	FT	2	com.alibaba.json.bvt.parser.DefaultExtJSONParser_parseArray#test_7	FAIL	java.lang.AssertionError	expected:<Sun Jan 09 05:49:53 UTC 2011> but was:<Sun Jan 09 13:49:53 UTC 2011>	org.junit.Assert.fail|org.junit.Assert.failNotEquals|org.junit.Assert.assertEquals|org.junit.Assert.assertEquals|com.alibaba.json.bvt.parser.DefaultExtJSONParser_parseArray.test_7|sun.reflect.NativeMethodAccessorImpl.invoke0|sun.reflect.NativeMethodAccessorImpl.invoke|sun.reflect.DelegatingMethodAccessorImpl.invoke|java.lang.reflect.Method.invoke|junit.framework.TestCase.runTest|junit.framework.TestCase.runBare|junit.framework.TestResult$1.protect	16
c719	FT	1	com.alibaba.json.bvt.parser.UnquoteNameTest#test_unquote_parse_1	PASS				431
c719	FT	2	com.alibaba.json.bvt.parser.DefaultExtJSONParser_parseArray#test_7	FAIL	java.lang.AssertionError	expected:<Sun Jan 09 05:49:53 UTC 2011> but was:<Sun Jan 09 13:49:53 UTC 2011>	org.junit.Assert.fail|org.junit.Assert.failNotEquals|org.junit.Assert.assertEquals|org.junit.Assert.assertEquals|com.alibaba.json.bvt.parser.DefaultExtJSONParser_parseArray.test_7|sun.reflect.NativeMethodAccessorImpl.invoke0|sun.reflect.NativeMethodAccessorImpl.invoke|sun.reflect.DelegatingMethodAccessorImpl.invoke|java.lang.reflect.Method.invoke|junit.framework.TestCase.runTest|junit.framework.TestCase.runBare|junit.framework.TestResult$1.protect	37
c720	FT	1	com.alibaba.json.bvt.parser.UnquoteNameTest#test_unquote_reader	PASS				430
c720	FT	2	com.alibaba.json.bvt.parser.DefaultExtJSONParser_parseArray#test_7	FAIL	java.lang.AssertionError	expected:<Sun Jan 09 05:49:53 UTC 2011> but was:<Sun Jan 09 13:49:53 UTC 2011>	org.junit.Assert.fail|org.junit.Assert.failNotEquals|org.junit.Assert.assertEquals|org.junit.Assert.assertEquals|com.alibaba.json.bvt.parser.DefaultExtJSONParser_parseArray.test_7|sun.reflect.NativeMethodAccessorImpl.invoke0|sun.reflect.NativeMethodAccessorImpl.invoke|sun.reflect.DelegatingMethodAccessorImpl.invoke|java.lang.reflect.Method.invoke|junit.framework.TestCase.runTest|junit.framework.TestCase.runBare|junit.framework.TestResult$1.protect	19
c721	FT	1	com.alibaba.json.bvt.parser.UnquoteNameTest#test_unquote_reader_parse	PASS				418
c721	FT	2	com.alibaba.json.bvt.parser.DefaultExtJSONParser_parseArray#test_7	FAIL	java.lang.AssertionError	expected:<Sun Jan 09 05:49:53 UTC 2011> but was:<Sun Jan 09 13:49:53 UTC 2011>	org.junit.Assert.fail|org.junit.Assert.failNotEquals|org.junit.Assert.assertEquals|org.junit.Assert.assertEquals|com.alibaba.json.bvt.parser.DefaultExtJSONParser_parseArray.test_7|sun.reflect.NativeMethodAccessorImpl.invoke0|sun.reflect.NativeMethodAccessorImpl.invoke|sun.reflect.DelegatingMethodAccessorImpl.invoke|java.lang.reflect.Method.invoke|junit.framework.TestCase.runTest|junit.framework.TestCase.runBare|junit.framework.TestResult$1.protect	34
