c0	FT	1	com.j256.ormlite.dao.BaseDaoImplTest#testAnotherConstructor	PASS				410
c0	FT	2	com.j256.ormlite.dao.RuntimeExceptionDaoTest#testAssignEmptyForeignCollectionThrow	PASS				67
c1	2026-09-04 10:29:28,446 [INFO] TableUtils dropping table 'foo'
c1	2026-09-04 10:29:28,786 [INFO] TableUtils ignoring drop error 'org.h2.jdbc.JdbcSQLSyntaxErrorException: Table "FOO" not found; SQL statement:
c1	DROP TABLE `foo`  [42102-200]' for statement: DROP TABLE `foo` 
c1	2026-09-04 10:29:28,786 [INFO] TableUtils creating table 'foo'
c1	2026-09-04 10:29:28,827 [INFO] TableUtils executed create table statement changed 0 rows: CREATE TABLE `foo` (`id` INTEGER AUTO_INCREMENT , `val` INTEGER , `equal` INTEGER , `string` VARCHAR(255) , PRIMARY KEY (`id`) ) 
c1	2026-09-04 10:29:28,863 [DEBUG] BaseMappedStatement insert data with statement 'INSERT INTO `foo` (`val` ,`equal` ,`string` ) VALUES (?,?,?)' and 3 args, changed 1 rows
c1	2026-09-04 10:29:28,863 [TRACE] BaseMappedStatement insert arguments: [0, 0, null]
c1	2026-09-04 10:29:28,863 [DEBUG] BaseMappedStatement assigned id '1' from keyholder to 'id' in Foo object
c1	2026-09-04 10:29:28,871 [DEBUG] BaseMappedStatement prepared statement 'SELECT * FROM `foo`' with 0 args
c1	2026-09-04 10:29:28,875 [DEBUG] StatementExecutor query of 'SELECT * FROM `foo`' with 0 args returned 1 results
c1	2026-09-04 10:29:28,877 [INFO] TableUtils dropping table 'foo'
c1	2026-09-04 10:29:28,879 [INFO] TableUtils ignoring drop error 'org.h2.jdbc.JdbcSQLSyntaxErrorException: Table "FOO" not found; SQL statement:
c1	DROP TABLE `foo`  [42102-200]' for statement: DROP TABLE `foo` 
c1	2026-09-04 10:29:28,879 [INFO] TableUtils creating table 'foo'
c1	2026-09-04 10:29:28,881 [INFO] TableUtils executed create table statement changed 0 rows: CREATE TABLE `foo` (`id` INTEGER AUTO_INCREMENT , `val` INTEGER , `equal` INTEGER , `string` VARCHAR(255) , PRIMARY KEY (`id`) ) 
c1	2026-09-04 10:29:28,881 [DEBUG] BaseMappedStatement prepared statement 'SELECT * FROM `foo`' with 0 args
c1	2026-09-04 10:29:28,883 [DEBUG] StatementExecutor query of 'SELECT * FROM `foo`' with 0 args returned 0 results
c1	FT	1	com.j256.ormlite.dao.BaseDaoImplTest#testAutoCommitClose	PASS				898
c1	FT	2	com.j256.ormlite.dao.RuntimeExceptionDaoTest#testAssignEmptyForeignCollectionThrow	PASS				53
c2	FT	1	com.j256.ormlite.dao.BaseDaoImplTest#testBadConnectionSource	PASS				457
c2	FT	2	com.j256.ormlite.dao.RuntimeExceptionDaoTest#testAssignEmptyForeignCollectionThrow	PASS				61
c3	2026-09-04 10:29:30,202 [INFO] TableUtils dropping table 'oneandtwo'
c3	2026-09-04 10:29:30,584 [INFO] TableUtils ignoring drop error 'org.h2.jdbc.JdbcSQLSyntaxErrorException: Table "ONEANDTWO" not found; SQL statement:
c3	DROP TABLE `oneandtwo`  [42102-200]' for statement: DROP TABLE `oneandtwo` 
c3	2026-09-04 10:29:30,584 [INFO] TableUtils creating table 'oneandtwo'
c3	2026-09-04 10:29:30,622 [INFO] TableUtils executed create table statement changed 0 rows: CREATE TABLE `oneandtwo` (`id` INTEGER AUTO_INCREMENT , `stuff` VARCHAR(255) , PRIMARY KEY (`id`) ) 
c3	2026-09-04 10:29:30,629 [INFO] TableUtils dropping table 'foreignsubclass'
c3	2026-09-04 10:29:30,629 [INFO] TableUtils ignoring drop error 'org.h2.jdbc.JdbcSQLSyntaxErrorException: Table "FOREIGNSUBCLASS" not found; SQL statement:
c3	DROP TABLE `foreignsubclass`  [42102-200]' for statement: DROP TABLE `foreignsubclass` 
c3	2026-09-04 10:29:30,630 [INFO] TableUtils creating table 'foreignsubclass'
c3	2026-09-04 10:29:30,631 [INFO] TableUtils executed create table statement changed 0 rows: CREATE TABLE `foreignsubclass` (`id` INTEGER AUTO_INCREMENT , `one` INTEGER , PRIMARY KEY (`id`) ) 
c3	2026-09-04 10:29:30,673 [DEBUG] BaseMappedStatement insert data with statement 'INSERT INTO `oneandtwo` (`stuff` ) VALUES (?)' and 1 args, changed 1 rows
c3	2026-09-04 10:29:30,673 [TRACE] BaseMappedStatement insert arguments: [null]
c3	2026-09-04 10:29:30,673 [DEBUG] BaseMappedStatement assigned id '1' from keyholder to 'id' in One object
c3	2026-09-04 10:29:30,674 [DEBUG] BaseMappedStatement insert data with statement 'INSERT INTO `oneandtwo` (`stuff` ) VALUES (?)' and 1 args, changed 1 rows
c3	2026-09-04 10:29:30,674 [TRACE] BaseMappedStatement insert arguments: [null]
c3	2026-09-04 10:29:30,675 [DEBUG] BaseMappedStatement assigned id '2' from keyholder to 'id' in One object
c3	2026-09-04 10:29:30,675 [DEBUG] BaseMappedStatement insert data with statement 'INSERT INTO `oneandtwo` (`stuff` ) VALUES (?)' and 1 args, changed 1 rows
c3	2026-09-04 10:29:30,676 [TRACE] BaseMappedStatement insert arguments: [null]
c3	2026-09-04 10:29:30,676 [DEBUG] BaseMappedStatement assigned id '3' from keyholder to 'id' in One object
c3	2026-09-04 10:29:30,677 [DEBUG] BaseMappedStatement insert data with statement 'INSERT INTO `foreignsubclass` (`one` ) VALUES (?)' and 1 args, changed 1 rows
c3	2026-09-04 10:29:30,677 [TRACE] BaseMappedStatement insert arguments: [1]
c3	2026-09-04 10:29:30,677 [DEBUG] BaseMappedStatement assigned id '1' from keyholder to 'id' in ForeignSubClass object
c3	2026-09-04 10:29:30,678 [DEBUG] BaseMappedStatement insert data with statement 'INSERT INTO `foreignsubclass` (`one` ) VALUES (?)' and 1 args, changed 1 rows
c3	2026-09-04 10:29:30,679 [TRACE] BaseMappedStatement insert arguments: [2]
c3	2026-09-04 10:29:30,679 [DEBUG] BaseMappedStatement assigned id '2' from keyholder to 'id' in ForeignSubClass object
c3	2026-09-04 10:29:30,695 [DEBUG] BaseMappedStatement prepared statement 'SELECT * FROM `foreignsubclass` WHERE `one` = 1' with 0 args
c3	2026-09-04 10:29:30,699 [DEBUG] StatementExecutor query of 'SELECT * FROM `foreignsubclass` WHERE `one` = 1' with 0 args returned 1 results
c3	2026-09-04 10:29:30,700 [DEBUG] BaseMappedStatement prepared statement 'SELECT * FROM `foreignsubclass` WHERE `one` = 2' with 0 args
c3	2026-09-04 10:29:30,701 [DEBUG] StatementExecutor query of 'SELECT * FROM `foreignsubclass` WHERE `one` = 2' with 0 args returned 1 results
c3	2026-09-04 10:29:30,701 [DEBUG] BaseMappedStatement prepared statement 'SELECT * FROM `foreignsubclass` WHERE `one` = 3' with 0 args
c3	2026-09-04 10:29:30,702 [DEBUG] StatementExecutor query of 'SELECT * FROM `foreignsubclass` WHERE `one` = 3' with 0 args returned 0 results
c3	FT	1	com.j256.ormlite.dao.BaseDaoImplTest#testBaseClassForeignEq	PASS				991
c3	FT	2	com.j256.ormlite.dao.RuntimeExceptionDaoTest#testAssignEmptyForeignCollectionThrow	PASS				60
c4	2026-09-04 10:29:31,565 [INFO] TableUtils dropping table 'foo'
c4	2026-09-04 10:29:32,182 [INFO] TableUtils ignoring drop error 'org.h2.jdbc.JdbcSQLSyntaxErrorException: Table "FOO" not found; SQL statement:
c4	DROP TABLE `foo`  [42102-200]' for statement: DROP TABLE `foo` 
c4	2026-09-04 10:29:32,183 [INFO] TableUtils creating table 'foo'
c4	2026-09-04 10:29:32,236 [INFO] TableUtils executed create table statement changed 0 rows: CREATE TABLE `foo` (`id` INTEGER AUTO_INCREMENT , `val` INTEGER , `equal` INTEGER , `string` VARCHAR(255) , PRIMARY KEY (`id`) ) 
c4	2026-09-04 10:29:32,251 [DEBUG] BaseMappedStatement prepared statement 'SELECT * FROM `foo`' with 0 args
c4	2026-09-04 10:29:32,282 [DEBUG] StatementExecutor query of 'SELECT * FROM `foo`' with 0 args returned 0 results
c4	2026-09-04 10:29:32,283 [DEBUG] StatementExecutor disabled auto-commit on table foo before batch tasks
c4	2026-09-04 10:29:32,291 [DEBUG] BaseMappedStatement insert data with statement 'INSERT INTO `foo` (`val` ,`equal` ,`string` ) VALUES (?,?,?)' and 3 args, changed 1 rows
c4	2026-09-04 10:29:32,292 [TRACE] BaseMappedStatement insert arguments: [0, 0, null]
c4	2026-09-04 10:29:32,292 [DEBUG] BaseMappedStatement assigned id '1' from keyholder to 'id' in Foo object
c4	2026-09-04 10:29:32,293 [DEBUG] StatementExecutor re-enabled auto-commit on table foo after batch tasks
c4	2026-09-04 10:29:32,293 [DEBUG] BaseMappedStatement prepared statement 'SELECT * FROM `foo`' with 0 args
c4	2026-09-04 10:29:32,294 [DEBUG] StatementExecutor query of 'SELECT * FROM `foo`' with 0 args returned 1 results
c4	FT	1	com.j256.ormlite.dao.BaseDaoImplTest#testCallBatch	PASS				1392
c4	FT	2	com.j256.ormlite.dao.RuntimeExceptionDaoTest#testAssignEmptyForeignCollectionThrow	PASS				64
c5	2026-09-04 10:29:33,186 [INFO] TableUtils dropping table 'foo'
c5	2026-09-04 10:29:33,752 [INFO] TableUtils ignoring drop error 'org.h2.jdbc.JdbcSQLSyntaxErrorException: Table "FOO" not found; SQL statement:
c5	DROP TABLE `foo`  [42102-200]' for statement: DROP TABLE `foo` 
c5	2026-09-04 10:29:33,753 [INFO] TableUtils creating table 'foo'
c5	2026-09-04 10:29:33,792 [INFO] TableUtils executed create table statement changed 0 rows: CREATE TABLE `foo` (`id` INTEGER AUTO_INCREMENT , `val` INTEGER , `equal` INTEGER , `string` VARCHAR(255) , PRIMARY KEY (`id`) ) 
c5	2026-09-04 10:29:33,808 [DEBUG] BaseMappedStatement prepared statement 'SELECT * FROM `foo`' with 0 args
c5	2026-09-04 10:29:33,839 [DEBUG] StatementExecutor query of 'SELECT * FROM `foo`' with 0 args returned 0 results
c5	2026-09-04 10:29:33,840 [DEBUG] StatementExecutor disabled auto-commit on table foo before batch tasks
c5	2026-09-04 10:29:33,841 [DEBUG] StatementExecutor re-enabled auto-commit on table foo after batch tasks
c5	FT	1	com.j256.ormlite.dao.BaseDaoImplTest#testCallBatchThrow	PASS				1341
c5	FT	2	com.j256.ormlite.dao.RuntimeExceptionDaoTest#testAssignEmptyForeignCollectionThrow	PASS				57
c6	2026-09-04 10:29:34,426 [INFO] TableUtils dropping table 'columndefinition'
c6	2026-09-04 10:29:34,759 [INFO] TableUtils ignoring drop error 'org.h2.jdbc.JdbcSQLSyntaxErrorException: Table "COLUMNDEFINITION" not found; SQL statement:
c6	DROP TABLE `columndefinition`  [42102-200]' for statement: DROP TABLE `columndefinition` 
c6	2026-09-04 10:29:34,760 [INFO] TableUtils creating table 'columndefinition'
c6	2026-09-04 10:29:34,792 [INFO] TableUtils executed create table statement changed 0 rows: CREATE TABLE `columndefinition` (`id` INTEGER AUTO_INCREMENT , `stuff` VARCHAR(200) , PRIMARY KEY (`id`) ) 
c6	2026-09-04 10:29:34,815 [DEBUG] BaseMappedStatement insert data with statement 'INSERT INTO `columndefinition` (`stuff` ) VALUES (?)' and 1 args, changed 1 rows
c6	2026-09-04 10:29:34,815 [TRACE] BaseMappedStatement insert arguments: [hfejpowello]
c6	2026-09-04 10:29:34,816 [DEBUG] BaseMappedStatement assigned id '1' from keyholder to 'id' in ColumnDefinition object
c6	2026-09-04 10:29:34,826 [DEBUG] BaseMappedStatement query-for-id using 'SELECT * FROM `columndefinition` WHERE `id` = ?' and 1 args, got 1 result
c6	2026-09-04 10:29:34,826 [TRACE] BaseMappedStatement query-for-id arguments: [1]
c6	FT	1	com.j256.ormlite.dao.BaseDaoImplTest#testColumnDefinition	PASS				786
c6	FT	2	com.j256.ormlite.dao.RuntimeExceptionDaoTest#testAssignEmptyForeignCollectionThrow	PASS				52
c7	2026-09-04 10:29:35,390 [INFO] TableUtils dropping table 'foreigncollectioncomparison'
c7	2026-09-04 10:29:35,672 [INFO] TableUtils ignoring drop error 'org.h2.jdbc.JdbcSQLSyntaxErrorException: Table "FOREIGNCOLLECTIONCOMPARISON" not found; SQL statement:
c7	DROP TABLE `foreigncollectioncomparison`  [42102-200]' for statement: DROP TABLE `foreigncollectioncomparison` 
c7	2026-09-04 10:29:35,676 [INFO] TableUtils creating table 'foreigncollectioncomparison'
c7	2026-09-04 10:29:35,716 [INFO] TableUtils executed create table statement changed 0 rows: CREATE TABLE `foreigncollectioncomparison` (`id` INTEGER AUTO_INCREMENT , PRIMARY KEY (`id`) ) 
c7	FT	1	com.j256.ormlite.dao.BaseDaoImplTest#testComparisonOfForeignCollection	PASS				727
c7	FT	2	com.j256.ormlite.dao.RuntimeExceptionDaoTest#testAssignEmptyForeignCollectionThrow	PASS				52
c8	2026-09-04 10:29:36,313 [INFO] TableUtils dropping table 'foo'
c8	2026-09-04 10:29:36,629 [INFO] TableUtils ignoring drop error 'org.h2.jdbc.JdbcSQLSyntaxErrorException: Table "FOO" not found; SQL statement:
c8	DROP TABLE `foo`  [42102-200]' for statement: DROP TABLE `foo` 
c8	2026-09-04 10:29:36,630 [INFO] TableUtils creating table 'foo'
c8	2026-09-04 10:29:36,661 [INFO] TableUtils executed create table statement changed 0 rows: CREATE TABLE `foo` (`id` INTEGER AUTO_INCREMENT , `val` INTEGER , `equal` INTEGER , `string` VARCHAR(255) , PRIMARY KEY (`id`) ) 
c8	2026-09-04 10:29:36,688 [DEBUG] BaseMappedStatement insert data with statement 'INSERT INTO `foo` (`val` ,`equal` ,`string` ) VALUES (?,?,?)' and 3 args, changed 1 rows
c8	2026-09-04 10:29:36,689 [TRACE] BaseMappedStatement insert arguments: [0, 0, null]
c8	2026-09-04 10:29:36,689 [DEBUG] BaseMappedStatement assigned id '1' from keyholder to 'id' in Foo object
c8	2026-09-04 10:29:36,697 [DEBUG] BaseMappedStatement query-for-id using 'SELECT * FROM `foo` WHERE `id` = ?' and 1 args, got 1 result
c8	2026-09-04 10:29:36,697 [TRACE] BaseMappedStatement query-for-id arguments: [1]
c8	2026-09-04 10:29:36,698 [DEBUG] BaseMappedStatement query-for-id using 'SELECT * FROM `foo` WHERE `id` = ?' and 1 args, got no results
c8	2026-09-04 10:29:36,698 [TRACE] BaseMappedStatement query-for-id arguments: [1]
c8	2026-09-04 10:29:36,699 [DEBUG] BaseMappedStatement insert data with statement 'INSERT INTO `foo` (`val` ,`equal` ,`string` ) VALUES (?,?,?)' and 3 args, changed 1 rows
c8	2026-09-04 10:29:36,699 [TRACE] BaseMappedStatement insert arguments: [0, 0, null]
c8	2026-09-04 10:29:36,699 [DEBUG] BaseMappedStatement assigned id '2' from keyholder to 'id' in Foo object
c8	2026-09-04 10:29:36,699 [DEBUG] BaseMappedStatement query-for-id using 'SELECT * FROM `foo` WHERE `id` = ?' and 1 args, got 1 result
c8	2026-09-04 10:29:36,699 [TRACE] BaseMappedStatement query-for-id arguments: [2]
c8	2026-09-04 10:29:36,701 [DEBUG] BaseMappedStatement query-for-id using 'SELECT * FROM `foo` WHERE `id` = ?' and 1 args, got 1 result
c8	2026-09-04 10:29:36,701 [TRACE] BaseMappedStatement query-for-id arguments: [2]
c8	2026-09-04 10:29:36,702 [DEBUG] BaseMappedStatement query-for-id using 'SELECT * FROM `foo` WHERE `id` = ?' and 1 args, got 1 result
c8	2026-09-04 10:29:36,702 [TRACE] BaseMappedStatement query-for-id arguments: [2]
c8	FT	1	com.j256.ormlite.dao.BaseDaoImplTest#testConnectionMethods	PASS				747
c8	FT	2	com.j256.ormlite.dao.RuntimeExceptionDaoTest#testAssignEmptyForeignCollectionThrow	PASS				42
c9	FT	1	com.j256.ormlite.dao.BaseDaoImplTest#testConstruct	PASS				385
c9	FT	2	com.j256.ormlite.dao.RuntimeExceptionDaoTest#testAssignEmptyForeignCollectionThrow	PASS				65
c10	2026-09-04 10:29:37,828 [INFO] TableUtils dropping table 'foo'
c10	2026-09-04 10:29:38,127 [INFO] TableUtils ignoring drop error 'org.h2.jdbc.JdbcSQLSyntaxErrorException: Table "FOO" not found; SQL statement:
c10	DROP TABLE `foo`  [42102-200]' for statement: DROP TABLE `foo` 
c10	2026-09-04 10:29:38,128 [INFO] TableUtils creating table 'foo'
c10	2026-09-04 10:29:38,159 [INFO] TableUtils executed create table statement changed 0 rows: CREATE TABLE `foo` (`id` INTEGER AUTO_INCREMENT , `val` INTEGER , `equal` INTEGER , `string` VARCHAR(255) , PRIMARY KEY (`id`) ) 
c10	2026-09-04 10:29:38,191 [DEBUG] StatementExecutor query of 'SELECT COUNT(*) FROM `foo`' returned 0
c10	2026-09-04 10:29:38,196 [DEBUG] BaseMappedStatement insert data with statement 'INSERT INTO `foo` (`val` ,`equal` ,`string` ) VALUES (?,?,?)' and 3 args, changed 1 rows
c10	2026-09-04 10:29:38,196 [TRACE] BaseMappedStatement insert arguments: [0, 0, null]
c10	2026-09-04 10:29:38,196 [DEBUG] BaseMappedStatement assigned id '1' from keyholder to 'id' in Foo object
c10	2026-09-04 10:29:38,196 [DEBUG] StatementExecutor query of 'SELECT COUNT(*) FROM `foo`' returned 1
c10	2026-09-04 10:29:38,197 [DEBUG] BaseMappedStatement insert data with statement 'INSERT INTO `foo` (`val` ,`equal` ,`string` ) VALUES (?,?,?)' and 3 args, changed 1 rows
c10	2026-09-04 10:29:38,197 [TRACE] BaseMappedStatement insert arguments: [0, 0, null]
c10	2026-09-04 10:29:38,197 [DEBUG] BaseMappedStatement assigned id '2' from keyholder to 'id' in Foo object
c10	2026-09-04 10:29:38,198 [DEBUG] StatementExecutor query of 'SELECT COUNT(*) FROM `foo`' returned 2
c10	FT	1	com.j256.ormlite.dao.BaseDaoImplTest#testCountOf	PASS				736
c10	FT	2	com.j256.ormlite.dao.RuntimeExceptionDaoTest#testAssignEmptyForeignCollectionThrow	PASS				69
c11	2026-09-04 10:29:38,870 [INFO] TableUtils dropping table 'foo'
c11	2026-09-04 10:29:39,189 [INFO] TableUtils ignoring drop error 'org.h2.jdbc.JdbcSQLSyntaxErrorException: Table "FOO" not found; SQL statement:
c11	DROP TABLE `foo`  [42102-200]' for statement: DROP TABLE `foo` 
c11	2026-09-04 10:29:39,190 [INFO] TableUtils creating table 'foo'
c11	2026-09-04 10:29:39,223 [INFO] TableUtils executed create table statement changed 0 rows: CREATE TABLE `foo` (`id` INTEGER AUTO_INCREMENT , `val` INTEGER , `equal` INTEGER , `string` VARCHAR(255) , PRIMARY KEY (`id`) ) 
c11	2026-09-04 10:29:39,249 [DEBUG] StatementExecutor query of 'SELECT COUNT(*) FROM `foo`' returned 0
c11	2026-09-04 10:29:39,257 [DEBUG] BaseMappedStatement insert data with statement 'INSERT INTO `foo` (`val` ,`equal` ,`string` ) VALUES (?,?,?)' and 3 args, changed 1 rows
c11	2026-09-04 10:29:39,258 [TRACE] BaseMappedStatement insert arguments: [0, 0, null]
c11	2026-09-04 10:29:39,258 [DEBUG] BaseMappedStatement assigned id '1' from keyholder to 'id' in Foo object
c11	2026-09-04 10:29:39,259 [DEBUG] BaseMappedStatement insert data with statement 'INSERT INTO `foo` (`val` ,`equal` ,`string` ) VALUES (?,?,?)' and 3 args, changed 1 rows
c11	2026-09-04 10:29:39,259 [TRACE] BaseMappedStatement insert arguments: [0, 0, null]
c11	2026-09-04 10:29:39,259 [DEBUG] BaseMappedStatement assigned id '2' from keyholder to 'id' in Foo object
c11	2026-09-04 10:29:39,259 [DEBUG] StatementExecutor query of 'SELECT COUNT(*) FROM `foo`' returned 2
c11	2026-09-04 10:29:39,267 [DEBUG] BaseMappedStatement prepared statement 'SELECT COUNT(*) FROM `foo` WHERE `id` = 2' with 0 args
c11	FT	1	com.j256.ormlite.dao.BaseDaoImplTest#testCountOfPrepared	PASS				866
c11	FT	2	com.j256.ormlite.dao.RuntimeExceptionDaoTest#testAssignEmptyForeignCollectionThrow	PASS				50
c12	2026-09-04 10:29:40,015 [INFO] TableUtils dropping table 'foo'
c12	2026-09-04 10:29:40,416 [INFO] TableUtils ignoring drop error 'org.h2.jdbc.JdbcSQLSyntaxErrorException: Table "FOO" not found; SQL statement:
c12	DROP TABLE `foo`  [42102-200]' for statement: DROP TABLE `foo` 
c12	2026-09-04 10:29:40,416 [INFO] TableUtils creating table 'foo'
c12	2026-09-04 10:29:40,449 [INFO] TableUtils executed create table statement changed 0 rows: CREATE TABLE `foo` (`id` INTEGER AUTO_INCREMENT , `val` INTEGER , `equal` INTEGER , `string` VARCHAR(255) , PRIMARY KEY (`id`) ) 
c12	FT	1	com.j256.ormlite.dao.BaseDaoImplTest#testCountOfPreparedNoCountOf	PASS				988
c12	FT	2	com.j256.ormlite.dao.RuntimeExceptionDaoTest#testAssignEmptyForeignCollectionThrow	PASS				42
c13	2026-09-04 10:29:40,974 [INFO] TableUtils dropping table 'foo'
c13	2026-09-04 10:29:41,270 [INFO] TableUtils ignoring drop error 'org.h2.jdbc.JdbcSQLSyntaxErrorException: Table "FOO" not found; SQL statement:
c13	DROP TABLE `foo`  [42102-200]' for statement: DROP TABLE `foo` 
c13	2026-09-04 10:29:41,270 [INFO] TableUtils creating table 'foo'
c13	2026-09-04 10:29:41,301 [INFO] TableUtils executed create table statement changed 0 rows: CREATE TABLE `foo` (`id` INTEGER AUTO_INCREMENT , `val` INTEGER , `equal` INTEGER , `string` VARCHAR(255) , PRIMARY KEY (`id`) ) 
c13	2026-09-04 10:29:41,335 [DEBUG] BaseMappedStatement insert data with statement 'INSERT INTO `foo` (`val` ,`equal` ,`string` ) VALUES (?,?,?)' and 3 args, changed 1 rows
c13	2026-09-04 10:29:41,335 [TRACE] BaseMappedStatement insert arguments: [0, 21313, null]
c13	2026-09-04 10:29:41,335 [DEBUG] BaseMappedStatement assigned id '1' from keyholder to 'id' in Foo object
c13	2026-09-04 10:29:41,351 [DEBUG] BaseMappedStatement query-for-id using 'SELECT * FROM `foo` WHERE `id` = ?' and 1 args, got 1 result
c13	2026-09-04 10:29:41,351 [TRACE] BaseMappedStatement query-for-id arguments: [1]
c13	2026-09-04 10:29:41,355 [DEBUG] BaseMappedStatement prepared statement 'SELECT * FROM `foo`' with 0 args
c13	2026-09-04 10:29:41,355 [DEBUG] StatementExecutor query-for-first of 'SELECT * FROM `foo`' with 0 args returned at least 1 result
c13	FT	1	com.j256.ormlite.dao.BaseDaoImplTest#testCreate	PASS				753
c13	FT	2	com.j256.ormlite.dao.RuntimeExceptionDaoTest#testAssignEmptyForeignCollectionThrow	PASS				50
c14	2026-09-04 10:29:41,940 [INFO] TableUtils dropping table 'foo'
c14	2026-09-04 10:29:42,189 [INFO] TableUtils ignoring drop error 'org.h2.jdbc.JdbcSQLSyntaxErrorException: Table "FOO" not found; SQL statement:
c14	DROP TABLE `foo`  [42102-200]' for statement: DROP TABLE `foo` 
c14	2026-09-04 10:29:42,190 [INFO] TableUtils creating table 'foo'
c14	2026-09-04 10:29:42,227 [INFO] TableUtils executed create table statement changed 0 rows: CREATE TABLE `foo` (`id` INTEGER AUTO_INCREMENT , `val` INTEGER , `equal` INTEGER , `string` VARCHAR(255) , PRIMARY KEY (`id`) ) 
c14	2026-09-04 10:29:42,228 [DEBUG] StatementExecutor disabled auto-commit on table foo before batch tasks
c14	2026-09-04 10:29:42,263 [DEBUG] BaseMappedStatement insert data with statement 'INSERT INTO `foo` (`val` ,`equal` ,`string` ) VALUES (?,?,?)' and 3 args, changed 1 rows
c14	2026-09-04 10:29:42,263 [TRACE] BaseMappedStatement insert arguments: [0, 0, null]
c14	2026-09-04 10:29:42,263 [DEBUG] BaseMappedStatement assigned id '1' from keyholder to 'id' in Foo object
c14	2026-09-04 10:29:42,264 [DEBUG] BaseMappedStatement insert data with statement 'INSERT INTO `foo` (`val` ,`equal` ,`string` ) VALUES (?,?,?)' and 3 args, changed 1 rows
c14	2026-09-04 10:29:42,264 [TRACE] BaseMappedStatement insert arguments: [1, 0, null]
c14	2026-09-04 10:29:42,264 [DEBUG] BaseMappedStatement assigned id '2' from keyholder to 'id' in Foo object
c14	2026-09-04 10:29:42,264 [DEBUG] BaseMappedStatement insert data with statement 'INSERT INTO `foo` (`val` ,`equal` ,`string` ) VALUES (?,?,?)' and 3 args, changed 1 rows
c14	2026-09-04 10:29:42,265 [TRACE] BaseMappedStatement insert arguments: [2, 0, null]
c14	2026-09-04 10:29:42,265 [DEBUG] BaseMappedStatement assigned id '3' from keyholder to 'id' in Foo object
c14	2026-09-04 10:29:42,265 [DEBUG] BaseMappedStatement insert data with statement 'INSERT INTO `foo` (`val` ,`equal` ,`string` ) VALUES (?,?,?)' and 3 args, changed 1 rows
c14	2026-09-04 10:29:42,265 [TRACE] BaseMappedStatement insert arguments: [3, 0, null]
c14	2026-09-04 10:29:42,265 [DEBUG] BaseMappedStatement assigned id '4' from keyholder to 'id' in Foo object
c14	2026-09-04 10:29:42,266 [DEBUG] BaseMappedStatement insert data with statement 'INSERT INTO `foo` (`val` ,`equal` ,`string` ) VALUES (?,?,?)' and 3 args, changed 1 rows
c14	2026-09-04 10:29:42,266 [TRACE] BaseMappedStatement insert arguments: [4, 0, null]
c14	2026-09-04 10:29:42,266 [DEBUG] BaseMappedStatement assigned id '5' from keyholder to 'id' in Foo object
c14	2026-09-04 10:29:42,266 [DEBUG] BaseMappedStatement insert data with statement 'INSERT INTO `foo` (`val` ,`equal` ,`string` ) VALUES (?,?,?)' and 3 args, changed 1 rows
c14	2026-09-04 10:29:42,267 [TRACE] BaseMappedStatement insert arguments: [5, 0, null]
c14	2026-09-04 10:29:42,267 [DEBUG] BaseMappedStatement assigned id '6' from keyholder to 'id' in Foo object
c14	2026-09-04 10:29:42,267 [DEBUG] BaseMappedStatement insert data with statement 'INSERT INTO `foo` (`val` ,`equal` ,`string` ) VALUES (?,?,?)' and 3 args, changed 1 rows
c14	2026-09-04 10:29:42,268 [TRACE] BaseMappedStatement insert arguments: [6, 0, null]
c14	2026-09-04 10:29:42,268 [DEBUG] BaseMappedStatement assigned id '7' from keyholder to 'id' in Foo object
c14	2026-09-04 10:29:42,268 [DEBUG] BaseMappedStatement insert data with statement 'INSERT INTO `foo` (`val` ,`equal` ,`string` ) VALUES (?,?,?)' and 3 args, changed 1 rows
c14	2026-09-04 10:29:42,268 [TRACE] BaseMappedStatement insert arguments: [7, 0, null]
c14	2026-09-04 10:29:42,269 [DEBUG] BaseMappedStatement assigned id '8' from keyholder to 'id' in Foo object
c14	2026-09-04 10:29:42,269 [DEBUG] BaseMappedStatement insert data with statement 'INSERT INTO `foo` (`val` ,`equal` ,`string` ) VALUES (?,?,?)' and 3 args, changed 1 rows
c14	2026-09-04 10:29:42,269 [TRACE] BaseMappedStatement insert arguments: [8, 0, null]
c14	2026-09-04 10:29:42,269 [DEBUG] BaseMappedStatement assigned id '9' from keyholder to 'id' in Foo object
c14	2026-09-04 10:29:42,270 [DEBUG] BaseMappedStatement insert data with statement 'INSERT INTO `foo` (`val` ,`equal` ,`string` ) VALUES (?,?,?)' and 3 args, changed 1 rows
c14	2026-09-04 10:29:42,270 [TRACE] BaseMappedStatement insert arguments: [9, 0, null]
c14	2026-09-04 10:29:42,270 [DEBUG] BaseMappedStatement assigned id '10' from keyholder to 'id' in Foo object
c14	2026-09-04 10:29:42,270 [DEBUG] BaseMappedStatement insert data with statement 'INSERT INTO `foo` (`val` ,`equal` ,`string` ) VALUES (?,?,?)' and 3 args, changed 1 rows
c14	2026-09-04 10:29:42,270 [TRACE] BaseMappedStatement insert arguments: [10, 0, null]
c14	2026-09-04 10:29:42,271 [DEBUG] BaseMappedStatement assigned id '11' from keyholder to 'id' in Foo object
c14	2026-09-04 10:29:42,271 [DEBUG] BaseMappedStatement insert data with statement 'INSERT INTO `foo` (`val` ,`equal` ,`string` ) VALUES (?,?,?)' and 3 args, changed 1 rows
c14	2026-09-04 10:29:42,271 [TRACE] BaseMappedStatement insert arguments: [11, 0, null]
c14	2026-09-04 10:29:42,272 [DEBUG] BaseMappedStatement assigned id '12' from keyholder to 'id' in Foo object
c14	2026-09-04 10:29:42,272 [DEBUG] BaseMappedStatement insert data with statement 'INSERT INTO `foo` (`val` ,`equal` ,`string` ) VALUES (?,?,?)' and 3 args, changed 1 rows
c14	2026-09-04 10:29:42,272 [TRACE] BaseMappedStatement insert arguments: [12, 0, null]
c14	2026-09-04 10:29:42,272 [DEBUG] BaseMappedStatement assigned id '13' from keyholder to 'id' in Foo object
c14	2026-09-04 10:29:42,273 [DEBUG] BaseMappedStatement insert data with statement 'INSERT INTO `foo` (`val` ,`equal` ,`string` ) VALUES (?,?,?)' and 3 args, changed 1 rows
c14	2026-09-04 10:29:42,273 [TRACE] BaseMappedStatement insert arguments: [13, 0, null]
c14	2026-09-04 10:29:42,273 [DEBUG] BaseMappedStatement assigned id '14' from keyholder to 'id' in Foo object
c14	2026-09-04 10:29:42,274 [DEBUG] BaseMappedStatement insert data with statement 'INSERT INTO `foo` (`val` ,`equal` ,`string` ) VALUES (?,?,?)' and 3 args, changed 1 rows
c14	2026-09-04 10:29:42,274 [TRACE] BaseMappedStatement insert arguments: [14, 0, null]
c14	2026-09-04 10:29:42,274 [DEBUG] BaseMappedStatement assigned id '15' from keyholder to 'id' in Foo object
c14	2026-09-04 10:29:42,276 [DEBUG] BaseMappedStatement insert data with statement 'INSERT INTO `foo` (`val` ,`equal` ,`string` ) VALUES (?,?,?)' and 3 args, changed 1 rows
c14	2026-09-04 10:29:42,276 [TRACE] BaseMappedStatement insert arguments: [15, 0, null]
c14	2026-09-04 10:29:42,276 [DEBUG] BaseMappedStatement assigned id '16' from keyholder to 'id' in Foo object
c14	2026-09-04 10:29:42,277 [DEBUG] BaseMappedStatement insert data with statement 'INSERT INTO `foo` (`val` ,`equal` ,`string` ) VALUES (?,?,?)' and 3 args, changed 1 rows
c14	2026-09-04 10:29:42,277 [TRACE] BaseMappedStatement insert arguments: [16, 0, null]
c14	2026-09-04 10:29:42,277 [DEBUG] BaseMappedStatement assigned id '17' from keyholder to 'id' in Foo object
c14	2026-09-04 10:29:42,278 [DEBUG] BaseMappedStatement insert data with statement 'INSERT INTO `foo` (`val` ,`equal` ,`string` ) VALUES (?,?,?)' and 3 args, changed 1 rows
c14	2026-09-04 10:29:42,278 [TRACE] BaseMappedStatement insert arguments: [17, 0, null]
c14	2026-09-04 10:29:42,278 [DEBUG] BaseMappedStatement assigned id '18' from keyholder to 'id' in Foo object
c14	2026-09-04 10:29:42,279 [DEBUG] BaseMappedStatement insert data with statement 'INSERT INTO `foo` (`val` ,`equal` ,`string` ) VALUES (?,?,?)' and 3 args, changed 1 rows
c14	2026-09-04 10:29:42,279 [TRACE] BaseMappedStatement insert arguments: [18, 0, null]
c14	2026-09-04 10:29:42,279 [DEBUG] BaseMappedStatement assigned id '19' from keyholder to 'id' in Foo object
c14	2026-09-04 10:29:42,280 [DEBUG] BaseMappedStatement insert data with statement 'INSERT INTO `foo` (`val` ,`equal` ,`string` ) VALUES (?,?,?)' and 3 args, changed 1 rows
c14	2026-09-04 10:29:42,280 [TRACE] BaseMappedStatement insert arguments: [19, 0, null]
c14	2026-09-04 10:29:42,281 [DEBUG] BaseMappedStatement assigned id '20' from keyholder to 'id' in Foo object
c14	2026-09-04 10:29:42,282 [DEBUG] BaseMappedStatement insert data with statement 'INSERT INTO `foo` (`val` ,`equal` ,`string` ) VALUES (?,?,?)' and 3 args, changed 1 rows
c14	2026-09-04 10:29:42,282 [TRACE] BaseMappedStatement insert arguments: [20, 0, null]
c14	2026-09-04 10:29:42,282 [DEBUG] BaseMappedStatement assigned id '21' from keyholder to 'id' in Foo object
c14	2026-09-04 10:29:42,282 [DEBUG] BaseMappedStatement insert data with statement 'INSERT INTO `foo` (`val` ,`equal` ,`string` ) VALUES (?,?,?)' and 3 args, changed 1 rows
c14	2026-09-04 10:29:42,282 [TRACE] BaseMappedStatement insert arguments: [21, 0, null]
c14	2026-09-04 10:29:42,282 [DEBUG] BaseMappedStatement assigned id '22' from keyholder to 'id' in Foo object
c14	2026-09-04 10:29:42,283 [DEBUG] BaseMappedStatement insert data with statement 'INSERT INTO `foo` (`val` ,`equal` ,`string` ) VALUES (?,?,?)' and 3 args, changed 1 rows
c14	2026-09-04 10:29:42,283 [TRACE] BaseMappedStatement insert arguments: [22, 0, null]
c14	2026-09-04 10:29:42,283 [DEBUG] BaseMappedStatement assigned id '23' from keyholder to 'id' in Foo object
c14	2026-09-04 10:29:42,283 [DEBUG] BaseMappedStatement insert data with statement 'INSERT INTO `foo` (`val` ,`equal` ,`string` ) VALUES (?,?,?)' and 3 args, changed 1 rows
c14	2026-09-04 10:29:42,283 [TRACE] BaseMappedStatement insert arguments: [23, 0, null]
c14	2026-09-04 10:29:42,283 [DEBUG] BaseMappedStatement assigned id '24' from keyholder to 'id' in Foo object
c14	2026-09-04 10:29:42,284 [DEBUG] BaseMappedStatement insert data with statement 'INSERT INTO `foo` (`val` ,`equal` ,`string` ) VALUES (?,?,?)' and 3 args, changed 1 rows
c14	2026-09-04 10:29:42,284 [TRACE] BaseMappedStatement insert arguments: [24, 0, null]
c14	2026-09-04 10:29:42,284 [DEBUG] BaseMappedStatement assigned id '25' from keyholder to 'id' in Foo object
c14	2026-09-04 10:29:42,284 [DEBUG] BaseMappedStatement insert data with statement 'INSERT INTO `foo` (`val` ,`equal` ,`string` ) VALUES (?,?,?)' and 3 args, changed 1 rows
c14	2026-09-04 10:29:42,285 [TRACE] BaseMappedStatement insert arguments: [25, 0, null]
c14	2026-09-04 10:29:42,285 [DEBUG] BaseMappedStatement assigned id '26' from keyholder to 'id' in Foo object
c14	2026-09-04 10:29:42,285 [DEBUG] BaseMappedStatement insert data with statement 'INSERT INTO `foo` (`val` ,`equal` ,`string` ) VALUES (?,?,?)' and 3 args, changed 1 rows
c14	2026-09-04 10:29:42,285 [TRACE] BaseMappedStatement insert arguments: [26, 0, null]
c14	2026-09-04 10:29:42,286 [DEBUG] BaseMappedStatement assigned id '27' from keyholder to 'id' in Foo object
c14	2026-09-04 10:29:42,286 [DEBUG] BaseMappedStatement insert data with statement 'INSERT INTO `foo` (`val` ,`equal` ,`string` ) VALUES (?,?,?)' and 3 args, changed 1 rows
c14	2026-09-04 10:29:42,286 [TRACE] BaseMappedStatement insert arguments: [27, 0, null]
c14	2026-09-04 10:29:42,286 [DEBUG] BaseMappedStatement assigned id '28' from keyholder to 'id' in Foo object
c14	2026-09-04 10:29:42,287 [DEBUG] BaseMappedStatement insert data with statement 'INSERT INTO `foo` (`val` ,`equal` ,`string` ) VALUES (?,?,?)' and 3 args, changed 1 rows
c14	2026-09-04 10:29:42,287 [TRACE] BaseMappedStatement insert arguments: [28, 0, null]
c14	2026-09-04 10:29:42,287 [DEBUG] BaseMappedStatement assigned id '29' from keyholder to 'id' in Foo object
c14	2026-09-04 10:29:42,287 [DEBUG] BaseMappedStatement insert data with statement 'INSERT INTO `foo` (`val` ,`equal` ,`string` ) VALUES (?,?,?)' and 3 args, changed 1 rows
c14	2026-09-04 10:29:42,288 [TRACE] BaseMappedStatement insert arguments: [29, 0, null]
c14	2026-09-04 10:29:42,288 [DEBUG] BaseMappedStatement assigned id '30' from keyholder to 'id' in Foo object
c14	2026-09-04 10:29:42,288 [DEBUG] BaseMappedStatement insert data with statement 'INSERT INTO `foo` (`val` ,`equal` ,`string` ) VALUES (?,?,?)' and 3 args, changed 1 rows
c14	2026-09-04 10:29:42,288 [TRACE] BaseMappedStatement insert arguments: [30, 0, null]
c14	2026-09-04 10:29:42,288 [DEBUG] BaseMappedStatement assigned id '31' from keyholder to 'id' in Foo object
c14	2026-09-04 10:29:42,289 [DEBUG] BaseMappedStatement insert data with statement 'INSERT INTO `foo` (`val` ,`equal` ,`string` ) VALUES (?,?,?)' and 3 args, changed 1 rows
c14	2026-09-04 10:29:42,289 [TRACE] BaseMappedStatement insert arguments: [31, 0, null]
c14	2026-09-04 10:29:42,289 [DEBUG] BaseMappedStatement assigned id '32' from keyholder to 'id' in Foo object
c14	2026-09-04 10:29:42,289 [DEBUG] BaseMappedStatement insert data with statement 'INSERT INTO `foo` (`val` ,`equal` ,`string` ) VALUES (?,?,?)' and 3 args, changed 1 rows
c14	2026-09-04 10:29:42,289 [TRACE] BaseMappedStatement insert arguments: [32, 0, null]
c14	2026-09-04 10:29:42,289 [DEBUG] BaseMappedStatement assigned id '33' from keyholder to 'id' in Foo object
c14	2026-09-04 10:29:42,290 [DEBUG] BaseMappedStatement insert data with statement 'INSERT INTO `foo` (`val` ,`equal` ,`string` ) VALUES (?,?,?)' and 3 args, changed 1 rows
c14	2026-09-04 10:29:42,290 [TRACE] BaseMappedStatement insert arguments: [33, 0, null]
c14	2026-09-04 10:29:42,290 [DEBUG] BaseMappedStatement assigned id '34' from keyholder to 'id' in Foo object
c14	2026-09-04 10:29:42,290 [DEBUG] BaseMappedStatement insert data with statement 'INSERT INTO `foo` (`val` ,`equal` ,`string` ) VALUES (?,?,?)' and 3 args, changed 1 rows
c14	2026-09-04 10:29:42,290 [TRACE] BaseMappedStatement insert arguments: [34, 0, null]
c14	2026-09-04 10:29:42,290 [DEBUG] BaseMappedStatement assigned id '35' from keyholder to 'id' in Foo object
c14	2026-09-04 10:29:42,290 [DEBUG] BaseMappedStatement insert data with statement 'INSERT INTO `foo` (`val` ,`equal` ,`string` ) VALUES (?,?,?)' and 3 args, changed 1 rows
c14	2026-09-04 10:29:42,290 [TRACE] BaseMappedStatement insert arguments: [35, 0, null]
c14	2026-09-04 10:29:42,291 [DEBUG] BaseMappedStatement assigned id '36' from keyholder to 'id' in Foo object
c14	2026-09-04 10:29:42,291 [DEBUG] BaseMappedStatement insert data with statement 'INSERT INTO `foo` (`val` ,`equal` ,`string` ) VALUES (?,?,?)' and 3 args, changed 1 rows
c14	2026-09-04 10:29:42,291 [TRACE] BaseMappedStatement insert arguments: [36, 0, null]
c14	2026-09-04 10:29:42,291 [DEBUG] BaseMappedStatement assigned id '37' from keyholder to 'id' in Foo object
c14	2026-09-04 10:29:42,291 [DEBUG] BaseMappedStatement insert data with statement 'INSERT INTO `foo` (`val` ,`equal` ,`string` ) VALUES (?,?,?)' and 3 args, changed 1 rows
c14	2026-09-04 10:29:42,291 [TRACE] BaseMappedStatement insert arguments: [37, 0, null]
c14	2026-09-04 10:29:42,291 [DEBUG] BaseMappedStatement assigned id '38' from keyholder to 'id' in Foo object
c14	2026-09-04 10:29:42,292 [DEBUG] BaseMappedStatement insert data with statement 'INSERT INTO `foo` (`val` ,`equal` ,`string` ) VALUES (?,?,?)' and 3 args, changed 1 rows
c14	2026-09-04 10:29:42,292 [TRACE] BaseMappedStatement insert arguments: [38, 0, null]
c14	2026-09-04 10:29:42,292 [DEBUG] BaseMappedStatement assigned id '39' from keyholder to 'id' in Foo object
c14	2026-09-04 10:29:42,292 [DEBUG] BaseMappedStatement insert data with statement 'INSERT INTO `foo` (`val` ,`equal` ,`string` ) VALUES (?,?,?)' and 3 args, changed 1 rows
c14	2026-09-04 10:29:42,292 [TRACE] BaseMappedStatement insert arguments: [39, 0, null]
c14	2026-09-04 10:29:42,292 [DEBUG] BaseMappedStatement assigned id '40' from keyholder to 'id' in Foo object
c14	2026-09-04 10:29:42,293 [DEBUG] BaseMappedStatement insert data with statement 'INSERT INTO `foo` (`val` ,`equal` ,`string` ) VALUES (?,?,?)' and 3 args, changed 1 rows
c14	2026-09-04 10:29:42,293 [TRACE] BaseMappedStatement insert arguments: [40, 0, null]
c14	2026-09-04 10:29:42,293 [DEBUG] BaseMappedStatement assigned id '41' from keyholder to 'id' in Foo object
c14	2026-09-04 10:29:42,293 [DEBUG] BaseMappedStatement insert data with statement 'INSERT INTO `foo` (`val` ,`equal` ,`string` ) VALUES (?,?,?)' and 3 args, changed 1 rows
c14	2026-09-04 10:29:42,293 [TRACE] BaseMappedStatement insert arguments: [41, 0, null]
c14	2026-09-04 10:29:42,293 [DEBUG] BaseMappedStatement assigned id '42' from keyholder to 'id' in Foo object
c14	2026-09-04 10:29:42,294 [DEBUG] BaseMappedStatement insert data with statement 'INSERT INTO `foo` (`val` ,`equal` ,`string` ) VALUES (?,?,?)' and 3 args, changed 1 rows
c14	2026-09-04 10:29:42,294 [TRACE] BaseMappedStatement insert arguments: [42, 0, null]
c14	2026-09-04 10:29:42,294 [DEBUG] BaseMappedStatement assigned id '43' from keyholder to 'id' in Foo object
c14	2026-09-04 10:29:42,294 [DEBUG] BaseMappedStatement insert data with statement 'INSERT INTO `foo` (`val` ,`equal` ,`string` ) VALUES (?,?,?)' and 3 args, changed 1 rows
c14	2026-09-04 10:29:42,294 [TRACE] BaseMappedStatement insert arguments: [43, 0, null]
c14	2026-09-04 10:29:42,294 [DEBUG] BaseMappedStatement assigned id '44' from keyholder to 'id' in Foo object
c14	2026-09-04 10:29:42,294 [DEBUG] BaseMappedStatement insert data with statement 'INSERT INTO `foo` (`val` ,`equal` ,`string` ) VALUES (?,?,?)' and 3 args, changed 1 rows
c14	2026-09-04 10:29:42,294 [TRACE] BaseMappedStatement insert arguments: [44, 0, null]
c14	2026-09-04 10:29:42,295 [DEBUG] BaseMappedStatement assigned id '45' from keyholder to 'id' in Foo object
c14	2026-09-04 10:29:42,295 [DEBUG] BaseMappedStatement insert data with statement 'INSERT INTO `foo` (`val` ,`equal` ,`string` ) VALUES (?,?,?)' and 3 args, changed 1 rows
c14	2026-09-04 10:29:42,295 [TRACE] BaseMappedStatement insert arguments: [45, 0, null]
c14	2026-09-04 10:29:42,295 [DEBUG] BaseMappedStatement assigned id '46' from keyholder to 'id' in Foo object
c14	2026-09-04 10:29:42,295 [DEBUG] BaseMappedStatement insert data with statement 'INSERT INTO `foo` (`val` ,`equal` ,`string` ) VALUES (?,?,?)' and 3 args, changed 1 rows
c14	2026-09-04 10:29:42,295 [TRACE] BaseMappedStatement insert arguments: [46, 0, null]
c14	2026-09-04 10:29:42,295 [DEBUG] BaseMappedStatement assigned id '47' from keyholder to 'id' in Foo object
c14	2026-09-04 10:29:42,296 [DEBUG] BaseMappedStatement insert data with statement 'INSERT INTO `foo` (`val` ,`equal` ,`string` ) VALUES (?,?,?)' and 3 args, changed 1 rows
c14	2026-09-04 10:29:42,296 [TRACE] BaseMappedStatement insert arguments: [47, 0, null]
c14	2026-09-04 10:29:42,296 [DEBUG] BaseMappedStatement assigned id '48' from keyholder to 'id' in Foo object
c14	2026-09-04 10:29:42,297 [DEBUG] BaseMappedStatement insert data with statement 'INSERT INTO `foo` (`val` ,`equal` ,`string` ) VALUES (?,?,?)' and 3 args, changed 1 rows
c14	2026-09-04 10:29:42,298 [TRACE] BaseMappedStatement insert arguments: [48, 0, null]
c14	2026-09-04 10:29:42,298 [DEBUG] BaseMappedStatement assigned id '49' from keyholder to 'id' in Foo object
c14	2026-09-04 10:29:42,298 [DEBUG] BaseMappedStatement insert data with statement 'INSERT INTO `foo` (`val` ,`equal` ,`string` ) VALUES (?,?,?)' and 3 args, changed 1 rows
c14	2026-09-04 10:29:42,299 [TRACE] BaseMappedStatement insert arguments: [49, 0, null]
c14	2026-09-04 10:29:42,299 [DEBUG] BaseMappedStatement assigned id '50' from keyholder to 'id' in Foo object
c14	2026-09-04 10:29:42,299 [DEBUG] BaseMappedStatement insert data with statement 'INSERT INTO `foo` (`val` ,`equal` ,`string` ) VALUES (?,?,?)' and 3 args, changed 1 rows
c14	2026-09-04 10:29:42,299 [TRACE] BaseMappedStatement insert arguments: [50, 0, null]
c14	2026-09-04 10:29:42,299 [DEBUG] BaseMappedStatement assigned id '51' from keyholder to 'id' in Foo object
c14	2026-09-04 10:29:42,300 [DEBUG] BaseMappedStatement insert data with statement 'INSERT INTO `foo` (`val` ,`equal` ,`string` ) VALUES (?,?,?)' and 3 args, changed 1 rows
c14	2026-09-04 10:29:42,300 [TRACE] BaseMappedStatement insert arguments: [51, 0, null]
c14	2026-09-04 10:29:42,301 [DEBUG] BaseMappedStatement assigned id '52' from keyholder to 'id' in Foo object
c14	2026-09-04 10:29:42,302 [DEBUG] BaseMappedStatement insert data with statement 'INSERT INTO `foo` (`val` ,`equal` ,`string` ) VALUES (?,?,?)' and 3 args, changed 1 rows
c14	2026-09-04 10:29:42,302 [TRACE] BaseMappedStatement insert arguments: [52, 0, null]
c14	2026-09-04 10:29:42,302 [DEBUG] BaseMappedStatement assigned id '53' from keyholder to 'id' in Foo object
c14	2026-09-04 10:29:42,304 [DEBUG] BaseMappedStatement insert data with statement 'INSERT INTO `foo` (`val` ,`equal` ,`string` ) VALUES (?,?,?)' and 3 args, changed 1 rows
c14	2026-09-04 10:29:42,304 [TRACE] BaseMappedStatement insert arguments: [53, 0, null]
c14	2026-09-04 10:29:42,304 [DEBUG] BaseMappedStatement assigned id '54' from keyholder to 'id' in Foo object
c14	2026-09-04 10:29:42,304 [DEBUG] BaseMappedStatement insert data with statement 'INSERT INTO `foo` (`val` ,`equal` ,`string` ) VALUES (?,?,?)' and 3 args, changed 1 rows
c14	2026-09-04 10:29:42,305 [TRACE] BaseMappedStatement insert arguments: [54, 0, null]
c14	2026-09-04 10:29:42,305 [DEBUG] BaseMappedStatement assigned id '55' from keyholder to 'id' in Foo object
c14	2026-09-04 10:29:42,305 [DEBUG] BaseMappedStatement insert data with statement 'INSERT INTO `foo` (`val` ,`equal` ,`string` ) VALUES (?,?,?)' and 3 args, changed 1 rows
c14	2026-09-04 10:29:42,305 [TRACE] BaseMappedStatement insert arguments: [55, 0, null]
c14	2026-09-04 10:29:42,305 [DEBUG] BaseMappedStatement assigned id '56' from keyholder to 'id' in Foo object
c14	2026-09-04 10:29:42,305 [DEBUG] BaseMappedStatement insert data with statement 'INSERT INTO `foo` (`val` ,`equal` ,`string` ) VALUES (?,?,?)' and 3 args, changed 1 rows
c14	2026-09-04 10:29:42,305 [TRACE] BaseMappedStatement insert arguments: [56, 0, null]
c14	2026-09-04 10:29:42,305 [DEBUG] BaseMappedStatement assigned id '57' from keyholder to 'id' in Foo object
c14	2026-09-04 10:29:42,306 [DEBUG] BaseMappedStatement insert data with statement 'INSERT INTO `foo` (`val` ,`equal` ,`string` ) VALUES (?,?,?)' and 3 args, changed 1 rows
c14	2026-09-04 10:29:42,306 [TRACE] BaseMappedStatement insert arguments: [57, 0, null]
c14	2026-09-04 10:29:42,306 [DEBUG] BaseMappedStatement assigned id '58' from keyholder to 'id' in Foo object
c14	2026-09-04 10:29:42,306 [DEBUG] BaseMappedStatement insert data with statement 'INSERT INTO `foo` (`val` ,`equal` ,`string` ) VALUES (?,?,?)' and 3 args, changed 1 rows
c14	2026-09-04 10:29:42,306 [TRACE] BaseMappedStatement insert arguments: [58, 0, null]
c14	2026-09-04 10:29:42,306 [DEBUG] BaseMappedStatement assigned id '59' from keyholder to 'id' in Foo object
c14	2026-09-04 10:29:42,306 [DEBUG] BaseMappedStatement insert data with statement 'INSERT INTO `foo` (`val` ,`equal` ,`string` ) VALUES (?,?,?)' and 3 args, changed 1 rows
c14	2026-09-04 10:29:42,306 [TRACE] BaseMappedStatement insert arguments: [59, 0, null]
c14	2026-09-04 10:29:42,307 [DEBUG] BaseMappedStatement assigned id '60' from keyholder to 'id' in Foo object
c14	2026-09-04 10:29:42,307 [DEBUG] BaseMappedStatement insert data with statement 'INSERT INTO `foo` (`val` ,`equal` ,`string` ) VALUES (?,?,?)' and 3 args, changed 1 rows
c14	2026-09-04 10:29:42,307 [TRACE] BaseMappedStatement insert arguments: [60, 0, null]
c14	2026-09-04 10:29:42,307 [DEBUG] BaseMappedStatement assigned id '61' from keyholder to 'id' in Foo object
c14	2026-09-04 10:29:42,307 [DEBUG] BaseMappedStatement insert data with statement 'INSERT INTO `foo` (`val` ,`equal` ,`string` ) VALUES (?,?,?)' and 3 args, changed 1 rows
c14	2026-09-04 10:29:42,307 [TRACE] BaseMappedStatement insert arguments: [61, 0, null]
c14	2026-09-04 10:29:42,307 [DEBUG] BaseMappedStatement assigned id '62' from keyholder to 'id' in Foo object
c14	2026-09-04 10:29:42,308 [DEBUG] BaseMappedStatement insert data with statement 'INSERT INTO `foo` (`val` ,`equal` ,`string` ) VALUES (?,?,?)' and 3 args, changed 1 rows
c14	2026-09-04 10:29:42,308 [TRACE] BaseMappedStatement insert arguments: [62, 0, null]
c14	2026-09-04 10:29:42,308 [DEBUG] BaseMappedStatement assigned id '63' from keyholder to 'id' in Foo object
c14	2026-09-04 10:29:42,308 [DEBUG] BaseMappedStatement insert data with statement 'INSERT INTO `foo` (`val` ,`equal` ,`string` ) VALUES (?,?,?)' and 3 args, changed 1 rows
c14	2026-09-04 10:29:42,308 [TRACE] BaseMappedStatement insert arguments: [63, 0, null]
c14	2026-09-04 10:29:42,308 [DEBUG] BaseMappedStatement assigned id '64' from keyholder to 'id' in Foo object
c14	2026-09-04 10:29:42,308 [DEBUG] BaseMappedStatement insert data with statement 'INSERT INTO `foo` (`val` ,`equal` ,`string` ) VALUES (?,?,?)' and 3 args, changed 1 rows
c14	2026-09-04 10:29:42,309 [TRACE] BaseMappedStatement insert arguments: [64, 0, null]
c14	2026-09-04 10:29:42,309 [DEBUG] BaseMappedStatement assigned id '65' from keyholder to 'id' in Foo object
c14	2026-09-04 10:29:42,309 [DEBUG] BaseMappedStatement insert data with statement 'INSERT INTO `foo` (`val` ,`equal` ,`string` ) VALUES (?,?,?)' and 3 args, changed 1 rows
c14	2026-09-04 10:29:42,309 [TRACE] BaseMappedStatement insert arguments: [65, 0, null]
c14	2026-09-04 10:29:42,309 [DEBUG] BaseMappedStatement assigned id '66' from keyholder to 'id' in Foo object
c14	2026-09-04 10:29:42,309 [DEBUG] BaseMappedStatement insert data with statement 'INSERT INTO `foo` (`val` ,`equal` ,`string` ) VALUES (?,?,?)' and 3 args, changed 1 rows
c14	2026-09-04 10:29:42,309 [TRACE] BaseMappedStatement insert arguments: [66, 0, null]
c14	2026-09-04 10:29:42,309 [DEBUG] BaseMappedStatement assigned id '67' from keyholder to 'id' in Foo object
c14	2026-09-04 10:29:42,309 [DEBUG] BaseMappedStatement insert data with statement 'INSERT INTO `foo` (`val` ,`equal` ,`string` ) VALUES (?,?,?)' and 3 args, changed 1 rows
c14	2026-09-04 10:29:42,310 [TRACE] BaseMappedStatement insert arguments: [67, 0, null]
c14	2026-09-04 10:29:42,310 [DEBUG] BaseMappedStatement assigned id '68' from keyholder to 'id' in Foo object
c14	2026-09-04 10:29:42,310 [DEBUG] BaseMappedStatement insert data with statement 'INSERT INTO `foo` (`val` ,`equal` ,`string` ) VALUES (?,?,?)' and 3 args, changed 1 rows
c14	2026-09-04 10:29:42,310 [TRACE] BaseMappedStatement insert arguments: [68, 0, null]
c14	2026-09-04 10:29:42,310 [DEBUG] BaseMappedStatement assigned id '69' from keyholder to 'id' in Foo object
c14	2026-09-04 10:29:42,310 [DEBUG] BaseMappedStatement insert data with statement 'INSERT INTO `foo` (`val` ,`equal` ,`string` ) VALUES (?,?,?)' and 3 args, changed 1 rows
c14	2026-09-04 10:29:42,310 [TRACE] BaseMappedStatement insert arguments: [69, 0, null]
c14	2026-09-04 10:29:42,310 [DEBUG] BaseMappedStatement assigned id '70' from keyholder to 'id' in Foo object
c14	2026-09-04 10:29:42,310 [DEBUG] BaseMappedStatement insert data with statement 'INSERT INTO `foo` (`val` ,`equal` ,`string` ) VALUES (?,?,?)' and 3 args, changed 1 rows
c14	2026-09-04 10:29:42,310 [TRACE] BaseMappedStatement insert arguments: [70, 0, null]
c14	2026-09-04 10:29:42,310 [DEBUG] BaseMappedStatement assigned id '71' from keyholder to 'id' in Foo object
c14	2026-09-04 10:29:42,311 [DEBUG] BaseMappedStatement insert data with statement 'INSERT INTO `foo` (`val` ,`equal` ,`string` ) VALUES (?,?,?)' and 3 args, changed 1 rows
c14	2026-09-04 10:29:42,311 [TRACE] BaseMappedStatement insert arguments: [71, 0, null]
c14	2026-09-04 10:29:42,311 [DEBUG] BaseMappedStatement assigned id '72' from keyholder to 'id' in Foo object
c14	2026-09-04 10:29:42,311 [DEBUG] BaseMappedStatement insert data with statement 'INSERT INTO `foo` (`val` ,`equal` ,`string` ) VALUES (?,?,?)' and 3 args, changed 1 rows
c14	2026-09-04 10:29:42,311 [TRACE] BaseMappedStatement insert arguments: [72, 0, null]
c14	2026-09-04 10:29:42,311 [DEBUG] BaseMappedStatement assigned id '73' from keyholder to 'id' in Foo object
c14	2026-09-04 10:29:42,312 [DEBUG] BaseMappedStatement insert data with statement 'INSERT INTO `foo` (`val` ,`equal` ,`string` ) VALUES (?,?,?)' and 3 args, changed 1 rows
c14	2026-09-04 10:29:42,312 [TRACE] BaseMappedStatement insert arguments: [73, 0, null]
c14	2026-09-04 10:29:42,312 [DEBUG] BaseMappedStatement assigned id '74' from keyholder to 'id' in Foo object
c14	2026-09-04 10:29:42,312 [DEBUG] BaseMappedStatement insert data with statement 'INSERT INTO `foo` (`val` ,`equal` ,`string` ) VALUES (?,?,?)' and 3 args, changed 1 rows
c14	2026-09-04 10:29:42,312 [TRACE] BaseMappedStatement insert arguments: [74, 0, null]
c14	2026-09-04 10:29:42,312 [DEBUG] BaseMappedStatement assigned id '75' from keyholder to 'id' in Foo object
c14	2026-09-04 10:29:42,312 [DEBUG] BaseMappedStatement insert data with statement 'INSERT INTO `foo` (`val` ,`equal` ,`string` ) VALUES (?,?,?)' and 3 args, changed 1 rows
c14	2026-09-04 10:29:42,312 [TRACE] BaseMappedStatement insert arguments: [75, 0, null]
c14	2026-09-04 10:29:42,312 [DEBUG] BaseMappedStatement assigned id '76' from keyholder to 'id' in Foo object
c14	2026-09-04 10:29:42,313 [DEBUG] BaseMappedStatement insert data with statement 'INSERT INTO `foo` (`val` ,`equal` ,`string` ) VALUES (?,?,?)' and 3 args, changed 1 rows
c14	2026-09-04 10:29:42,313 [TRACE] BaseMappedStatement insert arguments: [76, 0, null]
c14	2026-09-04 10:29:42,313 [DEBUG] BaseMappedStatement assigned id '77' from keyholder to 'id' in Foo object
c14	2026-09-04 10:29:42,313 [DEBUG] BaseMappedStatement insert data with statement 'INSERT INTO `foo` (`val` ,`equal` ,`string` ) VALUES (?,?,?)' and 3 args, changed 1 rows
c14	2026-09-04 10:29:42,313 [TRACE] BaseMappedStatement insert arguments: [77, 0, null]
c14	2026-09-04 10:29:42,313 [DEBUG] BaseMappedStatement assigned id '78' from keyholder to 'id' in Foo object
c14	2026-09-04 10:29:42,313 [DEBUG] BaseMappedStatement insert data with statement 'INSERT INTO `foo` (`val` ,`equal` ,`string` ) VALUES (?,?,?)' and 3 args, changed 1 rows
c14	2026-09-04 10:29:42,313 [TRACE] BaseMappedStatement insert arguments: [78, 0, null]
c14	2026-09-04 10:29:42,313 [DEBUG] BaseMappedStatement assigned id '79' from keyholder to 'id' in Foo object
c14	2026-09-04 10:29:42,313 [DEBUG] BaseMappedStatement insert data with statement 'INSERT INTO `foo` (`val` ,`equal` ,`string` ) VALUES (?,?,?)' and 3 args, changed 1 rows
c14	2026-09-04 10:29:42,314 [TRACE] BaseMappedStatement insert arguments: [79, 0, null]
c14	2026-09-04 10:29:42,314 [DEBUG] BaseMappedStatement assigned id '80' from keyholder to 'id' in Foo object
c14	2026-09-04 10:29:42,314 [DEBUG] BaseMappedStatement insert data with statement 'INSERT INTO `foo` (`val` ,`equal` ,`string` ) VALUES (?,?,?)' and 3 args, changed 1 rows
c14	2026-09-04 10:29:42,314 [TRACE] BaseMappedStatement insert arguments: [80, 0, null]
c14	2026-09-04 10:29:42,314 [DEBUG] BaseMappedStatement assigned id '81' from keyholder to 'id' in Foo object
c14	2026-09-04 10:29:42,314 [DEBUG] BaseMappedStatement insert data with statement 'INSERT INTO `foo` (`val` ,`equal` ,`string` ) VALUES (?,?,?)' and 3 args, changed 1 rows
c14	2026-09-04 10:29:42,314 [TRACE] BaseMappedStatement insert arguments: [81, 0, null]
c14	2026-09-04 10:29:42,314 [DEBUG] BaseMappedStatement assigned id '82' from keyholder to 'id' in Foo object
c14	2026-09-04 10:29:42,314 [DEBUG] BaseMappedStatement insert data with statement 'INSERT INTO `foo` (`val` ,`equal` ,`string` ) VALUES (?,?,?)' and 3 args, changed 1 rows
c14	2026-09-04 10:29:42,314 [TRACE] BaseMappedStatement insert arguments: [82, 0, null]
c14	2026-09-04 10:29:42,315 [DEBUG] BaseMappedStatement assigned id '83' from keyholder to 'id' in Foo object
c14	2026-09-04 10:29:42,315 [DEBUG] BaseMappedStatement insert data with statement 'INSERT INTO `foo` (`val` ,`equal` ,`string` ) VALUES (?,?,?)' and 3 args, changed 1 rows
c14	2026-09-04 10:29:42,315 [TRACE] BaseMappedStatement insert arguments: [83, 0, null]
c14	2026-09-04 10:29:42,315 [DEBUG] BaseMappedStatement assigned id '84' from keyholder to 'id' in Foo object
c14	2026-09-04 10:29:42,315 [DEBUG] BaseMappedStatement insert data with statement 'INSERT INTO `foo` (`val` ,`equal` ,`string` ) VALUES (?,?,?)' and 3 args, changed 1 rows
c14	2026-09-04 10:29:42,315 [TRACE] BaseMappedStatement insert arguments: [84, 0, null]
c14	2026-09-04 10:29:42,315 [DEBUG] BaseMappedStatement assigned id '85' from keyholder to 'id' in Foo object
c14	2026-09-04 10:29:42,316 [DEBUG] BaseMappedStatement insert data with statement 'INSERT INTO `foo` (`val` ,`equal` ,`string` ) VALUES (?,?,?)' and 3 args, changed 1 rows
c14	2026-09-04 10:29:42,316 [TRACE] BaseMappedStatement insert arguments: [85, 0, null]
c14	2026-09-04 10:29:42,316 [DEBUG] BaseMappedStatement assigned id '86' from keyholder to 'id' in Foo object
c14	2026-09-04 10:29:42,316 [DEBUG] BaseMappedStatement insert data with statement 'INSERT INTO `foo` (`val` ,`equal` ,`string` ) VALUES (?,?,?)' and 3 args, changed 1 rows
c14	2026-09-04 10:29:42,316 [TRACE] BaseMappedStatement insert arguments: [86, 0, null]
c14	2026-09-04 10:29:42,316 [DEBUG] BaseMappedStatement assigned id '87' from keyholder to 'id' in Foo object
c14	2026-09-04 10:29:42,316 [DEBUG] BaseMappedStatement insert data with statement 'INSERT INTO `foo` (`val` ,`equal` ,`string` ) VALUES (?,?,?)' and 3 args, changed 1 rows
c14	2026-09-04 10:29:42,316 [TRACE] BaseMappedStatement insert arguments: [87, 0, null]
c14	2026-09-04 10:29:42,316 [DEBUG] BaseMappedStatement assigned id '88' from keyholder to 'id' in Foo object
c14	2026-09-04 10:29:42,316 [DEBUG] BaseMappedStatement insert data with statement 'INSERT INTO `foo` (`val` ,`equal` ,`string` ) VALUES (?,?,?)' and 3 args, changed 1 rows
c14	2026-09-04 10:29:42,317 [TRACE] BaseMappedStatement insert arguments: [88, 0, null]
c14	2026-09-04 10:29:42,317 [DEBUG] BaseMappedStatement assigned id '89' from keyholder to 'id' in Foo object
c14	2026-09-04 10:29:42,317 [DEBUG] BaseMappedStatement insert data with statement 'INSERT INTO `foo` (`val` ,`equal` ,`string` ) VALUES (?,?,?)' and 3 args, changed 1 rows
c14	2026-09-04 10:29:42,317 [TRACE] BaseMappedStatement insert arguments: [89, 0, null]
c14	2026-09-04 10:29:42,317 [DEBUG] BaseMappedStatement assigned id '90' from keyholder to 'id' in Foo object
c14	2026-09-04 10:29:42,317 [DEBUG] BaseMappedStatement insert data with statement 'INSERT INTO `foo` (`val` ,`equal` ,`string` ) VALUES (?,?,?)' and 3 args, changed 1 rows
c14	2026-09-04 10:29:42,317 [TRACE] BaseMappedStatement insert arguments: [90, 0, null]
c14	2026-09-04 10:29:42,317 [DEBUG] BaseMappedStatement assigned id '91' from keyholder to 'id' in Foo object
c14	2026-09-04 10:29:42,318 [DEBUG] BaseMappedStatement insert data with statement 'INSERT INTO `foo` (`val` ,`equal` ,`string` ) VALUES (?,?,?)' and 3 args, changed 1 rows
c14	2026-09-04 10:29:42,318 [TRACE] BaseMappedStatement insert arguments: [91, 0, null]
c14	2026-09-04 10:29:42,318 [DEBUG] BaseMappedStatement assigned id '92' from keyholder to 'id' in Foo object
c14	2026-09-04 10:29:42,319 [DEBUG] BaseMappedStatement insert data with statement 'INSERT INTO `foo` (`val` ,`equal` ,`string` ) VALUES (?,?,?)' and 3 args, changed 1 rows
c14	2026-09-04 10:29:42,319 [TRACE] BaseMappedStatement insert arguments: [92, 0, null]
c14	2026-09-04 10:29:42,319 [DEBUG] BaseMappedStatement assigned id '93' from keyholder to 'id' in Foo object
c14	2026-09-04 10:29:42,320 [DEBUG] BaseMappedStatement insert data with statement 'INSERT INTO `foo` (`val` ,`equal` ,`string` ) VALUES (?,?,?)' and 3 args, changed 1 rows
c14	2026-09-04 10:29:42,320 [TRACE] BaseMappedStatement insert arguments: [93, 0, null]
c14	2026-09-04 10:29:42,321 [DEBUG] BaseMappedStatement assigned id '94' from keyholder to 'id' in Foo object
c14	2026-09-04 10:29:42,327 [DEBUG] BaseMappedStatement insert data with statement 'INSERT INTO `foo` (`val` ,`equal` ,`string` ) VALUES (?,?,?)' and 3 args, changed 1 rows
c14	2026-09-04 10:29:42,327 [TRACE] BaseMappedStatement insert arguments: [94, 0, null]
c14	2026-09-04 10:29:42,327 [DEBUG] BaseMappedStatement assigned id '95' from keyholder to 'id' in Foo object
c14	2026-09-04 10:29:42,328 [DEBUG] BaseMappedStatement insert data with statement 'INSERT INTO `foo` (`val` ,`equal` ,`string` ) VALUES (?,?,?)' and 3 args, changed 1 rows
c14	2026-09-04 10:29:42,328 [TRACE] BaseMappedStatement insert arguments: [95, 0, null]
c14	2026-09-04 10:29:42,328 [DEBUG] BaseMappedStatement assigned id '96' from keyholder to 'id' in Foo object
c14	2026-09-04 10:29:42,329 [DEBUG] BaseMappedStatement insert data with statement 'INSERT INTO `foo` (`val` ,`equal` ,`string` ) VALUES (?,?,?)' and 3 args, changed 1 rows
c14	2026-09-04 10:29:42,329 [TRACE] BaseMappedStatement insert arguments: [96, 0, null]
c14	2026-09-04 10:29:42,329 [DEBUG] BaseMappedStatement assigned id '97' from keyholder to 'id' in Foo object
c14	2026-09-04 10:29:42,330 [DEBUG] BaseMappedStatement insert data with statement 'INSERT INTO `foo` (`val` ,`equal` ,`string` ) VALUES (?,?,?)' and 3 args, changed 1 rows
c14	2026-09-04 10:29:42,330 [TRACE] BaseMappedStatement insert arguments: [97, 0, null]
c14	2026-09-04 10:29:42,330 [DEBUG] BaseMappedStatement assigned id '98' from keyholder to 'id' in Foo object
c14	2026-09-04 10:29:42,330 [DEBUG] BaseMappedStatement insert data with statement 'INSERT INTO `foo` (`val` ,`equal` ,`string` ) VALUES (?,?,?)' and 3 args, changed 1 rows
c14	2026-09-04 10:29:42,330 [TRACE] BaseMappedStatement insert arguments: [98, 0, null]
c14	2026-09-04 10:29:42,330 [DEBUG] BaseMappedStatement assigned id '99' from keyholder to 'id' in Foo object
c14	2026-09-04 10:29:42,331 [DEBUG] BaseMappedStatement insert data with statement 'INSERT INTO `foo` (`val` ,`equal` ,`string` ) VALUES (?,?,?)' and 3 args, changed 1 rows
c14	2026-09-04 10:29:42,331 [TRACE] BaseMappedStatement insert arguments: [99, 0, null]
c14	2026-09-04 10:29:42,331 [DEBUG] BaseMappedStatement assigned id '100' from keyholder to 'id' in Foo object
c14	2026-09-04 10:29:42,333 [DEBUG] StatementExecutor re-enabled auto-commit on table foo after batch tasks
c14	2026-09-04 10:29:42,345 [DEBUG] BaseMappedStatement query-for-id using 'SELECT * FROM `foo` WHERE `id` = ?' and 1 args, got 1 result
c14	2026-09-04 10:29:42,345 [TRACE] BaseMappedStatement query-for-id arguments: [1]
c14	2026-09-04 10:29:42,346 [DEBUG] BaseMappedStatement query-for-id using 'SELECT * FROM `foo` WHERE `id` = ?' and 1 args, got 1 result
c14	2026-09-04 10:29:42,346 [TRACE] BaseMappedStatement query-for-id arguments: [2]
c14	2026-09-04 10:29:42,346 [DEBUG] BaseMappedStatement query-for-id using 'SELECT * FROM `foo` WHERE `id` = ?' and 1 args, got 1 result
c14	2026-09-04 10:29:42,346 [TRACE] BaseMappedStatement query-for-id arguments: [3]
c14	2026-09-04 10:29:42,346 [DEBUG] BaseMappedStatement query-for-id using 'SELECT * FROM `foo` WHERE `id` = ?' and 1 args, got 1 result
c14	2026-09-04 10:29:42,346 [TRACE] BaseMappedStatement query-for-id arguments: [4]
c14	2026-09-04 10:29:42,347 [DEBUG] BaseMappedStatement query-for-id using 'SELECT * FROM `foo` WHERE `id` = ?' and 1 args, got 1 result
c14	2026-09-04 10:29:42,347 [TRACE] BaseMappedStatement query-for-id arguments: [5]
c14	2026-09-04 10:29:42,348 [DEBUG] BaseMappedStatement query-for-id using 'SELECT * FROM `foo` WHERE `id` = ?' and 1 args, got 1 result
c14	2026-09-04 10:29:42,348 [TRACE] BaseMappedStatement query-for-id arguments: [6]
c14	2026-09-04 10:29:42,348 [DEBUG] BaseMappedStatement query-for-id using 'SELECT * FROM `foo` WHERE `id` = ?' and 1 args, got 1 result
c14	2026-09-04 10:29:42,348 [TRACE] BaseMappedStatement query-for-id arguments: [7]
c14	2026-09-04 10:29:42,349 [DEBUG] BaseMappedStatement query-for-id using 'SELECT * FROM `foo` WHERE `id` = ?' and 1 args, got 1 result
c14	2026-09-04 10:29:42,349 [TRACE] BaseMappedStatement query-for-id arguments: [8]
c14	2026-09-04 10:29:42,349 [DEBUG] BaseMappedStatement query-for-id using 'SELECT * FROM `foo` WHERE `id` = ?' and 1 args, got 1 result
c14	2026-09-04 10:29:42,349 [TRACE] BaseMappedStatement query-for-id arguments: [9]
c14	2026-09-04 10:29:42,350 [DEBUG] BaseMappedStatement query-for-id using 'SELECT * FROM `foo` WHERE `id` = ?' and 1 args, got 1 result
c14	2026-09-04 10:29:42,350 [TRACE] BaseMappedStatement query-for-id arguments: [10]
c14	2026-09-04 10:29:42,350 [DEBUG] BaseMappedStatement query-for-id using 'SELECT * FROM `foo` WHERE `id` = ?' and 1 args, got 1 result
c14	2026-09-04 10:29:42,350 [TRACE] BaseMappedStatement query-for-id arguments: [11]
c14	2026-09-04 10:29:42,351 [DEBUG] BaseMappedStatement query-for-id using 'SELECT * FROM `foo` WHERE `id` = ?' and 1 args, got 1 result
c14	2026-09-04 10:29:42,351 [TRACE] BaseMappedStatement query-for-id arguments: [12]
c14	2026-09-04 10:29:42,352 [DEBUG] BaseMappedStatement query-for-id using 'SELECT * FROM `foo` WHERE `id` = ?' and 1 args, got 1 result
c14	2026-09-04 10:29:42,352 [TRACE] BaseMappedStatement query-for-id arguments: [13]
c14	2026-09-04 10:29:42,352 [DEBUG] BaseMappedStatement query-for-id using 'SELECT * FROM `foo` WHERE `id` = ?' and 1 args, got 1 result
c14	2026-09-04 10:29:42,352 [TRACE] BaseMappedStatement query-for-id arguments: [14]
c14	2026-09-04 10:29:42,353 [DEBUG] BaseMappedStatement query-for-id using 'SELECT * FROM `foo` WHERE `id` = ?' and 1 args, got 1 result
c14	2026-09-04 10:29:42,354 [TRACE] BaseMappedStatement query-for-id arguments: [15]
c14	2026-09-04 10:29:42,356 [DEBUG] BaseMappedStatement query-for-id using 'SELECT * FROM `foo` WHERE `id` = ?' and 1 args, got 1 result
c14	2026-09-04 10:29:42,356 [TRACE] BaseMappedStatement query-for-id arguments: [16]
c14	2026-09-04 10:29:42,359 [DEBUG] BaseMappedStatement query-for-id using 'SELECT * FROM `foo` WHERE `id` = ?' and 1 args, got 1 result
c14	2026-09-04 10:29:42,359 [TRACE] BaseMappedStatement query-for-id arguments: [17]
c14	2026-09-04 10:29:42,360 [DEBUG] BaseMappedStatement query-for-id using 'SELECT * FROM `foo` WHERE `id` = ?' and 1 args, got 1 result
c14	2026-09-04 10:29:42,360 [TRACE] BaseMappedStatement query-for-id arguments: [18]
c14	2026-09-04 10:29:42,361 [DEBUG] BaseMappedStatement query-for-id using 'SELECT * FROM `foo` WHERE `id` = ?' and 1 args, got 1 result
c14	2026-09-04 10:29:42,361 [TRACE] BaseMappedStatement query-for-id arguments: [19]
c14	2026-09-04 10:29:42,361 [DEBUG] BaseMappedStatement query-for-id using 'SELECT * FROM `foo` WHERE `id` = ?' and 1 args, got 1 result
c14	2026-09-04 10:29:42,361 [TRACE] BaseMappedStatement query-for-id arguments: [20]
c14	2026-09-04 10:29:42,362 [DEBUG] BaseMappedStatement query-for-id using 'SELECT * FROM `foo` WHERE `id` = ?' and 1 args, got 1 result
c14	2026-09-04 10:29:42,362 [TRACE] BaseMappedStatement query-for-id arguments: [21]
c14	2026-09-04 10:29:42,362 [DEBUG] BaseMappedStatement query-for-id using 'SELECT * FROM `foo` WHERE `id` = ?' and 1 args, got 1 result
c14	2026-09-04 10:29:42,362 [TRACE] BaseMappedStatement query-for-id arguments: [22]
c14	2026-09-04 10:29:42,363 [DEBUG] BaseMappedStatement query-for-id using 'SELECT * FROM `foo` WHERE `id` = ?' and 1 args, got 1 result
c14	2026-09-04 10:29:42,363 [TRACE] BaseMappedStatement query-for-id arguments: [23]
c14	2026-09-04 10:29:42,363 [DEBUG] BaseMappedStatement query-for-id using 'SELECT * FROM `foo` WHERE `id` = ?' and 1 args, got 1 result
c14	2026-09-04 10:29:42,363 [TRACE] BaseMappedStatement query-for-id arguments: [24]
c14	2026-09-04 10:29:42,364 [DEBUG] BaseMappedStatement query-for-id using 'SELECT * FROM `foo` WHERE `id` = ?' and 1 args, got 1 result
c14	2026-09-04 10:29:42,364 [TRACE] BaseMappedStatement query-for-id arguments: [25]
c14	2026-09-04 10:29:42,364 [DEBUG] BaseMappedStatement query-for-id using 'SELECT * FROM `foo` WHERE `id` = ?' and 1 args, got 1 result
c14	2026-09-04 10:29:42,364 [TRACE] BaseMappedStatement query-for-id arguments: [26]
c14	2026-09-04 10:29:42,365 [DEBUG] BaseMappedStatement query-for-id using 'SELECT * FROM `foo` WHERE `id` = ?' and 1 args, got 1 result
c14	2026-09-04 10:29:42,365 [TRACE] BaseMappedStatement query-for-id arguments: [27]
c14	2026-09-04 10:29:42,365 [DEBUG] BaseMappedStatement query-for-id using 'SELECT * FROM `foo` WHERE `id` = ?' and 1 args, got 1 result
c14	2026-09-04 10:29:42,365 [TRACE] BaseMappedStatement query-for-id arguments: [28]
c14	2026-09-04 10:29:42,366 [DEBUG] BaseMappedStatement query-for-id using 'SELECT * FROM `foo` WHERE `id` = ?' and 1 args, got 1 result
c14	2026-09-04 10:29:42,366 [TRACE] BaseMappedStatement query-for-id arguments: [29]
c14	2026-09-04 10:29:42,366 [DEBUG] BaseMappedStatement query-for-id using 'SELECT * FROM `foo` WHERE `id` = ?' and 1 args, got 1 result
c14	2026-09-04 10:29:42,366 [TRACE] BaseMappedStatement query-for-id arguments: [30]
c14	2026-09-04 10:29:42,367 [DEBUG] BaseMappedStatement query-for-id using 'SELECT * FROM `foo` WHERE `id` = ?' and 1 args, got 1 result
c14	2026-09-04 10:29:42,367 [TRACE] BaseMappedStatement query-for-id arguments: [31]
c14	2026-09-04 10:29:42,367 [DEBUG] BaseMappedStatement query-for-id using 'SELECT * FROM `foo` WHERE `id` = ?' and 1 args, got 1 result
c14	2026-09-04 10:29:42,367 [TRACE] BaseMappedStatement query-for-id arguments: [32]
c14	2026-09-04 10:29:42,368 [DEBUG] BaseMappedStatement query-for-id using 'SELECT * FROM `foo` WHERE `id` = ?' and 1 args, got 1 result
c14	2026-09-04 10:29:42,368 [TRACE] BaseMappedStatement query-for-id arguments: [33]
c14	2026-09-04 10:29:42,368 [DEBUG] BaseMappedStatement query-for-id using 'SELECT * FROM `foo` WHERE `id` = ?' and 1 args, got 1 result
c14	2026-09-04 10:29:42,368 [TRACE] BaseMappedStatement query-for-id arguments: [34]
c14	2026-09-04 10:29:42,368 [DEBUG] BaseMappedStatement query-for-id using 'SELECT * FROM `foo` WHERE `id` = ?' and 1 args, got 1 result
c14	2026-09-04 10:29:42,369 [TRACE] BaseMappedStatement query-for-id arguments: [35]
c14	2026-09-04 10:29:42,369 [DEBUG] BaseMappedStatement query-for-id using 'SELECT * FROM `foo` WHERE `id` = ?' and 1 args, got 1 result
c14	2026-09-04 10:29:42,369 [TRACE] BaseMappedStatement query-for-id arguments: [36]
c14	2026-09-04 10:29:42,369 [DEBUG] BaseMappedStatement query-for-id using 'SELECT * FROM `foo` WHERE `id` = ?' and 1 args, got 1 result
c14	2026-09-04 10:29:42,369 [TRACE] BaseMappedStatement query-for-id arguments: [37]
c14	2026-09-04 10:29:42,370 [DEBUG] BaseMappedStatement query-for-id using 'SELECT * FROM `foo` WHERE `id` = ?' and 1 args, got 1 result
c14	2026-09-04 10:29:42,370 [TRACE] BaseMappedStatement query-for-id arguments: [38]
c14	2026-09-04 10:29:42,371 [DEBUG] BaseMappedStatement query-for-id using 'SELECT * FROM `foo` WHERE `id` = ?' and 1 args, got 1 result
c14	2026-09-04 10:29:42,371 [TRACE] BaseMappedStatement query-for-id arguments: [39]
c14	2026-09-04 10:29:42,371 [DEBUG] BaseMappedStatement query-for-id using 'SELECT * FROM `foo` WHERE `id` = ?' and 1 args, got 1 result
c14	2026-09-04 10:29:42,372 [TRACE] BaseMappedStatement query-for-id arguments: [40]
c14	2026-09-04 10:29:42,372 [DEBUG] BaseMappedStatement query-for-id using 'SELECT * FROM `foo` WHERE `id` = ?' and 1 args, got 1 result
c14	2026-09-04 10:29:42,372 [TRACE] BaseMappedStatement query-for-id arguments: [41]
c14	2026-09-04 10:29:42,373 [DEBUG] BaseMappedStatement query-for-id using 'SELECT * FROM `foo` WHERE `id` = ?' and 1 args, got 1 result
c14	2026-09-04 10:29:42,373 [TRACE] BaseMappedStatement query-for-id arguments: [42]
c14	2026-09-04 10:29:42,373 [DEBUG] BaseMappedStatement query-for-id using 'SELECT * FROM `foo` WHERE `id` = ?' and 1 args, got 1 result
c14	2026-09-04 10:29:42,374 [TRACE] BaseMappedStatement query-for-id arguments: [43]
c14	2026-09-04 10:29:42,375 [DEBUG] BaseMappedStatement query-for-id using 'SELECT * FROM `foo` WHERE `id` = ?' and 1 args, got 1 result
c14	2026-09-04 10:29:42,375 [TRACE] BaseMappedStatement query-for-id arguments: [44]
c14	2026-09-04 10:29:42,377 [DEBUG] BaseMappedStatement query-for-id using 'SELECT * FROM `foo` WHERE `id` = ?' and 1 args, got 1 result
c14	2026-09-04 10:29:42,378 [TRACE] BaseMappedStatement query-for-id arguments: [45]
c14	2026-09-04 10:29:42,378 [DEBUG] BaseMappedStatement query-for-id using 'SELECT * FROM `foo` WHERE `id` = ?' and 1 args, got 1 result
c14	2026-09-04 10:29:42,379 [TRACE] BaseMappedStatement query-for-id arguments: [46]
c14	2026-09-04 10:29:42,379 [DEBUG] BaseMappedStatement query-for-id using 'SELECT * FROM `foo` WHERE `id` = ?' and 1 args, got 1 result
c14	2026-09-04 10:29:42,379 [TRACE] BaseMappedStatement query-for-id arguments: [47]
c14	2026-09-04 10:29:42,380 [DEBUG] BaseMappedStatement query-for-id using 'SELECT * FROM `foo` WHERE `id` = ?' and 1 args, got 1 result
c14	2026-09-04 10:29:42,380 [TRACE] BaseMappedStatement query-for-id arguments: [48]
c14	2026-09-04 10:29:42,380 [DEBUG] BaseMappedStatement query-for-id using 'SELECT * FROM `foo` WHERE `id` = ?' and 1 args, got 1 result
c14	2026-09-04 10:29:42,380 [TRACE] BaseMappedStatement query-for-id arguments: [49]
c14	2026-09-04 10:29:42,381 [DEBUG] BaseMappedStatement query-for-id using 'SELECT * FROM `foo` WHERE `id` = ?' and 1 args, got 1 result
c14	2026-09-04 10:29:42,381 [TRACE] BaseMappedStatement query-for-id arguments: [50]
c14	2026-09-04 10:29:42,381 [DEBUG] BaseMappedStatement query-for-id using 'SELECT * FROM `foo` WHERE `id` = ?' and 1 args, got 1 result
c14	2026-09-04 10:29:42,381 [TRACE] BaseMappedStatement query-for-id arguments: [51]
c14	2026-09-04 10:29:42,382 [DEBUG] BaseMappedStatement query-for-id using 'SELECT * FROM `foo` WHERE `id` = ?' and 1 args, got 1 result
c14	2026-09-04 10:29:42,382 [TRACE] BaseMappedStatement query-for-id arguments: [52]
c14	2026-09-04 10:29:42,382 [DEBUG] BaseMappedStatement query-for-id using 'SELECT * FROM `foo` WHERE `id` = ?' and 1 args, got 1 result
c14	2026-09-04 10:29:42,382 [TRACE] BaseMappedStatement query-for-id arguments: [53]
c14	2026-09-04 10:29:42,383 [DEBUG] BaseMappedStatement query-for-id using 'SELECT * FROM `foo` WHERE `id` = ?' and 1 args, got 1 result
c14	2026-09-04 10:29:42,383 [TRACE] BaseMappedStatement query-for-id arguments: [54]
c14	2026-09-04 10:29:42,383 [DEBUG] BaseMappedStatement query-for-id using 'SELECT * FROM `foo` WHERE `id` = ?' and 1 args, got 1 result
c14	2026-09-04 10:29:42,383 [TRACE] BaseMappedStatement query-for-id arguments: [55]
c14	2026-09-04 10:29:42,384 [DEBUG] BaseMappedStatement query-for-id using 'SELECT * FROM `foo` WHERE `id` = ?' and 1 args, got 1 result
c14	2026-09-04 10:29:42,384 [TRACE] BaseMappedStatement query-for-id arguments: [56]
c14	2026-09-04 10:29:42,384 [DEBUG] BaseMappedStatement query-for-id using 'SELECT * FROM `foo` WHERE `id` = ?' and 1 args, got 1 result
c14	2026-09-04 10:29:42,384 [TRACE] BaseMappedStatement query-for-id arguments: [57]
c14	2026-09-04 10:29:42,385 [DEBUG] BaseMappedStatement query-for-id using 'SELECT * FROM `foo` WHERE `id` = ?' and 1 args, got 1 result
c14	2026-09-04 10:29:42,385 [TRACE] BaseMappedStatement query-for-id arguments: [58]
c14	2026-09-04 10:29:42,385 [DEBUG] BaseMappedStatement query-for-id using 'SELECT * FROM `foo` WHERE `id` = ?' and 1 args, got 1 result
c14	2026-09-04 10:29:42,385 [TRACE] BaseMappedStatement query-for-id arguments: [59]
c14	2026-09-04 10:29:42,386 [DEBUG] BaseMappedStatement query-for-id using 'SELECT * FROM `foo` WHERE `id` = ?' and 1 args, got 1 result
c14	2026-09-04 10:29:42,386 [TRACE] BaseMappedStatement query-for-id arguments: [60]
c14	2026-09-04 10:29:42,386 [DEBUG] BaseMappedStatement query-for-id using 'SELECT * FROM `foo` WHERE `id` = ?' and 1 args, got 1 result
c14	2026-09-04 10:29:42,386 [TRACE] BaseMappedStatement query-for-id arguments: [61]
c14	2026-09-04 10:29:42,387 [DEBUG] BaseMappedStatement query-for-id using 'SELECT * FROM `foo` WHERE `id` = ?' and 1 args, got 1 result
c14	2026-09-04 10:29:42,387 [TRACE] BaseMappedStatement query-for-id arguments: [62]
c14	2026-09-04 10:29:42,387 [DEBUG] BaseMappedStatement query-for-id using 'SELECT * FROM `foo` WHERE `id` = ?' and 1 args, got 1 result
c14	2026-09-04 10:29:42,387 [TRACE] BaseMappedStatement query-for-id arguments: [63]
c14	2026-09-04 10:29:42,388 [DEBUG] BaseMappedStatement query-for-id using 'SELECT * FROM `foo` WHERE `id` = ?' and 1 args, got 1 result
c14	2026-09-04 10:29:42,388 [TRACE] BaseMappedStatement query-for-id arguments: [64]
c14	2026-09-04 10:29:42,388 [DEBUG] BaseMappedStatement query-for-id using 'SELECT * FROM `foo` WHERE `id` = ?' and 1 args, got 1 result
c14	2026-09-04 10:29:42,388 [TRACE] BaseMappedStatement query-for-id arguments: [65]
c14	2026-09-04 10:29:42,388 [DEBUG] BaseMappedStatement query-for-id using 'SELECT * FROM `foo` WHERE `id` = ?' and 1 args, got 1 result
c14	2026-09-04 10:29:42,388 [TRACE] BaseMappedStatement query-for-id arguments: [66]
c14	2026-09-04 10:29:42,389 [DEBUG] BaseMappedStatement query-for-id using 'SELECT * FROM `foo` WHERE `id` = ?' and 1 args, got 1 result
c14	2026-09-04 10:29:42,389 [TRACE] BaseMappedStatement query-for-id arguments: [67]
c14	2026-09-04 10:29:42,389 [DEBUG] BaseMappedStatement query-for-id using 'SELECT * FROM `foo` WHERE `id` = ?' and 1 args, got 1 result
c14	2026-09-04 10:29:42,389 [TRACE] BaseMappedStatement query-for-id arguments: [68]
c14	2026-09-04 10:29:42,390 [DEBUG] BaseMappedStatement query-for-id using 'SELECT * FROM `foo` WHERE `id` = ?' and 1 args, got 1 result
c14	2026-09-04 10:29:42,390 [TRACE] BaseMappedStatement query-for-id arguments: [69]
c14	2026-09-04 10:29:42,390 [DEBUG] BaseMappedStatement query-for-id using 'SELECT * FROM `foo` WHERE `id` = ?' and 1 args, got 1 result
c14	2026-09-04 10:29:42,390 [TRACE] BaseMappedStatement query-for-id arguments: [70]
c14	2026-09-04 10:29:42,390 [DEBUG] BaseMappedStatement query-for-id using 'SELECT * FROM `foo` WHERE `id` = ?' and 1 args, got 1 result
c14	2026-09-04 10:29:42,390 [TRACE] BaseMappedStatement query-for-id arguments: [71]
c14	2026-09-04 10:29:42,391 [DEBUG] BaseMappedStatement query-for-id using 'SELECT * FROM `foo` WHERE `id` = ?' and 1 args, got 1 result
c14	2026-09-04 10:29:42,391 [TRACE] BaseMappedStatement query-for-id arguments: [72]
c14	2026-09-04 10:29:42,391 [DEBUG] BaseMappedStatement query-for-id using 'SELECT * FROM `foo` WHERE `id` = ?' and 1 args, got 1 result
c14	2026-09-04 10:29:42,391 [TRACE] BaseMappedStatement query-for-id arguments: [73]
c14	2026-09-04 10:29:42,392 [DEBUG] BaseMappedStatement query-for-id using 'SELECT * FROM `foo` WHERE `id` = ?' and 1 args, got 1 result
c14	2026-09-04 10:29:42,392 [TRACE] BaseMappedStatement query-for-id arguments: [74]
c14	2026-09-04 10:29:42,392 [DEBUG] BaseMappedStatement query-for-id using 'SELECT * FROM `foo` WHERE `id` = ?' and 1 args, got 1 result
c14	2026-09-04 10:29:42,392 [TRACE] BaseMappedStatement query-for-id arguments: [75]
c14	2026-09-04 10:29:42,393 [DEBUG] BaseMappedStatement query-for-id using 'SELECT * FROM `foo` WHERE `id` = ?' and 1 args, got 1 result
c14	2026-09-04 10:29:42,394 [TRACE] BaseMappedStatement query-for-id arguments: [76]
c14	2026-09-04 10:29:42,396 [DEBUG] BaseMappedStatement query-for-id using 'SELECT * FROM `foo` WHERE `id` = ?' and 1 args, got 1 result
c14	2026-09-04 10:29:42,396 [TRACE] BaseMappedStatement query-for-id arguments: [77]
c14	2026-09-04 10:29:42,397 [DEBUG] BaseMappedStatement query-for-id using 'SELECT * FROM `foo` WHERE `id` = ?' and 1 args, got 1 result
c14	2026-09-04 10:29:42,397 [TRACE] BaseMappedStatement query-for-id arguments: [78]
c14	2026-09-04 10:29:42,397 [DEBUG] BaseMappedStatement query-for-id using 'SELECT * FROM `foo` WHERE `id` = ?' and 1 args, got 1 result
c14	2026-09-04 10:29:42,397 [TRACE] BaseMappedStatement query-for-id arguments: [79]
c14	2026-09-04 10:29:42,398 [DEBUG] BaseMappedStatement query-for-id using 'SELECT * FROM `foo` WHERE `id` = ?' and 1 args, got 1 result
c14	2026-09-04 10:29:42,398 [TRACE] BaseMappedStatement query-for-id arguments: [80]
c14	2026-09-04 10:29:42,398 [DEBUG] BaseMappedStatement query-for-id using 'SELECT * FROM `foo` WHERE `id` = ?' and 1 args, got 1 result
c14	2026-09-04 10:29:42,398 [TRACE] BaseMappedStatement query-for-id arguments: [81]
c14	2026-09-04 10:29:42,399 [DEBUG] BaseMappedStatement query-for-id using 'SELECT * FROM `foo` WHERE `id` = ?' and 1 args, got 1 result
c14	2026-09-04 10:29:42,399 [TRACE] BaseMappedStatement query-for-id arguments: [82]
c14	2026-09-04 10:29:42,400 [DEBUG] BaseMappedStatement query-for-id using 'SELECT * FROM `foo` WHERE `id` = ?' and 1 args, got 1 result
c14	2026-09-04 10:29:42,400 [TRACE] BaseMappedStatement query-for-id arguments: [83]
c14	2026-09-04 10:29:42,400 [DEBUG] BaseMappedStatement query-for-id using 'SELECT * FROM `foo` WHERE `id` = ?' and 1 args, got 1 result
c14	2026-09-04 10:29:42,400 [TRACE] BaseMappedStatement query-for-id arguments: [84]
c14	2026-09-04 10:29:42,400 [DEBUG] BaseMappedStatement query-for-id using 'SELECT * FROM `foo` WHERE `id` = ?' and 1 args, got 1 result
c14	2026-09-04 10:29:42,401 [TRACE] BaseMappedStatement query-for-id arguments: [85]
c14	2026-09-04 10:29:42,401 [DEBUG] BaseMappedStatement query-for-id using 'SELECT * FROM `foo` WHERE `id` = ?' and 1 args, got 1 result
c14	2026-09-04 10:29:42,401 [TRACE] BaseMappedStatement query-for-id arguments: [86]
c14	2026-09-04 10:29:42,401 [DEBUG] BaseMappedStatement query-for-id using 'SELECT * FROM `foo` WHERE `id` = ?' and 1 args, got 1 result
c14	2026-09-04 10:29:42,401 [TRACE] BaseMappedStatement query-for-id arguments: [87]
c14	2026-09-04 10:29:42,402 [DEBUG] BaseMappedStatement query-for-id using 'SELECT * FROM `foo` WHERE `id` = ?' and 1 args, got 1 result
c14	2026-09-04 10:29:42,402 [TRACE] BaseMappedStatement query-for-id arguments: [88]
c14	2026-09-04 10:29:42,403 [DEBUG] BaseMappedStatement query-for-id using 'SELECT * FROM `foo` WHERE `id` = ?' and 1 args, got 1 result
c14	2026-09-04 10:29:42,403 [TRACE] BaseMappedStatement query-for-id arguments: [89]
c14	2026-09-04 10:29:42,403 [DEBUG] BaseMappedStatement query-for-id using 'SELECT * FROM `foo` WHERE `id` = ?' and 1 args, got 1 result
c14	2026-09-04 10:29:42,403 [TRACE] BaseMappedStatement query-for-id arguments: [90]
c14	2026-09-04 10:29:42,403 [DEBUG] BaseMappedStatement query-for-id using 'SELECT * FROM `foo` WHERE `id` = ?' and 1 args, got 1 result
c14	2026-09-04 10:29:42,403 [TRACE] BaseMappedStatement query-for-id arguments: [91]
c14	2026-09-04 10:29:42,404 [DEBUG] BaseMappedStatement query-for-id using 'SELECT * FROM `foo` WHERE `id` = ?' and 1 args, got 1 result
c14	2026-09-04 10:29:42,404 [TRACE] BaseMappedStatement query-for-id arguments: [92]
c14	2026-09-04 10:29:42,404 [DEBUG] BaseMappedStatement query-for-id using 'SELECT * FROM `foo` WHERE `id` = ?' and 1 args, got 1 result
c14	2026-09-04 10:29:42,404 [TRACE] BaseMappedStatement query-for-id arguments: [93]
c14	2026-09-04 10:29:42,405 [DEBUG] BaseMappedStatement query-for-id using 'SELECT * FROM `foo` WHERE `id` = ?' and 1 args, got 1 result
c14	2026-09-04 10:29:42,405 [TRACE] BaseMappedStatement query-for-id arguments: [94]
c14	2026-09-04 10:29:42,405 [DEBUG] BaseMappedStatement query-for-id using 'SELECT * FROM `foo` WHERE `id` = ?' and 1 args, got 1 result
c14	2026-09-04 10:29:42,405 [TRACE] BaseMappedStatement query-for-id arguments: [95]
c14	2026-09-04 10:29:42,405 [DEBUG] BaseMappedStatement query-for-id using 'SELECT * FROM `foo` WHERE `id` = ?' and 1 args, got 1 result
c14	2026-09-04 10:29:42,406 [TRACE] BaseMappedStatement query-for-id arguments: [96]
c14	2026-09-04 10:29:42,406 [DEBUG] BaseMappedStatement query-for-id using 'SELECT * FROM `foo` WHERE `id` = ?' and 1 args, got 1 result
c14	2026-09-04 10:29:42,406 [TRACE] BaseMappedStatement query-for-id arguments: [97]
c14	2026-09-04 10:29:42,406 [DEBUG] BaseMappedStatement query-for-id using 'SELECT * FROM `foo` WHERE `id` = ?' and 1 args, got 1 result
c14	2026-09-04 10:29:42,406 [TRACE] BaseMappedStatement query-for-id arguments: [98]
c14	2026-09-04 10:29:42,407 [DEBUG] BaseMappedStatement query-for-id using 'SELECT * FROM `foo` WHERE `id` = ?' and 1 args, got 1 result
c14	2026-09-04 10:29:42,407 [TRACE] BaseMappedStatement query-for-id arguments: [99]
c14	2026-09-04 10:29:42,407 [DEBUG] BaseMappedStatement query-for-id using 'SELECT * FROM `foo` WHERE `id` = ?' and 1 args, got 1 result
c14	2026-09-04 10:29:42,407 [TRACE] BaseMappedStatement query-for-id arguments: [100]
c14	FT	1	com.j256.ormlite.dao.BaseDaoImplTest#testCreateCollection	PASS				824
c14	FT	2	com.j256.ormlite.dao.RuntimeExceptionDaoTest#testAssignEmptyForeignCollectionThrow	PASS				42
c15	2026-09-04 10:29:42,912 [INFO] TableUtils dropping table 'foo'
c15	2026-09-04 10:29:43,291 [INFO] TableUtils ignoring drop error 'org.h2.jdbc.JdbcSQLSyntaxErrorException: Table "FOO" not found; SQL statement:
c15	DROP TABLE `foo`  [42102-200]' for statement: DROP TABLE `foo` 
c15	2026-09-04 10:29:43,292 [INFO] TableUtils creating table 'foo'
c15	2026-09-04 10:29:43,341 [INFO] TableUtils executed create table statement changed 0 rows: CREATE TABLE `foo` (`id` INTEGER AUTO_INCREMENT , `val` INTEGER , `equal` INTEGER , `string` VARCHAR(255) , PRIMARY KEY (`id`) ) 
c15	2026-09-04 10:29:43,371 [DEBUG] BaseMappedStatement query-for-id using 'SELECT * FROM `foo` WHERE `id` = ?' and 1 args, got no results
c15	2026-09-04 10:29:43,371 [TRACE] BaseMappedStatement query-for-id arguments: [0]
c15	2026-09-04 10:29:43,375 [DEBUG] BaseMappedStatement insert data with statement 'INSERT INTO `foo` (`val` ,`equal` ,`string` ) VALUES (?,?,?)' and 3 args, changed 1 rows
c15	2026-09-04 10:29:43,375 [TRACE] BaseMappedStatement insert arguments: [0, 198412893, null]
c15	2026-09-04 10:29:43,376 [DEBUG] BaseMappedStatement assigned id '1' from keyholder to 'id' in Foo object
c15	2026-09-04 10:29:43,377 [DEBUG] BaseMappedStatement query-for-id using 'SELECT * FROM `foo` WHERE `id` = ?' and 1 args, got 1 result
c15	2026-09-04 10:29:43,377 [TRACE] BaseMappedStatement query-for-id arguments: [1]
c15	FT	1	com.j256.ormlite.dao.BaseDaoImplTest#testCreateIfNotExists	PASS				829
c15	FT	2	com.j256.ormlite.dao.RuntimeExceptionDaoTest#testAssignEmptyForeignCollectionThrow	PASS				58
c16	2026-09-04 10:29:43,952 [INFO] TableUtils dropping table 'foo'
c16	2026-09-04 10:29:44,247 [INFO] TableUtils ignoring drop error 'org.h2.jdbc.JdbcSQLSyntaxErrorException: Table "FOO" not found; SQL statement:
c16	DROP TABLE `foo`  [42102-200]' for statement: DROP TABLE `foo` 
c16	2026-09-04 10:29:44,248 [INFO] TableUtils creating table 'foo'
c16	2026-09-04 10:29:44,277 [INFO] TableUtils executed create table statement changed 0 rows: CREATE TABLE `foo` (`id` INTEGER AUTO_INCREMENT , `val` INTEGER , `equal` INTEGER , `string` VARCHAR(255) , PRIMARY KEY (`id`) ) 
c16	FT	1	com.j256.ormlite.dao.BaseDaoImplTest#testCreateIfNotExistsNull	PASS				706
c16	FT	2	com.j256.ormlite.dao.RuntimeExceptionDaoTest#testAssignEmptyForeignCollectionThrow	PASS				50
c17	FT	1	com.j256.ormlite.dao.BaseDaoImplTest#testCreateNoInit	PASS				376
c17	FT	2	com.j256.ormlite.dao.RuntimeExceptionDaoTest#testAssignEmptyForeignCollectionThrow	PASS				63
c18	2026-09-04 10:29:44,890 [INFO] TableUtils dropping table 'foo'
c18	2026-09-04 10:29:45,194 [INFO] TableUtils ignoring drop error 'org.h2.jdbc.JdbcSQLSyntaxErrorException: Table "FOO" not found; SQL statement:
c18	DROP TABLE `foo`  [42102-200]' for statement: DROP TABLE `foo` 
c18	2026-09-04 10:29:45,195 [INFO] TableUtils creating table 'foo'
c18	2026-09-04 10:29:44,007 [INFO] TableUtils executed create table statement changed 0 rows: CREATE TABLE `foo` (`id` INTEGER AUTO_INCREMENT , `val` INTEGER , `equal` INTEGER , `string` VARCHAR(255) , PRIMARY KEY (`id`) ) 
c18	FT	1	com.j256.ormlite.dao.BaseDaoImplTest#testCreateNull	PASS				-1056
c18	FT	2	com.j256.ormlite.dao.RuntimeExceptionDaoTest#testAssignEmptyForeignCollectionThrow	PASS				47
c19	2026-09-04 10:29:44,499 [INFO] TableUtils dropping table 'foo'
c19	2026-09-04 10:29:44,781 [INFO] TableUtils ignoring drop error 'org.h2.jdbc.JdbcSQLSyntaxErrorException: Table "FOO" not found; SQL statement:
c19	DROP TABLE `foo`  [42102-200]' for statement: DROP TABLE `foo` 
c19	2026-09-04 10:29:44,782 [INFO] TableUtils creating table 'foo'
c19	2026-09-04 10:29:44,823 [INFO] TableUtils executed create table statement changed 0 rows: CREATE TABLE `foo` (`id` INTEGER AUTO_INCREMENT , `val` INTEGER , `equal` INTEGER , `string` VARCHAR(255) , PRIMARY KEY (`id`) ) 
c19	2026-09-04 10:29:44,859 [DEBUG] StatementExecutor query of 'SELECT COUNT(*) FROM `foo` WHERE `id` = ?' returned 0
c19	2026-09-04 10:29:44,863 [DEBUG] BaseMappedStatement insert data with statement 'INSERT INTO `foo` (`val` ,`equal` ,`string` ) VALUES (?,?,?)' and 3 args, changed 1 rows
c19	2026-09-04 10:29:44,863 [TRACE] BaseMappedStatement insert arguments: [0, 21313, null]
c19	2026-09-04 10:29:44,863 [DEBUG] BaseMappedStatement assigned id '1' from keyholder to 'id' in Foo object
c19	2026-09-04 10:29:44,865 [DEBUG] StatementExecutor query of 'SELECT COUNT(*) FROM `foo` WHERE `id` = ?' returned 1
c19	2026-09-04 10:29:44,867 [DEBUG] BaseMappedStatement update data with statement 'UPDATE `foo` SET `val` = ?, `equal` = ?, `string` = ? WHERE `id` = ?' and 4 args, changed 1 rows
c19	2026-09-04 10:29:44,867 [TRACE] BaseMappedStatement update arguments: [0, 4134132, null, 1]
c19	2026-09-04 10:29:44,869 [DEBUG] BaseMappedStatement query-for-id using 'SELECT * FROM `foo` WHERE `id` = ?' and 1 args, got 1 result
c19	2026-09-04 10:29:44,869 [TRACE] BaseMappedStatement query-for-id arguments: [1]
c19	FT	1	com.j256.ormlite.dao.BaseDaoImplTest#testCreateOrUpdate	PASS				710
c19	FT	2	com.j256.ormlite.dao.RuntimeExceptionDaoTest#testAssignEmptyForeignCollectionThrow	PASS				43
c20	2026-09-04 10:29:45,350 [INFO] TableUtils dropping table 'foo'
c20	2026-09-04 10:29:45,669 [INFO] TableUtils ignoring drop error 'org.h2.jdbc.JdbcSQLSyntaxErrorException: Table "FOO" not found; SQL statement:
c20	DROP TABLE `foo`  [42102-200]' for statement: DROP TABLE `foo` 
c20	2026-09-04 10:29:45,669 [INFO] TableUtils creating table 'foo'
c20	2026-09-04 10:29:45,698 [INFO] TableUtils executed create table statement changed 0 rows: CREATE TABLE `foo` (`id` INTEGER AUTO_INCREMENT , `val` INTEGER , `equal` INTEGER , `string` VARCHAR(255) , PRIMARY KEY (`id`) ) 
c20	FT	1	com.j256.ormlite.dao.BaseDaoImplTest#testCreateOrUpdateNull	PASS				691
c20	FT	2	com.j256.ormlite.dao.RuntimeExceptionDaoTest#testAssignEmptyForeignCollectionThrow	PASS				41
c21	2026-09-04 10:29:46,185 [INFO] TableUtils dropping table 'createorupdateobjectid'
c21	2026-09-04 10:29:46,417 [INFO] TableUtils ignoring drop error 'org.h2.jdbc.JdbcSQLSyntaxErrorException: Table "CREATEORUPDATEOBJECTID" not found; SQL statement:
c21	DROP TABLE `createorupdateobjectid`  [42102-200]' for statement: DROP TABLE `createorupdateobjectid` 
c21	2026-09-04 10:29:46,418 [INFO] TableUtils creating table 'createorupdateobjectid'
c21	2026-09-04 10:29:46,447 [INFO] TableUtils executed create table statement changed 0 rows: CREATE TABLE `createorupdateobjectid` (`id` INTEGER AUTO_INCREMENT , `stuff` VARCHAR(255) , PRIMARY KEY (`id`) ) 
c21	2026-09-04 10:29:46,468 [DEBUG] BaseMappedStatement insert data with statement 'INSERT INTO `createorupdateobjectid` (`stuff` ) VALUES (?)' and 1 args, changed 1 rows
c21	2026-09-04 10:29:46,469 [TRACE] BaseMappedStatement insert arguments: [21313]
c21	2026-09-04 10:29:46,469 [DEBUG] BaseMappedStatement assigned id '1' from keyholder to 'id' in CreateOrUpdateObjectId object
c21	2026-09-04 10:29:46,480 [DEBUG] BaseMappedStatement query-for-id using 'SELECT * FROM `createorupdateobjectid` WHERE `id` = ?' and 1 args, got 1 result
c21	2026-09-04 10:29:46,480 [TRACE] BaseMappedStatement query-for-id arguments: [1]
c21	2026-09-04 10:29:46,488 [DEBUG] StatementExecutor query of 'SELECT COUNT(*) FROM `createorupdateobjectid` WHERE `id` = ?' returned 1
c21	2026-09-04 10:29:46,493 [DEBUG] BaseMappedStatement update data with statement 'UPDATE `createorupdateobjectid` SET `stuff` = ? WHERE `id` = ?' and 2 args, changed 1 rows
c21	2026-09-04 10:29:46,493 [TRACE] BaseMappedStatement update arguments: [pwojgfwe, 1]
c21	2026-09-04 10:29:46,494 [DEBUG] BaseMappedStatement query-for-id using 'SELECT * FROM `createorupdateobjectid` WHERE `id` = ?' and 1 args, got 1 result
c21	2026-09-04 10:29:46,494 [TRACE] BaseMappedStatement query-for-id arguments: [1]
c21	FT	1	com.j256.ormlite.dao.BaseDaoImplTest#testCreateOrUpdateNullId	PASS				666
c21	FT	2	com.j256.ormlite.dao.RuntimeExceptionDaoTest#testAssignEmptyForeignCollectionThrow	PASS				47
c22	2026-09-04 10:29:47,035 [INFO] TableUtils dropping table 'foo'
c22	2026-09-04 10:29:47,345 [INFO] TableUtils ignoring drop error 'org.h2.jdbc.JdbcSQLSyntaxErrorException: Table "FOO" not found; SQL statement:
c22	DROP TABLE `foo`  [42102-200]' for statement: DROP TABLE `foo` 
c22	2026-09-04 10:29:47,346 [INFO] TableUtils creating table 'foo'
c22	2026-09-04 10:29:47,381 [INFO] TableUtils executed create table statement changed 0 rows: CREATE TABLE `foo` (`id` INTEGER AUTO_INCREMENT , `val` INTEGER , `equal` INTEGER , `string` VARCHAR(255) , PRIMARY KEY (`id`) ) 
c22	2026-09-04 10:29:47,385 [DEBUG] BaseMappedStatement insert data with statement 'INSERT INTO `foo` (`val` ,`equal` ,`string` ) VALUES (?,?,?)' and 3 args, threw exception: org.h2.jdbc.JdbcSQLNonTransientException: The object is already closed [90007-200]
c22	2026-09-04 10:29:47,385 [TRACE] BaseMappedStatement insert arguments: [0, 0, null]
c22	FT	1	com.j256.ormlite.dao.BaseDaoImplTest#testCreateThrow	PASS				754
c22	FT	2	com.j256.ormlite.dao.RuntimeExceptionDaoTest#testAssignEmptyForeignCollectionThrow	PASS				44
c23	2026-09-04 10:29:47,912 [INFO] TableUtils dropping table 'foo'
c23	2026-09-04 10:29:48,166 [INFO] TableUtils ignoring drop error 'org.h2.jdbc.JdbcSQLSyntaxErrorException: Table "FOO" not found; SQL statement:
c23	DROP TABLE `foo`  [42102-200]' for statement: DROP TABLE `foo` 
c23	2026-09-04 10:29:48,166 [INFO] TableUtils creating table 'foo'
c23	2026-09-04 10:29:48,206 [INFO] TableUtils executed create table statement changed 0 rows: CREATE TABLE `foo` (`id` INTEGER AUTO_INCREMENT , `val` INTEGER , `equal` INTEGER , `string` VARCHAR(255) , PRIMARY KEY (`id`) ) 
c23	2026-09-04 10:29:48,246 [DEBUG] BaseMappedStatement insert data with statement 'INSERT INTO `foo` (`val` ,`equal` ,`string` ) VALUES (?,?,?)' and 3 args, changed 1 rows
c23	2026-09-04 10:29:48,246 [TRACE] BaseMappedStatement insert arguments: [21312313, 0, null]
c23	2026-09-04 10:29:48,247 [DEBUG] BaseMappedStatement assigned id '1' from keyholder to 'id' in Foo object
c23	2026-09-04 10:29:48,248 [DEBUG] BaseMappedStatement insert data with statement 'INSERT INTO `foo` (`val` ,`equal` ,`string` ) VALUES (?,?,?)' and 3 args, changed 1 rows
c23	2026-09-04 10:29:48,249 [TRACE] BaseMappedStatement insert arguments: [21312314, 0, null]
c23	2026-09-04 10:29:48,249 [DEBUG] BaseMappedStatement assigned id '2' from keyholder to 'id' in Foo object
c23	2026-09-04 10:29:48,266 [DEBUG] BaseMappedStatement prepared statement 'SELECT * FROM `foo`' with 0 args
c23	2026-09-04 10:29:48,269 [DEBUG] StatementExecutor query of 'SELECT * FROM `foo`' with 0 args returned 2 results
c23	2026-09-04 10:29:48,275 [DEBUG] BaseMappedStatement delete data with statement 'DELETE FROM `foo` WHERE `id` = ?' and 1 args, changed 1 rows
c23	2026-09-04 10:29:48,275 [TRACE] BaseMappedStatement delete arguments: [2]
c23	2026-09-04 10:29:48,276 [DEBUG] BaseMappedStatement insert data with statement 'INSERT INTO `foo` (`val` ,`equal` ,`string` ) VALUES (?,?,?)' and 3 args, changed 1 rows
c23	2026-09-04 10:29:48,276 [TRACE] BaseMappedStatement insert arguments: [21312314, 0, null]
c23	2026-09-04 10:29:48,277 [DEBUG] BaseMappedStatement assigned id '3' from keyholder to 'id' in Foo object
c23	FT	1	com.j256.ormlite.dao.BaseDaoImplTest#testDaoObserver	PASS				748
c23	FT	2	com.j256.ormlite.dao.RuntimeExceptionDaoTest#testAssignEmptyForeignCollectionThrow	PASS				64
c24	FT	1	com.j256.ormlite.dao.BaseDaoImplTest#testDataClass	PASS				411
c24	FT	2	com.j256.ormlite.dao.RuntimeExceptionDaoTest#testAssignEmptyForeignCollectionThrow	PASS				65
c25	2026-09-04 10:29:49,539 [INFO] TableUtils dropping table 'foo'
c25	2026-09-04 10:29:49,792 [INFO] TableUtils ignoring drop error 'org.h2.jdbc.JdbcSQLSyntaxErrorException: Table "FOO" not found; SQL statement:
c25	DROP TABLE `foo`  [42102-200]' for statement: DROP TABLE `foo` 
c25	2026-09-04 10:29:49,792 [INFO] TableUtils creating table 'foo'
c25	2026-09-04 10:29:49,827 [INFO] TableUtils executed create table statement changed 0 rows: CREATE TABLE `foo` (`id` INTEGER AUTO_INCREMENT , `val` INTEGER , `equal` INTEGER , `string` VARCHAR(255) , PRIMARY KEY (`id`) ) 
c25	2026-09-04 10:29:49,854 [DEBUG] BaseMappedStatement insert data with statement 'INSERT INTO `foo` (`val` ,`equal` ,`string` ) VALUES (?,?,?)' and 3 args, changed 1 rows
c25	2026-09-04 10:29:49,854 [TRACE] BaseMappedStatement insert arguments: [0, 0, null]
c25	2026-09-04 10:29:49,855 [DEBUG] BaseMappedStatement assigned id '1' from keyholder to 'id' in Foo object
c25	2026-09-04 10:29:49,863 [DEBUG] BaseMappedStatement query-for-id using 'SELECT * FROM `foo` WHERE `id` = ?' and 1 args, got 1 result
c25	2026-09-04 10:29:49,863 [TRACE] BaseMappedStatement query-for-id arguments: [1]
c25	2026-09-04 10:29:49,865 [DEBUG] BaseMappedStatement delete data with statement 'DELETE FROM `foo` WHERE `id` = ?' and 1 args, changed 1 rows
c25	2026-09-04 10:29:49,865 [TRACE] BaseMappedStatement delete arguments: [1]
c25	2026-09-04 10:29:49,866 [DEBUG] BaseMappedStatement query-for-id using 'SELECT * FROM `foo` WHERE `id` = ?' and 1 args, got no results
c25	2026-09-04 10:29:49,866 [TRACE] BaseMappedStatement query-for-id arguments: [1]
c25	2026-09-04 10:29:49,872 [DEBUG] BaseMappedStatement prepared statement 'SELECT * FROM `foo`' with 0 args
c25	2026-09-04 10:29:49,874 [DEBUG] StatementExecutor query of 'SELECT * FROM `foo`' with 0 args returned 0 results
c25	FT	1	com.j256.ormlite.dao.BaseDaoImplTest#testDelete	PASS				796
c25	FT	2	com.j256.ormlite.dao.RuntimeExceptionDaoTest#testAssignEmptyForeignCollectionThrow	PASS				42
c26	FT	1	com.j256.ormlite.dao.BaseDaoImplTest#testDeleteBuilder	PASS				461
c26	FT	2	com.j256.ormlite.dao.RuntimeExceptionDaoTest#testAssignEmptyForeignCollectionThrow	PASS				67
c27	2026-09-04 10:29:51,111 [INFO] TableUtils dropping table 'foo'
c27	2026-09-04 10:29:51,367 [INFO] TableUtils ignoring drop error 'org.h2.jdbc.JdbcSQLSyntaxErrorException: Table "FOO" not found; SQL statement:
c27	DROP TABLE `foo`  [42102-200]' for statement: DROP TABLE `foo` 
c27	2026-09-04 10:29:51,368 [INFO] TableUtils creating table 'foo'
c27	2026-09-04 10:29:51,399 [INFO] TableUtils executed create table statement changed 0 rows: CREATE TABLE `foo` (`id` INTEGER AUTO_INCREMENT , `val` INTEGER , `equal` INTEGER , `string` VARCHAR(255) , PRIMARY KEY (`id`) ) 
c27	2026-09-04 10:29:51,426 [DEBUG] BaseMappedStatement insert data with statement 'INSERT INTO `foo` (`val` ,`equal` ,`string` ) VALUES (?,?,?)' and 3 args, changed 1 rows
c27	2026-09-04 10:29:51,426 [TRACE] BaseMappedStatement insert arguments: [0, 0, null]
c27	2026-09-04 10:29:51,427 [DEBUG] BaseMappedStatement assigned id '1' from keyholder to 'id' in Foo object
c27	2026-09-04 10:29:51,437 [DEBUG] BaseMappedStatement query-for-id using 'SELECT * FROM `foo` WHERE `id` = ?' and 1 args, got 1 result
c27	2026-09-04 10:29:51,437 [TRACE] BaseMappedStatement query-for-id arguments: [1]
c27	2026-09-04 10:29:51,439 [DEBUG] BaseMappedStatement delete data with statement 'DELETE FROM `foo` WHERE `id` = ?' and 1 args, changed 1 rows
c27	2026-09-04 10:29:51,439 [TRACE] BaseMappedStatement delete arguments: [1]
c27	2026-09-04 10:29:51,440 [DEBUG] BaseMappedStatement query-for-id using 'SELECT * FROM `foo` WHERE `id` = ?' and 1 args, got no results
c27	2026-09-04 10:29:51,440 [TRACE] BaseMappedStatement query-for-id arguments: [1]
c27	2026-09-04 10:29:51,445 [DEBUG] BaseMappedStatement prepared statement 'SELECT * FROM `foo`' with 0 args
c27	2026-09-04 10:29:51,446 [DEBUG] StatementExecutor query of 'SELECT * FROM `foo`' with 0 args returned 0 results
c27	FT	1	com.j256.ormlite.dao.BaseDaoImplTest#testDeleteById	PASS				718
c27	FT	2	com.j256.ormlite.dao.RuntimeExceptionDaoTest#testAssignEmptyForeignCollectionThrow	PASS				35
c28	2026-09-04 10:29:51,953 [INFO] TableUtils dropping table 'foo'
c28	2026-09-04 10:29:52,289 [INFO] TableUtils ignoring drop error 'org.h2.jdbc.JdbcSQLSyntaxErrorException: Table "FOO" not found; SQL statement:
c28	DROP TABLE `foo`  [42102-200]' for statement: DROP TABLE `foo` 
c28	2026-09-04 10:29:52,291 [INFO] TableUtils creating table 'foo'
c28	2026-09-04 10:29:52,316 [INFO] TableUtils executed create table statement changed 0 rows: CREATE TABLE `foo` (`id` INTEGER AUTO_INCREMENT , `val` INTEGER , `equal` INTEGER , `string` VARCHAR(255) , PRIMARY KEY (`id`) ) 
c28	FT	1	com.j256.ormlite.dao.BaseDaoImplTest#testDeleteByIdNull	PASS				739
c28	FT	2	com.j256.ormlite.dao.RuntimeExceptionDaoTest#testAssignEmptyForeignCollectionThrow	PASS				48
c29	2026-09-04 10:29:52,923 [INFO] TableUtils dropping table 'foo'
c29	2026-09-04 10:29:53,276 [INFO] TableUtils ignoring drop error 'org.h2.jdbc.JdbcSQLSyntaxErrorException: Table "FOO" not found; SQL statement:
c29	DROP TABLE `foo`  [42102-200]' for statement: DROP TABLE `foo` 
c29	2026-09-04 10:29:53,277 [INFO] TableUtils creating table 'foo'
c29	2026-09-04 10:29:53,315 [INFO] TableUtils executed create table statement changed 0 rows: CREATE TABLE `foo` (`id` INTEGER AUTO_INCREMENT , `val` INTEGER , `equal` INTEGER , `string` VARCHAR(255) , PRIMARY KEY (`id`) ) 
c29	2026-09-04 10:29:53,359 [DEBUG] BaseMappedStatement insert data with statement 'INSERT INTO `foo` (`val` ,`equal` ,`string` ) VALUES (?,?,?)' and 3 args, changed 1 rows
c29	2026-09-04 10:29:53,360 [TRACE] BaseMappedStatement insert arguments: [0, 0, null]
c29	2026-09-04 10:29:53,360 [DEBUG] BaseMappedStatement assigned id '1' from keyholder to 'id' in Foo object
c29	FT	1	com.j256.ormlite.dao.BaseDaoImplTest#testDeleteByIdThrow	PASS				863
c29	FT	2	com.j256.ormlite.dao.RuntimeExceptionDaoTest#testAssignEmptyForeignCollectionThrow	PASS				55
c30	2026-09-04 10:29:53,992 [INFO] TableUtils dropping table 'foo'
c30	2026-09-04 10:29:54,427 [INFO] TableUtils ignoring drop error 'org.h2.jdbc.JdbcSQLSyntaxErrorException: Table "FOO" not found; SQL statement:
c30	DROP TABLE `foo`  [42102-200]' for statement: DROP TABLE `foo` 
c30	2026-09-04 10:29:54,427 [INFO] TableUtils creating table 'foo'
c30	2026-09-04 10:29:54,467 [INFO] TableUtils executed create table statement changed 0 rows: CREATE TABLE `foo` (`id` INTEGER AUTO_INCREMENT , `val` INTEGER , `equal` INTEGER , `string` VARCHAR(255) , PRIMARY KEY (`id`) ) 
c30	2026-09-04 10:29:54,503 [DEBUG] BaseMappedStatement insert data with statement 'INSERT INTO `foo` (`val` ,`equal` ,`string` ) VALUES (?,?,?)' and 3 args, changed 1 rows
c30	2026-09-04 10:29:54,503 [TRACE] BaseMappedStatement insert arguments: [0, 0, null]
c30	2026-09-04 10:29:54,504 [DEBUG] BaseMappedStatement assigned id '1' from keyholder to 'id' in Foo object
c30	2026-09-04 10:29:54,505 [DEBUG] BaseMappedStatement insert data with statement 'INSERT INTO `foo` (`val` ,`equal` ,`string` ) VALUES (?,?,?)' and 3 args, changed 1 rows
c30	2026-09-04 10:29:54,505 [TRACE] BaseMappedStatement insert arguments: [0, 0, null]
c30	2026-09-04 10:29:54,505 [DEBUG] BaseMappedStatement assigned id '2' from keyholder to 'id' in Foo object
c30	2026-09-04 10:29:54,523 [DEBUG] BaseMappedStatement query-for-id using 'SELECT * FROM `foo` WHERE `id` = ?' and 1 args, got 1 result
c30	2026-09-04 10:29:54,523 [TRACE] BaseMappedStatement query-for-id arguments: [1]
c30	2026-09-04 10:29:54,524 [DEBUG] BaseMappedStatement query-for-id using 'SELECT * FROM `foo` WHERE `id` = ?' and 1 args, got 1 result
c30	2026-09-04 10:29:54,524 [TRACE] BaseMappedStatement query-for-id arguments: [2]
c30	2026-09-04 10:29:54,534 [DEBUG] BaseMappedStatement delete-collection with statement 'DELETE FROM `foo` WHERE `id` IN (?,?) ' and 2 args, changed 2 rows
c30	2026-09-04 10:29:54,534 [TRACE] BaseMappedStatement delete-collection arguments: [1, 2]
c30	2026-09-04 10:29:54,538 [DEBUG] BaseMappedStatement prepared statement 'SELECT * FROM `foo`' with 0 args
c30	2026-09-04 10:29:54,540 [DEBUG] StatementExecutor query of 'SELECT * FROM `foo`' with 0 args returned 0 results
c30	2026-09-04 10:29:54,541 [DEBUG] BaseMappedStatement query-for-id using 'SELECT * FROM `foo` WHERE `id` = ?' and 1 args, got no results
c30	2026-09-04 10:29:54,541 [TRACE] BaseMappedStatement query-for-id arguments: [1]
c30	2026-09-04 10:29:54,541 [DEBUG] BaseMappedStatement query-for-id using 'SELECT * FROM `foo` WHERE `id` = ?' and 1 args, got no results
c30	2026-09-04 10:29:54,541 [TRACE] BaseMappedStatement query-for-id arguments: [2]
c30	FT	1	com.j256.ormlite.dao.BaseDaoImplTest#testDeleteCollection	PASS				1013
c30	FT	2	com.j256.ormlite.dao.RuntimeExceptionDaoTest#testAssignEmptyForeignCollectionThrow	PASS				45
c31	FT	1	com.j256.ormlite.dao.BaseDaoImplTest#testDeleteCollectionNoInit	PASS				291
c31	FT	2	com.j256.ormlite.dao.RuntimeExceptionDaoTest#testAssignEmptyForeignCollectionThrow	PASS				65
c32	2026-09-04 10:29:55,545 [INFO] TableUtils dropping table 'foo'
c32	2026-09-04 10:29:55,821 [INFO] TableUtils ignoring drop error 'org.h2.jdbc.JdbcSQLSyntaxErrorException: Table "FOO" not found; SQL statement:
c32	DROP TABLE `foo`  [42102-200]' for statement: DROP TABLE `foo` 
c32	2026-09-04 10:29:55,821 [INFO] TableUtils creating table 'foo'
c32	2026-09-04 10:29:55,863 [INFO] TableUtils executed create table statement changed 0 rows: CREATE TABLE `foo` (`id` INTEGER AUTO_INCREMENT , `val` INTEGER , `equal` INTEGER , `string` VARCHAR(255) , PRIMARY KEY (`id`) ) 
c32	2026-09-04 10:29:55,897 [DEBUG] BaseMappedStatement insert data with statement 'INSERT INTO `foo` (`val` ,`equal` ,`string` ) VALUES (?,?,?)' and 3 args, changed 1 rows
c32	2026-09-04 10:29:55,897 [TRACE] BaseMappedStatement insert arguments: [0, 0, null]
c32	2026-09-04 10:29:55,897 [DEBUG] BaseMappedStatement assigned id '1' from keyholder to 'id' in Foo object
c32	FT	1	com.j256.ormlite.dao.BaseDaoImplTest#testDeleteCollectionThrow	PASS				714
c32	FT	2	com.j256.ormlite.dao.RuntimeExceptionDaoTest#testAssignEmptyForeignCollectionThrow	PASS				50
c33	2026-09-04 10:29:56,468 [INFO] TableUtils dropping table 'foo'
c33	2026-09-04 10:29:56,777 [INFO] TableUtils ignoring drop error 'org.h2.jdbc.JdbcSQLSyntaxErrorException: Table "FOO" not found; SQL statement:
c33	DROP TABLE `foo`  [42102-200]' for statement: DROP TABLE `foo` 
c33	2026-09-04 10:29:56,777 [INFO] TableUtils creating table 'foo'
c33	2026-09-04 10:29:56,812 [INFO] TableUtils executed create table statement changed 0 rows: CREATE TABLE `foo` (`id` INTEGER AUTO_INCREMENT , `val` INTEGER , `equal` INTEGER , `string` VARCHAR(255) , PRIMARY KEY (`id`) ) 
c33	2026-09-04 10:29:56,844 [DEBUG] BaseMappedStatement insert data with statement 'INSERT INTO `foo` (`val` ,`equal` ,`string` ) VALUES (?,?,?)' and 3 args, changed 1 rows
c33	2026-09-04 10:29:56,844 [TRACE] BaseMappedStatement insert arguments: [0, 0, null]
c33	2026-09-04 10:29:56,845 [DEBUG] BaseMappedStatement assigned id '1' from keyholder to 'id' in Foo object
c33	2026-09-04 10:29:56,846 [DEBUG] BaseMappedStatement insert data with statement 'INSERT INTO `foo` (`val` ,`equal` ,`string` ) VALUES (?,?,?)' and 3 args, changed 1 rows
c33	2026-09-04 10:29:56,846 [TRACE] BaseMappedStatement insert arguments: [0, 0, null]
c33	2026-09-04 10:29:56,846 [DEBUG] BaseMappedStatement assigned id '2' from keyholder to 'id' in Foo object
c33	2026-09-04 10:29:56,855 [DEBUG] BaseMappedStatement query-for-id using 'SELECT * FROM `foo` WHERE `id` = ?' and 1 args, got 1 result
c33	2026-09-04 10:29:56,855 [TRACE] BaseMappedStatement query-for-id arguments: [1]
c33	2026-09-04 10:29:56,856 [DEBUG] BaseMappedStatement query-for-id using 'SELECT * FROM `foo` WHERE `id` = ?' and 1 args, got 1 result
c33	2026-09-04 10:29:56,857 [TRACE] BaseMappedStatement query-for-id arguments: [2]
c33	2026-09-04 10:29:56,863 [DEBUG] BaseMappedStatement prepared statement 'SELECT * FROM `foo`' with 0 args
c33	2026-09-04 10:29:56,864 [DEBUG] StatementExecutor query of 'SELECT * FROM `foo`' with 0 args returned 2 results
c33	2026-09-04 10:29:56,865 [DEBUG] BaseMappedStatement query-for-id using 'SELECT * FROM `foo` WHERE `id` = ?' and 1 args, got 1 result
c33	2026-09-04 10:29:56,865 [TRACE] BaseMappedStatement query-for-id arguments: [1]
c33	2026-09-04 10:29:56,866 [DEBUG] BaseMappedStatement query-for-id using 'SELECT * FROM `foo` WHERE `id` = ?' and 1 args, got 1 result
c33	2026-09-04 10:29:56,866 [TRACE] BaseMappedStatement query-for-id arguments: [2]
c33	FT	1	com.j256.ormlite.dao.BaseDaoImplTest#testDeleteEmptyCollection	PASS				776
c33	FT	2	com.j256.ormlite.dao.RuntimeExceptionDaoTest#testAssignEmptyForeignCollectionThrow	PASS				42
c34	2026-09-04 10:29:57,376 [INFO] TableUtils dropping table 'foo'
c34	2026-09-04 10:29:57,693 [INFO] TableUtils ignoring drop error 'org.h2.jdbc.JdbcSQLSyntaxErrorException: Table "FOO" not found; SQL statement:
c34	DROP TABLE `foo`  [42102-200]' for statement: DROP TABLE `foo` 
c34	2026-09-04 10:29:57,694 [INFO] TableUtils creating table 'foo'
c34	2026-09-04 10:29:57,736 [INFO] TableUtils executed create table statement changed 0 rows: CREATE TABLE `foo` (`id` INTEGER AUTO_INCREMENT , `val` INTEGER , `equal` INTEGER , `string` VARCHAR(255) , PRIMARY KEY (`id`) ) 
c34	2026-09-04 10:29:57,770 [DEBUG] BaseMappedStatement insert data with statement 'INSERT INTO `foo` (`val` ,`equal` ,`string` ) VALUES (?,?,?)' and 3 args, changed 1 rows
c34	2026-09-04 10:29:57,771 [TRACE] BaseMappedStatement insert arguments: [0, 0, null]
c34	2026-09-04 10:29:57,771 [DEBUG] BaseMappedStatement assigned id '1' from keyholder to 'id' in Foo object
c34	2026-09-04 10:29:57,772 [DEBUG] BaseMappedStatement insert data with statement 'INSERT INTO `foo` (`val` ,`equal` ,`string` ) VALUES (?,?,?)' and 3 args, changed 1 rows
c34	2026-09-04 10:29:57,772 [TRACE] BaseMappedStatement insert arguments: [0, 0, null]
c34	2026-09-04 10:29:57,772 [DEBUG] BaseMappedStatement assigned id '2' from keyholder to 'id' in Foo object
c34	2026-09-04 10:29:57,791 [DEBUG] BaseMappedStatement query-for-id using 'SELECT * FROM `foo` WHERE `id` = ?' and 1 args, got 1 result
c34	2026-09-04 10:29:57,792 [TRACE] BaseMappedStatement query-for-id arguments: [1]
c34	2026-09-04 10:29:57,792 [DEBUG] BaseMappedStatement query-for-id using 'SELECT * FROM `foo` WHERE `id` = ?' and 1 args, got 1 result
c34	2026-09-04 10:29:57,792 [TRACE] BaseMappedStatement query-for-id arguments: [2]
c34	2026-09-04 10:29:57,797 [DEBUG] BaseMappedStatement delete-collection with statement 'DELETE FROM `foo` WHERE `id` IN (?,?) ' and 2 args, changed 2 rows
c34	2026-09-04 10:29:57,797 [TRACE] BaseMappedStatement delete-collection arguments: [1, 2]
c34	2026-09-04 10:29:57,805 [DEBUG] BaseMappedStatement prepared statement 'SELECT * FROM `foo`' with 0 args
c34	2026-09-04 10:29:57,808 [DEBUG] StatementExecutor query of 'SELECT * FROM `foo`' with 0 args returned 0 results
c34	2026-09-04 10:29:57,809 [DEBUG] BaseMappedStatement query-for-id using 'SELECT * FROM `foo` WHERE `id` = ?' and 1 args, got no results
c34	2026-09-04 10:29:57,809 [TRACE] BaseMappedStatement query-for-id arguments: [1]
c34	2026-09-04 10:29:57,810 [DEBUG] BaseMappedStatement query-for-id using 'SELECT * FROM `foo` WHERE `id` = ?' and 1 args, got no results
c34	2026-09-04 10:29:57,811 [TRACE] BaseMappedStatement query-for-id arguments: [2]
c34	FT	1	com.j256.ormlite.dao.BaseDaoImplTest#testDeleteIds	PASS				788
c34	FT	2	com.j256.ormlite.dao.RuntimeExceptionDaoTest#testAssignEmptyForeignCollectionThrow	PASS				66
c35	FT	1	com.j256.ormlite.dao.BaseDaoImplTest#testDeleteIdsEmpty	PASS				538
c35	FT	2	com.j256.ormlite.dao.RuntimeExceptionDaoTest#testAssignEmptyForeignCollectionThrow	PASS				121
c36	FT	1	com.j256.ormlite.dao.BaseDaoImplTest#testDeleteIdsNoInit	PASS				351
c36	FT	2	com.j256.ormlite.dao.RuntimeExceptionDaoTest#testAssignEmptyForeignCollectionThrow	PASS				67
c37	2026-09-04 10:29:59,798 [INFO] TableUtils dropping table 'foo'
c37	2026-09-04 10:30:00,112 [INFO] TableUtils ignoring drop error 'org.h2.jdbc.JdbcSQLSyntaxErrorException: Table "FOO" not found; SQL statement:
c37	DROP TABLE `foo`  [42102-200]' for statement: DROP TABLE `foo` 
c37	2026-09-04 10:30:00,113 [INFO] TableUtils creating table 'foo'
c37	2026-09-04 10:30:00,146 [INFO] TableUtils executed create table statement changed 0 rows: CREATE TABLE `foo` (`id` INTEGER AUTO_INCREMENT , `val` INTEGER , `equal` INTEGER , `string` VARCHAR(255) , PRIMARY KEY (`id`) ) 
c37	2026-09-04 10:30:00,172 [DEBUG] BaseMappedStatement insert data with statement 'INSERT INTO `foo` (`val` ,`equal` ,`string` ) VALUES (?,?,?)' and 3 args, changed 1 rows
c37	2026-09-04 10:30:00,173 [TRACE] BaseMappedStatement insert arguments: [0, 0, null]
c37	2026-09-04 10:30:00,173 [DEBUG] BaseMappedStatement assigned id '1' from keyholder to 'id' in Foo object
c37	FT	1	com.j256.ormlite.dao.BaseDaoImplTest#testDeleteIdsThrow	PASS				787
c37	FT	2	com.j256.ormlite.dao.RuntimeExceptionDaoTest#testAssignEmptyForeignCollectionThrow	PASS				51
c38	FT	1	com.j256.ormlite.dao.BaseDaoImplTest#testDeleteNoInit	PASS				314
c38	FT	2	com.j256.ormlite.dao.RuntimeExceptionDaoTest#testAssignEmptyForeignCollectionThrow	PASS				53
c39	FT	1	com.j256.ormlite.dao.BaseDaoImplTest#testDeleteNull	PASS				466
c39	FT	2	com.j256.ormlite.dao.RuntimeExceptionDaoTest#testAssignEmptyForeignCollectionThrow	PASS				45
c40	2026-09-04 10:30:01,881 [INFO] TableUtils dropping table 'foo'
c40	2026-09-04 10:30:02,136 [INFO] TableUtils ignoring drop error 'org.h2.jdbc.JdbcSQLSyntaxErrorException: Table "FOO" not found; SQL statement:
c40	DROP TABLE `foo`  [42102-200]' for statement: DROP TABLE `foo` 
c40	2026-09-04 10:30:02,137 [INFO] TableUtils creating table 'foo'
c40	2026-09-04 10:30:02,171 [INFO] TableUtils executed create table statement changed 0 rows: CREATE TABLE `foo` (`id` INTEGER AUTO_INCREMENT , `val` INTEGER , `equal` INTEGER , `string` VARCHAR(255) , PRIMARY KEY (`id`) ) 
c40	2026-09-04 10:30:02,195 [DEBUG] BaseMappedStatement insert data with statement 'INSERT INTO `foo` (`val` ,`equal` ,`string` ) VALUES (?,?,?)' and 3 args, changed 1 rows
c40	2026-09-04 10:30:02,196 [TRACE] BaseMappedStatement insert arguments: [0, 0, null]
c40	2026-09-04 10:30:02,196 [DEBUG] BaseMappedStatement assigned id '1' from keyholder to 'id' in Foo object
c40	2026-09-04 10:30:02,197 [DEBUG] BaseMappedStatement insert data with statement 'INSERT INTO `foo` (`val` ,`equal` ,`string` ) VALUES (?,?,?)' and 3 args, changed 1 rows
c40	2026-09-04 10:30:02,197 [TRACE] BaseMappedStatement insert arguments: [0, 0, null]
c40	2026-09-04 10:30:02,197 [DEBUG] BaseMappedStatement assigned id '2' from keyholder to 'id' in Foo object
c40	2026-09-04 10:30:02,209 [DEBUG] BaseMappedStatement query-for-id using 'SELECT * FROM `foo` WHERE `id` = ?' and 1 args, got 1 result
c40	2026-09-04 10:30:02,209 [TRACE] BaseMappedStatement query-for-id arguments: [1]
c40	2026-09-04 10:30:02,210 [DEBUG] BaseMappedStatement query-for-id using 'SELECT * FROM `foo` WHERE `id` = ?' and 1 args, got 1 result
c40	2026-09-04 10:30:02,211 [TRACE] BaseMappedStatement query-for-id arguments: [2]
c40	2026-09-04 10:30:02,216 [DEBUG] BaseMappedStatement prepared statement 'DELETE FROM `foo` WHERE `id` = 1' with 0 args
c40	2026-09-04 10:30:02,221 [DEBUG] BaseMappedStatement prepared statement 'SELECT * FROM `foo`' with 0 args
c40	2026-09-04 10:30:02,227 [DEBUG] StatementExecutor query of 'SELECT * FROM `foo`' with 0 args returned 1 results
c40	2026-09-04 10:30:02,228 [DEBUG] BaseMappedStatement query-for-id using 'SELECT * FROM `foo` WHERE `id` = ?' and 1 args, got no results
c40	2026-09-04 10:30:02,228 [TRACE] BaseMappedStatement query-for-id arguments: [1]
c40	2026-09-04 10:30:02,230 [DEBUG] BaseMappedStatement query-for-id using 'SELECT * FROM `foo` WHERE `id` = ?' and 1 args, got 1 result
c40	2026-09-04 10:30:02,230 [TRACE] BaseMappedStatement query-for-id arguments: [2]
c40	FT	1	com.j256.ormlite.dao.BaseDaoImplTest#testDeletePreparedStatement	PASS				789
c40	FT	2	com.j256.ormlite.dao.RuntimeExceptionDaoTest#testAssignEmptyForeignCollectionThrow	PASS				50
c41	2026-09-04 10:30:02,851 [INFO] TableUtils dropping table 'foo'
c41	2026-09-04 10:30:03,146 [INFO] TableUtils ignoring drop error 'org.h2.jdbc.JdbcSQLSyntaxErrorException: Table "FOO" not found; SQL statement:
c41	DROP TABLE `foo`  [42102-200]' for statement: DROP TABLE `foo` 
c41	2026-09-04 10:30:03,147 [INFO] TableUtils creating table 'foo'
c41	2026-09-04 10:30:03,187 [INFO] TableUtils executed create table statement changed 0 rows: CREATE TABLE `foo` (`id` INTEGER AUTO_INCREMENT , `val` INTEGER , `equal` INTEGER , `string` VARCHAR(255) , PRIMARY KEY (`id`) ) 
c41	2026-09-04 10:30:03,221 [DEBUG] BaseMappedStatement insert data with statement 'INSERT INTO `foo` (`val` ,`equal` ,`string` ) VALUES (?,?,?)' and 3 args, changed 1 rows
c41	2026-09-04 10:30:03,222 [TRACE] BaseMappedStatement insert arguments: [0, 0, null]
c41	2026-09-04 10:30:03,222 [DEBUG] BaseMappedStatement assigned id '1' from keyholder to 'id' in Foo object
c41	FT	1	com.j256.ormlite.dao.BaseDaoImplTest#testDeletePreparedThrow	PASS				800
c41	FT	2	com.j256.ormlite.dao.RuntimeExceptionDaoTest#testAssignEmptyForeignCollectionThrow	PASS				54
c42	2026-09-04 10:30:03,876 [INFO] TableUtils dropping table 'foo'
c42	2026-09-04 10:30:04,191 [INFO] TableUtils ignoring drop error 'org.h2.jdbc.JdbcSQLSyntaxErrorException: Table "FOO" not found; SQL statement:
c42	DROP TABLE `foo`  [42102-200]' for statement: DROP TABLE `foo` 
c42	2026-09-04 10:30:04,192 [INFO] TableUtils creating table 'foo'
c42	2026-09-04 10:30:04,244 [INFO] TableUtils executed create table statement changed 0 rows: CREATE TABLE `foo` (`id` INTEGER AUTO_INCREMENT , `val` INTEGER , `equal` INTEGER , `string` VARCHAR(255) , PRIMARY KEY (`id`) ) 
c42	2026-09-04 10:30:04,294 [DEBUG] BaseMappedStatement insert data with statement 'INSERT INTO `foo` (`val` ,`equal` ,`string` ) VALUES (?,?,?)' and 3 args, changed 1 rows
c42	2026-09-04 10:30:04,294 [TRACE] BaseMappedStatement insert arguments: [0, 0, null]
c42	2026-09-04 10:30:04,294 [DEBUG] BaseMappedStatement assigned id '1' from keyholder to 'id' in Foo object
c42	FT	1	com.j256.ormlite.dao.BaseDaoImplTest#testDeleteThrow	PASS				877
c42	FT	2	com.j256.ormlite.dao.RuntimeExceptionDaoTest#testAssignEmptyForeignCollectionThrow	PASS				68
c43	FT	1	com.j256.ormlite.dao.BaseDaoImplTest#testDoubleInitialize	PASS				474
c43	FT	2	com.j256.ormlite.dao.RuntimeExceptionDaoTest#testAssignEmptyForeignCollectionThrow	PASS				60
c44	2026-09-04 10:30:05,625 [INFO] TableUtils dropping table 'foo'
c44	2026-09-04 10:30:05,984 [INFO] TableUtils ignoring drop error 'org.h2.jdbc.JdbcSQLSyntaxErrorException: Table "FOO" not found; SQL statement:
c44	DROP TABLE `foo`  [42102-200]' for statement: DROP TABLE `foo` 
c44	2026-09-04 10:30:05,985 [INFO] TableUtils creating table 'foo'
c44	2026-09-04 10:30:06,018 [INFO] TableUtils executed create table statement changed 0 rows: CREATE TABLE `foo` (`id` INTEGER AUTO_INCREMENT , `val` INTEGER , `equal` INTEGER , `string` VARCHAR(255) , PRIMARY KEY (`id`) ) 
c44	2026-09-04 10:30:06,046 [DEBUG] BaseMappedStatement insert data with statement 'INSERT INTO `foo` (`val` ,`equal` ,`string` ) VALUES (?,?,?)' and 3 args, changed 1 rows
c44	2026-09-04 10:30:06,046 [TRACE] BaseMappedStatement insert arguments: [0, 0, null]
c44	2026-09-04 10:30:06,046 [DEBUG] BaseMappedStatement assigned id '1' from keyholder to 'id' in Foo object
c44	2026-09-04 10:30:06,047 [DEBUG] BaseMappedStatement insert data with statement 'INSERT INTO `foo` (`val` ,`equal` ,`string` ) VALUES (?,?,?)' and 3 args, changed 1 rows
c44	2026-09-04 10:30:06,047 [TRACE] BaseMappedStatement insert arguments: [0, 0, null]
c44	2026-09-04 10:30:06,047 [DEBUG] BaseMappedStatement assigned id '2' from keyholder to 'id' in Foo object
c44	2026-09-04 10:30:06,058 [DEBUG] BaseMappedStatement prepared statement 'SELECT * FROM `foo`' with 0 args
c44	2026-09-04 10:30:06,061 [DEBUG] StatementExecutor query of 'SELECT * FROM `foo`' with 0 args returned 2 results
c44	2026-09-04 10:30:06,061 [DEBUG] StatementExecutor running raw execute statement: TRUNCATE TABLE FOO
c44	2026-09-04 10:30:06,062 [DEBUG] BaseMappedStatement prepared statement 'SELECT * FROM `foo`' with 0 args
c44	2026-09-04 10:30:06,063 [DEBUG] StatementExecutor query of 'SELECT * FROM `foo`' with 0 args returned 0 results
c44	FT	1	com.j256.ormlite.dao.BaseDaoImplTest#testExecuteRaw	PASS				893
c44	FT	2	com.j256.ormlite.dao.RuntimeExceptionDaoTest#testAssignEmptyForeignCollectionThrow	PASS				63
c45	2026-09-04 10:30:06,814 [INFO] TableUtils dropping table 'foo'
c45	2026-09-04 10:30:07,125 [INFO] TableUtils ignoring drop error 'org.h2.jdbc.JdbcSQLSyntaxErrorException: Table "FOO" not found; SQL statement:
c45	DROP TABLE `foo`  [42102-200]' for statement: DROP TABLE `foo` 
c45	2026-09-04 10:30:07,125 [INFO] TableUtils creating table 'foo'
c45	2026-09-04 10:30:07,167 [INFO] TableUtils executed create table statement changed 0 rows: CREATE TABLE `foo` (`id` INTEGER AUTO_INCREMENT , `val` INTEGER , `equal` INTEGER , `string` VARCHAR(255) , PRIMARY KEY (`id`) ) 
c45	2026-09-04 10:30:07,209 [DEBUG] BaseMappedStatement insert data with statement 'INSERT INTO `foo` (`val` ,`equal` ,`string` ) VALUES (?,?,?)' and 3 args, changed 1 rows
c45	2026-09-04 10:30:07,209 [TRACE] BaseMappedStatement insert arguments: [0, 0, null]
c45	2026-09-04 10:30:07,209 [DEBUG] BaseMappedStatement assigned id '1' from keyholder to 'id' in Foo object
c45	2026-09-04 10:30:07,211 [DEBUG] StatementExecutor running raw execute statement: TRUNCATE TABLE FOO
c45	FT	1	com.j256.ormlite.dao.BaseDaoImplTest#testExecuteRawThrow	PASS				940
c45	FT	2	com.j256.ormlite.dao.RuntimeExceptionDaoTest#testAssignEmptyForeignCollectionThrow	PASS				62
c46	2026-09-04 10:30:07,825 [INFO] TableUtils dropping table 'foo'
c46	2026-09-04 10:30:08,212 [INFO] TableUtils ignoring drop error 'org.h2.jdbc.JdbcSQLSyntaxErrorException: Table "FOO" not found; SQL statement:
c46	DROP TABLE `foo`  [42102-200]' for statement: DROP TABLE `foo` 
c46	2026-09-04 10:30:08,213 [INFO] TableUtils creating table 'foo'
c46	2026-09-04 10:30:08,264 [INFO] TableUtils executed create table statement changed 0 rows: CREATE TABLE `foo` (`id` INTEGER AUTO_INCREMENT , `val` INTEGER , `equal` INTEGER , `string` VARCHAR(255) , PRIMARY KEY (`id`) ) 
c46	2026-09-04 10:30:08,265 [DEBUG] StatementExecutor running raw execute statement: CREATE TRIGGER foo_trigger AFTER INSERT ON foo
c46	FOR EACH ROW CALL "com.j256.ormlite.dao.BaseDaoImplTest$ExampleH2Trigger"
c46	2026-09-04 10:30:08,298 [DEBUG] BaseMappedStatement insert data with statement 'INSERT INTO `foo` (`val` ,`equal` ,`string` ) VALUES (?,?,?)' and 3 args, changed 1 rows
c46	2026-09-04 10:30:08,299 [TRACE] BaseMappedStatement insert arguments: [0, 0, null]
c46	2026-09-04 10:30:08,299 [DEBUG] BaseMappedStatement assigned id '1' from keyholder to 'id' in Foo object
c46	2026-09-04 10:30:08,300 [DEBUG] BaseMappedStatement insert data with statement 'INSERT INTO `foo` (`val` ,`equal` ,`string` ) VALUES (?,?,?)' and 3 args, changed 1 rows
c46	2026-09-04 10:30:08,300 [TRACE] BaseMappedStatement insert arguments: [0, 0, null]
c46	2026-09-04 10:30:08,300 [DEBUG] BaseMappedStatement assigned id '2' from keyholder to 'id' in Foo object
c46	FT	1	com.j256.ormlite.dao.BaseDaoImplTest#testExecuteRawTrigger	PASS				873
c46	FT	2	com.j256.ormlite.dao.RuntimeExceptionDaoTest#testAssignEmptyForeignCollectionThrow	PASS				52
c47	2026-09-04 10:30:08,909 [INFO] TableUtils dropping table 'foo'
c47	2026-09-04 10:30:09,227 [INFO] TableUtils ignoring drop error 'org.h2.jdbc.JdbcSQLSyntaxErrorException: Table "FOO" not found; SQL statement:
c47	DROP TABLE `foo`  [42102-200]' for statement: DROP TABLE `foo` 
c47	2026-09-04 10:30:09,228 [INFO] TableUtils creating table 'foo'
c47	2026-09-04 10:30:09,263 [INFO] TableUtils executed create table statement changed 0 rows: CREATE TABLE `foo` (`id` INTEGER AUTO_INCREMENT , `val` INTEGER , `equal` INTEGER , `string` VARCHAR(255) , PRIMARY KEY (`id`) ) 
c47	FT	1	com.j256.ormlite.dao.BaseDaoImplTest#testExtractId	PASS				768
c47	FT	2	com.j256.ormlite.dao.RuntimeExceptionDaoTest#testAssignEmptyForeignCollectionThrow	PASS				64
c48	2026-09-04 10:30:09,947 [INFO] TableUtils dropping table 'noid'
c48	2026-09-04 10:30:10,281 [INFO] TableUtils ignoring drop error 'org.h2.jdbc.JdbcSQLSyntaxErrorException: Table "NOID" not found; SQL statement:
c48	DROP TABLE `noid`  [42102-200]' for statement: DROP TABLE `noid` 
c48	2026-09-04 10:30:10,281 [INFO] TableUtils creating table 'noid'
c48	2026-09-04 10:30:10,285 [INFO] TableUtils executed create table statement changed 0 rows: CREATE TABLE `noid` (`stuff` VARCHAR(255) ) 
c48	FT	1	com.j256.ormlite.dao.BaseDaoImplTest#testExtractIdBadClass	PASS				829
c48	FT	2	com.j256.ormlite.dao.RuntimeExceptionDaoTest#testAssignEmptyForeignCollectionThrow	PASS				47
c49	2026-09-04 10:30:10,862 [INFO] TableUtils dropping table 'fewfields'
c49	2026-09-04 10:30:11,109 [INFO] TableUtils ignoring drop error 'org.h2.jdbc.JdbcSQLSyntaxErrorException: Table "FEWFIELDS" not found; SQL statement:
c49	DROP TABLE `fewfields`  [42102-200]' for statement: DROP TABLE `fewfields` 
c49	2026-09-04 10:30:11,109 [INFO] TableUtils creating table 'fewfields'
c49	2026-09-04 10:30:11,137 [INFO] TableUtils executed create table statement changed 0 rows: CREATE TABLE `fewfields` (`id` INTEGER AUTO_INCREMENT , PRIMARY KEY (`id`) ) 
c49	2026-09-04 10:30:11,158 [DEBUG] BaseMappedStatement insert data with statement 'INSERT INTO `fewfields` () VALUES ()' and 0 args, changed 1 rows
c49	2026-09-04 10:30:11,159 [DEBUG] BaseMappedStatement assigned id '1' from keyholder to 'id' in FewFields object
c49	2026-09-04 10:30:11,166 [DEBUG] BaseMappedStatement query-for-id using 'SELECT * FROM `fewfields` WHERE `id` = ?' and 1 args, got 1 result
c49	2026-09-04 10:30:11,166 [TRACE] BaseMappedStatement query-for-id arguments: [1]
c49	FT	1	com.j256.ormlite.dao.BaseDaoImplTest#testFewFields	PASS				692
c49	FT	2	com.j256.ormlite.dao.RuntimeExceptionDaoTest#testAssignEmptyForeignCollectionThrow	PASS				51
c50	FT	1	com.j256.ormlite.dao.BaseDaoImplTest#testFindForeign	PASS				363
c50	FT	2	com.j256.ormlite.dao.RuntimeExceptionDaoTest#testAssignEmptyForeignCollectionThrow	PASS				46
c51	2026-09-04 10:30:12,251 [INFO] TableUtils dropping table 'foo'
c51	2026-09-04 10:30:12,497 [INFO] TableUtils ignoring drop error 'org.h2.jdbc.JdbcSQLSyntaxErrorException: Table "FOO" not found; SQL statement:
c51	DROP TABLE `foo`  [42102-200]' for statement: DROP TABLE `foo` 
c51	2026-09-04 10:30:12,498 [INFO] TableUtils creating table 'foo'
c51	2026-09-04 10:30:12,528 [INFO] TableUtils executed create table statement changed 0 rows: CREATE TABLE `foo` (`id` INTEGER AUTO_INCREMENT , `val` INTEGER , `equal` INTEGER , `string` VARCHAR(255) , PRIMARY KEY (`id`) ) 
c51	2026-09-04 10:30:12,529 [INFO] TableUtils dropping table 'foreign'
c51	2026-09-04 10:30:12,530 [INFO] TableUtils ignoring drop error 'org.h2.jdbc.JdbcSQLSyntaxErrorException: Table "FOREIGN" not found; SQL statement:
c51	DROP TABLE `foreign`  [42102-200]' for statement: DROP TABLE `foreign` 
c51	2026-09-04 10:30:12,530 [INFO] TableUtils creating table 'foreign'
c51	2026-09-04 10:30:12,531 [INFO] TableUtils executed create table statement changed 0 rows: CREATE TABLE `foreign` (`id` INTEGER AUTO_INCREMENT , `foo_id` INTEGER , PRIMARY KEY (`id`) ) 
c51	2026-09-04 10:30:12,555 [DEBUG] BaseMappedStatement insert data with statement 'INSERT INTO `foo` (`val` ,`equal` ,`string` ) VALUES (?,?,?)' and 3 args, changed 1 rows
c51	2026-09-04 10:30:12,555 [TRACE] BaseMappedStatement insert arguments: [6389, 0, hello there]
c51	2026-09-04 10:30:12,555 [DEBUG] BaseMappedStatement assigned id '1' from keyholder to 'id' in Foo object
c51	2026-09-04 10:30:12,556 [DEBUG] BaseMappedStatement insert data with statement 'INSERT INTO `foreign` (`foo_id` ) VALUES (?)' and 1 args, changed 1 rows
c51	2026-09-04 10:30:12,556 [TRACE] BaseMappedStatement insert arguments: [1]
c51	2026-09-04 10:30:12,557 [DEBUG] BaseMappedStatement assigned id '1' from keyholder to 'id' in Foreign object
c51	2026-09-04 10:30:12,567 [DEBUG] BaseMappedStatement query-for-id using 'SELECT * FROM `foreign` WHERE `id` = ?' and 1 args, got 1 result
c51	2026-09-04 10:30:12,567 [TRACE] BaseMappedStatement query-for-id arguments: [1]
c51	2026-09-04 10:30:12,568 [DEBUG] BaseMappedStatement refresh using 'SELECT * FROM `foo` WHERE `id` = ?' and 1 args, got 1 result
c51	2026-09-04 10:30:12,568 [TRACE] BaseMappedStatement refresh arguments: [1]
c51	FT	1	com.j256.ormlite.dao.BaseDaoImplTest#testForeign	PASS				687
c51	FT	2	com.j256.ormlite.dao.RuntimeExceptionDaoTest#testAssignEmptyForeignCollectionThrow	PASS				46
c52	2026-09-04 10:30:13,107 [INFO] TableUtils dropping table 'foo'
c52	2026-09-04 10:30:13,339 [INFO] TableUtils ignoring drop error 'org.h2.jdbc.JdbcSQLSyntaxErrorException: Table "FOO" not found; SQL statement:
c52	DROP TABLE `foo`  [42102-200]' for statement: DROP TABLE `foo` 
c52	2026-09-04 10:30:13,340 [INFO] TableUtils creating table 'foo'
c52	2026-09-04 10:30:13,377 [INFO] TableUtils executed create table statement changed 0 rows: CREATE TABLE `foo` (`id` INTEGER AUTO_INCREMENT , `val` INTEGER , `equal` INTEGER , `string` VARCHAR(255) , PRIMARY KEY (`id`) ) 
c52	2026-09-04 10:30:13,385 [INFO] TableUtils dropping table 'foreignautorefresh'
c52	2026-09-04 10:30:13,386 [INFO] TableUtils ignoring drop error 'org.h2.jdbc.JdbcSQLSyntaxErrorException: Table "FOREIGNAUTOREFRESH" not found; SQL statement:
c52	DROP TABLE `foreignautorefresh`  [42102-200]' for statement: DROP TABLE `foreignautorefresh` 
c52	2026-09-04 10:30:13,386 [INFO] TableUtils creating table 'foreignautorefresh'
c52	2026-09-04 10:30:13,388 [INFO] TableUtils executed create table statement changed 0 rows: CREATE TABLE `foreignautorefresh` (`id` INTEGER AUTO_INCREMENT , `foo_id` INTEGER , PRIMARY KEY (`id`) ) 
c52	2026-09-04 10:30:13,437 [DEBUG] BaseMappedStatement insert data with statement 'INSERT INTO `foo` (`val` ,`equal` ,`string` ) VALUES (?,?,?)' and 3 args, changed 1 rows
c52	2026-09-04 10:30:13,437 [TRACE] BaseMappedStatement insert arguments: [6389, 0, null]
c52	2026-09-04 10:30:13,437 [DEBUG] BaseMappedStatement assigned id '1' from keyholder to 'id' in Foo object
c52	2026-09-04 10:30:13,439 [DEBUG] BaseMappedStatement insert data with statement 'INSERT INTO `foreignautorefresh` (`foo_id` ) VALUES (?)' and 1 args, changed 1 rows
c52	2026-09-04 10:30:13,439 [TRACE] BaseMappedStatement insert arguments: [1]
c52	2026-09-04 10:30:13,440 [DEBUG] BaseMappedStatement assigned id '1' from keyholder to 'id' in ForeignAutoRefresh object
c52	2026-09-04 10:30:13,457 [DEBUG] BaseMappedStatement query-for-id using 'SELECT * FROM `foo` WHERE `id` = ?' and 1 args, got 1 result
c52	2026-09-04 10:30:13,457 [TRACE] BaseMappedStatement query-for-id arguments: [1]
c52	2026-09-04 10:30:13,458 [DEBUG] BaseMappedStatement query-for-id using 'SELECT * FROM `foreignautorefresh` WHERE `id` = ?' and 1 args, got 1 result
c52	2026-09-04 10:30:13,458 [TRACE] BaseMappedStatement query-for-id arguments: [1]
c52	FT	1	com.j256.ormlite.dao.BaseDaoImplTest#testForeignAutoRefresh	PASS				713
c52	FT	2	com.j256.ormlite.dao.RuntimeExceptionDaoTest#testAssignEmptyForeignCollectionThrow	PASS				62
c53	2026-09-04 10:30:12,399 [INFO] TableUtils dropping table 'foo'
c53	2026-09-04 10:30:12,697 [INFO] TableUtils ignoring drop error 'org.h2.jdbc.JdbcSQLSyntaxErrorException: Table "FOO" not found; SQL statement:
c53	DROP TABLE `foo`  [42102-200]' for statement: DROP TABLE `foo` 
c53	2026-09-04 10:30:12,698 [INFO] TableUtils creating table 'foo'
c53	2026-09-04 10:30:12,732 [INFO] TableUtils executed create table statement changed 0 rows: CREATE TABLE `foo` (`id` INTEGER AUTO_INCREMENT , `val` INTEGER , `equal` INTEGER , `string` VARCHAR(255) , PRIMARY KEY (`id`) ) 
c53	2026-09-04 10:30:12,739 [INFO] TableUtils dropping table 'foreignautorefreshfalse'
c53	2026-09-04 10:30:12,740 [INFO] TableUtils ignoring drop error 'org.h2.jdbc.JdbcSQLSyntaxErrorException: Table "FOREIGNAUTOREFRESHFALSE" not found; SQL statement:
c53	DROP TABLE `foreignautorefreshfalse`  [42102-200]' for statement: DROP TABLE `foreignautorefreshfalse` 
c53	2026-09-04 10:30:12,740 [INFO] TableUtils creating table 'foreignautorefreshfalse'
c53	2026-09-04 10:30:12,743 [INFO] TableUtils executed create table statement changed 0 rows: CREATE TABLE `foreignautorefreshfalse` (`id` INTEGER AUTO_INCREMENT , `foo_id` INTEGER , PRIMARY KEY (`id`) ) 
c53	2026-09-04 10:30:12,771 [DEBUG] BaseMappedStatement insert data with statement 'INSERT INTO `foo` (`val` ,`equal` ,`string` ) VALUES (?,?,?)' and 3 args, changed 1 rows
c53	2026-09-04 10:30:12,771 [TRACE] BaseMappedStatement insert arguments: [6389, 0, not null]
c53	2026-09-04 10:30:12,772 [DEBUG] BaseMappedStatement assigned id '1' from keyholder to 'id' in Foo object
c53	2026-09-04 10:30:12,773 [DEBUG] BaseMappedStatement insert data with statement 'INSERT INTO `foreignautorefreshfalse` (`foo_id` ) VALUES (?)' and 1 args, changed 1 rows
c53	2026-09-04 10:30:12,773 [TRACE] BaseMappedStatement insert arguments: [1]
c53	2026-09-04 10:30:12,773 [DEBUG] BaseMappedStatement assigned id '1' from keyholder to 'id' in ForeignAutoRefreshFalse object
c53	2026-09-04 10:30:12,793 [DEBUG] BaseMappedStatement query-for-id using 'SELECT * FROM `foreignautorefreshfalse` WHERE `id` = ?' and 1 args, got 1 result
c53	2026-09-04 10:30:12,793 [TRACE] BaseMappedStatement query-for-id arguments: [1]
c53	FT	1	com.j256.ormlite.dao.BaseDaoImplTest#testForeignAutoRefreshFalse	PASS				-833
c53	FT	2	com.j256.ormlite.dao.RuntimeExceptionDaoTest#testAssignEmptyForeignCollectionThrow	PASS				65
c54	2026-09-04 10:30:13,456 [INFO] TableUtils dropping table 'foreignnotnull'
c54	2026-09-04 10:30:13,742 [INFO] TableUtils ignoring drop error 'org.h2.jdbc.JdbcSQLSyntaxErrorException: Table "FOREIGNNOTNULL" not found; SQL statement:
c54	DROP TABLE `foreignnotnull`  [42102-200]' for statement: DROP TABLE `foreignnotnull` 
c54	2026-09-04 10:30:13,743 [INFO] TableUtils creating table 'foreignnotnull'
c54	2026-09-04 10:30:13,789 [INFO] TableUtils executed create table statement changed 0 rows: CREATE TABLE `foreignnotnull` (`id` INTEGER AUTO_INCREMENT , `foo_id` INTEGER NOT NULL , PRIMARY KEY (`id`) ) 
c54	2026-09-04 10:30:13,802 [DEBUG] BaseMappedStatement insert data with statement 'INSERT INTO `foreignnotnull` (`foo_id` ) VALUES (?)' and 1 args, threw exception: org.h2.jdbc.JdbcSQLIntegrityConstraintViolationException: NULL not allowed for column "FOO_ID"; SQL statement:
c54	INSERT INTO `foreignnotnull` (`foo_id` ) VALUES (?) [23502-200]
c54	2026-09-04 10:30:13,803 [TRACE] BaseMappedStatement insert arguments: [null]
c54	FT	1	com.j256.ormlite.dao.BaseDaoImplTest#testForeignCantBeNull	PASS				813
c54	FT	2	com.j256.ormlite.dao.RuntimeExceptionDaoTest#testAssignEmptyForeignCollectionThrow	PASS				67
c55	FT	1	com.j256.ormlite.dao.BaseDaoImplTest#testForeignCollectionAutoRefresh	PASS				345
c55	FT	2	com.j256.ormlite.dao.RuntimeExceptionDaoTest#testAssignEmptyForeignCollectionThrow	PASS				60
c56	2026-09-04 10:30:14,869 [INFO] TableUtils dropping table 'foreigncolumnname'
c56	2026-09-04 10:30:15,147 [INFO] TableUtils ignoring drop error 'org.h2.jdbc.JdbcSQLSyntaxErrorException: Table "FOREIGNCOLUMNNAME" not found; SQL statement:
c56	DROP TABLE `foreigncolumnname`  [42102-200]' for statement: DROP TABLE `foreigncolumnname` 
c56	2026-09-04 10:30:15,148 [INFO] TableUtils creating table 'foreigncolumnname'
c56	2026-09-04 10:30:15,184 [INFO] TableUtils executed create table statement changed 0 rows: CREATE TABLE `foreigncolumnname` (`id` INTEGER AUTO_INCREMENT , `foreign_name` VARCHAR(255) , PRIMARY KEY (`id`) ) 
c56	2026-09-04 10:30:15,184 [INFO] TableUtils dropping table 'foreigncolumnnameforeign'
c56	2026-09-04 10:30:15,188 [INFO] TableUtils ignoring drop error 'org.h2.jdbc.JdbcSQLSyntaxErrorException: Table "FOREIGNCOLUMNNAMEFOREIGN" not found; SQL statement:
c56	DROP TABLE `foreigncolumnnameforeign`  [42102-200]' for statement: DROP TABLE `foreigncolumnnameforeign` 
c56	2026-09-04 10:30:15,189 [INFO] TableUtils creating table 'foreigncolumnnameforeign'
c56	2026-09-04 10:30:15,192 [INFO] TableUtils executed create table statement changed 0 rows: CREATE TABLE `foreigncolumnnameforeign` (`id` INTEGER AUTO_INCREMENT , `name` VARCHAR(255) , PRIMARY KEY (`id`) ) 
c56	2026-09-04 10:30:15,214 [DEBUG] BaseMappedStatement insert data with statement 'INSERT INTO `foreigncolumnnameforeign` (`name` ) VALUES (?)' and 1 args, changed 1 rows
c56	2026-09-04 10:30:15,214 [TRACE] BaseMappedStatement insert arguments: [Buzz Lightyear]
c56	2026-09-04 10:30:15,215 [DEBUG] BaseMappedStatement assigned id '1' from keyholder to 'id' in ForeignColumnNameForeign object
c56	2026-09-04 10:30:15,216 [DEBUG] BaseMappedStatement insert data with statement 'INSERT INTO `foreigncolumnname` (`foreign_name` ) VALUES (?)' and 1 args, changed 1 rows
c56	2026-09-04 10:30:15,216 [TRACE] BaseMappedStatement insert arguments: [Buzz Lightyear]
c56	2026-09-04 10:30:15,216 [DEBUG] BaseMappedStatement assigned id '1' from keyholder to 'id' in ForeignColumnName object
c56	2026-09-04 10:30:15,226 [DEBUG] BaseMappedStatement query-for-id using 'SELECT * FROM `foreigncolumnnameforeign` WHERE `name` = ?' and 1 args, got 1 result
c56	2026-09-04 10:30:15,226 [TRACE] BaseMappedStatement query-for-id arguments: [Buzz Lightyear]
c56	2026-09-04 10:30:15,226 [DEBUG] BaseMappedStatement query-for-id using 'SELECT * FROM `foreigncolumnname` WHERE `id` = ?' and 1 args, got 1 result
c56	2026-09-04 10:30:15,226 [TRACE] BaseMappedStatement query-for-id arguments: [1]
c56	2026-09-04 10:30:15,228 [DEBUG] BaseMappedStatement refresh using 'SELECT * FROM `foreigncolumnnameforeign` WHERE `id` = ?' and 1 args, got 1 result
c56	2026-09-04 10:30:15,228 [TRACE] BaseMappedStatement refresh arguments: [1]
c56	FT	1	com.j256.ormlite.dao.BaseDaoImplTest#testForeignColumnName	PASS				694
c56	FT	2	com.j256.ormlite.dao.RuntimeExceptionDaoTest#testAssignEmptyForeignCollectionThrow	PASS				41
c57	2026-09-04 10:30:15,787 [INFO] TableUtils dropping table 'foreignintid'
c57	2026-09-04 10:30:16,118 [INFO] TableUtils ignoring drop error 'org.h2.jdbc.JdbcSQLSyntaxErrorException: Table "FOREIGNINTID" not found; SQL statement:
c57	DROP TABLE `foreignintid`  [42102-200]' for statement: DROP TABLE `foreignintid` 
c57	2026-09-04 10:30:16,118 [INFO] TableUtils creating table 'foreignintid'
c57	2026-09-04 10:30:16,144 [INFO] TableUtils executed create table statement changed 0 rows: CREATE TABLE `foreignintid` (`id` INTEGER AUTO_INCREMENT , `one` INTEGER , PRIMARY KEY (`id`) ) 
c57	2026-09-04 10:30:16,165 [DEBUG] BaseMappedStatement insert data with statement 'INSERT INTO `foreignintid` (`one` ) VALUES (?)' and 1 args, changed 1 rows
c57	2026-09-04 10:30:16,165 [TRACE] BaseMappedStatement insert arguments: [null]
c57	2026-09-04 10:30:16,166 [DEBUG] BaseMappedStatement assigned id '1' from keyholder to 'id' in ForeignIntId object
c57	2026-09-04 10:30:16,174 [DEBUG] BaseMappedStatement query-for-id using 'SELECT * FROM `foreignintid` WHERE `id` = ?' and 1 args, got 1 result
c57	2026-09-04 10:30:16,174 [TRACE] BaseMappedStatement query-for-id arguments: [1]
c57	FT	1	com.j256.ormlite.dao.BaseDaoImplTest#testForeignIntIdNull	PASS				740
c57	FT	2	com.j256.ormlite.dao.RuntimeExceptionDaoTest#testAssignEmptyForeignCollectionThrow	PASS				43
c58	2026-09-04 10:30:16,719 [INFO] TableUtils dropping table 'foreignloop1'
c58	2026-09-04 10:30:17,091 [INFO] TableUtils ignoring drop error 'org.h2.jdbc.JdbcSQLSyntaxErrorException: Table "FOREIGNLOOP1" not found; SQL statement:
c58	DROP TABLE `foreignloop1`  [42102-200]' for statement: DROP TABLE `foreignloop1` 
c58	2026-09-04 10:30:17,091 [INFO] TableUtils creating table 'foreignloop1'
c58	2026-09-04 10:30:17,121 [INFO] TableUtils executed create table statement changed 0 rows: CREATE TABLE `foreignloop1` (`id` INTEGER AUTO_INCREMENT , `loop_id` INTEGER , PRIMARY KEY (`id`) ) 
c58	2026-09-04 10:30:17,122 [INFO] TableUtils dropping table 'foreignloop2'
c58	2026-09-04 10:30:17,122 [INFO] TableUtils ignoring drop error 'org.h2.jdbc.JdbcSQLSyntaxErrorException: Table "FOREIGNLOOP2" not found; SQL statement:
c58	DROP TABLE `foreignloop2`  [42102-200]' for statement: DROP TABLE `foreignloop2` 
c58	2026-09-04 10:30:17,122 [INFO] TableUtils creating table 'foreignloop2'
c58	2026-09-04 10:30:17,123 [INFO] TableUtils executed create table statement changed 0 rows: CREATE TABLE `foreignloop2` (`id` INTEGER AUTO_INCREMENT , `loop_id` INTEGER , PRIMARY KEY (`id`) ) 
c58	2026-09-04 10:30:17,123 [INFO] TableUtils dropping table 'foreignloop3'
c58	2026-09-04 10:30:17,124 [INFO] TableUtils ignoring drop error 'org.h2.jdbc.JdbcSQLSyntaxErrorException: Table "FOREIGNLOOP3" not found; SQL statement:
c58	DROP TABLE `foreignloop3`  [42102-200]' for statement: DROP TABLE `foreignloop3` 
c58	2026-09-04 10:30:17,124 [INFO] TableUtils creating table 'foreignloop3'
c58	2026-09-04 10:30:17,125 [INFO] TableUtils executed create table statement changed 0 rows: CREATE TABLE `foreignloop3` (`id` INTEGER AUTO_INCREMENT , `loop_id` INTEGER , PRIMARY KEY (`id`) ) 
c58	2026-09-04 10:30:17,125 [INFO] TableUtils dropping table 'foreignloop4'
c58	2026-09-04 10:30:17,125 [INFO] TableUtils ignoring drop error 'org.h2.jdbc.JdbcSQLSyntaxErrorException: Table "FOREIGNLOOP4" not found; SQL statement:
c58	DROP TABLE `foreignloop4`  [42102-200]' for statement: DROP TABLE `foreignloop4` 
c58	2026-09-04 10:30:17,125 [INFO] TableUtils creating table 'foreignloop4'
c58	2026-09-04 10:30:17,126 [INFO] TableUtils executed create table statement changed 0 rows: CREATE TABLE `foreignloop4` (`id` INTEGER AUTO_INCREMENT , `stuff` VARCHAR(255) , PRIMARY KEY (`id`) ) 
c58	2026-09-04 10:30:17,145 [DEBUG] BaseMappedStatement insert data with statement 'INSERT INTO `foreignloop4` (`stuff` ) VALUES (?)' and 1 args, changed 1 rows
c58	2026-09-04 10:30:17,145 [TRACE] BaseMappedStatement insert arguments: [wow]
c58	2026-09-04 10:30:17,145 [DEBUG] BaseMappedStatement assigned id '1' from keyholder to 'id' in ForeignLoop4 object
c58	2026-09-04 10:30:17,146 [DEBUG] BaseMappedStatement insert data with statement 'INSERT INTO `foreignloop3` (`loop_id` ) VALUES (?)' and 1 args, changed 1 rows
c58	2026-09-04 10:30:17,146 [TRACE] BaseMappedStatement insert arguments: [1]
c58	2026-09-04 10:30:17,147 [DEBUG] BaseMappedStatement assigned id '1' from keyholder to 'id' in ForeignLoop3 object
c58	2026-09-04 10:30:17,147 [DEBUG] BaseMappedStatement insert data with statement 'INSERT INTO `foreignloop2` (`loop_id` ) VALUES (?)' and 1 args, changed 1 rows
c58	2026-09-04 10:30:17,148 [TRACE] BaseMappedStatement insert arguments: [1]
c58	2026-09-04 10:30:17,148 [DEBUG] BaseMappedStatement assigned id '1' from keyholder to 'id' in ForeignLoop2 object
c58	2026-09-04 10:30:17,149 [DEBUG] BaseMappedStatement insert data with statement 'INSERT INTO `foreignloop1` (`loop_id` ) VALUES (?)' and 1 args, changed 1 rows
c58	2026-09-04 10:30:17,149 [TRACE] BaseMappedStatement insert arguments: [1]
c58	2026-09-04 10:30:17,149 [DEBUG] BaseMappedStatement assigned id '1' from keyholder to 'id' in ForeignLoop1 object
c58	2026-09-04 10:30:17,161 [DEBUG] BaseMappedStatement query-for-id using 'SELECT * FROM `foreignloop3` WHERE `id` = ?' and 1 args, got 1 result
c58	2026-09-04 10:30:17,162 [TRACE] BaseMappedStatement query-for-id arguments: [1]
c58	2026-09-04 10:30:17,162 [DEBUG] BaseMappedStatement query-for-id using 'SELECT * FROM `foreignloop2` WHERE `id` = ?' and 1 args, got 1 result
c58	2026-09-04 10:30:17,162 [TRACE] BaseMappedStatement query-for-id arguments: [1]
c58	2026-09-04 10:30:17,162 [DEBUG] BaseMappedStatement query-for-id using 'SELECT * FROM `foreignloop1` WHERE `id` = ?' and 1 args, got 1 result
c58	2026-09-04 10:30:17,162 [TRACE] BaseMappedStatement query-for-id arguments: [1]
c58	FT	1	com.j256.ormlite.dao.BaseDaoImplTest#testForeignLoop	PASS				806
c58	FT	2	com.j256.ormlite.dao.RuntimeExceptionDaoTest#testAssignEmptyForeignCollectionThrow	PASS				46
c59	2026-09-04 10:30:17,670 [INFO] TableUtils dropping table 'foreign'
c59	2026-09-04 10:30:17,999 [INFO] TableUtils ignoring drop error 'org.h2.jdbc.JdbcSQLSyntaxErrorException: Table "FOREIGN" not found; SQL statement:
c59	DROP TABLE `foreign`  [42102-200]' for statement: DROP TABLE `foreign` 
c59	2026-09-04 10:30:18,000 [INFO] TableUtils creating table 'foreign'
c59	2026-09-04 10:30:18,043 [INFO] TableUtils executed create table statement changed 0 rows: CREATE TABLE `foreign` (`id` INTEGER AUTO_INCREMENT , `foo_id` INTEGER , PRIMARY KEY (`id`) ) 
c59	2026-09-04 10:30:18,072 [DEBUG] BaseMappedStatement insert data with statement 'INSERT INTO `foreign` (`foo_id` ) VALUES (?)' and 1 args, changed 1 rows
c59	2026-09-04 10:30:18,073 [TRACE] BaseMappedStatement insert arguments: [null]
c59	2026-09-04 10:30:18,074 [DEBUG] BaseMappedStatement assigned id '1' from keyholder to 'id' in Foreign object
c59	2026-09-04 10:30:18,083 [DEBUG] BaseMappedStatement update data with statement 'UPDATE `foreign` SET `foo_id` = ? WHERE `id` = ?' and 2 args, changed 1 rows
c59	2026-09-04 10:30:18,084 [TRACE] BaseMappedStatement update arguments: [0, 1]
c59	FT	1	com.j256.ormlite.dao.BaseDaoImplTest#testForeignNoId	PASS				790
c59	FT	2	com.j256.ormlite.dao.RuntimeExceptionDaoTest#testAssignEmptyForeignCollectionThrow	PASS				54
c60	2026-09-04 10:30:18,790 [INFO] TableUtils dropping table 'foreign'
c60	2026-09-04 10:30:19,067 [INFO] TableUtils ignoring drop error 'org.h2.jdbc.JdbcSQLSyntaxErrorException: Table "FOREIGN" not found; SQL statement:
c60	DROP TABLE `foreign`  [42102-200]' for statement: DROP TABLE `foreign` 
c60	2026-09-04 10:30:19,069 [INFO] TableUtils creating table 'foreign'
c60	2026-09-04 10:30:19,104 [INFO] TableUtils executed create table statement changed 0 rows: CREATE TABLE `foreign` (`id` INTEGER AUTO_INCREMENT , `foo_id` INTEGER , PRIMARY KEY (`id`) ) 
c60	2026-09-04 10:30:19,125 [DEBUG] BaseMappedStatement insert data with statement 'INSERT INTO `foreign` (`foo_id` ) VALUES (?)' and 1 args, changed 1 rows
c60	2026-09-04 10:30:19,125 [TRACE] BaseMappedStatement insert arguments: [null]
c60	2026-09-04 10:30:19,125 [DEBUG] BaseMappedStatement assigned id '1' from keyholder to 'id' in Foreign object
c60	2026-09-04 10:30:19,133 [DEBUG] BaseMappedStatement query-for-id using 'SELECT * FROM `foreign` WHERE `id` = ?' and 1 args, got 1 result
c60	2026-09-04 10:30:19,134 [TRACE] BaseMappedStatement query-for-id arguments: [1]
c60	FT	1	com.j256.ormlite.dao.BaseDaoImplTest#testForeignNull	PASS				861
c60	FT	2	com.j256.ormlite.dao.RuntimeExceptionDaoTest#testAssignEmptyForeignCollectionThrow	PASS				102
c61	2026-09-04 10:30:19,769 [INFO] TableUtils dropping table 'oneandtwo'
c61	2026-09-04 10:30:20,004 [INFO] TableUtils ignoring drop error 'org.h2.jdbc.JdbcSQLSyntaxErrorException: Table "ONEANDTWO" not found; SQL statement:
c61	DROP TABLE `oneandtwo`  [42102-200]' for statement: DROP TABLE `oneandtwo` 
c61	2026-09-04 10:30:20,005 [INFO] TableUtils creating table 'oneandtwo'
c61	2026-09-04 10:30:20,030 [INFO] TableUtils executed create table statement changed 0 rows: CREATE TABLE `oneandtwo` (`id` INTEGER AUTO_INCREMENT , `stuff` VARCHAR(255) , PRIMARY KEY (`id`) ) 
c61	2026-09-04 10:30:20,065 [DEBUG] BaseMappedStatement insert data with statement 'INSERT INTO `oneandtwo` (`stuff` ) VALUES (?)' and 1 args, changed 1 rows
c61	2026-09-04 10:30:20,065 [TRACE] BaseMappedStatement insert arguments: [efweggwgee]
c61	2026-09-04 10:30:20,066 [DEBUG] BaseMappedStatement assigned id '1' from keyholder to 'id' in One object
c61	2026-09-04 10:30:20,077 [DEBUG] BaseMappedStatement query-for-id using 'SELECT * FROM `oneandtwo` WHERE `id` = ?' and 1 args, got 1 result
c61	2026-09-04 10:30:20,077 [TRACE] BaseMappedStatement query-for-id arguments: [1]
c61	2026-09-04 10:30:20,085 [DEBUG] BaseMappedStatement prepared statement 'SELECT * FROM `oneandtwo`' with 0 args
c61	2026-09-04 10:30:20,088 [DEBUG] StatementExecutor query of 'SELECT * FROM `oneandtwo`' with 0 args returned 1 results
c61	2026-09-04 10:30:20,089 [DEBUG] BaseMappedStatement insert data with statement 'INSERT INTO `oneandtwo` (`id` ,`stuff` ) VALUES (?,?)' and 2 args, changed 1 rows
c61	2026-09-04 10:30:20,089 [TRACE] BaseMappedStatement insert arguments: [2, efweggwefdggwgee]
c61	2026-09-04 10:30:20,090 [DEBUG] BaseMappedStatement query-for-id using 'SELECT * FROM `oneandtwo` WHERE `id` = ?' and 1 args, got 1 result
c61	2026-09-04 10:30:20,090 [TRACE] BaseMappedStatement query-for-id arguments: [1]
c61	2026-09-04 10:30:20,091 [DEBUG] BaseMappedStatement query-for-id using 'SELECT * FROM `oneandtwo` WHERE `id` = ?' and 1 args, got 1 result
c61	2026-09-04 10:30:20,091 [TRACE] BaseMappedStatement query-for-id arguments: [2]
c61	2026-09-04 10:30:20,092 [DEBUG] BaseMappedStatement prepared statement 'SELECT * FROM `oneandtwo`' with 0 args
c61	2026-09-04 10:30:20,092 [DEBUG] StatementExecutor query of 'SELECT * FROM `oneandtwo`' with 0 args returned 2 results
c61	2026-09-04 10:30:20,093 [DEBUG] BaseMappedStatement insert data with statement 'INSERT INTO `oneandtwo` (`stuff` ) VALUES (?)' and 1 args, changed 1 rows
c61	2026-09-04 10:30:20,093 [TRACE] BaseMappedStatement insert arguments: [e24fweggwgee]
c61	2026-09-04 10:30:20,093 [DEBUG] BaseMappedStatement assigned id '3' from keyholder to 'id' in One object
c61	2026-09-04 10:30:20,094 [DEBUG] BaseMappedStatement query-for-id using 'SELECT * FROM `oneandtwo` WHERE `id` = ?' and 1 args, got 1 result
c61	2026-09-04 10:30:20,094 [TRACE] BaseMappedStatement query-for-id arguments: [1]
c61	2026-09-04 10:30:20,094 [DEBUG] BaseMappedStatement query-for-id using 'SELECT * FROM `oneandtwo` WHERE `id` = ?' and 1 args, got 1 result
c61	2026-09-04 10:30:20,094 [TRACE] BaseMappedStatement query-for-id arguments: [2]
c61	2026-09-04 10:30:20,095 [DEBUG] BaseMappedStatement query-for-id using 'SELECT * FROM `oneandtwo` WHERE `id` = ?' and 1 args, got 1 result
c61	2026-09-04 10:30:20,095 [TRACE] BaseMappedStatement query-for-id arguments: [3]
c61	2026-09-04 10:30:20,095 [DEBUG] BaseMappedStatement prepared statement 'SELECT * FROM `oneandtwo`' with 0 args
c61	2026-09-04 10:30:20,096 [DEBUG] StatementExecutor query of 'SELECT * FROM `oneandtwo`' with 0 args returned 3 results
c61	FT	1	com.j256.ormlite.dao.BaseDaoImplTest#testGenIdVersusJustId	PASS				724
c61	FT	2	com.j256.ormlite.dao.RuntimeExceptionDaoTest#testAssignEmptyForeignCollectionThrow	PASS				52
c62	2026-09-04 10:30:20,588 [INFO] TableUtils dropping table 'foo'
c62	2026-09-04 10:30:20,863 [INFO] TableUtils ignoring drop error 'org.h2.jdbc.JdbcSQLSyntaxErrorException: Table "FOO" not found; SQL statement:
c62	DROP TABLE `foo`  [42102-200]' for statement: DROP TABLE `foo` 
c62	2026-09-04 10:30:20,865 [INFO] TableUtils creating table 'foo'
c62	2026-09-04 10:30:20,911 [INFO] TableUtils executed create table statement changed 0 rows: CREATE TABLE `foo` (`id` INTEGER AUTO_INCREMENT , `val` INTEGER , `equal` INTEGER , `string` VARCHAR(255) , PRIMARY KEY (`id`) ) 
c62	FT	1	com.j256.ormlite.dao.BaseDaoImplTest#testGetTableName	PASS				662
c62	FT	2	com.j256.ormlite.dao.RuntimeExceptionDaoTest#testAssignEmptyForeignCollectionThrow	PASS				47
c63	2026-09-04 10:30:21,452 [INFO] TableUtils dropping table 'entity'
c63	2026-09-04 10:30:21,777 [INFO] TableUtils ignoring drop error 'org.h2.jdbc.JdbcSQLSyntaxErrorException: Table "ENTITY" not found; SQL statement:
c63	DROP TABLE `entity`  [42102-200]' for statement: DROP TABLE `entity` 
c63	2026-09-04 10:30:21,778 [INFO] TableUtils creating table 'entity'
c63	2026-09-04 10:30:21,807 [INFO] TableUtils executed create table statement changed 0 rows: CREATE TABLE `entity` (`id` INTEGER AUTO_INCREMENT , `stuff` VARCHAR(255) , PRIMARY KEY (`id`) ) 
c63	2026-09-04 10:30:21,808 [INFO] TableUtils dropping table 'entity'
c63	2026-09-04 10:30:21,810 [INFO] TableUtils executed drop table statement changed 0 rows: DROP TABLE `entity` 
c63	2026-09-04 10:30:21,810 [INFO] TableUtils creating table 'entity'
c63	2026-09-04 10:30:21,812 [INFO] TableUtils executed create table statement changed 0 rows: CREATE TABLE `entity` (`otherStuff` VARCHAR(255) , `id` INTEGER AUTO_INCREMENT , `stuff` VARCHAR(255) , PRIMARY KEY (`id`) ) 
c63	2026-09-04 10:30:21,836 [DEBUG] BaseMappedStatement insert data with statement 'INSERT INTO `entity` (`otherStuff` ,`stuff` ) VALUES (?,?)' and 2 args, changed 1 rows
c63	2026-09-04 10:30:21,836 [TRACE] BaseMappedStatement insert arguments: [other, stuff]
c63	2026-09-04 10:30:21,838 [DEBUG] BaseMappedStatement assigned id '1' from keyholder to 'id' in SubEntity object
c63	2026-09-04 10:30:21,846 [DEBUG] BaseMappedStatement query-for-id using 'SELECT * FROM `entity` WHERE `id` = ?' and 1 args, got 1 result
c63	2026-09-04 10:30:21,846 [TRACE] BaseMappedStatement query-for-id arguments: [1]
c63	2026-09-04 10:30:21,847 [DEBUG] BaseMappedStatement query-for-id using 'SELECT * FROM `entity` WHERE `id` = ?' and 1 args, got 1 result
c63	2026-09-04 10:30:21,847 [TRACE] BaseMappedStatement query-for-id arguments: [1]
c63	FT	1	com.j256.ormlite.dao.BaseDaoImplTest#testHeritagePattern	PASS				740
c63	FT	2	com.j256.ormlite.dao.RuntimeExceptionDaoTest#testAssignEmptyForeignCollectionThrow	PASS				40
c64	2026-09-04 10:30:22,334 [INFO] TableUtils dropping table 'foo'
c64	2026-09-04 10:30:22,636 [INFO] TableUtils ignoring drop error 'org.h2.jdbc.JdbcSQLSyntaxErrorException: Table "FOO" not found; SQL statement:
c64	DROP TABLE `foo`  [42102-200]' for statement: DROP TABLE `foo` 
c64	2026-09-04 10:30:22,637 [INFO] TableUtils creating table 'foo'
c64	2026-09-04 10:30:22,666 [INFO] TableUtils executed create table statement changed 0 rows: CREATE TABLE `foo` (`id` INTEGER AUTO_INCREMENT , `val` INTEGER , `equal` INTEGER , `string` VARCHAR(255) , PRIMARY KEY (`id`) ) 
c64	2026-09-04 10:30:22,701 [DEBUG] StatementExecutor query of 'SELECT COUNT(*) FROM `foo` WHERE `id` = ?' returned 0
c64	2026-09-04 10:30:22,709 [DEBUG] BaseMappedStatement insert data with statement 'INSERT INTO `foo` (`val` ,`equal` ,`string` ) VALUES (?,?,?)' and 3 args, changed 1 rows
c64	2026-09-04 10:30:22,709 [TRACE] BaseMappedStatement insert arguments: [0, 0, null]
c64	2026-09-04 10:30:22,709 [DEBUG] BaseMappedStatement assigned id '1' from keyholder to 'id' in Foo object
c64	2026-09-04 10:30:22,710 [DEBUG] StatementExecutor query of 'SELECT COUNT(*) FROM `foo` WHERE `id` = ?' returned 1
c64	2026-09-04 10:30:22,711 [DEBUG] StatementExecutor query of 'SELECT COUNT(*) FROM `foo` WHERE `id` = ?' returned 0
c64	FT	1	com.j256.ormlite.dao.BaseDaoImplTest#testIfExists	PASS				727
c64	FT	2	com.j256.ormlite.dao.RuntimeExceptionDaoTest#testAssignEmptyForeignCollectionThrow	PASS				52
c65	FT	1	com.j256.ormlite.dao.BaseDaoImplTest#testInitNoConnectionSource	PASS				336
c65	FT	2	com.j256.ormlite.dao.RuntimeExceptionDaoTest#testAssignEmptyForeignCollectionThrow	PASS				65
c66	2026-09-04 10:30:23,853 [INFO] TableUtils dropping table 'foo'
c66	2026-09-04 10:30:24,132 [INFO] TableUtils ignoring drop error 'org.h2.jdbc.JdbcSQLSyntaxErrorException: Table "FOO" not found; SQL statement:
c66	DROP TABLE `foo`  [42102-200]' for statement: DROP TABLE `foo` 
c66	2026-09-04 10:30:24,133 [INFO] TableUtils creating table 'foo'
c66	2026-09-04 10:30:24,162 [INFO] TableUtils executed create table statement changed 0 rows: CREATE TABLE `foo` (`id` INTEGER AUTO_INCREMENT , `val` INTEGER , `equal` INTEGER , `string` VARCHAR(255) , PRIMARY KEY (`id`) ) 
c66	2026-09-04 10:30:24,195 [DEBUG] BaseMappedStatement query-for-id using 'SELECT * FROM `foo` WHERE `id` = ?' and 1 args, got no results
c66	2026-09-04 10:30:24,196 [TRACE] BaseMappedStatement query-for-id arguments: [0]
c66	2026-09-04 10:30:24,204 [DEBUG] BaseMappedStatement insert data with statement 'INSERT INTO `foo` (`val` ,`equal` ,`string` ) VALUES (?,?,?)' and 3 args, changed 1 rows
c66	2026-09-04 10:30:24,204 [TRACE] BaseMappedStatement insert arguments: [0, 0, quotes in here " and ']
c66	2026-09-04 10:30:24,204 [DEBUG] BaseMappedStatement assigned id '1' from keyholder to 'id' in Foo object
c66	2026-09-04 10:30:24,209 [DEBUG] BaseMappedStatement prepared statement 'SELECT * FROM `foo`' with 0 args
c66	2026-09-04 10:30:24,210 [DEBUG] StatementExecutor query of 'SELECT * FROM `foo`' with 0 args returned 1 results
c66	FT	1	com.j256.ormlite.dao.BaseDaoImplTest#testInsertObjectWithQuotes	PASS				801
c66	FT	2	com.j256.ormlite.dao.RuntimeExceptionDaoTest#testAssignEmptyForeignCollectionThrow	PASS				60
c67	2026-09-04 10:30:24,804 [INFO] TableUtils dropping table 'dateautocreate'
c67	2026-09-04 10:30:25,057 [INFO] TableUtils ignoring drop error 'org.h2.jdbc.JdbcSQLSyntaxErrorException: Table "DATEAUTOCREATE" not found; SQL statement:
c67	DROP TABLE `dateautocreate`  [42102-200]' for statement: DROP TABLE `dateautocreate` 
c67	2026-09-04 10:30:25,058 [INFO] TableUtils creating table 'dateautocreate'
c67	2026-09-04 10:30:25,097 [INFO] TableUtils executed create table statement changed 0 rows: CREATE TABLE `dateautocreate` (`id` INTEGER AUTO_INCREMENT , `createdDate` DATETIME DEFAULT CURRENT_TIMESTAMP NOT NULL , PRIMARY KEY (`id`) ) 
c67	2026-09-04 10:30:25,124 [DEBUG] BaseMappedStatement insert data with statement 'INSERT INTO `dateautocreate` () VALUES ()' and 0 args, changed 1 rows
c67	2026-09-04 10:30:25,125 [DEBUG] BaseMappedStatement assigned id '1' from keyholder to 'id' in DateAutoCreate object
c67	2026-09-04 10:30:25,193 [DEBUG] BaseMappedStatement query-for-id using 'SELECT * FROM `dateautocreate` WHERE `id` = ?' and 1 args, got 1 result
c67	2026-09-04 10:30:25,193 [TRACE] BaseMappedStatement query-for-id arguments: [1]
c67	FT	1	com.j256.ormlite.dao.BaseDaoImplTest#testIntegerFieldNull	PASS				774
c67	FT	2	com.j256.ormlite.dao.RuntimeExceptionDaoTest#testAssignEmptyForeignCollectionThrow	PASS				45
c68	2026-09-04 10:30:26,102 [INFO] TableUtils creating table 'tableexists'
c68	2026-09-04 10:30:26,129 [INFO] TableUtils executed create table statement changed 0 rows: CREATE TABLE `tableexists` (`id` INTEGER AUTO_INCREMENT , PRIMARY KEY (`id`) ) 
c68	2026-09-04 10:30:26,132 [INFO] TableUtils dropping table 'tableexists'
c68	2026-09-04 10:30:26,138 [INFO] TableUtils executed drop table statement changed 0 rows: DROP TABLE `tableexists` 
c68	FT	1	com.j256.ormlite.dao.BaseDaoImplTest#testIsTableExists	PASS				800
c68	FT	2	com.j256.ormlite.dao.RuntimeExceptionDaoTest#testAssignEmptyForeignCollectionThrow	PASS				45
c69	2026-09-04 10:30:26,660 [INFO] TableUtils dropping table 'foo'
c69	2026-09-04 10:30:27,027 [INFO] TableUtils ignoring drop error 'org.h2.jdbc.JdbcSQLSyntaxErrorException: Table "FOO" not found; SQL statement:
c69	DROP TABLE `foo`  [42102-200]' for statement: DROP TABLE `foo` 
c69	2026-09-04 10:30:27,027 [INFO] TableUtils creating table 'foo'
c69	2026-09-04 10:30:27,056 [INFO] TableUtils executed create table statement changed 0 rows: CREATE TABLE `foo` (`id` INTEGER AUTO_INCREMENT , `val` INTEGER , `equal` INTEGER , `string` VARCHAR(255) , PRIMARY KEY (`id`) ) 
c69	2026-09-04 10:30:27,078 [DEBUG] BaseMappedStatement insert data with statement 'INSERT INTO `foo` (`val` ,`equal` ,`string` ) VALUES (?,?,?)' and 3 args, changed 1 rows
c69	2026-09-04 10:30:27,078 [TRACE] BaseMappedStatement insert arguments: [0, 0, null]
c69	2026-09-04 10:30:27,078 [DEBUG] BaseMappedStatement assigned id '1' from keyholder to 'id' in Foo object
c69	FT	1	com.j256.ormlite.dao.BaseDaoImplTest#testIsTableExistsThrow	PASS				794
c69	FT	2	com.j256.ormlite.dao.RuntimeExceptionDaoTest#testAssignEmptyForeignCollectionThrow	PASS				39
c70	FT	1	com.j256.ormlite.dao.BaseDaoImplTest#testIsUpdatable	PASS				314
c70	FT	2	com.j256.ormlite.dao.RuntimeExceptionDaoTest#testAssignEmptyForeignCollectionThrow	PASS				58
c71	2026-09-04 10:30:28,183 [INFO] TableUtils dropping table 'foo'
c71	2026-09-04 10:30:28,493 [INFO] TableUtils ignoring drop error 'org.h2.jdbc.JdbcSQLSyntaxErrorException: Table "FOO" not found; SQL statement:
c71	DROP TABLE `foo`  [42102-200]' for statement: DROP TABLE `foo` 
c71	2026-09-04 10:30:28,493 [INFO] TableUtils creating table 'foo'
c71	2026-09-04 10:30:28,525 [INFO] TableUtils executed create table statement changed 0 rows: CREATE TABLE `foo` (`id` INTEGER AUTO_INCREMENT , `val` INTEGER , `equal` INTEGER , `string` VARCHAR(255) , PRIMARY KEY (`id`) ) 
c71	2026-09-04 10:30:28,557 [DEBUG] BaseMappedStatement insert data with statement 'INSERT INTO `foo` (`val` ,`equal` ,`string` ) VALUES (?,?,?)' and 3 args, changed 1 rows
c71	2026-09-04 10:30:28,557 [TRACE] BaseMappedStatement insert arguments: [0, 0, null]
c71	2026-09-04 10:30:28,557 [DEBUG] BaseMappedStatement assigned id '1' from keyholder to 'id' in Foo object
c71	2026-09-04 10:30:28,558 [DEBUG] BaseMappedStatement insert data with statement 'INSERT INTO `foo` (`val` ,`equal` ,`string` ) VALUES (?,?,?)' and 3 args, changed 1 rows
c71	2026-09-04 10:30:28,558 [TRACE] BaseMappedStatement insert arguments: [0, 0, null]
c71	2026-09-04 10:30:28,558 [DEBUG] BaseMappedStatement assigned id '2' from keyholder to 'id' in Foo object
c71	2026-09-04 10:30:28,572 [DEBUG] BaseMappedStatement prepared statement 'SELECT * FROM `foo`' with 0 args
c71	2026-09-04 10:30:28,576 [DEBUG] BaseMappedStatement prepared statement 'SELECT * FROM `foo`' with 0 args
c71	2026-09-04 10:30:28,577 [DEBUG] BaseMappedStatement prepared statement 'SELECT * FROM `foo`' with 0 args
c71	FT	1	com.j256.ormlite.dao.BaseDaoImplTest#testIterator	PASS				804
c71	FT	2	com.j256.ormlite.dao.RuntimeExceptionDaoTest#testAssignEmptyForeignCollectionThrow	PASS				57
c72	2026-09-04 10:30:29,269 [INFO] TableUtils dropping table 'jeremy2'
c72	2026-09-04 10:30:29,575 [INFO] TableUtils ignoring drop error 'org.h2.jdbc.JdbcSQLSyntaxErrorException: Table "JEREMY2" not found; SQL statement:
c72	DROP TABLE `jeremy2`  [42102-200]' for statement: DROP TABLE `jeremy2` 
c72	2026-09-04 10:30:29,576 [INFO] TableUtils creating table 'jeremy2'
c72	2026-09-04 10:30:29,613 [INFO] TableUtils executed create table statement changed 0 rows: CREATE TABLE `jeremy2` (`id` INTEGER AUTO_INCREMENT , `loop1` INTEGER , `other` VARCHAR(255) , PRIMARY KEY (`id`) ) 
c72	2026-09-04 10:30:29,631 [DEBUG] BaseMappedStatement prepared statement 'SELECT * FROM `jeremy2` WHERE (`loop1` = 0 AND `other` = 'someValue')' with 0 args
c72	2026-09-04 10:30:29,651 [DEBUG] StatementExecutor query of 'SELECT * FROM `jeremy2` WHERE (`loop1` = 0 AND `other` = 'someValue')' with 0 args returned 0 results
c72	FT	1	com.j256.ormlite.dao.BaseDaoImplTest#testJeremyNull	PASS				806
c72	FT	2	com.j256.ormlite.dao.RuntimeExceptionDaoTest#testAssignEmptyForeignCollectionThrow	PASS				49
c73	2026-09-04 10:30:30,244 [INFO] TableUtils dropping table 'doubleunique'
c73	2026-09-04 10:30:30,493 [INFO] TableUtils ignoring drop error 'org.h2.jdbc.JdbcSQLSyntaxErrorException: Table "DOUBLEUNIQUE" not found; SQL statement:
c73	DROP TABLE `doubleunique`  [42102-200]' for statement: DROP TABLE `doubleunique` 
c73	2026-09-04 10:30:30,494 [INFO] TableUtils creating table 'doubleunique'
c73	2026-09-04 10:30:30,530 [INFO] TableUtils executed create table statement changed 0 rows: CREATE TABLE `doubleunique` (`id` INTEGER AUTO_INCREMENT , `stuff` VARCHAR(255) , `uniqueStuff` VARCHAR(255) ,  UNIQUE (`stuff`),  UNIQUE (`uniqueStuff`), PRIMARY KEY (`id`) ) 
c73	2026-09-04 10:30:30,558 [DEBUG] BaseMappedStatement insert data with statement 'INSERT INTO `doubleunique` (`stuff` ,`uniqueStuff` ) VALUES (?,?)' and 2 args, changed 1 rows
c73	2026-09-04 10:30:30,558 [TRACE] BaseMappedStatement insert arguments: [this doesn't need to be unique, this needs to be unique]
c73	2026-09-04 10:30:30,559 [DEBUG] BaseMappedStatement assigned id '1' from keyholder to 'id' in DoubleUnique object
c73	2026-09-04 10:30:30,562 [DEBUG] BaseMappedStatement insert data with statement 'INSERT INTO `doubleunique` (`stuff` ,`uniqueStuff` ) VALUES (?,?)' and 2 args, threw exception: org.h2.jdbc.JdbcSQLIntegrityConstraintViolationException: Unique index or primary key violation: "PUBLIC.CONSTRAINT_INDEX_2 ON PUBLIC.DOUBLEUNIQUE(STUFF) VALUES 1"; SQL statement:
c73	INSERT INTO `doubleunique` (`stuff` ,`uniqueStuff` ) VALUES (?,?) [23505-200]
c73	2026-09-04 10:30:30,562 [TRACE] BaseMappedStatement insert arguments: [this doesn't need to be unique, null]
c73	2026-09-04 10:30:30,566 [DEBUG] BaseMappedStatement insert data with statement 'INSERT INTO `doubleunique` (`stuff` ,`uniqueStuff` ) VALUES (?,?)' and 2 args, threw exception: org.h2.jdbc.JdbcSQLIntegrityConstraintViolationException: Unique index or primary key violation: "PUBLIC.CONSTRAINT_INDEX_22 ON PUBLIC.DOUBLEUNIQUE(UNIQUESTUFF) VALUES 1"; SQL statement:
c73	INSERT INTO `doubleunique` (`stuff` ,`uniqueStuff` ) VALUES (?,?) [23505-200]
c73	2026-09-04 10:30:30,566 [TRACE] BaseMappedStatement insert arguments: [null, this needs to be unique]
c73	2026-09-04 10:30:30,568 [DEBUG] BaseMappedStatement insert data with statement 'INSERT INTO `doubleunique` (`stuff` ,`uniqueStuff` ) VALUES (?,?)' and 2 args, threw exception: org.h2.jdbc.JdbcSQLIntegrityConstraintViolationException: Unique index or primary key violation: "PUBLIC.CONSTRAINT_INDEX_2 ON PUBLIC.DOUBLEUNIQUE(STUFF) VALUES 1"; SQL statement:
c73	INSERT INTO `doubleunique` (`stuff` ,`uniqueStuff` ) VALUES (?,?) [23505-200]
c73	2026-09-04 10:30:30,568 [TRACE] BaseMappedStatement insert arguments: [this doesn't need to be unique, this needs to be unique]
c73	FT	1	com.j256.ormlite.dao.BaseDaoImplTest#testMultipleUnique	PASS				718
c73	FT	2	com.j256.ormlite.dao.RuntimeExceptionDaoTest#testAssignEmptyForeignCollectionThrow	PASS				65
c74	2026-09-04 10:30:31,157 [INFO] TableUtils dropping table 'doubleuniquecombo'
c74	2026-09-04 10:30:31,468 [INFO] TableUtils ignoring drop error 'org.h2.jdbc.JdbcSQLSyntaxErrorException: Table "DOUBLEUNIQUECOMBO" not found; SQL statement:
c74	DROP TABLE `doubleuniquecombo`  [42102-200]' for statement: DROP TABLE `doubleuniquecombo` 
c74	2026-09-04 10:30:31,469 [INFO] TableUtils creating table 'doubleuniquecombo'
c74	2026-09-04 10:30:31,508 [INFO] TableUtils executed create table statement changed 0 rows: CREATE TABLE `doubleuniquecombo` (`id` INTEGER AUTO_INCREMENT , `stuff` VARCHAR(255) , `uniqueStuff` VARCHAR(255) , PRIMARY KEY (`id`) , UNIQUE (`stuff`,`uniqueStuff`) ) 
c74	2026-09-04 10:30:31,534 [DEBUG] BaseMappedStatement insert data with statement 'INSERT INTO `doubleuniquecombo` (`stuff` ,`uniqueStuff` ) VALUES (?,?)' and 2 args, changed 1 rows
c74	2026-09-04 10:30:31,535 [TRACE] BaseMappedStatement insert arguments: [this doesn't need to be unique, this needs to be unique]
c74	2026-09-04 10:30:31,535 [DEBUG] BaseMappedStatement assigned id '1' from keyholder to 'id' in DoubleUniqueCombo object
c74	2026-09-04 10:30:31,536 [DEBUG] BaseMappedStatement insert data with statement 'INSERT INTO `doubleuniquecombo` (`stuff` ,`uniqueStuff` ) VALUES (?,?)' and 2 args, changed 1 rows
c74	2026-09-04 10:30:31,536 [TRACE] BaseMappedStatement insert arguments: [this doesn't need to be unique, null]
c74	2026-09-04 10:30:31,536 [DEBUG] BaseMappedStatement assigned id '2' from keyholder to 'id' in DoubleUniqueCombo object
c74	2026-09-04 10:30:31,537 [DEBUG] BaseMappedStatement insert data with statement 'INSERT INTO `doubleuniquecombo` (`stuff` ,`uniqueStuff` ) VALUES (?,?)' and 2 args, changed 1 rows
c74	2026-09-04 10:30:31,537 [TRACE] BaseMappedStatement insert arguments: [null, this needs to be unique]
c74	2026-09-04 10:30:31,537 [DEBUG] BaseMappedStatement assigned id '3' from keyholder to 'id' in DoubleUniqueCombo object
c74	2026-09-04 10:30:31,539 [DEBUG] BaseMappedStatement insert data with statement 'INSERT INTO `doubleuniquecombo` (`stuff` ,`uniqueStuff` ) VALUES (?,?)' and 2 args, threw exception: org.h2.jdbc.JdbcSQLIntegrityConstraintViolationException: Unique index or primary key violation: "PUBLIC.CONSTRAINT_INDEX_A ON PUBLIC.DOUBLEUNIQUECOMBO(STUFF, UNIQUESTUFF) VALUES 1"; SQL statement:
c74	INSERT INTO `doubleuniquecombo` (`stuff` ,`uniqueStuff` ) VALUES (?,?) [23505-200]
c74	2026-09-04 10:30:31,539 [TRACE] BaseMappedStatement insert arguments: [this doesn't need to be unique, this needs to be unique]
c74	FT	1	com.j256.ormlite.dao.BaseDaoImplTest#testMultipleUniqueCombo	PASS				762
c74	FT	2	com.j256.ormlite.dao.RuntimeExceptionDaoTest#testAssignEmptyForeignCollectionThrow	PASS				49
c75	2026-09-04 10:30:32,102 [INFO] TableUtils dropping table 'doubleunique'
c75	2026-09-04 10:30:32,414 [INFO] TableUtils ignoring drop error 'org.h2.jdbc.JdbcSQLSyntaxErrorException: Table "DOUBLEUNIQUE" not found; SQL statement:
c75	DROP TABLE `doubleunique`  [42102-200]' for statement: DROP TABLE `doubleunique` 
c75	2026-09-04 10:30:32,418 [INFO] TableUtils creating table 'doubleunique'
c75	2026-09-04 10:30:32,460 [INFO] TableUtils executed create table statement changed 0 rows: CREATE TABLE `doubleunique` (`id` INTEGER AUTO_INCREMENT , `stuff` VARCHAR(255) , `uniqueStuff` VARCHAR(255) ,  UNIQUE (`stuff`),  UNIQUE (`uniqueStuff`), PRIMARY KEY (`id`) ) 
c75	2026-09-04 10:30:32,460 [INFO] TableUtils dropping table 'doubleunique'
c75	2026-09-04 10:30:32,465 [INFO] TableUtils executed drop table statement changed 0 rows: DROP TABLE `doubleunique` 
c75	2026-09-04 10:30:32,465 [INFO] TableUtils creating table 'doubleunique'
c75	2026-09-04 10:30:32,470 [INFO] TableUtils executed create table statement changed 0 rows: CREATE TABLE `doubleunique` (`id` INTEGER AUTO_INCREMENT , `stuff` VARCHAR(255) , `uniqueStuff` VARCHAR(255) ,  UNIQUE (`stuff`),  UNIQUE (`uniqueStuff`), PRIMARY KEY (`id`) ) 
c75	2026-09-04 10:30:32,471 [INFO] TableUtils dropping table 'doubleunique'
c75	2026-09-04 10:30:32,474 [INFO] TableUtils executed drop table statement changed 0 rows: DROP TABLE `doubleunique` 
c75	FT	1	com.j256.ormlite.dao.BaseDaoImplTest#testMultipleUniqueCreateDrop	PASS				777
c75	FT	2	com.j256.ormlite.dao.RuntimeExceptionDaoTest#testAssignEmptyForeignCollectionThrow	PASS				44
c76	FT	1	com.j256.ormlite.dao.BaseDaoImplTest#testNoConstructor	PASS				394
c76	FT	2	com.j256.ormlite.dao.RuntimeExceptionDaoTest#testAssignEmptyForeignCollectionThrow	PASS				54
c77	FT	1	com.j256.ormlite.dao.BaseDaoImplTest#testNoDatabaseType	PASS				308
c77	FT	2	com.j256.ormlite.dao.RuntimeExceptionDaoTest#testAssignEmptyForeignCollectionThrow	PASS				65
c78	2026-09-04 10:30:34,149 [INFO] TableUtils dropping table 'foo'
c78	2026-09-04 10:30:34,440 [INFO] TableUtils ignoring drop error 'org.h2.jdbc.JdbcSQLSyntaxErrorException: Table "FOO" not found; SQL statement:
c78	DROP TABLE `foo`  [42102-200]' for statement: DROP TABLE `foo` 
c78	2026-09-04 10:30:34,441 [INFO] TableUtils creating table 'foo'
c78	2026-09-04 10:30:34,473 [INFO] TableUtils executed create table statement changed 0 rows: CREATE TABLE `foo` (`id` INTEGER AUTO_INCREMENT , `val` INTEGER , `equal` INTEGER , `string` VARCHAR(255) , PRIMARY KEY (`id`) ) 
c78	2026-09-04 10:30:34,509 [DEBUG] BaseMappedStatement insert data with statement 'INSERT INTO `foo` (`val` ,`equal` ,`string` ) VALUES (?,?,?)' and 3 args, changed 1 rows
c78	2026-09-04 10:30:34,509 [TRACE] BaseMappedStatement insert arguments: [1231, 0, null]
c78	2026-09-04 10:30:34,509 [DEBUG] BaseMappedStatement assigned id '1' from keyholder to 'id' in Foo object
c78	2026-09-04 10:30:34,528 [DEBUG] BaseMappedStatement prepared statement 'SELECT * FROM `foo`' with 0 args
c78	2026-09-04 10:30:34,531 [DEBUG] StatementExecutor query of 'SELECT * FROM `foo`' with 0 args returned 1 results
c78	2026-09-04 10:30:34,531 [DEBUG] BaseMappedStatement prepared statement 'SELECT * FROM `foo`' with 0 args
c78	2026-09-04 10:30:34,532 [DEBUG] StatementExecutor query of 'SELECT * FROM `foo`' with 0 args returned 1 results
c78	FT	1	com.j256.ormlite.dao.BaseDaoImplTest#testObjectFactory	PASS				775
c78	FT	2	com.j256.ormlite.dao.RuntimeExceptionDaoTest#testAssignEmptyForeignCollectionThrow	PASS				53
c79	FT	1	com.j256.ormlite.dao.BaseDaoImplTest#testObjectToString	PASS				369
c79	FT	2	com.j256.ormlite.dao.RuntimeExceptionDaoTest#testAssignEmptyForeignCollectionThrow	PASS				53
c80	FT	1	com.j256.ormlite.dao.BaseDaoImplTest#testObjectToStringNoInit	PASS				363
c80	FT	2	com.j256.ormlite.dao.RuntimeExceptionDaoTest#testAssignEmptyForeignCollectionThrow	PASS				71
c81	FT	1	com.j256.ormlite.dao.BaseDaoImplTest#testObjectsEqual	PASS				326
c81	FT	2	com.j256.ormlite.dao.RuntimeExceptionDaoTest#testAssignEmptyForeignCollectionThrow	PASS				57
c82	FT	1	com.j256.ormlite.dao.BaseDaoImplTest#testObjectsEqualNoInit	PASS				323
c82	FT	2	com.j256.ormlite.dao.RuntimeExceptionDaoTest#testAssignEmptyForeignCollectionThrow	PASS				61
c83	2026-09-04 10:30:37,301 [INFO] TableUtils dropping table 'foo'
c83	2026-09-04 10:30:37,613 [INFO] TableUtils ignoring drop error 'org.h2.jdbc.JdbcSQLSyntaxErrorException: Table "FOO" not found; SQL statement:
c83	DROP TABLE `foo`  [42102-200]' for statement: DROP TABLE `foo` 
c83	2026-09-04 10:30:37,614 [INFO] TableUtils creating table 'foo'
c83	2026-09-04 10:30:37,649 [INFO] TableUtils executed create table statement changed 0 rows: CREATE TABLE `foo` (`id` INTEGER AUTO_INCREMENT , `val` INTEGER , `equal` INTEGER , `string` VARCHAR(255) , PRIMARY KEY (`id`) ) 
c83	2026-09-04 10:30:37,678 [DEBUG] StatementExecutor query of 'SELECT COUNT(*) FROM `foo`' returned 0
c83	2026-09-04 10:30:37,684 [DEBUG] BaseMappedStatement insert data with statement 'INSERT INTO `foo` (`val` ,`equal` ,`string` ) VALUES (?,?,?)' and 3 args, changed 1 rows
c83	2026-09-04 10:30:37,684 [TRACE] BaseMappedStatement insert arguments: [1231231, 0, null]
c83	2026-09-04 10:30:37,684 [DEBUG] BaseMappedStatement assigned id '1' from keyholder to 'id' in Foo object
c83	2026-09-04 10:30:37,685 [DEBUG] BaseMappedStatement insert data with statement 'INSERT INTO `foo` (`val` ,`equal` ,`string` ) VALUES (?,?,?)' and 3 args, changed 1 rows
c83	2026-09-04 10:30:37,685 [TRACE] BaseMappedStatement insert arguments: [1231232, 0, null]
c83	2026-09-04 10:30:37,685 [DEBUG] BaseMappedStatement assigned id '2' from keyholder to 'id' in Foo object
c83	2026-09-04 10:30:37,691 [DEBUG] BaseMappedStatement prepared statement 'SELECT * FROM `foo` WHERE `val` = 1231231' with 0 args
c83	2026-09-04 10:30:37,693 [DEBUG] StatementExecutor query of 'SELECT * FROM `foo` WHERE `val` = 1231231' with 0 args returned 1 results
c83	FT	1	com.j256.ormlite.dao.BaseDaoImplTest#testQueryForEq	PASS				918
c83	FT	2	com.j256.ormlite.dao.RuntimeExceptionDaoTest#testAssignEmptyForeignCollectionThrow	PASS				39
c84	2026-09-04 10:30:38,304 [INFO] TableUtils dropping table 'foo'
c84	2026-09-04 10:30:38,759 [INFO] TableUtils ignoring drop error 'org.h2.jdbc.JdbcSQLSyntaxErrorException: Table "FOO" not found; SQL statement:
c84	DROP TABLE `foo`  [42102-200]' for statement: DROP TABLE `foo` 
c84	2026-09-04 10:30:38,760 [INFO] TableUtils creating table 'foo'
c84	2026-09-04 10:30:38,807 [INFO] TableUtils executed create table statement changed 0 rows: CREATE TABLE `foo` (`id` INTEGER AUTO_INCREMENT , `val` INTEGER , `equal` INTEGER , `string` VARCHAR(255) , PRIMARY KEY (`id`) ) 
c84	2026-09-04 10:30:38,847 [DEBUG] StatementExecutor query of 'SELECT COUNT(*) FROM `foo`' returned 0
c84	2026-09-04 10:30:38,860 [DEBUG] BaseMappedStatement insert data with statement 'INSERT INTO `foo` (`val` ,`equal` ,`string` ) VALUES (?,?,?)' and 3 args, changed 1 rows
c84	2026-09-04 10:30:38,861 [TRACE] BaseMappedStatement insert arguments: [1231231, 0, null]
c84	2026-09-04 10:30:38,861 [DEBUG] BaseMappedStatement assigned id '1' from keyholder to 'id' in Foo object
c84	2026-09-04 10:30:38,862 [DEBUG] BaseMappedStatement insert data with statement 'INSERT INTO `foo` (`val` ,`equal` ,`string` ) VALUES (?,?,?)' and 3 args, changed 1 rows
c84	2026-09-04 10:30:38,862 [TRACE] BaseMappedStatement insert arguments: [1231232, 0, null]
c84	2026-09-04 10:30:38,862 [DEBUG] BaseMappedStatement assigned id '2' from keyholder to 'id' in Foo object
c84	2026-09-04 10:30:38,876 [DEBUG] BaseMappedStatement prepared statement 'SELECT * FROM `foo` WHERE (`val` = 1231231)' with 0 args
c84	2026-09-04 10:30:38,878 [DEBUG] StatementExecutor query of 'SELECT * FROM `foo` WHERE (`val` = 1231231)' with 0 args returned 1 results
c84	2026-09-04 10:30:38,879 [DEBUG] BaseMappedStatement prepared statement 'SELECT * FROM `foo` WHERE (`val` = 1231231 AND `id` = 2)' with 0 args
c84	2026-09-04 10:30:38,880 [DEBUG] StatementExecutor query of 'SELECT * FROM `foo` WHERE (`val` = 1231231 AND `id` = 2)' with 0 args returned 0 results
c84	FT	1	com.j256.ormlite.dao.BaseDaoImplTest#testQueryForFieldValues	PASS				1031
c84	FT	2	com.j256.ormlite.dao.RuntimeExceptionDaoTest#testAssignEmptyForeignCollectionThrow	PASS				64
c85	2026-09-04 10:30:39,879 [INFO] TableUtils dropping table 'foo'
c85	2026-09-04 10:30:40,361 [INFO] TableUtils ignoring drop error 'org.h2.jdbc.JdbcSQLSyntaxErrorException: Table "FOO" not found; SQL statement:
c85	DROP TABLE `foo`  [42102-200]' for statement: DROP TABLE `foo` 
c85	2026-09-04 10:30:40,362 [INFO] TableUtils creating table 'foo'
c85	2026-09-04 10:30:40,411 [INFO] TableUtils executed create table statement changed 0 rows: CREATE TABLE `foo` (`id` INTEGER AUTO_INCREMENT , `val` INTEGER , `equal` INTEGER , `string` VARCHAR(255) , PRIMARY KEY (`id`) ) 
c85	2026-09-04 10:30:40,431 [DEBUG] BaseMappedStatement prepared statement 'SELECT * FROM `foo` WHERE (`string` = ?)' with 1 args
c85	2026-09-04 10:30:40,431 [TRACE] BaseMappedStatement prepared statement arguments: [this id has a quote ' "]
c85	2026-09-04 10:30:40,453 [DEBUG] StatementExecutor query of 'SELECT * FROM `foo` WHERE (`string` = ?)' with 1 args returned 0 results
c85	FT	1	com.j256.ormlite.dao.BaseDaoImplTest#testQueryForFieldValuesArgs	PASS				1326
c85	FT	2	com.j256.ormlite.dao.RuntimeExceptionDaoTest#testAssignEmptyForeignCollectionThrow	PASS				92
c86	2026-09-04 10:30:41,119 [INFO] TableUtils dropping table 'foo'
c86	2026-09-04 10:30:41,467 [INFO] TableUtils ignoring drop error 'org.h2.jdbc.JdbcSQLSyntaxErrorException: Table "FOO" not found; SQL statement:
c86	DROP TABLE `foo`  [42102-200]' for statement: DROP TABLE `foo` 
c86	2026-09-04 10:30:41,468 [INFO] TableUtils creating table 'foo'
c86	2026-09-04 10:30:41,512 [INFO] TableUtils executed create table statement changed 0 rows: CREATE TABLE `foo` (`id` INTEGER AUTO_INCREMENT , `val` INTEGER , `equal` INTEGER , `string` VARCHAR(255) , PRIMARY KEY (`id`) ) 
c86	2026-09-04 10:30:41,557 [DEBUG] StatementExecutor query of 'SELECT COUNT(*) FROM `foo`' returned 0
c86	2026-09-04 10:30:41,570 [DEBUG] BaseMappedStatement insert data with statement 'INSERT INTO `foo` (`val` ,`equal` ,`string` ) VALUES (?,?,?)' and 3 args, changed 1 rows
c86	2026-09-04 10:30:41,570 [TRACE] BaseMappedStatement insert arguments: [1231231, 0, null]
c86	2026-09-04 10:30:41,571 [DEBUG] BaseMappedStatement assigned id '1' from keyholder to 'id' in Foo object
c86	FT	1	com.j256.ormlite.dao.BaseDaoImplTest#testQueryForFieldValuesEmpty	PASS				887
c86	FT	2	com.j256.ormlite.dao.RuntimeExceptionDaoTest#testAssignEmptyForeignCollectionThrow	PASS				63
c87	2026-09-04 10:30:41,818 [INFO] TableUtils dropping table 'foo'
c87	2026-09-04 10:30:40,988 [INFO] TableUtils ignoring drop error 'org.h2.jdbc.JdbcSQLSyntaxErrorException: Table "FOO" not found; SQL statement:
c87	DROP TABLE `foo`  [42102-200]' for statement: DROP TABLE `foo` 
c87	2026-09-04 10:30:40,989 [INFO] TableUtils creating table 'foo'
c87	2026-09-04 10:30:41,061 [INFO] TableUtils executed create table statement changed 0 rows: CREATE TABLE `foo` (`id` INTEGER AUTO_INCREMENT , `val` INTEGER , `equal` INTEGER , `string` VARCHAR(255) , PRIMARY KEY (`id`) ) 
c87	2026-09-04 10:30:41,105 [DEBUG] StatementExecutor query of 'SELECT COUNT(*) FROM `foo`' returned 0
c87	2026-09-04 10:30:41,113 [DEBUG] BaseMappedStatement insert data with statement 'INSERT INTO `foo` (`val` ,`equal` ,`string` ) VALUES (?,?,?)' and 3 args, changed 1 rows
c87	2026-09-04 10:30:41,113 [TRACE] BaseMappedStatement insert arguments: [1231231, 0, null]
c87	2026-09-04 10:30:41,114 [DEBUG] BaseMappedStatement assigned id '1' from keyholder to 'id' in Foo object
c87	FT	1	com.j256.ormlite.dao.BaseDaoImplTest#testQueryForFieldValuesQuotes	PASS				-634
c87	FT	2	com.j256.ormlite.dao.RuntimeExceptionDaoTest#testAssignEmptyForeignCollectionThrow	PASS				48
c88	2026-09-04 10:30:41,691 [INFO] TableUtils dropping table 'foo'
c88	2026-09-04 10:30:41,967 [INFO] TableUtils ignoring drop error 'org.h2.jdbc.JdbcSQLSyntaxErrorException: Table "FOO" not found; SQL statement:
c88	DROP TABLE `foo`  [42102-200]' for statement: DROP TABLE `foo` 
c88	2026-09-04 10:30:41,968 [INFO] TableUtils creating table 'foo'
c88	2026-09-04 10:30:41,998 [INFO] TableUtils executed create table statement changed 0 rows: CREATE TABLE `foo` (`id` INTEGER AUTO_INCREMENT , `val` INTEGER , `equal` INTEGER , `string` VARCHAR(255) , PRIMARY KEY (`id`) ) 
c88	2026-09-04 10:30:42,018 [DEBUG] BaseMappedStatement insert data with statement 'INSERT INTO `foo` (`val` ,`equal` ,`string` ) VALUES (?,?,?)' and 3 args, changed 1 rows
c88	2026-09-04 10:30:42,019 [TRACE] BaseMappedStatement insert arguments: [0, 0, null]
c88	2026-09-04 10:30:42,019 [DEBUG] BaseMappedStatement assigned id '1' from keyholder to 'id' in Foo object
c88	2026-09-04 10:30:42,020 [DEBUG] BaseMappedStatement insert data with statement 'INSERT INTO `foo` (`val` ,`equal` ,`string` ) VALUES (?,?,?)' and 3 args, changed 1 rows
c88	2026-09-04 10:30:42,020 [TRACE] BaseMappedStatement insert arguments: [0, 0, null]
c88	2026-09-04 10:30:42,020 [DEBUG] BaseMappedStatement assigned id '2' from keyholder to 'id' in Foo object
c88	2026-09-04 10:30:42,030 [DEBUG] BaseMappedStatement query-for-id using 'SELECT * FROM `foo` WHERE `id` = ?' and 1 args, got 1 result
c88	2026-09-04 10:30:42,030 [TRACE] BaseMappedStatement query-for-id arguments: [1]
c88	2026-09-04 10:30:42,031 [DEBUG] BaseMappedStatement query-for-id using 'SELECT * FROM `foo` WHERE `id` = ?' and 1 args, got 1 result
c88	2026-09-04 10:30:42,031 [TRACE] BaseMappedStatement query-for-id arguments: [2]
c88	2026-09-04 10:30:42,034 [DEBUG] BaseMappedStatement prepared statement 'SELECT * FROM `foo`' with 0 args
c88	2026-09-04 10:30:42,035 [DEBUG] StatementExecutor query of 'SELECT * FROM `foo`' with 0 args returned 2 results
c88	2026-09-04 10:30:42,036 [DEBUG] BaseMappedStatement prepared statement 'SELECT * FROM `foo`' with 0 args
c88	2026-09-04 10:30:42,036 [DEBUG] StatementExecutor query-for-first of 'SELECT * FROM `foo`' with 0 args returned at least 1 result
c88	FT	1	com.j256.ormlite.dao.BaseDaoImplTest#testQueryForFirst	PASS				721
c88	FT	2	com.j256.ormlite.dao.RuntimeExceptionDaoTest#testAssignEmptyForeignCollectionThrow	PASS				40
c89	2026-09-04 10:30:42,586 [INFO] TableUtils dropping table 'createorupdateobjectid'
c89	2026-09-04 10:30:42,894 [INFO] TableUtils ignoring drop error 'org.h2.jdbc.JdbcSQLSyntaxErrorException: Table "CREATEORUPDATEOBJECTID" not found; SQL statement:
c89	DROP TABLE `createorupdateobjectid`  [42102-200]' for statement: DROP TABLE `createorupdateobjectid` 
c89	2026-09-04 10:30:42,894 [INFO] TableUtils creating table 'createorupdateobjectid'
c89	2026-09-04 10:30:42,931 [INFO] TableUtils executed create table statement changed 0 rows: CREATE TABLE `createorupdateobjectid` (`id` INTEGER AUTO_INCREMENT , `stuff` VARCHAR(255) , PRIMARY KEY (`id`) ) 
c89	2026-09-04 10:30:42,974 [DEBUG] BaseMappedStatement insert data with statement 'INSERT INTO `createorupdateobjectid` (`stuff` ) VALUES (?)' and 1 args, changed 1 rows
c89	2026-09-04 10:30:42,975 [TRACE] BaseMappedStatement insert arguments: [null]
c89	2026-09-04 10:30:42,976 [DEBUG] BaseMappedStatement assigned id '1' from keyholder to 'id' in CreateOrUpdateObjectId object
c89	FT	1	com.j256.ormlite.dao.BaseDaoImplTest#testQueryForFirstNoArgThrow	PASS				823
c89	FT	2	com.j256.ormlite.dao.RuntimeExceptionDaoTest#testAssignEmptyForeignCollectionThrow	PASS				55
c90	FT	1	com.j256.ormlite.dao.BaseDaoImplTest#testQueryForFirstNoInit	PASS				256
c90	FT	2	com.j256.ormlite.dao.RuntimeExceptionDaoTest#testAssignEmptyForeignCollectionThrow	PASS				45
c91	2026-09-04 10:30:43,866 [INFO] TableUtils dropping table 'foo'
c91	2026-09-04 10:30:44,145 [INFO] TableUtils ignoring drop error 'org.h2.jdbc.JdbcSQLSyntaxErrorException: Table "FOO" not found; SQL statement:
c91	DROP TABLE `foo`  [42102-200]' for statement: DROP TABLE `foo` 
c91	2026-09-04 10:30:44,146 [INFO] TableUtils creating table 'foo'
c91	2026-09-04 10:30:44,199 [INFO] TableUtils executed create table statement changed 0 rows: CREATE TABLE `foo` (`id` INTEGER AUTO_INCREMENT , `val` INTEGER , `equal` INTEGER , `string` VARCHAR(255) , PRIMARY KEY (`id`) ) 
c91	2026-09-04 10:30:44,216 [DEBUG] BaseMappedStatement prepared statement 'SELECT * FROM `foo`' with 0 args
c91	2026-09-04 10:30:44,247 [DEBUG] StatementExecutor query-for-first of 'SELECT * FROM `foo`' with 0 args returned 0 results
c91	FT	1	com.j256.ormlite.dao.BaseDaoImplTest#testQueryForFirstNoResults	PASS				676
c91	FT	2	com.j256.ormlite.dao.RuntimeExceptionDaoTest#testAssignEmptyForeignCollectionThrow	PASS				49
c92	2026-09-04 10:30:44,763 [INFO] TableUtils dropping table 'foo'
c92	2026-09-04 10:30:44,988 [INFO] TableUtils ignoring drop error 'org.h2.jdbc.JdbcSQLSyntaxErrorException: Table "FOO" not found; SQL statement:
c92	DROP TABLE `foo`  [42102-200]' for statement: DROP TABLE `foo` 
c92	2026-09-04 10:30:44,988 [INFO] TableUtils creating table 'foo'
c92	2026-09-04 10:30:45,017 [INFO] TableUtils executed create table statement changed 0 rows: CREATE TABLE `foo` (`id` INTEGER AUTO_INCREMENT , `val` INTEGER , `equal` INTEGER , `string` VARCHAR(255) , PRIMARY KEY (`id`) ) 
c92	2026-09-04 10:30:45,043 [DEBUG] BaseMappedStatement insert data with statement 'INSERT INTO `foo` (`val` ,`equal` ,`string` ) VALUES (?,?,?)' and 3 args, changed 1 rows
c92	2026-09-04 10:30:45,044 [TRACE] BaseMappedStatement insert arguments: [0, 21313, null]
c92	2026-09-04 10:30:45,044 [DEBUG] BaseMappedStatement assigned id '1' from keyholder to 'id' in Foo object
c92	FT	1	com.j256.ormlite.dao.BaseDaoImplTest#testQueryForFirstThrow	PASS				649
c92	FT	2	com.j256.ormlite.dao.RuntimeExceptionDaoTest#testAssignEmptyForeignCollectionThrow	PASS				43
c93	2026-09-04 10:30:45,547 [INFO] TableUtils dropping table 'foo'
c93	2026-09-04 10:30:45,809 [INFO] TableUtils ignoring drop error 'org.h2.jdbc.JdbcSQLSyntaxErrorException: Table "FOO" not found; SQL statement:
c93	DROP TABLE `foo`  [42102-200]' for statement: DROP TABLE `foo` 
c93	2026-09-04 10:30:45,810 [INFO] TableUtils creating table 'foo'
c93	2026-09-04 10:30:45,841 [INFO] TableUtils executed create table statement changed 0 rows: CREATE TABLE `foo` (`id` INTEGER AUTO_INCREMENT , `val` INTEGER , `equal` INTEGER , `string` VARCHAR(255) , PRIMARY KEY (`id`) ) 
c93	2026-09-04 10:30:45,843 [INFO] TableUtils dropping table 'foreign'
c93	2026-09-04 10:30:45,844 [INFO] TableUtils ignoring drop error 'org.h2.jdbc.JdbcSQLSyntaxErrorException: Table "FOREIGN" not found; SQL statement:
c93	DROP TABLE `foreign`  [42102-200]' for statement: DROP TABLE `foreign` 
c93	2026-09-04 10:30:45,844 [INFO] TableUtils creating table 'foreign'
c93	2026-09-04 10:30:45,845 [INFO] TableUtils executed create table statement changed 0 rows: CREATE TABLE `foreign` (`id` INTEGER AUTO_INCREMENT , `foo_id` INTEGER , PRIMARY KEY (`id`) ) 
c93	2026-09-04 10:30:45,869 [DEBUG] BaseMappedStatement insert data with statement 'INSERT INTO `foo` (`val` ,`equal` ,`string` ) VALUES (?,?,?)' and 3 args, changed 1 rows
c93	2026-09-04 10:30:45,869 [TRACE] BaseMappedStatement insert arguments: [1231231, 0, null]
c93	2026-09-04 10:30:45,870 [DEBUG] BaseMappedStatement assigned id '1' from keyholder to 'id' in Foo object
c93	2026-09-04 10:30:45,871 [DEBUG] BaseMappedStatement insert data with statement 'INSERT INTO `foo` (`val` ,`equal` ,`string` ) VALUES (?,?,?)' and 3 args, changed 1 rows
c93	2026-09-04 10:30:45,871 [TRACE] BaseMappedStatement insert arguments: [0, 0, null]
c93	2026-09-04 10:30:45,871 [DEBUG] BaseMappedStatement assigned id '2' from keyholder to 'id' in Foo object
c93	2026-09-04 10:30:45,872 [DEBUG] BaseMappedStatement insert data with statement 'INSERT INTO `foreign` (`foo_id` ) VALUES (?)' and 1 args, changed 1 rows
c93	2026-09-04 10:30:45,872 [TRACE] BaseMappedStatement insert arguments: [1]
c93	2026-09-04 10:30:45,872 [DEBUG] BaseMappedStatement assigned id '1' from keyholder to 'id' in Foreign object
c93	2026-09-04 10:30:45,882 [DEBUG] BaseMappedStatement prepared statement 'SELECT * FROM `foreign` WHERE `foo_id` = 1' with 0 args
c93	2026-09-04 10:30:45,885 [DEBUG] StatementExecutor query of 'SELECT * FROM `foreign` WHERE `foo_id` = 1' with 0 args returned 1 results
c93	2026-09-04 10:30:45,886 [DEBUG] BaseMappedStatement prepared statement 'SELECT * FROM `foreign` WHERE `foo_id` = 2' with 0 args
c93	2026-09-04 10:30:45,886 [DEBUG] StatementExecutor query of 'SELECT * FROM `foreign` WHERE `foo_id` = 2' with 0 args returned 0 results
c93	FT	1	com.j256.ormlite.dao.BaseDaoImplTest#testQueryForForeignEq	PASS				708
c93	FT	2	com.j256.ormlite.dao.RuntimeExceptionDaoTest#testAssignEmptyForeignCollectionThrow	PASS				41
c94	FT	1	com.j256.ormlite.dao.BaseDaoImplTest#testQueryForIdNoInit	PASS				309
c94	FT	2	com.j256.ormlite.dao.RuntimeExceptionDaoTest#testAssignEmptyForeignCollectionThrow	PASS				50
c95	2026-09-04 10:30:46,824 [INFO] TableUtils dropping table 'foo'
c95	2026-09-04 10:30:47,056 [INFO] TableUtils ignoring drop error 'org.h2.jdbc.JdbcSQLSyntaxErrorException: Table "FOO" not found; SQL statement:
c95	DROP TABLE `foo`  [42102-200]' for statement: DROP TABLE `foo` 
c95	2026-09-04 10:30:47,057 [INFO] TableUtils creating table 'foo'
c95	2026-09-04 10:30:47,088 [INFO] TableUtils executed create table statement changed 0 rows: CREATE TABLE `foo` (`id` INTEGER AUTO_INCREMENT , `val` INTEGER , `equal` INTEGER , `string` VARCHAR(255) , PRIMARY KEY (`id`) ) 
c95	2026-09-04 10:30:47,112 [DEBUG] BaseMappedStatement insert data with statement 'INSERT INTO `foo` (`val` ,`equal` ,`string` ) VALUES (?,?,?)' and 3 args, changed 1 rows
c95	2026-09-04 10:30:47,112 [TRACE] BaseMappedStatement insert arguments: [0, 21313, null]
c95	2026-09-04 10:30:47,113 [DEBUG] BaseMappedStatement assigned id '1' from keyholder to 'id' in Foo object
c95	FT	1	com.j256.ormlite.dao.BaseDaoImplTest#testQueryForIdThrow	PASS				606
c95	FT	2	com.j256.ormlite.dao.RuntimeExceptionDaoTest#testAssignEmptyForeignCollectionThrow	PASS				46
c96	2026-09-04 10:30:47,634 [INFO] TableUtils dropping table 'foo'
c96	2026-09-04 10:30:47,876 [INFO] TableUtils ignoring drop error 'org.h2.jdbc.JdbcSQLSyntaxErrorException: Table "FOO" not found; SQL statement:
c96	DROP TABLE `foo`  [42102-200]' for statement: DROP TABLE `foo` 
c96	2026-09-04 10:30:47,876 [INFO] TableUtils creating table 'foo'
c96	2026-09-04 10:30:47,905 [INFO] TableUtils executed create table statement changed 0 rows: CREATE TABLE `foo` (`id` INTEGER AUTO_INCREMENT , `val` INTEGER , `equal` INTEGER , `string` VARCHAR(255) , PRIMARY KEY (`id`) ) 
c96	2026-09-04 10:30:47,926 [DEBUG] StatementExecutor query of 'SELECT COUNT(*) FROM `foo`' returned 0
c96	2026-09-04 10:30:47,932 [DEBUG] BaseMappedStatement insert data with statement 'INSERT INTO `foo` (`val` ,`equal` ,`string` ) VALUES (?,?,?)' and 3 args, changed 1 rows
c96	2026-09-04 10:30:47,932 [TRACE] BaseMappedStatement insert arguments: [1231231, 0, null]
c96	2026-09-04 10:30:47,932 [DEBUG] BaseMappedStatement assigned id '1' from keyholder to 'id' in Foo object
c96	2026-09-04 10:30:47,933 [DEBUG] BaseMappedStatement insert data with statement 'INSERT INTO `foo` (`val` ,`equal` ,`string` ) VALUES (?,?,?)' and 3 args, changed 1 rows
c96	2026-09-04 10:30:47,933 [TRACE] BaseMappedStatement insert arguments: [1231232, 0, null]
c96	2026-09-04 10:30:47,934 [DEBUG] BaseMappedStatement assigned id '2' from keyholder to 'id' in Foo object
c96	2026-09-04 10:30:47,941 [DEBUG] BaseMappedStatement prepared statement 'SELECT * FROM `foo` WHERE (`val` = 1231231)' with 0 args
c96	2026-09-04 10:30:47,943 [DEBUG] StatementExecutor query of 'SELECT * FROM `foo` WHERE (`val` = 1231231)' with 0 args returned 1 results
c96	2026-09-04 10:30:47,944 [DEBUG] BaseMappedStatement prepared statement 'SELECT * FROM `foo` WHERE (`id` = 2 AND `val` = 1231231)' with 0 args
c96	2026-09-04 10:30:47,944 [DEBUG] StatementExecutor query of 'SELECT * FROM `foo` WHERE (`id` = 2 AND `val` = 1231231)' with 0 args returned 0 results
c96	FT	1	com.j256.ormlite.dao.BaseDaoImplTest#testQueryForMatching	PASS				678
c96	FT	2	com.j256.ormlite.dao.RuntimeExceptionDaoTest#testAssignEmptyForeignCollectionThrow	PASS				45
c97	2026-09-04 10:30:48,487 [INFO] TableUtils dropping table 'foo'
c97	2026-09-04 10:30:48,806 [INFO] TableUtils ignoring drop error 'org.h2.jdbc.JdbcSQLSyntaxErrorException: Table "FOO" not found; SQL statement:
c97	DROP TABLE `foo`  [42102-200]' for statement: DROP TABLE `foo` 
c97	2026-09-04 10:30:48,807 [INFO] TableUtils creating table 'foo'
c97	2026-09-04 10:30:48,845 [INFO] TableUtils executed create table statement changed 0 rows: CREATE TABLE `foo` (`id` INTEGER AUTO_INCREMENT , `val` INTEGER , `equal` INTEGER , `string` VARCHAR(255) , PRIMARY KEY (`id`) ) 
c97	2026-09-04 10:30:48,877 [DEBUG] StatementExecutor query of 'SELECT COUNT(*) FROM `foo`' returned 0
c97	2026-09-04 10:30:48,885 [DEBUG] BaseMappedStatement insert data with statement 'INSERT INTO `foo` (`val` ,`equal` ,`string` ) VALUES (?,?,?)' and 3 args, changed 1 rows
c97	2026-09-04 10:30:48,885 [TRACE] BaseMappedStatement insert arguments: [1231231, 0, null]
c97	2026-09-04 10:30:48,885 [DEBUG] BaseMappedStatement assigned id '1' from keyholder to 'id' in Foo object
c97	2026-09-04 10:30:48,886 [DEBUG] BaseMappedStatement insert data with statement 'INSERT INTO `foo` (`val` ,`equal` ,`string` ) VALUES (?,?,?)' and 3 args, changed 1 rows
c97	2026-09-04 10:30:48,886 [TRACE] BaseMappedStatement insert arguments: [1231232, 0, null]
c97	2026-09-04 10:30:48,887 [DEBUG] BaseMappedStatement assigned id '2' from keyholder to 'id' in Foo object
c97	2026-09-04 10:30:48,898 [DEBUG] BaseMappedStatement prepared statement 'SELECT * FROM `foo` WHERE (`string` = ?)' with 1 args
c97	2026-09-04 10:30:48,898 [TRACE] BaseMappedStatement prepared statement arguments: [this id has a quote ' and "]
c97	2026-09-04 10:30:48,899 [DEBUG] StatementExecutor query of 'SELECT * FROM `foo` WHERE (`string` = ?)' with 1 args returned 0 results
c97	FT	1	com.j256.ormlite.dao.BaseDaoImplTest#testQueryForMatchingArgs	PASS				803
c97	FT	2	com.j256.ormlite.dao.RuntimeExceptionDaoTest#testAssignEmptyForeignCollectionThrow	PASS				35
c98	2026-09-04 10:30:49,376 [INFO] TableUtils dropping table 'foo'
c98	2026-09-04 10:30:49,633 [INFO] TableUtils ignoring drop error 'org.h2.jdbc.JdbcSQLSyntaxErrorException: Table "FOO" not found; SQL statement:
c98	DROP TABLE `foo`  [42102-200]' for statement: DROP TABLE `foo` 
c98	2026-09-04 10:30:49,634 [INFO] TableUtils creating table 'foo'
c98	2026-09-04 10:30:49,663 [INFO] TableUtils executed create table statement changed 0 rows: CREATE TABLE `foo` (`id` INTEGER AUTO_INCREMENT , `val` INTEGER , `equal` INTEGER , `string` VARCHAR(255) , PRIMARY KEY (`id`) ) 
c98	2026-09-04 10:30:49,689 [DEBUG] StatementExecutor query of 'SELECT COUNT(*) FROM `foo`' returned 0
c98	2026-09-04 10:30:49,694 [DEBUG] BaseMappedStatement insert data with statement 'INSERT INTO `foo` (`val` ,`equal` ,`string` ) VALUES (?,?,?)' and 3 args, changed 1 rows
c98	2026-09-04 10:30:49,694 [TRACE] BaseMappedStatement insert arguments: [1231231, 0, null]
c98	2026-09-04 10:30:49,694 [DEBUG] BaseMappedStatement assigned id '1' from keyholder to 'id' in Foo object
c98	FT	1	com.j256.ormlite.dao.BaseDaoImplTest#testQueryForMatchingNoFields	PASS				666
c98	FT	2	com.j256.ormlite.dao.RuntimeExceptionDaoTest#testAssignEmptyForeignCollectionThrow	PASS				38
c99	2026-09-04 10:30:50,178 [INFO] TableUtils dropping table 'foo'
c99	2026-09-04 10:30:50,401 [INFO] TableUtils ignoring drop error 'org.h2.jdbc.JdbcSQLSyntaxErrorException: Table "FOO" not found; SQL statement:
c99	DROP TABLE `foo`  [42102-200]' for statement: DROP TABLE `foo` 
c99	2026-09-04 10:30:50,402 [INFO] TableUtils creating table 'foo'
c99	2026-09-04 10:30:50,427 [INFO] TableUtils executed create table statement changed 0 rows: CREATE TABLE `foo` (`id` INTEGER AUTO_INCREMENT , `val` INTEGER , `equal` INTEGER , `string` VARCHAR(255) , PRIMARY KEY (`id`) ) 
c99	2026-09-04 10:30:50,454 [DEBUG] StatementExecutor query of 'SELECT COUNT(*) FROM `foo`' returned 0
c99	2026-09-04 10:30:50,463 [DEBUG] BaseMappedStatement insert data with statement 'INSERT INTO `foo` (`val` ,`equal` ,`string` ) VALUES (?,?,?)' and 3 args, changed 1 rows
c99	2026-09-04 10:30:50,463 [TRACE] BaseMappedStatement insert arguments: [1231231, 0, null]
c99	2026-09-04 10:30:50,463 [DEBUG] BaseMappedStatement assigned id '1' from keyholder to 'id' in Foo object
c99	FT	1	com.j256.ormlite.dao.BaseDaoImplTest#testQueryForMatchingQuotes	PASS				647
c99	FT	2	com.j256.ormlite.dao.RuntimeExceptionDaoTest#testAssignEmptyForeignCollectionThrow	PASS				42
c100	FT	1	com.j256.ormlite.dao.BaseDaoImplTest#testQueryForPreparedNoInit	PASS				306
c100	FT	2	com.j256.ormlite.dao.RuntimeExceptionDaoTest#testAssignEmptyForeignCollectionThrow	PASS				51
c101	2026-09-04 10:30:51,398 [INFO] TableUtils dropping table 'foo'
c101	2026-09-04 10:30:51,648 [INFO] TableUtils ignoring drop error 'org.h2.jdbc.JdbcSQLSyntaxErrorException: Table "FOO" not found; SQL statement:
c101	DROP TABLE `foo`  [42102-200]' for statement: DROP TABLE `foo` 
c101	2026-09-04 10:30:51,648 [INFO] TableUtils creating table 'foo'
c101	2026-09-04 10:30:51,682 [INFO] TableUtils executed create table statement changed 0 rows: CREATE TABLE `foo` (`id` INTEGER AUTO_INCREMENT , `val` INTEGER , `equal` INTEGER , `string` VARCHAR(255) , PRIMARY KEY (`id`) ) 
c101	2026-09-04 10:30:51,707 [DEBUG] BaseMappedStatement insert data with statement 'INSERT INTO `foo` (`val` ,`equal` ,`string` ) VALUES (?,?,?)' and 3 args, changed 1 rows
c101	2026-09-04 10:30:51,707 [TRACE] BaseMappedStatement insert arguments: [0, 198412893, null]
c101	2026-09-04 10:30:51,707 [DEBUG] BaseMappedStatement assigned id '1' from keyholder to 'id' in Foo object
c101	2026-09-04 10:30:51,720 [DEBUG] BaseMappedStatement query-for-id using 'SELECT * FROM `foo` WHERE `id` = ?' and 1 args, got 1 result
c101	2026-09-04 10:30:51,720 [TRACE] BaseMappedStatement query-for-id arguments: [1]
c101	FT	1	com.j256.ormlite.dao.BaseDaoImplTest#testQueryForSameId	PASS				649
c101	FT	2	com.j256.ormlite.dao.RuntimeExceptionDaoTest#testAssignEmptyForeignCollectionThrow	PASS				51
c102	2026-09-04 10:30:52,204 [INFO] TableUtils dropping table 'foo'
c102	2026-09-04 10:30:52,453 [INFO] TableUtils ignoring drop error 'org.h2.jdbc.JdbcSQLSyntaxErrorException: Table "FOO" not found; SQL statement:
c102	DROP TABLE `foo`  [42102-200]' for statement: DROP TABLE `foo` 
c102	2026-09-04 10:30:52,454 [INFO] TableUtils creating table 'foo'
c102	2026-09-04 10:30:52,489 [INFO] TableUtils executed create table statement changed 0 rows: CREATE TABLE `foo` (`id` INTEGER AUTO_INCREMENT , `val` INTEGER , `equal` INTEGER , `string` VARCHAR(255) , PRIMARY KEY (`id`) ) 
c102	FT	1	com.j256.ormlite.dao.BaseDaoImplTest#testQueryForSameIdNull	PASS				619
c102	FT	2	com.j256.ormlite.dao.RuntimeExceptionDaoTest#testAssignEmptyForeignCollectionThrow	PASS				39
c103	2026-09-04 10:30:53,069 [INFO] TableUtils dropping table 'createorupdateobjectid'
c103	2026-09-04 10:30:53,431 [INFO] TableUtils ignoring drop error 'org.h2.jdbc.JdbcSQLSyntaxErrorException: Table "CREATEORUPDATEOBJECTID" not found; SQL statement:
c103	DROP TABLE `createorupdateobjectid`  [42102-200]' for statement: DROP TABLE `createorupdateobjectid` 
c103	2026-09-04 10:30:53,443 [INFO] TableUtils creating table 'createorupdateobjectid'
c103	2026-09-04 10:30:53,532 [INFO] TableUtils executed create table statement changed 0 rows: CREATE TABLE `createorupdateobjectid` (`id` INTEGER AUTO_INCREMENT , `stuff` VARCHAR(255) , PRIMARY KEY (`id`) ) 
c103	2026-09-04 10:30:53,571 [DEBUG] BaseMappedStatement insert data with statement 'INSERT INTO `createorupdateobjectid` (`stuff` ) VALUES (?)' and 1 args, changed 1 rows
c103	2026-09-04 10:30:53,571 [TRACE] BaseMappedStatement insert arguments: [null]
c103	2026-09-04 10:30:53,572 [DEBUG] BaseMappedStatement assigned id '1' from keyholder to 'id' in CreateOrUpdateObjectId object
c103	2026-09-04 10:30:53,588 [DEBUG] BaseMappedStatement query-for-id using 'SELECT * FROM `createorupdateobjectid` WHERE `id` = ?' and 1 args, got 1 result
c103	2026-09-04 10:30:53,588 [TRACE] BaseMappedStatement query-for-id arguments: [1]
c103	FT	1	com.j256.ormlite.dao.BaseDaoImplTest#testQueryForSameIdNullId	PASS				945
c103	FT	2	com.j256.ormlite.dao.RuntimeExceptionDaoTest#testAssignEmptyForeignCollectionThrow	PASS				71
c104	2026-09-04 10:30:54,399 [INFO] TableUtils dropping table 'foo'
c104	2026-09-04 10:30:54,755 [INFO] TableUtils ignoring drop error 'org.h2.jdbc.JdbcSQLSyntaxErrorException: Table "FOO" not found; SQL statement:
c104	DROP TABLE `foo`  [42102-200]' for statement: DROP TABLE `foo` 
c104	2026-09-04 10:30:54,756 [INFO] TableUtils creating table 'foo'
c104	2026-09-04 10:30:54,826 [INFO] TableUtils executed create table statement changed 0 rows: CREATE TABLE `foo` (`id` INTEGER AUTO_INCREMENT , `val` INTEGER , `equal` INTEGER , `string` VARCHAR(255) , PRIMARY KEY (`id`) ) 
c104	2026-09-04 10:30:54,862 [DEBUG] BaseMappedStatement insert data with statement 'INSERT INTO `foo` (`val` ,`equal` ,`string` ) VALUES (?,?,?)' and 3 args, changed 1 rows
c104	2026-09-04 10:30:54,863 [TRACE] BaseMappedStatement insert arguments: [0, 0, null]
c104	2026-09-04 10:30:54,864 [DEBUG] BaseMappedStatement assigned id '1' from keyholder to 'id' in Foo object
c104	2026-09-04 10:30:54,867 [DEBUG] BaseMappedStatement insert data with statement 'INSERT INTO `foo` (`val` ,`equal` ,`string` ) VALUES (?,?,?)' and 3 args, changed 1 rows
c104	2026-09-04 10:30:54,867 [TRACE] BaseMappedStatement insert arguments: [0, 0, null]
c104	2026-09-04 10:30:54,867 [DEBUG] BaseMappedStatement assigned id '2' from keyholder to 'id' in Foo object
c104	2026-09-04 10:30:54,890 [DEBUG] BaseMappedStatement prepared statement 'SELECT * FROM `foo` WHERE `id` = 2' with 0 args
c104	2026-09-04 10:30:54,893 [DEBUG] StatementExecutor query of 'SELECT * FROM `foo` WHERE `id` = 2' with 0 args returned 1 results
c104	FT	1	com.j256.ormlite.dao.BaseDaoImplTest#testQueryPrepared	PASS				1059
c104	FT	2	com.j256.ormlite.dao.RuntimeExceptionDaoTest#testAssignEmptyForeignCollectionThrow	PASS				75
c105	2026-09-04 10:30:55,653 [INFO] TableUtils dropping table 'foo'
c105	2026-09-04 10:30:56,069 [INFO] TableUtils ignoring drop error 'org.h2.jdbc.JdbcSQLSyntaxErrorException: Table "FOO" not found; SQL statement:
c105	DROP TABLE `foo`  [42102-200]' for statement: DROP TABLE `foo` 
c105	2026-09-04 10:30:56,073 [INFO] TableUtils creating table 'foo'
c105	2026-09-04 10:30:56,125 [INFO] TableUtils executed create table statement changed 0 rows: CREATE TABLE `foo` (`id` INTEGER AUTO_INCREMENT , `val` INTEGER , `equal` INTEGER , `string` VARCHAR(255) , PRIMARY KEY (`id`) ) 
c105	2026-09-04 10:30:56,158 [DEBUG] BaseMappedStatement insert data with statement 'INSERT INTO `foo` (`val` ,`equal` ,`string` ) VALUES (?,?,?)' and 3 args, changed 1 rows
c105	2026-09-04 10:30:56,158 [TRACE] BaseMappedStatement insert arguments: [1389183, 0, hoifewhoifeqwih]
c105	2026-09-04 10:30:56,159 [DEBUG] BaseMappedStatement assigned id '1' from keyholder to 'id' in Foo object
c105	2026-09-04 10:30:56,160 [DEBUG] BaseMappedStatement insert data with statement 'INSERT INTO `foo` (`val` ,`equal` ,`string` ) VALUES (?,?,?)' and 3 args, changed 1 rows
c105	2026-09-04 10:30:56,160 [TRACE] BaseMappedStatement insert arguments: [133214433, 0, hfeopuwgwhiih]
c105	2026-09-04 10:30:56,160 [DEBUG] BaseMappedStatement assigned id '2' from keyholder to 'id' in Foo object
c105	2026-09-04 10:30:56,165 [DEBUG] StatementExecutor executing raw query for: SELECT * FROM `foo`
c105	FT	1	com.j256.ormlite.dao.BaseDaoImplTest#testQueryRawDataResultsMapper	PASS				1026
c105	FT	2	com.j256.ormlite.dao.RuntimeExceptionDaoTest#testAssignEmptyForeignCollectionThrow	PASS				63
c106	2026-09-04 10:30:56,834 [INFO] TableUtils dropping table 'foo'
c106	2026-09-04 10:30:57,311 [INFO] TableUtils ignoring drop error 'org.h2.jdbc.JdbcSQLSyntaxErrorException: Table "FOO" not found; SQL statement:
c106	DROP TABLE `foo`  [42102-200]' for statement: DROP TABLE `foo` 
c106	2026-09-04 10:30:57,312 [INFO] TableUtils creating table 'foo'
c106	2026-09-04 10:30:57,355 [INFO] TableUtils executed create table statement changed 0 rows: CREATE TABLE `foo` (`id` INTEGER AUTO_INCREMENT , `val` INTEGER , `equal` INTEGER , `string` VARCHAR(255) , PRIMARY KEY (`id`) ) 
c106	2026-09-04 10:30:57,402 [DEBUG] BaseMappedStatement insert data with statement 'INSERT INTO `foo` (`val` ,`equal` ,`string` ) VALUES (?,?,?)' and 3 args, changed 1 rows
c106	2026-09-04 10:30:57,402 [TRACE] BaseMappedStatement insert arguments: [0, 1231231232, null]
c106	2026-09-04 10:30:57,402 [DEBUG] BaseMappedStatement assigned id '1' from keyholder to 'id' in Foo object
c106	2026-09-04 10:30:57,404 [DEBUG] BaseMappedStatement insert data with statement 'INSERT INTO `foo` (`val` ,`equal` ,`string` ) VALUES (?,?,?)' and 3 args, changed 1 rows
c106	2026-09-04 10:30:57,404 [TRACE] BaseMappedStatement insert arguments: [0, 1231232, null]
c106	2026-09-04 10:30:57,404 [DEBUG] BaseMappedStatement assigned id '2' from keyholder to 'id' in Foo object
c106	2026-09-04 10:30:57,412 [DEBUG] StatementExecutor executing raw query for: SELECT id,equal FROM FOO
c106	FT	1	com.j256.ormlite.dao.BaseDaoImplTest#testQueryRawMapped	PASS				1052
c106	FT	2	com.j256.ormlite.dao.RuntimeExceptionDaoTest#testAssignEmptyForeignCollectionThrow	PASS				62
c107	2026-09-04 10:30:58,108 [INFO] TableUtils dropping table 'foo'
c107	2026-09-04 10:30:58,473 [INFO] TableUtils ignoring drop error 'org.h2.jdbc.JdbcSQLSyntaxErrorException: Table "FOO" not found; SQL statement:
c107	DROP TABLE `foo`  [42102-200]' for statement: DROP TABLE `foo` 
c107	2026-09-04 10:30:58,475 [INFO] TableUtils creating table 'foo'
c107	2026-09-04 10:30:58,541 [INFO] TableUtils executed create table statement changed 0 rows: CREATE TABLE `foo` (`id` INTEGER AUTO_INCREMENT , `val` INTEGER , `equal` INTEGER , `string` VARCHAR(255) , PRIMARY KEY (`id`) ) 
c107	2026-09-04 10:30:58,584 [DEBUG] BaseMappedStatement insert data with statement 'INSERT INTO `foo` (`val` ,`equal` ,`string` ) VALUES (?,?,?)' and 3 args, changed 1 rows
c107	2026-09-04 10:30:58,584 [TRACE] BaseMappedStatement insert arguments: [0, 1231231232, null]
c107	2026-09-04 10:30:58,585 [DEBUG] BaseMappedStatement assigned id '1' from keyholder to 'id' in Foo object
c107	2026-09-04 10:30:58,586 [DEBUG] BaseMappedStatement insert data with statement 'INSERT INTO `foo` (`val` ,`equal` ,`string` ) VALUES (?,?,?)' and 3 args, changed 1 rows
c107	2026-09-04 10:30:58,586 [TRACE] BaseMappedStatement insert arguments: [0, 1231232, null]
c107	2026-09-04 10:30:58,586 [DEBUG] BaseMappedStatement assigned id '2' from keyholder to 'id' in Foo object
c107	2026-09-04 10:30:58,593 [DEBUG] StatementExecutor executing raw query for: SELECT id,equal FROM FOO WHERE id = ?
c107	2026-09-04 10:30:58,594 [TRACE] StatementExecutor query arguments: [2]
c107	FT	1	com.j256.ormlite.dao.BaseDaoImplTest#testQueryRawMappedArguments	PASS				991
c107	FT	2	com.j256.ormlite.dao.RuntimeExceptionDaoTest#testAssignEmptyForeignCollectionThrow	PASS				59
c108	2026-09-04 10:30:59,263 [INFO] TableUtils dropping table 'foo'
c108	2026-09-04 10:30:59,571 [INFO] TableUtils ignoring drop error 'org.h2.jdbc.JdbcSQLSyntaxErrorException: Table "FOO" not found; SQL statement:
c108	DROP TABLE `foo`  [42102-200]' for statement: DROP TABLE `foo` 
c108	2026-09-04 10:30:59,573 [INFO] TableUtils creating table 'foo'
c108	2026-09-04 10:30:59,613 [INFO] TableUtils executed create table statement changed 0 rows: CREATE TABLE `foo` (`id` INTEGER AUTO_INCREMENT , `val` INTEGER , `equal` INTEGER , `string` VARCHAR(255) , PRIMARY KEY (`id`) ) 
c108	2026-09-04 10:30:59,648 [DEBUG] BaseMappedStatement insert data with statement 'INSERT INTO `foo` (`val` ,`equal` ,`string` ) VALUES (?,?,?)' and 3 args, changed 1 rows
c108	2026-09-04 10:30:59,649 [TRACE] BaseMappedStatement insert arguments: [0, 0, null]
c108	2026-09-04 10:30:59,649 [DEBUG] BaseMappedStatement assigned id '1' from keyholder to 'id' in Foo object
c108	2026-09-04 10:30:59,650 [DEBUG] StatementExecutor executing raw query for: SELECT * FROM FOO
c108	FT	1	com.j256.ormlite.dao.BaseDaoImplTest#testQueryRawMappedThrow	PASS				793
c108	FT	2	com.j256.ormlite.dao.RuntimeExceptionDaoTest#testAssignEmptyForeignCollectionThrow	PASS				40
c109	2026-09-04 10:31:00,284 [INFO] TableUtils dropping table 'foo'
c109	2026-09-04 10:31:00,654 [INFO] TableUtils ignoring drop error 'org.h2.jdbc.JdbcSQLSyntaxErrorException: Table "FOO" not found; SQL statement:
c109	DROP TABLE `foo`  [42102-200]' for statement: DROP TABLE `foo` 
c109	2026-09-04 10:31:00,655 [INFO] TableUtils creating table 'foo'
c109	2026-09-04 10:31:00,688 [INFO] TableUtils executed create table statement changed 0 rows: CREATE TABLE `foo` (`id` INTEGER AUTO_INCREMENT , `val` INTEGER , `equal` INTEGER , `string` VARCHAR(255) , PRIMARY KEY (`id`) ) 
c109	2026-09-04 10:31:00,712 [DEBUG] BaseMappedStatement insert data with statement 'INSERT INTO `foo` (`val` ,`equal` ,`string` ) VALUES (?,?,?)' and 3 args, changed 1 rows
c109	2026-09-04 10:31:00,712 [TRACE] BaseMappedStatement insert arguments: [0, 1231231232, null]
c109	2026-09-04 10:31:00,712 [DEBUG] BaseMappedStatement assigned id '1' from keyholder to 'id' in Foo object
c109	2026-09-04 10:31:00,713 [DEBUG] BaseMappedStatement insert data with statement 'INSERT INTO `foo` (`val` ,`equal` ,`string` ) VALUES (?,?,?)' and 3 args, changed 1 rows
c109	2026-09-04 10:31:00,713 [TRACE] BaseMappedStatement insert arguments: [0, 1231232, null]
c109	2026-09-04 10:31:00,713 [DEBUG] BaseMappedStatement assigned id '2' from keyholder to 'id' in Foo object
c109	2026-09-04 10:31:00,718 [DEBUG] StatementExecutor executing raw query for: SELECT id,equal FROM FOO
c109	FT	1	com.j256.ormlite.dao.BaseDaoImplTest#testQueryRawObjects	PASS				905
c109	FT	2	com.j256.ormlite.dao.RuntimeExceptionDaoTest#testAssignEmptyForeignCollectionThrow	PASS				54
c110	2026-09-04 10:31:01,301 [INFO] TableUtils dropping table 'foo'
c110	2026-09-04 10:31:01,555 [INFO] TableUtils ignoring drop error 'org.h2.jdbc.JdbcSQLSyntaxErrorException: Table "FOO" not found; SQL statement:
c110	DROP TABLE `foo`  [42102-200]' for statement: DROP TABLE `foo` 
c110	2026-09-04 10:31:01,555 [INFO] TableUtils creating table 'foo'
c110	2026-09-04 10:31:01,588 [INFO] TableUtils executed create table statement changed 0 rows: CREATE TABLE `foo` (`id` INTEGER AUTO_INCREMENT , `val` INTEGER , `equal` INTEGER , `string` VARCHAR(255) , PRIMARY KEY (`id`) ) 
c110	2026-09-04 10:31:01,614 [DEBUG] BaseMappedStatement insert data with statement 'INSERT INTO `foo` (`val` ,`equal` ,`string` ) VALUES (?,?,?)' and 3 args, changed 1 rows
c110	2026-09-04 10:31:01,614 [TRACE] BaseMappedStatement insert arguments: [0, 1231231232, null]
c110	2026-09-04 10:31:01,614 [DEBUG] BaseMappedStatement assigned id '1' from keyholder to 'id' in Foo object
c110	2026-09-04 10:31:01,615 [DEBUG] BaseMappedStatement insert data with statement 'INSERT INTO `foo` (`val` ,`equal` ,`string` ) VALUES (?,?,?)' and 3 args, changed 1 rows
c110	2026-09-04 10:31:01,615 [TRACE] BaseMappedStatement insert arguments: [0, 1231232, null]
c110	2026-09-04 10:31:01,615 [DEBUG] BaseMappedStatement assigned id '2' from keyholder to 'id' in Foo object
c110	2026-09-04 10:31:01,620 [DEBUG] StatementExecutor executing raw query for: SELECT id,equal FROM FOO WHERE id = ?
c110	2026-09-04 10:31:01,620 [TRACE] StatementExecutor query arguments: [2]
c110	FT	1	com.j256.ormlite.dao.BaseDaoImplTest#testQueryRawObjectsArguments	PASS				708
c110	FT	2	com.j256.ormlite.dao.RuntimeExceptionDaoTest#testAssignEmptyForeignCollectionThrow	PASS				66
c111	2026-09-04 10:31:02,204 [INFO] TableUtils dropping table 'foo'
c111	2026-09-04 10:31:02,438 [INFO] TableUtils ignoring drop error 'org.h2.jdbc.JdbcSQLSyntaxErrorException: Table "FOO" not found; SQL statement:
c111	DROP TABLE `foo`  [42102-200]' for statement: DROP TABLE `foo` 
c111	2026-09-04 10:31:02,438 [INFO] TableUtils creating table 'foo'
c111	2026-09-04 10:31:02,470 [INFO] TableUtils executed create table statement changed 0 rows: CREATE TABLE `foo` (`id` INTEGER AUTO_INCREMENT , `val` INTEGER , `equal` INTEGER , `string` VARCHAR(255) , PRIMARY KEY (`id`) ) 
c111	2026-09-04 10:31:02,502 [DEBUG] BaseMappedStatement insert data with statement 'INSERT INTO `foo` (`val` ,`equal` ,`string` ) VALUES (?,?,?)' and 3 args, changed 1 rows
c111	2026-09-04 10:31:02,503 [TRACE] BaseMappedStatement insert arguments: [0, 0, null]
c111	2026-09-04 10:31:02,503 [DEBUG] BaseMappedStatement assigned id '1' from keyholder to 'id' in Foo object
c111	2026-09-04 10:31:02,505 [DEBUG] StatementExecutor executing raw query for: SELECT * FROM FOO
c111	FT	1	com.j256.ormlite.dao.BaseDaoImplTest#testQueryRawObjectsThrow	PASS				627
c111	FT	2	com.j256.ormlite.dao.RuntimeExceptionDaoTest#testAssignEmptyForeignCollectionThrow	PASS				51
c112	2026-09-04 10:31:03,069 [INFO] TableUtils dropping table 'foo'
c112	2026-09-04 10:31:03,312 [INFO] TableUtils ignoring drop error 'org.h2.jdbc.JdbcSQLSyntaxErrorException: Table "FOO" not found; SQL statement:
c112	DROP TABLE `foo`  [42102-200]' for statement: DROP TABLE `foo` 
c112	2026-09-04 10:31:03,312 [INFO] TableUtils creating table 'foo'
c112	2026-09-04 10:31:03,343 [INFO] TableUtils executed create table statement changed 0 rows: CREATE TABLE `foo` (`id` INTEGER AUTO_INCREMENT , `val` INTEGER , `equal` INTEGER , `string` VARCHAR(255) , PRIMARY KEY (`id`) ) 
c112	2026-09-04 10:31:03,370 [DEBUG] BaseMappedStatement insert data with statement 'INSERT INTO `foo` (`val` ,`equal` ,`string` ) VALUES (?,?,?)' and 3 args, changed 1 rows
c112	2026-09-04 10:31:03,371 [TRACE] BaseMappedStatement insert arguments: [0, 1231231232, null]
c112	2026-09-04 10:31:03,371 [DEBUG] BaseMappedStatement assigned id '1' from keyholder to 'id' in Foo object
c112	2026-09-04 10:31:03,372 [DEBUG] BaseMappedStatement insert data with statement 'INSERT INTO `foo` (`val` ,`equal` ,`string` ) VALUES (?,?,?)' and 3 args, changed 1 rows
c112	2026-09-04 10:31:03,372 [TRACE] BaseMappedStatement insert arguments: [0, 1231232, null]
c112	2026-09-04 10:31:03,372 [DEBUG] BaseMappedStatement assigned id '2' from keyholder to 'id' in Foo object
c112	2026-09-04 10:31:03,379 [DEBUG] StatementExecutor executing raw query for: SELECT id,equal FROM FOO
c112	FT	1	com.j256.ormlite.dao.BaseDaoImplTest#testQueryRawStrings	PASS				683
c112	FT	2	com.j256.ormlite.dao.RuntimeExceptionDaoTest#testAssignEmptyForeignCollectionThrow	PASS				53
c113	2026-09-04 10:31:03,955 [INFO] TableUtils dropping table 'foo'
c113	2026-09-04 10:31:04,238 [INFO] TableUtils ignoring drop error 'org.h2.jdbc.JdbcSQLSyntaxErrorException: Table "FOO" not found; SQL statement:
c113	DROP TABLE `foo`  [42102-200]' for statement: DROP TABLE `foo` 
c113	2026-09-04 10:31:04,239 [INFO] TableUtils creating table 'foo'
c113	2026-09-04 10:31:04,271 [INFO] TableUtils executed create table statement changed 0 rows: CREATE TABLE `foo` (`id` INTEGER AUTO_INCREMENT , `val` INTEGER , `equal` INTEGER , `string` VARCHAR(255) , PRIMARY KEY (`id`) ) 
c113	2026-09-04 10:31:04,295 [DEBUG] BaseMappedStatement insert data with statement 'INSERT INTO `foo` (`val` ,`equal` ,`string` ) VALUES (?,?,?)' and 3 args, changed 1 rows
c113	2026-09-04 10:31:04,295 [TRACE] BaseMappedStatement insert arguments: [0, 1231231232, null]
c113	2026-09-04 10:31:04,295 [DEBUG] BaseMappedStatement assigned id '1' from keyholder to 'id' in Foo object
c113	2026-09-04 10:31:04,296 [DEBUG] BaseMappedStatement insert data with statement 'INSERT INTO `foo` (`val` ,`equal` ,`string` ) VALUES (?,?,?)' and 3 args, changed 1 rows
c113	2026-09-04 10:31:04,296 [TRACE] BaseMappedStatement insert arguments: [0, 1231232, null]
c113	2026-09-04 10:31:04,296 [DEBUG] BaseMappedStatement assigned id '2' from keyholder to 'id' in Foo object
c113	2026-09-04 10:31:04,300 [DEBUG] StatementExecutor executing raw query for: SELECT id,equal FROM FOO WHERE id = ?
c113	2026-09-04 10:31:04,300 [TRACE] StatementExecutor query arguments: [2]
c113	FT	1	com.j256.ormlite.dao.BaseDaoImplTest#testQueryRawStringsArguments	PASS				751
c113	FT	2	com.j256.ormlite.dao.RuntimeExceptionDaoTest#testAssignEmptyForeignCollectionThrow	PASS				47
c114	2026-09-04 10:31:04,861 [INFO] TableUtils dropping table 'foo'
c114	2026-09-04 10:31:05,105 [INFO] TableUtils ignoring drop error 'org.h2.jdbc.JdbcSQLSyntaxErrorException: Table "FOO" not found; SQL statement:
c114	DROP TABLE `foo`  [42102-200]' for statement: DROP TABLE `foo` 
c114	2026-09-04 10:31:05,106 [INFO] TableUtils creating table 'foo'
c114	2026-09-04 10:31:05,133 [INFO] TableUtils executed create table statement changed 0 rows: CREATE TABLE `foo` (`id` INTEGER AUTO_INCREMENT , `val` INTEGER , `equal` INTEGER , `string` VARCHAR(255) , PRIMARY KEY (`id`) ) 
c114	2026-09-04 10:31:05,158 [DEBUG] BaseMappedStatement insert data with statement 'INSERT INTO `foo` (`val` ,`equal` ,`string` ) VALUES (?,?,?)' and 3 args, changed 1 rows
c114	2026-09-04 10:31:05,158 [TRACE] BaseMappedStatement insert arguments: [0, 0, null]
c114	2026-09-04 10:31:05,158 [DEBUG] BaseMappedStatement assigned id '1' from keyholder to 'id' in Foo object
c114	2026-09-04 10:31:05,159 [DEBUG] StatementExecutor executing raw query for: SELECT * FROM FOO
c114	FT	1	com.j256.ormlite.dao.BaseDaoImplTest#testQueryRawStringsThrow	PASS				657
c114	FT	2	com.j256.ormlite.dao.RuntimeExceptionDaoTest#testAssignEmptyForeignCollectionThrow	PASS				40
c115	2026-09-04 10:31:05,657 [INFO] TableUtils dropping table 'foo'
c115	2026-09-04 10:31:05,957 [INFO] TableUtils ignoring drop error 'org.h2.jdbc.JdbcSQLSyntaxErrorException: Table "FOO" not found; SQL statement:
c115	DROP TABLE `foo`  [42102-200]' for statement: DROP TABLE `foo` 
c115	2026-09-04 10:31:05,958 [INFO] TableUtils creating table 'foo'
c115	2026-09-04 10:31:05,995 [INFO] TableUtils executed create table statement changed 0 rows: CREATE TABLE `foo` (`id` INTEGER AUTO_INCREMENT , `val` INTEGER , `equal` INTEGER , `string` VARCHAR(255) , PRIMARY KEY (`id`) ) 
c115	2026-09-04 10:31:06,024 [DEBUG] BaseMappedStatement insert data with statement 'INSERT INTO `foo` (`val` ,`equal` ,`string` ) VALUES (?,?,?)' and 3 args, changed 1 rows
c115	2026-09-04 10:31:06,024 [TRACE] BaseMappedStatement insert arguments: [0, 1231231232, null]
c115	2026-09-04 10:31:06,024 [DEBUG] BaseMappedStatement assigned id '1' from keyholder to 'id' in Foo object
c115	2026-09-04 10:31:06,025 [DEBUG] BaseMappedStatement insert data with statement 'INSERT INTO `foo` (`val` ,`equal` ,`string` ) VALUES (?,?,?)' and 3 args, changed 1 rows
c115	2026-09-04 10:31:06,025 [TRACE] BaseMappedStatement insert arguments: [0, 1231232, null]
c115	2026-09-04 10:31:06,025 [DEBUG] BaseMappedStatement assigned id '2' from keyholder to 'id' in Foo object
c115	2026-09-04 10:31:06,030 [DEBUG] StatementExecutor executing raw query for: SELECT id FROM FOO
c115	FT	1	com.j256.ormlite.dao.BaseDaoImplTest#testQueryRawUsingRawRowMapper	PASS				739
c115	FT	2	com.j256.ormlite.dao.RuntimeExceptionDaoTest#testAssignEmptyForeignCollectionThrow	PASS				66
c116	2026-09-04 10:31:06,639 [INFO] TableUtils dropping table 'foo'
c116	2026-09-04 10:31:06,946 [INFO] TableUtils ignoring drop error 'org.h2.jdbc.JdbcSQLSyntaxErrorException: Table "FOO" not found; SQL statement:
c116	DROP TABLE `foo`  [42102-200]' for statement: DROP TABLE `foo` 
c116	2026-09-04 10:31:06,947 [INFO] TableUtils creating table 'foo'
c116	2026-09-04 10:31:06,982 [INFO] TableUtils executed create table statement changed 0 rows: CREATE TABLE `foo` (`id` INTEGER AUTO_INCREMENT , `val` INTEGER , `equal` INTEGER , `string` VARCHAR(255) , PRIMARY KEY (`id`) ) 
c116	2026-09-04 10:31:07,019 [DEBUG] BaseMappedStatement insert data with statement 'INSERT INTO `foo` (`val` ,`equal` ,`string` ) VALUES (?,?,?)' and 3 args, changed 1 rows
c116	2026-09-04 10:31:07,020 [TRACE] BaseMappedStatement insert arguments: [0, 0, null]
c116	2026-09-04 10:31:07,020 [DEBUG] BaseMappedStatement assigned id '1' from keyholder to 'id' in Foo object
c116	2026-09-04 10:31:07,020 [DEBUG] StatementExecutor executing raw query for long: select max(id) from foo
c116	2026-09-04 10:31:07,030 [DEBUG] BaseMappedStatement insert data with statement 'INSERT INTO `foo` (`val` ,`equal` ,`string` ) VALUES (?,?,?)' and 3 args, changed 1 rows
c116	2026-09-04 10:31:07,030 [TRACE] BaseMappedStatement insert arguments: [0, 0, null]
c116	2026-09-04 10:31:07,030 [DEBUG] BaseMappedStatement assigned id '2' from keyholder to 'id' in Foo object
c116	2026-09-04 10:31:07,030 [DEBUG] StatementExecutor executing raw query for long: select max(id) from foo
c116	2026-09-04 10:31:07,031 [DEBUG] BaseMappedStatement insert data with statement 'INSERT INTO `foo` (`val` ,`equal` ,`string` ) VALUES (?,?,?)' and 3 args, changed 1 rows
c116	2026-09-04 10:31:07,032 [TRACE] BaseMappedStatement insert arguments: [0, 0, null]
c116	2026-09-04 10:31:07,032 [DEBUG] BaseMappedStatement assigned id '3' from keyholder to 'id' in Foo object
c116	2026-09-04 10:31:07,032 [DEBUG] StatementExecutor executing raw query for long: select max(id) from foo
c116	FT	1	com.j256.ormlite.dao.BaseDaoImplTest#testQueryRawValue	PASS				795
c116	FT	2	com.j256.ormlite.dao.RuntimeExceptionDaoTest#testAssignEmptyForeignCollectionThrow	PASS				54
c117	2026-09-04 10:31:07,611 [INFO] TableUtils dropping table 'foo'
c117	2026-09-04 10:31:07,867 [INFO] TableUtils ignoring drop error 'org.h2.jdbc.JdbcSQLSyntaxErrorException: Table "FOO" not found; SQL statement:
c117	DROP TABLE `foo`  [42102-200]' for statement: DROP TABLE `foo` 
c117	2026-09-04 10:31:07,867 [INFO] TableUtils creating table 'foo'
c117	2026-09-04 10:31:07,897 [INFO] TableUtils executed create table statement changed 0 rows: CREATE TABLE `foo` (`id` INTEGER AUTO_INCREMENT , `val` INTEGER , `equal` INTEGER , `string` VARCHAR(255) , PRIMARY KEY (`id`) ) 
c117	2026-09-04 10:31:07,923 [DEBUG] BaseMappedStatement insert data with statement 'INSERT INTO `foo` (`val` ,`equal` ,`string` ) VALUES (?,?,?)' and 3 args, changed 1 rows
c117	2026-09-04 10:31:07,923 [TRACE] BaseMappedStatement insert arguments: [0, 11312331, null]
c117	2026-09-04 10:31:07,923 [DEBUG] BaseMappedStatement assigned id '1' from keyholder to 'id' in Foo object
c117	2026-09-04 10:31:07,934 [DEBUG] BaseMappedStatement query-for-id using 'SELECT * FROM `foo` WHERE `id` = ?' and 1 args, got 1 result
c117	2026-09-04 10:31:07,934 [TRACE] BaseMappedStatement query-for-id arguments: [1]
c117	2026-09-04 10:31:07,944 [DEBUG] BaseMappedStatement prepared statement 'UPDATE `foo` SET `equal` = 312312 WHERE `id` = 1' with 0 args
c117	2026-09-04 10:31:07,947 [DEBUG] BaseMappedStatement refresh using 'SELECT * FROM `foo` WHERE `id` = ?' and 1 args, got 1 result
c117	2026-09-04 10:31:07,947 [TRACE] BaseMappedStatement refresh arguments: [1]
c117	FT	1	com.j256.ormlite.dao.BaseDaoImplTest#testRefresh	PASS				733
c117	FT	2	com.j256.ormlite.dao.RuntimeExceptionDaoTest#testAssignEmptyForeignCollectionThrow	PASS				60
c118	FT	1	com.j256.ormlite.dao.BaseDaoImplTest#testRefreshNoInit	PASS				382
c118	FT	2	com.j256.ormlite.dao.RuntimeExceptionDaoTest#testAssignEmptyForeignCollectionThrow	PASS				65
c119	FT	1	com.j256.ormlite.dao.BaseDaoImplTest#testRefreshNull	PASS				418
c119	FT	2	com.j256.ormlite.dao.RuntimeExceptionDaoTest#testAssignEmptyForeignCollectionThrow	PASS				52
c120	2026-09-04 10:31:09,776 [INFO] TableUtils dropping table 'foo'
c120	2026-09-04 10:31:10,116 [INFO] TableUtils ignoring drop error 'org.h2.jdbc.JdbcSQLSyntaxErrorException: Table "FOO" not found; SQL statement:
c120	DROP TABLE `foo`  [42102-200]' for statement: DROP TABLE `foo` 
c120	2026-09-04 10:31:10,117 [INFO] TableUtils creating table 'foo'
c120	2026-09-04 10:31:10,160 [INFO] TableUtils executed create table statement changed 0 rows: CREATE TABLE `foo` (`id` INTEGER AUTO_INCREMENT , `val` INTEGER , `equal` INTEGER , `string` VARCHAR(255) , PRIMARY KEY (`id`) ) 
c120	2026-09-04 10:31:10,186 [DEBUG] BaseMappedStatement insert data with statement 'INSERT INTO `foo` (`val` ,`equal` ,`string` ) VALUES (?,?,?)' and 3 args, changed 1 rows
c120	2026-09-04 10:31:10,187 [TRACE] BaseMappedStatement insert arguments: [0, 0, null]
c120	2026-09-04 10:31:10,187 [DEBUG] BaseMappedStatement assigned id '1' from keyholder to 'id' in Foo object
c120	FT	1	com.j256.ormlite.dao.BaseDaoImplTest#testRefreshThrow	PASS				884
c120	FT	2	com.j256.ormlite.dao.RuntimeExceptionDaoTest#testAssignEmptyForeignCollectionThrow	PASS				61
c121	2026-09-04 10:31:09,093 [INFO] TableUtils dropping table 'foo'
c121	2026-09-04 10:31:09,428 [INFO] TableUtils ignoring drop error 'org.h2.jdbc.JdbcSQLSyntaxErrorException: Table "FOO" not found; SQL statement:
c121	DROP TABLE `foo`  [42102-200]' for statement: DROP TABLE `foo` 
c121	2026-09-04 10:31:09,429 [INFO] TableUtils creating table 'foo'
c121	2026-09-04 10:31:09,464 [INFO] TableUtils executed create table statement changed 0 rows: CREATE TABLE `foo` (`id` INTEGER AUTO_INCREMENT , `val` INTEGER , `equal` INTEGER , `string` VARCHAR(255) , PRIMARY KEY (`id`) ) 
c121	2026-09-04 10:31:09,495 [DEBUG] BaseMappedStatement insert data with statement 'INSERT INTO `foo` (`val` ,`equal` ,`string` ) VALUES (?,?,?)' and 3 args, changed 1 rows
c121	2026-09-04 10:31:09,496 [TRACE] BaseMappedStatement insert arguments: [12312321, 0, null]
c121	2026-09-04 10:31:09,497 [DEBUG] BaseMappedStatement assigned id '1' from keyholder to 'id' in Foo object
c121	2026-09-04 10:31:09,508 [DEBUG] BaseMappedStatement query-for-id using 'SELECT * FROM `foo` WHERE `id` = ?' and 1 args, got 1 result
c121	2026-09-04 10:31:09,508 [TRACE] BaseMappedStatement query-for-id arguments: [1]
c121	FT	1	com.j256.ormlite.dao.BaseDaoImplTest#testReplaceCache	PASS				-379
c121	FT	2	com.j256.ormlite.dao.RuntimeExceptionDaoTest#testAssignEmptyForeignCollectionThrow	PASS				51
c122	2026-09-04 10:31:10,226 [INFO] TableUtils dropping table 'foo'
c122	2026-09-04 10:31:10,594 [INFO] TableUtils ignoring drop error 'org.h2.jdbc.JdbcSQLSyntaxErrorException: Table "FOO" not found; SQL statement:
c122	DROP TABLE `foo`  [42102-200]' for statement: DROP TABLE `foo` 
c122	2026-09-04 10:31:10,595 [INFO] TableUtils creating table 'foo'
c122	2026-09-04 10:31:10,667 [INFO] TableUtils executed create table statement changed 0 rows: CREATE TABLE `foo` (`id` INTEGER AUTO_INCREMENT , `val` INTEGER , `equal` INTEGER , `string` VARCHAR(255) , PRIMARY KEY (`id`) ) 
c122	2026-09-04 10:31:10,708 [DEBUG] BaseMappedStatement insert data with statement 'INSERT INTO `foo` (`val` ,`equal` ,`string` ) VALUES (?,?,?)' and 3 args, changed 1 rows
c122	2026-09-04 10:31:10,710 [TRACE] BaseMappedStatement insert arguments: [0, 0, null]
c122	2026-09-04 10:31:10,710 [DEBUG] BaseMappedStatement assigned id '1' from keyholder to 'id' in Foo object
c122	2026-09-04 10:31:10,715 [DEBUG] StatementExecutor executing raw query for: SELECT COUNT(*) FROM `foo`
c122	FT	1	com.j256.ormlite.dao.BaseDaoImplTest#testSelectRaw	PASS				1049
c122	FT	2	com.j256.ormlite.dao.RuntimeExceptionDaoTest#testAssignEmptyForeignCollectionThrow	PASS				58
c123	2026-09-04 10:31:11,388 [INFO] TableUtils dropping table 'foo'
c123	2026-09-04 10:31:11,743 [INFO] TableUtils ignoring drop error 'org.h2.jdbc.JdbcSQLSyntaxErrorException: Table "FOO" not found; SQL statement:
c123	DROP TABLE `foo`  [42102-200]' for statement: DROP TABLE `foo` 
c123	2026-09-04 10:31:11,744 [INFO] TableUtils creating table 'foo'
c123	2026-09-04 10:31:11,781 [INFO] TableUtils executed create table statement changed 0 rows: CREATE TABLE `foo` (`id` INTEGER AUTO_INCREMENT , `val` INTEGER , `equal` INTEGER , `string` VARCHAR(255) , PRIMARY KEY (`id`) ) 
c123	2026-09-04 10:31:11,811 [DEBUG] BaseMappedStatement insert data with statement 'INSERT INTO `foo` (`val` ,`equal` ,`string` ) VALUES (?,?,?)' and 3 args, changed 1 rows
c123	2026-09-04 10:31:11,812 [TRACE] BaseMappedStatement insert arguments: [0, 0, null]
c123	2026-09-04 10:31:11,812 [DEBUG] BaseMappedStatement assigned id '1' from keyholder to 'id' in Foo object
c123	FT	1	com.j256.ormlite.dao.BaseDaoImplTest#testSelectRawNotQuery	PASS				930
c123	FT	2	com.j256.ormlite.dao.RuntimeExceptionDaoTest#testAssignEmptyForeignCollectionThrow	PASS				103
c124	2026-09-04 10:31:12,550 [INFO] TableUtils dropping table 'timestampserializable'
c124	2026-09-04 10:31:12,957 [INFO] TableUtils ignoring drop error 'org.h2.jdbc.JdbcSQLSyntaxErrorException: Table "TIMESTAMPSERIALIZABLE" not found; SQL statement:
c124	DROP TABLE `timestampserializable`  [42102-200]' for statement: DROP TABLE `timestampserializable` 
c124	2026-09-04 10:31:12,957 [INFO] TableUtils creating table 'timestampserializable'
c124	2026-09-04 10:31:12,996 [INFO] TableUtils executed create table statement changed 0 rows: CREATE TABLE `timestampserializable` (`id` INTEGER AUTO_INCREMENT , `timestamp` BLOB , PRIMARY KEY (`id`) ) 
c124	2026-09-04 10:31:13,028 [DEBUG] BaseMappedStatement insert data with statement 'INSERT INTO `timestampserializable` (`timestamp` ) VALUES (?)' and 1 args, changed 1 rows
c124	2026-09-04 10:31:13,028 [TRACE] BaseMappedStatement insert arguments: [[-84, -19, 0, 5, 115, 114, 0, 18, 106, 97, 118, 97, 46, 115, 113, 108, 46, 84, 105, 109, 101, 115, 116, 97, 109, 112, 38, 24, -43, -56, 1, 83, -65, 101, 2, 0, 1, 73, 0, 5, 110, 97, 110, 111, 115, 120, 114, 0, 14, 106, 97, 118, 97, 46, 117, 116, 105, 108, 46, 68, 97, 116, 101, 104, 106, -127, 1, 75, 89, 116, 25, 3, 0, 0, 120, 112, 119, 8, 0, 0, 1, -96, 107, -8, -15, -128, 120, 59, 93, -63, 0]]
c124	2026-09-04 10:31:13,029 [DEBUG] BaseMappedStatement assigned id '1' from keyholder to 'id' in TimeStampSerializable object
c124	2026-09-04 10:31:13,116 [DEBUG] BaseMappedStatement query-for-id using 'SELECT * FROM `timestampserializable` WHERE `id` = ?' and 1 args, got 1 result
c124	2026-09-04 10:31:13,117 [TRACE] BaseMappedStatement query-for-id arguments: [1]
c124	FT	1	com.j256.ormlite.dao.BaseDaoImplTest#testSerializableTimeStamp	PASS				1027
c124	FT	2	com.j256.ormlite.dao.RuntimeExceptionDaoTest#testAssignEmptyForeignCollectionThrow	PASS				54
c125	FT	1	com.j256.ormlite.dao.BaseDaoImplTest#testSetters	PASS				472
c125	FT	2	com.j256.ormlite.dao.RuntimeExceptionDaoTest#testAssignEmptyForeignCollectionThrow	PASS				85
c126	FT	1	com.j256.ormlite.dao.BaseDaoImplTest#testStatementBuilderNoInit	PASS				500
c126	FT	2	com.j256.ormlite.dao.RuntimeExceptionDaoTest#testAssignEmptyForeignCollectionThrow	PASS				69
c127	FT	1	com.j256.ormlite.dao.BaseDaoImplTest#testTableConfig	PASS				455
c127	FT	2	com.j256.ormlite.dao.RuntimeExceptionDaoTest#testAssignEmptyForeignCollectionThrow	PASS				86
c128	2026-09-04 10:31:15,806 [INFO] TableUtils dropping table 'unique'
c128	2026-09-04 10:31:16,058 [INFO] TableUtils ignoring drop error 'org.h2.jdbc.JdbcSQLSyntaxErrorException: Table "UNIQUE" not found; SQL statement:
c128	DROP TABLE `unique`  [42102-200]' for statement: DROP TABLE `unique` 
c128	2026-09-04 10:31:16,059 [INFO] TableUtils creating table 'unique'
c128	2026-09-04 10:31:16,089 [INFO] TableUtils executed create table statement changed 0 rows: CREATE TABLE `unique` (`id` INTEGER AUTO_INCREMENT , `stuff` VARCHAR(255) , `uniqueStuff` VARCHAR(255) ,  UNIQUE (`uniqueStuff`), PRIMARY KEY (`id`) ) 
c128	2026-09-04 10:31:16,110 [DEBUG] BaseMappedStatement insert data with statement 'INSERT INTO `unique` (`stuff` ,`uniqueStuff` ) VALUES (?,?)' and 2 args, changed 1 rows
c128	2026-09-04 10:31:16,110 [TRACE] BaseMappedStatement insert arguments: [this doesn't need to be unique, this needs to be unique]
c128	2026-09-04 10:31:16,110 [DEBUG] BaseMappedStatement assigned id '1' from keyholder to 'id' in Unique object
c128	2026-09-04 10:31:16,111 [DEBUG] BaseMappedStatement insert data with statement 'INSERT INTO `unique` (`stuff` ,`uniqueStuff` ) VALUES (?,?)' and 2 args, changed 1 rows
c128	2026-09-04 10:31:16,111 [TRACE] BaseMappedStatement insert arguments: [this doesn't need to be unique, null]
c128	2026-09-04 10:31:16,111 [DEBUG] BaseMappedStatement assigned id '2' from keyholder to 'id' in Unique object
c128	2026-09-04 10:31:16,112 [DEBUG] BaseMappedStatement insert data with statement 'INSERT INTO `unique` (`stuff` ,`uniqueStuff` ) VALUES (?,?)' and 2 args, threw exception: org.h2.jdbc.JdbcSQLIntegrityConstraintViolationException: Unique index or primary key violation: "PUBLIC.CONSTRAINT_INDEX_9 ON PUBLIC.""UNIQUE""(UNIQUESTUFF) VALUES 1"; SQL statement:
c128	INSERT INTO `unique` (`stuff` ,`uniqueStuff` ) VALUES (?,?) [23505-200]
c128	2026-09-04 10:31:16,112 [TRACE] BaseMappedStatement insert arguments: [null, this needs to be unique]
c128	FT	1	com.j256.ormlite.dao.BaseDaoImplTest#testUnique	PASS				728
c128	FT	2	com.j256.ormlite.dao.RuntimeExceptionDaoTest#testAssignEmptyForeignCollectionThrow	PASS				33
c129	2026-09-04 10:31:16,643 [INFO] TableUtils dropping table 'foo'
c129	2026-09-04 10:31:16,935 [INFO] TableUtils ignoring drop error 'org.h2.jdbc.JdbcSQLSyntaxErrorException: Table "FOO" not found; SQL statement:
c129	DROP TABLE `foo`  [42102-200]' for statement: DROP TABLE `foo` 
c129	2026-09-04 10:31:16,935 [INFO] TableUtils creating table 'foo'
c129	2026-09-04 10:31:16,972 [INFO] TableUtils executed create table statement changed 0 rows: CREATE TABLE `foo` (`id` INTEGER AUTO_INCREMENT , `val` INTEGER , `equal` INTEGER , `string` VARCHAR(255) , PRIMARY KEY (`id`) ) 
c129	2026-09-04 10:31:16,998 [DEBUG] BaseMappedStatement insert data with statement 'INSERT INTO `foo` (`val` ,`equal` ,`string` ) VALUES (?,?,?)' and 3 args, changed 1 rows
c129	2026-09-04 10:31:16,998 [TRACE] BaseMappedStatement insert arguments: [0, 0, null]
c129	2026-09-04 10:31:16,998 [DEBUG] BaseMappedStatement assigned id '1' from keyholder to 'id' in Foo object
c129	2026-09-04 10:31:17,004 [DEBUG] BaseMappedStatement update data with statement 'UPDATE `foo` SET `val` = ?, `equal` = ?, `string` = ? WHERE `id` = ?' and 4 args, changed 1 rows
c129	2026-09-04 10:31:17,005 [TRACE] BaseMappedStatement update arguments: [0, 1, null, 1]
c129	FT	1	com.j256.ormlite.dao.BaseDaoImplTest#testUpdate	PASS				772
c129	FT	2	com.j256.ormlite.dao.RuntimeExceptionDaoTest#testAssignEmptyForeignCollectionThrow	PASS				39
c130	FT	1	com.j256.ormlite.dao.BaseDaoImplTest#testUpdateBuilder	PASS				376
c130	FT	2	com.j256.ormlite.dao.RuntimeExceptionDaoTest#testAssignEmptyForeignCollectionThrow	PASS				50
c131	2026-09-04 10:31:18,203 [INFO] TableUtils dropping table 'foo'
c131	2026-09-04 10:31:18,520 [INFO] TableUtils ignoring drop error 'org.h2.jdbc.JdbcSQLSyntaxErrorException: Table "FOO" not found; SQL statement:
c131	DROP TABLE `foo`  [42102-200]' for statement: DROP TABLE `foo` 
c131	2026-09-04 10:31:18,521 [INFO] TableUtils creating table 'foo'
c131	2026-09-04 10:31:18,554 [INFO] TableUtils executed create table statement changed 0 rows: CREATE TABLE `foo` (`id` INTEGER AUTO_INCREMENT , `val` INTEGER , `equal` INTEGER , `string` VARCHAR(255) , PRIMARY KEY (`id`) ) 
c131	2026-09-04 10:31:18,591 [DEBUG] BaseMappedStatement insert data with statement 'INSERT INTO `foo` (`val` ,`equal` ,`string` ) VALUES (?,?,?)' and 3 args, changed 1 rows
c131	2026-09-04 10:31:18,592 [TRACE] BaseMappedStatement insert arguments: [0, 0, null]
c131	2026-09-04 10:31:18,593 [DEBUG] BaseMappedStatement assigned id '1' from keyholder to 'id' in Foo object
c131	2026-09-04 10:31:18,606 [DEBUG] BaseMappedStatement query-for-id using 'SELECT * FROM `foo` WHERE `id` = ?' and 1 args, got 1 result
c131	2026-09-04 10:31:18,606 [TRACE] BaseMappedStatement query-for-id arguments: [1]
c131	2026-09-04 10:31:18,607 [DEBUG] BaseMappedStatement query-for-id using 'SELECT * FROM `foo` WHERE `id` = ?' and 1 args, got no results
c131	2026-09-04 10:31:18,608 [TRACE] BaseMappedStatement query-for-id arguments: [2]
c131	2026-09-04 10:31:18,612 [DEBUG] BaseMappedStatement updating-id with statement 'UPDATE `foo` SET `id` = ? WHERE `id` = ?' and 2 args, changed 1 rows
c131	2026-09-04 10:31:18,612 [TRACE] BaseMappedStatement updating-id arguments: [2, 1]
c131	2026-09-04 10:31:18,613 [DEBUG] BaseMappedStatement query-for-id using 'SELECT * FROM `foo` WHERE `id` = ?' and 1 args, got no results
c131	2026-09-04 10:31:18,613 [TRACE] BaseMappedStatement query-for-id arguments: [1]
c131	2026-09-04 10:31:18,614 [DEBUG] BaseMappedStatement query-for-id using 'SELECT * FROM `foo` WHERE `id` = ?' and 1 args, got 1 result
c131	2026-09-04 10:31:18,614 [TRACE] BaseMappedStatement query-for-id arguments: [2]
c131	FT	1	com.j256.ormlite.dao.BaseDaoImplTest#testUpdateId	PASS				860
c131	FT	2	com.j256.ormlite.dao.RuntimeExceptionDaoTest#testAssignEmptyForeignCollectionThrow	PASS				50
c132	FT	1	com.j256.ormlite.dao.BaseDaoImplTest#testUpdateIdNoInit	PASS				338
c132	FT	2	com.j256.ormlite.dao.RuntimeExceptionDaoTest#testAssignEmptyForeignCollectionThrow	PASS				65
c133	FT	1	com.j256.ormlite.dao.BaseDaoImplTest#testUpdateIdNull	PASS				311
c133	FT	2	com.j256.ormlite.dao.RuntimeExceptionDaoTest#testAssignEmptyForeignCollectionThrow	PASS				53
c134	2026-09-04 10:31:20,108 [INFO] TableUtils dropping table 'foo'
c134	2026-09-04 10:31:20,411 [INFO] TableUtils ignoring drop error 'org.h2.jdbc.JdbcSQLSyntaxErrorException: Table "FOO" not found; SQL statement:
c134	DROP TABLE `foo`  [42102-200]' for statement: DROP TABLE `foo` 
c134	2026-09-04 10:31:20,412 [INFO] TableUtils creating table 'foo'
c134	2026-09-04 10:31:20,443 [INFO] TableUtils executed create table statement changed 0 rows: CREATE TABLE `foo` (`id` INTEGER AUTO_INCREMENT , `val` INTEGER , `equal` INTEGER , `string` VARCHAR(255) , PRIMARY KEY (`id`) ) 
c134	2026-09-04 10:31:20,465 [DEBUG] BaseMappedStatement insert data with statement 'INSERT INTO `foo` (`val` ,`equal` ,`string` ) VALUES (?,?,?)' and 3 args, changed 1 rows
c134	2026-09-04 10:31:20,465 [TRACE] BaseMappedStatement insert arguments: [0, 0, null]
c134	2026-09-04 10:31:20,466 [DEBUG] BaseMappedStatement assigned id '1' from keyholder to 'id' in Foo object
c134	FT	1	com.j256.ormlite.dao.BaseDaoImplTest#testUpdateIdThrow	PASS				694
c134	FT	2	com.j256.ormlite.dao.RuntimeExceptionDaoTest#testAssignEmptyForeignCollectionThrow	PASS				45
c135	FT	1	com.j256.ormlite.dao.BaseDaoImplTest#testUpdateNoInit	PASS				252
c135	FT	2	com.j256.ormlite.dao.RuntimeExceptionDaoTest#testAssignEmptyForeignCollectionThrow	PASS				56
c136	FT	1	com.j256.ormlite.dao.BaseDaoImplTest#testUpdateNull	PASS				336
c136	FT	2	com.j256.ormlite.dao.RuntimeExceptionDaoTest#testAssignEmptyForeignCollectionThrow	PASS				56
c137	2026-09-04 10:31:21,798 [INFO] TableUtils dropping table 'foo'
c137	2026-09-04 10:31:22,017 [INFO] TableUtils ignoring drop error 'org.h2.jdbc.JdbcSQLSyntaxErrorException: Table "FOO" not found; SQL statement:
c137	DROP TABLE `foo`  [42102-200]' for statement: DROP TABLE `foo` 
c137	2026-09-04 10:31:22,018 [INFO] TableUtils creating table 'foo'
c137	2026-09-04 10:31:22,046 [INFO] TableUtils executed create table statement changed 0 rows: CREATE TABLE `foo` (`id` INTEGER AUTO_INCREMENT , `val` INTEGER , `equal` INTEGER , `string` VARCHAR(255) , PRIMARY KEY (`id`) ) 
c137	2026-09-04 10:31:22,072 [DEBUG] BaseMappedStatement insert data with statement 'INSERT INTO `foo` (`val` ,`equal` ,`string` ) VALUES (?,?,?)' and 3 args, changed 1 rows
c137	2026-09-04 10:31:22,073 [TRACE] BaseMappedStatement insert arguments: [0, 0, null]
c137	2026-09-04 10:31:22,073 [DEBUG] BaseMappedStatement assigned id '1' from keyholder to 'id' in Foo object
c137	2026-09-04 10:31:22,074 [DEBUG] BaseMappedStatement insert data with statement 'INSERT INTO `foo` (`val` ,`equal` ,`string` ) VALUES (?,?,?)' and 3 args, changed 1 rows
c137	2026-09-04 10:31:22,074 [TRACE] BaseMappedStatement insert arguments: [0, 0, null]
c137	2026-09-04 10:31:22,074 [DEBUG] BaseMappedStatement assigned id '2' from keyholder to 'id' in Foo object
c137	2026-09-04 10:31:22,083 [DEBUG] BaseMappedStatement query-for-id using 'SELECT * FROM `foo` WHERE `id` = ?' and 1 args, got 1 result
c137	2026-09-04 10:31:22,083 [TRACE] BaseMappedStatement query-for-id arguments: [1]
c137	2026-09-04 10:31:22,084 [DEBUG] BaseMappedStatement query-for-id using 'SELECT * FROM `foo` WHERE `id` = ?' and 1 args, got 1 result
c137	2026-09-04 10:31:22,084 [TRACE] BaseMappedStatement query-for-id arguments: [2]
c137	2026-09-04 10:31:22,085 [DEBUG] BaseMappedStatement query-for-id using 'SELECT * FROM `foo` WHERE `id` = ?' and 1 args, got no results
c137	2026-09-04 10:31:22,085 [TRACE] BaseMappedStatement query-for-id arguments: [3]
c137	2026-09-04 10:31:22,089 [DEBUG] BaseMappedStatement prepared statement 'UPDATE `foo` SET `id` = 3 WHERE `id` = 1' with 0 args
c137	2026-09-04 10:31:22,093 [DEBUG] BaseMappedStatement query-for-id using 'SELECT * FROM `foo` WHERE `id` = ?' and 1 args, got no results
c137	2026-09-04 10:31:22,094 [TRACE] BaseMappedStatement query-for-id arguments: [1]
c137	2026-09-04 10:31:22,095 [DEBUG] BaseMappedStatement query-for-id using 'SELECT * FROM `foo` WHERE `id` = ?' and 1 args, got 1 result
c137	2026-09-04 10:31:22,095 [TRACE] BaseMappedStatement query-for-id arguments: [2]
c137	2026-09-04 10:31:22,096 [DEBUG] BaseMappedStatement query-for-id using 'SELECT * FROM `foo` WHERE `id` = ?' and 1 args, got 1 result
c137	2026-09-04 10:31:22,096 [TRACE] BaseMappedStatement query-for-id arguments: [3]
c137	2026-09-04 10:31:22,098 [DEBUG] BaseMappedStatement prepared statement 'SELECT * FROM `foo`' with 0 args
c137	2026-09-04 10:31:22,099 [DEBUG] StatementExecutor query of 'SELECT * FROM `foo`' with 0 args returned 2 results
c137	FT	1	com.j256.ormlite.dao.BaseDaoImplTest#testUpdatePrepared	PASS				604
c137	FT	2	com.j256.ormlite.dao.RuntimeExceptionDaoTest#testAssignEmptyForeignCollectionThrow	PASS				44
c138	2026-09-04 10:31:22,570 [INFO] TableUtils dropping table 'foo'
c138	2026-09-04 10:31:22,787 [INFO] TableUtils ignoring drop error 'org.h2.jdbc.JdbcSQLSyntaxErrorException: Table "FOO" not found; SQL statement:
c138	DROP TABLE `foo`  [42102-200]' for statement: DROP TABLE `foo` 
c138	2026-09-04 10:31:22,787 [INFO] TableUtils creating table 'foo'
c138	2026-09-04 10:31:22,814 [INFO] TableUtils executed create table statement changed 0 rows: CREATE TABLE `foo` (`id` INTEGER AUTO_INCREMENT , `val` INTEGER , `equal` INTEGER , `string` VARCHAR(255) , PRIMARY KEY (`id`) ) 
c138	2026-09-04 10:31:22,839 [DEBUG] BaseMappedStatement insert data with statement 'INSERT INTO `foo` (`val` ,`equal` ,`string` ) VALUES (?,?,?)' and 3 args, changed 1 rows
c138	2026-09-04 10:31:22,840 [TRACE] BaseMappedStatement insert arguments: [0, 0, null]
c138	2026-09-04 10:31:22,840 [DEBUG] BaseMappedStatement assigned id '1' from keyholder to 'id' in Foo object
c138	FT	1	com.j256.ormlite.dao.BaseDaoImplTest#testUpdatePreparedThrow	PASS				606
c138	FT	2	com.j256.ormlite.dao.RuntimeExceptionDaoTest#testAssignEmptyForeignCollectionThrow	PASS				39
c139	2026-09-04 10:31:23,307 [INFO] TableUtils dropping table 'foo'
c139	2026-09-04 10:31:23,678 [INFO] TableUtils ignoring drop error 'org.h2.jdbc.JdbcSQLSyntaxErrorException: Table "FOO" not found; SQL statement:
c139	DROP TABLE `foo`  [42102-200]' for statement: DROP TABLE `foo` 
c139	2026-09-04 10:31:23,680 [INFO] TableUtils creating table 'foo'
c139	2026-09-04 10:31:23,720 [INFO] TableUtils executed create table statement changed 0 rows: CREATE TABLE `foo` (`id` INTEGER AUTO_INCREMENT , `val` INTEGER , `equal` INTEGER , `string` VARCHAR(255) , PRIMARY KEY (`id`) ) 
c139	2026-09-04 10:31:23,752 [DEBUG] BaseMappedStatement insert data with statement 'INSERT INTO `foo` (`val` ,`equal` ,`string` ) VALUES (?,?,?)' and 3 args, changed 1 rows
c139	2026-09-04 10:31:23,753 [TRACE] BaseMappedStatement insert arguments: [0, 0, null]
c139	2026-09-04 10:31:23,753 [DEBUG] BaseMappedStatement assigned id '1' from keyholder to 'id' in Foo object
c139	2026-09-04 10:31:23,754 [DEBUG] BaseMappedStatement insert data with statement 'INSERT INTO `foo` (`val` ,`equal` ,`string` ) VALUES (?,?,?)' and 3 args, changed 1 rows
c139	2026-09-04 10:31:23,754 [TRACE] BaseMappedStatement insert arguments: [0, 0, null]
c139	2026-09-04 10:31:23,754 [DEBUG] BaseMappedStatement assigned id '2' from keyholder to 'id' in Foo object
c139	2026-09-04 10:31:23,763 [DEBUG] BaseMappedStatement prepared statement 'SELECT * FROM `foo`' with 0 args
c139	2026-09-04 10:31:23,766 [DEBUG] StatementExecutor query of 'SELECT * FROM `foo`' with 0 args returned 2 results
c139	2026-09-04 10:31:23,766 [DEBUG] StatementExecutor running raw update statement: DELETE FROM FOO WHERE id = ?
c139	2026-09-04 10:31:23,766 [TRACE] StatementExecutor update arguments: [1]
c139	2026-09-04 10:31:23,770 [DEBUG] BaseMappedStatement prepared statement 'SELECT * FROM `foo`' with 0 args
c139	2026-09-04 10:31:23,770 [DEBUG] StatementExecutor query of 'SELECT * FROM `foo`' with 0 args returned 1 results
c139	FT	1	com.j256.ormlite.dao.BaseDaoImplTest#testUpdateRaw	PASS				795
c139	FT	2	com.j256.ormlite.dao.RuntimeExceptionDaoTest#testAssignEmptyForeignCollectionThrow	PASS				51
c140	2026-09-04 10:31:24,459 [INFO] TableUtils dropping table 'foo'
c140	2026-09-04 10:31:24,858 [INFO] TableUtils ignoring drop error 'org.h2.jdbc.JdbcSQLSyntaxErrorException: Table "FOO" not found; SQL statement:
c140	DROP TABLE `foo`  [42102-200]' for statement: DROP TABLE `foo` 
c140	2026-09-04 10:31:24,859 [INFO] TableUtils creating table 'foo'
c140	2026-09-04 10:31:24,904 [INFO] TableUtils executed create table statement changed 0 rows: CREATE TABLE `foo` (`id` INTEGER AUTO_INCREMENT , `val` INTEGER , `equal` INTEGER , `string` VARCHAR(255) , PRIMARY KEY (`id`) ) 
c140	2026-09-04 10:31:24,943 [DEBUG] BaseMappedStatement insert data with statement 'INSERT INTO `foo` (`val` ,`equal` ,`string` ) VALUES (?,?,?)' and 3 args, changed 1 rows
c140	2026-09-04 10:31:24,944 [TRACE] BaseMappedStatement insert arguments: [0, 0, null]
c140	2026-09-04 10:31:24,944 [DEBUG] BaseMappedStatement assigned id '1' from keyholder to 'id' in Foo object
c140	2026-09-04 10:31:24,946 [DEBUG] StatementExecutor running raw update statement: DELETE FROM FOO
c140	FT	1	com.j256.ormlite.dao.BaseDaoImplTest#testUpdateRawThrow	PASS				961
c140	FT	2	com.j256.ormlite.dao.RuntimeExceptionDaoTest#testAssignEmptyForeignCollectionThrow	PASS				46
c141	2026-09-04 10:31:25,552 [INFO] TableUtils dropping table 'foo'
c141	2026-09-04 10:31:25,855 [INFO] TableUtils ignoring drop error 'org.h2.jdbc.JdbcSQLSyntaxErrorException: Table "FOO" not found; SQL statement:
c141	DROP TABLE `foo`  [42102-200]' for statement: DROP TABLE `foo` 
c141	2026-09-04 10:31:25,856 [INFO] TableUtils creating table 'foo'
c141	2026-09-04 10:31:25,880 [INFO] TableUtils executed create table statement changed 0 rows: CREATE TABLE `foo` (`id` INTEGER AUTO_INCREMENT , `val` INTEGER , `equal` INTEGER , `string` VARCHAR(255) , PRIMARY KEY (`id`) ) 
c141	2026-09-04 10:31:25,907 [DEBUG] BaseMappedStatement insert data with statement 'INSERT INTO `foo` (`val` ,`equal` ,`string` ) VALUES (?,?,?)' and 3 args, changed 1 rows
c141	2026-09-04 10:31:25,907 [TRACE] BaseMappedStatement insert arguments: [0, 0, null]
c141	2026-09-04 10:31:25,907 [DEBUG] BaseMappedStatement assigned id '1' from keyholder to 'id' in Foo object
c141	FT	1	com.j256.ormlite.dao.BaseDaoImplTest#testUpdateThrow	PASS				744
c141	FT	2	com.j256.ormlite.dao.RuntimeExceptionDaoTest#testAssignEmptyForeignCollectionThrow	PASS				42
c142	2026-09-04 10:31:26,454 [INFO] TableUtils dropping table 'twodates'
c142	2026-09-04 10:31:26,724 [INFO] TableUtils ignoring drop error 'org.h2.jdbc.JdbcSQLSyntaxErrorException: Table "TWODATES" not found; SQL statement:
c142	DROP TABLE `twodates`  [42102-200]' for statement: DROP TABLE `twodates` 
c142	2026-09-04 10:31:26,725 [INFO] TableUtils creating table 'twodates'
c142	2026-09-04 10:31:26,758 [INFO] TableUtils executed create table statement changed 0 rows: CREATE TABLE `twodates` (`id` INTEGER AUTO_INCREMENT , `date1` TIMESTAMP , `date2` TIMESTAMP , PRIMARY KEY (`id`) ) 
c142	2026-09-04 10:31:26,792 [DEBUG] BaseMappedStatement insert data with statement 'INSERT INTO `twodates` (`date1` ,`date2` ) VALUES (?,?)' and 2 args, changed 1 rows
c142	2026-09-04 10:31:26,792 [TRACE] BaseMappedStatement insert arguments: [2026-09-04 10:31:26.758, 2026-09-04 10:31:27.758]
c142	2026-09-04 10:31:26,793 [DEBUG] BaseMappedStatement assigned id '1' from keyholder to 'id' in TwoDates object
c142	2026-09-04 10:31:26,798 [DEBUG] BaseMappedStatement prepared statement 'UPDATE `twodates` SET `date1` = ? ,`date2` = ?' with 2 args
c142	2026-09-04 10:31:26,798 [TRACE] BaseMappedStatement prepared statement arguments: [2026-09-04 10:31:27.758, 2026-09-04 10:31:26.758]
c142	FT	1	com.j256.ormlite.dao.BaseDaoImplTest#testUpdateTwoDates	PASS				743
c142	FT	2	com.j256.ormlite.dao.RuntimeExceptionDaoTest#testAssignEmptyForeignCollectionThrow	PASS				44
c143	2026-09-04 10:31:27,389 [INFO] TableUtils dropping table 'foo'
c143	2026-09-04 10:31:27,687 [INFO] TableUtils ignoring drop error 'org.h2.jdbc.JdbcSQLSyntaxErrorException: Table "FOO" not found; SQL statement:
c143	DROP TABLE `foo`  [42102-200]' for statement: DROP TABLE `foo` 
c143	2026-09-04 10:31:27,687 [INFO] TableUtils creating table 'foo'
c143	2026-09-04 10:31:27,718 [INFO] TableUtils executed create table statement changed 0 rows: CREATE TABLE `foo` (`id` INTEGER AUTO_INCREMENT , `val` INTEGER , `equal` INTEGER , `string` VARCHAR(255) , PRIMARY KEY (`id`) ) 
c143	2026-09-04 10:31:27,725 [DEBUG] BaseMappedStatement prepared statement 'UPDATE `foo` SET `string` = ? ,`equal` = ?' with 2 args
c143	2026-09-04 10:31:27,725 [TRACE] BaseMappedStatement prepared statement arguments: [null, null]
c143	FT	1	com.j256.ormlite.dao.BaseDaoImplTest#testUpdateTwoNulls	PASS				783
c143	FT	2	com.j256.ormlite.dao.RuntimeExceptionDaoTest#testAssignEmptyForeignCollectionThrow	PASS				43
c144	2026-09-04 10:31:28,275 [INFO] TableUtils dropping table 'foo'
c144	2026-09-04 10:31:28,612 [INFO] TableUtils ignoring drop error 'org.h2.jdbc.JdbcSQLSyntaxErrorException: Table "FOO" not found; SQL statement:
c144	DROP TABLE `foo`  [42102-200]' for statement: DROP TABLE `foo` 
c144	2026-09-04 10:31:28,613 [INFO] TableUtils creating table 'foo'
c144	2026-09-04 10:31:28,660 [INFO] TableUtils executed create table statement changed 0 rows: CREATE TABLE `foo` (`id` INTEGER AUTO_INCREMENT , `val` INTEGER , `equal` INTEGER , `string` VARCHAR(255) , PRIMARY KEY (`id`) ) 
c144	2026-09-04 10:31:28,672 [DEBUG] BaseMappedStatement prepared statement 'UPDATE `foo` SET `string` = ?' with 1 args
c144	2026-09-04 10:31:28,672 [TRACE] BaseMappedStatement prepared statement arguments: [null]
c144	2026-09-04 10:31:28,673 [DEBUG] BaseMappedStatement prepared statement 'UPDATE `foo` SET `equal` = ?' with 1 args
c144	2026-09-04 10:31:28,674 [TRACE] BaseMappedStatement prepared statement arguments: [null]
c144	FT	1	com.j256.ormlite.dao.BaseDaoImplTest#testUpdateTwoNullsInSeperateStatements	PASS				797
c144	FT	2	com.j256.ormlite.dao.RuntimeExceptionDaoTest#testAssignEmptyForeignCollectionThrow	PASS				52
c145	2026-09-04 10:31:29,284 [INFO] TableUtils dropping table 'foo'
c145	2026-09-04 10:31:29,618 [INFO] TableUtils ignoring drop error 'org.h2.jdbc.JdbcSQLSyntaxErrorException: Table "FOO" not found; SQL statement:
c145	DROP TABLE `foo`  [42102-200]' for statement: DROP TABLE `foo` 
c145	2026-09-04 10:31:29,619 [INFO] TableUtils creating table 'foo'
c145	2026-09-04 10:31:29,651 [INFO] TableUtils executed create table statement changed 0 rows: CREATE TABLE `foo` (`id` INTEGER AUTO_INCREMENT , `val` INTEGER , `equal` INTEGER , `string` VARCHAR(255) , PRIMARY KEY (`id`) ) 
c145	2026-09-04 10:31:29,681 [DEBUG] StatementExecutor query of 'SELECT COUNT(*) FROM `foo`' returned 0
c145	2026-09-04 10:31:29,688 [DEBUG] BaseMappedStatement insert data with statement 'INSERT INTO `foo` (`val` ,`equal` ,`string` ) VALUES (?,?,?)' and 3 args, changed 1 rows
c145	2026-09-04 10:31:29,688 [TRACE] BaseMappedStatement insert arguments: [1231231, 0, null]
c145	2026-09-04 10:31:29,688 [DEBUG] BaseMappedStatement assigned id '1' from keyholder to 'id' in Foo object
c145	2026-09-04 10:31:29,689 [DEBUG] BaseMappedStatement insert data with statement 'INSERT INTO `foo` (`val` ,`equal` ,`string` ) VALUES (?,?,?)' and 3 args, changed 1 rows
c145	2026-09-04 10:31:29,689 [TRACE] BaseMappedStatement insert arguments: [1231231, 0, null]
c145	2026-09-04 10:31:29,689 [DEBUG] BaseMappedStatement assigned id '2' from keyholder to 'id' in Foo object
c145	2026-09-04 10:31:29,706 [DEBUG] BaseMappedStatement prepared statement 'SELECT * FROM `foo` WHERE (`val` = 1231231 AND `id` = 2)' with 0 args
c145	2026-09-04 10:31:29,711 [DEBUG] StatementExecutor query of 'SELECT * FROM `foo` WHERE (`val` = 1231231 AND `id` = 2)' with 0 args returned 1 results
c145	2026-09-04 10:31:29,715 [DEBUG] BaseMappedStatement prepared statement 'SELECT * FROM `foo` WHERE (`id` = 2 AND `id` = 0 AND `val` = 1231231 AND `val` = 1231232)' with 0 args
c145	2026-09-04 10:31:29,716 [DEBUG] StatementExecutor query of 'SELECT * FROM `foo` WHERE (`id` = 2 AND `id` = 0 AND `val` = 1231231 AND `val` = 1231232)' with 0 args returned 0 results
c145	FT	1	com.j256.ormlite.dao.BaseDaoImplTest#testUseOfAndInt	PASS				856
c145	FT	2	com.j256.ormlite.dao.RuntimeExceptionDaoTest#testAssignEmptyForeignCollectionThrow	PASS				84
c146	2026-09-04 10:31:30,394 [INFO] TableUtils dropping table 'foo'
c146	2026-09-04 10:31:30,685 [INFO] TableUtils ignoring drop error 'org.h2.jdbc.JdbcSQLSyntaxErrorException: Table "FOO" not found; SQL statement:
c146	DROP TABLE `foo`  [42102-200]' for statement: DROP TABLE `foo` 
c146	2026-09-04 10:31:30,686 [INFO] TableUtils creating table 'foo'
c146	2026-09-04 10:31:30,722 [INFO] TableUtils executed create table statement changed 0 rows: CREATE TABLE `foo` (`id` INTEGER AUTO_INCREMENT , `val` INTEGER , `equal` INTEGER , `string` VARCHAR(255) , PRIMARY KEY (`id`) ) 
c146	2026-09-04 10:31:30,784 [DEBUG] StatementExecutor query of 'SELECT COUNT(*) FROM `foo`' returned 0
c146	2026-09-04 10:31:30,798 [DEBUG] BaseMappedStatement insert data with statement 'INSERT INTO `foo` (`val` ,`equal` ,`string` ) VALUES (?,?,?)' and 3 args, changed 1 rows
c146	2026-09-04 10:31:30,799 [TRACE] BaseMappedStatement insert arguments: [1231231, 0, null]
c146	2026-09-04 10:31:30,799 [DEBUG] BaseMappedStatement assigned id '1' from keyholder to 'id' in Foo object
c146	2026-09-04 10:31:30,802 [DEBUG] BaseMappedStatement insert data with statement 'INSERT INTO `foo` (`val` ,`equal` ,`string` ) VALUES (?,?,?)' and 3 args, changed 1 rows
c146	2026-09-04 10:31:30,802 [TRACE] BaseMappedStatement insert arguments: [1231232, 0, null]
c146	2026-09-04 10:31:30,802 [DEBUG] BaseMappedStatement assigned id '2' from keyholder to 'id' in Foo object
c146	2026-09-04 10:31:30,820 [DEBUG] BaseMappedStatement prepared statement 'SELECT * FROM `foo` WHERE (`val` = 1231231 AND `id` = 1)' with 0 args
c146	2026-09-04 10:31:30,824 [DEBUG] StatementExecutor query of 'SELECT * FROM `foo` WHERE (`val` = 1231231 AND `id` = 1)' with 0 args returned 1 results
c146	2026-09-04 10:31:30,825 [DEBUG] BaseMappedStatement prepared statement 'SELECT * FROM `foo` WHERE (`id` = 1 AND `id` = 2 AND `val` = 1231231 AND `val` = 1231232)' with 0 args
c146	2026-09-04 10:31:30,825 [DEBUG] StatementExecutor query of 'SELECT * FROM `foo` WHERE (`id` = 1 AND `id` = 2 AND `val` = 1231231 AND `val` = 1231232)' with 0 args returned 0 results
c146	FT	1	com.j256.ormlite.dao.BaseDaoImplTest#testUseOfAndMany	PASS				872
c146	FT	2	com.j256.ormlite.dao.RuntimeExceptionDaoTest#testAssignEmptyForeignCollectionThrow	PASS				63
c147	2026-09-04 10:31:31,540 [INFO] TableUtils dropping table 'foo'
c147	2026-09-04 10:31:31,850 [INFO] TableUtils ignoring drop error 'org.h2.jdbc.JdbcSQLSyntaxErrorException: Table "FOO" not found; SQL statement:
c147	DROP TABLE `foo`  [42102-200]' for statement: DROP TABLE `foo` 
c147	2026-09-04 10:31:31,851 [INFO] TableUtils creating table 'foo'
c147	2026-09-04 10:31:31,886 [INFO] TableUtils executed create table statement changed 0 rows: CREATE TABLE `foo` (`id` INTEGER AUTO_INCREMENT , `val` INTEGER , `equal` INTEGER , `string` VARCHAR(255) , PRIMARY KEY (`id`) ) 
c147	2026-09-04 10:31:31,917 [DEBUG] StatementExecutor query of 'SELECT COUNT(*) FROM `foo`' returned 0
c147	2026-09-04 10:31:31,926 [DEBUG] BaseMappedStatement insert data with statement 'INSERT INTO `foo` (`val` ,`equal` ,`string` ) VALUES (?,?,?)' and 3 args, changed 1 rows
c147	2026-09-04 10:31:31,926 [TRACE] BaseMappedStatement insert arguments: [1231231, 0, null]
c147	2026-09-04 10:31:31,927 [DEBUG] BaseMappedStatement assigned id '1' from keyholder to 'id' in Foo object
c147	2026-09-04 10:31:31,928 [DEBUG] BaseMappedStatement insert data with statement 'INSERT INTO `foo` (`val` ,`equal` ,`string` ) VALUES (?,?,?)' and 3 args, changed 1 rows
c147	2026-09-04 10:31:31,928 [TRACE] BaseMappedStatement insert arguments: [1231232, 0, null]
c147	2026-09-04 10:31:31,928 [DEBUG] BaseMappedStatement assigned id '2' from keyholder to 'id' in Foo object
c147	2026-09-04 10:31:31,938 [DEBUG] BaseMappedStatement prepared statement 'SELECT * FROM `foo` WHERE (`id` = 1 OR `id` = 2 OR `val` = 1231231 OR `val` = 1231232)' with 0 args
c147	2026-09-04 10:31:31,941 [DEBUG] StatementExecutor query of 'SELECT * FROM `foo` WHERE (`id` = 1 OR `id` = 2 OR `val` = 1231231 OR `val` = 1231232)' with 0 args returned 2 results
c147	FT	1	com.j256.ormlite.dao.BaseDaoImplTest#testUseOfOrInt	PASS				918
c147	FT	2	com.j256.ormlite.dao.RuntimeExceptionDaoTest#testAssignEmptyForeignCollectionThrow	PASS				46
c148	2026-09-04 10:31:32,587 [INFO] TableUtils dropping table 'foo'
c148	2026-09-04 10:31:32,893 [INFO] TableUtils ignoring drop error 'org.h2.jdbc.JdbcSQLSyntaxErrorException: Table "FOO" not found; SQL statement:
c148	DROP TABLE `foo`  [42102-200]' for statement: DROP TABLE `foo` 
c148	2026-09-04 10:31:32,895 [INFO] TableUtils creating table 'foo'
c148	2026-09-04 10:31:32,931 [INFO] TableUtils executed create table statement changed 0 rows: CREATE TABLE `foo` (`id` INTEGER AUTO_INCREMENT , `val` INTEGER , `equal` INTEGER , `string` VARCHAR(255) , PRIMARY KEY (`id`) ) 
c148	2026-09-04 10:31:32,976 [DEBUG] StatementExecutor query of 'SELECT COUNT(*) FROM `foo`' returned 0
c148	2026-09-04 10:31:32,987 [DEBUG] BaseMappedStatement insert data with statement 'INSERT INTO `foo` (`val` ,`equal` ,`string` ) VALUES (?,?,?)' and 3 args, changed 1 rows
c148	2026-09-04 10:31:32,987 [TRACE] BaseMappedStatement insert arguments: [1231231, 0, null]
c148	2026-09-04 10:31:32,987 [DEBUG] BaseMappedStatement assigned id '1' from keyholder to 'id' in Foo object
c148	2026-09-04 10:31:32,989 [DEBUG] BaseMappedStatement insert data with statement 'INSERT INTO `foo` (`val` ,`equal` ,`string` ) VALUES (?,?,?)' and 3 args, changed 1 rows
c148	2026-09-04 10:31:32,989 [TRACE] BaseMappedStatement insert arguments: [1231232, 0, null]
c148	2026-09-04 10:31:32,989 [DEBUG] BaseMappedStatement assigned id '2' from keyholder to 'id' in Foo object
c148	2026-09-04 10:31:33,008 [DEBUG] BaseMappedStatement prepared statement 'SELECT * FROM `foo` WHERE (`id` = 1 OR `id` = 2 OR `val` = 1231231 OR `val` = 1231232)' with 0 args
c148	2026-09-04 10:31:33,011 [DEBUG] StatementExecutor query of 'SELECT * FROM `foo` WHERE (`id` = 1 OR `id` = 2 OR `val` = 1231231 OR `val` = 1231232)' with 0 args returned 2 results
c148	FT	1	com.j256.ormlite.dao.BaseDaoImplTest#testUseOfOrMany	PASS				883
c148	FT	2	com.j256.ormlite.dao.RuntimeExceptionDaoTest#testAssignEmptyForeignCollectionThrow	PASS				54
c149	2026-09-04 10:31:33,556 [INFO] TableUtils dropping table 'uuidid'
c149	2026-09-04 10:31:33,850 [INFO] TableUtils ignoring drop error 'org.h2.jdbc.JdbcSQLSyntaxErrorException: Table "UUIDID" not found; SQL statement:
c149	DROP TABLE `uuidid`  [42102-200]' for statement: DROP TABLE `uuidid` 
c149	2026-09-04 10:31:33,852 [INFO] TableUtils creating table 'uuidid'
c149	2026-09-04 10:31:33,864 [INFO] TableUtils executed create table statement changed 0 rows: CREATE TABLE `uuidid` (`id` VARCHAR(48) , `stuff` VARCHAR(255) , PRIMARY KEY (`id`) ) 
c149	2026-09-04 10:31:33,904 [DEBUG] BaseMappedStatement insert data with statement 'INSERT INTO `uuidid` (`id` ,`stuff` ) VALUES (?,?)' and 2 args, changed 1 rows
c149	2026-09-04 10:31:33,904 [TRACE] BaseMappedStatement insert arguments: [b357841e-d619-4e13-9a4c-e2eb5bca6664, fopewfjefjwgw]
c149	2026-09-04 10:31:33,966 [DEBUG] BaseMappedStatement query-for-id using 'SELECT * FROM `uuidid` WHERE `id` = ?' and 1 args, got 1 result
c149	2026-09-04 10:31:33,967 [TRACE] BaseMappedStatement query-for-id arguments: [b357841e-d619-4e13-9a4c-e2eb5bca6664]
c149	FT	1	com.j256.ormlite.dao.BaseDaoImplTest#testUuidIdInsert	PASS				774
c149	FT	2	com.j256.ormlite.dao.RuntimeExceptionDaoTest#testAssignEmptyForeignCollectionThrow	PASS				77
c150	2026-09-04 10:31:34,523 [INFO] TableUtils dropping table 'uuidgeneratedid'
c150	2026-09-04 10:31:34,816 [INFO] TableUtils ignoring drop error 'org.h2.jdbc.JdbcSQLSyntaxErrorException: Table "UUIDGENERATEDID" not found; SQL statement:
c150	DROP TABLE `uuidgeneratedid`  [42102-200]' for statement: DROP TABLE `uuidgeneratedid` 
c150	2026-09-04 10:31:34,816 [INFO] TableUtils creating table 'uuidgeneratedid'
c150	2026-09-04 10:31:34,825 [INFO] TableUtils executed create table statement changed 0 rows: CREATE TABLE `uuidgeneratedid` (`id` VARCHAR(48) , `stuff` VARCHAR(255) , PRIMARY KEY (`id`) ) 
c150	2026-09-04 10:31:34,845 [DEBUG] BaseMappedStatement insert data with statement 'INSERT INTO `uuidgeneratedid` (`id` ,`stuff` ) VALUES (?,?)' and 2 args, changed 1 rows
c150	2026-09-04 10:31:34,846 [TRACE] BaseMappedStatement insert arguments: [2c60ceb0-80fa-4bc0-ba7f-1900aa4fd86f, fopewfjefjwgw]
c150	2026-09-04 10:31:34,873 [DEBUG] BaseMappedStatement query-for-id using 'SELECT * FROM `uuidgeneratedid` WHERE `id` = ?' and 1 args, got 1 result
c150	2026-09-04 10:31:34,874 [TRACE] BaseMappedStatement query-for-id arguments: [2c60ceb0-80fa-4bc0-ba7f-1900aa4fd86f]
c150	FT	1	com.j256.ormlite.dao.BaseDaoImplTest#testUuidInsertQuery	PASS				684
c150	FT	2	com.j256.ormlite.dao.RuntimeExceptionDaoTest#testAssignEmptyForeignCollectionThrow	PASS				52
c151	2026-09-04 10:31:35,315 [INFO] TableUtils dropping table 'foo'
c151	2026-09-04 10:31:35,594 [INFO] TableUtils ignoring drop error 'org.h2.jdbc.JdbcSQLSyntaxErrorException: Table "FOO" not found; SQL statement:
c151	DROP TABLE `foo`  [42102-200]' for statement: DROP TABLE `foo` 
c151	2026-09-04 10:31:35,595 [INFO] TableUtils creating table 'foo'
c151	2026-09-04 10:31:35,622 [INFO] TableUtils executed create table statement changed 0 rows: CREATE TABLE `foo` (`id` INTEGER AUTO_INCREMENT , `val` INTEGER , `equal` INTEGER , `string` VARCHAR(255) , PRIMARY KEY (`id`) ) 
c151	2026-09-04 10:31:35,644 [DEBUG] BaseMappedStatement insert data with statement 'INSERT INTO `foo` (`val` ,`equal` ,`string` ) VALUES (?,?,?)' and 3 args, changed 1 rows
c151	2026-09-04 10:31:35,645 [TRACE] BaseMappedStatement insert arguments: [0, 0, null]
c151	2026-09-04 10:31:35,645 [DEBUG] BaseMappedStatement assigned id '1' from keyholder to 'id' in Foo object
c151	2026-09-04 10:31:35,654 [DEBUG] BaseMappedStatement prepared statement 'SELECT * FROM `foo`' with 0 args
c151	FT	1	com.j256.ormlite.dao.CloseableIterableTest#testWrappedIterableFor	PASS				642
c151	FT	2	com.j256.ormlite.dao.RuntimeExceptionDaoTest#testAssignEmptyForeignCollectionThrow	PASS				48
c152	2026-09-04 10:31:36,100 [INFO] TableUtils dropping table 'foo'
c152	2026-09-04 10:31:36,330 [INFO] TableUtils ignoring drop error 'org.h2.jdbc.JdbcSQLSyntaxErrorException: Table "FOO" not found; SQL statement:
c152	DROP TABLE `foo`  [42102-200]' for statement: DROP TABLE `foo` 
c152	2026-09-04 10:31:36,330 [INFO] TableUtils creating table 'foo'
c152	2026-09-04 10:31:36,357 [INFO] TableUtils executed create table statement changed 0 rows: CREATE TABLE `foo` (`id` INTEGER AUTO_INCREMENT , `val` INTEGER , `equal` INTEGER , `string` VARCHAR(255) , PRIMARY KEY (`id`) ) 
c152	2026-09-04 10:31:36,377 [DEBUG] BaseMappedStatement insert data with statement 'INSERT INTO `foo` (`val` ,`equal` ,`string` ) VALUES (?,?,?)' and 3 args, changed 1 rows
c152	2026-09-04 10:31:36,377 [TRACE] BaseMappedStatement insert arguments: [0, 0, null]
c152	2026-09-04 10:31:36,378 [DEBUG] BaseMappedStatement assigned id '1' from keyholder to 'id' in Foo object
c152	2026-09-04 10:31:36,378 [INFO] TableUtils dropping table 'foo'
c152	2026-09-04 10:31:36,382 [INFO] TableUtils executed drop table statement changed 0 rows: DROP TABLE `foo` 
c152	FT	1	com.j256.ormlite.dao.CloseableIterableTest#testWrappedIterableForThrow	PASS				584
c152	FT	2	com.j256.ormlite.dao.RuntimeExceptionDaoTest#testAssignEmptyForeignCollectionThrow	PASS				57
c153	2026-09-04 10:31:36,830 [INFO] TableUtils dropping table 'foo'
c153	2026-09-04 10:31:37,067 [INFO] TableUtils ignoring drop error 'org.h2.jdbc.JdbcSQLSyntaxErrorException: Table "FOO" not found; SQL statement:
c153	DROP TABLE `foo`  [42102-200]' for statement: DROP TABLE `foo` 
c153	2026-09-04 10:31:37,068 [INFO] TableUtils creating table 'foo'
c153	2026-09-04 10:31:37,095 [INFO] TableUtils executed create table statement changed 0 rows: CREATE TABLE `foo` (`id` INTEGER AUTO_INCREMENT , `val` INTEGER , `equal` INTEGER , `string` VARCHAR(255) , PRIMARY KEY (`id`) ) 
c153	2026-09-04 10:31:37,119 [DEBUG] BaseMappedStatement insert data with statement 'INSERT INTO `foo` (`val` ,`equal` ,`string` ) VALUES (?,?,?)' and 3 args, changed 1 rows
c153	2026-09-04 10:31:37,120 [TRACE] BaseMappedStatement insert arguments: [0, 0, null]
c153	2026-09-04 10:31:37,120 [DEBUG] BaseMappedStatement assigned id '1' from keyholder to 'id' in Foo object
c153	2026-09-04 10:31:37,121 [DEBUG] BaseMappedStatement insert data with statement 'INSERT INTO `foo` (`val` ,`equal` ,`string` ) VALUES (?,?,?)' and 3 args, changed 1 rows
c153	2026-09-04 10:31:37,122 [TRACE] BaseMappedStatement insert arguments: [0, 0, null]
c153	2026-09-04 10:31:37,122 [DEBUG] BaseMappedStatement assigned id '2' from keyholder to 'id' in Foo object
c153	2026-09-04 10:31:37,134 [DEBUG] BaseMappedStatement prepared statement 'SELECT * FROM `foo` WHERE `id` = 1' with 0 args
c153	FT	1	com.j256.ormlite.dao.CloseableIterableTest#testWrappedIterablePreparedQueryFor	PASS				595
c153	FT	2	com.j256.ormlite.dao.RuntimeExceptionDaoTest#testAssignEmptyForeignCollectionThrow	PASS				59
c154	2026-09-04 10:31:37,581 [INFO] TableUtils dropping table 'foo'
c154	2026-09-04 10:31:37,800 [INFO] TableUtils ignoring drop error 'org.h2.jdbc.JdbcSQLSyntaxErrorException: Table "FOO" not found; SQL statement:
c154	DROP TABLE `foo`  [42102-200]' for statement: DROP TABLE `foo` 
c154	2026-09-04 10:31:37,801 [INFO] TableUtils creating table 'foo'
c154	2026-09-04 10:31:37,825 [INFO] TableUtils executed create table statement changed 0 rows: CREATE TABLE `foo` (`id` INTEGER AUTO_INCREMENT , `val` INTEGER , `equal` INTEGER , `string` VARCHAR(255) , PRIMARY KEY (`id`) ) 
c154	2026-09-04 10:31:37,842 [DEBUG] BaseMappedStatement insert data with statement 'INSERT INTO `foo` (`val` ,`equal` ,`string` ) VALUES (?,?,?)' and 3 args, changed 1 rows
c154	2026-09-04 10:31:37,842 [TRACE] BaseMappedStatement insert arguments: [0, 1231231232, null]
c154	2026-09-04 10:31:37,842 [DEBUG] BaseMappedStatement assigned id '1' from keyholder to 'id' in Foo object
c154	2026-09-04 10:31:37,843 [DEBUG] BaseMappedStatement insert data with statement 'INSERT INTO `foo` (`val` ,`equal` ,`string` ) VALUES (?,?,?)' and 3 args, changed 1 rows
c154	2026-09-04 10:31:37,843 [TRACE] BaseMappedStatement insert arguments: [0, 1231232, null]
c154	2026-09-04 10:31:37,843 [DEBUG] BaseMappedStatement assigned id '2' from keyholder to 'id' in Foo object
c154	2026-09-04 10:31:37,849 [DEBUG] BaseMappedStatement prepared statement 'SELECT * FROM `foo`' with 0 args
c154	FT	1	com.j256.ormlite.dao.CloseableIteratorTest#testIterator	PASS				544
c154	FT	2	com.j256.ormlite.dao.RuntimeExceptionDaoTest#testAssignEmptyForeignCollectionThrow	PASS				39
c155	2026-09-04 10:31:38,315 [INFO] TableUtils dropping table 'foo'
c155	2026-09-04 10:31:38,532 [INFO] TableUtils ignoring drop error 'org.h2.jdbc.JdbcSQLSyntaxErrorException: Table "FOO" not found; SQL statement:
c155	DROP TABLE `foo`  [42102-200]' for statement: DROP TABLE `foo` 
c155	2026-09-04 10:31:38,533 [INFO] TableUtils creating table 'foo'
c155	2026-09-04 10:31:38,556 [INFO] TableUtils executed create table statement changed 0 rows: CREATE TABLE `foo` (`id` INTEGER AUTO_INCREMENT , `val` INTEGER , `equal` INTEGER , `string` VARCHAR(255) , PRIMARY KEY (`id`) ) 
c155	2026-09-04 10:31:38,575 [DEBUG] BaseMappedStatement insert data with statement 'INSERT INTO `foo` (`val` ,`equal` ,`string` ) VALUES (?,?,?)' and 3 args, changed 1 rows
c155	2026-09-04 10:31:38,575 [TRACE] BaseMappedStatement insert arguments: [0, 0, null]
c155	2026-09-04 10:31:38,575 [DEBUG] BaseMappedStatement assigned id '1' from keyholder to 'id' in Foo object
c155	2026-09-04 10:31:38,584 [DEBUG] BaseMappedStatement prepared statement 'SELECT * FROM `foo`' with 0 args
c155	FT	1	com.j256.ormlite.dao.CloseableIteratorTest#testIteratorLastClose	PASS				535
c155	FT	2	com.j256.ormlite.dao.RuntimeExceptionDaoTest#testAssignEmptyForeignCollectionThrow	PASS				41
c156	2026-09-04 10:31:38,441 [INFO] TableUtils dropping table 'foo'
c156	2026-09-04 10:31:37,440 [INFO] TableUtils ignoring drop error 'org.h2.jdbc.JdbcSQLSyntaxErrorException: Table "FOO" not found; SQL statement:
c156	DROP TABLE `foo`  [42102-200]' for statement: DROP TABLE `foo` 
c156	2026-09-04 10:31:37,440 [INFO] TableUtils creating table 'foo'
c156	2026-09-04 10:31:37,467 [INFO] TableUtils executed create table statement changed 0 rows: CREATE TABLE `foo` (`id` INTEGER AUTO_INCREMENT , `val` INTEGER , `equal` INTEGER , `string` VARCHAR(255) , PRIMARY KEY (`id`) ) 
c156	2026-09-04 10:31:37,490 [DEBUG] BaseMappedStatement insert data with statement 'INSERT INTO `foo` (`val` ,`equal` ,`string` ) VALUES (?,?,?)' and 3 args, changed 1 rows
c156	2026-09-04 10:31:37,490 [TRACE] BaseMappedStatement insert arguments: [1389183, 0, null]
c156	2026-09-04 10:31:37,490 [DEBUG] BaseMappedStatement assigned id '1' from keyholder to 'id' in Foo object
c156	2026-09-04 10:31:37,491 [DEBUG] BaseMappedStatement insert data with statement 'INSERT INTO `foo` (`val` ,`equal` ,`string` ) VALUES (?,?,?)' and 3 args, changed 1 rows
c156	2026-09-04 10:31:37,491 [TRACE] BaseMappedStatement insert arguments: [133214433, 0, null]
c156	2026-09-04 10:31:37,491 [DEBUG] BaseMappedStatement assigned id '2' from keyholder to 'id' in Foo object
c156	2026-09-04 10:31:37,491 [DEBUG] BaseMappedStatement insert data with statement 'INSERT INTO `foo` (`val` ,`equal` ,`string` ) VALUES (?,?,?)' and 3 args, changed 1 rows
c156	2026-09-04 10:31:37,492 [TRACE] BaseMappedStatement insert arguments: [3232, 0, null]
c156	2026-09-04 10:31:37,492 [DEBUG] BaseMappedStatement assigned id '3' from keyholder to 'id' in Foo object
c156	2026-09-04 10:31:37,500 [DEBUG] StatementExecutor query of 'SELECT COUNT(*) FROM `foo`' returned 3
c156	2026-09-04 10:31:37,504 [DEBUG] BaseMappedStatement prepared statement 'SELECT * FROM `foo`' with 0 args
c156	2026-09-04 10:31:37,506 [DEBUG] BaseMappedStatement prepared statement 'SELECT * FROM `foo`' with 0 args
c156	FT	1	com.j256.ormlite.dao.CloseableIteratorTest#testIteratorMoveAbsolute	PASS				-673
c156	FT	2	com.j256.ormlite.dao.RuntimeExceptionDaoTest#testAssignEmptyForeignCollectionThrow	PASS				67
c157	FT	1	com.j256.ormlite.dao.CloseableIteratorTest#testIteratorNoInit	PASS				285
c157	FT	2	com.j256.ormlite.dao.RuntimeExceptionDaoTest#testAssignEmptyForeignCollectionThrow	PASS				66
c158	2026-09-04 10:31:38,456 [INFO] TableUtils dropping table 'foo'
c158	2026-09-04 10:31:38,750 [INFO] TableUtils ignoring drop error 'org.h2.jdbc.JdbcSQLSyntaxErrorException: Table "FOO" not found; SQL statement:
c158	DROP TABLE `foo`  [42102-200]' for statement: DROP TABLE `foo` 
c158	2026-09-04 10:31:38,751 [INFO] TableUtils creating table 'foo'
c158	2026-09-04 10:31:38,776 [INFO] TableUtils executed create table statement changed 0 rows: CREATE TABLE `foo` (`id` INTEGER AUTO_INCREMENT , `val` INTEGER , `equal` INTEGER , `string` VARCHAR(255) , PRIMARY KEY (`id`) ) 
c158	2026-09-04 10:31:38,797 [DEBUG] BaseMappedStatement insert data with statement 'INSERT INTO `foo` (`val` ,`equal` ,`string` ) VALUES (?,?,?)' and 3 args, changed 1 rows
c158	2026-09-04 10:31:38,797 [TRACE] BaseMappedStatement insert arguments: [0, 1231231232, null]
c158	2026-09-04 10:31:38,798 [DEBUG] BaseMappedStatement assigned id '1' from keyholder to 'id' in Foo object
c158	2026-09-04 10:31:38,799 [DEBUG] BaseMappedStatement insert data with statement 'INSERT INTO `foo` (`val` ,`equal` ,`string` ) VALUES (?,?,?)' and 3 args, changed 1 rows
c158	2026-09-04 10:31:38,799 [TRACE] BaseMappedStatement insert arguments: [0, 1231232, null]
c158	2026-09-04 10:31:38,799 [DEBUG] BaseMappedStatement assigned id '2' from keyholder to 'id' in Foo object
c158	2026-09-04 10:31:38,815 [DEBUG] BaseMappedStatement prepared statement 'SELECT * FROM `foo` WHERE `id` = 1' with 0 args
c158	FT	1	com.j256.ormlite.dao.CloseableIteratorTest#testIteratorPrepared	PASS				696
c158	FT	2	com.j256.ormlite.dao.RuntimeExceptionDaoTest#testAssignEmptyForeignCollectionThrow	PASS				55
c159	FT	1	com.j256.ormlite.dao.CloseableIteratorTest#testIteratorPreparedNoInit	PASS				256
c159	FT	2	com.j256.ormlite.dao.RuntimeExceptionDaoTest#testAssignEmptyForeignCollectionThrow	PASS				58
c160	2026-09-04 10:31:39,681 [INFO] TableUtils dropping table 'foo'
c160	2026-09-04 10:31:39,881 [INFO] TableUtils ignoring drop error 'org.h2.jdbc.JdbcSQLSyntaxErrorException: Table "FOO" not found; SQL statement:
c160	DROP TABLE `foo`  [42102-200]' for statement: DROP TABLE `foo` 
c160	2026-09-04 10:31:39,883 [INFO] TableUtils creating table 'foo'
c160	2026-09-04 10:31:39,905 [INFO] TableUtils executed create table statement changed 0 rows: CREATE TABLE `foo` (`id` INTEGER AUTO_INCREMENT , `val` INTEGER , `equal` INTEGER , `string` VARCHAR(255) , PRIMARY KEY (`id`) ) 
c160	2026-09-04 10:31:39,928 [DEBUG] BaseMappedStatement insert data with statement 'INSERT INTO `foo` (`val` ,`equal` ,`string` ) VALUES (?,?,?)' and 3 args, changed 1 rows
c160	2026-09-04 10:31:39,929 [TRACE] BaseMappedStatement insert arguments: [0, 0, null]
c160	2026-09-04 10:31:39,929 [DEBUG] BaseMappedStatement assigned id '1' from keyholder to 'id' in Foo object
c160	FT	1	com.j256.ormlite.dao.CloseableIteratorTest#testIteratorPreparedThrow	PASS				557
c160	FT	2	com.j256.ormlite.dao.RuntimeExceptionDaoTest#testAssignEmptyForeignCollectionThrow	PASS				39
c161	2026-09-04 10:31:40,340 [INFO] TableUtils dropping table 'foo'
c161	2026-09-04 10:31:40,575 [INFO] TableUtils ignoring drop error 'org.h2.jdbc.JdbcSQLSyntaxErrorException: Table "FOO" not found; SQL statement:
c161	DROP TABLE `foo`  [42102-200]' for statement: DROP TABLE `foo` 
c161	2026-09-04 10:31:40,576 [INFO] TableUtils creating table 'foo'
c161	2026-09-04 10:31:40,604 [INFO] TableUtils executed create table statement changed 0 rows: CREATE TABLE `foo` (`id` INTEGER AUTO_INCREMENT , `val` INTEGER , `equal` INTEGER , `string` VARCHAR(255) , PRIMARY KEY (`id`) ) 
c161	2026-09-04 10:31:40,627 [DEBUG] BaseMappedStatement insert data with statement 'INSERT INTO `foo` (`val` ,`equal` ,`string` ) VALUES (?,?,?)' and 3 args, changed 1 rows
c161	2026-09-04 10:31:40,628 [TRACE] BaseMappedStatement insert arguments: [0, 0, null]
c161	2026-09-04 10:31:40,628 [DEBUG] BaseMappedStatement assigned id '1' from keyholder to 'id' in Foo object
c161	FT	1	com.j256.ormlite.dao.CloseableIteratorTest#testIteratorThrow	PASS				559
c161	FT	2	com.j256.ormlite.dao.RuntimeExceptionDaoTest#testAssignEmptyForeignCollectionThrow	PASS				57
c162	2026-09-04 10:31:41,081 [INFO] TableUtils dropping table 'foo'
c162	2026-09-04 10:31:41,354 [INFO] TableUtils ignoring drop error 'org.h2.jdbc.JdbcSQLSyntaxErrorException: Table "FOO" not found; SQL statement:
c162	DROP TABLE `foo`  [42102-200]' for statement: DROP TABLE `foo` 
c162	2026-09-04 10:31:41,355 [INFO] TableUtils creating table 'foo'
c162	2026-09-04 10:31:41,385 [INFO] TableUtils executed create table statement changed 0 rows: CREATE TABLE `foo` (`id` INTEGER AUTO_INCREMENT , `val` INTEGER , `equal` INTEGER , `string` VARCHAR(255) , PRIMARY KEY (`id`) ) 
c162	2026-09-04 10:31:41,407 [DEBUG] BaseMappedStatement insert data with statement 'INSERT INTO `foo` (`val` ,`equal` ,`string` ) VALUES (?,?,?)' and 3 args, changed 1 rows
c162	2026-09-04 10:31:41,407 [TRACE] BaseMappedStatement insert arguments: [342234232, 0, null]
c162	2026-09-04 10:31:41,408 [DEBUG] BaseMappedStatement assigned id '1' from keyholder to 'id' in Foo object
c162	2026-09-04 10:31:41,418 [DEBUG] BaseMappedStatement prepared statement 'SELECT * FROM `foo` WHERE `val` = 342234232' with 0 args
c162	FT	1	com.j256.ormlite.dao.CloseableIteratorTest#testQueryRawDatabaseResults	PASS				643
c162	FT	2	com.j256.ormlite.dao.RuntimeExceptionDaoTest#testAssignEmptyForeignCollectionThrow	PASS				46
c163	2026-09-04 10:31:41,855 [INFO] TableUtils dropping table 'foo'
c163	2026-09-04 10:31:42,138 [INFO] TableUtils ignoring drop error 'org.h2.jdbc.JdbcSQLSyntaxErrorException: Table "FOO" not found; SQL statement:
c163	DROP TABLE `foo`  [42102-200]' for statement: DROP TABLE `foo` 
c163	2026-09-04 10:31:42,139 [INFO] TableUtils creating table 'foo'
c163	2026-09-04 10:31:42,174 [INFO] TableUtils executed create table statement changed 0 rows: CREATE TABLE `foo` (`id` INTEGER AUTO_INCREMENT , `val` INTEGER , `equal` INTEGER , `string` VARCHAR(255) , PRIMARY KEY (`id`) ) 
c163	2026-09-04 10:31:42,178 [DEBUG] StatementExecutor executing raw query for: SELECT `id`, `equal`, `val` FROM `foo`
c163	2026-09-04 10:31:42,209 [DEBUG] BaseMappedStatement insert data with statement 'INSERT INTO `foo` (`val` ,`equal` ,`string` ) VALUES (?,?,?)' and 3 args, changed 1 rows
c163	2026-09-04 10:31:42,209 [TRACE] BaseMappedStatement insert arguments: [1313131, 0, null]
c163	2026-09-04 10:31:42,210 [DEBUG] BaseMappedStatement assigned id '1' from keyholder to 'id' in Foo object
c163	2026-09-04 10:31:42,210 [DEBUG] StatementExecutor executing raw query for: SELECT `id`, `equal`, `val` FROM `foo`
c163	FT	1	com.j256.ormlite.dao.CloseableIteratorTest#testQueryRawMappedIterator	PASS				651
c163	FT	2	com.j256.ormlite.dao.RuntimeExceptionDaoTest#testAssignEmptyForeignCollectionThrow	PASS				56
c164	2026-09-04 10:31:42,764 [INFO] TableUtils dropping table 'foo'
c164	2026-09-04 10:31:43,018 [INFO] TableUtils ignoring drop error 'org.h2.jdbc.JdbcSQLSyntaxErrorException: Table "FOO" not found; SQL statement:
c164	DROP TABLE `foo`  [42102-200]' for statement: DROP TABLE `foo` 
c164	2026-09-04 10:31:43,019 [INFO] TableUtils creating table 'foo'
c164	2026-09-04 10:31:43,047 [INFO] TableUtils executed create table statement changed 0 rows: CREATE TABLE `foo` (`id` INTEGER AUTO_INCREMENT , `val` INTEGER , `equal` INTEGER , `string` VARCHAR(255) , PRIMARY KEY (`id`) ) 
c164	2026-09-04 10:31:43,068 [DEBUG] BaseMappedStatement insert data with statement 'INSERT INTO `foo` (`val` ,`equal` ,`string` ) VALUES (?,?,?)' and 3 args, changed 1 rows
c164	2026-09-04 10:31:43,068 [TRACE] BaseMappedStatement insert arguments: [0, 0, null]
c164	2026-09-04 10:31:43,068 [DEBUG] BaseMappedStatement assigned id '1' from keyholder to 'id' in Foo object
c164	2026-09-04 10:31:43,069 [DEBUG] BaseMappedStatement insert data with statement 'INSERT INTO `foo` (`val` ,`equal` ,`string` ) VALUES (?,?,?)' and 3 args, changed 1 rows
c164	2026-09-04 10:31:43,069 [TRACE] BaseMappedStatement insert arguments: [0, 0, null]
c164	2026-09-04 10:31:43,070 [DEBUG] BaseMappedStatement assigned id '2' from keyholder to 'id' in Foo object
c164	FT	1	com.j256.ormlite.dao.CloseableIteratorTest#testWrappedIterableInvalidPreparedQueryFor	PASS				696
c164	FT	2	com.j256.ormlite.dao.RuntimeExceptionDaoTest#testAssignEmptyForeignCollectionThrow	PASS				52
c165	2026-09-04 10:31:43,535 [INFO] TableUtils dropping table 'foo'
c165	2026-09-04 10:31:43,770 [INFO] TableUtils ignoring drop error 'org.h2.jdbc.JdbcSQLSyntaxErrorException: Table "FOO" not found; SQL statement:
c165	DROP TABLE `foo`  [42102-200]' for statement: DROP TABLE `foo` 
c165	2026-09-04 10:31:43,771 [INFO] TableUtils creating table 'foo'
c165	2026-09-04 10:31:43,803 [INFO] TableUtils executed create table statement changed 0 rows: CREATE TABLE `foo` (`id` INTEGER AUTO_INCREMENT , `val` INTEGER , `equal` INTEGER , `string` VARCHAR(255) , PRIMARY KEY (`id`) ) 
c165	2026-09-04 10:31:43,826 [DEBUG] BaseMappedStatement insert data with statement 'INSERT INTO `foo` (`val` ,`equal` ,`string` ) VALUES (?,?,?)' and 3 args, changed 1 rows
c165	2026-09-04 10:31:43,827 [TRACE] BaseMappedStatement insert arguments: [0, 0, null]
c165	2026-09-04 10:31:43,827 [DEBUG] BaseMappedStatement assigned id '1' from keyholder to 'id' in Foo object
c165	2026-09-04 10:31:43,837 [DEBUG] BaseMappedStatement prepared statement 'SELECT * FROM `foo`' with 0 args
c165	FT	1	com.j256.ormlite.dao.CloseableIteratorTest#testWrappedIterator	PASS				595
c165	FT	2	com.j256.ormlite.dao.RuntimeExceptionDaoTest#testAssignEmptyForeignCollectionThrow	PASS				54
c166	2026-09-04 10:31:44,283 [INFO] TableUtils dropping table 'entitywithcustomtypeid'
c166	2026-09-04 10:31:44,526 [INFO] TableUtils ignoring drop error 'org.h2.jdbc.JdbcSQLSyntaxErrorException: Table "ENTITYWITHCUSTOMTYPEID" not found; SQL statement:
c166	DROP TABLE `entitywithcustomtypeid`  [42102-200]' for statement: DROP TABLE `entitywithcustomtypeid` 
c166	2026-09-04 10:31:44,527 [INFO] TableUtils creating table 'entitywithcustomtypeid'
c166	2026-09-04 10:31:44,537 [INFO] TableUtils executed create table statement changed 0 rows: CREATE TABLE `entitywithcustomtypeid` (`id` VARCHAR(255) , `value` VARCHAR(255) , PRIMARY KEY (`id`) ) 
c166	2026-09-04 10:31:44,541 [DEBUG] BaseMappedStatement insert data with statement 'INSERT INTO `entitywithcustomtypeid` (`id` ,`value` ) VALUES (?,?)' and 2 args, changed 1 rows
c166	2026-09-04 10:31:44,541 [TRACE] BaseMappedStatement insert arguments: [generated_id_from_factory, some value]
c166	2026-09-04 10:31:44,575 [DEBUG] BaseMappedStatement query-for-id using 'SELECT * FROM `entitywithcustomtypeid` WHERE `id` = ?' and 1 args, got 1 result
c166	2026-09-04 10:31:44,575 [TRACE] BaseMappedStatement query-for-id arguments: [generated_id_from_factory]
c166	FT	1	com.j256.ormlite.dao.CreateOrUpdateTest#shouldStoreEntityWithCustomTypeIdAndLoadFromDbOnCreate	PASS				581
c166	FT	2	com.j256.ormlite.dao.RuntimeExceptionDaoTest#testAssignEmptyForeignCollectionThrow	PASS				55
c167	2026-09-04 10:31:45,059 [INFO] TableUtils dropping table 'entitywithcustomtypeid'
c167	2026-09-04 10:31:45,291 [INFO] TableUtils ignoring drop error 'org.h2.jdbc.JdbcSQLSyntaxErrorException: Table "ENTITYWITHCUSTOMTYPEID" not found; SQL statement:
c167	DROP TABLE `entitywithcustomtypeid`  [42102-200]' for statement: DROP TABLE `entitywithcustomtypeid` 
c167	2026-09-04 10:31:45,292 [INFO] TableUtils creating table 'entitywithcustomtypeid'
c167	2026-09-04 10:31:45,300 [INFO] TableUtils executed create table statement changed 0 rows: CREATE TABLE `entitywithcustomtypeid` (`id` VARCHAR(255) , `value` VARCHAR(255) , PRIMARY KEY (`id`) ) 
c167	2026-09-04 10:31:45,348 [DEBUG] StatementExecutor query of 'SELECT COUNT(*) FROM `entitywithcustomtypeid` WHERE `id` = ?' returned 0
c167	2026-09-04 10:31:45,353 [DEBUG] BaseMappedStatement insert data with statement 'INSERT INTO `entitywithcustomtypeid` (`id` ,`value` ) VALUES (?,?)' and 2 args, changed 1 rows
c167	2026-09-04 10:31:45,354 [TRACE] BaseMappedStatement insert arguments: [generated_id_from_factory, some value]
c167	2026-09-04 10:31:45,358 [DEBUG] BaseMappedStatement query-for-id using 'SELECT * FROM `entitywithcustomtypeid` WHERE `id` = ?' and 1 args, got 1 result
c167	2026-09-04 10:31:45,358 [TRACE] BaseMappedStatement query-for-id arguments: [generated_id_from_factory]
c167	FT	1	com.j256.ormlite.dao.CreateOrUpdateTest#shouldStoreEntityWithCustomTypeIdAndLoadFromDbOnCreateOrUpdate	PASS				546
c167	FT	2	com.j256.ormlite.dao.RuntimeExceptionDaoTest#testAssignEmptyForeignCollectionThrow	PASS				52
c168	2026-09-04 10:31:45,759 [INFO] TableUtils dropping table 'entitywithstringid'
c168	2026-09-04 10:31:45,983 [INFO] TableUtils ignoring drop error 'org.h2.jdbc.JdbcSQLSyntaxErrorException: Table "ENTITYWITHSTRINGID" not found; SQL statement:
c168	DROP TABLE `entitywithstringid`  [42102-200]' for statement: DROP TABLE `entitywithstringid` 
c168	2026-09-04 10:31:45,984 [INFO] TableUtils creating table 'entitywithstringid'
c168	2026-09-04 10:31:45,994 [INFO] TableUtils executed create table statement changed 0 rows: CREATE TABLE `entitywithstringid` (`id` VARCHAR(255) , `value` VARCHAR(255) , PRIMARY KEY (`id`) ) 
c168	2026-09-04 10:31:45,998 [DEBUG] BaseMappedStatement insert data with statement 'INSERT INTO `entitywithstringid` (`id` ,`value` ) VALUES (?,?)' and 2 args, changed 1 rows
c168	2026-09-04 10:31:45,998 [TRACE] BaseMappedStatement insert arguments: [generated_id_from_factory, some value]
c168	2026-09-04 10:31:46,028 [DEBUG] BaseMappedStatement query-for-id using 'SELECT * FROM `entitywithstringid` WHERE `id` = ?' and 1 args, got 1 result
c168	2026-09-04 10:31:46,028 [TRACE] BaseMappedStatement query-for-id arguments: [generated_id_from_factory]
c168	FT	1	com.j256.ormlite.dao.CreateOrUpdateTest#shouldStoreEntityWithStringIdAndLoadFromDbOnCreate	PASS				529
c168	FT	2	com.j256.ormlite.dao.RuntimeExceptionDaoTest#testAssignEmptyForeignCollectionThrow	PASS				45
c169	2026-09-04 10:31:46,472 [INFO] TableUtils dropping table 'entitywithstringid'
c169	2026-09-04 10:31:46,733 [INFO] TableUtils ignoring drop error 'org.h2.jdbc.JdbcSQLSyntaxErrorException: Table "ENTITYWITHSTRINGID" not found; SQL statement:
c169	DROP TABLE `entitywithstringid`  [42102-200]' for statement: DROP TABLE `entitywithstringid` 
c169	2026-09-04 10:31:46,734 [INFO] TableUtils creating table 'entitywithstringid'
c169	2026-09-04 10:31:46,746 [INFO] TableUtils executed create table statement changed 0 rows: CREATE TABLE `entitywithstringid` (`id` VARCHAR(255) , `value` VARCHAR(255) , PRIMARY KEY (`id`) ) 
c169	2026-09-04 10:31:46,791 [DEBUG] StatementExecutor query of 'SELECT COUNT(*) FROM `entitywithstringid` WHERE `id` = ?' returned 0
c169	2026-09-04 10:31:46,794 [DEBUG] BaseMappedStatement insert data with statement 'INSERT INTO `entitywithstringid` (`id` ,`value` ) VALUES (?,?)' and 2 args, changed 1 rows
c169	2026-09-04 10:31:46,795 [TRACE] BaseMappedStatement insert arguments: [generated_id_from_factory, some value]
c169	2026-09-04 10:31:46,797 [DEBUG] BaseMappedStatement query-for-id using 'SELECT * FROM `entitywithstringid` WHERE `id` = ?' and 1 args, got 1 result
c169	2026-09-04 10:31:46,797 [TRACE] BaseMappedStatement query-for-id arguments: [generated_id_from_factory]
c169	FT	1	com.j256.ormlite.dao.CreateOrUpdateTest#shouldStoreEntityWithStringIdAndLoadFromDbOnCreateOrUpdate	PASS				628
c169	FT	2	com.j256.ormlite.dao.RuntimeExceptionDaoTest#testAssignEmptyForeignCollectionThrow	PASS				54
c170	2026-09-04 10:31:47,242 [INFO] TableUtils dropping table 'account'
c170	2026-09-04 10:31:47,525 [INFO] TableUtils ignoring drop error 'org.h2.jdbc.JdbcSQLSyntaxErrorException: Table "ACCOUNT" not found; SQL statement:
c170	DROP TABLE `account`  [42102-200]' for statement: DROP TABLE `account` 
c170	2026-09-04 10:31:47,526 [INFO] TableUtils creating table 'account'
c170	2026-09-04 10:31:47,539 [INFO] TableUtils executed create table statement changed 0 rows: CREATE TABLE `account` (`name` VARCHAR(255) , PRIMARY KEY (`name`) ) 
c170	2026-09-04 10:31:47,540 [INFO] TableUtils dropping table 'order'
c170	2026-09-04 10:31:47,541 [INFO] TableUtils ignoring drop error 'org.h2.jdbc.JdbcSQLSyntaxErrorException: Table "ORDER" not found; SQL statement:
c170	DROP TABLE `order`  [42102-200]' for statement: DROP TABLE `order` 
c170	2026-09-04 10:31:47,541 [INFO] TableUtils creating table 'order'
c170	2026-09-04 10:31:47,543 [INFO] TableUtils executed create table statement changed 0 rows: CREATE TABLE `order` (`name` VARCHAR(255) , `account_id` VARCHAR(255) , PRIMARY KEY (`name`) ) 
c170	2026-09-04 10:31:47,548 [DEBUG] BaseMappedStatement insert data with statement 'INSERT INTO `account` (`name` ) VALUES (?)' and 1 args, changed 1 rows
c170	2026-09-04 10:31:47,549 [TRACE] BaseMappedStatement insert arguments: [account]
c170	2026-09-04 10:31:47,583 [DEBUG] BaseMappedStatement query-for-id using 'SELECT * FROM `account` WHERE `name` = ?' and 1 args, got 1 result
c170	2026-09-04 10:31:47,583 [TRACE] BaseMappedStatement query-for-id arguments: [account]
c170	2026-09-04 10:31:47,584 [DEBUG] BaseMappedStatement insert data with statement 'INSERT INTO `order` (`name` ,`account_id` ) VALUES (?,?)' and 2 args, changed 1 rows
c170	2026-09-04 10:31:47,584 [TRACE] BaseMappedStatement insert arguments: [order1, account]
c170	2026-09-04 10:31:47,591 [DEBUG] BaseMappedStatement prepared statement 'SELECT * FROM `order` WHERE `account_id` = ?' with 1 args
c170	2026-09-04 10:31:47,592 [TRACE] BaseMappedStatement prepared statement arguments: [account]
c170	2026-09-04 10:31:47,594 [DEBUG] BaseMappedStatement query-for-id using 'SELECT * FROM `account` WHERE `name` = ?' and 1 args, got 1 result
c170	2026-09-04 10:31:47,594 [TRACE] BaseMappedStatement query-for-id arguments: [account]
c170	2026-09-04 10:31:47,595 [DEBUG] BaseMappedStatement query-for-id using 'SELECT * FROM `order` WHERE `name` = ?' and 1 args, got 1 result
c170	2026-09-04 10:31:47,595 [TRACE] BaseMappedStatement query-for-id arguments: [order1]
c170	2026-09-04 10:31:47,595 [DEBUG] BaseMappedStatement prepared statement 'SELECT * FROM `order` WHERE `account_id` = ?' with 1 args
c170	2026-09-04 10:31:47,595 [TRACE] BaseMappedStatement prepared statement arguments: [account]
c170	FT	1	com.j256.ormlite.dao.DaoCacheTest#testDaoCache	PASS				646
c170	FT	2	com.j256.ormlite.dao.RuntimeExceptionDaoTest#testAssignEmptyForeignCollectionThrow	PASS				46
c171	2026-09-04 10:31:48,001 [INFO] DaoManager Loaded configuration for class com.j256.ormlite.dao.DaoManagerTest$LoopOne
c171	2026-09-04 10:31:48,001 [INFO] DaoManager Loaded configuration for class com.j256.ormlite.dao.DaoManagerTest$LoopTwo
c171	FT	1	com.j256.ormlite.dao.DaoManagerTest#testClassLoopWithLoadedConfig	PASS				281
c171	FT	2	com.j256.ormlite.dao.RuntimeExceptionDaoTest#testAssignEmptyForeignCollectionThrow	PASS				56
c172	FT	1	com.j256.ormlite.dao.DaoManagerTest#testCouldNotConstruct	PASS				362
c172	FT	2	com.j256.ormlite.dao.RuntimeExceptionDaoTest#testAssignEmptyForeignCollectionThrow	PASS				63
c173	FT	1	com.j256.ormlite.dao.DaoManagerTest#testCreateClass	PASS				367
c173	FT	2	com.j256.ormlite.dao.RuntimeExceptionDaoTest#testAssignEmptyForeignCollectionThrow	PASS				39
c174	FT	1	com.j256.ormlite.dao.DaoManagerTest#testCreateDaoNull	PASS				271
c174	FT	2	com.j256.ormlite.dao.RuntimeExceptionDaoTest#testAssignEmptyForeignCollectionThrow	PASS				66
c175	FT	1	com.j256.ormlite.dao.DaoManagerTest#testCreateDaoTableNull	PASS				238
c175	FT	2	com.j256.ormlite.dao.RuntimeExceptionDaoTest#testAssignEmptyForeignCollectionThrow	PASS				54
c176	FT	1	com.j256.ormlite.dao.DaoManagerTest#testDaoClassBaseDaoImpl	PASS				341
c176	FT	2	com.j256.ormlite.dao.RuntimeExceptionDaoTest#testAssignEmptyForeignCollectionThrow	PASS				34
c177	FT	1	com.j256.ormlite.dao.DaoManagerTest#testDaoClassDifferentDao	PASS				347
c177	FT	2	com.j256.ormlite.dao.RuntimeExceptionDaoTest#testAssignEmptyForeignCollectionThrow	PASS				35
c178	FT	1	com.j256.ormlite.dao.DaoManagerTest#testDaoClassGenericDao	PASS				317
c178	FT	2	com.j256.ormlite.dao.RuntimeExceptionDaoTest#testAssignEmptyForeignCollectionThrow	PASS				31
c179	FT	1	com.j256.ormlite.dao.DaoManagerTest#testDaoClassGenericDaoMethod	PASS				330
c179	FT	2	com.j256.ormlite.dao.RuntimeExceptionDaoTest#testAssignEmptyForeignCollectionThrow	PASS				62
c180	FT	1	com.j256.ormlite.dao.DaoManagerTest#testDaoClassGenericDaoWithId	PASS				326
c180	FT	2	com.j256.ormlite.dao.RuntimeExceptionDaoTest#testAssignEmptyForeignCollectionThrow	PASS				40
c181	FT	1	com.j256.ormlite.dao.DaoManagerTest#testLookupDaoNull	PASS				265
c181	FT	2	com.j256.ormlite.dao.RuntimeExceptionDaoTest#testAssignEmptyForeignCollectionThrow	PASS				75
c182	FT	1	com.j256.ormlite.dao.DaoManagerTest#testLookupDaoTableNull	PASS				269
c182	FT	2	com.j256.ormlite.dao.RuntimeExceptionDaoTest#testAssignEmptyForeignCollectionThrow	PASS				61
c183	FT	1	com.j256.ormlite.dao.DaoManagerTest#testLookupDaoUnknown	PASS				353
c183	FT	2	com.j256.ormlite.dao.RuntimeExceptionDaoTest#testAssignEmptyForeignCollectionThrow	PASS				73
c184	FT	1	com.j256.ormlite.dao.DaoManagerTest#testLookupTableDaoUnknown	PASS				314
c184	FT	2	com.j256.ormlite.dao.RuntimeExceptionDaoTest#testAssignEmptyForeignCollectionThrow	PASS				68
c185	2026-09-04 10:31:54,629 [INFO] DaoManager Loaded configuration for class com.j256.ormlite.dao.DaoManagerTest$MoreComplexLoopOne
c185	2026-09-04 10:31:54,630 [INFO] DaoManager Loaded configuration for class com.j256.ormlite.dao.DaoManagerTest$MoreComplexLoopTwo
c185	2026-09-04 10:31:54,630 [INFO] DaoManager Loaded configuration for class com.j256.ormlite.dao.DaoManagerTest$MoreComplexLoopThree
c185	2026-09-04 10:31:54,630 [INFO] DaoManager Loaded configuration for class com.j256.ormlite.dao.DaoManagerTest$MoreComplexLoopFour
c185	FT	1	com.j256.ormlite.dao.DaoManagerTest#testMoreComplexClassLoopWithLoadedConfig	PASS				309
c185	FT	2	com.j256.ormlite.dao.RuntimeExceptionDaoTest#testAssignEmptyForeignCollectionThrow	PASS				58
c186	FT	1	com.j256.ormlite.dao.DaoManagerTest#testPrivateConstructorDao	PASS				277
c186	FT	2	com.j256.ormlite.dao.RuntimeExceptionDaoTest#testAssignEmptyForeignCollectionThrow	PASS				64
c187	FT	1	com.j256.ormlite.dao.DaoManagerTest#testRegisterDao	PASS				267
c187	FT	2	com.j256.ormlite.dao.RuntimeExceptionDaoTest#testAssignEmptyForeignCollectionThrow	PASS				47
c188	FT	1	com.j256.ormlite.dao.DaoManagerTest#testRegisterDaoTable	PASS				325
c188	FT	2	com.j256.ormlite.dao.RuntimeExceptionDaoTest#testAssignEmptyForeignCollectionThrow	PASS				60
c189	FT	1	com.j256.ormlite.dao.DaoManagerTest#testRegisterNull	PASS				215
c189	FT	2	com.j256.ormlite.dao.RuntimeExceptionDaoTest#testAssignEmptyForeignCollectionThrow	PASS				56
c190	2026-09-04 10:31:56,766 [INFO] DaoManager Loaded configuration for class com.j256.ormlite.dao.DaoManagerTest$SelfReference
c190	FT	1	com.j256.ormlite.dao.DaoManagerTest#testSelfReferenceWithLoadedConfig	PASS				305
c190	FT	2	com.j256.ormlite.dao.RuntimeExceptionDaoTest#testAssignEmptyForeignCollectionThrow	PASS				56
c191	2026-09-04 10:31:57,207 [INFO] TableUtils dropping table 'eager'
c191	2026-09-04 10:31:57,420 [INFO] TableUtils ignoring drop error 'org.h2.jdbc.JdbcSQLSyntaxErrorException: Table "EAGER" not found; SQL statement:
c191	DROP TABLE `eager`  [42102-200]' for statement: DROP TABLE `eager` 
c191	2026-09-04 10:31:57,420 [INFO] TableUtils creating table 'eager'
c191	2026-09-04 10:31:57,447 [INFO] TableUtils executed create table statement changed 0 rows: CREATE TABLE `eager` (`id` INTEGER AUTO_INCREMENT , PRIMARY KEY (`id`) ) 
c191	2026-09-04 10:31:57,447 [INFO] TableUtils dropping table 'foreign'
c191	2026-09-04 10:31:57,447 [INFO] TableUtils ignoring drop error 'org.h2.jdbc.JdbcSQLSyntaxErrorException: Table "FOREIGN" not found; SQL statement:
c191	DROP TABLE `foreign`  [42102-200]' for statement: DROP TABLE `foreign` 
c191	2026-09-04 10:31:57,447 [INFO] TableUtils creating table 'foreign'
c191	2026-09-04 10:31:57,449 [INFO] TableUtils executed create table statement changed 0 rows: CREATE TABLE `foreign` (`id` INTEGER AUTO_INCREMENT , `eager_id` INTEGER , `stuff` VARCHAR(255) , PRIMARY KEY (`id`) ) 
c191	2026-09-04 10:31:57,468 [DEBUG] BaseMappedStatement insert data with statement 'INSERT INTO `eager` () VALUES ()' and 0 args, changed 1 rows
c191	2026-09-04 10:31:57,468 [DEBUG] BaseMappedStatement assigned id '1' from keyholder to 'id' in Eager object
c191	2026-09-04 10:31:57,485 [DEBUG] BaseMappedStatement prepared statement 'SELECT * FROM `foreign` WHERE `eager_id` = ?' with 1 args
c191	2026-09-04 10:31:57,485 [TRACE] BaseMappedStatement prepared statement arguments: [1]
c191	2026-09-04 10:31:57,486 [DEBUG] StatementExecutor query of 'SELECT * FROM `foreign` WHERE `eager_id` = ?' with 1 args returned 0 results
c191	2026-09-04 10:31:57,487 [DEBUG] BaseMappedStatement query-for-id using 'SELECT * FROM `eager` WHERE `id` = ?' and 1 args, got 1 result
c191	2026-09-04 10:31:57,487 [TRACE] BaseMappedStatement query-for-id arguments: [1]
c191	2026-09-04 10:31:57,488 [DEBUG] BaseMappedStatement insert data with statement 'INSERT INTO `foreign` (`eager_id` ,`stuff` ) VALUES (?,?)' and 2 args, changed 1 rows
c191	2026-09-04 10:31:57,488 [TRACE] BaseMappedStatement insert arguments: [1, null]
c191	2026-09-04 10:31:57,488 [DEBUG] BaseMappedStatement assigned id '1' from keyholder to 'id' in Foreign object
c191	2026-09-04 10:31:57,490 [DEBUG] BaseMappedStatement insert data with statement 'INSERT INTO `foreign` (`eager_id` ,`stuff` ) VALUES (?,?)' and 2 args, changed 1 rows
c191	2026-09-04 10:31:57,490 [TRACE] BaseMappedStatement insert arguments: [1, null]
c191	2026-09-04 10:31:57,490 [DEBUG] BaseMappedStatement assigned id '2' from keyholder to 'id' in Foreign object
c191	2026-09-04 10:31:57,490 [DEBUG] BaseMappedStatement prepared statement 'SELECT * FROM `foreign` WHERE `eager_id` = ?' with 1 args
c191	2026-09-04 10:31:57,490 [TRACE] BaseMappedStatement prepared statement arguments: [1]
c191	2026-09-04 10:31:57,491 [DEBUG] StatementExecutor query of 'SELECT * FROM `foreign` WHERE `eager_id` = ?' with 1 args returned 2 results
c191	2026-09-04 10:31:57,493 [DEBUG] BaseMappedStatement update data with statement 'UPDATE `foreign` SET `eager_id` = ?, `stuff` = ? WHERE `id` = ?' and 3 args, changed 1 rows
c191	2026-09-04 10:31:57,493 [TRACE] BaseMappedStatement update arguments: [1, some stuff, 1]
c191	2026-09-04 10:31:57,494 [DEBUG] BaseMappedStatement refresh using 'SELECT * FROM `foreign` WHERE `id` = ?' and 1 args, got 1 result
c191	2026-09-04 10:31:57,494 [TRACE] BaseMappedStatement refresh arguments: [1]
c191	2026-09-04 10:31:57,495 [DEBUG] BaseMappedStatement refresh using 'SELECT * FROM `foreign` WHERE `id` = ?' and 1 args, got 1 result
c191	2026-09-04 10:31:57,495 [TRACE] BaseMappedStatement refresh arguments: [2]
c191	2026-09-04 10:31:57,496 [DEBUG] BaseMappedStatement refresh using 'SELECT * FROM `foreign` WHERE `id` = ?' and 1 args, got 1 result
c191	2026-09-04 10:31:57,496 [TRACE] BaseMappedStatement refresh arguments: [2]
c191	2026-09-04 10:31:57,496 [DEBUG] BaseMappedStatement update data with statement 'UPDATE `foreign` SET `eager_id` = ?, `stuff` = ? WHERE `id` = ?' and 3 args, changed 1 rows
c191	2026-09-04 10:31:57,496 [TRACE] BaseMappedStatement update arguments: [1, some stuff, 1]
c191	2026-09-04 10:31:57,498 [DEBUG] BaseMappedStatement update data with statement 'UPDATE `foreign` SET `eager_id` = ?, `stuff` = ? WHERE `id` = ?' and 3 args, changed 1 rows
c191	2026-09-04 10:31:57,498 [TRACE] BaseMappedStatement update arguments: [1, other stuff, 2]
c191	2026-09-04 10:31:57,498 [DEBUG] BaseMappedStatement refresh using 'SELECT * FROM `foreign` WHERE `id` = ?' and 1 args, got 1 result
c191	2026-09-04 10:31:57,498 [TRACE] BaseMappedStatement refresh arguments: [2]
c191	FT	1	com.j256.ormlite.dao.EagerForeignCollectionTest#testBasic	PASS				576
c191	FT	2	com.j256.ormlite.dao.RuntimeExceptionDaoTest#testAssignEmptyForeignCollectionThrow	PASS				51
c192	2026-09-04 10:31:57,954 [INFO] TableUtils dropping table 'eager'
c192	2026-09-04 10:31:58,218 [INFO] TableUtils ignoring drop error 'org.h2.jdbc.JdbcSQLSyntaxErrorException: Table "EAGER" not found; SQL statement:
c192	DROP TABLE `eager`  [42102-200]' for statement: DROP TABLE `eager` 
c192	2026-09-04 10:31:58,219 [INFO] TableUtils creating table 'eager'
c192	2026-09-04 10:31:58,256 [INFO] TableUtils executed create table statement changed 0 rows: CREATE TABLE `eager` (`id` INTEGER AUTO_INCREMENT , PRIMARY KEY (`id`) ) 
c192	2026-09-04 10:31:58,256 [INFO] TableUtils dropping table 'foreign'
c192	2026-09-04 10:31:58,257 [INFO] TableUtils ignoring drop error 'org.h2.jdbc.JdbcSQLSyntaxErrorException: Table "FOREIGN" not found; SQL statement:
c192	DROP TABLE `foreign`  [42102-200]' for statement: DROP TABLE `foreign` 
c192	2026-09-04 10:31:58,257 [INFO] TableUtils creating table 'foreign'
c192	2026-09-04 10:31:58,258 [INFO] TableUtils executed create table statement changed 0 rows: CREATE TABLE `foreign` (`id` INTEGER AUTO_INCREMENT , `eager_id` INTEGER , `stuff` VARCHAR(255) , PRIMARY KEY (`id`) ) 
c192	2026-09-04 10:31:58,281 [DEBUG] BaseMappedStatement insert data with statement 'INSERT INTO `eager` () VALUES ()' and 0 args, changed 1 rows
c192	2026-09-04 10:31:58,281 [DEBUG] BaseMappedStatement assigned id '1' from keyholder to 'id' in Eager object
c192	2026-09-04 10:31:58,284 [DEBUG] BaseMappedStatement insert data with statement 'INSERT INTO `foreign` (`eager_id` ,`stuff` ) VALUES (?,?)' and 2 args, changed 1 rows
c192	2026-09-04 10:31:58,284 [TRACE] BaseMappedStatement insert arguments: [1, null]
c192	2026-09-04 10:31:58,284 [DEBUG] BaseMappedStatement assigned id '1' from keyholder to 'id' in Foreign object
c192	2026-09-04 10:31:58,285 [DEBUG] BaseMappedStatement insert data with statement 'INSERT INTO `foreign` (`eager_id` ,`stuff` ) VALUES (?,?)' and 2 args, changed 1 rows
c192	2026-09-04 10:31:58,285 [TRACE] BaseMappedStatement insert arguments: [1, null]
c192	2026-09-04 10:31:58,285 [DEBUG] BaseMappedStatement assigned id '2' from keyholder to 'id' in Foreign object
c192	2026-09-04 10:31:58,303 [DEBUG] BaseMappedStatement prepared statement 'SELECT * FROM `foreign` WHERE `eager_id` = ?' with 1 args
c192	2026-09-04 10:31:58,303 [TRACE] BaseMappedStatement prepared statement arguments: [1]
c192	2026-09-04 10:31:58,304 [DEBUG] StatementExecutor query of 'SELECT * FROM `foreign` WHERE `eager_id` = ?' with 1 args returned 2 results
c192	2026-09-04 10:31:58,304 [DEBUG] BaseMappedStatement query-for-id using 'SELECT * FROM `eager` WHERE `id` = ?' and 1 args, got 1 result
c192	2026-09-04 10:31:58,304 [TRACE] BaseMappedStatement query-for-id arguments: [1]
c192	FT	1	com.j256.ormlite.dao.EagerForeignCollectionTest#testContains	PASS				659
c192	FT	2	com.j256.ormlite.dao.RuntimeExceptionDaoTest#testAssignEmptyForeignCollectionThrow	PASS				51
c193	2026-09-04 10:31:58,788 [INFO] TableUtils dropping table 'eager'
c193	2026-09-04 10:31:59,169 [INFO] TableUtils ignoring drop error 'org.h2.jdbc.JdbcSQLSyntaxErrorException: Table "EAGER" not found; SQL statement:
c193	DROP TABLE `eager`  [42102-200]' for statement: DROP TABLE `eager` 
c193	2026-09-04 10:31:59,170 [INFO] TableUtils creating table 'eager'
c193	2026-09-04 10:31:59,201 [INFO] TableUtils executed create table statement changed 0 rows: CREATE TABLE `eager` (`id` INTEGER AUTO_INCREMENT , PRIMARY KEY (`id`) ) 
c193	2026-09-04 10:31:59,201 [INFO] TableUtils dropping table 'foreign'
c193	2026-09-04 10:31:59,202 [INFO] TableUtils ignoring drop error 'org.h2.jdbc.JdbcSQLSyntaxErrorException: Table "FOREIGN" not found; SQL statement:
c193	DROP TABLE `foreign`  [42102-200]' for statement: DROP TABLE `foreign` 
c193	2026-09-04 10:31:59,202 [INFO] TableUtils creating table 'foreign'
c193	2026-09-04 10:31:59,204 [INFO] TableUtils executed create table statement changed 0 rows: CREATE TABLE `foreign` (`id` INTEGER AUTO_INCREMENT , `eager_id` INTEGER , `stuff` VARCHAR(255) , PRIMARY KEY (`id`) ) 
c193	2026-09-04 10:31:59,236 [DEBUG] BaseMappedStatement insert data with statement 'INSERT INTO `eager` () VALUES ()' and 0 args, changed 1 rows
c193	2026-09-04 10:31:59,237 [DEBUG] BaseMappedStatement assigned id '1' from keyholder to 'id' in Eager object
c193	2026-09-04 10:31:59,239 [DEBUG] BaseMappedStatement insert data with statement 'INSERT INTO `foreign` (`eager_id` ,`stuff` ) VALUES (?,?)' and 2 args, changed 1 rows
c193	2026-09-04 10:31:59,239 [TRACE] BaseMappedStatement insert arguments: [1, null]
c193	2026-09-04 10:31:59,239 [DEBUG] BaseMappedStatement assigned id '1' from keyholder to 'id' in Foreign object
c193	2026-09-04 10:31:59,240 [DEBUG] BaseMappedStatement insert data with statement 'INSERT INTO `foreign` (`eager_id` ,`stuff` ) VALUES (?,?)' and 2 args, changed 1 rows
c193	2026-09-04 10:31:59,240 [TRACE] BaseMappedStatement insert arguments: [1, null]
c193	2026-09-04 10:31:59,240 [DEBUG] BaseMappedStatement assigned id '2' from keyholder to 'id' in Foreign object
c193	2026-09-04 10:31:59,241 [DEBUG] BaseMappedStatement insert data with statement 'INSERT INTO `foreign` (`eager_id` ,`stuff` ) VALUES (?,?)' and 2 args, changed 1 rows
c193	2026-09-04 10:31:59,241 [TRACE] BaseMappedStatement insert arguments: [1, null]
c193	2026-09-04 10:31:59,241 [DEBUG] BaseMappedStatement assigned id '3' from keyholder to 'id' in Foreign object
c193	2026-09-04 10:31:59,260 [DEBUG] BaseMappedStatement prepared statement 'SELECT * FROM `foreign` WHERE `eager_id` = ?' with 1 args
c193	2026-09-04 10:31:59,261 [TRACE] BaseMappedStatement prepared statement arguments: [1]
c193	2026-09-04 10:31:59,262 [DEBUG] StatementExecutor query of 'SELECT * FROM `foreign` WHERE `eager_id` = ?' with 1 args returned 3 results
c193	2026-09-04 10:31:59,262 [DEBUG] BaseMappedStatement query-for-id using 'SELECT * FROM `eager` WHERE `id` = ?' and 1 args, got 1 result
c193	2026-09-04 10:31:59,262 [TRACE] BaseMappedStatement query-for-id arguments: [1]
c193	2026-09-04 10:31:59,265 [DEBUG] BaseMappedStatement delete data with statement 'DELETE FROM `foreign` WHERE `id` = ?' and 1 args, changed 1 rows
c193	2026-09-04 10:31:59,265 [TRACE] BaseMappedStatement delete arguments: [1]
c193	FT	1	com.j256.ormlite.dao.EagerForeignCollectionTest#testListMethods	PASS				797
c193	FT	2	com.j256.ormlite.dao.RuntimeExceptionDaoTest#testAssignEmptyForeignCollectionThrow	PASS				47
c194	2026-09-04 10:31:59,739 [INFO] TableUtils dropping table 'order'
c194	2026-09-04 10:32:00,035 [INFO] TableUtils ignoring drop error 'org.h2.jdbc.JdbcSQLSyntaxErrorException: Table "ORDER" not found; SQL statement:
c194	DROP TABLE `order`  [42102-200]' for statement: DROP TABLE `order` 
c194	2026-09-04 10:32:00,035 [INFO] TableUtils creating table 'order'
c194	2026-09-04 10:32:00,083 [INFO] TableUtils executed create table statement changed 0 rows: CREATE TABLE `order` (`id` INTEGER AUTO_INCREMENT , `val` INTEGER , `account_id` INTEGER ,  UNIQUE (`val`), PRIMARY KEY (`id`) ) 
c194	2026-09-04 10:32:00,083 [INFO] TableUtils dropping table 'account'
c194	2026-09-04 10:32:00,084 [INFO] TableUtils ignoring drop error 'org.h2.jdbc.JdbcSQLSyntaxErrorException: Table "ACCOUNT" not found; SQL statement:
c194	DROP TABLE `account`  [42102-200]' for statement: DROP TABLE `account` 
c194	2026-09-04 10:32:00,084 [INFO] TableUtils creating table 'account'
c194	2026-09-04 10:32:00,085 [INFO] TableUtils executed create table statement changed 0 rows: CREATE TABLE `account` (`id` INTEGER AUTO_INCREMENT , `name` VARCHAR(255) , PRIMARY KEY (`id`) ) 
c194	2026-09-04 10:32:00,120 [DEBUG] BaseMappedStatement insert data with statement 'INSERT INTO `account` (`name` ) VALUES (?)' and 1 args, changed 1 rows
c194	2026-09-04 10:32:00,120 [TRACE] BaseMappedStatement insert arguments: [fwepfjewfew]
c194	2026-09-04 10:32:00,121 [DEBUG] BaseMappedStatement assigned id '1' from keyholder to 'id' in Account object
c194	2026-09-04 10:32:00,142 [DEBUG] BaseMappedStatement prepared statement 'SELECT * FROM `order` WHERE `account_id` = ?' with 1 args
c194	2026-09-04 10:32:00,143 [TRACE] BaseMappedStatement prepared statement arguments: [1]
c194	2026-09-04 10:32:00,146 [DEBUG] StatementExecutor query of 'SELECT * FROM `order` WHERE `account_id` = ?' with 1 args returned 0 results
c194	2026-09-04 10:32:00,147 [DEBUG] BaseMappedStatement insert data with statement 'INSERT INTO `account` (`name` ) VALUES (?)' and 1 args, changed 1 rows
c194	2026-09-04 10:32:00,147 [TRACE] BaseMappedStatement insert arguments: [fhwoifwepfjewfew]
c194	2026-09-04 10:32:00,147 [DEBUG] BaseMappedStatement assigned id '2' from keyholder to 'id' in Account object
c194	2026-09-04 10:32:00,151 [DEBUG] BaseMappedStatement insert data with statement 'INSERT INTO `order` (`val` ,`account_id` ) VALUES (?,?)' and 2 args, changed 1 rows
c194	2026-09-04 10:32:00,151 [TRACE] BaseMappedStatement insert arguments: [1453783141, 2]
c194	2026-09-04 10:32:00,151 [DEBUG] BaseMappedStatement assigned id '1' from keyholder to 'id' in Order object
c194	2026-09-04 10:32:00,153 [DEBUG] BaseMappedStatement insert data with statement 'INSERT INTO `order` (`val` ,`account_id` ) VALUES (?,?)' and 2 args, changed 1 rows
c194	2026-09-04 10:32:00,154 [TRACE] BaseMappedStatement insert arguments: [247895295, 2]
c194	2026-09-04 10:32:00,154 [DEBUG] BaseMappedStatement assigned id '2' from keyholder to 'id' in Order object
c194	2026-09-04 10:32:00,157 [DEBUG] BaseMappedStatement prepared statement 'SELECT * FROM `order` WHERE `account_id` = ?' with 1 args
c194	2026-09-04 10:32:00,158 [TRACE] BaseMappedStatement prepared statement arguments: [1]
c194	2026-09-04 10:32:00,159 [DEBUG] StatementExecutor query of 'SELECT * FROM `order` WHERE `account_id` = ?' with 1 args returned 0 results
c194	2026-09-04 10:32:00,159 [DEBUG] BaseMappedStatement query-for-id using 'SELECT * FROM `account` WHERE `id` = ?' and 1 args, got 1 result
c194	2026-09-04 10:32:00,159 [TRACE] BaseMappedStatement query-for-id arguments: [1]
c194	FT	1	com.j256.ormlite.dao.ForeignCollectionTest#testAddDontOverwriteForeign	PASS				738
c194	FT	2	com.j256.ormlite.dao.RuntimeExceptionDaoTest#testAssignEmptyForeignCollectionThrow	PASS				69
c195	2026-09-04 10:32:00,725 [INFO] TableUtils dropping table 'order'
c195	2026-09-04 10:32:01,040 [INFO] TableUtils ignoring drop error 'org.h2.jdbc.JdbcSQLSyntaxErrorException: Table "ORDER" not found; SQL statement:
c195	DROP TABLE `order`  [42102-200]' for statement: DROP TABLE `order` 
c195	2026-09-04 10:32:01,041 [INFO] TableUtils creating table 'order'
c195	2026-09-04 10:32:01,075 [INFO] TableUtils executed create table statement changed 0 rows: CREATE TABLE `order` (`id` INTEGER AUTO_INCREMENT , `val` INTEGER , `account_id` INTEGER ,  UNIQUE (`val`), PRIMARY KEY (`id`) ) 
c195	2026-09-04 10:32:01,076 [INFO] TableUtils dropping table 'account'
c195	2026-09-04 10:32:01,076 [INFO] TableUtils ignoring drop error 'org.h2.jdbc.JdbcSQLSyntaxErrorException: Table "ACCOUNT" not found; SQL statement:
c195	DROP TABLE `account`  [42102-200]' for statement: DROP TABLE `account` 
c195	2026-09-04 10:32:01,077 [INFO] TableUtils creating table 'account'
c195	2026-09-04 10:32:01,078 [INFO] TableUtils executed create table statement changed 0 rows: CREATE TABLE `account` (`id` INTEGER AUTO_INCREMENT , `name` VARCHAR(255) , PRIMARY KEY (`id`) ) 
c195	2026-09-04 10:32:01,100 [DEBUG] BaseMappedStatement insert data with statement 'INSERT INTO `account` (`name` ) VALUES (?)' and 1 args, changed 1 rows
c195	2026-09-04 10:32:01,100 [TRACE] BaseMappedStatement insert arguments: [fwepfjewfew]
c195	2026-09-04 10:32:01,100 [DEBUG] BaseMappedStatement assigned id '1' from keyholder to 'id' in Account object
c195	2026-09-04 10:32:01,114 [DEBUG] BaseMappedStatement prepared statement 'SELECT * FROM `order` WHERE `account_id` = ?' with 1 args
c195	2026-09-04 10:32:01,114 [TRACE] BaseMappedStatement prepared statement arguments: [1]
c195	2026-09-04 10:32:01,115 [DEBUG] StatementExecutor query of 'SELECT * FROM `order` WHERE `account_id` = ?' with 1 args returned 0 results
c195	2026-09-04 10:32:01,117 [DEBUG] BaseMappedStatement insert data with statement 'INSERT INTO `order` (`val` ,`account_id` ) VALUES (?,?)' and 2 args, changed 1 rows
c195	2026-09-04 10:32:01,117 [TRACE] BaseMappedStatement insert arguments: [1453783141, 1]
c195	2026-09-04 10:32:01,117 [DEBUG] BaseMappedStatement assigned id '1' from keyholder to 'id' in Order object
c195	2026-09-04 10:32:01,118 [DEBUG] BaseMappedStatement insert data with statement 'INSERT INTO `order` (`val` ,`account_id` ) VALUES (?,?)' and 2 args, changed 1 rows
c195	2026-09-04 10:32:01,118 [TRACE] BaseMappedStatement insert arguments: [247895295, 1]
c195	2026-09-04 10:32:01,118 [DEBUG] BaseMappedStatement assigned id '2' from keyholder to 'id' in Order object
c195	2026-09-04 10:32:01,120 [DEBUG] BaseMappedStatement prepared statement 'SELECT * FROM `order` WHERE `account_id` = ?' with 1 args
c195	2026-09-04 10:32:01,120 [TRACE] BaseMappedStatement prepared statement arguments: [1]
c195	2026-09-04 10:32:01,121 [DEBUG] StatementExecutor query of 'SELECT * FROM `order` WHERE `account_id` = ?' with 1 args returned 2 results
c195	2026-09-04 10:32:01,121 [DEBUG] BaseMappedStatement query-for-id using 'SELECT * FROM `account` WHERE `id` = ?' and 1 args, got 1 result
c195	2026-09-04 10:32:01,121 [TRACE] BaseMappedStatement query-for-id arguments: [1]
c195	FT	1	com.j256.ormlite.dao.ForeignCollectionTest#testAddNoForeign	PASS				764
c195	FT	2	com.j256.ormlite.dao.RuntimeExceptionDaoTest#testAssignEmptyForeignCollectionThrow	PASS				58
c196	2026-09-04 10:32:01,638 [INFO] TableUtils dropping table 'collectionwithcollection1'
c196	2026-09-04 10:32:01,919 [INFO] TableUtils ignoring drop error 'org.h2.jdbc.JdbcSQLSyntaxErrorException: Table "COLLECTIONWITHCOLLECTION1" not found; SQL statement:
c196	DROP TABLE `collectionwithcollection1`  [42102-200]' for statement: DROP TABLE `collectionwithcollection1` 
c196	2026-09-04 10:32:01,919 [INFO] TableUtils creating table 'collectionwithcollection1'
c196	2026-09-04 10:32:01,945 [INFO] TableUtils executed create table statement changed 0 rows: CREATE TABLE `collectionwithcollection1` (`id` INTEGER AUTO_INCREMENT , PRIMARY KEY (`id`) ) 
c196	2026-09-04 10:32:01,946 [INFO] TableUtils dropping table 'collectionwithcollection2'
c196	2026-09-04 10:32:01,946 [INFO] TableUtils ignoring drop error 'org.h2.jdbc.JdbcSQLSyntaxErrorException: Table "COLLECTIONWITHCOLLECTION2" not found; SQL statement:
c196	DROP TABLE `collectionwithcollection2`  [42102-200]' for statement: DROP TABLE `collectionwithcollection2` 
c196	2026-09-04 10:32:01,946 [INFO] TableUtils creating table 'collectionwithcollection2'
c196	2026-09-04 10:32:01,947 [INFO] TableUtils executed create table statement changed 0 rows: CREATE TABLE `collectionwithcollection2` (`id` INTEGER AUTO_INCREMENT , `collectionWithCollection1_id` INTEGER , PRIMARY KEY (`id`) ) 
c196	2026-09-04 10:32:01,948 [INFO] TableUtils dropping table 'collectionwithcollection3'
c196	2026-09-04 10:32:01,948 [INFO] TableUtils ignoring drop error 'org.h2.jdbc.JdbcSQLSyntaxErrorException: Table "COLLECTIONWITHCOLLECTION3" not found; SQL statement:
c196	DROP TABLE `collectionwithcollection3`  [42102-200]' for statement: DROP TABLE `collectionwithcollection3` 
c196	2026-09-04 10:32:01,948 [INFO] TableUtils creating table 'collectionwithcollection3'
c196	2026-09-04 10:32:01,950 [INFO] TableUtils executed create table statement changed 0 rows: CREATE TABLE `collectionwithcollection3` (`id` INTEGER AUTO_INCREMENT , `collectionWithCollection2_id` INTEGER , PRIMARY KEY (`id`) ) 
c196	2026-09-04 10:32:01,983 [DEBUG] BaseMappedStatement insert data with statement 'INSERT INTO `collectionwithcollection1` () VALUES ()' and 0 args, changed 1 rows
c196	2026-09-04 10:32:01,984 [DEBUG] BaseMappedStatement assigned id '1' from keyholder to 'id' in CollectionWithCollection1 object
c196	2026-09-04 10:32:01,987 [DEBUG] BaseMappedStatement insert data with statement 'INSERT INTO `collectionwithcollection2` (`collectionWithCollection1_id` ) VALUES (?)' and 1 args, changed 1 rows
c196	2026-09-04 10:32:01,987 [TRACE] BaseMappedStatement insert arguments: [1]
c196	2026-09-04 10:32:01,987 [DEBUG] BaseMappedStatement assigned id '1' from keyholder to 'id' in CollectionWithCollection2 object
c196	2026-09-04 10:32:01,988 [DEBUG] BaseMappedStatement insert data with statement 'INSERT INTO `collectionwithcollection3` (`collectionWithCollection2_id` ) VALUES (?)' and 1 args, changed 1 rows
c196	2026-09-04 10:32:01,989 [TRACE] BaseMappedStatement insert arguments: [1]
c196	2026-09-04 10:32:01,989 [DEBUG] BaseMappedStatement assigned id '1' from keyholder to 'id' in CollectionWithCollection3 object
c196	2026-09-04 10:32:02,002 [DEBUG] BaseMappedStatement query-for-id using 'SELECT * FROM `collectionwithcollection1` WHERE `id` = ?' and 1 args, got 1 result
c196	2026-09-04 10:32:02,003 [TRACE] BaseMappedStatement query-for-id arguments: [1]
c196	2026-09-04 10:32:02,009 [DEBUG] BaseMappedStatement prepared statement 'SELECT * FROM `collectionwithcollection2` WHERE `collectionWithCollection1_id` = ?' with 1 args
c196	2026-09-04 10:32:02,010 [TRACE] BaseMappedStatement prepared statement arguments: [1]
c196	2026-09-04 10:32:02,012 [DEBUG] BaseMappedStatement prepared statement 'SELECT * FROM `collectionwithcollection2` WHERE `collectionWithCollection1_id` = ?' with 1 args
c196	2026-09-04 10:32:02,012 [TRACE] BaseMappedStatement prepared statement arguments: [1]
c196	2026-09-04 10:32:02,014 [DEBUG] BaseMappedStatement query-for-id using 'SELECT * FROM `collectionwithcollection2` WHERE `id` = ?' and 1 args, got 1 result
c196	2026-09-04 10:32:02,014 [TRACE] BaseMappedStatement query-for-id arguments: [1]
c196	2026-09-04 10:32:02,015 [DEBUG] BaseMappedStatement prepared statement 'SELECT * FROM `collectionwithcollection3` WHERE `collectionWithCollection2_id` = ?' with 1 args
c196	2026-09-04 10:32:02,015 [TRACE] BaseMappedStatement prepared statement arguments: [1]
c196	2026-09-04 10:32:02,016 [DEBUG] BaseMappedStatement prepared statement 'SELECT * FROM `collectionwithcollection3` WHERE `collectionWithCollection2_id` = ?' with 1 args
c196	2026-09-04 10:32:02,016 [TRACE] BaseMappedStatement prepared statement arguments: [1]
c196	FT	1	com.j256.ormlite.dao.ForeignCollectionTest#testCollectionsOfCollections	PASS				726
c196	FT	2	com.j256.ormlite.dao.RuntimeExceptionDaoTest#testAssignEmptyForeignCollectionThrow	PASS				58
c197	2026-09-04 10:32:02,497 [INFO] TableUtils dropping table 'account'
c197	2026-09-04 10:32:02,737 [INFO] TableUtils ignoring drop error 'org.h2.jdbc.JdbcSQLSyntaxErrorException: Table "ACCOUNT" not found; SQL statement:
c197	DROP TABLE `account`  [42102-200]' for statement: DROP TABLE `account` 
c197	2026-09-04 10:32:02,737 [INFO] TableUtils creating table 'account'
c197	2026-09-04 10:32:02,763 [INFO] TableUtils executed create table statement changed 0 rows: CREATE TABLE `account` (`id` INTEGER AUTO_INCREMENT , `name` VARCHAR(255) , PRIMARY KEY (`id`) ) 
c197	2026-09-04 10:32:02,763 [INFO] TableUtils dropping table 'order'
c197	2026-09-04 10:32:02,763 [INFO] TableUtils ignoring drop error 'org.h2.jdbc.JdbcSQLSyntaxErrorException: Table "ORDER" not found; SQL statement:
c197	DROP TABLE `order`  [42102-200]' for statement: DROP TABLE `order` 
c197	2026-09-04 10:32:02,763 [INFO] TableUtils creating table 'order'
c197	2026-09-04 10:32:02,768 [INFO] TableUtils executed create table statement changed 0 rows: CREATE TABLE `order` (`id` INTEGER AUTO_INCREMENT , `val` INTEGER , `account_id` INTEGER ,  UNIQUE (`val`), PRIMARY KEY (`id`) ) 
c197	2026-09-04 10:32:02,790 [DEBUG] BaseMappedStatement insert data with statement 'INSERT INTO `account` (`name` ) VALUES (?)' and 1 args, changed 1 rows
c197	2026-09-04 10:32:02,790 [TRACE] BaseMappedStatement insert arguments: [fwepfjewfew]
c197	2026-09-04 10:32:02,790 [DEBUG] BaseMappedStatement assigned id '1' from keyholder to 'id' in Account object
c197	2026-09-04 10:32:02,793 [DEBUG] BaseMappedStatement insert data with statement 'INSERT INTO `order` (`val` ,`account_id` ) VALUES (?,?)' and 2 args, changed 1 rows
c197	2026-09-04 10:32:02,793 [TRACE] BaseMappedStatement insert arguments: [1453783141, 1]
c197	2026-09-04 10:32:02,793 [DEBUG] BaseMappedStatement assigned id '1' from keyholder to 'id' in Order object
c197	2026-09-04 10:32:02,794 [DEBUG] BaseMappedStatement insert data with statement 'INSERT INTO `account` (`name` ) VALUES (?)' and 1 args, changed 1 rows
c197	2026-09-04 10:32:02,794 [TRACE] BaseMappedStatement insert arguments: [fwepfjewfew]
c197	2026-09-04 10:32:02,794 [DEBUG] BaseMappedStatement assigned id '2' from keyholder to 'id' in Account object
c197	2026-09-04 10:32:02,795 [DEBUG] BaseMappedStatement insert data with statement 'INSERT INTO `order` (`val` ,`account_id` ) VALUES (?,?)' and 2 args, changed 1 rows
c197	2026-09-04 10:32:02,795 [TRACE] BaseMappedStatement insert arguments: [13123441, 2]
c197	2026-09-04 10:32:02,795 [DEBUG] BaseMappedStatement assigned id '2' from keyholder to 'id' in Order object
c197	2026-09-04 10:32:02,796 [DEBUG] BaseMappedStatement insert data with statement 'INSERT INTO `order` (`val` ,`account_id` ) VALUES (?,?)' and 2 args, changed 1 rows
c197	2026-09-04 10:32:02,796 [TRACE] BaseMappedStatement insert arguments: [113787097, 2]
c197	2026-09-04 10:32:02,796 [DEBUG] BaseMappedStatement assigned id '3' from keyholder to 'id' in Order object
c197	2026-09-04 10:32:02,797 [DEBUG] BaseMappedStatement insert data with statement 'INSERT INTO `account` (`name` ) VALUES (?)' and 1 args, changed 1 rows
c197	2026-09-04 10:32:02,797 [TRACE] BaseMappedStatement insert arguments: [another name]
c197	2026-09-04 10:32:02,797 [DEBUG] BaseMappedStatement assigned id '3' from keyholder to 'id' in Account object
c197	2026-09-04 10:32:02,798 [DEBUG] BaseMappedStatement insert data with statement 'INSERT INTO `order` (`val` ,`account_id` ) VALUES (?,?)' and 2 args, changed 1 rows
c197	2026-09-04 10:32:02,798 [TRACE] BaseMappedStatement insert arguments: [17097, 3]
c197	2026-09-04 10:32:02,798 [DEBUG] BaseMappedStatement assigned id '4' from keyholder to 'id' in Order object
c197	2026-09-04 10:32:02,815 [DEBUG] BaseMappedStatement prepared statement 'SELECT * FROM `order` WHERE `account_id` = ?' with 1 args
c197	2026-09-04 10:32:02,815 [TRACE] BaseMappedStatement prepared statement arguments: [2]
c197	2026-09-04 10:32:02,817 [DEBUG] StatementExecutor query of 'SELECT * FROM `order` WHERE `account_id` = ?' with 1 args returned 2 results
c197	2026-09-04 10:32:02,817 [DEBUG] BaseMappedStatement query-for-id using 'SELECT * FROM `account` WHERE `id` = ?' and 1 args, got 1 result
c197	2026-09-04 10:32:02,817 [TRACE] BaseMappedStatement query-for-id arguments: [2]
c197	2026-09-04 10:32:02,818 [DEBUG] BaseMappedStatement insert data with statement 'INSERT INTO `order` (`val` ,`account_id` ) VALUES (?,?)' and 2 args, changed 1 rows
c197	2026-09-04 10:32:02,818 [TRACE] BaseMappedStatement insert arguments: [76557654, 2]
c197	2026-09-04 10:32:02,818 [DEBUG] BaseMappedStatement assigned id '5' from keyholder to 'id' in Order object
c197	2026-09-04 10:32:02,819 [DEBUG] BaseMappedStatement insert data with statement 'INSERT INTO `order` (`val` ,`account_id` ) VALUES (?,?)' and 2 args, changed 1 rows
c197	2026-09-04 10:32:02,819 [TRACE] BaseMappedStatement insert arguments: [1123587097, 2]
c197	2026-09-04 10:32:02,819 [DEBUG] BaseMappedStatement assigned id '6' from keyholder to 'id' in Order object
c197	2026-09-04 10:32:02,821 [DEBUG] BaseMappedStatement prepared statement 'SELECT * FROM `order` WHERE `account_id` = ?' with 1 args
c197	2026-09-04 10:32:02,821 [TRACE] BaseMappedStatement prepared statement arguments: [2]
c197	2026-09-04 10:32:02,821 [DEBUG] StatementExecutor query of 'SELECT * FROM `order` WHERE `account_id` = ?' with 1 args returned 4 results
c197	2026-09-04 10:32:02,821 [DEBUG] BaseMappedStatement refresh using 'SELECT * FROM `account` WHERE `id` = ?' and 1 args, got 1 result
c197	2026-09-04 10:32:02,822 [TRACE] BaseMappedStatement refresh arguments: [2]
c197	2026-09-04 10:32:02,824 [DEBUG] BaseMappedStatement delete data with statement 'DELETE FROM `order` WHERE `id` = ?' and 1 args, changed 1 rows
c197	2026-09-04 10:32:02,824 [TRACE] BaseMappedStatement delete arguments: [5]
c197	2026-09-04 10:32:02,825 [DEBUG] BaseMappedStatement delete data with statement 'DELETE FROM `order` WHERE `id` = ?' and 1 args, changed 1 rows
c197	2026-09-04 10:32:02,825 [TRACE] BaseMappedStatement delete arguments: [6]
c197	2026-09-04 10:32:02,825 [DEBUG] BaseMappedStatement prepared statement 'SELECT * FROM `order` WHERE `account_id` = ?' with 1 args
c197	2026-09-04 10:32:02,825 [TRACE] BaseMappedStatement prepared statement arguments: [2]
c197	2026-09-04 10:32:02,826 [DEBUG] StatementExecutor query of 'SELECT * FROM `order` WHERE `account_id` = ?' with 1 args returned 2 results
c197	2026-09-04 10:32:02,826 [DEBUG] BaseMappedStatement refresh using 'SELECT * FROM `account` WHERE `id` = ?' and 1 args, got 1 result
c197	2026-09-04 10:32:02,826 [TRACE] BaseMappedStatement refresh arguments: [2]
c197	2026-09-04 10:32:02,827 [DEBUG] BaseMappedStatement delete data with statement 'DELETE FROM `order` WHERE `id` = ?' and 1 args, changed 1 rows
c197	2026-09-04 10:32:02,827 [TRACE] BaseMappedStatement delete arguments: [3]
c197	2026-09-04 10:32:02,828 [DEBUG] BaseMappedStatement delete data with statement 'DELETE FROM `order` WHERE `id` = ?' and 1 args, changed 1 rows
c197	2026-09-04 10:32:02,828 [TRACE] BaseMappedStatement delete arguments: [2]
c197	2026-09-04 10:32:02,829 [DEBUG] BaseMappedStatement insert data with statement 'INSERT INTO `order` (`val` ,`account_id` ) VALUES (?,?)' and 2 args, changed 1 rows
c197	2026-09-04 10:32:02,829 [TRACE] BaseMappedStatement insert arguments: [13123441, 2]
c197	2026-09-04 10:32:02,829 [DEBUG] BaseMappedStatement assigned id '7' from keyholder to 'id' in Order object
c197	2026-09-04 10:32:02,829 [DEBUG] BaseMappedStatement insert data with statement 'INSERT INTO `order` (`val` ,`account_id` ) VALUES (?,?)' and 2 args, changed 1 rows
c197	2026-09-04 10:32:02,829 [TRACE] BaseMappedStatement insert arguments: [113787097, 2]
c197	2026-09-04 10:32:02,830 [DEBUG] BaseMappedStatement assigned id '8' from keyholder to 'id' in Order object
c197	2026-09-04 10:32:02,830 [DEBUG] BaseMappedStatement insert data with statement 'INSERT INTO `order` (`val` ,`account_id` ) VALUES (?,?)' and 2 args, changed 1 rows
c197	2026-09-04 10:32:02,830 [TRACE] BaseMappedStatement insert arguments: [76557654, 2]
c197	2026-09-04 10:32:02,830 [DEBUG] BaseMappedStatement assigned id '9' from keyholder to 'id' in Order object
c197	2026-09-04 10:32:02,831 [DEBUG] BaseMappedStatement insert data with statement 'INSERT INTO `order` (`val` ,`account_id` ) VALUES (?,?)' and 2 args, changed 1 rows
c197	2026-09-04 10:32:02,831 [TRACE] BaseMappedStatement insert arguments: [1123587097, 2]
c197	2026-09-04 10:32:02,831 [DEBUG] BaseMappedStatement assigned id '10' from keyholder to 'id' in Order object
c197	2026-09-04 10:32:02,832 [DEBUG] BaseMappedStatement delete data with statement 'DELETE FROM `order` WHERE `id` = ?' and 1 args, changed 1 rows
c197	2026-09-04 10:32:02,832 [TRACE] BaseMappedStatement delete arguments: [7]
c197	2026-09-04 10:32:02,832 [DEBUG] BaseMappedStatement delete data with statement 'DELETE FROM `order` WHERE `id` = ?' and 1 args, changed 1 rows
c197	2026-09-04 10:32:02,832 [TRACE] BaseMappedStatement delete arguments: [8]
c197	2026-09-04 10:32:02,833 [DEBUG] BaseMappedStatement delete data with statement 'DELETE FROM `order` WHERE `id` = ?' and 1 args, changed 1 rows
c197	2026-09-04 10:32:02,833 [TRACE] BaseMappedStatement delete arguments: [9]
c197	2026-09-04 10:32:02,833 [DEBUG] BaseMappedStatement delete data with statement 'DELETE FROM `order` WHERE `id` = ?' and 1 args, changed 1 rows
c197	2026-09-04 10:32:02,833 [TRACE] BaseMappedStatement delete arguments: [10]
c197	2026-09-04 10:32:02,834 [DEBUG] BaseMappedStatement prepared statement 'SELECT * FROM `order` WHERE `account_id` = ?' with 1 args
c197	2026-09-04 10:32:02,834 [TRACE] BaseMappedStatement prepared statement arguments: [2]
c197	2026-09-04 10:32:02,834 [DEBUG] StatementExecutor query of 'SELECT * FROM `order` WHERE `account_id` = ?' with 1 args returned 0 results
c197	2026-09-04 10:32:02,835 [DEBUG] BaseMappedStatement refresh using 'SELECT * FROM `account` WHERE `id` = ?' and 1 args, got 1 result
c197	2026-09-04 10:32:02,835 [TRACE] BaseMappedStatement refresh arguments: [2]
c197	2026-09-04 10:32:02,837 [DEBUG] BaseMappedStatement update data with statement 'UPDATE `account` SET `name` = ? WHERE `id` = ?' and 2 args, changed 1 rows
c197	2026-09-04 10:32:02,837 [TRACE] BaseMappedStatement update arguments: [gjrogejroregjpo, 2]
c197	2026-09-04 10:32:02,838 [DEBUG] BaseMappedStatement prepared statement 'SELECT * FROM `order` WHERE `account_id` = ?' with 1 args
c197	2026-09-04 10:32:02,838 [TRACE] BaseMappedStatement prepared statement arguments: [2]
c197	2026-09-04 10:32:02,838 [DEBUG] StatementExecutor query of 'SELECT * FROM `order` WHERE `account_id` = ?' with 1 args returned 0 results
c197	2026-09-04 10:32:02,838 [DEBUG] BaseMappedStatement query-for-id using 'SELECT * FROM `account` WHERE `id` = ?' and 1 args, got 1 result
c197	2026-09-04 10:32:02,838 [TRACE] BaseMappedStatement query-for-id arguments: [2]
c197	2026-09-04 10:32:02,840 [DEBUG] BaseMappedStatement updating-id with statement 'UPDATE `account` SET `id` = ? WHERE `id` = ?' and 2 args, changed 1 rows
c197	2026-09-04 10:32:02,840 [TRACE] BaseMappedStatement updating-id arguments: [102, 2]
c197	2026-09-04 10:32:02,841 [DEBUG] BaseMappedStatement prepared statement 'SELECT * FROM `order` WHERE `account_id` = ?' with 1 args
c197	2026-09-04 10:32:02,841 [TRACE] BaseMappedStatement prepared statement arguments: [102]
c197	2026-09-04 10:32:02,841 [DEBUG] StatementExecutor query of 'SELECT * FROM `order` WHERE `account_id` = ?' with 1 args returned 0 results
c197	2026-09-04 10:32:02,841 [DEBUG] BaseMappedStatement query-for-id using 'SELECT * FROM `account` WHERE `id` = ?' and 1 args, got 1 result
c197	2026-09-04 10:32:02,841 [TRACE] BaseMappedStatement query-for-id arguments: [102]
c197	2026-09-04 10:32:02,842 [DEBUG] BaseMappedStatement delete data with statement 'DELETE FROM `account` WHERE `id` = ?' and 1 args, changed 1 rows
c197	2026-09-04 10:32:02,843 [TRACE] BaseMappedStatement delete arguments: [102]
c197	2026-09-04 10:32:02,844 [DEBUG] BaseMappedStatement query-for-id using 'SELECT * FROM `account` WHERE `id` = ?' and 1 args, got no results
c197	2026-09-04 10:32:02,844 [TRACE] BaseMappedStatement query-for-id arguments: [102]
c197	2026-09-04 10:32:02,844 [DEBUG] BaseMappedStatement prepared statement 'SELECT * FROM `order` WHERE `account_id` = ?' with 1 args
c197	2026-09-04 10:32:02,844 [TRACE] BaseMappedStatement prepared statement arguments: [1]
c197	2026-09-04 10:32:02,845 [DEBUG] StatementExecutor query of 'SELECT * FROM `order` WHERE `account_id` = ?' with 1 args returned 1 results
c197	2026-09-04 10:32:02,845 [DEBUG] BaseMappedStatement query-for-id using 'SELECT * FROM `account` WHERE `id` = ?' and 1 args, got 1 result
c197	2026-09-04 10:32:02,845 [TRACE] BaseMappedStatement query-for-id arguments: [1]
c197	FT	1	com.j256.ormlite.dao.ForeignCollectionTest#testEagerCollection	PASS				716
c197	FT	2	com.j256.ormlite.dao.RuntimeExceptionDaoTest#testAssignEmptyForeignCollectionThrow	PASS				54
c198	2026-09-04 10:32:03,369 [INFO] TableUtils dropping table 'account'
c198	2026-09-04 10:32:03,608 [INFO] TableUtils ignoring drop error 'org.h2.jdbc.JdbcSQLSyntaxErrorException: Table "ACCOUNT" not found; SQL statement:
c198	DROP TABLE `account`  [42102-200]' for statement: DROP TABLE `account` 
c198	2026-09-04 10:32:03,609 [INFO] TableUtils creating table 'account'
c198	2026-09-04 10:32:03,637 [INFO] TableUtils executed create table statement changed 0 rows: CREATE TABLE `account` (`id` INTEGER AUTO_INCREMENT , `name` VARCHAR(255) , PRIMARY KEY (`id`) ) 
c198	2026-09-04 10:32:03,638 [INFO] TableUtils dropping table 'order'
c198	2026-09-04 10:32:03,638 [INFO] TableUtils ignoring drop error 'org.h2.jdbc.JdbcSQLSyntaxErrorException: Table "ORDER" not found; SQL statement:
c198	DROP TABLE `order`  [42102-200]' for statement: DROP TABLE `order` 
c198	2026-09-04 10:32:03,638 [INFO] TableUtils creating table 'order'
c198	2026-09-04 10:32:03,643 [INFO] TableUtils executed create table statement changed 0 rows: CREATE TABLE `order` (`id` INTEGER AUTO_INCREMENT , `val` INTEGER , `account_id` INTEGER ,  UNIQUE (`val`), PRIMARY KEY (`id`) ) 
c198	2026-09-04 10:32:03,668 [DEBUG] BaseMappedStatement insert data with statement 'INSERT INTO `account` (`name` ) VALUES (?)' and 1 args, changed 1 rows
c198	2026-09-04 10:32:03,668 [TRACE] BaseMappedStatement insert arguments: [fwejpojfpofewjo]
c198	2026-09-04 10:32:03,668 [DEBUG] BaseMappedStatement assigned id '1' from keyholder to 'id' in Account object
c198	2026-09-04 10:32:03,671 [DEBUG] BaseMappedStatement insert data with statement 'INSERT INTO `order` (`val` ,`account_id` ) VALUES (?,?)' and 2 args, changed 1 rows
c198	2026-09-04 10:32:03,671 [TRACE] BaseMappedStatement insert arguments: [1, 1]
c198	2026-09-04 10:32:03,671 [DEBUG] BaseMappedStatement assigned id '1' from keyholder to 'id' in Order object
c198	2026-09-04 10:32:03,672 [DEBUG] BaseMappedStatement insert data with statement 'INSERT INTO `order` (`val` ,`account_id` ) VALUES (?,?)' and 2 args, changed 1 rows
c198	2026-09-04 10:32:03,672 [TRACE] BaseMappedStatement insert arguments: [2, 1]
c198	2026-09-04 10:32:03,672 [DEBUG] BaseMappedStatement assigned id '2' from keyholder to 'id' in Order object
c198	2026-09-04 10:32:03,690 [DEBUG] BaseMappedStatement prepared statement 'SELECT * FROM `order` WHERE `account_id` = ?' with 1 args
c198	2026-09-04 10:32:03,690 [TRACE] BaseMappedStatement prepared statement arguments: [1]
c198	2026-09-04 10:32:03,692 [DEBUG] StatementExecutor query of 'SELECT * FROM `order` WHERE `account_id` = ?' with 1 args returned 2 results
c198	2026-09-04 10:32:03,692 [DEBUG] BaseMappedStatement query-for-id using 'SELECT * FROM `account` WHERE `id` = ?' and 1 args, got 1 result
c198	2026-09-04 10:32:03,692 [TRACE] BaseMappedStatement query-for-id arguments: [1]
c198	FT	1	com.j256.ormlite.dao.ForeignCollectionTest#testEagerCollectionIterator	PASS				627
c198	FT	2	com.j256.ormlite.dao.RuntimeExceptionDaoTest#testAssignEmptyForeignCollectionThrow	PASS				44
c199	2026-09-04 10:32:04,233 [INFO] TableUtils dropping table 'account'
c199	2026-09-04 10:32:04,472 [INFO] TableUtils ignoring drop error 'org.h2.jdbc.JdbcSQLSyntaxErrorException: Table "ACCOUNT" not found; SQL statement:
c199	DROP TABLE `account`  [42102-200]' for statement: DROP TABLE `account` 
c199	2026-09-04 10:32:04,473 [INFO] TableUtils creating table 'account'
c199	2026-09-04 10:32:04,507 [INFO] TableUtils executed create table statement changed 0 rows: CREATE TABLE `account` (`id` INTEGER AUTO_INCREMENT , `name` VARCHAR(255) , PRIMARY KEY (`id`) ) 
c199	2026-09-04 10:32:04,507 [INFO] TableUtils dropping table 'order'
c199	2026-09-04 10:32:04,508 [INFO] TableUtils ignoring drop error 'org.h2.jdbc.JdbcSQLSyntaxErrorException: Table "ORDER" not found; SQL statement:
c199	DROP TABLE `order`  [42102-200]' for statement: DROP TABLE `order` 
c199	2026-09-04 10:32:04,508 [INFO] TableUtils creating table 'order'
c199	2026-09-04 10:32:04,513 [INFO] TableUtils executed create table statement changed 0 rows: CREATE TABLE `order` (`id` INTEGER AUTO_INCREMENT , `val` INTEGER , `account_id` INTEGER ,  UNIQUE (`val`), PRIMARY KEY (`id`) ) 
c199	2026-09-04 10:32:04,541 [DEBUG] BaseMappedStatement insert data with statement 'INSERT INTO `account` (`name` ) VALUES (?)' and 1 args, changed 1 rows
c199	2026-09-04 10:32:04,541 [TRACE] BaseMappedStatement insert arguments: [fwejpojfpofewjo]
c199	2026-09-04 10:32:04,541 [DEBUG] BaseMappedStatement assigned id '1' from keyholder to 'id' in Account object
c199	2026-09-04 10:32:04,544 [DEBUG] BaseMappedStatement insert data with statement 'INSERT INTO `order` (`val` ,`account_id` ) VALUES (?,?)' and 2 args, changed 1 rows
c199	2026-09-04 10:32:04,545 [TRACE] BaseMappedStatement insert arguments: [1, 1]
c199	2026-09-04 10:32:04,545 [DEBUG] BaseMappedStatement assigned id '1' from keyholder to 'id' in Order object
c199	2026-09-04 10:32:04,546 [DEBUG] BaseMappedStatement insert data with statement 'INSERT INTO `order` (`val` ,`account_id` ) VALUES (?,?)' and 2 args, changed 1 rows
c199	2026-09-04 10:32:04,546 [TRACE] BaseMappedStatement insert arguments: [2, 1]
c199	2026-09-04 10:32:04,546 [DEBUG] BaseMappedStatement assigned id '2' from keyholder to 'id' in Order object
c199	2026-09-04 10:32:04,566 [DEBUG] BaseMappedStatement prepared statement 'SELECT * FROM `order` WHERE `account_id` = ?' with 1 args
c199	2026-09-04 10:32:04,567 [TRACE] BaseMappedStatement prepared statement arguments: [1]
c199	2026-09-04 10:32:04,568 [DEBUG] StatementExecutor query of 'SELECT * FROM `order` WHERE `account_id` = ?' with 1 args returned 2 results
c199	2026-09-04 10:32:04,569 [DEBUG] BaseMappedStatement query-for-id using 'SELECT * FROM `account` WHERE `id` = ?' and 1 args, got 1 result
c199	2026-09-04 10:32:04,569 [TRACE] BaseMappedStatement query-for-id arguments: [1]
c199	2026-09-04 10:32:04,570 [DEBUG] BaseMappedStatement insert data with statement 'INSERT INTO `order` (`val` ,`account_id` ) VALUES (?,?)' and 2 args, changed 1 rows
c199	2026-09-04 10:32:04,570 [TRACE] BaseMappedStatement insert arguments: [3, 1]
c199	2026-09-04 10:32:04,570 [DEBUG] BaseMappedStatement assigned id '3' from keyholder to 'id' in Order object
c199	2026-09-04 10:32:04,572 [DEBUG] BaseMappedStatement prepared statement 'SELECT * FROM `order` WHERE `account_id` = ?' with 1 args
c199	2026-09-04 10:32:04,572 [TRACE] BaseMappedStatement prepared statement arguments: [1]
c199	2026-09-04 10:32:04,572 [DEBUG] StatementExecutor query of 'SELECT * FROM `order` WHERE `account_id` = ?' with 1 args returned 3 results
c199	2026-09-04 10:32:04,573 [DEBUG] BaseMappedStatement refresh using 'SELECT * FROM `account` WHERE `id` = ?' and 1 args, got 1 result
c199	2026-09-04 10:32:04,573 [TRACE] BaseMappedStatement refresh arguments: [1]
c199	2026-09-04 10:32:04,577 [DEBUG] BaseMappedStatement delete data with statement 'DELETE FROM `order` WHERE `id` = ?' and 1 args, changed 1 rows
c199	2026-09-04 10:32:04,577 [TRACE] BaseMappedStatement delete arguments: [2]
c199	FT	1	com.j256.ormlite.dao.ForeignCollectionTest#testEagerCollectionIteratorRemove	PASS				720
c199	FT	2	com.j256.ormlite.dao.RuntimeExceptionDaoTest#testAssignEmptyForeignCollectionThrow	PASS				55
c200	2026-09-04 10:32:05,024 [INFO] TableUtils dropping table 'account'
c200	2026-09-04 10:32:05,331 [INFO] TableUtils ignoring drop error 'org.h2.jdbc.JdbcSQLSyntaxErrorException: Table "ACCOUNT" not found; SQL statement:
c200	DROP TABLE `account`  [42102-200]' for statement: DROP TABLE `account` 
c200	2026-09-04 10:32:05,332 [INFO] TableUtils creating table 'account'
c200	2026-09-04 10:32:05,366 [INFO] TableUtils executed create table statement changed 0 rows: CREATE TABLE `account` (`id` INTEGER AUTO_INCREMENT , `name` VARCHAR(255) , PRIMARY KEY (`id`) ) 
c200	2026-09-04 10:32:05,366 [INFO] TableUtils dropping table 'order'
c200	2026-09-04 10:32:05,367 [INFO] TableUtils ignoring drop error 'org.h2.jdbc.JdbcSQLSyntaxErrorException: Table "ORDER" not found; SQL statement:
c200	DROP TABLE `order`  [42102-200]' for statement: DROP TABLE `order` 
c200	2026-09-04 10:32:05,367 [INFO] TableUtils creating table 'order'
c200	2026-09-04 10:32:05,373 [INFO] TableUtils executed create table statement changed 0 rows: CREATE TABLE `order` (`id` INTEGER AUTO_INCREMENT , `val` INTEGER , `account_id` INTEGER ,  UNIQUE (`val`), PRIMARY KEY (`id`) ) 
c200	2026-09-04 10:32:05,393 [DEBUG] BaseMappedStatement insert data with statement 'INSERT INTO `account` (`name` ) VALUES (?)' and 1 args, changed 1 rows
c200	2026-09-04 10:32:05,394 [TRACE] BaseMappedStatement insert arguments: [fwejpojfpofewjo]
c200	2026-09-04 10:32:05,394 [DEBUG] BaseMappedStatement assigned id '1' from keyholder to 'id' in Account object
c200	2026-09-04 10:32:05,410 [DEBUG] BaseMappedStatement prepared statement 'SELECT * FROM `order` WHERE `account_id` = ?' with 1 args
c200	2026-09-04 10:32:05,410 [TRACE] BaseMappedStatement prepared statement arguments: [1]
c200	2026-09-04 10:32:05,411 [DEBUG] StatementExecutor query of 'SELECT * FROM `order` WHERE `account_id` = ?' with 1 args returned 0 results
c200	2026-09-04 10:32:05,411 [DEBUG] BaseMappedStatement query-for-id using 'SELECT * FROM `account` WHERE `id` = ?' and 1 args, got 1 result
c200	2026-09-04 10:32:05,411 [TRACE] BaseMappedStatement query-for-id arguments: [1]
c200	FT	1	com.j256.ormlite.dao.ForeignCollectionTest#testEagerCurrentNone	PASS				683
c200	FT	2	com.j256.ormlite.dao.RuntimeExceptionDaoTest#testAssignEmptyForeignCollectionThrow	PASS				39
c201	2026-09-04 10:32:05,874 [INFO] TableUtils dropping table 'account'
c201	2026-09-04 10:32:06,131 [INFO] TableUtils ignoring drop error 'org.h2.jdbc.JdbcSQLSyntaxErrorException: Table "ACCOUNT" not found; SQL statement:
c201	DROP TABLE `account`  [42102-200]' for statement: DROP TABLE `account` 
c201	2026-09-04 10:32:06,132 [INFO] TableUtils creating table 'account'
c201	2026-09-04 10:32:06,157 [INFO] TableUtils executed create table statement changed 0 rows: CREATE TABLE `account` (`id` INTEGER AUTO_INCREMENT , `name` VARCHAR(255) , PRIMARY KEY (`id`) ) 
c201	2026-09-04 10:32:06,157 [INFO] TableUtils dropping table 'order'
c201	2026-09-04 10:32:06,157 [INFO] TableUtils ignoring drop error 'org.h2.jdbc.JdbcSQLSyntaxErrorException: Table "ORDER" not found; SQL statement:
c201	DROP TABLE `order`  [42102-200]' for statement: DROP TABLE `order` 
c201	2026-09-04 10:32:06,158 [INFO] TableUtils creating table 'order'
c201	2026-09-04 10:32:06,162 [INFO] TableUtils executed create table statement changed 0 rows: CREATE TABLE `order` (`id` INTEGER AUTO_INCREMENT , `val` INTEGER , `account_id` INTEGER ,  UNIQUE (`val`), PRIMARY KEY (`id`) ) 
c201	2026-09-04 10:32:06,183 [DEBUG] BaseMappedStatement insert data with statement 'INSERT INTO `account` (`name` ) VALUES (?)' and 1 args, changed 1 rows
c201	2026-09-04 10:32:06,183 [TRACE] BaseMappedStatement insert arguments: [fwejpojfpofewjo]
c201	2026-09-04 10:32:06,184 [DEBUG] BaseMappedStatement assigned id '1' from keyholder to 'id' in Account object
c201	2026-09-04 10:32:06,204 [DEBUG] BaseMappedStatement prepared statement 'SELECT * FROM `order` WHERE `account_id` = ?' with 1 args
c201	2026-09-04 10:32:06,204 [TRACE] BaseMappedStatement prepared statement arguments: [1]
c201	2026-09-04 10:32:06,206 [DEBUG] StatementExecutor query of 'SELECT * FROM `order` WHERE `account_id` = ?' with 1 args returned 0 results
c201	2026-09-04 10:32:06,206 [DEBUG] BaseMappedStatement query-for-id using 'SELECT * FROM `account` WHERE `id` = ?' and 1 args, got 1 result
c201	2026-09-04 10:32:06,206 [TRACE] BaseMappedStatement query-for-id arguments: [1]
c201	FT	1	com.j256.ormlite.dao.ForeignCollectionTest#testEagerFirstNone	PASS				663
c201	FT	2	com.j256.ormlite.dao.RuntimeExceptionDaoTest#testAssignEmptyForeignCollectionThrow	PASS				57
c202	2026-09-04 10:32:06,706 [INFO] TableUtils dropping table 'account'
c202	2026-09-04 10:32:06,708 [INFO] TableUtils ignoring drop error 'org.h2.jdbc.JdbcSQLSyntaxErrorException: Table "ACCOUNT" not found; SQL statement:
c202	DROP TABLE `account`  [42102-200]' for statement: DROP TABLE `account` 
c202	2026-09-04 10:32:06,709 [INFO] TableUtils creating table 'account'
c202	2026-09-04 10:32:06,750 [INFO] TableUtils executed create table statement changed 0 rows: CREATE TABLE `account` (`id` INTEGER AUTO_INCREMENT , `name` VARCHAR(255) , PRIMARY KEY (`id`) ) 
c202	2026-09-04 10:32:06,750 [INFO] TableUtils dropping table 'order'
c202	2026-09-04 10:32:06,751 [INFO] TableUtils ignoring drop error 'org.h2.jdbc.JdbcSQLSyntaxErrorException: Table "ORDER" not found; SQL statement:
c202	DROP TABLE `order`  [42102-200]' for statement: DROP TABLE `order` 
c202	2026-09-04 10:32:06,751 [INFO] TableUtils creating table 'order'
c202	2026-09-04 10:32:06,756 [INFO] TableUtils executed create table statement changed 0 rows: CREATE TABLE `order` (`id` INTEGER AUTO_INCREMENT , `val` INTEGER , `account_id` INTEGER ,  UNIQUE (`val`), PRIMARY KEY (`id`) ) 
c202	2026-09-04 10:32:06,789 [DEBUG] BaseMappedStatement insert data with statement 'INSERT INTO `account` (`name` ) VALUES (?)' and 1 args, changed 1 rows
c202	2026-09-04 10:32:06,790 [TRACE] BaseMappedStatement insert arguments: [another name]
c202	2026-09-04 10:32:06,790 [DEBUG] BaseMappedStatement assigned id '1' from keyholder to 'id' in Account object
c202	2026-09-04 10:32:06,794 [DEBUG] BaseMappedStatement insert data with statement 'INSERT INTO `order` (`val` ,`account_id` ) VALUES (?,?)' and 2 args, changed 1 rows
c202	2026-09-04 10:32:06,794 [TRACE] BaseMappedStatement insert arguments: [17097, 1]
c202	2026-09-04 10:32:06,794 [DEBUG] BaseMappedStatement assigned id '1' from keyholder to 'id' in Order object
c202	2026-09-04 10:32:06,814 [DEBUG] BaseMappedStatement prepared statement 'SELECT * FROM `order` WHERE `account_id` = ?' with 1 args
c202	2026-09-04 10:32:06,814 [TRACE] BaseMappedStatement prepared statement arguments: [1]
c202	2026-09-04 10:32:06,816 [DEBUG] StatementExecutor query of 'SELECT * FROM `order` WHERE `account_id` = ?' with 1 args returned 1 results
c202	2026-09-04 10:32:06,816 [DEBUG] BaseMappedStatement query-for-id using 'SELECT * FROM `account` WHERE `id` = ?' and 1 args, got 1 result
c202	2026-09-04 10:32:06,816 [TRACE] BaseMappedStatement query-for-id arguments: [1]
c202	FT	1	com.j256.ormlite.dao.ForeignCollectionTest#testEmptyCollection	PASS				451
c202	FT	2	com.j256.ormlite.dao.RuntimeExceptionDaoTest#testAssignEmptyForeignCollectionThrow	PASS				68
c203	2026-09-04 10:32:06,018 [INFO] TableUtils dropping table 'accountordered'
c203	2026-09-04 10:32:06,309 [INFO] TableUtils ignoring drop error 'org.h2.jdbc.JdbcSQLSyntaxErrorException: Table "ACCOUNTORDERED" not found; SQL statement:
c203	DROP TABLE `accountordered`  [42102-200]' for statement: DROP TABLE `accountordered` 
c203	2026-09-04 10:32:06,311 [INFO] TableUtils creating table 'accountordered'
c203	2026-09-04 10:32:06,355 [INFO] TableUtils executed create table statement changed 0 rows: CREATE TABLE `accountordered` (`id` INTEGER AUTO_INCREMENT , `name` VARCHAR(255) , PRIMARY KEY (`id`) ) 
c203	2026-09-04 10:32:06,356 [INFO] TableUtils dropping table 'orderordered'
c203	2026-09-04 10:32:06,358 [INFO] TableUtils ignoring drop error 'org.h2.jdbc.JdbcSQLSyntaxErrorException: Table "ORDERORDERED" not found; SQL statement:
c203	DROP TABLE `orderordered`  [42102-200]' for statement: DROP TABLE `orderordered` 
c203	2026-09-04 10:32:06,359 [INFO] TableUtils creating table 'orderordered'
c203	2026-09-04 10:32:06,368 [INFO] TableUtils executed create table statement changed 0 rows: CREATE TABLE `orderordered` (`id` INTEGER AUTO_INCREMENT , `val` INTEGER , `account_id` INTEGER ,  UNIQUE (`val`), PRIMARY KEY (`id`) ) 
c203	2026-09-04 10:32:06,400 [DEBUG] BaseMappedStatement insert data with statement 'INSERT INTO `accountordered` (`name` ) VALUES (?)' and 1 args, changed 1 rows
c203	2026-09-04 10:32:06,400 [TRACE] BaseMappedStatement insert arguments: [fwepfjewfew]
c203	2026-09-04 10:32:06,400 [DEBUG] BaseMappedStatement assigned id '1' from keyholder to 'id' in AccountOrdered object
c203	2026-09-04 10:32:06,404 [DEBUG] BaseMappedStatement insert data with statement 'INSERT INTO `orderordered` (`val` ,`account_id` ) VALUES (?,?)' and 2 args, changed 1 rows
c203	2026-09-04 10:32:06,404 [TRACE] BaseMappedStatement insert arguments: [3, 1]
c203	2026-09-04 10:32:06,404 [DEBUG] BaseMappedStatement assigned id '1' from keyholder to 'id' in OrderOrdered object
c203	2026-09-04 10:32:06,406 [DEBUG] BaseMappedStatement insert data with statement 'INSERT INTO `orderordered` (`val` ,`account_id` ) VALUES (?,?)' and 2 args, changed 1 rows
c203	2026-09-04 10:32:06,406 [TRACE] BaseMappedStatement insert arguments: [1, 1]
c203	2026-09-04 10:32:06,406 [DEBUG] BaseMappedStatement assigned id '2' from keyholder to 'id' in OrderOrdered object
c203	2026-09-04 10:32:06,408 [DEBUG] BaseMappedStatement insert data with statement 'INSERT INTO `orderordered` (`val` ,`account_id` ) VALUES (?,?)' and 2 args, changed 1 rows
c203	2026-09-04 10:32:06,408 [TRACE] BaseMappedStatement insert arguments: [2, 1]
c203	2026-09-04 10:32:06,408 [DEBUG] BaseMappedStatement assigned id '3' from keyholder to 'id' in OrderOrdered object
c203	2026-09-04 10:32:06,433 [DEBUG] BaseMappedStatement prepared statement 'SELECT * FROM `orderordered` WHERE `account_id` = ? ORDER BY `val`' with 1 args
c203	2026-09-04 10:32:06,434 [TRACE] BaseMappedStatement prepared statement arguments: [1]
c203	2026-09-04 10:32:06,436 [DEBUG] StatementExecutor query of 'SELECT * FROM `orderordered` WHERE `account_id` = ? ORDER BY `val`' with 1 args returned 3 results
c203	2026-09-04 10:32:06,436 [DEBUG] BaseMappedStatement query-for-id using 'SELECT * FROM `accountordered` WHERE `id` = ?' and 1 args, got 1 result
c203	2026-09-04 10:32:06,436 [TRACE] BaseMappedStatement query-for-id arguments: [1]
c203	FT	1	com.j256.ormlite.dao.ForeignCollectionTest#testFieldOrder	PASS				-606
c203	FT	2	com.j256.ormlite.dao.RuntimeExceptionDaoTest#testAssignEmptyForeignCollectionThrow	PASS				68
c204	2026-09-04 10:32:07,094 [INFO] TableUtils dropping table 'accountordereddesc'
c204	2026-09-04 10:32:07,428 [INFO] TableUtils ignoring drop error 'org.h2.jdbc.JdbcSQLSyntaxErrorException: Table "ACCOUNTORDEREDDESC" not found; SQL statement:
c204	DROP TABLE `accountordereddesc`  [42102-200]' for statement: DROP TABLE `accountordereddesc` 
c204	2026-09-04 10:32:07,430 [INFO] TableUtils creating table 'accountordereddesc'
c204	2026-09-04 10:32:07,480 [INFO] TableUtils executed create table statement changed 0 rows: CREATE TABLE `accountordereddesc` (`id` INTEGER AUTO_INCREMENT , `name` VARCHAR(255) , PRIMARY KEY (`id`) ) 
c204	2026-09-04 10:32:07,481 [INFO] TableUtils dropping table 'orderordereddesc'
c204	2026-09-04 10:32:07,481 [INFO] TableUtils ignoring drop error 'org.h2.jdbc.JdbcSQLSyntaxErrorException: Table "ORDERORDEREDDESC" not found; SQL statement:
c204	DROP TABLE `orderordereddesc`  [42102-200]' for statement: DROP TABLE `orderordereddesc` 
c204	2026-09-04 10:32:07,481 [INFO] TableUtils creating table 'orderordereddesc'
c204	2026-09-04 10:32:07,487 [INFO] TableUtils executed create table statement changed 0 rows: CREATE TABLE `orderordereddesc` (`id` INTEGER AUTO_INCREMENT , `val` INTEGER , `account_id` INTEGER ,  UNIQUE (`val`), PRIMARY KEY (`id`) ) 
c204	2026-09-04 10:32:07,519 [DEBUG] BaseMappedStatement insert data with statement 'INSERT INTO `accountordereddesc` (`name` ) VALUES (?)' and 1 args, changed 1 rows
c204	2026-09-04 10:32:07,519 [TRACE] BaseMappedStatement insert arguments: [fwepfjewfew]
c204	2026-09-04 10:32:07,519 [DEBUG] BaseMappedStatement assigned id '1' from keyholder to 'id' in AccountOrderedDesc object
c204	2026-09-04 10:32:07,524 [DEBUG] BaseMappedStatement insert data with statement 'INSERT INTO `orderordereddesc` (`val` ,`account_id` ) VALUES (?,?)' and 2 args, changed 1 rows
c204	2026-09-04 10:32:07,524 [TRACE] BaseMappedStatement insert arguments: [3, 1]
c204	2026-09-04 10:32:07,525 [DEBUG] BaseMappedStatement assigned id '1' from keyholder to 'id' in OrderOrderedDesc object
c204	2026-09-04 10:32:07,526 [DEBUG] BaseMappedStatement insert data with statement 'INSERT INTO `orderordereddesc` (`val` ,`account_id` ) VALUES (?,?)' and 2 args, changed 1 rows
c204	2026-09-04 10:32:07,526 [TRACE] BaseMappedStatement insert arguments: [1, 1]
c204	2026-09-04 10:32:07,527 [DEBUG] BaseMappedStatement assigned id '2' from keyholder to 'id' in OrderOrderedDesc object
c204	2026-09-04 10:32:07,528 [DEBUG] BaseMappedStatement insert data with statement 'INSERT INTO `orderordereddesc` (`val` ,`account_id` ) VALUES (?,?)' and 2 args, changed 1 rows
c204	2026-09-04 10:32:07,528 [TRACE] BaseMappedStatement insert arguments: [2, 1]
c204	2026-09-04 10:32:07,528 [DEBUG] BaseMappedStatement assigned id '3' from keyholder to 'id' in OrderOrderedDesc object
c204	2026-09-04 10:32:07,567 [DEBUG] BaseMappedStatement prepared statement 'SELECT * FROM `orderordereddesc` WHERE `account_id` = ? ORDER BY `val` DESC' with 1 args
c204	2026-09-04 10:32:07,567 [TRACE] BaseMappedStatement prepared statement arguments: [1]
c204	2026-09-04 10:32:07,570 [DEBUG] StatementExecutor query of 'SELECT * FROM `orderordereddesc` WHERE `account_id` = ? ORDER BY `val` DESC' with 1 args returned 3 results
c204	2026-09-04 10:32:07,570 [DEBUG] BaseMappedStatement query-for-id using 'SELECT * FROM `accountordereddesc` WHERE `id` = ?' and 1 args, got 1 result
c204	2026-09-04 10:32:07,570 [TRACE] BaseMappedStatement query-for-id arguments: [1]
c204	FT	1	com.j256.ormlite.dao.ForeignCollectionTest#testFieldOrderDesc	PASS				954
c204	FT	2	com.j256.ormlite.dao.RuntimeExceptionDaoTest#testAssignEmptyForeignCollectionThrow	PASS				101
c205	2026-09-04 10:32:08,186 [INFO] TableUtils dropping table 'order'
c205	2026-09-04 10:32:08,517 [INFO] TableUtils ignoring drop error 'org.h2.jdbc.JdbcSQLSyntaxErrorException: Table "ORDER" not found; SQL statement:
c205	DROP TABLE `order`  [42102-200]' for statement: DROP TABLE `order` 
c205	2026-09-04 10:32:08,518 [INFO] TableUtils creating table 'order'
c205	2026-09-04 10:32:08,569 [INFO] TableUtils executed create table statement changed 0 rows: CREATE TABLE `order` (`id` INTEGER AUTO_INCREMENT , `val` INTEGER , `account_id` INTEGER ,  UNIQUE (`val`), PRIMARY KEY (`id`) ) 
c205	2026-09-04 10:32:08,570 [INFO] TableUtils dropping table 'account'
c205	2026-09-04 10:32:08,570 [INFO] TableUtils ignoring drop error 'org.h2.jdbc.JdbcSQLSyntaxErrorException: Table "ACCOUNT" not found; SQL statement:
c205	DROP TABLE `account`  [42102-200]' for statement: DROP TABLE `account` 
c205	2026-09-04 10:32:08,571 [INFO] TableUtils creating table 'account'
c205	2026-09-04 10:32:08,574 [INFO] TableUtils executed create table statement changed 0 rows: CREATE TABLE `account` (`id` INTEGER AUTO_INCREMENT , `name` VARCHAR(255) , PRIMARY KEY (`id`) ) 
c205	2026-09-04 10:32:08,578 [INFO] TableUtils dropping table 'foreignautorefresh'
c205	2026-09-04 10:32:08,579 [INFO] TableUtils ignoring drop error 'org.h2.jdbc.JdbcSQLSyntaxErrorException: Table "FOREIGNAUTOREFRESH" not found; SQL statement:
c205	DROP TABLE `foreignautorefresh`  [42102-200]' for statement: DROP TABLE `foreignautorefresh` 
c205	2026-09-04 10:32:08,580 [INFO] TableUtils creating table 'foreignautorefresh'
c205	2026-09-04 10:32:08,581 [INFO] TableUtils executed create table statement changed 0 rows: CREATE TABLE `foreignautorefresh` (`id` INTEGER AUTO_INCREMENT , `account_id` INTEGER , PRIMARY KEY (`id`) ) 
c205	2026-09-04 10:32:08,615 [DEBUG] BaseMappedStatement insert data with statement 'INSERT INTO `account` (`name` ) VALUES (?)' and 1 args, changed 1 rows
c205	2026-09-04 10:32:08,616 [TRACE] BaseMappedStatement insert arguments: [fwepfjewfew]
c205	2026-09-04 10:32:08,617 [DEBUG] BaseMappedStatement assigned id '1' from keyholder to 'id' in Account object
c205	2026-09-04 10:32:08,619 [DEBUG] BaseMappedStatement insert data with statement 'INSERT INTO `foreignautorefresh` (`account_id` ) VALUES (?)' and 1 args, changed 1 rows
c205	2026-09-04 10:32:08,619 [TRACE] BaseMappedStatement insert arguments: [1]
c205	2026-09-04 10:32:08,619 [DEBUG] BaseMappedStatement assigned id '1' from keyholder to 'id' in ForeignAutoRefresh object
c205	2026-09-04 10:32:08,635 [DEBUG] BaseMappedStatement prepared statement 'SELECT * FROM `foreignautorefresh`' with 0 args
c205	2026-09-04 10:32:08,646 [DEBUG] BaseMappedStatement prepared statement 'SELECT * FROM `order` WHERE `account_id` = ?' with 1 args
c205	2026-09-04 10:32:08,646 [TRACE] BaseMappedStatement prepared statement arguments: [1]
c205	2026-09-04 10:32:08,646 [DEBUG] StatementExecutor query of 'SELECT * FROM `order` WHERE `account_id` = ?' with 1 args returned 0 results
c205	2026-09-04 10:32:08,646 [DEBUG] BaseMappedStatement query-for-id using 'SELECT * FROM `account` WHERE `id` = ?' and 1 args, got 1 result
c205	2026-09-04 10:32:08,646 [TRACE] BaseMappedStatement query-for-id arguments: [1]
c205	2026-09-04 10:32:08,647 [DEBUG] StatementExecutor query of 'SELECT * FROM `foreignautorefresh`' with 0 args returned 1 results
c205	FT	1	com.j256.ormlite.dao.ForeignCollectionTest#testForeignAutoRefreshWithCollection	PASS				855
c205	FT	2	com.j256.ormlite.dao.RuntimeExceptionDaoTest#testAssignEmptyForeignCollectionThrow	PASS				50
c206	2026-09-04 10:32:09,154 [INFO] TableUtils dropping table 'account'
c206	2026-09-04 10:32:09,458 [INFO] TableUtils ignoring drop error 'org.h2.jdbc.JdbcSQLSyntaxErrorException: Table "ACCOUNT" not found; SQL statement:
c206	DROP TABLE `account`  [42102-200]' for statement: DROP TABLE `account` 
c206	2026-09-04 10:32:09,460 [INFO] TableUtils creating table 'account'
c206	2026-09-04 10:32:09,496 [INFO] TableUtils executed create table statement changed 0 rows: CREATE TABLE `account` (`id` INTEGER AUTO_INCREMENT , `name` VARCHAR(255) , PRIMARY KEY (`id`) ) 
c206	2026-09-04 10:32:09,497 [INFO] TableUtils dropping table 'order'
c206	2026-09-04 10:32:09,497 [INFO] TableUtils ignoring drop error 'org.h2.jdbc.JdbcSQLSyntaxErrorException: Table "ORDER" not found; SQL statement:
c206	DROP TABLE `order`  [42102-200]' for statement: DROP TABLE `order` 
c206	2026-09-04 10:32:09,497 [INFO] TableUtils creating table 'order'
c206	2026-09-04 10:32:09,504 [INFO] TableUtils executed create table statement changed 0 rows: CREATE TABLE `order` (`id` INTEGER AUTO_INCREMENT , `val` INTEGER , `account_id` INTEGER ,  UNIQUE (`val`), PRIMARY KEY (`id`) ) 
c206	2026-09-04 10:32:09,530 [DEBUG] BaseMappedStatement insert data with statement 'INSERT INTO `account` (`name` ) VALUES (?)' and 1 args, changed 1 rows
c206	2026-09-04 10:32:09,531 [TRACE] BaseMappedStatement insert arguments: [fwejpojfpofewjo]
c206	2026-09-04 10:32:09,531 [DEBUG] BaseMappedStatement assigned id '1' from keyholder to 'id' in Account object
c206	2026-09-04 10:32:09,534 [DEBUG] BaseMappedStatement insert data with statement 'INSERT INTO `order` (`val` ,`account_id` ) VALUES (?,?)' and 2 args, changed 1 rows
c206	2026-09-04 10:32:09,535 [TRACE] BaseMappedStatement insert arguments: [1321312, 1]
c206	2026-09-04 10:32:09,535 [DEBUG] BaseMappedStatement assigned id '1' from keyholder to 'id' in Order object
c206	2026-09-04 10:32:09,552 [DEBUG] BaseMappedStatement prepared statement 'SELECT * FROM `order` WHERE `account_id` = ?' with 1 args
c206	2026-09-04 10:32:09,553 [TRACE] BaseMappedStatement prepared statement arguments: [1]
c206	2026-09-04 10:32:09,554 [DEBUG] StatementExecutor query of 'SELECT * FROM `order` WHERE `account_id` = ?' with 1 args returned 1 results
c206	2026-09-04 10:32:09,554 [DEBUG] BaseMappedStatement query-for-id using 'SELECT * FROM `account` WHERE `id` = ?' and 1 args, got 1 result
c206	2026-09-04 10:32:09,554 [TRACE] BaseMappedStatement query-for-id arguments: [1]
c206	2026-09-04 10:32:09,556 [DEBUG] BaseMappedStatement prepared statement 'SELECT * FROM `order` WHERE `account_id` = ?' with 1 args
c206	2026-09-04 10:32:09,556 [TRACE] BaseMappedStatement prepared statement arguments: [1]
c206	2026-09-04 10:32:09,557 [DEBUG] StatementExecutor query of 'SELECT * FROM `order` WHERE `account_id` = ?' with 1 args returned 1 results
c206	2026-09-04 10:32:09,557 [DEBUG] BaseMappedStatement query-for-id using 'SELECT * FROM `account` WHERE `id` = ?' and 1 args, got 1 result
c206	2026-09-04 10:32:09,557 [TRACE] BaseMappedStatement query-for-id arguments: [1]
c206	FT	1	com.j256.ormlite.dao.ForeignCollectionTest#testForeignCollectionCache	PASS				750
c206	FT	2	com.j256.ormlite.dao.RuntimeExceptionDaoTest#testAssignEmptyForeignCollectionThrow	PASS				45
c207	2026-09-04 10:32:10,036 [INFO] TableUtils dropping table 'foreignfieldname'
c207	2026-09-04 10:32:10,383 [INFO] TableUtils ignoring drop error 'org.h2.jdbc.JdbcSQLSyntaxErrorException: Table "FOREIGNFIELDNAME" not found; SQL statement:
c207	DROP TABLE `foreignfieldname`  [42102-200]' for statement: DROP TABLE `foreignfieldname` 
c207	2026-09-04 10:32:10,384 [INFO] TableUtils creating table 'foreignfieldname'
c207	2026-09-04 10:32:10,429 [INFO] TableUtils executed create table statement changed 0 rows: CREATE TABLE `foreignfieldname` (`id` INTEGER AUTO_INCREMENT , `stuff` VARCHAR(255) , `f1` INTEGER , `f2` INTEGER , PRIMARY KEY (`id`) ) 
c207	2026-09-04 10:32:10,429 [INFO] TableUtils dropping table 'foreignfieldnameforeign'
c207	2026-09-04 10:32:10,430 [INFO] TableUtils ignoring drop error 'org.h2.jdbc.JdbcSQLSyntaxErrorException: Table "FOREIGNFIELDNAMEFOREIGN" not found; SQL statement:
c207	DROP TABLE `foreignfieldnameforeign`  [42102-200]' for statement: DROP TABLE `foreignfieldnameforeign` 
c207	2026-09-04 10:32:10,430 [INFO] TableUtils creating table 'foreignfieldnameforeign'
c207	2026-09-04 10:32:10,432 [INFO] TableUtils executed create table statement changed 0 rows: CREATE TABLE `foreignfieldnameforeign` (`id` INTEGER AUTO_INCREMENT , `stuff` VARCHAR(255) , PRIMARY KEY (`id`) ) 
c207	2026-09-04 10:32:10,473 [DEBUG] BaseMappedStatement insert data with statement 'INSERT INTO `foreignfieldnameforeign` (`stuff` ) VALUES (?)' and 1 args, changed 1 rows
c207	2026-09-04 10:32:10,473 [TRACE] BaseMappedStatement insert arguments: [fjpowejfwef]
c207	2026-09-04 10:32:10,474 [DEBUG] BaseMappedStatement assigned id '1' from keyholder to 'id' in ForeignFieldNameForeign object
c207	2026-09-04 10:32:10,476 [DEBUG] BaseMappedStatement insert data with statement 'INSERT INTO `foreignfieldnameforeign` (`stuff` ) VALUES (?)' and 1 args, changed 1 rows
c207	2026-09-04 10:32:10,476 [TRACE] BaseMappedStatement insert arguments: [efefefefe]
c207	2026-09-04 10:32:10,476 [DEBUG] BaseMappedStatement assigned id '2' from keyholder to 'id' in ForeignFieldNameForeign object
c207	2026-09-04 10:32:10,480 [DEBUG] BaseMappedStatement insert data with statement 'INSERT INTO `foreignfieldname` (`stuff` ,`f1` ,`f2` ) VALUES (?,?,?)' and 3 args, changed 1 rows
c207	2026-09-04 10:32:10,480 [TRACE] BaseMappedStatement insert arguments: [ewpojfwepfjwe, 1, 2]
c207	2026-09-04 10:32:10,481 [DEBUG] BaseMappedStatement assigned id '1' from keyholder to 'id' in ForeignFieldName object
c207	2026-09-04 10:32:10,482 [DEBUG] BaseMappedStatement insert data with statement 'INSERT INTO `foreignfieldname` (`stuff` ,`f1` ,`f2` ) VALUES (?,?,?)' and 3 args, changed 1 rows
c207	2026-09-04 10:32:10,483 [TRACE] BaseMappedStatement insert arguments: [2131232312, 2, 1]
c207	2026-09-04 10:32:10,483 [DEBUG] BaseMappedStatement assigned id '2' from keyholder to 'id' in ForeignFieldName object
c207	2026-09-04 10:32:10,504 [DEBUG] BaseMappedStatement query-for-id using 'SELECT * FROM `foreignfieldnameforeign` WHERE `id` = ?' and 1 args, got 1 result
c207	2026-09-04 10:32:10,504 [TRACE] BaseMappedStatement query-for-id arguments: [1]
c207	2026-09-04 10:32:10,513 [DEBUG] BaseMappedStatement prepared statement 'SELECT * FROM `foreignfieldname` WHERE `f1` = ?' with 1 args
c207	2026-09-04 10:32:10,513 [TRACE] BaseMappedStatement prepared statement arguments: [1]
c207	2026-09-04 10:32:10,516 [DEBUG] BaseMappedStatement prepared statement 'SELECT * FROM `foreignfieldname` WHERE `f2` = ?' with 1 args
c207	2026-09-04 10:32:10,516 [TRACE] BaseMappedStatement prepared statement arguments: [1]
c207	FT	1	com.j256.ormlite.dao.ForeignCollectionTest#testForeignCollectionMultipleForeign	PASS				820
c207	FT	2	com.j256.ormlite.dao.RuntimeExceptionDaoTest#testAssignEmptyForeignCollectionThrow	PASS				70
c208	2026-09-04 10:32:11,051 [INFO] TableUtils dropping table 'foreignautorefreshsame'
c208	2026-09-04 10:32:11,251 [INFO] TableUtils ignoring drop error 'org.h2.jdbc.JdbcSQLSyntaxErrorException: Table "FOREIGNAUTOREFRESHSAME" not found; SQL statement:
c208	DROP TABLE `foreignautorefreshsame`  [42102-200]' for statement: DROP TABLE `foreignautorefreshsame` 
c208	2026-09-04 10:32:11,251 [INFO] TableUtils creating table 'foreignautorefreshsame'
c208	2026-09-04 10:32:11,275 [INFO] TableUtils executed create table statement changed 0 rows: CREATE TABLE `foreignautorefreshsame` (`id` INTEGER AUTO_INCREMENT , `stuff` VARCHAR(255) , `foreign_id` INTEGER , PRIMARY KEY (`id`) ) 
c208	2026-09-04 10:32:11,276 [INFO] TableUtils dropping table 'foreignautorefreshsamecollection'
c208	2026-09-04 10:32:11,276 [INFO] TableUtils ignoring drop error 'org.h2.jdbc.JdbcSQLSyntaxErrorException: Table "FOREIGNAUTOREFRESHSAMECOLLECTION" not found; SQL statement:
c208	DROP TABLE `foreignautorefreshsamecollection`  [42102-200]' for statement: DROP TABLE `foreignautorefreshsamecollection` 
c208	2026-09-04 10:32:11,276 [INFO] TableUtils creating table 'foreignautorefreshsamecollection'
c208	2026-09-04 10:32:11,279 [INFO] TableUtils executed create table statement changed 0 rows: CREATE TABLE `foreignautorefreshsamecollection` (`id` INTEGER AUTO_INCREMENT , `val` INTEGER , PRIMARY KEY (`id`) ) 
c208	2026-09-04 10:32:11,297 [DEBUG] BaseMappedStatement insert data with statement 'INSERT INTO `foreignautorefreshsamecollection` (`val` ) VALUES (?)' and 1 args, changed 1 rows
c208	2026-09-04 10:32:11,297 [TRACE] BaseMappedStatement insert arguments: [428524234]
c208	2026-09-04 10:32:11,297 [DEBUG] BaseMappedStatement assigned id '1' from keyholder to 'id' in ForeignAutoRefreshSameCollection object
c208	2026-09-04 10:32:11,298 [DEBUG] BaseMappedStatement insert data with statement 'INSERT INTO `foreignautorefreshsame` (`stuff` ,`foreign_id` ) VALUES (?,?)' and 2 args, changed 1 rows
c208	2026-09-04 10:32:11,298 [TRACE] BaseMappedStatement insert arguments: [null, 1]
c208	2026-09-04 10:32:11,298 [DEBUG] BaseMappedStatement assigned id '1' from keyholder to 'id' in ForeignAutoRefreshSame object
c208	2026-09-04 10:32:11,299 [DEBUG] BaseMappedStatement insert data with statement 'INSERT INTO `foreignautorefreshsame` (`stuff` ,`foreign_id` ) VALUES (?,?)' and 2 args, changed 1 rows
c208	2026-09-04 10:32:11,299 [TRACE] BaseMappedStatement insert arguments: [null, 1]
c208	2026-09-04 10:32:11,299 [DEBUG] BaseMappedStatement assigned id '2' from keyholder to 'id' in ForeignAutoRefreshSame object
c208	2026-09-04 10:32:11,314 [DEBUG] BaseMappedStatement prepared statement 'SELECT * FROM `foreignautorefreshsame` WHERE `foreign_id` = ?' with 1 args
c208	2026-09-04 10:32:11,314 [TRACE] BaseMappedStatement prepared statement arguments: [1]
c208	2026-09-04 10:32:11,315 [DEBUG] StatementExecutor query of 'SELECT * FROM `foreignautorefreshsame` WHERE `foreign_id` = ?' with 1 args returned 2 results
c208	2026-09-04 10:32:11,316 [DEBUG] BaseMappedStatement query-for-id using 'SELECT * FROM `foreignautorefreshsamecollection` WHERE `id` = ?' and 1 args, got 1 result
c208	2026-09-04 10:32:11,316 [TRACE] BaseMappedStatement query-for-id arguments: [1]
c208	FT	1	com.j256.ormlite.dao.ForeignCollectionTest#testForeignCollectionSameAutoRefresh	PASS				566
c208	FT	2	com.j256.ormlite.dao.RuntimeExceptionDaoTest#testAssignEmptyForeignCollectionThrow	PASS				36
c209	2026-09-04 10:32:11,736 [INFO] TableUtils dropping table 'first'
c209	2026-09-04 10:32:11,961 [INFO] TableUtils ignoring drop error 'org.h2.jdbc.JdbcSQLSyntaxErrorException: Table "FIRST" not found; SQL statement:
c209	DROP TABLE `first`  [42102-200]' for statement: DROP TABLE `first` 
c209	2026-09-04 10:32:11,962 [INFO] TableUtils creating table 'first'
c209	2026-09-04 10:32:11,986 [INFO] TableUtils executed create table statement changed 0 rows: CREATE TABLE `first` (`id` INTEGER AUTO_INCREMENT , PRIMARY KEY (`id`) ) 
c209	2026-09-04 10:32:11,987 [INFO] TableUtils dropping table 'second'
c209	2026-09-04 10:32:11,987 [INFO] TableUtils ignoring drop error 'org.h2.jdbc.JdbcSQLSyntaxErrorException: Table "SECOND" not found; SQL statement:
c209	DROP TABLE `second`  [42102-200]' for statement: DROP TABLE `second` 
c209	2026-09-04 10:32:11,987 [INFO] TableUtils creating table 'second'
c209	2026-09-04 10:32:11,988 [INFO] TableUtils executed create table statement changed 0 rows: CREATE TABLE `second` (`id` INTEGER AUTO_INCREMENT , `first_id` INTEGER , PRIMARY KEY (`id`) ) 
c209	2026-09-04 10:32:11,989 [INFO] TableUtils dropping table 'third'
c209	2026-09-04 10:32:11,989 [INFO] TableUtils ignoring drop error 'org.h2.jdbc.JdbcSQLSyntaxErrorException: Table "THIRD" not found; SQL statement:
c209	DROP TABLE `third`  [42102-200]' for statement: DROP TABLE `third` 
c209	2026-09-04 10:32:11,989 [INFO] TableUtils creating table 'third'
c209	2026-09-04 10:32:11,991 [INFO] TableUtils executed create table statement changed 0 rows: CREATE TABLE `third` (`id` INTEGER AUTO_INCREMENT , `second_id` INTEGER , `stuff` VARCHAR(255) , PRIMARY KEY (`id`) ) 
c209	2026-09-04 10:32:12,010 [DEBUG] BaseMappedStatement insert data with statement 'INSERT INTO `first` () VALUES ()' and 0 args, changed 1 rows
c209	2026-09-04 10:32:12,011 [DEBUG] BaseMappedStatement assigned id '1' from keyholder to 'id' in First object
c209	2026-09-04 10:32:12,012 [DEBUG] BaseMappedStatement insert data with statement 'INSERT INTO `second` (`first_id` ) VALUES (?)' and 1 args, changed 1 rows
c209	2026-09-04 10:32:12,012 [TRACE] BaseMappedStatement insert arguments: [1]
c209	2026-09-04 10:32:12,013 [DEBUG] BaseMappedStatement assigned id '1' from keyholder to 'id' in Second object
c209	2026-09-04 10:32:12,014 [DEBUG] BaseMappedStatement insert data with statement 'INSERT INTO `third` (`second_id` ,`stuff` ) VALUES (?,?)' and 2 args, changed 1 rows
c209	2026-09-04 10:32:12,014 [TRACE] BaseMappedStatement insert arguments: [1, owejfpweofj]
c209	2026-09-04 10:32:12,014 [DEBUG] BaseMappedStatement assigned id '1' from keyholder to 'id' in Third object
c209	2026-09-04 10:32:12,025 [DEBUG] BaseMappedStatement query-for-id using 'SELECT * FROM `first` WHERE `id` = ?' and 1 args, got 1 result
c209	2026-09-04 10:32:12,025 [TRACE] BaseMappedStatement query-for-id arguments: [1]
c209	2026-09-04 10:32:12,029 [DEBUG] BaseMappedStatement prepared statement 'SELECT * FROM `second` WHERE `first_id` = ?' with 1 args
c209	2026-09-04 10:32:12,029 [TRACE] BaseMappedStatement prepared statement arguments: [1]
c209	2026-09-04 10:32:12,030 [DEBUG] BaseMappedStatement prepared statement 'SELECT * FROM `third` WHERE `second_id` = ?' with 1 args
c209	2026-09-04 10:32:12,030 [TRACE] BaseMappedStatement prepared statement arguments: [1]
c209	FT	1	com.j256.ormlite.dao.ForeignCollectionTest#testForeignCollectionWithForeignCollection	PASS				600
c209	FT	2	com.j256.ormlite.dao.RuntimeExceptionDaoTest#testAssignEmptyForeignCollectionThrow	PASS				36
c210	2026-09-04 10:32:12,451 [INFO] TableUtils dropping table 'eagerconnection'
c210	2026-09-04 10:32:12,717 [INFO] TableUtils ignoring drop error 'org.h2.jdbc.JdbcSQLSyntaxErrorException: Table "EAGERCONNECTION" not found; SQL statement:
c210	DROP TABLE `eagerconnection`  [42102-200]' for statement: DROP TABLE `eagerconnection` 
c210	2026-09-04 10:32:12,718 [INFO] TableUtils creating table 'eagerconnection'
c210	2026-09-04 10:32:12,754 [INFO] TableUtils executed create table statement changed 0 rows: CREATE TABLE `eagerconnection` (`id` INTEGER AUTO_INCREMENT , `stuff` VARCHAR(255) , `from_id` INTEGER , `to_id` INTEGER , PRIMARY KEY (`id`) ) 
c210	2026-09-04 10:32:12,755 [INFO] TableUtils dropping table 'eagernode'
c210	2026-09-04 10:32:12,755 [INFO] TableUtils ignoring drop error 'org.h2.jdbc.JdbcSQLSyntaxErrorException: Table "EAGERNODE" not found; SQL statement:
c210	DROP TABLE `eagernode`  [42102-200]' for statement: DROP TABLE `eagernode` 
c210	2026-09-04 10:32:12,755 [INFO] TableUtils creating table 'eagernode'
c210	2026-09-04 10:32:12,756 [INFO] TableUtils executed create table statement changed 0 rows: CREATE TABLE `eagernode` (`id` INTEGER AUTO_INCREMENT , `stuff` VARCHAR(255) , PRIMARY KEY (`id`) ) 
c210	2026-09-04 10:32:12,778 [DEBUG] BaseMappedStatement insert data with statement 'INSERT INTO `eagernode` (`stuff` ) VALUES (?)' and 1 args, changed 1 rows
c210	2026-09-04 10:32:12,779 [TRACE] BaseMappedStatement insert arguments: [null]
c210	2026-09-04 10:32:12,779 [DEBUG] BaseMappedStatement assigned id '1' from keyholder to 'id' in EagerNode object
c210	2026-09-04 10:32:12,780 [DEBUG] BaseMappedStatement insert data with statement 'INSERT INTO `eagernode` (`stuff` ) VALUES (?)' and 1 args, changed 1 rows
c210	2026-09-04 10:32:12,780 [TRACE] BaseMappedStatement insert arguments: [null]
c210	2026-09-04 10:32:12,780 [DEBUG] BaseMappedStatement assigned id '2' from keyholder to 'id' in EagerNode object
c210	2026-09-04 10:32:12,782 [DEBUG] BaseMappedStatement insert data with statement 'INSERT INTO `eagerconnection` (`stuff` ,`from_id` ,`to_id` ) VALUES (?,?,?)' and 3 args, changed 1 rows
c210	2026-09-04 10:32:12,782 [TRACE] BaseMappedStatement insert arguments: [null, 1, 2]
c210	2026-09-04 10:32:12,782 [DEBUG] BaseMappedStatement assigned id '1' from keyholder to 'id' in EagerConnection object
c210	2026-09-04 10:32:12,812 [DEBUG] BaseMappedStatement prepared statement 'SELECT * FROM `eagerconnection` WHERE `from_id` = ?' with 1 args
c210	2026-09-04 10:32:12,812 [TRACE] BaseMappedStatement prepared statement arguments: [1]
c210	2026-09-04 10:32:12,814 [DEBUG] StatementExecutor query of 'SELECT * FROM `eagerconnection` WHERE `from_id` = ?' with 1 args returned 1 results
c210	2026-09-04 10:32:12,815 [DEBUG] BaseMappedStatement prepared statement 'SELECT * FROM `eagerconnection` WHERE `to_id` = ?' with 1 args
c210	2026-09-04 10:32:12,815 [TRACE] BaseMappedStatement prepared statement arguments: [1]
c210	2026-09-04 10:32:12,816 [DEBUG] StatementExecutor query of 'SELECT * FROM `eagerconnection` WHERE `to_id` = ?' with 1 args returned 0 results
c210	2026-09-04 10:32:12,816 [DEBUG] BaseMappedStatement query-for-id using 'SELECT * FROM `eagernode` WHERE `id` = ?' and 1 args, got 1 result
c210	2026-09-04 10:32:12,816 [TRACE] BaseMappedStatement query-for-id arguments: [1]
c210	FT	1	com.j256.ormlite.dao.ForeignCollectionTest#testForeignLinkage	PASS				670
c210	FT	2	com.j256.ormlite.dao.RuntimeExceptionDaoTest#testAssignEmptyForeignCollectionThrow	PASS				56
c211	2026-09-04 10:32:13,287 [INFO] TableUtils dropping table 'eagerconnection'
c211	2026-09-04 10:32:13,547 [INFO] TableUtils ignoring drop error 'org.h2.jdbc.JdbcSQLSyntaxErrorException: Table "EAGERCONNECTION" not found; SQL statement:
c211	DROP TABLE `eagerconnection`  [42102-200]' for statement: DROP TABLE `eagerconnection` 
c211	2026-09-04 10:32:13,548 [INFO] TableUtils creating table 'eagerconnection'
c211	2026-09-04 10:32:13,574 [INFO] TableUtils executed create table statement changed 0 rows: CREATE TABLE `eagerconnection` (`id` INTEGER AUTO_INCREMENT , `stuff` VARCHAR(255) , `from_id` INTEGER , `to_id` INTEGER , PRIMARY KEY (`id`) ) 
c211	2026-09-04 10:32:13,575 [INFO] TableUtils dropping table 'eagernode'
c211	2026-09-04 10:32:13,575 [INFO] TableUtils ignoring drop error 'org.h2.jdbc.JdbcSQLSyntaxErrorException: Table "EAGERNODE" not found; SQL statement:
c211	DROP TABLE `eagernode`  [42102-200]' for statement: DROP TABLE `eagernode` 
c211	2026-09-04 10:32:13,575 [INFO] TableUtils creating table 'eagernode'
c211	2026-09-04 10:32:13,576 [INFO] TableUtils executed create table statement changed 0 rows: CREATE TABLE `eagernode` (`id` INTEGER AUTO_INCREMENT , `stuff` VARCHAR(255) , PRIMARY KEY (`id`) ) 
c211	2026-09-04 10:32:13,600 [DEBUG] BaseMappedStatement insert data with statement 'INSERT INTO `eagernode` (`stuff` ) VALUES (?)' and 1 args, changed 1 rows
c211	2026-09-04 10:32:13,601 [TRACE] BaseMappedStatement insert arguments: [null]
c211	2026-09-04 10:32:13,601 [DEBUG] BaseMappedStatement assigned id '1' from keyholder to 'id' in EagerNode object
c211	2026-09-04 10:32:13,602 [DEBUG] BaseMappedStatement insert data with statement 'INSERT INTO `eagernode` (`stuff` ) VALUES (?)' and 1 args, changed 1 rows
c211	2026-09-04 10:32:13,603 [TRACE] BaseMappedStatement insert arguments: [null]
c211	2026-09-04 10:32:13,603 [DEBUG] BaseMappedStatement assigned id '2' from keyholder to 'id' in EagerNode object
c211	2026-09-04 10:32:13,604 [DEBUG] BaseMappedStatement insert data with statement 'INSERT INTO `eagerconnection` (`stuff` ,`from_id` ,`to_id` ) VALUES (?,?,?)' and 3 args, changed 1 rows
c211	2026-09-04 10:32:13,604 [TRACE] BaseMappedStatement insert arguments: [null, 1, 2]
c211	2026-09-04 10:32:13,605 [DEBUG] BaseMappedStatement assigned id '1' from keyholder to 'id' in EagerConnection object
c211	2026-09-04 10:32:13,625 [DEBUG] BaseMappedStatement prepared statement 'SELECT * FROM `eagerconnection` WHERE `from_id` = ?' with 1 args
c211	2026-09-04 10:32:13,625 [TRACE] BaseMappedStatement prepared statement arguments: [1]
c211	2026-09-04 10:32:13,626 [DEBUG] StatementExecutor query of 'SELECT * FROM `eagerconnection` WHERE `from_id` = ?' with 1 args returned 1 results
c211	2026-09-04 10:32:13,627 [DEBUG] BaseMappedStatement prepared statement 'SELECT * FROM `eagerconnection` WHERE `to_id` = ?' with 1 args
c211	2026-09-04 10:32:13,627 [TRACE] BaseMappedStatement prepared statement arguments: [1]
c211	2026-09-04 10:32:13,627 [DEBUG] StatementExecutor query of 'SELECT * FROM `eagerconnection` WHERE `to_id` = ?' with 1 args returned 0 results
c211	2026-09-04 10:32:13,627 [DEBUG] BaseMappedStatement query-for-id using 'SELECT * FROM `eagernode` WHERE `id` = ?' and 1 args, got 1 result
c211	2026-09-04 10:32:13,627 [TRACE] BaseMappedStatement query-for-id arguments: [1]
c211	FT	1	com.j256.ormlite.dao.ForeignCollectionTest#testForeignLinkageWithCache	PASS				659
c211	FT	2	com.j256.ormlite.dao.RuntimeExceptionDaoTest#testAssignEmptyForeignCollectionThrow	PASS				51
c212	2026-09-04 10:32:14,160 [INFO] TableUtils dropping table 'account'
c212	2026-09-04 10:32:14,393 [INFO] TableUtils ignoring drop error 'org.h2.jdbc.JdbcSQLSyntaxErrorException: Table "ACCOUNT" not found; SQL statement:
c212	DROP TABLE `account`  [42102-200]' for statement: DROP TABLE `account` 
c212	2026-09-04 10:32:14,394 [INFO] TableUtils creating table 'account'
c212	2026-09-04 10:32:14,422 [INFO] TableUtils executed create table statement changed 0 rows: CREATE TABLE `account` (`id` INTEGER AUTO_INCREMENT , `name` VARCHAR(255) , PRIMARY KEY (`id`) ) 
c212	2026-09-04 10:32:14,422 [INFO] TableUtils dropping table 'order'
c212	2026-09-04 10:32:14,423 [INFO] TableUtils ignoring drop error 'org.h2.jdbc.JdbcSQLSyntaxErrorException: Table "ORDER" not found; SQL statement:
c212	DROP TABLE `order`  [42102-200]' for statement: DROP TABLE `order` 
c212	2026-09-04 10:32:14,423 [INFO] TableUtils creating table 'order'
c212	2026-09-04 10:32:14,427 [INFO] TableUtils executed create table statement changed 0 rows: CREATE TABLE `order` (`id` INTEGER AUTO_INCREMENT , `val` INTEGER , `account_id` INTEGER ,  UNIQUE (`val`), PRIMARY KEY (`id`) ) 
c212	2026-09-04 10:32:14,451 [DEBUG] BaseMappedStatement insert data with statement 'INSERT INTO `account` (`name` ) VALUES (?)' and 1 args, changed 1 rows
c212	2026-09-04 10:32:14,451 [TRACE] BaseMappedStatement insert arguments: [fwepfjewfew]
c212	2026-09-04 10:32:14,452 [DEBUG] BaseMappedStatement assigned id '1' from keyholder to 'id' in Account object
c212	2026-09-04 10:32:14,454 [DEBUG] BaseMappedStatement insert data with statement 'INSERT INTO `order` (`val` ,`account_id` ) VALUES (?,?)' and 2 args, changed 1 rows
c212	2026-09-04 10:32:14,454 [TRACE] BaseMappedStatement insert arguments: [1453783141, 1]
c212	2026-09-04 10:32:14,455 [DEBUG] BaseMappedStatement assigned id '1' from keyholder to 'id' in Order object
c212	2026-09-04 10:32:14,455 [DEBUG] BaseMappedStatement insert data with statement 'INSERT INTO `account` (`name` ) VALUES (?)' and 1 args, changed 1 rows
c212	2026-09-04 10:32:14,455 [TRACE] BaseMappedStatement insert arguments: [fwepfjewfew]
c212	2026-09-04 10:32:14,455 [DEBUG] BaseMappedStatement assigned id '2' from keyholder to 'id' in Account object
c212	2026-09-04 10:32:14,456 [DEBUG] BaseMappedStatement insert data with statement 'INSERT INTO `order` (`val` ,`account_id` ) VALUES (?,?)' and 2 args, changed 1 rows
c212	2026-09-04 10:32:14,456 [TRACE] BaseMappedStatement insert arguments: [13123441, 2]
c212	2026-09-04 10:32:14,456 [DEBUG] BaseMappedStatement assigned id '2' from keyholder to 'id' in Order object
c212	2026-09-04 10:32:14,457 [DEBUG] BaseMappedStatement insert data with statement 'INSERT INTO `order` (`val` ,`account_id` ) VALUES (?,?)' and 2 args, changed 1 rows
c212	2026-09-04 10:32:14,457 [TRACE] BaseMappedStatement insert arguments: [113787097, 2]
c212	2026-09-04 10:32:14,457 [DEBUG] BaseMappedStatement assigned id '3' from keyholder to 'id' in Order object
c212	2026-09-04 10:32:14,458 [DEBUG] BaseMappedStatement insert data with statement 'INSERT INTO `account` (`name` ) VALUES (?)' and 1 args, changed 1 rows
c212	2026-09-04 10:32:14,458 [TRACE] BaseMappedStatement insert arguments: [another name]
c212	2026-09-04 10:32:14,458 [DEBUG] BaseMappedStatement assigned id '3' from keyholder to 'id' in Account object
c212	2026-09-04 10:32:14,459 [DEBUG] BaseMappedStatement insert data with statement 'INSERT INTO `order` (`val` ,`account_id` ) VALUES (?,?)' and 2 args, changed 1 rows
c212	2026-09-04 10:32:14,459 [TRACE] BaseMappedStatement insert arguments: [17097, 3]
c212	2026-09-04 10:32:14,459 [DEBUG] BaseMappedStatement assigned id '4' from keyholder to 'id' in Order object
c212	2026-09-04 10:32:14,469 [DEBUG] BaseMappedStatement query-for-id using 'SELECT * FROM `account` WHERE `id` = ?' and 1 args, got 1 result
c212	2026-09-04 10:32:14,469 [TRACE] BaseMappedStatement query-for-id arguments: [2]
c212	2026-09-04 10:32:14,474 [DEBUG] BaseMappedStatement prepared statement 'SELECT * FROM `order` WHERE `account_id` = ?' with 1 args
c212	2026-09-04 10:32:14,474 [TRACE] BaseMappedStatement prepared statement arguments: [2]
c212	2026-09-04 10:32:14,475 [DEBUG] BaseMappedStatement prepared statement 'SELECT * FROM `order` WHERE `account_id` = ?' with 1 args
c212	2026-09-04 10:32:14,475 [TRACE] BaseMappedStatement prepared statement arguments: [2]
c212	2026-09-04 10:32:14,476 [DEBUG] BaseMappedStatement prepared statement 'SELECT * FROM `order` WHERE `account_id` = ?' with 1 args
c212	2026-09-04 10:32:14,476 [TRACE] BaseMappedStatement prepared statement arguments: [2]
c212	2026-09-04 10:32:14,477 [DEBUG] BaseMappedStatement prepared statement 'SELECT * FROM `order` WHERE `account_id` = ?' with 1 args
c212	2026-09-04 10:32:14,477 [TRACE] BaseMappedStatement prepared statement arguments: [2]
c212	2026-09-04 10:32:14,477 [DEBUG] BaseMappedStatement prepared statement 'SELECT * FROM `order` WHERE `account_id` = ?' with 1 args
c212	2026-09-04 10:32:14,478 [TRACE] BaseMappedStatement prepared statement arguments: [2]
c212	2026-09-04 10:32:14,478 [DEBUG] BaseMappedStatement prepared statement 'SELECT * FROM `order` WHERE `account_id` = ?' with 1 args
c212	2026-09-04 10:32:14,478 [TRACE] BaseMappedStatement prepared statement arguments: [2]
c212	2026-09-04 10:32:14,479 [DEBUG] BaseMappedStatement prepared statement 'SELECT * FROM `order` WHERE `account_id` = ?' with 1 args
c212	2026-09-04 10:32:14,479 [TRACE] BaseMappedStatement prepared statement arguments: [2]
c212	2026-09-04 10:32:14,479 [DEBUG] BaseMappedStatement prepared statement 'SELECT * FROM `order` WHERE `account_id` = ?' with 1 args
c212	2026-09-04 10:32:14,479 [TRACE] BaseMappedStatement prepared statement arguments: [2]
c212	2026-09-04 10:32:14,480 [DEBUG] BaseMappedStatement prepared statement 'SELECT * FROM `order` WHERE `account_id` = ?' with 1 args
c212	2026-09-04 10:32:14,480 [TRACE] BaseMappedStatement prepared statement arguments: [2]
c212	2026-09-04 10:32:14,481 [DEBUG] BaseMappedStatement prepared statement 'SELECT * FROM `order` WHERE `account_id` = ?' with 1 args
c212	2026-09-04 10:32:14,481 [TRACE] BaseMappedStatement prepared statement arguments: [2]
c212	2026-09-04 10:32:14,483 [DEBUG] BaseMappedStatement insert data with statement 'INSERT INTO `order` (`val` ,`account_id` ) VALUES (?,?)' and 2 args, changed 1 rows
c212	2026-09-04 10:32:14,483 [TRACE] BaseMappedStatement insert arguments: [76557654, 2]
c212	2026-09-04 10:32:14,483 [DEBUG] BaseMappedStatement assigned id '5' from keyholder to 'id' in Order object
c212	2026-09-04 10:32:14,483 [DEBUG] BaseMappedStatement prepared statement 'SELECT * FROM `order` WHERE `account_id` = ?' with 1 args
c212	2026-09-04 10:32:14,483 [TRACE] BaseMappedStatement prepared statement arguments: [2]
c212	2026-09-04 10:32:14,484 [DEBUG] BaseMappedStatement insert data with statement 'INSERT INTO `order` (`val` ,`account_id` ) VALUES (?,?)' and 2 args, changed 1 rows
c212	2026-09-04 10:32:14,484 [TRACE] BaseMappedStatement insert arguments: [1123587097, 2]
c212	2026-09-04 10:32:14,484 [DEBUG] BaseMappedStatement assigned id '6' from keyholder to 'id' in Order object
c212	2026-09-04 10:32:14,486 [DEBUG] BaseMappedStatement prepared statement 'SELECT * FROM `order` WHERE `account_id` = ?' with 1 args
c212	2026-09-04 10:32:14,486 [TRACE] BaseMappedStatement prepared statement arguments: [2]
c212	2026-09-04 10:32:14,487 [DEBUG] BaseMappedStatement refresh using 'SELECT * FROM `account` WHERE `id` = ?' and 1 args, got 1 result
c212	2026-09-04 10:32:14,487 [TRACE] BaseMappedStatement refresh arguments: [2]
c212	2026-09-04 10:32:14,488 [DEBUG] BaseMappedStatement prepared statement 'SELECT * FROM `order` WHERE `account_id` = ?' with 1 args
c212	2026-09-04 10:32:14,488 [TRACE] BaseMappedStatement prepared statement arguments: [2]
c212	2026-09-04 10:32:14,488 [DEBUG] BaseMappedStatement prepared statement 'SELECT * FROM `order` WHERE `account_id` = ?' with 1 args
c212	2026-09-04 10:32:14,488 [TRACE] BaseMappedStatement prepared statement arguments: [2]
c212	2026-09-04 10:32:14,490 [DEBUG] BaseMappedStatement delete data with statement 'DELETE FROM `order` WHERE `id` = ?' and 1 args, changed 1 rows
c212	2026-09-04 10:32:14,490 [TRACE] BaseMappedStatement delete arguments: [5]
c212	2026-09-04 10:32:14,491 [DEBUG] BaseMappedStatement prepared statement 'SELECT * FROM `order` WHERE `account_id` = ?' with 1 args
c212	2026-09-04 10:32:14,491 [TRACE] BaseMappedStatement prepared statement arguments: [2]
c212	2026-09-04 10:32:14,491 [DEBUG] BaseMappedStatement prepared statement 'SELECT * FROM `order` WHERE `account_id` = ?' with 1 args
c212	2026-09-04 10:32:14,491 [TRACE] BaseMappedStatement prepared statement arguments: [2]
c212	2026-09-04 10:32:14,492 [DEBUG] BaseMappedStatement delete data with statement 'DELETE FROM `order` WHERE `id` = ?' and 1 args, changed 1 rows
c212	2026-09-04 10:32:14,492 [TRACE] BaseMappedStatement delete arguments: [6]
c212	2026-09-04 10:32:14,493 [DEBUG] BaseMappedStatement prepared statement 'SELECT * FROM `order` WHERE `account_id` = ?' with 1 args
c212	2026-09-04 10:32:14,493 [TRACE] BaseMappedStatement prepared statement arguments: [2]
c212	2026-09-04 10:32:14,493 [DEBUG] BaseMappedStatement refresh using 'SELECT * FROM `account` WHERE `id` = ?' and 1 args, got 1 result
c212	2026-09-04 10:32:14,493 [TRACE] BaseMappedStatement refresh arguments: [2]
c212	2026-09-04 10:32:14,493 [DEBUG] BaseMappedStatement prepared statement 'SELECT * FROM `order` WHERE `account_id` = ?' with 1 args
c212	2026-09-04 10:32:14,494 [TRACE] BaseMappedStatement prepared statement arguments: [2]
c212	2026-09-04 10:32:14,494 [DEBUG] BaseMappedStatement prepared statement 'SELECT * FROM `order` WHERE `account_id` = ?' with 1 args
c212	2026-09-04 10:32:14,494 [TRACE] BaseMappedStatement prepared statement arguments: [2]
c212	2026-09-04 10:32:14,495 [DEBUG] BaseMappedStatement delete data with statement 'DELETE FROM `order` WHERE `id` = ?' and 1 args, changed 1 rows
c212	2026-09-04 10:32:14,495 [TRACE] BaseMappedStatement delete arguments: [3]
c212	2026-09-04 10:32:14,495 [DEBUG] BaseMappedStatement prepared statement 'SELECT * FROM `order` WHERE `account_id` = ?' with 1 args
c212	2026-09-04 10:32:14,495 [TRACE] BaseMappedStatement prepared statement arguments: [2]
c212	2026-09-04 10:32:14,495 [DEBUG] BaseMappedStatement prepared statement 'SELECT * FROM `order` WHERE `account_id` = ?' with 1 args
c212	2026-09-04 10:32:14,495 [TRACE] BaseMappedStatement prepared statement arguments: [2]
c212	2026-09-04 10:32:14,496 [DEBUG] BaseMappedStatement delete data with statement 'DELETE FROM `order` WHERE `id` = ?' and 1 args, changed 1 rows
c212	2026-09-04 10:32:14,496 [TRACE] BaseMappedStatement delete arguments: [2]
c212	2026-09-04 10:32:14,496 [DEBUG] BaseMappedStatement prepared statement 'SELECT * FROM `order` WHERE `account_id` = ?' with 1 args
c212	2026-09-04 10:32:14,496 [TRACE] BaseMappedStatement prepared statement arguments: [2]
c212	2026-09-04 10:32:14,497 [DEBUG] BaseMappedStatement insert data with statement 'INSERT INTO `order` (`val` ,`account_id` ) VALUES (?,?)' and 2 args, changed 1 rows
c212	2026-09-04 10:32:14,497 [TRACE] BaseMappedStatement insert arguments: [13123441, 2]
c212	2026-09-04 10:32:14,497 [DEBUG] BaseMappedStatement assigned id '7' from keyholder to 'id' in Order object
c212	2026-09-04 10:32:14,497 [DEBUG] BaseMappedStatement insert data with statement 'INSERT INTO `order` (`val` ,`account_id` ) VALUES (?,?)' and 2 args, changed 1 rows
c212	2026-09-04 10:32:14,497 [TRACE] BaseMappedStatement insert arguments: [113787097, 2]
c212	2026-09-04 10:32:14,498 [DEBUG] BaseMappedStatement assigned id '8' from keyholder to 'id' in Order object
c212	2026-09-04 10:32:14,498 [DEBUG] BaseMappedStatement insert data with statement 'INSERT INTO `order` (`val` ,`account_id` ) VALUES (?,?)' and 2 args, changed 1 rows
c212	2026-09-04 10:32:14,498 [TRACE] BaseMappedStatement insert arguments: [76557654, 2]
c212	2026-09-04 10:32:14,498 [DEBUG] BaseMappedStatement assigned id '9' from keyholder to 'id' in Order object
c212	2026-09-04 10:32:14,499 [DEBUG] BaseMappedStatement insert data with statement 'INSERT INTO `order` (`val` ,`account_id` ) VALUES (?,?)' and 2 args, changed 1 rows
c212	2026-09-04 10:32:14,499 [TRACE] BaseMappedStatement insert arguments: [1123587097, 2]
c212	2026-09-04 10:32:14,499 [DEBUG] BaseMappedStatement assigned id '10' from keyholder to 'id' in Order object
c212	2026-09-04 10:32:14,499 [DEBUG] BaseMappedStatement prepared statement 'SELECT * FROM `order` WHERE `account_id` = ?' with 1 args
c212	2026-09-04 10:32:14,499 [TRACE] BaseMappedStatement prepared statement arguments: [2]
c212	2026-09-04 10:32:14,499 [DEBUG] BaseMappedStatement prepared statement 'SELECT * FROM `order` WHERE `account_id` = ?' with 1 args
c212	2026-09-04 10:32:14,500 [TRACE] BaseMappedStatement prepared statement arguments: [2]
c212	2026-09-04 10:32:14,500 [DEBUG] BaseMappedStatement prepared statement 'SELECT * FROM `order` WHERE `account_id` = ?' with 1 args
c212	2026-09-04 10:32:14,500 [TRACE] BaseMappedStatement prepared statement arguments: [2]
c212	2026-09-04 10:32:14,501 [DEBUG] BaseMappedStatement delete data with statement 'DELETE FROM `order` WHERE `id` = ?' and 1 args, changed 1 rows
c212	2026-09-04 10:32:14,501 [TRACE] BaseMappedStatement delete arguments: [7]
c212	2026-09-04 10:32:14,501 [DEBUG] BaseMappedStatement delete data with statement 'DELETE FROM `order` WHERE `id` = ?' and 1 args, changed 1 rows
c212	2026-09-04 10:32:14,501 [TRACE] BaseMappedStatement delete arguments: [8]
c212	2026-09-04 10:32:14,502 [DEBUG] BaseMappedStatement delete data with statement 'DELETE FROM `order` WHERE `id` = ?' and 1 args, changed 1 rows
c212	2026-09-04 10:32:14,502 [TRACE] BaseMappedStatement delete arguments: [9]
c212	2026-09-04 10:32:14,503 [DEBUG] BaseMappedStatement delete data with statement 'DELETE FROM `order` WHERE `id` = ?' and 1 args, changed 1 rows
c212	2026-09-04 10:32:14,503 [TRACE] BaseMappedStatement delete arguments: [10]
c212	2026-09-04 10:32:14,504 [DEBUG] BaseMappedStatement prepared statement 'SELECT * FROM `order` WHERE `account_id` = ?' with 1 args
c212	2026-09-04 10:32:14,504 [TRACE] BaseMappedStatement prepared statement arguments: [2]
c212	2026-09-04 10:32:14,504 [DEBUG] BaseMappedStatement refresh using 'SELECT * FROM `account` WHERE `id` = ?' and 1 args, got 1 result
c212	2026-09-04 10:32:14,505 [TRACE] BaseMappedStatement refresh arguments: [2]
c212	2026-09-04 10:32:14,505 [DEBUG] BaseMappedStatement prepared statement 'SELECT * FROM `order` WHERE `account_id` = ?' with 1 args
c212	2026-09-04 10:32:14,505 [TRACE] BaseMappedStatement prepared statement arguments: [2]
c212	2026-09-04 10:32:14,505 [DEBUG] BaseMappedStatement prepared statement 'SELECT * FROM `order` WHERE `account_id` = ?' with 1 args
c212	2026-09-04 10:32:14,505 [TRACE] BaseMappedStatement prepared statement arguments: [2]
c212	2026-09-04 10:32:14,505 [DEBUG] BaseMappedStatement prepared statement 'SELECT * FROM `order` WHERE `account_id` = ?' with 1 args
c212	2026-09-04 10:32:14,505 [TRACE] BaseMappedStatement prepared statement arguments: [2]
c212	2026-09-04 10:32:14,505 [DEBUG] BaseMappedStatement prepared statement 'SELECT * FROM `order` WHERE `account_id` = ?' with 1 args
c212	2026-09-04 10:32:14,506 [TRACE] BaseMappedStatement prepared statement arguments: [2]
c212	2026-09-04 10:32:14,507 [DEBUG] BaseMappedStatement update data with statement 'UPDATE `account` SET `name` = ? WHERE `id` = ?' and 2 args, changed 1 rows
c212	2026-09-04 10:32:14,508 [TRACE] BaseMappedStatement update arguments: [gjrogejroregjpo, 2]
c212	2026-09-04 10:32:14,508 [DEBUG] BaseMappedStatement query-for-id using 'SELECT * FROM `account` WHERE `id` = ?' and 1 args, got 1 result
c212	2026-09-04 10:32:14,508 [TRACE] BaseMappedStatement query-for-id arguments: [2]
c212	2026-09-04 10:32:14,510 [DEBUG] BaseMappedStatement updating-id with statement 'UPDATE `account` SET `id` = ? WHERE `id` = ?' and 2 args, changed 1 rows
c212	2026-09-04 10:32:14,510 [TRACE] BaseMappedStatement updating-id arguments: [102, 2]
c212	2026-09-04 10:32:14,510 [DEBUG] BaseMappedStatement query-for-id using 'SELECT * FROM `account` WHERE `id` = ?' and 1 args, got 1 result
c212	2026-09-04 10:32:14,510 [TRACE] BaseMappedStatement query-for-id arguments: [102]
c212	2026-09-04 10:32:14,511 [DEBUG] BaseMappedStatement delete data with statement 'DELETE FROM `account` WHERE `id` = ?' and 1 args, changed 1 rows
c212	2026-09-04 10:32:14,511 [TRACE] BaseMappedStatement delete arguments: [102]
c212	2026-09-04 10:32:14,512 [DEBUG] BaseMappedStatement query-for-id using 'SELECT * FROM `account` WHERE `id` = ?' and 1 args, got no results
c212	2026-09-04 10:32:14,512 [TRACE] BaseMappedStatement query-for-id arguments: [102]
c212	2026-09-04 10:32:14,512 [DEBUG] BaseMappedStatement query-for-id using 'SELECT * FROM `account` WHERE `id` = ?' and 1 args, got 1 result
c212	2026-09-04 10:32:14,512 [TRACE] BaseMappedStatement query-for-id arguments: [1]
c212	2026-09-04 10:32:14,512 [DEBUG] BaseMappedStatement prepared statement 'SELECT * FROM `order` WHERE `account_id` = ?' with 1 args
c212	2026-09-04 10:32:14,513 [TRACE] BaseMappedStatement prepared statement arguments: [1]
c212	FT	1	com.j256.ormlite.dao.ForeignCollectionTest#testLazyCollection	PASS				727
c212	FT	2	com.j256.ormlite.dao.RuntimeExceptionDaoTest#testAssignEmptyForeignCollectionThrow	PASS				44
c213	2026-09-04 10:32:15,018 [INFO] TableUtils dropping table 'lazynode'
c213	2026-09-04 10:32:15,271 [INFO] TableUtils ignoring drop error 'org.h2.jdbc.JdbcSQLSyntaxErrorException: Table "LAZYNODE" not found; SQL statement:
c213	DROP TABLE `lazynode`  [42102-200]' for statement: DROP TABLE `lazynode` 
c213	2026-09-04 10:32:15,271 [INFO] TableUtils creating table 'lazynode'
c213	2026-09-04 10:32:15,294 [INFO] TableUtils executed create table statement changed 0 rows: CREATE TABLE `lazynode` (`id` INTEGER AUTO_INCREMENT , `stuff` VARCHAR(255) , PRIMARY KEY (`id`) ) 
c213	2026-09-04 10:32:15,294 [INFO] TableUtils dropping table 'lazyconnection'
c213	2026-09-04 10:32:15,294 [INFO] TableUtils ignoring drop error 'org.h2.jdbc.JdbcSQLSyntaxErrorException: Table "LAZYCONNECTION" not found; SQL statement:
c213	DROP TABLE `lazyconnection`  [42102-200]' for statement: DROP TABLE `lazyconnection` 
c213	2026-09-04 10:32:15,294 [INFO] TableUtils creating table 'lazyconnection'
c213	2026-09-04 10:32:15,296 [INFO] TableUtils executed create table statement changed 0 rows: CREATE TABLE `lazyconnection` (`id` INTEGER AUTO_INCREMENT , `stuff` VARCHAR(255) , `from_id` INTEGER , `to_id` INTEGER , PRIMARY KEY (`id`) ) 
c213	2026-09-04 10:32:15,314 [DEBUG] BaseMappedStatement insert data with statement 'INSERT INTO `lazynode` (`stuff` ) VALUES (?)' and 1 args, changed 1 rows
c213	2026-09-04 10:32:15,314 [TRACE] BaseMappedStatement insert arguments: [fwejpojfpofewjo]
c213	2026-09-04 10:32:15,315 [DEBUG] BaseMappedStatement assigned id '1' from keyholder to 'id' in LazyNode object
c213	2026-09-04 10:32:15,316 [DEBUG] BaseMappedStatement insert data with statement 'INSERT INTO `lazyconnection` (`stuff` ,`from_id` ,`to_id` ) VALUES (?,?,?)' and 3 args, changed 1 rows
c213	2026-09-04 10:32:15,316 [TRACE] BaseMappedStatement insert arguments: [1231331, null, 1]
c213	2026-09-04 10:32:15,316 [DEBUG] BaseMappedStatement assigned id '1' from keyholder to 'id' in LazyConnection object
c213	2026-09-04 10:32:15,317 [DEBUG] BaseMappedStatement insert data with statement 'INSERT INTO `lazyconnection` (`stuff` ,`from_id` ,`to_id` ) VALUES (?,?,?)' and 3 args, changed 1 rows
c213	2026-09-04 10:32:15,317 [TRACE] BaseMappedStatement insert arguments: [fwgregreegr, null, 1]
c213	2026-09-04 10:32:15,317 [DEBUG] BaseMappedStatement assigned id '2' from keyholder to 'id' in LazyConnection object
c213	2026-09-04 10:32:15,318 [DEBUG] BaseMappedStatement insert data with statement 'INSERT INTO `lazyconnection` (`stuff` ,`from_id` ,`to_id` ) VALUES (?,?,?)' and 3 args, changed 1 rows
c213	2026-09-04 10:32:15,318 [TRACE] BaseMappedStatement insert arguments: [beehergregr, null, 1]
c213	2026-09-04 10:32:15,318 [DEBUG] BaseMappedStatement assigned id '3' from keyholder to 'id' in LazyConnection object
c213	2026-09-04 10:32:15,329 [DEBUG] BaseMappedStatement query-for-id using 'SELECT * FROM `lazynode` WHERE `id` = ?' and 1 args, got 1 result
c213	2026-09-04 10:32:15,329 [TRACE] BaseMappedStatement query-for-id arguments: [1]
c213	2026-09-04 10:32:15,336 [DEBUG] BaseMappedStatement prepared statement 'SELECT * FROM `lazyconnection` WHERE `to_id` = ?' with 1 args
c213	2026-09-04 10:32:15,336 [TRACE] BaseMappedStatement prepared statement arguments: [1]
c213	2026-09-04 10:32:15,339 [DEBUG] BaseMappedStatement delete data with statement 'DELETE FROM `lazyconnection` WHERE `id` = ?' and 1 args, changed 1 rows
c213	2026-09-04 10:32:15,339 [TRACE] BaseMappedStatement delete arguments: [2]
c213	FT	1	com.j256.ormlite.dao.ForeignCollectionTest#testLazyCollectionIteratorRemove	PASS				622
c213	FT	2	com.j256.ormlite.dao.RuntimeExceptionDaoTest#testAssignEmptyForeignCollectionThrow	PASS				39
c214	2026-09-04 10:32:15,778 [INFO] TableUtils dropping table 'account'
c214	2026-09-04 10:32:16,030 [INFO] TableUtils ignoring drop error 'org.h2.jdbc.JdbcSQLSyntaxErrorException: Table "ACCOUNT" not found; SQL statement:
c214	DROP TABLE `account`  [42102-200]' for statement: DROP TABLE `account` 
c214	2026-09-04 10:32:16,031 [INFO] TableUtils creating table 'account'
c214	2026-09-04 10:32:16,055 [INFO] TableUtils executed create table statement changed 0 rows: CREATE TABLE `account` (`id` INTEGER AUTO_INCREMENT , `name` VARCHAR(255) , PRIMARY KEY (`id`) ) 
c214	2026-09-04 10:32:16,056 [INFO] TableUtils dropping table 'order'
c214	2026-09-04 10:32:16,057 [INFO] TableUtils ignoring drop error 'org.h2.jdbc.JdbcSQLSyntaxErrorException: Table "ORDER" not found; SQL statement:
c214	DROP TABLE `order`  [42102-200]' for statement: DROP TABLE `order` 
c214	2026-09-04 10:32:16,057 [INFO] TableUtils creating table 'order'
c214	2026-09-04 10:32:16,061 [INFO] TableUtils executed create table statement changed 0 rows: CREATE TABLE `order` (`id` INTEGER AUTO_INCREMENT , `val` INTEGER , `account_id` INTEGER ,  UNIQUE (`val`), PRIMARY KEY (`id`) ) 
c214	2026-09-04 10:32:16,085 [DEBUG] BaseMappedStatement insert data with statement 'INSERT INTO `account` (`name` ) VALUES (?)' and 1 args, changed 1 rows
c214	2026-09-04 10:32:16,085 [TRACE] BaseMappedStatement insert arguments: [fwepfjewfew]
c214	2026-09-04 10:32:16,085 [DEBUG] BaseMappedStatement assigned id '1' from keyholder to 'id' in Account object
c214	2026-09-04 10:32:16,087 [DEBUG] BaseMappedStatement insert data with statement 'INSERT INTO `order` (`val` ,`account_id` ) VALUES (?,?)' and 2 args, changed 1 rows
c214	2026-09-04 10:32:16,087 [TRACE] BaseMappedStatement insert arguments: [13123441, 1]
c214	2026-09-04 10:32:16,088 [DEBUG] BaseMappedStatement assigned id '1' from keyholder to 'id' in Order object
c214	2026-09-04 10:32:16,088 [DEBUG] BaseMappedStatement insert data with statement 'INSERT INTO `order` (`val` ,`account_id` ) VALUES (?,?)' and 2 args, changed 1 rows
c214	2026-09-04 10:32:16,089 [TRACE] BaseMappedStatement insert arguments: [113787097, 1]
c214	2026-09-04 10:32:16,089 [DEBUG] BaseMappedStatement assigned id '2' from keyholder to 'id' in Order object
c214	2026-09-04 10:32:16,098 [DEBUG] BaseMappedStatement query-for-id using 'SELECT * FROM `account` WHERE `id` = ?' and 1 args, got 1 result
c214	2026-09-04 10:32:16,099 [TRACE] BaseMappedStatement query-for-id arguments: [1]
c214	2026-09-04 10:32:16,104 [DEBUG] BaseMappedStatement prepared statement 'SELECT * FROM `order` WHERE `account_id` = ?' with 1 args
c214	2026-09-04 10:32:16,104 [TRACE] BaseMappedStatement prepared statement arguments: [1]
c214	2026-09-04 10:32:16,105 [DEBUG] BaseMappedStatement prepared statement 'SELECT * FROM `order` WHERE `account_id` = ?' with 1 args
c214	2026-09-04 10:32:16,105 [TRACE] BaseMappedStatement prepared statement arguments: [1]
c214	2026-09-04 10:32:16,106 [DEBUG] BaseMappedStatement prepared statement 'SELECT * FROM `order` WHERE `account_id` = ?' with 1 args
c214	2026-09-04 10:32:16,106 [TRACE] BaseMappedStatement prepared statement arguments: [1]
c214	2026-09-04 10:32:16,106 [DEBUG] BaseMappedStatement prepared statement 'SELECT * FROM `order` WHERE `account_id` = ?' with 1 args
c214	2026-09-04 10:32:16,106 [TRACE] BaseMappedStatement prepared statement arguments: [1]
c214	2026-09-04 10:32:16,107 [DEBUG] BaseMappedStatement prepared statement 'SELECT * FROM `order` WHERE `account_id` = ?' with 1 args
c214	2026-09-04 10:32:16,107 [TRACE] BaseMappedStatement prepared statement arguments: [1]
c214	2026-09-04 10:32:16,108 [DEBUG] BaseMappedStatement prepared statement 'SELECT * FROM `order` WHERE `account_id` = ?' with 1 args
c214	2026-09-04 10:32:16,108 [TRACE] BaseMappedStatement prepared statement arguments: [1]
c214	2026-09-04 10:32:16,109 [DEBUG] BaseMappedStatement prepared statement 'SELECT * FROM `order` WHERE `account_id` = ?' with 1 args
c214	2026-09-04 10:32:16,109 [TRACE] BaseMappedStatement prepared statement arguments: [1]
c214	2026-09-04 10:32:16,110 [DEBUG] BaseMappedStatement prepared statement 'SELECT * FROM `order` WHERE `account_id` = ?' with 1 args
c214	2026-09-04 10:32:16,110 [TRACE] BaseMappedStatement prepared statement arguments: [1]
c214	2026-09-04 10:32:16,111 [DEBUG] BaseMappedStatement prepared statement 'SELECT * FROM `order` WHERE `account_id` = ?' with 1 args
c214	2026-09-04 10:32:16,111 [TRACE] BaseMappedStatement prepared statement arguments: [1]
c214	2026-09-04 10:32:16,111 [DEBUG] BaseMappedStatement prepared statement 'SELECT * FROM `order` WHERE `account_id` = ?' with 1 args
c214	2026-09-04 10:32:16,111 [TRACE] BaseMappedStatement prepared statement arguments: [1]
c214	FT	1	com.j256.ormlite.dao.ForeignCollectionTest#testLazyContainsAll	PASS				641
c214	FT	2	com.j256.ormlite.dao.RuntimeExceptionDaoTest#testAssignEmptyForeignCollectionThrow	PASS				46
c215	2026-09-04 10:32:16,546 [INFO] TableUtils dropping table 'eagerconnection'
c215	2026-09-04 10:32:16,782 [INFO] TableUtils ignoring drop error 'org.h2.jdbc.JdbcSQLSyntaxErrorException: Table "EAGERCONNECTION" not found; SQL statement:
c215	DROP TABLE `eagerconnection`  [42102-200]' for statement: DROP TABLE `eagerconnection` 
c215	2026-09-04 10:32:16,782 [INFO] TableUtils creating table 'eagerconnection'
c215	2026-09-04 10:32:16,815 [INFO] TableUtils executed create table statement changed 0 rows: CREATE TABLE `eagerconnection` (`id` INTEGER AUTO_INCREMENT , `stuff` VARCHAR(255) , `from_id` INTEGER , `to_id` INTEGER , PRIMARY KEY (`id`) ) 
c215	2026-09-04 10:32:16,816 [INFO] TableUtils dropping table 'eagernode'
c215	2026-09-04 10:32:16,816 [INFO] TableUtils ignoring drop error 'org.h2.jdbc.JdbcSQLSyntaxErrorException: Table "EAGERNODE" not found; SQL statement:
c215	DROP TABLE `eagernode`  [42102-200]' for statement: DROP TABLE `eagernode` 
c215	2026-09-04 10:32:16,817 [INFO] TableUtils creating table 'eagernode'
c215	2026-09-04 10:32:16,818 [INFO] TableUtils executed create table statement changed 0 rows: CREATE TABLE `eagernode` (`id` INTEGER AUTO_INCREMENT , `stuff` VARCHAR(255) , PRIMARY KEY (`id`) ) 
c215	2026-09-04 10:32:16,841 [DEBUG] BaseMappedStatement insert data with statement 'INSERT INTO `eagernode` (`stuff` ) VALUES (?)' and 1 args, changed 1 rows
c215	2026-09-04 10:32:16,841 [TRACE] BaseMappedStatement insert arguments: [fpowjfwfw]
c215	2026-09-04 10:32:16,842 [DEBUG] BaseMappedStatement assigned id '1' from keyholder to 'id' in EagerNode object
c215	2026-09-04 10:32:16,842 [DEBUG] BaseMappedStatement insert data with statement 'INSERT INTO `eagernode` (`stuff` ) VALUES (?)' and 1 args, changed 1 rows
c215	2026-09-04 10:32:16,842 [TRACE] BaseMappedStatement insert arguments: [fpofwjpowjfwfw]
c215	2026-09-04 10:32:16,843 [DEBUG] BaseMappedStatement assigned id '2' from keyholder to 'id' in EagerNode object
c215	2026-09-04 10:32:16,843 [DEBUG] BaseMappedStatement insert data with statement 'INSERT INTO `eagerconnection` (`stuff` ,`from_id` ,`to_id` ) VALUES (?,?,?)' and 3 args, changed 1 rows
c215	2026-09-04 10:32:16,844 [TRACE] BaseMappedStatement insert arguments: [fpoffewjwjpowjfwfw, 1, 2]
c215	2026-09-04 10:32:16,844 [DEBUG] BaseMappedStatement assigned id '1' from keyholder to 'id' in EagerConnection object
c215	2026-09-04 10:32:16,844 [DEBUG] BaseMappedStatement insert data with statement 'INSERT INTO `eagerconnection` (`stuff` ,`from_id` ,`to_id` ) VALUES (?,?,?)' and 3 args, changed 1 rows
c215	2026-09-04 10:32:16,844 [TRACE] BaseMappedStatement insert arguments: [fpoffewjwjpowjfwfjpfeww, 2, 1]
c215	2026-09-04 10:32:16,844 [DEBUG] BaseMappedStatement assigned id '2' from keyholder to 'id' in EagerConnection object
c215	2026-09-04 10:32:16,854 [DEBUG] BaseMappedStatement prepared statement 'SELECT * FROM `eagernode`' with 0 args
c215	2026-09-04 10:32:16,864 [DEBUG] BaseMappedStatement prepared statement 'SELECT * FROM `eagerconnection` WHERE `from_id` = ?' with 1 args
c215	2026-09-04 10:32:16,865 [TRACE] BaseMappedStatement prepared statement arguments: [1]
c215	2026-09-04 10:32:16,866 [DEBUG] StatementExecutor query of 'SELECT * FROM `eagerconnection` WHERE `from_id` = ?' with 1 args returned 1 results
c215	2026-09-04 10:32:16,866 [DEBUG] BaseMappedStatement prepared statement 'SELECT * FROM `eagerconnection` WHERE `to_id` = ?' with 1 args
c215	2026-09-04 10:32:16,866 [TRACE] BaseMappedStatement prepared statement arguments: [1]
c215	2026-09-04 10:32:16,867 [DEBUG] StatementExecutor query of 'SELECT * FROM `eagerconnection` WHERE `to_id` = ?' with 1 args returned 1 results
c215	2026-09-04 10:32:16,867 [DEBUG] BaseMappedStatement prepared statement 'SELECT * FROM `eagerconnection` WHERE `from_id` = ?' with 1 args
c215	2026-09-04 10:32:16,867 [TRACE] BaseMappedStatement prepared statement arguments: [2]
c215	2026-09-04 10:32:16,868 [DEBUG] StatementExecutor query of 'SELECT * FROM `eagerconnection` WHERE `from_id` = ?' with 1 args returned 1 results
c215	2026-09-04 10:32:16,868 [DEBUG] BaseMappedStatement prepared statement 'SELECT * FROM `eagerconnection` WHERE `to_id` = ?' with 1 args
c215	2026-09-04 10:32:16,868 [TRACE] BaseMappedStatement prepared statement arguments: [2]
c215	2026-09-04 10:32:16,869 [DEBUG] StatementExecutor query of 'SELECT * FROM `eagerconnection` WHERE `to_id` = ?' with 1 args returned 1 results
c215	2026-09-04 10:32:16,869 [DEBUG] StatementExecutor query of 'SELECT * FROM `eagernode`' with 0 args returned 2 results
c215	2026-09-04 10:32:16,870 [DEBUG] BaseMappedStatement prepared statement 'SELECT * FROM `eagerconnection`' with 0 args
c215	2026-09-04 10:32:16,870 [DEBUG] StatementExecutor query of 'SELECT * FROM `eagerconnection`' with 0 args returned 2 results
c215	FT	1	com.j256.ormlite.dao.ForeignCollectionTest#testMultipleForeignEager	PASS				625
c215	FT	2	com.j256.ormlite.dao.RuntimeExceptionDaoTest#testAssignEmptyForeignCollectionThrow	PASS				44
c216	2026-09-04 10:32:17,298 [INFO] TableUtils dropping table 'lazyconnection'
c216	2026-09-04 10:32:17,556 [INFO] TableUtils ignoring drop error 'org.h2.jdbc.JdbcSQLSyntaxErrorException: Table "LAZYCONNECTION" not found; SQL statement:
c216	DROP TABLE `lazyconnection`  [42102-200]' for statement: DROP TABLE `lazyconnection` 
c216	2026-09-04 10:32:17,556 [INFO] TableUtils creating table 'lazyconnection'
c216	2026-09-04 10:32:17,581 [INFO] TableUtils executed create table statement changed 0 rows: CREATE TABLE `lazyconnection` (`id` INTEGER AUTO_INCREMENT , `stuff` VARCHAR(255) , `from_id` INTEGER , `to_id` INTEGER , PRIMARY KEY (`id`) ) 
c216	2026-09-04 10:32:17,582 [INFO] TableUtils dropping table 'lazynode'
c216	2026-09-04 10:32:17,583 [INFO] TableUtils ignoring drop error 'org.h2.jdbc.JdbcSQLSyntaxErrorException: Table "LAZYNODE" not found; SQL statement:
c216	DROP TABLE `lazynode`  [42102-200]' for statement: DROP TABLE `lazynode` 
c216	2026-09-04 10:32:17,583 [INFO] TableUtils creating table 'lazynode'
c216	2026-09-04 10:32:17,584 [INFO] TableUtils executed create table statement changed 0 rows: CREATE TABLE `lazynode` (`id` INTEGER AUTO_INCREMENT , `stuff` VARCHAR(255) , PRIMARY KEY (`id`) ) 
c216	2026-09-04 10:32:17,606 [DEBUG] BaseMappedStatement insert data with statement 'INSERT INTO `lazynode` (`stuff` ) VALUES (?)' and 1 args, changed 1 rows
c216	2026-09-04 10:32:17,607 [TRACE] BaseMappedStatement insert arguments: [fpowjfwfw]
c216	2026-09-04 10:32:17,607 [DEBUG] BaseMappedStatement assigned id '1' from keyholder to 'id' in LazyNode object
c216	2026-09-04 10:32:17,608 [DEBUG] BaseMappedStatement insert data with statement 'INSERT INTO `lazynode` (`stuff` ) VALUES (?)' and 1 args, changed 1 rows
c216	2026-09-04 10:32:17,608 [TRACE] BaseMappedStatement insert arguments: [fpofwjpowjfwfw]
c216	2026-09-04 10:32:17,608 [DEBUG] BaseMappedStatement assigned id '2' from keyholder to 'id' in LazyNode object
c216	2026-09-04 10:32:17,609 [DEBUG] BaseMappedStatement insert data with statement 'INSERT INTO `lazyconnection` (`stuff` ,`from_id` ,`to_id` ) VALUES (?,?,?)' and 3 args, changed 1 rows
c216	2026-09-04 10:32:17,609 [TRACE] BaseMappedStatement insert arguments: [fpoffewjwjpowjfwfw, 1, 2]
c216	2026-09-04 10:32:17,610 [DEBUG] BaseMappedStatement assigned id '1' from keyholder to 'id' in LazyConnection object
c216	2026-09-04 10:32:17,610 [DEBUG] BaseMappedStatement insert data with statement 'INSERT INTO `lazyconnection` (`stuff` ,`from_id` ,`to_id` ) VALUES (?,?,?)' and 3 args, changed 1 rows
c216	2026-09-04 10:32:17,611 [TRACE] BaseMappedStatement insert arguments: [fpoffewjwjpowjfwfjpfeww, 2, 1]
c216	2026-09-04 10:32:17,611 [DEBUG] BaseMappedStatement assigned id '2' from keyholder to 'id' in LazyConnection object
c216	2026-09-04 10:32:17,619 [DEBUG] BaseMappedStatement prepared statement 'SELECT * FROM `lazynode`' with 0 args
c216	2026-09-04 10:32:17,623 [DEBUG] StatementExecutor query of 'SELECT * FROM `lazynode`' with 0 args returned 2 results
c216	2026-09-04 10:32:17,629 [DEBUG] BaseMappedStatement prepared statement 'SELECT * FROM `lazyconnection` WHERE `from_id` = ?' with 1 args
c216	2026-09-04 10:32:17,629 [TRACE] BaseMappedStatement prepared statement arguments: [1]
c216	2026-09-04 10:32:17,632 [DEBUG] BaseMappedStatement prepared statement 'SELECT * FROM `lazyconnection` WHERE `to_id` = ?' with 1 args
c216	2026-09-04 10:32:17,632 [TRACE] BaseMappedStatement prepared statement arguments: [1]
c216	2026-09-04 10:32:17,633 [DEBUG] BaseMappedStatement prepared statement 'SELECT * FROM `lazyconnection` WHERE `from_id` = ?' with 1 args
c216	2026-09-04 10:32:17,633 [TRACE] BaseMappedStatement prepared statement arguments: [2]
c216	2026-09-04 10:32:17,634 [DEBUG] BaseMappedStatement prepared statement 'SELECT * FROM `lazyconnection` WHERE `to_id` = ?' with 1 args
c216	2026-09-04 10:32:17,634 [TRACE] BaseMappedStatement prepared statement arguments: [2]
c216	2026-09-04 10:32:17,636 [DEBUG] BaseMappedStatement prepared statement 'SELECT * FROM `lazyconnection`' with 0 args
c216	2026-09-04 10:32:17,637 [DEBUG] StatementExecutor query of 'SELECT * FROM `lazyconnection`' with 0 args returned 2 results
c216	FT	1	com.j256.ormlite.dao.ForeignCollectionTest#testMultipleForeignLazy	PASS				626
c216	FT	2	com.j256.ormlite.dao.RuntimeExceptionDaoTest#testAssignEmptyForeignCollectionThrow	PASS				47
c217	FT	1	com.j256.ormlite.dao.ForeignCollectionTest#testMultipleForeignUnknownField	PASS				324
c217	FT	2	com.j256.ormlite.dao.RuntimeExceptionDaoTest#testAssignEmptyForeignCollectionThrow	PASS				55
c218	FT	1	com.j256.ormlite.dao.ForeignCollectionTest#testNoForeignRelationship	PASS				344
c218	FT	2	com.j256.ormlite.dao.RuntimeExceptionDaoTest#testAssignEmptyForeignCollectionThrow	PASS				59
c219	FT	1	com.j256.ormlite.dao.ForeignCollectionTest#testNotParamaterized	PASS				293
c219	FT	2	com.j256.ormlite.dao.RuntimeExceptionDaoTest#testAssignEmptyForeignCollectionThrow	PASS				54
c220	FT	1	com.j256.ormlite.dao.ForeignCollectionTest#testNotProperCollection	PASS				322
c220	FT	2	com.j256.ormlite.dao.RuntimeExceptionDaoTest#testAssignEmptyForeignCollectionThrow	PASS				51
c221	2026-09-04 10:32:20,065 [INFO] TableUtils dropping table 'orderordered'
c221	2026-09-04 10:32:20,320 [INFO] TableUtils ignoring drop error 'org.h2.jdbc.JdbcSQLSyntaxErrorException: Table "ORDERORDERED" not found; SQL statement:
c221	DROP TABLE `orderordered`  [42102-200]' for statement: DROP TABLE `orderordered` 
c221	2026-09-04 10:32:20,320 [INFO] TableUtils creating table 'orderordered'
c221	2026-09-04 10:32:20,348 [INFO] TableUtils executed create table statement changed 0 rows: CREATE TABLE `orderordered` (`id` INTEGER AUTO_INCREMENT , `val` INTEGER , `account_id` INTEGER ,  UNIQUE (`val`), PRIMARY KEY (`id`) ) 
c221	2026-09-04 10:32:20,373 [DEBUG] BaseMappedStatement insert data with statement 'INSERT INTO `orderordered` (`val` ,`account_id` ) VALUES (?,?)' and 2 args, changed 1 rows
c221	2026-09-04 10:32:20,373 [TRACE] BaseMappedStatement insert arguments: [0, null]
c221	2026-09-04 10:32:20,374 [DEBUG] BaseMappedStatement assigned id '1' from keyholder to 'id' in OrderOrdered object
c221	2026-09-04 10:32:20,375 [DEBUG] BaseMappedStatement insert data with statement 'INSERT INTO `orderordered` (`val` ,`account_id` ) VALUES (?,?)' and 2 args, changed 1 rows
c221	2026-09-04 10:32:20,375 [TRACE] BaseMappedStatement insert arguments: [1, null]
c221	2026-09-04 10:32:20,375 [DEBUG] BaseMappedStatement assigned id '2' from keyholder to 'id' in OrderOrdered object
c221	2026-09-04 10:32:20,376 [DEBUG] BaseMappedStatement insert data with statement 'INSERT INTO `orderordered` (`val` ,`account_id` ) VALUES (?,?)' and 2 args, changed 1 rows
c221	2026-09-04 10:32:20,377 [TRACE] BaseMappedStatement insert arguments: [2, null]
c221	2026-09-04 10:32:20,377 [DEBUG] BaseMappedStatement assigned id '3' from keyholder to 'id' in OrderOrdered object
c221	2026-09-04 10:32:20,378 [DEBUG] BaseMappedStatement insert data with statement 'INSERT INTO `orderordered` (`val` ,`account_id` ) VALUES (?,?)' and 2 args, changed 1 rows
c221	2026-09-04 10:32:20,378 [TRACE] BaseMappedStatement insert arguments: [3, null]
c221	2026-09-04 10:32:20,378 [DEBUG] BaseMappedStatement assigned id '4' from keyholder to 'id' in OrderOrdered object
c221	2026-09-04 10:32:20,378 [DEBUG] BaseMappedStatement insert data with statement 'INSERT INTO `orderordered` (`val` ,`account_id` ) VALUES (?,?)' and 2 args, changed 1 rows
c221	2026-09-04 10:32:20,378 [TRACE] BaseMappedStatement insert arguments: [4, null]
c221	2026-09-04 10:32:20,379 [DEBUG] BaseMappedStatement assigned id '5' from keyholder to 'id' in OrderOrdered object
c221	2026-09-04 10:32:20,379 [DEBUG] BaseMappedStatement insert data with statement 'INSERT INTO `orderordered` (`val` ,`account_id` ) VALUES (?,?)' and 2 args, changed 1 rows
c221	2026-09-04 10:32:20,379 [TRACE] BaseMappedStatement insert arguments: [5, null]
c221	2026-09-04 10:32:20,379 [DEBUG] BaseMappedStatement assigned id '6' from keyholder to 'id' in OrderOrdered object
c221	2026-09-04 10:32:20,381 [DEBUG] BaseMappedStatement insert data with statement 'INSERT INTO `orderordered` (`val` ,`account_id` ) VALUES (?,?)' and 2 args, changed 1 rows
c221	2026-09-04 10:32:20,381 [TRACE] BaseMappedStatement insert arguments: [6, null]
c221	2026-09-04 10:32:20,381 [DEBUG] BaseMappedStatement assigned id '7' from keyholder to 'id' in OrderOrdered object
c221	2026-09-04 10:32:20,382 [DEBUG] BaseMappedStatement insert data with statement 'INSERT INTO `orderordered` (`val` ,`account_id` ) VALUES (?,?)' and 2 args, changed 1 rows
c221	2026-09-04 10:32:20,382 [TRACE] BaseMappedStatement insert arguments: [7, null]
c221	2026-09-04 10:32:20,382 [DEBUG] BaseMappedStatement assigned id '8' from keyholder to 'id' in OrderOrdered object
c221	2026-09-04 10:32:20,383 [DEBUG] BaseMappedStatement insert data with statement 'INSERT INTO `orderordered` (`val` ,`account_id` ) VALUES (?,?)' and 2 args, changed 1 rows
c221	2026-09-04 10:32:20,383 [TRACE] BaseMappedStatement insert arguments: [8, null]
c221	2026-09-04 10:32:20,383 [DEBUG] BaseMappedStatement assigned id '9' from keyholder to 'id' in OrderOrdered object
c221	2026-09-04 10:32:20,383 [DEBUG] BaseMappedStatement insert data with statement 'INSERT INTO `orderordered` (`val` ,`account_id` ) VALUES (?,?)' and 2 args, changed 1 rows
c221	2026-09-04 10:32:20,383 [TRACE] BaseMappedStatement insert arguments: [9, null]
c221	2026-09-04 10:32:20,384 [DEBUG] BaseMappedStatement assigned id '10' from keyholder to 'id' in OrderOrdered object
c221	2026-09-04 10:32:20,396 [DEBUG] BaseMappedStatement prepared statement 'SELECT * FROM `orderordered` WHERE `account_id` IS NULL' with 0 args
c221	2026-09-04 10:32:20,399 [DEBUG] StatementExecutor query of 'SELECT * FROM `orderordered` WHERE `account_id` IS NULL' with 0 args returned 10 results
c221	FT	1	com.j256.ormlite.dao.ForeignCollectionTest#testNullForeign	PASS				681
c221	FT	2	com.j256.ormlite.dao.RuntimeExceptionDaoTest#testAssignEmptyForeignCollectionThrow	PASS				46
c222	2026-09-04 10:32:20,912 [INFO] TableUtils dropping table 'order'
c222	2026-09-04 10:32:21,173 [INFO] TableUtils ignoring drop error 'org.h2.jdbc.JdbcSQLSyntaxErrorException: Table "ORDER" not found; SQL statement:
c222	DROP TABLE `order`  [42102-200]' for statement: DROP TABLE `order` 
c222	2026-09-04 10:32:21,174 [INFO] TableUtils creating table 'order'
c222	2026-09-04 10:32:21,204 [INFO] TableUtils executed create table statement changed 0 rows: CREATE TABLE `order` (`id` INTEGER AUTO_INCREMENT , `val` INTEGER , `account_id` INTEGER ,  UNIQUE (`val`), PRIMARY KEY (`id`) ) 
c222	2026-09-04 10:32:21,209 [INFO] TableUtils dropping table 'question'
c222	2026-09-04 10:32:21,209 [INFO] TableUtils ignoring drop error 'org.h2.jdbc.JdbcSQLSyntaxErrorException: Table "QUESTION" not found; SQL statement:
c222	DROP TABLE `question`  [42102-200]' for statement: DROP TABLE `question` 
c222	2026-09-04 10:32:21,210 [INFO] TableUtils creating table 'question'
c222	2026-09-04 10:32:21,211 [INFO] TableUtils executed create table statement changed 0 rows: CREATE TABLE `question` (`id` INTEGER AUTO_INCREMENT , `name` VARCHAR(255) , `bestAnswer_id` INTEGER , PRIMARY KEY (`id`) ) 
c222	2026-09-04 10:32:21,212 [INFO] TableUtils dropping table 'answer'
c222	2026-09-04 10:32:21,212 [INFO] TableUtils ignoring drop error 'org.h2.jdbc.JdbcSQLSyntaxErrorException: Table "ANSWER" not found; SQL statement:
c222	DROP TABLE `answer`  [42102-200]' for statement: DROP TABLE `answer` 
c222	2026-09-04 10:32:21,212 [INFO] TableUtils creating table 'answer'
c222	2026-09-04 10:32:21,214 [INFO] TableUtils executed create table statement changed 0 rows: CREATE TABLE `answer` (`id` INTEGER AUTO_INCREMENT , `val` INTEGER , `question_id` INTEGER ,  UNIQUE (`val`), PRIMARY KEY (`id`) ) 
c222	2026-09-04 10:32:21,240 [DEBUG] BaseMappedStatement insert data with statement 'INSERT INTO `question` (`name` ,`bestAnswer_id` ) VALUES (?,?)' and 2 args, changed 1 rows
c222	2026-09-04 10:32:21,240 [TRACE] BaseMappedStatement insert arguments: [some question, null]
c222	2026-09-04 10:32:21,241 [DEBUG] BaseMappedStatement assigned id '1' from keyholder to 'id' in Question object
c222	2026-09-04 10:32:21,243 [DEBUG] BaseMappedStatement insert data with statement 'INSERT INTO `answer` (`val` ,`question_id` ) VALUES (?,?)' and 2 args, changed 1 rows
c222	2026-09-04 10:32:21,243 [TRACE] BaseMappedStatement insert arguments: [1234313123, 1]
c222	2026-09-04 10:32:21,244 [DEBUG] BaseMappedStatement assigned id '1' from keyholder to 'id' in Answer object
c222	2026-09-04 10:32:21,245 [DEBUG] BaseMappedStatement insert data with statement 'INSERT INTO `answer` (`val` ,`question_id` ) VALUES (?,?)' and 2 args, changed 1 rows
c222	2026-09-04 10:32:21,246 [TRACE] BaseMappedStatement insert arguments: [345543, 1]
c222	2026-09-04 10:32:21,246 [DEBUG] BaseMappedStatement assigned id '2' from keyholder to 'id' in Answer object
c222	2026-09-04 10:32:21,264 [DEBUG] BaseMappedStatement prepared statement 'SELECT * FROM `answer` WHERE `question_id` = ?' with 1 args
c222	2026-09-04 10:32:21,264 [TRACE] BaseMappedStatement prepared statement arguments: [1]
c222	2026-09-04 10:32:21,265 [DEBUG] StatementExecutor query of 'SELECT * FROM `answer` WHERE `question_id` = ?' with 1 args returned 2 results
c222	2026-09-04 10:32:21,265 [DEBUG] BaseMappedStatement refresh using 'SELECT * FROM `question` WHERE `id` = ?' and 1 args, got 1 result
c222	2026-09-04 10:32:21,265 [TRACE] BaseMappedStatement refresh arguments: [1]
c222	FT	1	com.j256.ormlite.dao.ForeignCollectionTest#testQuestionAndAnswers	PASS				720
c222	FT	2	com.j256.ormlite.dao.RuntimeExceptionDaoTest#testAssignEmptyForeignCollectionThrow	PASS				51
c223	2026-09-04 10:32:21,814 [INFO] TableUtils dropping table 'recursivereference'
c223	2026-09-04 10:32:22,055 [INFO] TableUtils ignoring drop error 'org.h2.jdbc.JdbcSQLSyntaxErrorException: Table "RECURSIVEREFERENCE" not found; SQL statement:
c223	DROP TABLE `recursivereference`  [42102-200]' for statement: DROP TABLE `recursivereference` 
c223	2026-09-04 10:32:22,056 [INFO] TableUtils creating table 'recursivereference'
c223	2026-09-04 10:32:22,083 [INFO] TableUtils executed create table statement changed 0 rows: CREATE TABLE `recursivereference` (`id` INTEGER AUTO_INCREMENT , `stuff` VARCHAR(255) , `parent_id` INTEGER , PRIMARY KEY (`id`) ) 
c223	2026-09-04 10:32:22,103 [DEBUG] BaseMappedStatement insert data with statement 'INSERT INTO `recursivereference` (`stuff` ,`parent_id` ) VALUES (?,?)' and 2 args, changed 1 rows
c223	2026-09-04 10:32:22,104 [TRACE] BaseMappedStatement insert arguments: [fpeewihwjytjythgwofjwe, null]
c223	2026-09-04 10:32:22,104 [DEBUG] BaseMappedStatement assigned id '1' from keyholder to 'id' in RecursiveReference object
c223	2026-09-04 10:32:22,112 [DEBUG] BaseMappedStatement update data with statement 'UPDATE `recursivereference` SET `stuff` = ?, `parent_id` = ? WHERE `id` = ?' and 3 args, changed 1 rows
c223	2026-09-04 10:32:22,112 [TRACE] BaseMappedStatement update arguments: [fpeewihwjytjythgwofjwe, 1, 1]
c223	2026-09-04 10:32:22,121 [DEBUG] BaseMappedStatement query-for-id using 'SELECT * FROM `recursivereference` WHERE `id` = ?' and 1 args, got 1 result
c223	2026-09-04 10:32:22,121 [TRACE] BaseMappedStatement query-for-id arguments: [1]
c223	2026-09-04 10:32:22,128 [DEBUG] BaseMappedStatement prepared statement 'SELECT * FROM `recursivereference` WHERE `parent_id` = ?' with 1 args
c223	2026-09-04 10:32:22,128 [TRACE] BaseMappedStatement prepared statement arguments: [1]
c223	2026-09-04 10:32:22,130 [DEBUG] BaseMappedStatement prepared statement 'SELECT * FROM `recursivereference` WHERE `parent_id` = ?' with 1 args
c223	2026-09-04 10:32:22,130 [TRACE] BaseMappedStatement prepared statement arguments: [1]
c223	2026-09-04 10:32:22,131 [DEBUG] BaseMappedStatement prepared statement 'SELECT * FROM `recursivereference` WHERE `parent_id` = ?' with 1 args
c223	2026-09-04 10:32:22,131 [TRACE] BaseMappedStatement prepared statement arguments: [1]
c223	2026-09-04 10:32:22,132 [DEBUG] BaseMappedStatement prepared statement 'SELECT * FROM `recursivereference` WHERE `parent_id` = ?' with 1 args
c223	2026-09-04 10:32:22,133 [TRACE] BaseMappedStatement prepared statement arguments: [1]
c223	2026-09-04 10:32:22,133 [DEBUG] BaseMappedStatement prepared statement 'SELECT * FROM `recursivereference` WHERE `parent_id` = ?' with 1 args
c223	2026-09-04 10:32:22,133 [TRACE] BaseMappedStatement prepared statement arguments: [1]
c223	2026-09-04 10:32:22,134 [DEBUG] BaseMappedStatement prepared statement 'SELECT * FROM `recursivereference` WHERE `parent_id` = ?' with 1 args
c223	2026-09-04 10:32:22,134 [TRACE] BaseMappedStatement prepared statement arguments: [1]
c223	2026-09-04 10:32:22,135 [DEBUG] BaseMappedStatement prepared statement 'SELECT * FROM `recursivereference` WHERE `parent_id` = ?' with 1 args
c223	2026-09-04 10:32:22,135 [TRACE] BaseMappedStatement prepared statement arguments: [1]
c223	2026-09-04 10:32:22,136 [DEBUG] BaseMappedStatement prepared statement 'SELECT * FROM `recursivereference` WHERE `parent_id` = ?' with 1 args
c223	2026-09-04 10:32:22,136 [TRACE] BaseMappedStatement prepared statement arguments: [1]
c223	2026-09-04 10:32:22,136 [DEBUG] BaseMappedStatement prepared statement 'SELECT * FROM `recursivereference` WHERE `parent_id` = ?' with 1 args
c223	2026-09-04 10:32:22,136 [TRACE] BaseMappedStatement prepared statement arguments: [1]
c223	2026-09-04 10:32:22,137 [DEBUG] BaseMappedStatement prepared statement 'SELECT * FROM `recursivereference` WHERE `parent_id` = ?' with 1 args
c223	2026-09-04 10:32:22,137 [TRACE] BaseMappedStatement prepared statement arguments: [1]
c223	2026-09-04 10:32:22,138 [DEBUG] BaseMappedStatement prepared statement 'SELECT * FROM `recursivereference` WHERE `parent_id` = ?' with 1 args
c223	2026-09-04 10:32:22,138 [TRACE] BaseMappedStatement prepared statement arguments: [1]
c223	FT	1	com.j256.ormlite.dao.ForeignCollectionTest#testRecursiveReference	PASS				687
c223	FT	2	com.j256.ormlite.dao.RuntimeExceptionDaoTest#testAssignEmptyForeignCollectionThrow	PASS				49
c224	2026-09-04 10:32:22,643 [INFO] TableUtils dropping table 'recursivereferenceeager'
c224	2026-09-04 10:32:23,082 [INFO] TableUtils ignoring drop error 'org.h2.jdbc.JdbcSQLSyntaxErrorException: Table "RECURSIVEREFERENCEEAGER" not found; SQL statement:
c224	DROP TABLE `recursivereferenceeager`  [42102-200]' for statement: DROP TABLE `recursivereferenceeager` 
c224	2026-09-04 10:32:23,083 [INFO] TableUtils creating table 'recursivereferenceeager'
c224	2026-09-04 10:32:23,116 [INFO] TableUtils executed create table statement changed 0 rows: CREATE TABLE `recursivereferenceeager` (`id` INTEGER AUTO_INCREMENT , `stuff` VARCHAR(255) , `parent_id` INTEGER , PRIMARY KEY (`id`) ) 
c224	2026-09-04 10:32:23,144 [DEBUG] BaseMappedStatement insert data with statement 'INSERT INTO `recursivereferenceeager` (`stuff` ,`parent_id` ) VALUES (?,?)' and 2 args, changed 1 rows
c224	2026-09-04 10:32:23,144 [TRACE] BaseMappedStatement insert arguments: [fpeewihwh13132gwofjwe, null]
c224	2026-09-04 10:32:23,144 [DEBUG] BaseMappedStatement assigned id '1' from keyholder to 'id' in RecursiveReferenceEager object
c224	2026-09-04 10:32:23,148 [DEBUG] BaseMappedStatement update data with statement 'UPDATE `recursivereferenceeager` SET `stuff` = ?, `parent_id` = ? WHERE `id` = ?' and 3 args, changed 1 rows
c224	2026-09-04 10:32:23,148 [TRACE] BaseMappedStatement update arguments: [fpeewihwh13132gwofjwe, 1, 1]
c224	2026-09-04 10:32:23,161 [DEBUG] BaseMappedStatement prepared statement 'SELECT * FROM `recursivereferenceeager` WHERE `parent_id` = ?' with 1 args
c224	2026-09-04 10:32:23,161 [TRACE] BaseMappedStatement prepared statement arguments: [1]
c224	2026-09-04 10:32:23,162 [DEBUG] StatementExecutor query of 'SELECT * FROM `recursivereferenceeager` WHERE `parent_id` = ?' with 1 args returned 1 results
c224	2026-09-04 10:32:23,162 [DEBUG] BaseMappedStatement query-for-id using 'SELECT * FROM `recursivereferenceeager` WHERE `id` = ?' and 1 args, got 1 result
c224	2026-09-04 10:32:23,163 [TRACE] BaseMappedStatement query-for-id arguments: [1]
c224	FT	1	com.j256.ormlite.dao.ForeignCollectionTest#testRecursiveReferenceEager	PASS				873
c224	FT	2	com.j256.ormlite.dao.RuntimeExceptionDaoTest#testAssignEmptyForeignCollectionThrow	PASS				44
c225	2026-09-04 10:32:23,643 [INFO] TableUtils dropping table 'recursivereferenceeagerleveltwo'
c225	2026-09-04 10:32:23,931 [INFO] TableUtils ignoring drop error 'org.h2.jdbc.JdbcSQLSyntaxErrorException: Table "RECURSIVEREFERENCEEAGERLEVELTWO" not found; SQL statement:
c225	DROP TABLE `recursivereferenceeagerleveltwo`  [42102-200]' for statement: DROP TABLE `recursivereferenceeagerleveltwo` 
c225	2026-09-04 10:32:23,932 [INFO] TableUtils creating table 'recursivereferenceeagerleveltwo'
c225	2026-09-04 10:32:23,972 [INFO] TableUtils executed create table statement changed 0 rows: CREATE TABLE `recursivereferenceeagerleveltwo` (`id` INTEGER AUTO_INCREMENT , `stuff` VARCHAR(255) , `parent_id` INTEGER , PRIMARY KEY (`id`) ) 
c225	2026-09-04 10:32:24,000 [DEBUG] BaseMappedStatement insert data with statement 'INSERT INTO `recursivereferenceeagerleveltwo` (`stuff` ,`parent_id` ) VALUES (?,?)' and 2 args, changed 1 rows
c225	2026-09-04 10:32:24,000 [TRACE] BaseMappedStatement insert arguments: [fpeewifwfwehwhgwofjwe, null]
c225	2026-09-04 10:32:24,001 [DEBUG] BaseMappedStatement assigned id '1' from keyholder to 'id' in RecursiveReferenceEagerLevelTwo object
c225	2026-09-04 10:32:24,010 [DEBUG] BaseMappedStatement update data with statement 'UPDATE `recursivereferenceeagerleveltwo` SET `stuff` = ?, `parent_id` = ? WHERE `id` = ?' and 3 args, changed 1 rows
c225	2026-09-04 10:32:24,010 [TRACE] BaseMappedStatement update arguments: [fpeewifwfwehwhgwofjwe, 1, 1]
c225	2026-09-04 10:32:24,035 [DEBUG] BaseMappedStatement prepared statement 'SELECT * FROM `recursivereferenceeagerleveltwo` WHERE `parent_id` = ?' with 1 args
c225	2026-09-04 10:32:24,035 [TRACE] BaseMappedStatement prepared statement arguments: [1]
c225	2026-09-04 10:32:24,037 [DEBUG] BaseMappedStatement prepared statement 'SELECT * FROM `recursivereferenceeagerleveltwo` WHERE `parent_id` = ?' with 1 args
c225	2026-09-04 10:32:24,038 [TRACE] BaseMappedStatement prepared statement arguments: [1]
c225	2026-09-04 10:32:24,040 [DEBUG] StatementExecutor query of 'SELECT * FROM `recursivereferenceeagerleveltwo` WHERE `parent_id` = ?' with 1 args returned 1 results
c225	2026-09-04 10:32:24,040 [DEBUG] StatementExecutor query of 'SELECT * FROM `recursivereferenceeagerleveltwo` WHERE `parent_id` = ?' with 1 args returned 1 results
c225	2026-09-04 10:32:24,041 [DEBUG] BaseMappedStatement query-for-id using 'SELECT * FROM `recursivereferenceeagerleveltwo` WHERE `id` = ?' and 1 args, got 1 result
c225	2026-09-04 10:32:24,041 [TRACE] BaseMappedStatement query-for-id arguments: [1]
c225	FT	1	com.j256.ormlite.dao.ForeignCollectionTest#testRecursiveReferenceEagerTwo	PASS				746
c225	FT	2	com.j256.ormlite.dao.RuntimeExceptionDaoTest#testAssignEmptyForeignCollectionThrow	PASS				54
c226	2026-09-04 10:32:24,622 [INFO] TableUtils dropping table 'recursivereferenceeagerlevelzero'
c226	2026-09-04 10:32:24,910 [INFO] TableUtils ignoring drop error 'org.h2.jdbc.JdbcSQLSyntaxErrorException: Table "RECURSIVEREFERENCEEAGERLEVELZERO" not found; SQL statement:
c226	DROP TABLE `recursivereferenceeagerlevelzero`  [42102-200]' for statement: DROP TABLE `recursivereferenceeagerlevelzero` 
c226	2026-09-04 10:32:24,910 [INFO] TableUtils creating table 'recursivereferenceeagerlevelzero'
c226	2026-09-04 10:32:24,937 [INFO] TableUtils executed create table statement changed 0 rows: CREATE TABLE `recursivereferenceeagerlevelzero` (`id` INTEGER AUTO_INCREMENT , `stuff` VARCHAR(255) , `parent_id` INTEGER , PRIMARY KEY (`id`) ) 
c226	2026-09-04 10:32:24,965 [DEBUG] BaseMappedStatement insert data with statement 'INSERT INTO `recursivereferenceeagerlevelzero` (`stuff` ,`parent_id` ) VALUES (?,?)' and 2 args, changed 1 rows
c226	2026-09-04 10:32:24,965 [TRACE] BaseMappedStatement insert arguments: [fpeewifwfwehwhgwofjwe, null]
c226	2026-09-04 10:32:24,966 [DEBUG] BaseMappedStatement assigned id '1' from keyholder to 'id' in RecursiveReferenceEagerLevelZero object
c226	2026-09-04 10:32:24,971 [DEBUG] BaseMappedStatement update data with statement 'UPDATE `recursivereferenceeagerlevelzero` SET `stuff` = ?, `parent_id` = ? WHERE `id` = ?' and 3 args, changed 1 rows
c226	2026-09-04 10:32:24,971 [TRACE] BaseMappedStatement update arguments: [fpeewifwfwehwhgwofjwe, 1, 1]
c226	2026-09-04 10:32:24,985 [DEBUG] BaseMappedStatement query-for-id using 'SELECT * FROM `recursivereferenceeagerlevelzero` WHERE `id` = ?' and 1 args, got 1 result
c226	2026-09-04 10:32:24,985 [TRACE] BaseMappedStatement query-for-id arguments: [1]
c226	FT	1	com.j256.ormlite.dao.ForeignCollectionTest#testRecursiveReferenceEagerZero	PASS				746
c226	FT	2	com.j256.ormlite.dao.RuntimeExceptionDaoTest#testAssignEmptyForeignCollectionThrow	PASS				54
c227	2026-09-04 10:32:25,556 [INFO] TableUtils dropping table 'account'
c227	2026-09-04 10:32:25,849 [INFO] TableUtils ignoring drop error 'org.h2.jdbc.JdbcSQLSyntaxErrorException: Table "ACCOUNT" not found; SQL statement:
c227	DROP TABLE `account`  [42102-200]' for statement: DROP TABLE `account` 
c227	2026-09-04 10:32:25,850 [INFO] TableUtils creating table 'account'
c227	2026-09-04 10:32:25,893 [INFO] TableUtils executed create table statement changed 0 rows: CREATE TABLE `account` (`id` INTEGER AUTO_INCREMENT , `name` VARCHAR(255) , PRIMARY KEY (`id`) ) 
c227	2026-09-04 10:32:25,893 [INFO] TableUtils dropping table 'order'
c227	2026-09-04 10:32:25,894 [INFO] TableUtils ignoring drop error 'org.h2.jdbc.JdbcSQLSyntaxErrorException: Table "ORDER" not found; SQL statement:
c227	DROP TABLE `order`  [42102-200]' for statement: DROP TABLE `order` 
c227	2026-09-04 10:32:25,894 [INFO] TableUtils creating table 'order'
c227	2026-09-04 10:32:25,901 [INFO] TableUtils executed create table statement changed 0 rows: CREATE TABLE `order` (`id` INTEGER AUTO_INCREMENT , `val` INTEGER , `account_id` INTEGER ,  UNIQUE (`val`), PRIMARY KEY (`id`) ) 
c227	2026-09-04 10:32:25,927 [DEBUG] BaseMappedStatement insert data with statement 'INSERT INTO `account` (`name` ) VALUES (?)' and 1 args, changed 1 rows
c227	2026-09-04 10:32:25,927 [TRACE] BaseMappedStatement insert arguments: [fwejpojfpofewjo]
c227	2026-09-04 10:32:25,928 [DEBUG] BaseMappedStatement assigned id '1' from keyholder to 'id' in Account object
c227	2026-09-04 10:32:25,931 [DEBUG] BaseMappedStatement insert data with statement 'INSERT INTO `order` (`val` ,`account_id` ) VALUES (?,?)' and 2 args, changed 1 rows
c227	2026-09-04 10:32:25,931 [TRACE] BaseMappedStatement insert arguments: [1321312, 1]
c227	2026-09-04 10:32:25,932 [DEBUG] BaseMappedStatement assigned id '1' from keyholder to 'id' in Order object
c227	2026-09-04 10:32:25,953 [DEBUG] BaseMappedStatement prepared statement 'SELECT * FROM `account` WHERE `id` = 1' with 0 args
c227	2026-09-04 10:32:25,959 [DEBUG] BaseMappedStatement prepared statement 'SELECT * FROM `order` WHERE `account_id` = ?' with 1 args
c227	2026-09-04 10:32:25,960 [TRACE] BaseMappedStatement prepared statement arguments: [1]
c227	2026-09-04 10:32:25,961 [DEBUG] StatementExecutor query of 'SELECT * FROM `order` WHERE `account_id` = ?' with 1 args returned 1 results
c227	2026-09-04 10:32:25,962 [DEBUG] StatementExecutor query of 'SELECT * FROM `account` WHERE `id` = 1' with 0 args returned 1 results
c227	2026-09-04 10:32:25,963 [DEBUG] BaseMappedStatement prepared statement 'SELECT `id`, `name` FROM `account` WHERE `id` = 1' with 0 args
c227	2026-09-04 10:32:25,964 [DEBUG] StatementExecutor query of 'SELECT `id`, `name` FROM `account` WHERE `id` = 1' with 0 args returned 1 results
c227	2026-09-04 10:32:25,964 [DEBUG] BaseMappedStatement prepared statement 'SELECT `id`, `name` FROM `account` WHERE `id` = 1' with 0 args
c227	2026-09-04 10:32:25,965 [DEBUG] BaseMappedStatement prepared statement 'SELECT * FROM `order` WHERE `account_id` = ?' with 1 args
c227	2026-09-04 10:32:25,965 [TRACE] BaseMappedStatement prepared statement arguments: [1]
c227	2026-09-04 10:32:25,965 [DEBUG] StatementExecutor query of 'SELECT * FROM `order` WHERE `account_id` = ?' with 1 args returned 1 results
c227	2026-09-04 10:32:25,965 [DEBUG] StatementExecutor query of 'SELECT `id`, `name` FROM `account` WHERE `id` = 1' with 0 args returned 1 results
c227	FT	1	com.j256.ormlite.dao.ForeignCollectionTest#testSelectColumnsNullForeign	PASS				824
c227	FT	2	com.j256.ormlite.dao.RuntimeExceptionDaoTest#testAssignEmptyForeignCollectionThrow	PASS				55
c228	2026-09-04 10:32:26,433 [INFO] TableUtils dropping table 'account'
c228	2026-09-04 10:32:26,687 [INFO] TableUtils ignoring drop error 'org.h2.jdbc.JdbcSQLSyntaxErrorException: Table "ACCOUNT" not found; SQL statement:
c228	DROP TABLE `account`  [42102-200]' for statement: DROP TABLE `account` 
c228	2026-09-04 10:32:26,688 [INFO] TableUtils creating table 'account'
c228	2026-09-04 10:32:26,716 [INFO] TableUtils executed create table statement changed 0 rows: CREATE TABLE `account` (`id` INTEGER AUTO_INCREMENT , `name` VARCHAR(255) , PRIMARY KEY (`id`) ) 
c228	FT	1	com.j256.ormlite.dao.ForeignCollectionTest#testUnknownEmptyCollection	PASS				590
c228	FT	2	com.j256.ormlite.dao.RuntimeExceptionDaoTest#testAssignEmptyForeignCollectionThrow	PASS				48
c229	2026-09-04 10:32:27,145 [INFO] TableUtils dropping table 'question'
c229	2026-09-04 10:32:27,403 [INFO] TableUtils ignoring drop error 'org.h2.jdbc.JdbcSQLSyntaxErrorException: Table "QUESTION" not found; SQL statement:
c229	DROP TABLE `question`  [42102-200]' for statement: DROP TABLE `question` 
c229	2026-09-04 10:32:27,403 [INFO] TableUtils creating table 'question'
c229	2026-09-04 10:32:27,432 [INFO] TableUtils executed create table statement changed 0 rows: CREATE TABLE `question` (`id` INTEGER AUTO_INCREMENT , `name` VARCHAR(255) , `bestAnswer_id` INTEGER , PRIMARY KEY (`id`) ) 
c229	2026-09-04 10:32:27,433 [INFO] TableUtils dropping table 'answer'
c229	2026-09-04 10:32:27,433 [INFO] TableUtils ignoring drop error 'org.h2.jdbc.JdbcSQLSyntaxErrorException: Table "ANSWER" not found; SQL statement:
c229	DROP TABLE `answer`  [42102-200]' for statement: DROP TABLE `answer` 
c229	2026-09-04 10:32:27,434 [INFO] TableUtils creating table 'answer'
c229	2026-09-04 10:32:27,438 [INFO] TableUtils executed create table statement changed 0 rows: CREATE TABLE `answer` (`id` INTEGER AUTO_INCREMENT , `val` INTEGER , `question_id` INTEGER ,  UNIQUE (`val`), PRIMARY KEY (`id`) ) 
c229	2026-09-04 10:32:27,463 [DEBUG] BaseMappedStatement insert data with statement 'INSERT INTO `answer` (`val` ,`question_id` ) VALUES (?,?)' and 2 args, changed 1 rows
c229	2026-09-04 10:32:27,463 [TRACE] BaseMappedStatement insert arguments: [1234313123, null]
c229	2026-09-04 10:32:27,463 [DEBUG] BaseMappedStatement assigned id '1' from keyholder to 'id' in Answer object
c229	2026-09-04 10:32:27,464 [DEBUG] BaseMappedStatement insert data with statement 'INSERT INTO `question` (`name` ,`bestAnswer_id` ) VALUES (?,?)' and 2 args, changed 1 rows
c229	2026-09-04 10:32:27,465 [TRACE] BaseMappedStatement insert arguments: [some question, 1]
c229	2026-09-04 10:32:27,465 [DEBUG] BaseMappedStatement assigned id '1' from keyholder to 'id' in Question object
c229	2026-09-04 10:32:27,481 [DEBUG] BaseMappedStatement query-for-id using 'SELECT * FROM `answer` WHERE `id` = ?' and 1 args, got 1 result
c229	2026-09-04 10:32:27,481 [TRACE] BaseMappedStatement query-for-id arguments: [1]
c229	2026-09-04 10:32:27,497 [DEBUG] BaseMappedStatement prepared statement 'SELECT * FROM `answer` WHERE `question_id` = ?' with 1 args
c229	2026-09-04 10:32:27,497 [TRACE] BaseMappedStatement prepared statement arguments: [1]
c229	2026-09-04 10:32:27,499 [DEBUG] StatementExecutor query of 'SELECT * FROM `answer` WHERE `question_id` = ?' with 1 args returned 0 results
c229	2026-09-04 10:32:27,499 [DEBUG] BaseMappedStatement refresh using 'SELECT * FROM `question` WHERE `id` = ?' and 1 args, got 1 result
c229	2026-09-04 10:32:27,500 [TRACE] BaseMappedStatement refresh arguments: [1]
c229	2026-09-04 10:32:27,510 [DEBUG] StatementExecutor query of 'SELECT COUNT(*) FROM `question` WHERE `id` = ?' returned 0
c229	2026-09-04 10:32:27,511 [DEBUG] BaseMappedStatement insert data with statement 'INSERT INTO `question` (`name` ,`bestAnswer_id` ) VALUES (?,?)' and 2 args, changed 1 rows
c229	2026-09-04 10:32:27,512 [TRACE] BaseMappedStatement insert arguments: [some question2, null]
c229	2026-09-04 10:32:27,512 [DEBUG] BaseMappedStatement assigned id '2' from keyholder to 'id' in Question object
c229	2026-09-04 10:32:27,514 [DEBUG] BaseMappedStatement insert data with statement 'INSERT INTO `answer` (`val` ,`question_id` ) VALUES (?,?)' and 2 args, changed 1 rows
c229	2026-09-04 10:32:27,514 [TRACE] BaseMappedStatement insert arguments: [87879723, null]
c229	2026-09-04 10:32:27,514 [DEBUG] BaseMappedStatement assigned id '2' from keyholder to 'id' in Answer object
c229	2026-09-04 10:32:27,516 [DEBUG] StatementExecutor query of 'SELECT COUNT(*) FROM `question` WHERE `id` = ?' returned 1
c229	2026-09-04 10:32:27,521 [DEBUG] BaseMappedStatement update data with statement 'UPDATE `question` SET `name` = ?, `bestAnswer_id` = ? WHERE `id` = ?' and 3 args, changed 1 rows
c229	2026-09-04 10:32:27,521 [TRACE] BaseMappedStatement update arguments: [some question2, 2, 2]
c229	2026-09-04 10:32:27,525 [DEBUG] BaseMappedStatement query-for-id using 'SELECT * FROM `answer` WHERE `id` = ?' and 1 args, got 1 result
c229	2026-09-04 10:32:27,525 [TRACE] BaseMappedStatement query-for-id arguments: [2]
c229	2026-09-04 10:32:27,525 [DEBUG] BaseMappedStatement prepared statement 'SELECT * FROM `answer` WHERE `question_id` = ?' with 1 args
c229	2026-09-04 10:32:27,526 [TRACE] BaseMappedStatement prepared statement arguments: [2]
c229	2026-09-04 10:32:27,526 [DEBUG] StatementExecutor query of 'SELECT * FROM `answer` WHERE `question_id` = ?' with 1 args returned 0 results
c229	2026-09-04 10:32:27,527 [DEBUG] BaseMappedStatement query-for-id using 'SELECT * FROM `question` WHERE `id` = ?' and 1 args, got 1 result
c229	2026-09-04 10:32:27,527 [TRACE] BaseMappedStatement query-for-id arguments: [2]
c229	2026-09-04 10:32:27,529 [DEBUG] BaseMappedStatement query-for-id using 'SELECT * FROM `answer` WHERE `id` = ?' and 1 args, got 1 result
c229	2026-09-04 10:32:27,530 [TRACE] BaseMappedStatement query-for-id arguments: [2]
c229	2026-09-04 10:32:27,530 [DEBUG] BaseMappedStatement prepared statement 'SELECT * FROM `answer` WHERE `question_id` = ?' with 1 args
c229	2026-09-04 10:32:27,530 [TRACE] BaseMappedStatement prepared statement arguments: [2]
c229	2026-09-04 10:32:27,531 [DEBUG] StatementExecutor query of 'SELECT * FROM `answer` WHERE `question_id` = ?' with 1 args returned 0 results
c229	2026-09-04 10:32:27,531 [DEBUG] BaseMappedStatement refresh using 'SELECT * FROM `question` WHERE `id` = ?' and 1 args, got 1 result
c229	2026-09-04 10:32:27,532 [TRACE] BaseMappedStatement refresh arguments: [2]
c229	FT	1	com.j256.ormlite.dao.ForeignObjectTest#testCreateOrUpdate	PASS				687
c229	FT	2	com.j256.ormlite.dao.RuntimeExceptionDaoTest#testAssignEmptyForeignCollectionThrow	PASS				74
c230	2026-09-04 10:32:28,043 [INFO] TableUtils dropping table 'question'
c230	2026-09-04 10:32:28,319 [INFO] TableUtils ignoring drop error 'org.h2.jdbc.JdbcSQLSyntaxErrorException: Table "QUESTION" not found; SQL statement:
c230	DROP TABLE `question`  [42102-200]' for statement: DROP TABLE `question` 
c230	2026-09-04 10:32:28,320 [INFO] TableUtils creating table 'question'
c230	2026-09-04 10:32:28,347 [INFO] TableUtils executed create table statement changed 0 rows: CREATE TABLE `question` (`id` INTEGER AUTO_INCREMENT , `name` VARCHAR(255) , `bestAnswer_id` INTEGER , PRIMARY KEY (`id`) ) 
c230	2026-09-04 10:32:28,348 [INFO] TableUtils dropping table 'answer'
c230	2026-09-04 10:32:28,348 [INFO] TableUtils ignoring drop error 'org.h2.jdbc.JdbcSQLSyntaxErrorException: Table "ANSWER" not found; SQL statement:
c230	DROP TABLE `answer`  [42102-200]' for statement: DROP TABLE `answer` 
c230	2026-09-04 10:32:28,348 [INFO] TableUtils creating table 'answer'
c230	2026-09-04 10:32:28,352 [INFO] TableUtils executed create table statement changed 0 rows: CREATE TABLE `answer` (`id` INTEGER AUTO_INCREMENT , `val` INTEGER , `question_id` INTEGER ,  UNIQUE (`val`), PRIMARY KEY (`id`) ) 
c230	2026-09-04 10:32:28,380 [DEBUG] BaseMappedStatement insert data with statement 'INSERT INTO `answer` (`val` ,`question_id` ) VALUES (?,?)' and 2 args, changed 1 rows
c230	2026-09-04 10:32:28,381 [TRACE] BaseMappedStatement insert arguments: [1234313123, null]
c230	2026-09-04 10:32:28,381 [DEBUG] BaseMappedStatement assigned id '1' from keyholder to 'id' in Answer object
c230	2026-09-04 10:32:28,403 [DEBUG] StatementExecutor query of 'SELECT COUNT(*) FROM `question` WHERE `id` = ?' returned 0
c230	2026-09-04 10:32:28,404 [DEBUG] BaseMappedStatement insert data with statement 'INSERT INTO `question` (`name` ,`bestAnswer_id` ) VALUES (?,?)' and 2 args, changed 1 rows
c230	2026-09-04 10:32:28,405 [TRACE] BaseMappedStatement insert arguments: [name_0, 1]
c230	2026-09-04 10:32:28,405 [DEBUG] BaseMappedStatement assigned id '1' from keyholder to 'id' in Question object
c230	2026-09-04 10:32:28,406 [DEBUG] StatementExecutor query of 'SELECT COUNT(*) FROM `question` WHERE `id` = ?' returned 0
c230	2026-09-04 10:32:28,407 [DEBUG] BaseMappedStatement insert data with statement 'INSERT INTO `question` (`name` ,`bestAnswer_id` ) VALUES (?,?)' and 2 args, changed 1 rows
c230	2026-09-04 10:32:28,407 [TRACE] BaseMappedStatement insert arguments: [name_1, 1]
c230	2026-09-04 10:32:28,407 [DEBUG] BaseMappedStatement assigned id '2' from keyholder to 'id' in Question object
c230	2026-09-04 10:32:28,408 [DEBUG] StatementExecutor query of 'SELECT COUNT(*) FROM `question` WHERE `id` = ?' returned 0
c230	2026-09-04 10:32:28,408 [DEBUG] BaseMappedStatement insert data with statement 'INSERT INTO `question` (`name` ,`bestAnswer_id` ) VALUES (?,?)' and 2 args, changed 1 rows
c230	2026-09-04 10:32:28,409 [TRACE] BaseMappedStatement insert arguments: [name_2, 1]
c230	2026-09-04 10:32:28,409 [DEBUG] BaseMappedStatement assigned id '3' from keyholder to 'id' in Question object
c230	2026-09-04 10:32:28,409 [DEBUG] StatementExecutor query of 'SELECT COUNT(*) FROM `question` WHERE `id` = ?' returned 0
c230	2026-09-04 10:32:28,410 [DEBUG] BaseMappedStatement insert data with statement 'INSERT INTO `question` (`name` ,`bestAnswer_id` ) VALUES (?,?)' and 2 args, changed 1 rows
c230	2026-09-04 10:32:28,410 [TRACE] BaseMappedStatement insert arguments: [name_3, 1]
c230	2026-09-04 10:32:28,410 [DEBUG] BaseMappedStatement assigned id '4' from keyholder to 'id' in Question object
c230	2026-09-04 10:32:28,411 [DEBUG] StatementExecutor query of 'SELECT COUNT(*) FROM `question` WHERE `id` = ?' returned 0
c230	2026-09-04 10:32:28,411 [DEBUG] BaseMappedStatement insert data with statement 'INSERT INTO `question` (`name` ,`bestAnswer_id` ) VALUES (?,?)' and 2 args, changed 1 rows
c230	2026-09-04 10:32:28,411 [TRACE] BaseMappedStatement insert arguments: [name_4, 1]
c230	2026-09-04 10:32:28,412 [DEBUG] BaseMappedStatement assigned id '5' from keyholder to 'id' in Question object
c230	2026-09-04 10:32:28,413 [DEBUG] StatementExecutor query of 'SELECT COUNT(*) FROM `question` WHERE `id` = ?' returned 0
c230	2026-09-04 10:32:28,414 [DEBUG] BaseMappedStatement insert data with statement 'INSERT INTO `question` (`name` ,`bestAnswer_id` ) VALUES (?,?)' and 2 args, changed 1 rows
c230	2026-09-04 10:32:28,414 [TRACE] BaseMappedStatement insert arguments: [name_5, 1]
c230	2026-09-04 10:32:28,414 [DEBUG] BaseMappedStatement assigned id '6' from keyholder to 'id' in Question object
c230	2026-09-04 10:32:28,415 [DEBUG] StatementExecutor query of 'SELECT COUNT(*) FROM `question` WHERE `id` = ?' returned 0
c230	2026-09-04 10:32:28,415 [DEBUG] BaseMappedStatement insert data with statement 'INSERT INTO `question` (`name` ,`bestAnswer_id` ) VALUES (?,?)' and 2 args, changed 1 rows
c230	2026-09-04 10:32:28,416 [TRACE] BaseMappedStatement insert arguments: [name_6, 1]
c230	2026-09-04 10:32:28,416 [DEBUG] BaseMappedStatement assigned id '7' from keyholder to 'id' in Question object
c230	2026-09-04 10:32:28,416 [DEBUG] StatementExecutor query of 'SELECT COUNT(*) FROM `question` WHERE `id` = ?' returned 0
c230	2026-09-04 10:32:28,417 [DEBUG] BaseMappedStatement insert data with statement 'INSERT INTO `question` (`name` ,`bestAnswer_id` ) VALUES (?,?)' and 2 args, changed 1 rows
c230	2026-09-04 10:32:28,417 [TRACE] BaseMappedStatement insert arguments: [name_7, 1]
c230	2026-09-04 10:32:28,417 [DEBUG] BaseMappedStatement assigned id '8' from keyholder to 'id' in Question object
c230	2026-09-04 10:32:28,418 [DEBUG] StatementExecutor query of 'SELECT COUNT(*) FROM `question` WHERE `id` = ?' returned 0
c230	2026-09-04 10:32:28,419 [DEBUG] BaseMappedStatement insert data with statement 'INSERT INTO `question` (`name` ,`bestAnswer_id` ) VALUES (?,?)' and 2 args, changed 1 rows
c230	2026-09-04 10:32:28,419 [TRACE] BaseMappedStatement insert arguments: [name_8, 1]
c230	2026-09-04 10:32:28,419 [DEBUG] BaseMappedStatement assigned id '9' from keyholder to 'id' in Question object
c230	2026-09-04 10:32:28,420 [DEBUG] StatementExecutor query of 'SELECT COUNT(*) FROM `question` WHERE `id` = ?' returned 0
c230	2026-09-04 10:32:28,420 [DEBUG] BaseMappedStatement insert data with statement 'INSERT INTO `question` (`name` ,`bestAnswer_id` ) VALUES (?,?)' and 2 args, changed 1 rows
c230	2026-09-04 10:32:28,420 [TRACE] BaseMappedStatement insert arguments: [name_9, 1]
c230	2026-09-04 10:32:28,420 [DEBUG] BaseMappedStatement assigned id '10' from keyholder to 'id' in Question object
c230	2026-09-04 10:32:28,423 [DEBUG] BaseMappedStatement query-for-id using 'SELECT * FROM `answer` WHERE `id` = ?' and 1 args, got 1 result
c230	2026-09-04 10:32:28,424 [TRACE] BaseMappedStatement query-for-id arguments: [1]
c230	2026-09-04 10:32:28,426 [DEBUG] BaseMappedStatement prepared statement 'SELECT * FROM `answer` WHERE `question_id` = ?' with 1 args
c230	2026-09-04 10:32:28,426 [TRACE] BaseMappedStatement prepared statement arguments: [1]
c230	2026-09-04 10:32:28,427 [DEBUG] StatementExecutor query of 'SELECT * FROM `answer` WHERE `question_id` = ?' with 1 args returned 0 results
c230	2026-09-04 10:32:28,427 [DEBUG] BaseMappedStatement query-for-id using 'SELECT * FROM `question` WHERE `id` = ?' and 1 args, got 1 result
c230	2026-09-04 10:32:28,427 [TRACE] BaseMappedStatement query-for-id arguments: [1]
c230	2026-09-04 10:32:28,429 [DEBUG] BaseMappedStatement query-for-id using 'SELECT * FROM `answer` WHERE `id` = ?' and 1 args, got 1 result
c230	2026-09-04 10:32:28,429 [TRACE] BaseMappedStatement query-for-id arguments: [1]
c230	2026-09-04 10:32:28,429 [DEBUG] BaseMappedStatement prepared statement 'SELECT * FROM `answer` WHERE `question_id` = ?' with 1 args
c230	2026-09-04 10:32:28,429 [TRACE] BaseMappedStatement prepared statement arguments: [2]
c230	2026-09-04 10:32:28,430 [DEBUG] StatementExecutor query of 'SELECT * FROM `answer` WHERE `question_id` = ?' with 1 args returned 0 results
c230	2026-09-04 10:32:28,430 [DEBUG] BaseMappedStatement query-for-id using 'SELECT * FROM `question` WHERE `id` = ?' and 1 args, got 1 result
c230	2026-09-04 10:32:28,430 [TRACE] BaseMappedStatement query-for-id arguments: [2]
c230	2026-09-04 10:32:28,431 [DEBUG] BaseMappedStatement query-for-id using 'SELECT * FROM `answer` WHERE `id` = ?' and 1 args, got 1 result
c230	2026-09-04 10:32:28,431 [TRACE] BaseMappedStatement query-for-id arguments: [1]
c230	2026-09-04 10:32:28,432 [DEBUG] BaseMappedStatement prepared statement 'SELECT * FROM `answer` WHERE `question_id` = ?' with 1 args
c230	2026-09-04 10:32:28,432 [TRACE] BaseMappedStatement prepared statement arguments: [3]
c230	2026-09-04 10:32:28,432 [DEBUG] StatementExecutor query of 'SELECT * FROM `answer` WHERE `question_id` = ?' with 1 args returned 0 results
c230	2026-09-04 10:32:28,432 [DEBUG] BaseMappedStatement query-for-id using 'SELECT * FROM `question` WHERE `id` = ?' and 1 args, got 1 result
c230	2026-09-04 10:32:28,432 [TRACE] BaseMappedStatement query-for-id arguments: [3]
c230	2026-09-04 10:32:28,433 [DEBUG] BaseMappedStatement query-for-id using 'SELECT * FROM `answer` WHERE `id` = ?' and 1 args, got 1 result
c230	2026-09-04 10:32:28,433 [TRACE] BaseMappedStatement query-for-id arguments: [1]
c230	2026-09-04 10:32:28,434 [DEBUG] BaseMappedStatement prepared statement 'SELECT * FROM `answer` WHERE `question_id` = ?' with 1 args
c230	2026-09-04 10:32:28,434 [TRACE] BaseMappedStatement prepared statement arguments: [4]
c230	2026-09-04 10:32:28,435 [DEBUG] StatementExecutor query of 'SELECT * FROM `answer` WHERE `question_id` = ?' with 1 args returned 0 results
c230	2026-09-04 10:32:28,435 [DEBUG] BaseMappedStatement query-for-id using 'SELECT * FROM `question` WHERE `id` = ?' and 1 args, got 1 result
c230	2026-09-04 10:32:28,435 [TRACE] BaseMappedStatement query-for-id arguments: [4]
c230	2026-09-04 10:32:28,435 [DEBUG] BaseMappedStatement query-for-id using 'SELECT * FROM `answer` WHERE `id` = ?' and 1 args, got 1 result
c230	2026-09-04 10:32:28,435 [TRACE] BaseMappedStatement query-for-id arguments: [1]
c230	2026-09-04 10:32:28,436 [DEBUG] BaseMappedStatement prepared statement 'SELECT * FROM `answer` WHERE `question_id` = ?' with 1 args
c230	2026-09-04 10:32:28,436 [TRACE] BaseMappedStatement prepared statement arguments: [5]
c230	2026-09-04 10:32:28,436 [DEBUG] StatementExecutor query of 'SELECT * FROM `answer` WHERE `question_id` = ?' with 1 args returned 0 results
c230	2026-09-04 10:32:28,436 [DEBUG] BaseMappedStatement query-for-id using 'SELECT * FROM `question` WHERE `id` = ?' and 1 args, got 1 result
c230	2026-09-04 10:32:28,436 [TRACE] BaseMappedStatement query-for-id arguments: [5]
c230	2026-09-04 10:32:28,437 [DEBUG] BaseMappedStatement query-for-id using 'SELECT * FROM `answer` WHERE `id` = ?' and 1 args, got 1 result
c230	2026-09-04 10:32:28,437 [TRACE] BaseMappedStatement query-for-id arguments: [1]
c230	2026-09-04 10:32:28,437 [DEBUG] BaseMappedStatement prepared statement 'SELECT * FROM `answer` WHERE `question_id` = ?' with 1 args
c230	2026-09-04 10:32:28,437 [TRACE] BaseMappedStatement prepared statement arguments: [6]
c230	2026-09-04 10:32:28,437 [DEBUG] StatementExecutor query of 'SELECT * FROM `answer` WHERE `question_id` = ?' with 1 args returned 0 results
c230	2026-09-04 10:32:28,438 [DEBUG] BaseMappedStatement query-for-id using 'SELECT * FROM `question` WHERE `id` = ?' and 1 args, got 1 result
c230	2026-09-04 10:32:28,438 [TRACE] BaseMappedStatement query-for-id arguments: [6]
c230	2026-09-04 10:32:28,439 [DEBUG] BaseMappedStatement query-for-id using 'SELECT * FROM `answer` WHERE `id` = ?' and 1 args, got 1 result
c230	2026-09-04 10:32:28,439 [TRACE] BaseMappedStatement query-for-id arguments: [1]
c230	2026-09-04 10:32:28,439 [DEBUG] BaseMappedStatement prepared statement 'SELECT * FROM `answer` WHERE `question_id` = ?' with 1 args
c230	2026-09-04 10:32:28,439 [TRACE] BaseMappedStatement prepared statement arguments: [7]
c230	2026-09-04 10:32:28,439 [DEBUG] StatementExecutor query of 'SELECT * FROM `answer` WHERE `question_id` = ?' with 1 args returned 0 results
c230	2026-09-04 10:32:28,439 [DEBUG] BaseMappedStatement query-for-id using 'SELECT * FROM `question` WHERE `id` = ?' and 1 args, got 1 result
c230	2026-09-04 10:32:28,439 [TRACE] BaseMappedStatement query-for-id arguments: [7]
c230	2026-09-04 10:32:28,441 [DEBUG] BaseMappedStatement query-for-id using 'SELECT * FROM `answer` WHERE `id` = ?' and 1 args, got 1 result
c230	2026-09-04 10:32:28,441 [TRACE] BaseMappedStatement query-for-id arguments: [1]
c230	2026-09-04 10:32:28,441 [DEBUG] BaseMappedStatement prepared statement 'SELECT * FROM `answer` WHERE `question_id` = ?' with 1 args
c230	2026-09-04 10:32:28,441 [TRACE] BaseMappedStatement prepared statement arguments: [8]
c230	2026-09-04 10:32:28,442 [DEBUG] StatementExecutor query of 'SELECT * FROM `answer` WHERE `question_id` = ?' with 1 args returned 0 results
c230	2026-09-04 10:32:28,442 [DEBUG] BaseMappedStatement query-for-id using 'SELECT * FROM `question` WHERE `id` = ?' and 1 args, got 1 result
c230	2026-09-04 10:32:28,442 [TRACE] BaseMappedStatement query-for-id arguments: [8]
c230	2026-09-04 10:32:28,443 [DEBUG] BaseMappedStatement query-for-id using 'SELECT * FROM `answer` WHERE `id` = ?' and 1 args, got 1 result
c230	2026-09-04 10:32:28,443 [TRACE] BaseMappedStatement query-for-id arguments: [1]
c230	2026-09-04 10:32:28,443 [DEBUG] BaseMappedStatement prepared statement 'SELECT * FROM `answer` WHERE `question_id` = ?' with 1 args
c230	2026-09-04 10:32:28,443 [TRACE] BaseMappedStatement prepared statement arguments: [9]
c230	2026-09-04 10:32:28,443 [DEBUG] StatementExecutor query of 'SELECT * FROM `answer` WHERE `question_id` = ?' with 1 args returned 0 results
c230	2026-09-04 10:32:28,443 [DEBUG] BaseMappedStatement query-for-id using 'SELECT * FROM `question` WHERE `id` = ?' and 1 args, got 1 result
c230	2026-09-04 10:32:28,443 [TRACE] BaseMappedStatement query-for-id arguments: [9]
c230	2026-09-04 10:32:28,445 [DEBUG] BaseMappedStatement query-for-id using 'SELECT * FROM `answer` WHERE `id` = ?' and 1 args, got 1 result
c230	2026-09-04 10:32:28,445 [TRACE] BaseMappedStatement query-for-id arguments: [1]
c230	2026-09-04 10:32:28,445 [DEBUG] BaseMappedStatement prepared statement 'SELECT * FROM `answer` WHERE `question_id` = ?' with 1 args
c230	2026-09-04 10:32:28,445 [TRACE] BaseMappedStatement prepared statement arguments: [10]
c230	2026-09-04 10:32:28,446 [DEBUG] StatementExecutor query of 'SELECT * FROM `answer` WHERE `question_id` = ?' with 1 args returned 0 results
c230	2026-09-04 10:32:28,446 [DEBUG] BaseMappedStatement query-for-id using 'SELECT * FROM `question` WHERE `id` = ?' and 1 args, got 1 result
c230	2026-09-04 10:32:28,446 [TRACE] BaseMappedStatement query-for-id arguments: [10]
c230	FT	1	com.j256.ormlite.dao.ForeignObjectTest#testCreateOrUpdateLoop	PASS				700
c230	FT	2	com.j256.ormlite.dao.RuntimeExceptionDaoTest#testAssignEmptyForeignCollectionThrow	PASS				54
c231	2026-09-04 10:32:28,923 [INFO] TableUtils dropping table 'child'
c231	2026-09-04 10:32:29,205 [INFO] TableUtils ignoring drop error 'org.h2.jdbc.JdbcSQLSyntaxErrorException: Table "CHILD" not found; SQL statement:
c231	DROP TABLE `child`  [42102-200]' for statement: DROP TABLE `child` 
c231	2026-09-04 10:32:29,206 [INFO] TableUtils creating table 'child'
c231	2026-09-04 10:32:29,234 [INFO] TableUtils executed create table statement changed 0 rows: CREATE TABLE `child` (`id` INTEGER AUTO_INCREMENT , `api_id` INTEGER , PRIMARY KEY (`id`) ) 
c231	2026-09-04 10:32:29,236 [INFO] TableUtils dropping table 'parent'
c231	2026-09-04 10:32:29,237 [INFO] TableUtils ignoring drop error 'org.h2.jdbc.JdbcSQLSyntaxErrorException: Table "PARENT" not found; SQL statement:
c231	DROP TABLE `parent`  [42102-200]' for statement: DROP TABLE `parent` 
c231	2026-09-04 10:32:29,237 [INFO] TableUtils creating table 'parent'
c231	2026-09-04 10:32:29,239 [INFO] TableUtils executed create table statement changed 0 rows: CREATE TABLE `parent` (`id` INTEGER AUTO_INCREMENT , `foreignId` INTEGER NOT NULL , PRIMARY KEY (`id`) ) 
c231	2026-09-04 10:32:29,271 [DEBUG] StatementExecutor query of 'SELECT COUNT(*) FROM `parent` WHERE `id` = ?' returned 0
c231	2026-09-04 10:32:29,277 [DEBUG] BaseMappedStatement insert data with statement 'INSERT INTO `parent` (`foreignId` ) VALUES (?)' and 1 args, changed 1 rows
c231	2026-09-04 10:32:29,277 [TRACE] BaseMappedStatement insert arguments: [0]
c231	2026-09-04 10:32:29,277 [DEBUG] BaseMappedStatement assigned id '1' from keyholder to 'id' in Parent object
c231	2026-09-04 10:32:29,278 [DEBUG] StatementExecutor query of 'SELECT COUNT(*) FROM `parent` WHERE `id` = ?' returned 0
c231	2026-09-04 10:32:29,279 [DEBUG] BaseMappedStatement insert data with statement 'INSERT INTO `parent` (`foreignId` ) VALUES (?)' and 1 args, changed 1 rows
c231	2026-09-04 10:32:29,279 [TRACE] BaseMappedStatement insert arguments: [0]
c231	2026-09-04 10:32:29,279 [DEBUG] BaseMappedStatement assigned id '2' from keyholder to 'id' in Parent object
c231	2026-09-04 10:32:29,280 [DEBUG] StatementExecutor query of 'SELECT COUNT(*) FROM `parent` WHERE `id` = ?' returned 0
c231	2026-09-04 10:32:29,281 [DEBUG] BaseMappedStatement insert data with statement 'INSERT INTO `parent` (`foreignId` ) VALUES (?)' and 1 args, changed 1 rows
c231	2026-09-04 10:32:29,281 [TRACE] BaseMappedStatement insert arguments: [0]
c231	2026-09-04 10:32:29,281 [DEBUG] BaseMappedStatement assigned id '3' from keyholder to 'id' in Parent object
c231	2026-09-04 10:32:29,281 [DEBUG] StatementExecutor query of 'SELECT COUNT(*) FROM `parent` WHERE `id` = ?' returned 0
c231	2026-09-04 10:32:29,282 [DEBUG] BaseMappedStatement insert data with statement 'INSERT INTO `parent` (`foreignId` ) VALUES (?)' and 1 args, changed 1 rows
c231	2026-09-04 10:32:29,282 [TRACE] BaseMappedStatement insert arguments: [0]
c231	2026-09-04 10:32:29,282 [DEBUG] BaseMappedStatement assigned id '4' from keyholder to 'id' in Parent object
c231	2026-09-04 10:32:29,282 [DEBUG] StatementExecutor query of 'SELECT COUNT(*) FROM `parent` WHERE `id` = ?' returned 0
c231	2026-09-04 10:32:29,283 [DEBUG] BaseMappedStatement insert data with statement 'INSERT INTO `parent` (`foreignId` ) VALUES (?)' and 1 args, changed 1 rows
c231	2026-09-04 10:32:29,283 [TRACE] BaseMappedStatement insert arguments: [0]
c231	2026-09-04 10:32:29,283 [DEBUG] BaseMappedStatement assigned id '5' from keyholder to 'id' in Parent object
c231	2026-09-04 10:32:29,284 [DEBUG] StatementExecutor query of 'SELECT COUNT(*) FROM `parent` WHERE `id` = ?' returned 0
c231	2026-09-04 10:32:29,285 [DEBUG] BaseMappedStatement insert data with statement 'INSERT INTO `parent` (`foreignId` ) VALUES (?)' and 1 args, changed 1 rows
c231	2026-09-04 10:32:29,285 [TRACE] BaseMappedStatement insert arguments: [0]
c231	2026-09-04 10:32:29,285 [DEBUG] BaseMappedStatement assigned id '6' from keyholder to 'id' in Parent object
c231	2026-09-04 10:32:29,286 [DEBUG] StatementExecutor query of 'SELECT COUNT(*) FROM `parent` WHERE `id` = ?' returned 0
c231	2026-09-04 10:32:29,286 [DEBUG] BaseMappedStatement insert data with statement 'INSERT INTO `parent` (`foreignId` ) VALUES (?)' and 1 args, changed 1 rows
c231	2026-09-04 10:32:29,286 [TRACE] BaseMappedStatement insert arguments: [0]
c231	2026-09-04 10:32:29,286 [DEBUG] BaseMappedStatement assigned id '7' from keyholder to 'id' in Parent object
c231	2026-09-04 10:32:29,287 [DEBUG] StatementExecutor query of 'SELECT COUNT(*) FROM `parent` WHERE `id` = ?' returned 0
c231	2026-09-04 10:32:29,287 [DEBUG] BaseMappedStatement insert data with statement 'INSERT INTO `parent` (`foreignId` ) VALUES (?)' and 1 args, changed 1 rows
c231	2026-09-04 10:32:29,288 [TRACE] BaseMappedStatement insert arguments: [0]
c231	2026-09-04 10:32:29,288 [DEBUG] BaseMappedStatement assigned id '8' from keyholder to 'id' in Parent object
c231	2026-09-04 10:32:29,288 [DEBUG] StatementExecutor query of 'SELECT COUNT(*) FROM `parent` WHERE `id` = ?' returned 0
c231	2026-09-04 10:32:29,289 [DEBUG] BaseMappedStatement insert data with statement 'INSERT INTO `parent` (`foreignId` ) VALUES (?)' and 1 args, changed 1 rows
c231	2026-09-04 10:32:29,289 [TRACE] BaseMappedStatement insert arguments: [0]
c231	2026-09-04 10:32:29,289 [DEBUG] BaseMappedStatement assigned id '9' from keyholder to 'id' in Parent object
c231	2026-09-04 10:32:29,290 [DEBUG] StatementExecutor query of 'SELECT COUNT(*) FROM `parent` WHERE `id` = ?' returned 0
c231	2026-09-04 10:32:29,290 [DEBUG] BaseMappedStatement insert data with statement 'INSERT INTO `parent` (`foreignId` ) VALUES (?)' and 1 args, changed 1 rows
c231	2026-09-04 10:32:29,290 [TRACE] BaseMappedStatement insert arguments: [0]
c231	2026-09-04 10:32:29,290 [DEBUG] BaseMappedStatement assigned id '10' from keyholder to 'id' in Parent object
c231	2026-09-04 10:32:29,291 [DEBUG] StatementExecutor query of 'SELECT COUNT(*) FROM `child`' returned 0
c231	2026-09-04 10:32:29,291 [DEBUG] StatementExecutor query of 'SELECT COUNT(*) FROM `parent`' returned 10
c231	FT	1	com.j256.ormlite.dao.ForeignObjectTest#testCreateOrUpdateManualId	PASS				685
c231	FT	2	com.j256.ormlite.dao.RuntimeExceptionDaoTest#testAssignEmptyForeignCollectionThrow	PASS				49
c232	2026-09-04 10:32:29,771 [INFO] TableUtils dropping table 'child'
c232	2026-09-04 10:32:30,033 [INFO] TableUtils ignoring drop error 'org.h2.jdbc.JdbcSQLSyntaxErrorException: Table "CHILD" not found; SQL statement:
c232	DROP TABLE `child`  [42102-200]' for statement: DROP TABLE `child` 
c232	2026-09-04 10:32:30,034 [INFO] TableUtils creating table 'child'
c232	2026-09-04 10:32:30,067 [INFO] TableUtils executed create table statement changed 0 rows: CREATE TABLE `child` (`id` INTEGER AUTO_INCREMENT , `api_id` INTEGER , PRIMARY KEY (`id`) ) 
c232	2026-09-04 10:32:30,070 [INFO] TableUtils dropping table 'parent'
c232	2026-09-04 10:32:30,071 [INFO] TableUtils ignoring drop error 'org.h2.jdbc.JdbcSQLSyntaxErrorException: Table "PARENT" not found; SQL statement:
c232	DROP TABLE `parent`  [42102-200]' for statement: DROP TABLE `parent` 
c232	2026-09-04 10:32:30,071 [INFO] TableUtils creating table 'parent'
c232	2026-09-04 10:32:30,073 [INFO] TableUtils executed create table statement changed 0 rows: CREATE TABLE `parent` (`id` INTEGER AUTO_INCREMENT , `foreignId` INTEGER NOT NULL , PRIMARY KEY (`id`) ) 
c232	2026-09-04 10:32:30,119 [DEBUG] StatementExecutor query of 'SELECT COUNT(*) FROM `parent` WHERE `id` = ?' returned 0
c232	2026-09-04 10:32:30,126 [DEBUG] BaseMappedStatement insert data with statement 'INSERT INTO `child` (`api_id` ) VALUES (?)' and 1 args, changed 1 rows
c232	2026-09-04 10:32:30,127 [TRACE] BaseMappedStatement insert arguments: [1]
c232	2026-09-04 10:32:30,127 [DEBUG] BaseMappedStatement assigned id '1' from keyholder to 'id' in Child object
c232	2026-09-04 10:32:30,128 [DEBUG] BaseMappedStatement insert data with statement 'INSERT INTO `parent` (`foreignId` ) VALUES (?)' and 1 args, changed 1 rows
c232	2026-09-04 10:32:30,128 [TRACE] BaseMappedStatement insert arguments: [1]
c232	2026-09-04 10:32:30,128 [DEBUG] BaseMappedStatement assigned id '1' from keyholder to 'id' in Parent object
c232	2026-09-04 10:32:30,129 [DEBUG] StatementExecutor query of 'SELECT COUNT(*) FROM `parent` WHERE `id` = ?' returned 0
c232	2026-09-04 10:32:30,130 [DEBUG] BaseMappedStatement insert data with statement 'INSERT INTO `parent` (`foreignId` ) VALUES (?)' and 1 args, changed 1 rows
c232	2026-09-04 10:32:30,130 [TRACE] BaseMappedStatement insert arguments: [1]
c232	2026-09-04 10:32:30,130 [DEBUG] BaseMappedStatement assigned id '2' from keyholder to 'id' in Parent object
c232	2026-09-04 10:32:30,131 [DEBUG] StatementExecutor query of 'SELECT COUNT(*) FROM `child`' returned 1
c232	2026-09-04 10:32:30,132 [DEBUG] BaseMappedStatement prepared statement 'SELECT * FROM `parent`' with 0 args
c232	2026-09-04 10:32:30,134 [DEBUG] BaseMappedStatement query-for-id using 'SELECT * FROM `child` WHERE `api_id` = ?' and 1 args, got 1 result
c232	2026-09-04 10:32:30,134 [TRACE] BaseMappedStatement query-for-id arguments: [1]
c232	2026-09-04 10:32:30,135 [DEBUG] BaseMappedStatement query-for-id using 'SELECT * FROM `child` WHERE `api_id` = ?' and 1 args, got 1 result
c232	2026-09-04 10:32:30,135 [TRACE] BaseMappedStatement query-for-id arguments: [1]
c232	2026-09-04 10:32:30,135 [DEBUG] StatementExecutor query of 'SELECT * FROM `parent`' with 0 args returned 2 results
c232	FT	1	com.j256.ormlite.dao.ForeignObjectTest#testCreateOrUpdateMultiple2	PASS				679
c232	FT	2	com.j256.ormlite.dao.RuntimeExceptionDaoTest#testAssignEmptyForeignCollectionThrow	PASS				62
c233	2026-09-04 10:32:30,586 [INFO] TableUtils dropping table 'child'
c233	2026-09-04 10:32:30,868 [INFO] TableUtils ignoring drop error 'org.h2.jdbc.JdbcSQLSyntaxErrorException: Table "CHILD" not found; SQL statement:
c233	DROP TABLE `child`  [42102-200]' for statement: DROP TABLE `child` 
c233	2026-09-04 10:32:30,869 [INFO] TableUtils creating table 'child'
c233	2026-09-04 10:32:30,899 [INFO] TableUtils executed create table statement changed 0 rows: CREATE TABLE `child` (`id` INTEGER AUTO_INCREMENT , `api_id` INTEGER , PRIMARY KEY (`id`) ) 
c233	2026-09-04 10:32:30,902 [INFO] TableUtils dropping table 'parent'
c233	2026-09-04 10:32:30,903 [INFO] TableUtils ignoring drop error 'org.h2.jdbc.JdbcSQLSyntaxErrorException: Table "PARENT" not found; SQL statement:
c233	DROP TABLE `parent`  [42102-200]' for statement: DROP TABLE `parent` 
c233	2026-09-04 10:32:30,903 [INFO] TableUtils creating table 'parent'
c233	2026-09-04 10:32:30,904 [INFO] TableUtils executed create table statement changed 0 rows: CREATE TABLE `parent` (`id` INTEGER AUTO_INCREMENT , `foreignId` INTEGER NOT NULL , PRIMARY KEY (`id`) ) 
c233	2026-09-04 10:32:30,943 [DEBUG] StatementExecutor query of 'SELECT COUNT(*) FROM `parent` WHERE `id` = ?' returned 0
c233	2026-09-04 10:32:30,947 [DEBUG] BaseMappedStatement insert data with statement 'INSERT INTO `child` (`api_id` ) VALUES (?)' and 1 args, changed 1 rows
c233	2026-09-04 10:32:30,948 [TRACE] BaseMappedStatement insert arguments: [1]
c233	2026-09-04 10:32:30,948 [DEBUG] BaseMappedStatement assigned id '1' from keyholder to 'id' in Child object
c233	2026-09-04 10:32:30,948 [DEBUG] BaseMappedStatement insert data with statement 'INSERT INTO `parent` (`foreignId` ) VALUES (?)' and 1 args, changed 1 rows
c233	2026-09-04 10:32:30,949 [TRACE] BaseMappedStatement insert arguments: [1]
c233	2026-09-04 10:32:30,949 [DEBUG] BaseMappedStatement assigned id '1' from keyholder to 'id' in Parent object
c233	2026-09-04 10:32:30,950 [DEBUG] StatementExecutor query of 'SELECT COUNT(*) FROM `parent` WHERE `id` = ?' returned 0
c233	2026-09-04 10:32:30,951 [DEBUG] BaseMappedStatement insert data with statement 'INSERT INTO `parent` (`foreignId` ) VALUES (?)' and 1 args, changed 1 rows
c233	2026-09-04 10:32:30,951 [TRACE] BaseMappedStatement insert arguments: [1]
c233	2026-09-04 10:32:30,951 [DEBUG] BaseMappedStatement assigned id '2' from keyholder to 'id' in Parent object
c233	2026-09-04 10:32:30,952 [DEBUG] StatementExecutor query of 'SELECT COUNT(*) FROM `parent` WHERE `id` = ?' returned 0
c233	2026-09-04 10:32:30,952 [DEBUG] BaseMappedStatement insert data with statement 'INSERT INTO `parent` (`foreignId` ) VALUES (?)' and 1 args, changed 1 rows
c233	2026-09-04 10:32:30,952 [TRACE] BaseMappedStatement insert arguments: [1]
c233	2026-09-04 10:32:30,952 [DEBUG] BaseMappedStatement assigned id '3' from keyholder to 'id' in Parent object
c233	2026-09-04 10:32:30,953 [DEBUG] StatementExecutor query of 'SELECT COUNT(*) FROM `parent` WHERE `id` = ?' returned 0
c233	2026-09-04 10:32:30,953 [DEBUG] BaseMappedStatement insert data with statement 'INSERT INTO `parent` (`foreignId` ) VALUES (?)' and 1 args, changed 1 rows
c233	2026-09-04 10:32:30,953 [TRACE] BaseMappedStatement insert arguments: [1]
c233	2026-09-04 10:32:30,953 [DEBUG] BaseMappedStatement assigned id '4' from keyholder to 'id' in Parent object
c233	2026-09-04 10:32:30,954 [DEBUG] StatementExecutor query of 'SELECT COUNT(*) FROM `parent` WHERE `id` = ?' returned 0
c233	2026-09-04 10:32:30,954 [DEBUG] BaseMappedStatement insert data with statement 'INSERT INTO `parent` (`foreignId` ) VALUES (?)' and 1 args, changed 1 rows
c233	2026-09-04 10:32:30,955 [TRACE] BaseMappedStatement insert arguments: [1]
c233	2026-09-04 10:32:30,955 [DEBUG] BaseMappedStatement assigned id '5' from keyholder to 'id' in Parent object
c233	2026-09-04 10:32:30,956 [DEBUG] StatementExecutor query of 'SELECT COUNT(*) FROM `parent` WHERE `id` = ?' returned 0
c233	2026-09-04 10:32:30,956 [DEBUG] BaseMappedStatement insert data with statement 'INSERT INTO `parent` (`foreignId` ) VALUES (?)' and 1 args, changed 1 rows
c233	2026-09-04 10:32:30,956 [TRACE] BaseMappedStatement insert arguments: [1]
c233	2026-09-04 10:32:30,956 [DEBUG] BaseMappedStatement assigned id '6' from keyholder to 'id' in Parent object
c233	2026-09-04 10:32:30,957 [DEBUG] StatementExecutor query of 'SELECT COUNT(*) FROM `parent` WHERE `id` = ?' returned 0
c233	2026-09-04 10:32:30,957 [DEBUG] BaseMappedStatement insert data with statement 'INSERT INTO `parent` (`foreignId` ) VALUES (?)' and 1 args, changed 1 rows
c233	2026-09-04 10:32:30,957 [TRACE] BaseMappedStatement insert arguments: [1]
c233	2026-09-04 10:32:30,957 [DEBUG] BaseMappedStatement assigned id '7' from keyholder to 'id' in Parent object
c233	2026-09-04 10:32:30,958 [DEBUG] StatementExecutor query of 'SELECT COUNT(*) FROM `parent` WHERE `id` = ?' returned 0
c233	2026-09-04 10:32:30,958 [DEBUG] BaseMappedStatement insert data with statement 'INSERT INTO `parent` (`foreignId` ) VALUES (?)' and 1 args, changed 1 rows
c233	2026-09-04 10:32:30,958 [TRACE] BaseMappedStatement insert arguments: [1]
c233	2026-09-04 10:32:30,958 [DEBUG] BaseMappedStatement assigned id '8' from keyholder to 'id' in Parent object
c233	2026-09-04 10:32:30,959 [DEBUG] StatementExecutor query of 'SELECT COUNT(*) FROM `parent` WHERE `id` = ?' returned 0
c233	2026-09-04 10:32:30,959 [DEBUG] BaseMappedStatement insert data with statement 'INSERT INTO `parent` (`foreignId` ) VALUES (?)' and 1 args, changed 1 rows
c233	2026-09-04 10:32:30,959 [TRACE] BaseMappedStatement insert arguments: [1]
c233	2026-09-04 10:32:30,959 [DEBUG] BaseMappedStatement assigned id '9' from keyholder to 'id' in Parent object
c233	2026-09-04 10:32:30,960 [DEBUG] StatementExecutor query of 'SELECT COUNT(*) FROM `parent` WHERE `id` = ?' returned 0
c233	2026-09-04 10:32:30,960 [DEBUG] BaseMappedStatement insert data with statement 'INSERT INTO `parent` (`foreignId` ) VALUES (?)' and 1 args, changed 1 rows
c233	2026-09-04 10:32:30,960 [TRACE] BaseMappedStatement insert arguments: [1]
c233	2026-09-04 10:32:30,960 [DEBUG] BaseMappedStatement assigned id '10' from keyholder to 'id' in Parent object
c233	2026-09-04 10:32:30,961 [DEBUG] StatementExecutor query of 'SELECT COUNT(*) FROM `child`' returned 1
c233	2026-09-04 10:32:30,961 [DEBUG] StatementExecutor query of 'SELECT COUNT(*) FROM `parent`' returned 10
c233	2026-09-04 10:32:30,963 [DEBUG] BaseMappedStatement query-for-id using 'SELECT * FROM `child` WHERE `api_id` = ?' and 1 args, got 1 result
c233	2026-09-04 10:32:30,963 [TRACE] BaseMappedStatement query-for-id arguments: [1]
c233	2026-09-04 10:32:30,963 [DEBUG] BaseMappedStatement query-for-id using 'SELECT * FROM `parent` WHERE `id` = ?' and 1 args, got 1 result
c233	2026-09-04 10:32:30,964 [TRACE] BaseMappedStatement query-for-id arguments: [1]
c233	2026-09-04 10:32:30,964 [DEBUG] BaseMappedStatement query-for-id using 'SELECT * FROM `child` WHERE `api_id` = ?' and 1 args, got 1 result
c233	2026-09-04 10:32:30,964 [TRACE] BaseMappedStatement query-for-id arguments: [1]
c233	2026-09-04 10:32:30,965 [DEBUG] BaseMappedStatement query-for-id using 'SELECT * FROM `parent` WHERE `id` = ?' and 1 args, got 1 result
c233	2026-09-04 10:32:30,965 [TRACE] BaseMappedStatement query-for-id arguments: [2]
c233	2026-09-04 10:32:30,966 [DEBUG] BaseMappedStatement query-for-id using 'SELECT * FROM `child` WHERE `api_id` = ?' and 1 args, got 1 result
c233	2026-09-04 10:32:30,966 [TRACE] BaseMappedStatement query-for-id arguments: [1]
c233	2026-09-04 10:32:30,966 [DEBUG] BaseMappedStatement query-for-id using 'SELECT * FROM `parent` WHERE `id` = ?' and 1 args, got 1 result
c233	2026-09-04 10:32:30,966 [TRACE] BaseMappedStatement query-for-id arguments: [3]
c233	2026-09-04 10:32:30,967 [DEBUG] BaseMappedStatement query-for-id using 'SELECT * FROM `child` WHERE `api_id` = ?' and 1 args, got 1 result
c233	2026-09-04 10:32:30,967 [TRACE] BaseMappedStatement query-for-id arguments: [1]
c233	2026-09-04 10:32:30,967 [DEBUG] BaseMappedStatement query-for-id using 'SELECT * FROM `parent` WHERE `id` = ?' and 1 args, got 1 result
c233	2026-09-04 10:32:30,967 [TRACE] BaseMappedStatement query-for-id arguments: [4]
c233	2026-09-04 10:32:30,969 [DEBUG] BaseMappedStatement query-for-id using 'SELECT * FROM `child` WHERE `api_id` = ?' and 1 args, got 1 result
c233	2026-09-04 10:32:30,969 [TRACE] BaseMappedStatement query-for-id arguments: [1]
c233	2026-09-04 10:32:30,969 [DEBUG] BaseMappedStatement query-for-id using 'SELECT * FROM `parent` WHERE `id` = ?' and 1 args, got 1 result
c233	2026-09-04 10:32:30,969 [TRACE] BaseMappedStatement query-for-id arguments: [5]
c233	2026-09-04 10:32:30,970 [DEBUG] BaseMappedStatement query-for-id using 'SELECT * FROM `child` WHERE `api_id` = ?' and 1 args, got 1 result
c233	2026-09-04 10:32:30,970 [TRACE] BaseMappedStatement query-for-id arguments: [1]
c233	2026-09-04 10:32:30,970 [DEBUG] BaseMappedStatement query-for-id using 'SELECT * FROM `parent` WHERE `id` = ?' and 1 args, got 1 result
c233	2026-09-04 10:32:30,970 [TRACE] BaseMappedStatement query-for-id arguments: [6]
c233	2026-09-04 10:32:30,971 [DEBUG] BaseMappedStatement query-for-id using 'SELECT * FROM `child` WHERE `api_id` = ?' and 1 args, got 1 result
c233	2026-09-04 10:32:30,971 [TRACE] BaseMappedStatement query-for-id arguments: [1]
c233	2026-09-04 10:32:30,972 [DEBUG] BaseMappedStatement query-for-id using 'SELECT * FROM `parent` WHERE `id` = ?' and 1 args, got 1 result
c233	2026-09-04 10:32:30,972 [TRACE] BaseMappedStatement query-for-id arguments: [7]
c233	2026-09-04 10:32:30,974 [DEBUG] BaseMappedStatement query-for-id using 'SELECT * FROM `child` WHERE `api_id` = ?' and 1 args, got 1 result
c233	2026-09-04 10:32:30,974 [TRACE] BaseMappedStatement query-for-id arguments: [1]
c233	2026-09-04 10:32:30,974 [DEBUG] BaseMappedStatement query-for-id using 'SELECT * FROM `parent` WHERE `id` = ?' and 1 args, got 1 result
c233	2026-09-04 10:32:30,974 [TRACE] BaseMappedStatement query-for-id arguments: [8]
c233	2026-09-04 10:32:30,975 [DEBUG] BaseMappedStatement query-for-id using 'SELECT * FROM `child` WHERE `api_id` = ?' and 1 args, got 1 result
c233	2026-09-04 10:32:30,975 [TRACE] BaseMappedStatement query-for-id arguments: [1]
c233	2026-09-04 10:32:30,976 [DEBUG] BaseMappedStatement query-for-id using 'SELECT * FROM `parent` WHERE `id` = ?' and 1 args, got 1 result
c233	2026-09-04 10:32:30,976 [TRACE] BaseMappedStatement query-for-id arguments: [9]
c233	2026-09-04 10:32:30,976 [DEBUG] BaseMappedStatement query-for-id using 'SELECT * FROM `child` WHERE `api_id` = ?' and 1 args, got 1 result
c233	2026-09-04 10:32:30,976 [TRACE] BaseMappedStatement query-for-id arguments: [1]
c233	2026-09-04 10:32:30,977 [DEBUG] BaseMappedStatement query-for-id using 'SELECT * FROM `parent` WHERE `id` = ?' and 1 args, got 1 result
c233	2026-09-04 10:32:30,977 [TRACE] BaseMappedStatement query-for-id arguments: [10]
c233	FT	1	com.j256.ormlite.dao.ForeignObjectTest#testCreateOrUpdateMultipleLoop	PASS				669
c233	FT	2	com.j256.ormlite.dao.RuntimeExceptionDaoTest#testAssignEmptyForeignCollectionThrow	PASS				51
c234	2026-09-04 10:32:31,412 [INFO] TableUtils dropping table 'child'
c234	2026-09-04 10:32:31,683 [INFO] TableUtils ignoring drop error 'org.h2.jdbc.JdbcSQLSyntaxErrorException: Table "CHILD" not found; SQL statement:
c234	DROP TABLE `child`  [42102-200]' for statement: DROP TABLE `child` 
c234	2026-09-04 10:32:31,683 [INFO] TableUtils creating table 'child'
c234	2026-09-04 10:32:31,716 [INFO] TableUtils executed create table statement changed 0 rows: CREATE TABLE `child` (`id` INTEGER AUTO_INCREMENT , `api_id` INTEGER , PRIMARY KEY (`id`) ) 
c234	2026-09-04 10:32:31,719 [INFO] TableUtils dropping table 'parent'
c234	2026-09-04 10:32:31,720 [INFO] TableUtils ignoring drop error 'org.h2.jdbc.JdbcSQLSyntaxErrorException: Table "PARENT" not found; SQL statement:
c234	DROP TABLE `parent`  [42102-200]' for statement: DROP TABLE `parent` 
c234	2026-09-04 10:32:31,720 [INFO] TableUtils creating table 'parent'
c234	2026-09-04 10:32:31,722 [INFO] TableUtils executed create table statement changed 0 rows: CREATE TABLE `parent` (`id` INTEGER AUTO_INCREMENT , `foreignId` INTEGER NOT NULL , PRIMARY KEY (`id`) ) 
c234	2026-09-04 10:32:31,744 [DEBUG] StatementExecutor query of 'SELECT COUNT(*) FROM `child`' returned 0
c234	2026-09-04 10:32:31,754 [DEBUG] StatementExecutor query of 'SELECT COUNT(*) FROM `parent` WHERE `id` = ?' returned 0
c234	2026-09-04 10:32:31,758 [DEBUG] BaseMappedStatement insert data with statement 'INSERT INTO `parent` (`foreignId` ) VALUES (?)' and 1 args, changed 1 rows
c234	2026-09-04 10:32:31,758 [TRACE] BaseMappedStatement insert arguments: [0]
c234	2026-09-04 10:32:31,758 [DEBUG] BaseMappedStatement assigned id '1' from keyholder to 'id' in Parent object
c234	2026-09-04 10:32:31,759 [DEBUG] StatementExecutor query of 'SELECT COUNT(*) FROM `parent` WHERE `id` = ?' returned 0
c234	2026-09-04 10:32:31,760 [DEBUG] BaseMappedStatement insert data with statement 'INSERT INTO `parent` (`foreignId` ) VALUES (?)' and 1 args, changed 1 rows
c234	2026-09-04 10:32:31,760 [TRACE] BaseMappedStatement insert arguments: [0]
c234	2026-09-04 10:32:31,760 [DEBUG] BaseMappedStatement assigned id '2' from keyholder to 'id' in Parent object
c234	2026-09-04 10:32:31,761 [DEBUG] StatementExecutor query of 'SELECT COUNT(*) FROM `parent` WHERE `id` = ?' returned 0
c234	2026-09-04 10:32:31,761 [DEBUG] BaseMappedStatement insert data with statement 'INSERT INTO `parent` (`foreignId` ) VALUES (?)' and 1 args, changed 1 rows
c234	2026-09-04 10:32:31,761 [TRACE] BaseMappedStatement insert arguments: [0]
c234	2026-09-04 10:32:31,761 [DEBUG] BaseMappedStatement assigned id '3' from keyholder to 'id' in Parent object
c234	2026-09-04 10:32:31,761 [DEBUG] StatementExecutor query of 'SELECT COUNT(*) FROM `parent` WHERE `id` = ?' returned 0
c234	2026-09-04 10:32:31,762 [DEBUG] BaseMappedStatement insert data with statement 'INSERT INTO `parent` (`foreignId` ) VALUES (?)' and 1 args, changed 1 rows
c234	2026-09-04 10:32:31,762 [TRACE] BaseMappedStatement insert arguments: [0]
c234	2026-09-04 10:32:31,762 [DEBUG] BaseMappedStatement assigned id '4' from keyholder to 'id' in Parent object
c234	2026-09-04 10:32:31,763 [DEBUG] StatementExecutor query of 'SELECT COUNT(*) FROM `parent` WHERE `id` = ?' returned 0
c234	2026-09-04 10:32:31,763 [DEBUG] BaseMappedStatement insert data with statement 'INSERT INTO `parent` (`foreignId` ) VALUES (?)' and 1 args, changed 1 rows
c234	2026-09-04 10:32:31,763 [TRACE] BaseMappedStatement insert arguments: [0]
c234	2026-09-04 10:32:31,763 [DEBUG] BaseMappedStatement assigned id '5' from keyholder to 'id' in Parent object
c234	2026-09-04 10:32:31,764 [DEBUG] StatementExecutor query of 'SELECT COUNT(*) FROM `parent` WHERE `id` = ?' returned 0
c234	2026-09-04 10:32:31,765 [DEBUG] BaseMappedStatement insert data with statement 'INSERT INTO `parent` (`foreignId` ) VALUES (?)' and 1 args, changed 1 rows
c234	2026-09-04 10:32:31,765 [TRACE] BaseMappedStatement insert arguments: [0]
c234	2026-09-04 10:32:31,765 [DEBUG] BaseMappedStatement assigned id '6' from keyholder to 'id' in Parent object
c234	2026-09-04 10:32:31,765 [DEBUG] StatementExecutor query of 'SELECT COUNT(*) FROM `parent` WHERE `id` = ?' returned 0
c234	2026-09-04 10:32:31,766 [DEBUG] BaseMappedStatement insert data with statement 'INSERT INTO `parent` (`foreignId` ) VALUES (?)' and 1 args, changed 1 rows
c234	2026-09-04 10:32:31,767 [TRACE] BaseMappedStatement insert arguments: [0]
c234	2026-09-04 10:32:31,767 [DEBUG] BaseMappedStatement assigned id '7' from keyholder to 'id' in Parent object
c234	2026-09-04 10:32:31,767 [DEBUG] StatementExecutor query of 'SELECT COUNT(*) FROM `parent` WHERE `id` = ?' returned 0
c234	2026-09-04 10:32:31,768 [DEBUG] BaseMappedStatement insert data with statement 'INSERT INTO `parent` (`foreignId` ) VALUES (?)' and 1 args, changed 1 rows
c234	2026-09-04 10:32:31,768 [TRACE] BaseMappedStatement insert arguments: [0]
c234	2026-09-04 10:32:31,768 [DEBUG] BaseMappedStatement assigned id '8' from keyholder to 'id' in Parent object
c234	2026-09-04 10:32:31,769 [DEBUG] StatementExecutor query of 'SELECT COUNT(*) FROM `parent` WHERE `id` = ?' returned 0
c234	2026-09-04 10:32:31,769 [DEBUG] BaseMappedStatement insert data with statement 'INSERT INTO `parent` (`foreignId` ) VALUES (?)' and 1 args, changed 1 rows
c234	2026-09-04 10:32:31,769 [TRACE] BaseMappedStatement insert arguments: [0]
c234	2026-09-04 10:32:31,769 [DEBUG] BaseMappedStatement assigned id '9' from keyholder to 'id' in Parent object
c234	2026-09-04 10:32:31,770 [DEBUG] StatementExecutor query of 'SELECT COUNT(*) FROM `parent` WHERE `id` = ?' returned 0
c234	2026-09-04 10:32:31,770 [DEBUG] BaseMappedStatement insert data with statement 'INSERT INTO `parent` (`foreignId` ) VALUES (?)' and 1 args, changed 1 rows
c234	2026-09-04 10:32:31,771 [TRACE] BaseMappedStatement insert arguments: [0]
c234	2026-09-04 10:32:31,771 [DEBUG] BaseMappedStatement assigned id '10' from keyholder to 'id' in Parent object
c234	2026-09-04 10:32:31,771 [DEBUG] StatementExecutor query of 'SELECT COUNT(*) FROM `child`' returned 0
c234	2026-09-04 10:32:31,771 [DEBUG] StatementExecutor query of 'SELECT COUNT(*) FROM `parent`' returned 10
c234	FT	1	com.j256.ormlite.dao.ForeignObjectTest#testCreateOrUpdateMultipleLoopManualId	PASS				652
c234	FT	2	com.j256.ormlite.dao.RuntimeExceptionDaoTest#testAssignEmptyForeignCollectionThrow	PASS				49
c235	2026-09-04 10:32:32,191 [INFO] TableUtils dropping table 'parent'
c235	2026-09-04 10:32:32,413 [INFO] TableUtils ignoring drop error 'org.h2.jdbc.JdbcSQLSyntaxErrorException: Table "PARENT" not found; SQL statement:
c235	DROP TABLE `parent`  [42102-200]' for statement: DROP TABLE `parent` 
c235	2026-09-04 10:32:32,414 [INFO] TableUtils creating table 'parent'
c235	2026-09-04 10:32:32,445 [INFO] TableUtils executed create table statement changed 0 rows: CREATE TABLE `parent` (`id` INTEGER AUTO_INCREMENT , `foreignId` INTEGER NOT NULL , PRIMARY KEY (`id`) ) 
c235	2026-09-04 10:32:32,445 [INFO] TableUtils dropping table 'child'
c235	2026-09-04 10:32:32,445 [INFO] TableUtils ignoring drop error 'org.h2.jdbc.JdbcSQLSyntaxErrorException: Table "CHILD" not found; SQL statement:
c235	DROP TABLE `child`  [42102-200]' for statement: DROP TABLE `child` 
c235	2026-09-04 10:32:32,445 [INFO] TableUtils creating table 'child'
c235	2026-09-04 10:32:32,447 [INFO] TableUtils executed create table statement changed 0 rows: CREATE TABLE `child` (`id` INTEGER AUTO_INCREMENT , `api_id` INTEGER , PRIMARY KEY (`id`) ) 
c235	2026-09-04 10:32:32,474 [DEBUG] BaseMappedStatement insert data with statement 'INSERT INTO `child` (`api_id` ) VALUES (?)' and 1 args, changed 1 rows
c235	2026-09-04 10:32:32,474 [TRACE] BaseMappedStatement insert arguments: [0]
c235	2026-09-04 10:32:32,474 [DEBUG] BaseMappedStatement assigned id '1' from keyholder to 'id' in Child object
c235	2026-09-04 10:32:32,476 [DEBUG] BaseMappedStatement insert data with statement 'INSERT INTO `parent` (`foreignId` ) VALUES (?)' and 1 args, changed 1 rows
c235	2026-09-04 10:32:32,476 [TRACE] BaseMappedStatement insert arguments: [0]
c235	2026-09-04 10:32:32,476 [DEBUG] BaseMappedStatement assigned id '1' from keyholder to 'id' in Parent object
c235	2026-09-04 10:32:32,488 [DEBUG] BaseMappedStatement query-for-id using 'SELECT * FROM `child` WHERE `api_id` = ?' and 1 args, got 1 result
c235	2026-09-04 10:32:32,488 [TRACE] BaseMappedStatement query-for-id arguments: [0]
c235	2026-09-04 10:32:32,488 [DEBUG] BaseMappedStatement query-for-id using 'SELECT * FROM `parent` WHERE `id` = ?' and 1 args, got 1 result
c235	2026-09-04 10:32:32,488 [TRACE] BaseMappedStatement query-for-id arguments: [1]
c235	2026-09-04 10:32:32,490 [DEBUG] BaseMappedStatement query-for-id using 'SELECT * FROM `child` WHERE `id` = ?' and 1 args, got 1 result
c235	2026-09-04 10:32:32,490 [TRACE] BaseMappedStatement query-for-id arguments: [1]
c235	FT	1	com.j256.ormlite.dao.ForeignObjectTest#testForeignAutoCreate	PASS				575
c235	FT	2	com.j256.ormlite.dao.RuntimeExceptionDaoTest#testAssignEmptyForeignCollectionThrow	PASS				56
c236	2026-09-04 10:32:32,956 [INFO] TableUtils dropping table 'question'
c236	2026-09-04 10:32:33,279 [INFO] TableUtils ignoring drop error 'org.h2.jdbc.JdbcSQLSyntaxErrorException: Table "QUESTION" not found; SQL statement:
c236	DROP TABLE `question`  [42102-200]' for statement: DROP TABLE `question` 
c236	2026-09-04 10:32:33,280 [INFO] TableUtils creating table 'question'
c236	2026-09-04 10:32:33,311 [INFO] TableUtils executed create table statement changed 0 rows: CREATE TABLE `question` (`id` INTEGER AUTO_INCREMENT , `name` VARCHAR(255) , `bestAnswer_id` INTEGER , PRIMARY KEY (`id`) ) 
c236	2026-09-04 10:32:33,311 [INFO] TableUtils dropping table 'answer'
c236	2026-09-04 10:32:33,312 [INFO] TableUtils ignoring drop error 'org.h2.jdbc.JdbcSQLSyntaxErrorException: Table "ANSWER" not found; SQL statement:
c236	DROP TABLE `answer`  [42102-200]' for statement: DROP TABLE `answer` 
c236	2026-09-04 10:32:33,312 [INFO] TableUtils creating table 'answer'
c236	2026-09-04 10:32:33,318 [INFO] TableUtils executed create table statement changed 0 rows: CREATE TABLE `answer` (`id` INTEGER AUTO_INCREMENT , `val` INTEGER , `question_id` INTEGER ,  UNIQUE (`val`), PRIMARY KEY (`id`) ) 
c236	2026-09-04 10:32:33,376 [DEBUG] BaseMappedStatement insert data with statement 'INSERT INTO `question` (`name` ,`bestAnswer_id` ) VALUES (?,?)' and 2 args, changed 1 rows
c236	2026-09-04 10:32:33,377 [TRACE] BaseMappedStatement insert arguments: [some question, null]
c236	2026-09-04 10:32:33,377 [DEBUG] BaseMappedStatement assigned id '1' from keyholder to 'id' in Question object
c236	2026-09-04 10:32:33,389 [DEBUG] BaseMappedStatement insert data with statement 'INSERT INTO `answer` (`val` ,`question_id` ) VALUES (?,?)' and 2 args, changed 1 rows
c236	2026-09-04 10:32:33,389 [TRACE] BaseMappedStatement insert arguments: [1234313123, 1]
c236	2026-09-04 10:32:33,390 [DEBUG] BaseMappedStatement assigned id '1' from keyholder to 'id' in Answer object
c236	2026-09-04 10:32:33,391 [DEBUG] BaseMappedStatement insert data with statement 'INSERT INTO `answer` (`val` ,`question_id` ) VALUES (?,?)' and 2 args, changed 1 rows
c236	2026-09-04 10:32:33,391 [TRACE] BaseMappedStatement insert arguments: [345543, 1]
c236	2026-09-04 10:32:33,391 [DEBUG] BaseMappedStatement assigned id '2' from keyholder to 'id' in Answer object
c236	2026-09-04 10:32:33,419 [DEBUG] BaseMappedStatement prepared statement 'SELECT * FROM `answer` WHERE `question_id` = ?' with 1 args
c236	2026-09-04 10:32:33,420 [TRACE] BaseMappedStatement prepared statement arguments: [1]
c236	2026-09-04 10:32:33,421 [DEBUG] StatementExecutor query of 'SELECT * FROM `answer` WHERE `question_id` = ?' with 1 args returned 2 results
c236	2026-09-04 10:32:33,422 [DEBUG] BaseMappedStatement query-for-id using 'SELECT * FROM `question` WHERE `id` = ?' and 1 args, got 1 result
c236	2026-09-04 10:32:33,422 [TRACE] BaseMappedStatement query-for-id arguments: [1]
c236	2026-09-04 10:32:33,425 [DEBUG] BaseMappedStatement update data with statement 'UPDATE `question` SET `name` = ?, `bestAnswer_id` = ? WHERE `id` = ?' and 3 args, changed 1 rows
c236	2026-09-04 10:32:33,425 [TRACE] BaseMappedStatement update arguments: [some question, 2, 1]
c236	2026-09-04 10:32:33,427 [DEBUG] BaseMappedStatement query-for-id using 'SELECT * FROM `answer` WHERE `id` = ?' and 1 args, got 1 result
c236	2026-09-04 10:32:33,427 [TRACE] BaseMappedStatement query-for-id arguments: [2]
c236	2026-09-04 10:32:33,429 [DEBUG] BaseMappedStatement prepared statement 'SELECT * FROM `answer` WHERE `question_id` = ?' with 1 args
c236	2026-09-04 10:32:33,430 [TRACE] BaseMappedStatement prepared statement arguments: [1]
c236	2026-09-04 10:32:33,430 [DEBUG] StatementExecutor query of 'SELECT * FROM `answer` WHERE `question_id` = ?' with 1 args returned 2 results
c236	2026-09-04 10:32:33,430 [DEBUG] BaseMappedStatement query-for-id using 'SELECT * FROM `question` WHERE `id` = ?' and 1 args, got 1 result
c236	2026-09-04 10:32:33,431 [TRACE] BaseMappedStatement query-for-id arguments: [1]
c236	2026-09-04 10:32:33,431 [DEBUG] BaseMappedStatement query-for-id using 'SELECT * FROM `answer` WHERE `id` = ?' and 1 args, got 1 result
c236	2026-09-04 10:32:33,431 [TRACE] BaseMappedStatement query-for-id arguments: [1]
c236	2026-09-04 10:32:33,435 [DEBUG] BaseMappedStatement prepared statement 'SELECT * FROM `answer` WHERE `question_id` = ?' with 1 args
c236	2026-09-04 10:32:33,435 [TRACE] BaseMappedStatement prepared statement arguments: [1]
c236	2026-09-04 10:32:33,435 [DEBUG] StatementExecutor query of 'SELECT * FROM `answer` WHERE `question_id` = ?' with 1 args returned 2 results
c236	2026-09-04 10:32:33,435 [DEBUG] BaseMappedStatement query-for-id using 'SELECT * FROM `question` WHERE `id` = ?' and 1 args, got 1 result
c236	2026-09-04 10:32:33,435 [TRACE] BaseMappedStatement query-for-id arguments: [1]
c236	2026-09-04 10:32:33,435 [DEBUG] BaseMappedStatement query-for-id using 'SELECT * FROM `answer` WHERE `id` = ?' and 1 args, got 1 result
c236	2026-09-04 10:32:33,435 [TRACE] BaseMappedStatement query-for-id arguments: [2]
c236	2026-09-04 10:32:33,436 [DEBUG] BaseMappedStatement prepared statement 'SELECT * FROM `answer` WHERE `question_id` = ?' with 1 args
c236	2026-09-04 10:32:33,436 [TRACE] BaseMappedStatement prepared statement arguments: [1]
c236	2026-09-04 10:32:33,436 [DEBUG] StatementExecutor query of 'SELECT * FROM `answer` WHERE `question_id` = ?' with 1 args returned 2 results
c236	2026-09-04 10:32:33,436 [DEBUG] BaseMappedStatement query-for-id using 'SELECT * FROM `question` WHERE `id` = ?' and 1 args, got 1 result
c236	2026-09-04 10:32:33,437 [TRACE] BaseMappedStatement query-for-id arguments: [1]
c236	FT	1	com.j256.ormlite.dao.ForeignObjectTest#testQuestionAndAnswers	PASS				791
c236	FT	2	com.j256.ormlite.dao.RuntimeExceptionDaoTest#testAssignEmptyForeignCollectionThrow	PASS				56
c237	2026-09-04 10:32:33,972 [INFO] TableUtils dropping table 'lazy'
c237	2026-09-04 10:32:34,255 [INFO] TableUtils ignoring drop error 'org.h2.jdbc.JdbcSQLSyntaxErrorException: Table "LAZY" not found; SQL statement:
c237	DROP TABLE `lazy`  [42102-200]' for statement: DROP TABLE `lazy` 
c237	2026-09-04 10:32:34,256 [INFO] TableUtils creating table 'lazy'
c237	2026-09-04 10:32:34,286 [INFO] TableUtils executed create table statement changed 0 rows: CREATE TABLE `lazy` (`id` INTEGER AUTO_INCREMENT , PRIMARY KEY (`id`) ) 
c237	2026-09-04 10:32:34,307 [DEBUG] BaseMappedStatement insert data with statement 'INSERT INTO `lazy` () VALUES ()' and 0 args, changed 1 rows
c237	2026-09-04 10:32:34,308 [DEBUG] BaseMappedStatement assigned id '1' from keyholder to 'id' in Lazy object
c237	2026-09-04 10:32:34,308 [INFO] TableUtils dropping table 'foreign'
c237	2026-09-04 10:32:34,309 [INFO] TableUtils ignoring drop error 'org.h2.jdbc.JdbcSQLSyntaxErrorException: Table "FOREIGN" not found; SQL statement:
c237	DROP TABLE `foreign`  [42102-200]' for statement: DROP TABLE `foreign` 
c237	2026-09-04 10:32:34,309 [INFO] TableUtils creating table 'foreign'
c237	2026-09-04 10:32:34,311 [INFO] TableUtils executed create table statement changed 0 rows: CREATE TABLE `foreign` (`id` INTEGER AUTO_INCREMENT , `lazy_id` INTEGER , PRIMARY KEY (`id`) ) 
c237	2026-09-04 10:32:34,314 [DEBUG] BaseMappedStatement insert data with statement 'INSERT INTO `foreign` (`lazy_id` ) VALUES (?)' and 1 args, changed 1 rows
c237	2026-09-04 10:32:34,314 [TRACE] BaseMappedStatement insert arguments: [1]
c237	2026-09-04 10:32:34,315 [DEBUG] BaseMappedStatement assigned id '1' from keyholder to 'id' in Foreign object
c237	2026-09-04 10:32:34,323 [DEBUG] BaseMappedStatement query-for-id using 'SELECT * FROM `lazy` WHERE `id` = ?' and 1 args, got 1 result
c237	2026-09-04 10:32:34,323 [TRACE] BaseMappedStatement query-for-id arguments: [1]
c237	2026-09-04 10:32:34,329 [DEBUG] BaseMappedStatement prepared statement 'SELECT * FROM `foreign` WHERE `lazy_id` = ?' with 1 args
c237	2026-09-04 10:32:34,330 [TRACE] BaseMappedStatement prepared statement arguments: [1]
c237	2026-09-04 10:32:34,332 [DEBUG] BaseMappedStatement prepared statement 'SELECT * FROM `foreign` WHERE `lazy_id` = ?' with 1 args
c237	2026-09-04 10:32:34,332 [TRACE] BaseMappedStatement prepared statement arguments: [1]
c237	2026-09-04 10:32:34,333 [DEBUG] BaseMappedStatement prepared statement 'SELECT * FROM `foreign` WHERE `lazy_id` = ?' with 1 args
c237	2026-09-04 10:32:34,333 [TRACE] BaseMappedStatement prepared statement arguments: [1]
c237	FT	1	com.j256.ormlite.dao.LazyForeignCollectionTest#test	PASS				722
c237	FT	2	com.j256.ormlite.dao.RuntimeExceptionDaoTest#testAssignEmptyForeignCollectionThrow	PASS				45
c238	2026-09-04 10:32:34,765 [INFO] TableUtils dropping table 'foo'
c238	2026-09-04 10:32:34,970 [INFO] TableUtils ignoring drop error 'org.h2.jdbc.JdbcSQLSyntaxErrorException: Table "FOO" not found; SQL statement:
c238	DROP TABLE `foo`  [42102-200]' for statement: DROP TABLE `foo` 
c238	2026-09-04 10:32:34,970 [INFO] TableUtils creating table 'foo'
c238	2026-09-04 10:32:34,999 [INFO] TableUtils executed create table statement changed 0 rows: CREATE TABLE `foo` (`id` INTEGER AUTO_INCREMENT , `val` INTEGER , `equal` INTEGER , `string` VARCHAR(255) , PRIMARY KEY (`id`) ) 
c238	2026-09-04 10:32:35,022 [DEBUG] BaseMappedStatement insert data with statement 'INSERT INTO `foo` (`val` ,`equal` ,`string` ) VALUES (?,?,?)' and 3 args, changed 1 rows
c238	2026-09-04 10:32:35,022 [TRACE] BaseMappedStatement insert arguments: [12312321, 0, null]
c238	2026-09-04 10:32:35,023 [DEBUG] BaseMappedStatement assigned id '1' from keyholder to 'id' in Foo object
c238	2026-09-04 10:32:35,035 [DEBUG] BaseMappedStatement prepared statement 'SELECT * FROM `foo`' with 0 args
c238	2026-09-04 10:32:35,038 [DEBUG] StatementExecutor query of 'SELECT * FROM `foo`' with 0 args returned 1 results
c238	2026-09-04 10:32:35,040 [DEBUG] BaseMappedStatement query-for-id using 'SELECT * FROM `foo` WHERE `id` = ?' and 1 args, got 1 result
c238	2026-09-04 10:32:35,041 [TRACE] BaseMappedStatement query-for-id arguments: [1]
c238	FT	1	com.j256.ormlite.dao.LruObjectCacheTest#testBasic	PASS				573
c238	FT	2	com.j256.ormlite.dao.RuntimeExceptionDaoTest#testAssignEmptyForeignCollectionThrow	PASS				54
c239	2026-09-04 10:32:35,056 [INFO] TableUtils dropping table 'foo'
c239	2026-09-04 10:32:34,141 [INFO] TableUtils ignoring drop error 'org.h2.jdbc.JdbcSQLSyntaxErrorException: Table "FOO" not found; SQL statement:
c239	DROP TABLE `foo`  [42102-200]' for statement: DROP TABLE `foo` 
c239	2026-09-04 10:32:34,142 [INFO] TableUtils creating table 'foo'
c239	2026-09-04 10:32:34,169 [INFO] TableUtils executed create table statement changed 0 rows: CREATE TABLE `foo` (`id` INTEGER AUTO_INCREMENT , `val` INTEGER , `equal` INTEGER , `string` VARCHAR(255) , PRIMARY KEY (`id`) ) 
c239	2026-09-04 10:32:34,191 [DEBUG] BaseMappedStatement insert data with statement 'INSERT INTO `foo` (`val` ,`equal` ,`string` ) VALUES (?,?,?)' and 3 args, changed 1 rows
c239	2026-09-04 10:32:34,191 [TRACE] BaseMappedStatement insert arguments: [12312321, 0, null]
c239	2026-09-04 10:32:34,191 [DEBUG] BaseMappedStatement assigned id '1' from keyholder to 'id' in Foo object
c239	2026-09-04 10:32:34,202 [DEBUG] BaseMappedStatement query-for-id using 'SELECT * FROM `foo` WHERE `id` = ?' and 1 args, got 1 result
c239	2026-09-04 10:32:34,202 [TRACE] BaseMappedStatement query-for-id arguments: [1]
c239	FT	1	com.j256.ormlite.dao.LruObjectCacheTest#testClear	PASS				-981
c239	FT	2	com.j256.ormlite.dao.RuntimeExceptionDaoTest#testAssignEmptyForeignCollectionThrow	PASS				50
c240	2026-09-04 10:32:34,600 [INFO] TableUtils dropping table 'foo'
c240	2026-09-04 10:32:34,813 [INFO] TableUtils ignoring drop error 'org.h2.jdbc.JdbcSQLSyntaxErrorException: Table "FOO" not found; SQL statement:
c240	DROP TABLE `foo`  [42102-200]' for statement: DROP TABLE `foo` 
c240	2026-09-04 10:32:34,813 [INFO] TableUtils creating table 'foo'
c240	2026-09-04 10:32:34,845 [INFO] TableUtils executed create table statement changed 0 rows: CREATE TABLE `foo` (`id` INTEGER AUTO_INCREMENT , `val` INTEGER , `equal` INTEGER , `string` VARCHAR(255) , PRIMARY KEY (`id`) ) 
c240	2026-09-04 10:32:34,850 [INFO] TableUtils dropping table 'withid'
c240	2026-09-04 10:32:34,850 [INFO] TableUtils ignoring drop error 'org.h2.jdbc.JdbcSQLSyntaxErrorException: Table "WITHID" not found; SQL statement:
c240	DROP TABLE `withid`  [42102-200]' for statement: DROP TABLE `withid` 
c240	2026-09-04 10:32:34,850 [INFO] TableUtils creating table 'withid'
c240	2026-09-04 10:32:34,852 [INFO] TableUtils executed create table statement changed 0 rows: CREATE TABLE `withid` (`id` INTEGER AUTO_INCREMENT , `stuff` VARCHAR(255) , PRIMARY KEY (`id`) ) 
c240	2026-09-04 10:32:34,878 [DEBUG] BaseMappedStatement insert data with statement 'INSERT INTO `foo` (`val` ,`equal` ,`string` ) VALUES (?,?,?)' and 3 args, changed 1 rows
c240	2026-09-04 10:32:34,879 [TRACE] BaseMappedStatement insert arguments: [0, 0, null]
c240	2026-09-04 10:32:34,879 [DEBUG] BaseMappedStatement assigned id '1' from keyholder to 'id' in Foo object
c240	2026-09-04 10:32:34,881 [DEBUG] BaseMappedStatement insert data with statement 'INSERT INTO `withid` (`stuff` ) VALUES (?)' and 1 args, changed 1 rows
c240	2026-09-04 10:32:34,881 [TRACE] BaseMappedStatement insert arguments: [null]
c240	2026-09-04 10:32:34,881 [DEBUG] BaseMappedStatement assigned id '1' from keyholder to 'id' in WithId object
c240	2026-09-04 10:32:34,896 [DEBUG] BaseMappedStatement query-for-id using 'SELECT * FROM `foo` WHERE `id` = ?' and 1 args, got 1 result
c240	2026-09-04 10:32:34,897 [TRACE] BaseMappedStatement query-for-id arguments: [1]
c240	2026-09-04 10:32:34,898 [DEBUG] BaseMappedStatement query-for-id using 'SELECT * FROM `withid` WHERE `id` = ?' and 1 args, got 1 result
c240	2026-09-04 10:32:34,898 [TRACE] BaseMappedStatement query-for-id arguments: [1]
c240	FT	1	com.j256.ormlite.dao.LruObjectCacheTest#testClearEachClass	PASS				557
c240	FT	2	com.j256.ormlite.dao.RuntimeExceptionDaoTest#testAssignEmptyForeignCollectionThrow	PASS				39
c241	2026-09-04 10:32:35,289 [INFO] TableUtils dropping table 'foo'
c241	2026-09-04 10:32:35,505 [INFO] TableUtils ignoring drop error 'org.h2.jdbc.JdbcSQLSyntaxErrorException: Table "FOO" not found; SQL statement:
c241	DROP TABLE `foo`  [42102-200]' for statement: DROP TABLE `foo` 
c241	2026-09-04 10:32:35,506 [INFO] TableUtils creating table 'foo'
c241	2026-09-04 10:32:35,533 [INFO] TableUtils executed create table statement changed 0 rows: CREATE TABLE `foo` (`id` INTEGER AUTO_INCREMENT , `val` INTEGER , `equal` INTEGER , `string` VARCHAR(255) , PRIMARY KEY (`id`) ) 
c241	2026-09-04 10:32:35,557 [DEBUG] BaseMappedStatement insert data with statement 'INSERT INTO `foo` (`val` ,`equal` ,`string` ) VALUES (?,?,?)' and 3 args, changed 1 rows
c241	2026-09-04 10:32:35,558 [TRACE] BaseMappedStatement insert arguments: [12312321, 0, null]
c241	2026-09-04 10:32:35,558 [DEBUG] BaseMappedStatement assigned id '1' from keyholder to 'id' in Foo object
c241	2026-09-04 10:32:35,564 [DEBUG] BaseMappedStatement delete data with statement 'DELETE FROM `foo` WHERE `id` = ?' and 1 args, changed 1 rows
c241	2026-09-04 10:32:35,564 [TRACE] BaseMappedStatement delete arguments: [1]
c241	FT	1	com.j256.ormlite.dao.LruObjectCacheTest#testDelete	PASS				537
c241	FT	2	com.j256.ormlite.dao.RuntimeExceptionDaoTest#testAssignEmptyForeignCollectionThrow	PASS				44
c242	2026-09-04 10:32:35,966 [INFO] TableUtils dropping table 'noid'
c242	2026-09-04 10:32:36,240 [INFO] TableUtils ignoring drop error 'org.h2.jdbc.JdbcSQLSyntaxErrorException: Table "NOID" not found; SQL statement:
c242	DROP TABLE `noid`  [42102-200]' for statement: DROP TABLE `noid` 
c242	2026-09-04 10:32:36,241 [INFO] TableUtils creating table 'noid'
c242	2026-09-04 10:32:36,247 [INFO] TableUtils executed create table statement changed 0 rows: CREATE TABLE `noid` (`notId` INTEGER , `stuff` VARCHAR(255) ) 
c242	FT	1	com.j256.ormlite.dao.LruObjectCacheTest#testNoIdClass	PASS				540
c242	FT	2	com.j256.ormlite.dao.RuntimeExceptionDaoTest#testAssignEmptyForeignCollectionThrow	PASS				53
c243	2026-09-04 10:32:36,732 [INFO] TableUtils dropping table 'parent'
c243	2026-09-04 10:32:37,000 [INFO] TableUtils ignoring drop error 'org.h2.jdbc.JdbcSQLSyntaxErrorException: Table "PARENT" not found; SQL statement:
c243	DROP TABLE `parent`  [42102-200]' for statement: DROP TABLE `parent` 
c243	2026-09-04 10:32:37,001 [INFO] TableUtils creating table 'parent'
c243	2026-09-04 10:32:37,036 [INFO] TableUtils executed create table statement changed 0 rows: CREATE TABLE `parent` (`id` INTEGER AUTO_INCREMENT , `child_id` INTEGER , PRIMARY KEY (`id`) ) 
c243	2026-09-04 10:32:37,037 [INFO] TableUtils dropping table 'child'
c243	2026-09-04 10:32:37,038 [INFO] TableUtils ignoring drop error 'org.h2.jdbc.JdbcSQLSyntaxErrorException: Table "CHILD" not found; SQL statement:
c243	DROP TABLE `child`  [42102-200]' for statement: DROP TABLE `child` 
c243	2026-09-04 10:32:37,038 [INFO] TableUtils creating table 'child'
c243	2026-09-04 10:32:37,040 [INFO] TableUtils executed create table statement changed 0 rows: CREATE TABLE `child` (`id` INTEGER AUTO_INCREMENT , PRIMARY KEY (`id`) ) 
c243	2026-09-04 10:32:37,062 [DEBUG] BaseMappedStatement insert data with statement 'INSERT INTO `child` () VALUES ()' and 0 args, changed 1 rows
c243	2026-09-04 10:32:37,062 [DEBUG] BaseMappedStatement assigned id '1' from keyholder to 'id' in Child object
c243	2026-09-04 10:32:37,064 [DEBUG] BaseMappedStatement insert data with statement 'INSERT INTO `parent` (`child_id` ) VALUES (?)' and 1 args, changed 1 rows
c243	2026-09-04 10:32:37,064 [TRACE] BaseMappedStatement insert arguments: [1]
c243	2026-09-04 10:32:37,064 [DEBUG] BaseMappedStatement assigned id '1' from keyholder to 'id' in Parent object
c243	2026-09-04 10:32:37,079 [DEBUG] BaseMappedStatement query-for-id using 'SELECT * FROM `child` WHERE `id` = ?' and 1 args, got 1 result
c243	2026-09-04 10:32:37,079 [TRACE] BaseMappedStatement query-for-id arguments: [1]
c243	2026-09-04 10:32:37,088 [DEBUG] BaseMappedStatement prepared statement 'SELECT * FROM `parent` WHERE `child_id` = ?' with 1 args
c243	2026-09-04 10:32:37,088 [TRACE] BaseMappedStatement prepared statement arguments: [1]
c243	FT	1	com.j256.ormlite.dao.LruObjectCacheTest#testOneWithOneWithout	PASS				670
c243	FT	2	com.j256.ormlite.dao.RuntimeExceptionDaoTest#testAssignEmptyForeignCollectionThrow	PASS				59
c244	2026-09-04 10:32:37,562 [INFO] TableUtils dropping table 'parent'
c244	2026-09-04 10:32:37,842 [INFO] TableUtils ignoring drop error 'org.h2.jdbc.JdbcSQLSyntaxErrorException: Table "PARENT" not found; SQL statement:
c244	DROP TABLE `parent`  [42102-200]' for statement: DROP TABLE `parent` 
c244	2026-09-04 10:32:37,843 [INFO] TableUtils creating table 'parent'
c244	2026-09-04 10:32:37,884 [INFO] TableUtils executed create table statement changed 0 rows: CREATE TABLE `parent` (`id` INTEGER AUTO_INCREMENT , `child_id` INTEGER , PRIMARY KEY (`id`) ) 
c244	2026-09-04 10:32:37,884 [INFO] TableUtils dropping table 'child'
c244	2026-09-04 10:32:37,885 [INFO] TableUtils ignoring drop error 'org.h2.jdbc.JdbcSQLSyntaxErrorException: Table "CHILD" not found; SQL statement:
c244	DROP TABLE `child`  [42102-200]' for statement: DROP TABLE `child` 
c244	2026-09-04 10:32:37,885 [INFO] TableUtils creating table 'child'
c244	2026-09-04 10:32:37,887 [INFO] TableUtils executed create table statement changed 0 rows: CREATE TABLE `child` (`id` INTEGER AUTO_INCREMENT , PRIMARY KEY (`id`) ) 
c244	2026-09-04 10:32:37,910 [DEBUG] BaseMappedStatement insert data with statement 'INSERT INTO `child` () VALUES ()' and 0 args, changed 1 rows
c244	2026-09-04 10:32:37,910 [DEBUG] BaseMappedStatement assigned id '1' from keyholder to 'id' in Child object
c244	2026-09-04 10:32:37,912 [DEBUG] BaseMappedStatement insert data with statement 'INSERT INTO `parent` (`child_id` ) VALUES (?)' and 1 args, changed 1 rows
c244	2026-09-04 10:32:37,912 [TRACE] BaseMappedStatement insert arguments: [1]
c244	2026-09-04 10:32:37,912 [DEBUG] BaseMappedStatement assigned id '1' from keyholder to 'id' in Parent object
c244	2026-09-04 10:32:37,927 [DEBUG] BaseMappedStatement query-for-id using 'SELECT * FROM `child` WHERE `id` = ?' and 1 args, got 1 result
c244	2026-09-04 10:32:37,927 [TRACE] BaseMappedStatement query-for-id arguments: [1]
c244	2026-09-04 10:32:37,927 [DEBUG] BaseMappedStatement query-for-id using 'SELECT * FROM `parent` WHERE `id` = ?' and 1 args, got 1 result
c244	2026-09-04 10:32:37,927 [TRACE] BaseMappedStatement query-for-id arguments: [1]
c244	FT	1	com.j256.ormlite.dao.LruObjectCacheTest#testOneWithOneWithoutAutoRefresh	PASS				655
c244	FT	2	com.j256.ormlite.dao.RuntimeExceptionDaoTest#testAssignEmptyForeignCollectionThrow	PASS				77
c245	2026-09-04 10:32:38,486 [INFO] TableUtils dropping table 'foo'
c245	2026-09-04 10:32:38,807 [INFO] TableUtils ignoring drop error 'org.h2.jdbc.JdbcSQLSyntaxErrorException: Table "FOO" not found; SQL statement:
c245	DROP TABLE `foo`  [42102-200]' for statement: DROP TABLE `foo` 
c245	2026-09-04 10:32:38,808 [INFO] TableUtils creating table 'foo'
c245	2026-09-04 10:32:38,841 [INFO] TableUtils executed create table statement changed 0 rows: CREATE TABLE `foo` (`id` INTEGER AUTO_INCREMENT , `val` INTEGER , `equal` INTEGER , `string` VARCHAR(255) , PRIMARY KEY (`id`) ) 
c245	2026-09-04 10:32:38,863 [DEBUG] BaseMappedStatement insert data with statement 'INSERT INTO `foo` (`val` ,`equal` ,`string` ) VALUES (?,?,?)' and 3 args, changed 1 rows
c245	2026-09-04 10:32:38,864 [TRACE] BaseMappedStatement insert arguments: [12312321, 0, null]
c245	2026-09-04 10:32:38,864 [DEBUG] BaseMappedStatement assigned id '1' from keyholder to 'id' in Foo object
c245	2026-09-04 10:32:38,876 [DEBUG] BaseMappedStatement prepared statement 'SELECT * FROM `foo`' with 0 args
c245	2026-09-04 10:32:38,879 [DEBUG] StatementExecutor query of 'SELECT * FROM `foo`' with 0 args returned 1 results
c245	FT	1	com.j256.ormlite.dao.LruObjectCacheTest#testQueryAll	PASS				765
c245	FT	2	com.j256.ormlite.dao.RuntimeExceptionDaoTest#testAssignEmptyForeignCollectionThrow	PASS				53
c246	2026-09-04 10:32:39,364 [INFO] TableUtils dropping table 'foo'
c246	2026-09-04 10:32:39,643 [INFO] TableUtils ignoring drop error 'org.h2.jdbc.JdbcSQLSyntaxErrorException: Table "FOO" not found; SQL statement:
c246	DROP TABLE `foo`  [42102-200]' for statement: DROP TABLE `foo` 
c246	2026-09-04 10:32:39,644 [INFO] TableUtils creating table 'foo'
c246	2026-09-04 10:32:39,672 [INFO] TableUtils executed create table statement changed 0 rows: CREATE TABLE `foo` (`id` INTEGER AUTO_INCREMENT , `val` INTEGER , `equal` INTEGER , `string` VARCHAR(255) , PRIMARY KEY (`id`) ) 
c246	2026-09-04 10:32:39,694 [DEBUG] BaseMappedStatement insert data with statement 'INSERT INTO `foo` (`val` ,`equal` ,`string` ) VALUES (?,?,?)' and 3 args, changed 1 rows
c246	2026-09-04 10:32:39,695 [TRACE] BaseMappedStatement insert arguments: [12312321, 0, null]
c246	2026-09-04 10:32:39,695 [DEBUG] BaseMappedStatement assigned id '1' from keyholder to 'id' in Foo object
c246	2026-09-04 10:32:39,706 [DEBUG] BaseMappedStatement query-for-id using 'SELECT * FROM `foo` WHERE `id` = ?' and 1 args, got 1 result
c246	2026-09-04 10:32:39,706 [TRACE] BaseMappedStatement query-for-id arguments: [1]
c246	FT	1	com.j256.ormlite.dao.LruObjectCacheTest#testQueryForId	PASS				675
c246	FT	2	com.j256.ormlite.dao.RuntimeExceptionDaoTest#testAssignEmptyForeignCollectionThrow	PASS				46
c247	2026-09-04 10:32:40,172 [INFO] TableUtils dropping table 'foo'
c247	2026-09-04 10:32:40,479 [INFO] TableUtils ignoring drop error 'org.h2.jdbc.JdbcSQLSyntaxErrorException: Table "FOO" not found; SQL statement:
c247	DROP TABLE `foo`  [42102-200]' for statement: DROP TABLE `foo` 
c247	2026-09-04 10:32:40,480 [INFO] TableUtils creating table 'foo'
c247	2026-09-04 10:32:40,508 [INFO] TableUtils executed create table statement changed 0 rows: CREATE TABLE `foo` (`id` INTEGER AUTO_INCREMENT , `val` INTEGER , `equal` INTEGER , `string` VARCHAR(255) , PRIMARY KEY (`id`) ) 
c247	2026-09-04 10:32:40,531 [DEBUG] BaseMappedStatement insert data with statement 'INSERT INTO `foo` (`val` ,`equal` ,`string` ) VALUES (?,?,?)' and 3 args, changed 1 rows
c247	2026-09-04 10:32:40,531 [TRACE] BaseMappedStatement insert arguments: [12312321, 0, null]
c247	2026-09-04 10:32:40,531 [DEBUG] BaseMappedStatement assigned id '1' from keyholder to 'id' in Foo object
c247	2026-09-04 10:32:40,534 [DEBUG] BaseMappedStatement insert data with statement 'INSERT INTO `foo` (`val` ,`equal` ,`string` ) VALUES (?,?,?)' and 3 args, changed 1 rows
c247	2026-09-04 10:32:40,534 [TRACE] BaseMappedStatement insert arguments: [21234761, 0, null]
c247	2026-09-04 10:32:40,534 [DEBUG] BaseMappedStatement assigned id '2' from keyholder to 'id' in Foo object
c247	2026-09-04 10:32:40,535 [DEBUG] BaseMappedStatement insert data with statement 'INSERT INTO `foo` (`val` ,`equal` ,`string` ) VALUES (?,?,?)' and 3 args, changed 1 rows
c247	2026-09-04 10:32:40,535 [TRACE] BaseMappedStatement insert arguments: [79834761, 0, null]
c247	2026-09-04 10:32:40,535 [DEBUG] BaseMappedStatement assigned id '3' from keyholder to 'id' in Foo object
c247	2026-09-04 10:32:40,548 [DEBUG] BaseMappedStatement query-for-id using 'SELECT * FROM `foo` WHERE `id` = ?' and 1 args, got 1 result
c247	2026-09-04 10:32:40,548 [TRACE] BaseMappedStatement query-for-id arguments: [1]
c247	2026-09-04 10:32:40,549 [DEBUG] BaseMappedStatement query-for-id using 'SELECT * FROM `foo` WHERE `id` = ?' and 1 args, got 1 result
c247	2026-09-04 10:32:40,549 [TRACE] BaseMappedStatement query-for-id arguments: [2]
c247	FT	1	com.j256.ormlite.dao.LruObjectCacheTest#testStuff	PASS				710
c247	FT	2	com.j256.ormlite.dao.RuntimeExceptionDaoTest#testAssignEmptyForeignCollectionThrow	PASS				66
c248	2026-09-04 10:32:41,081 [INFO] TableUtils dropping table 'foo'
c248	2026-09-04 10:32:41,337 [INFO] TableUtils ignoring drop error 'org.h2.jdbc.JdbcSQLSyntaxErrorException: Table "FOO" not found; SQL statement:
c248	DROP TABLE `foo`  [42102-200]' for statement: DROP TABLE `foo` 
c248	2026-09-04 10:32:41,338 [INFO] TableUtils creating table 'foo'
c248	2026-09-04 10:32:41,365 [INFO] TableUtils executed create table statement changed 0 rows: CREATE TABLE `foo` (`id` INTEGER AUTO_INCREMENT , `val` INTEGER , `equal` INTEGER , `string` VARCHAR(255) , PRIMARY KEY (`id`) ) 
c248	2026-09-04 10:32:41,388 [DEBUG] BaseMappedStatement insert data with statement 'INSERT INTO `foo` (`val` ,`equal` ,`string` ) VALUES (?,?,?)' and 3 args, changed 1 rows
c248	2026-09-04 10:32:41,388 [TRACE] BaseMappedStatement insert arguments: [12312321, 0, null]
c248	2026-09-04 10:32:41,389 [DEBUG] BaseMappedStatement assigned id '1' from keyholder to 'id' in Foo object
c248	2026-09-04 10:32:41,395 [DEBUG] BaseMappedStatement update data with statement 'UPDATE `foo` SET `val` = ?, `equal` = ?, `string` = ? WHERE `id` = ?' and 4 args, changed 1 rows
c248	2026-09-04 10:32:41,396 [TRACE] BaseMappedStatement update arguments: [1312341412, 0, null, 1]
c248	FT	1	com.j256.ormlite.dao.LruObjectCacheTest#testUpdate	PASS				618
c248	FT	2	com.j256.ormlite.dao.RuntimeExceptionDaoTest#testAssignEmptyForeignCollectionThrow	PASS				71
c249	2026-09-04 10:32:41,885 [INFO] TableUtils dropping table 'foo'
c249	2026-09-04 10:32:42,125 [INFO] TableUtils ignoring drop error 'org.h2.jdbc.JdbcSQLSyntaxErrorException: Table "FOO" not found; SQL statement:
c249	DROP TABLE `foo`  [42102-200]' for statement: DROP TABLE `foo` 
c249	2026-09-04 10:32:42,125 [INFO] TableUtils creating table 'foo'
c249	2026-09-04 10:32:42,160 [INFO] TableUtils executed create table statement changed 0 rows: CREATE TABLE `foo` (`id` INTEGER AUTO_INCREMENT , `val` INTEGER , `equal` INTEGER , `string` VARCHAR(255) , PRIMARY KEY (`id`) ) 
c249	2026-09-04 10:32:42,182 [DEBUG] BaseMappedStatement insert data with statement 'INSERT INTO `foo` (`val` ,`equal` ,`string` ) VALUES (?,?,?)' and 3 args, changed 1 rows
c249	2026-09-04 10:32:42,182 [TRACE] BaseMappedStatement insert arguments: [12312321, 0, null]
c249	2026-09-04 10:32:42,182 [DEBUG] BaseMappedStatement assigned id '1' from keyholder to 'id' in Foo object
c249	2026-09-04 10:32:42,189 [DEBUG] BaseMappedStatement updating-id with statement 'UPDATE `foo` SET `id` = ? WHERE `id` = ?' and 2 args, changed 1 rows
c249	2026-09-04 10:32:42,189 [TRACE] BaseMappedStatement updating-id arguments: [2, 1]
c249	FT	1	com.j256.ormlite.dao.LruObjectCacheTest#testUpdateId	PASS				604
c249	FT	2	com.j256.ormlite.dao.RuntimeExceptionDaoTest#testAssignEmptyForeignCollectionThrow	PASS				49
c250	2026-09-04 10:32:42,687 [INFO] TableUtils dropping table 'foo'
c250	2026-09-04 10:32:43,014 [INFO] TableUtils ignoring drop error 'org.h2.jdbc.JdbcSQLSyntaxErrorException: Table "FOO" not found; SQL statement:
c250	DROP TABLE `foo`  [42102-200]' for statement: DROP TABLE `foo` 
c250	2026-09-04 10:32:43,015 [INFO] TableUtils creating table 'foo'
c250	2026-09-04 10:32:43,042 [INFO] TableUtils executed create table statement changed 0 rows: CREATE TABLE `foo` (`id` INTEGER AUTO_INCREMENT , `val` INTEGER , `equal` INTEGER , `string` VARCHAR(255) , PRIMARY KEY (`id`) ) 
c250	2026-09-04 10:32:43,065 [DEBUG] BaseMappedStatement insert data with statement 'INSERT INTO `foo` (`val` ,`equal` ,`string` ) VALUES (?,?,?)' and 3 args, changed 1 rows
c250	2026-09-04 10:32:43,065 [TRACE] BaseMappedStatement insert arguments: [12312321, 0, null]
c250	2026-09-04 10:32:43,065 [DEBUG] BaseMappedStatement assigned id '1' from keyholder to 'id' in Foo object
c250	2026-09-04 10:32:43,075 [DEBUG] BaseMappedStatement query-for-id using 'SELECT * FROM `foo` WHERE `id` = ?' and 1 args, got 1 result
c250	2026-09-04 10:32:43,075 [TRACE] BaseMappedStatement query-for-id arguments: [1]
c250	2026-09-04 10:32:43,078 [DEBUG] BaseMappedStatement updating-id with statement 'UPDATE `foo` SET `id` = ? WHERE `id` = ?' and 2 args, changed 1 rows
c250	2026-09-04 10:32:43,078 [TRACE] BaseMappedStatement updating-id arguments: [2, 1]
c250	FT	1	com.j256.ormlite.dao.LruObjectCacheTest#testUpdateIdNotInCache	PASS				742
c250	FT	2	com.j256.ormlite.dao.RuntimeExceptionDaoTest#testAssignEmptyForeignCollectionThrow	PASS				50
c251	2026-09-04 10:32:43,490 [INFO] TableUtils dropping table 'foo'
c251	2026-09-04 10:32:43,805 [INFO] TableUtils ignoring drop error 'org.h2.jdbc.JdbcSQLSyntaxErrorException: Table "FOO" not found; SQL statement:
c251	DROP TABLE `foo`  [42102-200]' for statement: DROP TABLE `foo` 
c251	2026-09-04 10:32:43,806 [INFO] TableUtils creating table 'foo'
c251	2026-09-04 10:32:43,833 [INFO] TableUtils executed create table statement changed 0 rows: CREATE TABLE `foo` (`id` INTEGER AUTO_INCREMENT , `val` INTEGER , `equal` INTEGER , `string` VARCHAR(255) , PRIMARY KEY (`id`) ) 
c251	2026-09-04 10:32:43,855 [DEBUG] BaseMappedStatement insert data with statement 'INSERT INTO `foo` (`val` ,`equal` ,`string` ) VALUES (?,?,?)' and 3 args, changed 1 rows
c251	2026-09-04 10:32:43,855 [TRACE] BaseMappedStatement insert arguments: [12321, 0, null]
c251	2026-09-04 10:32:43,856 [DEBUG] BaseMappedStatement assigned id '1' from keyholder to 'id' in Foo object
c251	2026-09-04 10:32:43,857 [DEBUG] BaseMappedStatement insert data with statement 'INSERT INTO `foo` (`val` ,`equal` ,`string` ) VALUES (?,?,?)' and 3 args, changed 1 rows
c251	2026-09-04 10:32:43,857 [TRACE] BaseMappedStatement insert arguments: [754282321, 0, null]
c251	2026-09-04 10:32:43,857 [DEBUG] BaseMappedStatement assigned id '2' from keyholder to 'id' in Foo object
c251	2026-09-04 10:32:43,860 [DEBUG] StatementExecutor executing raw query for: SELECT `val`,`id` FROM `foo`
c251	FT	1	com.j256.ormlite.dao.RawRowMapperTest#testBasic	PASS				658
c251	FT	2	com.j256.ormlite.dao.RuntimeExceptionDaoTest#testAssignEmptyForeignCollectionThrow	PASS				51
c252	2026-09-04 10:32:44,293 [INFO] TableUtils dropping table 'foo'
c252	2026-09-04 10:32:44,552 [INFO] TableUtils ignoring drop error 'org.h2.jdbc.JdbcSQLSyntaxErrorException: Table "FOO" not found; SQL statement:
c252	DROP TABLE `foo`  [42102-200]' for statement: DROP TABLE `foo` 
c252	2026-09-04 10:32:44,553 [INFO] TableUtils creating table 'foo'
c252	2026-09-04 10:32:44,579 [INFO] TableUtils executed create table statement changed 0 rows: CREATE TABLE `foo` (`id` INTEGER AUTO_INCREMENT , `val` INTEGER , `equal` INTEGER , `string` VARCHAR(255) , PRIMARY KEY (`id`) ) 
c252	2026-09-04 10:32:44,600 [DEBUG] BaseMappedStatement insert data with statement 'INSERT INTO `foo` (`val` ,`equal` ,`string` ) VALUES (?,?,?)' and 3 args, changed 1 rows
c252	2026-09-04 10:32:44,600 [TRACE] BaseMappedStatement insert arguments: [12321, 0, null]
c252	2026-09-04 10:32:44,600 [DEBUG] BaseMappedStatement assigned id '1' from keyholder to 'id' in Foo object
c252	2026-09-04 10:32:44,601 [DEBUG] BaseMappedStatement insert data with statement 'INSERT INTO `foo` (`val` ,`equal` ,`string` ) VALUES (?,?,?)' and 3 args, changed 1 rows
c252	2026-09-04 10:32:44,601 [TRACE] BaseMappedStatement insert arguments: [754282321, 0, null]
c252	2026-09-04 10:32:44,602 [DEBUG] BaseMappedStatement assigned id '2' from keyholder to 'id' in Foo object
c252	2026-09-04 10:32:44,605 [DEBUG] StatementExecutor executing raw query for: SELECT `id`, `val` FROM `foo`
c252	FT	1	com.j256.ormlite.dao.RawRowMapperTest#testFooMapper	PASS				600
c252	FT	2	com.j256.ormlite.dao.RuntimeExceptionDaoTest#testAssignEmptyForeignCollectionThrow	PASS				49
c253	2026-09-04 10:32:45,062 [INFO] TableUtils dropping table 'foo'
c253	2026-09-04 10:32:45,359 [INFO] TableUtils ignoring drop error 'org.h2.jdbc.JdbcSQLSyntaxErrorException: Table "FOO" not found; SQL statement:
c253	DROP TABLE `foo`  [42102-200]' for statement: DROP TABLE `foo` 
c253	2026-09-04 10:32:45,363 [INFO] TableUtils creating table 'foo'
c253	2026-09-04 10:32:45,391 [INFO] TableUtils executed create table statement changed 0 rows: CREATE TABLE `foo` (`id` INTEGER AUTO_INCREMENT , `val` INTEGER , `equal` INTEGER , `string` VARCHAR(255) , PRIMARY KEY (`id`) ) 
c253	2026-09-04 10:32:45,413 [DEBUG] BaseMappedStatement insert data with statement 'INSERT INTO `foo` (`val` ,`equal` ,`string` ) VALUES (?,?,?)' and 3 args, changed 1 rows
c253	2026-09-04 10:32:45,413 [TRACE] BaseMappedStatement insert arguments: [12321, 0, null]
c253	2026-09-04 10:32:45,413 [DEBUG] BaseMappedStatement assigned id '1' from keyholder to 'id' in Foo object
c253	2026-09-04 10:32:45,415 [DEBUG] BaseMappedStatement insert data with statement 'INSERT INTO `foo` (`val` ,`equal` ,`string` ) VALUES (?,?,?)' and 3 args, changed 1 rows
c253	2026-09-04 10:32:45,415 [TRACE] BaseMappedStatement insert arguments: [754282321, 0, null]
c253	2026-09-04 10:32:45,415 [DEBUG] BaseMappedStatement assigned id '2' from keyholder to 'id' in Foo object
c253	2026-09-04 10:32:45,425 [DEBUG] BaseMappedStatement prepared statement 'SELECT * FROM `foo`' with 0 args
c253	FT	1	com.j256.ormlite.dao.RawRowMapperTest#testRawResultsMapper	PASS				668
c253	FT	2	com.j256.ormlite.dao.RuntimeExceptionDaoTest#testAssignEmptyForeignCollectionThrow	PASS				51
c254	2026-09-04 10:32:45,856 [INFO] TableUtils dropping table 'foo'
c254	2026-09-04 10:32:46,116 [INFO] TableUtils ignoring drop error 'org.h2.jdbc.JdbcSQLSyntaxErrorException: Table "FOO" not found; SQL statement:
c254	DROP TABLE `foo`  [42102-200]' for statement: DROP TABLE `foo` 
c254	2026-09-04 10:32:46,117 [INFO] TableUtils creating table 'foo'
c254	2026-09-04 10:32:46,148 [INFO] TableUtils executed create table statement changed 0 rows: CREATE TABLE `foo` (`id` INTEGER AUTO_INCREMENT , `val` INTEGER , `equal` INTEGER , `string` VARCHAR(255) , PRIMARY KEY (`id`) ) 
c254	2026-09-04 10:32:46,169 [DEBUG] BaseMappedStatement insert data with statement 'INSERT INTO `foo` (`val` ,`equal` ,`string` ) VALUES (?,?,?)' and 3 args, changed 1 rows
c254	2026-09-04 10:32:46,170 [TRACE] BaseMappedStatement insert arguments: [12321, 0, fjpojefpwoewfjpewf]
c254	2026-09-04 10:32:46,170 [DEBUG] BaseMappedStatement assigned id '1' from keyholder to 'id' in Foo object
c254	2026-09-04 10:32:46,171 [DEBUG] BaseMappedStatement insert data with statement 'INSERT INTO `foo` (`val` ,`equal` ,`string` ) VALUES (?,?,?)' and 3 args, changed 1 rows
c254	2026-09-04 10:32:46,171 [TRACE] BaseMappedStatement insert arguments: [754282321, 0, foewjfewpfjwe]
c254	2026-09-04 10:32:46,171 [DEBUG] BaseMappedStatement assigned id '2' from keyholder to 'id' in Foo object
c254	2026-09-04 10:32:46,176 [DEBUG] StatementExecutor executing raw query for: SELECT `id`, `val`, `string` FROM `foo`
c254	FT	1	com.j256.ormlite.dao.RawRowObjectMapperTest#testRawResultsObjectMapper	PASS				608
c254	FT	2	com.j256.ormlite.dao.RuntimeExceptionDaoTest#testAssignEmptyForeignCollectionThrow	PASS				61
c255	2026-09-04 10:32:46,728 [INFO] TableUtils dropping table 'foo'
c255	2026-09-04 10:32:47,052 [INFO] TableUtils ignoring drop error 'org.h2.jdbc.JdbcSQLSyntaxErrorException: Table "FOO" not found; SQL statement:
c255	DROP TABLE `foo`  [42102-200]' for statement: DROP TABLE `foo` 
c255	2026-09-04 10:32:47,052 [INFO] TableUtils creating table 'foo'
c255	2026-09-04 10:32:47,084 [INFO] TableUtils executed create table statement changed 0 rows: CREATE TABLE `foo` (`id` INTEGER AUTO_INCREMENT , `val` INTEGER , `equal` INTEGER , `string` VARCHAR(255) , PRIMARY KEY (`id`) ) 
c255	2026-09-04 10:32:47,109 [DEBUG] BaseMappedStatement insert data with statement 'INSERT INTO `foo` (`val` ,`equal` ,`string` ) VALUES (?,?,?)' and 3 args, changed 1 rows
c255	2026-09-04 10:32:47,109 [TRACE] BaseMappedStatement insert arguments: [12312321, 0, null]
c255	2026-09-04 10:32:47,109 [DEBUG] BaseMappedStatement assigned id '1' from keyholder to 'id' in Foo object
c255	2026-09-04 10:32:47,120 [DEBUG] BaseMappedStatement prepared statement 'SELECT * FROM `foo`' with 0 args
c255	2026-09-04 10:32:47,122 [DEBUG] StatementExecutor query of 'SELECT * FROM `foo`' with 0 args returned 1 results
c255	2026-09-04 10:32:47,124 [DEBUG] BaseMappedStatement query-for-id using 'SELECT * FROM `foo` WHERE `id` = ?' and 1 args, got 1 result
c255	2026-09-04 10:32:47,124 [TRACE] BaseMappedStatement query-for-id arguments: [1]
c255	FT	1	com.j256.ormlite.dao.ReferenceObjectCacheTest#testBasic	PASS				778
c255	FT	2	com.j256.ormlite.dao.RuntimeExceptionDaoTest#testAssignEmptyForeignCollectionThrow	PASS				54
c256	2026-09-04 10:32:47,596 [INFO] TableUtils dropping table 'foo'
c256	2026-09-04 10:32:47,876 [INFO] TableUtils ignoring drop error 'org.h2.jdbc.JdbcSQLSyntaxErrorException: Table "FOO" not found; SQL statement:
c256	DROP TABLE `foo`  [42102-200]' for statement: DROP TABLE `foo` 
c256	2026-09-04 10:32:47,877 [INFO] TableUtils creating table 'foo'
c256	2026-09-04 10:32:47,908 [INFO] TableUtils executed create table statement changed 0 rows: CREATE TABLE `foo` (`id` INTEGER AUTO_INCREMENT , `val` INTEGER , `equal` INTEGER , `string` VARCHAR(255) , PRIMARY KEY (`id`) ) 
c256	2026-09-04 10:32:47,909 [INFO] TableUtils dropping table 'withid'
c256	2026-09-04 10:32:47,909 [INFO] TableUtils ignoring drop error 'org.h2.jdbc.JdbcSQLSyntaxErrorException: Table "WITHID" not found; SQL statement:
c256	DROP TABLE `withid`  [42102-200]' for statement: DROP TABLE `withid` 
c256	2026-09-04 10:32:47,909 [INFO] TableUtils creating table 'withid'
c256	2026-09-04 10:32:47,911 [INFO] TableUtils executed create table statement changed 0 rows: CREATE TABLE `withid` (`id` INTEGER AUTO_INCREMENT , `stuff` VARCHAR(255) , PRIMARY KEY (`id`) ) 
c256	2026-09-04 10:32:47,940 [DEBUG] BaseMappedStatement insert data with statement 'INSERT INTO `foo` (`val` ,`equal` ,`string` ) VALUES (?,?,?)' and 3 args, changed 1 rows
c256	2026-09-04 10:32:47,940 [TRACE] BaseMappedStatement insert arguments: [0, 0, null]
c256	2026-09-04 10:32:47,941 [DEBUG] BaseMappedStatement assigned id '1' from keyholder to 'id' in Foo object
c256	2026-09-04 10:32:47,944 [DEBUG] BaseMappedStatement insert data with statement 'INSERT INTO `withid` (`stuff` ) VALUES (?)' and 1 args, changed 1 rows
c256	2026-09-04 10:32:47,944 [TRACE] BaseMappedStatement insert arguments: [null]
c256	2026-09-04 10:32:47,944 [DEBUG] BaseMappedStatement assigned id '1' from keyholder to 'id' in WithId object
c256	2026-09-04 10:32:47,955 [DEBUG] BaseMappedStatement query-for-id using 'SELECT * FROM `foo` WHERE `id` = ?' and 1 args, got 1 result
c256	2026-09-04 10:32:47,955 [TRACE] BaseMappedStatement query-for-id arguments: [1]
c256	2026-09-04 10:32:47,957 [DEBUG] BaseMappedStatement query-for-id using 'SELECT * FROM `withid` WHERE `id` = ?' and 1 args, got 1 result
c256	2026-09-04 10:32:47,957 [TRACE] BaseMappedStatement query-for-id arguments: [1]
c256	FT	1	com.j256.ormlite.dao.ReferenceObjectCacheTest#testClearEachClass	PASS				677
c256	FT	2	com.j256.ormlite.dao.RuntimeExceptionDaoTest#testAssignEmptyForeignCollectionThrow	PASS				53
c257	2026-09-04 10:32:48,444 [INFO] TableUtils dropping table 'foo'
c257	2026-09-04 10:32:48,791 [INFO] TableUtils ignoring drop error 'org.h2.jdbc.JdbcSQLSyntaxErrorException: Table "FOO" not found; SQL statement:
c257	DROP TABLE `foo`  [42102-200]' for statement: DROP TABLE `foo` 
c257	2026-09-04 10:32:48,792 [INFO] TableUtils creating table 'foo'
c257	2026-09-04 10:32:48,852 [INFO] TableUtils executed create table statement changed 0 rows: CREATE TABLE `foo` (`id` INTEGER AUTO_INCREMENT , `val` INTEGER , `equal` INTEGER , `string` VARCHAR(255) , PRIMARY KEY (`id`) ) 
c257	2026-09-04 10:32:48,885 [DEBUG] BaseMappedStatement insert data with statement 'INSERT INTO `foo` (`val` ,`equal` ,`string` ) VALUES (?,?,?)' and 3 args, changed 1 rows
c257	2026-09-04 10:32:48,885 [TRACE] BaseMappedStatement insert arguments: [12312321, 0, null]
c257	2026-09-04 10:32:48,885 [DEBUG] BaseMappedStatement assigned id '1' from keyholder to 'id' in Foo object
c257	2026-09-04 10:32:48,893 [DEBUG] BaseMappedStatement delete data with statement 'DELETE FROM `foo` WHERE `id` = ?' and 1 args, changed 1 rows
c257	2026-09-04 10:32:48,894 [TRACE] BaseMappedStatement delete arguments: [1]
c257	FT	1	com.j256.ormlite.dao.ReferenceObjectCacheTest#testDelete	PASS				769
c257	FT	2	com.j256.ormlite.dao.RuntimeExceptionDaoTest#testAssignEmptyForeignCollectionThrow	PASS				58
c258	2026-09-04 10:32:49,413 [INFO] TableUtils dropping table 'foo'
c258	2026-09-04 10:32:49,639 [INFO] TableUtils ignoring drop error 'org.h2.jdbc.JdbcSQLSyntaxErrorException: Table "FOO" not found; SQL statement:
c258	DROP TABLE `foo`  [42102-200]' for statement: DROP TABLE `foo` 
c258	2026-09-04 10:32:49,640 [INFO] TableUtils creating table 'foo'
c258	2026-09-04 10:32:49,671 [INFO] TableUtils executed create table statement changed 0 rows: CREATE TABLE `foo` (`id` INTEGER AUTO_INCREMENT , `val` INTEGER , `equal` INTEGER , `string` VARCHAR(255) , PRIMARY KEY (`id`) ) 
c258	2026-09-04 10:32:49,697 [DEBUG] BaseMappedStatement insert data with statement 'INSERT INTO `foo` (`val` ,`equal` ,`string` ) VALUES (?,?,?)' and 3 args, changed 1 rows
c258	2026-09-04 10:32:49,697 [TRACE] BaseMappedStatement insert arguments: [12312321, 0, null]
c258	2026-09-04 10:32:49,697 [DEBUG] BaseMappedStatement assigned id '1' from keyholder to 'id' in Foo object
c258	2026-09-04 10:32:49,710 [DEBUG] BaseMappedStatement query-for-id using 'SELECT * FROM `foo` WHERE `id` = ?' and 1 args, got 1 result
c258	2026-09-04 10:32:49,710 [TRACE] BaseMappedStatement query-for-id arguments: [1]
c258	FT	1	com.j256.ormlite.dao.ReferenceObjectCacheTest#testDisableAlreadyDisabled	PASS				600
c258	FT	2	com.j256.ormlite.dao.RuntimeExceptionDaoTest#testAssignEmptyForeignCollectionThrow	PASS				49
c259	2026-09-04 10:32:50,181 [INFO] TableUtils dropping table 'foo'
c259	2026-09-04 10:32:50,442 [INFO] TableUtils ignoring drop error 'org.h2.jdbc.JdbcSQLSyntaxErrorException: Table "FOO" not found; SQL statement:
c259	DROP TABLE `foo`  [42102-200]' for statement: DROP TABLE `foo` 
c259	2026-09-04 10:32:50,443 [INFO] TableUtils creating table 'foo'
c259	2026-09-04 10:32:50,471 [INFO] TableUtils executed create table statement changed 0 rows: CREATE TABLE `foo` (`id` INTEGER AUTO_INCREMENT , `val` INTEGER , `equal` INTEGER , `string` VARCHAR(255) , PRIMARY KEY (`id`) ) 
c259	2026-09-04 10:32:50,501 [DEBUG] BaseMappedStatement insert data with statement 'INSERT INTO `foo` (`val` ,`equal` ,`string` ) VALUES (?,?,?)' and 3 args, changed 1 rows
c259	2026-09-04 10:32:50,502 [TRACE] BaseMappedStatement insert arguments: [12312321, 0, null]
c259	2026-09-04 10:32:50,502 [DEBUG] BaseMappedStatement assigned id '1' from keyholder to 'id' in Foo object
c259	FT	1	com.j256.ormlite.dao.ReferenceObjectCacheTest#testEnableBoolean	PASS				649
c259	FT	2	com.j256.ormlite.dao.RuntimeExceptionDaoTest#testAssignEmptyForeignCollectionThrow	PASS				47
c260	2026-09-04 10:32:50,933 [INFO] TableUtils dropping table 'noid'
c260	2026-09-04 10:32:51,151 [INFO] TableUtils ignoring drop error 'org.h2.jdbc.JdbcSQLSyntaxErrorException: Table "NOID" not found; SQL statement:
c260	DROP TABLE `noid`  [42102-200]' for statement: DROP TABLE `noid` 
c260	2026-09-04 10:32:51,151 [INFO] TableUtils creating table 'noid'
c260	2026-09-04 10:32:51,155 [INFO] TableUtils executed create table statement changed 0 rows: CREATE TABLE `noid` (`notId` INTEGER , `stuff` VARCHAR(255) ) 
c260	FT	1	com.j256.ormlite.dao.ReferenceObjectCacheTest#testNoIdClass	PASS				499
c260	FT	2	com.j256.ormlite.dao.RuntimeExceptionDaoTest#testAssignEmptyForeignCollectionThrow	PASS				46
c261	2026-09-04 10:32:51,604 [INFO] TableUtils dropping table 'parent'
c261	2026-09-04 10:32:51,821 [INFO] TableUtils ignoring drop error 'org.h2.jdbc.JdbcSQLSyntaxErrorException: Table "PARENT" not found; SQL statement:
c261	DROP TABLE `parent`  [42102-200]' for statement: DROP TABLE `parent` 
c261	2026-09-04 10:32:51,822 [INFO] TableUtils creating table 'parent'
c261	2026-09-04 10:32:51,850 [INFO] TableUtils executed create table statement changed 0 rows: CREATE TABLE `parent` (`id` INTEGER AUTO_INCREMENT , `child_id` INTEGER , PRIMARY KEY (`id`) ) 
c261	2026-09-04 10:32:51,850 [INFO] TableUtils dropping table 'child'
c261	2026-09-04 10:32:51,851 [INFO] TableUtils ignoring drop error 'org.h2.jdbc.JdbcSQLSyntaxErrorException: Table "CHILD" not found; SQL statement:
c261	DROP TABLE `child`  [42102-200]' for statement: DROP TABLE `child` 
c261	2026-09-04 10:32:51,851 [INFO] TableUtils creating table 'child'
c261	2026-09-04 10:32:51,852 [INFO] TableUtils executed create table statement changed 0 rows: CREATE TABLE `child` (`id` INTEGER AUTO_INCREMENT , PRIMARY KEY (`id`) ) 
c261	2026-09-04 10:32:51,873 [DEBUG] BaseMappedStatement insert data with statement 'INSERT INTO `child` () VALUES ()' and 0 args, changed 1 rows
c261	2026-09-04 10:32:51,874 [DEBUG] BaseMappedStatement assigned id '1' from keyholder to 'id' in Child object
c261	2026-09-04 10:32:51,875 [DEBUG] BaseMappedStatement insert data with statement 'INSERT INTO `parent` (`child_id` ) VALUES (?)' and 1 args, changed 1 rows
c261	2026-09-04 10:32:51,876 [TRACE] BaseMappedStatement insert arguments: [1]
c261	2026-09-04 10:32:51,876 [DEBUG] BaseMappedStatement assigned id '1' from keyholder to 'id' in Parent object
c261	2026-09-04 10:32:51,888 [DEBUG] BaseMappedStatement query-for-id using 'SELECT * FROM `child` WHERE `id` = ?' and 1 args, got 1 result
c261	2026-09-04 10:32:51,888 [TRACE] BaseMappedStatement query-for-id arguments: [1]
c261	2026-09-04 10:32:51,894 [DEBUG] BaseMappedStatement prepared statement 'SELECT * FROM `parent` WHERE `child_id` = ?' with 1 args
c261	2026-09-04 10:32:51,894 [TRACE] BaseMappedStatement prepared statement arguments: [1]
c261	FT	1	com.j256.ormlite.dao.ReferenceObjectCacheTest#testOneWithOneWithout	PASS				589
c261	FT	2	com.j256.ormlite.dao.RuntimeExceptionDaoTest#testAssignEmptyForeignCollectionThrow	PASS				50
c262	2026-09-04 10:32:52,336 [INFO] TableUtils dropping table 'parent'
c262	2026-09-04 10:32:52,558 [INFO] TableUtils ignoring drop error 'org.h2.jdbc.JdbcSQLSyntaxErrorException: Table "PARENT" not found; SQL statement:
c262	DROP TABLE `parent`  [42102-200]' for statement: DROP TABLE `parent` 
c262	2026-09-04 10:32:52,559 [INFO] TableUtils creating table 'parent'
c262	2026-09-04 10:32:52,589 [INFO] TableUtils executed create table statement changed 0 rows: CREATE TABLE `parent` (`id` INTEGER AUTO_INCREMENT , `child_id` INTEGER , PRIMARY KEY (`id`) ) 
c262	2026-09-04 10:32:52,590 [INFO] TableUtils dropping table 'child'
c262	2026-09-04 10:32:52,590 [INFO] TableUtils ignoring drop error 'org.h2.jdbc.JdbcSQLSyntaxErrorException: Table "CHILD" not found; SQL statement:
c262	DROP TABLE `child`  [42102-200]' for statement: DROP TABLE `child` 
c262	2026-09-04 10:32:52,590 [INFO] TableUtils creating table 'child'
c262	2026-09-04 10:32:52,592 [INFO] TableUtils executed create table statement changed 0 rows: CREATE TABLE `child` (`id` INTEGER AUTO_INCREMENT , PRIMARY KEY (`id`) ) 
c262	2026-09-04 10:32:52,617 [DEBUG] BaseMappedStatement insert data with statement 'INSERT INTO `child` () VALUES ()' and 0 args, changed 1 rows
c262	2026-09-04 10:32:52,617 [DEBUG] BaseMappedStatement assigned id '1' from keyholder to 'id' in Child object
c262	2026-09-04 10:32:52,621 [DEBUG] BaseMappedStatement insert data with statement 'INSERT INTO `parent` (`child_id` ) VALUES (?)' and 1 args, changed 1 rows
c262	2026-09-04 10:32:52,622 [TRACE] BaseMappedStatement insert arguments: [1]
c262	2026-09-04 10:32:52,622 [DEBUG] BaseMappedStatement assigned id '1' from keyholder to 'id' in Parent object
c262	2026-09-04 10:32:52,640 [DEBUG] BaseMappedStatement query-for-id using 'SELECT * FROM `child` WHERE `id` = ?' and 1 args, got 1 result
c262	2026-09-04 10:32:52,640 [TRACE] BaseMappedStatement query-for-id arguments: [1]
c262	2026-09-04 10:32:52,640 [DEBUG] BaseMappedStatement query-for-id using 'SELECT * FROM `parent` WHERE `id` = ?' and 1 args, got 1 result
c262	2026-09-04 10:32:52,640 [TRACE] BaseMappedStatement query-for-id arguments: [1]
c262	FT	1	com.j256.ormlite.dao.ReferenceObjectCacheTest#testOneWithOneWithoutAutoRefresh	PASS				598
c262	FT	2	com.j256.ormlite.dao.RuntimeExceptionDaoTest#testAssignEmptyForeignCollectionThrow	PASS				50
c263	2026-09-04 10:32:53,131 [INFO] TableUtils dropping table 'foo'
c263	2026-09-04 10:32:53,417 [INFO] TableUtils ignoring drop error 'org.h2.jdbc.JdbcSQLSyntaxErrorException: Table "FOO" not found; SQL statement:
c263	DROP TABLE `foo`  [42102-200]' for statement: DROP TABLE `foo` 
c263	2026-09-04 10:32:53,417 [INFO] TableUtils creating table 'foo'
c263	2026-09-04 10:32:53,442 [INFO] TableUtils executed create table statement changed 0 rows: CREATE TABLE `foo` (`id` INTEGER AUTO_INCREMENT , `val` INTEGER , `equal` INTEGER , `string` VARCHAR(255) , PRIMARY KEY (`id`) ) 
c263	2026-09-04 10:32:53,465 [DEBUG] BaseMappedStatement insert data with statement 'INSERT INTO `foo` (`val` ,`equal` ,`string` ) VALUES (?,?,?)' and 3 args, changed 1 rows
c263	2026-09-04 10:32:53,466 [TRACE] BaseMappedStatement insert arguments: [12312321, 0, null]
c263	2026-09-04 10:32:53,466 [DEBUG] BaseMappedStatement assigned id '1' from keyholder to 'id' in Foo object
c263	2026-09-04 10:32:53,476 [DEBUG] BaseMappedStatement prepared statement 'SELECT * FROM `foo`' with 0 args
c263	2026-09-04 10:32:53,478 [DEBUG] StatementExecutor query of 'SELECT * FROM `foo`' with 0 args returned 1 results
c263	FT	1	com.j256.ormlite.dao.ReferenceObjectCacheTest#testQueryAll	PASS				667
c263	FT	2	com.j256.ormlite.dao.RuntimeExceptionDaoTest#testAssignEmptyForeignCollectionThrow	PASS				61
c264	2026-09-04 10:32:54,079 [INFO] TableUtils dropping table 'foo'
c264	2026-09-04 10:32:54,417 [INFO] TableUtils ignoring drop error 'org.h2.jdbc.JdbcSQLSyntaxErrorException: Table "FOO" not found; SQL statement:
c264	DROP TABLE `foo`  [42102-200]' for statement: DROP TABLE `foo` 
c264	2026-09-04 10:32:54,418 [INFO] TableUtils creating table 'foo'
c264	2026-09-04 10:32:54,456 [INFO] TableUtils executed create table statement changed 0 rows: CREATE TABLE `foo` (`id` INTEGER AUTO_INCREMENT , `val` INTEGER , `equal` INTEGER , `string` VARCHAR(255) , PRIMARY KEY (`id`) ) 
c264	2026-09-04 10:32:54,482 [DEBUG] BaseMappedStatement insert data with statement 'INSERT INTO `foo` (`val` ,`equal` ,`string` ) VALUES (?,?,?)' and 3 args, changed 1 rows
c264	2026-09-04 10:32:54,483 [TRACE] BaseMappedStatement insert arguments: [12312321, 0, null]
c264	2026-09-04 10:32:54,483 [DEBUG] BaseMappedStatement assigned id '1' from keyholder to 'id' in Foo object
c264	Foo = Foo:1
c264	FT	1	com.j256.ormlite.dao.ReferenceObjectCacheTest#testSoftGc	PASS				850
c264	FT	2	com.j256.ormlite.dao.RuntimeExceptionDaoTest#testAssignEmptyForeignCollectionThrow	PASS				63
c265	2026-09-04 10:32:55,051 [INFO] TableUtils dropping table 'foo'
c265	2026-09-04 10:32:55,372 [INFO] TableUtils ignoring drop error 'org.h2.jdbc.JdbcSQLSyntaxErrorException: Table "FOO" not found; SQL statement:
c265	DROP TABLE `foo`  [42102-200]' for statement: DROP TABLE `foo` 
c265	2026-09-04 10:32:55,372 [INFO] TableUtils creating table 'foo'
c265	2026-09-04 10:32:55,408 [INFO] TableUtils executed create table statement changed 0 rows: CREATE TABLE `foo` (`id` INTEGER AUTO_INCREMENT , `val` INTEGER , `equal` INTEGER , `string` VARCHAR(255) , PRIMARY KEY (`id`) ) 
c265	2026-09-04 10:32:55,433 [DEBUG] BaseMappedStatement insert data with statement 'INSERT INTO `foo` (`val` ,`equal` ,`string` ) VALUES (?,?,?)' and 3 args, changed 1 rows
c265	2026-09-04 10:32:55,433 [TRACE] BaseMappedStatement insert arguments: [12312321, 0, null]
c265	2026-09-04 10:32:55,433 [DEBUG] BaseMappedStatement assigned id '1' from keyholder to 'id' in Foo object
c265	2026-09-04 10:32:55,443 [DEBUG] BaseMappedStatement update data with statement 'UPDATE `foo` SET `val` = ?, `equal` = ?, `string` = ? WHERE `id` = ?' and 4 args, changed 1 rows
c265	2026-09-04 10:32:55,444 [TRACE] BaseMappedStatement update arguments: [1312341412, 0, null, 1]
c265	FT	1	com.j256.ormlite.dao.ReferenceObjectCacheTest#testUpdate	PASS				743
c265	FT	2	com.j256.ormlite.dao.RuntimeExceptionDaoTest#testAssignEmptyForeignCollectionThrow	PASS				63
c266	2026-09-04 10:32:55,969 [INFO] TableUtils dropping table 'foo'
c266	2026-09-04 10:32:56,283 [INFO] TableUtils ignoring drop error 'org.h2.jdbc.JdbcSQLSyntaxErrorException: Table "FOO" not found; SQL statement:
c266	DROP TABLE `foo`  [42102-200]' for statement: DROP TABLE `foo` 
c266	2026-09-04 10:32:56,284 [INFO] TableUtils creating table 'foo'
c266	2026-09-04 10:32:56,310 [INFO] TableUtils executed create table statement changed 0 rows: CREATE TABLE `foo` (`id` INTEGER AUTO_INCREMENT , `val` INTEGER , `equal` INTEGER , `string` VARCHAR(255) , PRIMARY KEY (`id`) ) 
c266	2026-09-04 10:32:56,331 [DEBUG] BaseMappedStatement insert data with statement 'INSERT INTO `foo` (`val` ,`equal` ,`string` ) VALUES (?,?,?)' and 3 args, changed 1 rows
c266	2026-09-04 10:32:56,331 [TRACE] BaseMappedStatement insert arguments: [12312321, 0, null]
c266	2026-09-04 10:32:56,331 [DEBUG] BaseMappedStatement assigned id '1' from keyholder to 'id' in Foo object
c266	2026-09-04 10:32:56,337 [DEBUG] BaseMappedStatement updating-id with statement 'UPDATE `foo` SET `id` = ? WHERE `id` = ?' and 2 args, changed 1 rows
c266	2026-09-04 10:32:56,337 [TRACE] BaseMappedStatement updating-id arguments: [2, 1]
c266	FT	1	com.j256.ormlite.dao.ReferenceObjectCacheTest#testUpdateId	PASS				668
c266	FT	2	com.j256.ormlite.dao.RuntimeExceptionDaoTest#testAssignEmptyForeignCollectionThrow	PASS				49
c267	2026-09-04 10:32:56,781 [INFO] TableUtils dropping table 'foo'
c267	2026-09-04 10:32:57,056 [INFO] TableUtils ignoring drop error 'org.h2.jdbc.JdbcSQLSyntaxErrorException: Table "FOO" not found; SQL statement:
c267	DROP TABLE `foo`  [42102-200]' for statement: DROP TABLE `foo` 
c267	2026-09-04 10:32:57,057 [INFO] TableUtils creating table 'foo'
c267	2026-09-04 10:32:57,088 [INFO] TableUtils executed create table statement changed 0 rows: CREATE TABLE `foo` (`id` INTEGER AUTO_INCREMENT , `val` INTEGER , `equal` INTEGER , `string` VARCHAR(255) , PRIMARY KEY (`id`) ) 
c267	2026-09-04 10:32:57,108 [DEBUG] BaseMappedStatement insert data with statement 'INSERT INTO `foo` (`val` ,`equal` ,`string` ) VALUES (?,?,?)' and 3 args, changed 1 rows
c267	2026-09-04 10:32:57,109 [TRACE] BaseMappedStatement insert arguments: [12312321, 0, null]
c267	2026-09-04 10:32:57,109 [DEBUG] BaseMappedStatement assigned id '1' from keyholder to 'id' in Foo object
c267	2026-09-04 10:32:57,119 [DEBUG] BaseMappedStatement query-for-id using 'SELECT * FROM `foo` WHERE `id` = ?' and 1 args, got 1 result
c267	2026-09-04 10:32:57,119 [TRACE] BaseMappedStatement query-for-id arguments: [1]
c267	2026-09-04 10:32:57,123 [DEBUG] BaseMappedStatement updating-id with statement 'UPDATE `foo` SET `id` = ? WHERE `id` = ?' and 2 args, changed 1 rows
c267	2026-09-04 10:32:57,123 [TRACE] BaseMappedStatement updating-id arguments: [2, 1]
c267	FT	1	com.j256.ormlite.dao.ReferenceObjectCacheTest#testUpdateIdNotInCache	PASS				644
c267	FT	2	com.j256.ormlite.dao.RuntimeExceptionDaoTest#testAssignEmptyForeignCollectionThrow	PASS				54
c268	2026-09-04 10:32:57,594 [INFO] TableUtils dropping table 'foo'
c268	2026-09-04 10:32:57,884 [INFO] TableUtils ignoring drop error 'org.h2.jdbc.JdbcSQLSyntaxErrorException: Table "FOO" not found; SQL statement:
c268	DROP TABLE `foo`  [42102-200]' for statement: DROP TABLE `foo` 
c268	2026-09-04 10:32:57,885 [INFO] TableUtils creating table 'foo'
c268	2026-09-04 10:32:57,922 [INFO] TableUtils executed create table statement changed 0 rows: CREATE TABLE `foo` (`id` INTEGER AUTO_INCREMENT , `val` INTEGER , `equal` INTEGER , `string` VARCHAR(255) , PRIMARY KEY (`id`) ) 
c268	2026-09-04 10:32:57,948 [DEBUG] BaseMappedStatement insert data with statement 'INSERT INTO `foo` (`val` ,`equal` ,`string` ) VALUES (?,?,?)' and 3 args, changed 1 rows
c268	2026-09-04 10:32:57,948 [TRACE] BaseMappedStatement insert arguments: [12312321, 0, null]
c268	2026-09-04 10:32:57,948 [DEBUG] BaseMappedStatement assigned id '1' from keyholder to 'id' in Foo object
c268	Foo = Foo:1
c268	2026-09-04 10:32:57,980 [DEBUG] BaseMappedStatement query-for-id using 'SELECT * FROM `foo` WHERE `id` = ?' and 1 args, got 1 result
c268	2026-09-04 10:32:57,981 [TRACE] BaseMappedStatement query-for-id arguments: [1]
c268	FT	1	com.j256.ormlite.dao.ReferenceObjectCacheTest#testWeakCleanNullAll	PASS				695
c268	FT	2	com.j256.ormlite.dao.RuntimeExceptionDaoTest#testAssignEmptyForeignCollectionThrow	PASS				56
c269	2026-09-04 10:32:58,461 [INFO] TableUtils dropping table 'foo'
c269	2026-09-04 10:32:58,684 [INFO] TableUtils ignoring drop error 'org.h2.jdbc.JdbcSQLSyntaxErrorException: Table "FOO" not found; SQL statement:
c269	DROP TABLE `foo`  [42102-200]' for statement: DROP TABLE `foo` 
c269	2026-09-04 10:32:58,685 [INFO] TableUtils creating table 'foo'
c269	2026-09-04 10:32:58,711 [INFO] TableUtils executed create table statement changed 0 rows: CREATE TABLE `foo` (`id` INTEGER AUTO_INCREMENT , `val` INTEGER , `equal` INTEGER , `string` VARCHAR(255) , PRIMARY KEY (`id`) ) 
c269	2026-09-04 10:32:58,731 [DEBUG] BaseMappedStatement insert data with statement 'INSERT INTO `foo` (`val` ,`equal` ,`string` ) VALUES (?,?,?)' and 3 args, changed 1 rows
c269	2026-09-04 10:32:58,731 [TRACE] BaseMappedStatement insert arguments: [12312321, 0, null]
c269	2026-09-04 10:32:58,731 [DEBUG] BaseMappedStatement assigned id '1' from keyholder to 'id' in Foo object
c269	Foo = Foo:1
c269	2026-09-04 10:32:58,762 [DEBUG] BaseMappedStatement query-for-id using 'SELECT * FROM `foo` WHERE `id` = ?' and 1 args, got 1 result
c269	2026-09-04 10:32:58,763 [TRACE] BaseMappedStatement query-for-id arguments: [1]
c269	FT	1	com.j256.ormlite.dao.ReferenceObjectCacheTest#testWeakGc	PASS				610
c269	FT	2	com.j256.ormlite.dao.RuntimeExceptionDaoTest#testAssignEmptyForeignCollectionThrow	PASS				52
c270	2026-09-04 10:32:59,224 [INFO] TableUtils dropping table 'foo'
c270	2026-09-04 10:32:59,593 [INFO] TableUtils ignoring drop error 'org.h2.jdbc.JdbcSQLSyntaxErrorException: Table "FOO" not found; SQL statement:
c270	DROP TABLE `foo`  [42102-200]' for statement: DROP TABLE `foo` 
c270	2026-09-04 10:32:59,594 [INFO] TableUtils creating table 'foo'
c270	2026-09-04 10:32:59,643 [INFO] TableUtils executed create table statement changed 0 rows: CREATE TABLE `foo` (`id` INTEGER AUTO_INCREMENT , `val` INTEGER , `equal` INTEGER , `string` VARCHAR(255) , PRIMARY KEY (`id`) ) 
c270	2026-09-04 10:32:59,680 [DEBUG] BaseMappedStatement insert data with statement 'INSERT INTO `foo` (`val` ,`equal` ,`string` ) VALUES (?,?,?)' and 3 args, changed 1 rows
c270	2026-09-04 10:32:59,680 [TRACE] BaseMappedStatement insert arguments: [12312321, 0, null]
c270	2026-09-04 10:32:59,681 [DEBUG] BaseMappedStatement assigned id '1' from keyholder to 'id' in Foo object
c270	Foo = Foo:1
c270	FT	1	com.j256.ormlite.dao.ReferenceObjectCacheTest#testWeakGcClean	PASS				796
c270	FT	2	com.j256.ormlite.dao.RuntimeExceptionDaoTest#testAssignEmptyForeignCollectionThrow	PASS				73
c271	FT	1	com.j256.ormlite.dao.RuntimeExceptionDaoTest#testAssignEmptyForeignCollection	PASS				400
c271	FT	2	com.j256.ormlite.dao.RuntimeExceptionDaoTest#testAssignEmptyForeignCollectionThrow	PASS				13
c272	FT	1	com.j256.ormlite.dao.RuntimeExceptionDaoTest#testCallBatchTasksThrow	PASS				372
c272	FT	2	com.j256.ormlite.dao.RuntimeExceptionDaoTest#testAssignEmptyForeignCollectionThrow	PASS				7
c273	FT	1	com.j256.ormlite.dao.RuntimeExceptionDaoTest#testCloseLastIteratorThrow	PASS				349
c273	FT	2	com.j256.ormlite.dao.RuntimeExceptionDaoTest#testAssignEmptyForeignCollectionThrow	PASS				9
c274	FT	1	com.j256.ormlite.dao.RuntimeExceptionDaoTest#testCloseLastIteratorThrows	PASS				402
c274	FT	2	com.j256.ormlite.dao.RuntimeExceptionDaoTest#testAssignEmptyForeignCollectionThrow	PASS				11
c275	FT	1	com.j256.ormlite.dao.RuntimeExceptionDaoTest#testCloseableIterator	PASS				389
c275	FT	2	com.j256.ormlite.dao.RuntimeExceptionDaoTest#testAssignEmptyForeignCollectionThrow	PASS				12
c276	FT	1	com.j256.ormlite.dao.RuntimeExceptionDaoTest#testCloseableIteratorThrow	PASS				329
c276	FT	2	com.j256.ormlite.dao.RuntimeExceptionDaoTest#testAssignEmptyForeignCollectionThrow	PASS				16
c277	FT	1	com.j256.ormlite.dao.RuntimeExceptionDaoTest#testCommitThrows	PASS				331
c277	FT	2	com.j256.ormlite.dao.RuntimeExceptionDaoTest#testAssignEmptyForeignCollectionThrow	PASS				8
c278	FT	1	com.j256.ormlite.dao.RuntimeExceptionDaoTest#testCountOfPreparedThrow	PASS				364
c278	FT	2	com.j256.ormlite.dao.RuntimeExceptionDaoTest#testAssignEmptyForeignCollectionThrow	PASS				13
c279	FT	1	com.j256.ormlite.dao.RuntimeExceptionDaoTest#testCountOfThrow	PASS				-830
c279	FT	2	com.j256.ormlite.dao.RuntimeExceptionDaoTest#testAssignEmptyForeignCollectionThrow	PASS				11
c280	2026-09-04 10:33:03,166 [INFO] TableUtils dropping table 'foo'
c280	2026-09-04 10:33:03,571 [INFO] TableUtils ignoring drop error 'org.h2.jdbc.JdbcSQLSyntaxErrorException: Table "FOO" not found; SQL statement:
c280	DROP TABLE `foo`  [42102-200]' for statement: DROP TABLE `foo` 
c280	2026-09-04 10:33:03,572 [INFO] TableUtils creating table 'foo'
c280	2026-09-04 10:33:03,610 [INFO] TableUtils executed create table statement changed 0 rows: CREATE TABLE `foo` (`id` INTEGER AUTO_INCREMENT , `val` INTEGER , `equal` INTEGER , `string` VARCHAR(255) , PRIMARY KEY (`id`) ) 
c280	2026-09-04 10:33:03,651 [DEBUG] BaseMappedStatement insert data with statement 'INSERT INTO `foo` (`val` ,`equal` ,`string` ) VALUES (?,?,?)' and 3 args, changed 1 rows
c280	2026-09-04 10:33:03,651 [TRACE] BaseMappedStatement insert arguments: [1232131321, 0, null]
c280	2026-09-04 10:33:03,652 [DEBUG] BaseMappedStatement assigned id '1' from keyholder to 'id' in Foo object
c280	2026-09-04 10:33:03,671 [DEBUG] BaseMappedStatement query-for-id using 'SELECT * FROM `foo` WHERE `id` = ?' and 1 args, got 1 result
c280	2026-09-04 10:33:03,671 [TRACE] BaseMappedStatement query-for-id arguments: [1]
c280	2026-09-04 10:33:03,676 [DEBUG] BaseMappedStatement prepared statement 'SELECT * FROM `foo`' with 0 args
c280	2026-09-04 10:33:03,678 [DEBUG] StatementExecutor query of 'SELECT * FROM `foo`' with 0 args returned 1 results
c280	2026-09-04 10:33:03,678 [DEBUG] BaseMappedStatement prepared statement 'SELECT * FROM `foo`' with 0 args
c280	2026-09-04 10:33:03,683 [DEBUG] BaseMappedStatement prepared statement 'SELECT * FROM `foo` WHERE `id` = 1' with 0 args
c280	2026-09-04 10:33:03,684 [DEBUG] StatementExecutor query of 'SELECT * FROM `foo` WHERE `id` = 1' with 0 args returned 1 results
c280	2026-09-04 10:33:03,688 [DEBUG] BaseMappedStatement prepared statement 'SELECT * FROM `foo` WHERE (`id` = 1 AND `val` = 1232131321)' with 0 args
c280	2026-09-04 10:33:03,689 [DEBUG] StatementExecutor query of 'SELECT * FROM `foo` WHERE (`id` = 1 AND `val` = 1232131321)' with 0 args returned 1 results
c280	2026-09-04 10:33:03,691 [DEBUG] BaseMappedStatement prepared statement 'SELECT * FROM `foo` WHERE (`id` = ? AND `val` = ?)' with 2 args
c280	2026-09-04 10:33:03,691 [TRACE] BaseMappedStatement prepared statement arguments: [1, 1232131321]
c280	2026-09-04 10:33:03,692 [DEBUG] StatementExecutor query of 'SELECT * FROM `foo` WHERE (`id` = ? AND `val` = ?)' with 2 args returned 1 results
c280	2026-09-04 10:33:03,693 [DEBUG] BaseMappedStatement query-for-id using 'SELECT * FROM `foo` WHERE `id` = ?' and 1 args, got 1 result
c280	2026-09-04 10:33:03,693 [TRACE] BaseMappedStatement query-for-id arguments: [1]
c280	2026-09-04 10:33:03,694 [DEBUG] BaseMappedStatement query-for-id using 'SELECT * FROM `foo` WHERE `id` = ?' and 1 args, got 1 result
c280	2026-09-04 10:33:03,694 [TRACE] BaseMappedStatement query-for-id arguments: [1]
c280	2026-09-04 10:33:03,697 [DEBUG] BaseMappedStatement update data with statement 'UPDATE `foo` SET `val` = ?, `equal` = ?, `string` = ? WHERE `id` = ?' and 4 args, changed 1 rows
c280	2026-09-04 10:33:03,698 [TRACE] BaseMappedStatement update arguments: [342342343, 0, null, 1]
c280	2026-09-04 10:33:03,699 [DEBUG] BaseMappedStatement refresh using 'SELECT * FROM `foo` WHERE `id` = ?' and 1 args, got 1 result
c280	2026-09-04 10:33:03,699 [TRACE] BaseMappedStatement refresh arguments: [1]
c280	2026-09-04 10:33:03,701 [DEBUG] BaseMappedStatement delete data with statement 'DELETE FROM `foo` WHERE `id` = ?' and 1 args, changed 1 rows
c280	2026-09-04 10:33:03,701 [TRACE] BaseMappedStatement delete arguments: [1]
c280	2026-09-04 10:33:03,702 [DEBUG] BaseMappedStatement query-for-id using 'SELECT * FROM `foo` WHERE `id` = ?' and 1 args, got no results
c280	2026-09-04 10:33:03,702 [TRACE] BaseMappedStatement query-for-id arguments: [1]
c280	2026-09-04 10:33:03,704 [DEBUG] BaseMappedStatement prepared statement 'SELECT * FROM `foo`' with 0 args
c280	2026-09-04 10:33:03,704 [DEBUG] StatementExecutor query of 'SELECT * FROM `foo`' with 0 args returned 0 results
c280	2026-09-04 10:33:03,704 [DEBUG] BaseMappedStatement prepared statement 'SELECT * FROM `foo`' with 0 args
c280	FT	1	com.j256.ormlite.dao.RuntimeExceptionDaoTest#testCoverage	PASS				1036
c280	FT	2	com.j256.ormlite.dao.RuntimeExceptionDaoTest#testAssignEmptyForeignCollectionThrow	PASS				46
c281	2026-09-04 10:33:04,356 [INFO] TableUtils dropping table 'foo'
c281	2026-09-04 10:33:04,693 [INFO] TableUtils ignoring drop error 'org.h2.jdbc.JdbcSQLSyntaxErrorException: Table "FOO" not found; SQL statement:
c281	DROP TABLE `foo`  [42102-200]' for statement: DROP TABLE `foo` 
c281	2026-09-04 10:33:04,694 [INFO] TableUtils creating table 'foo'
c281	2026-09-04 10:33:04,731 [INFO] TableUtils executed create table statement changed 0 rows: CREATE TABLE `foo` (`id` INTEGER AUTO_INCREMENT , `val` INTEGER , `equal` INTEGER , `string` VARCHAR(255) , PRIMARY KEY (`id`) ) 
c281	2026-09-04 10:33:04,760 [DEBUG] BaseMappedStatement insert data with statement 'INSERT INTO `foo` (`val` ,`equal` ,`string` ) VALUES (?,?,?)' and 3 args, changed 1 rows
c281	2026-09-04 10:33:04,760 [TRACE] BaseMappedStatement insert arguments: [1232131321, 0, null]
c281	2026-09-04 10:33:04,761 [DEBUG] BaseMappedStatement assigned id '1' from keyholder to 'id' in Foo object
c281	2026-09-04 10:33:04,775 [DEBUG] BaseMappedStatement prepared statement 'SELECT * FROM `foo` WHERE (`id` = 1)' with 0 args
c281	2026-09-04 10:33:04,780 [DEBUG] StatementExecutor query of 'SELECT * FROM `foo` WHERE (`id` = 1)' with 0 args returned 1 results
c281	2026-09-04 10:33:04,781 [DEBUG] BaseMappedStatement prepared statement 'SELECT * FROM `foo` WHERE (`id` = ?)' with 1 args
c281	2026-09-04 10:33:04,781 [TRACE] BaseMappedStatement prepared statement arguments: [1]
c281	2026-09-04 10:33:04,782 [DEBUG] StatementExecutor query of 'SELECT * FROM `foo` WHERE (`id` = ?)' with 1 args returned 1 results
c281	2026-09-04 10:33:04,782 [DEBUG] BaseMappedStatement prepared statement 'SELECT * FROM `foo`' with 0 args
c281	2026-09-04 10:33:04,783 [DEBUG] StatementExecutor query of 'SELECT * FROM `foo`' with 0 args returned 1 results
c281	2026-09-04 10:33:04,784 [DEBUG] BaseMappedStatement prepared statement 'UPDATE `foo` SET `val` = 65809' with 0 args
c281	2026-09-04 10:33:04,787 [DEBUG] BaseMappedStatement prepared statement 'SELECT * FROM `foo`' with 0 args
c281	2026-09-04 10:33:04,788 [DEBUG] StatementExecutor query of 'SELECT * FROM `foo`' with 0 args returned 1 results
c281	2026-09-04 10:33:04,795 [DEBUG] StatementExecutor query of 'SELECT COUNT(*) FROM `foo` WHERE `id` = ?' returned 1
c281	2026-09-04 10:33:04,798 [DEBUG] BaseMappedStatement update data with statement 'UPDATE `foo` SET `val` = ?, `equal` = ?, `string` = ? WHERE `id` = ?' and 4 args, changed 1 rows
c281	2026-09-04 10:33:04,798 [TRACE] BaseMappedStatement update arguments: [1232131321, 0, null, 1]
c281	2026-09-04 10:33:04,800 [DEBUG] BaseMappedStatement updating-id with statement 'UPDATE `foo` SET `id` = ? WHERE `id` = ?' and 2 args, changed 1 rows
c281	2026-09-04 10:33:04,800 [TRACE] BaseMappedStatement updating-id arguments: [2, 1]
c281	2026-09-04 10:33:04,802 [DEBUG] BaseMappedStatement query-for-id using 'SELECT * FROM `foo` WHERE `id` = ?' and 1 args, got no results
c281	2026-09-04 10:33:04,802 [TRACE] BaseMappedStatement query-for-id arguments: [1]
c281	2026-09-04 10:33:04,803 [DEBUG] BaseMappedStatement query-for-id using 'SELECT * FROM `foo` WHERE `id` = ?' and 1 args, got 1 result
c281	2026-09-04 10:33:04,803 [TRACE] BaseMappedStatement query-for-id arguments: [2]
c281	2026-09-04 10:33:04,803 [DEBUG] BaseMappedStatement prepared statement 'SELECT * FROM `foo`' with 0 args
c281	2026-09-04 10:33:04,804 [DEBUG] BaseMappedStatement prepared statement 'SELECT * FROM `foo`' with 0 args
c281	2026-09-04 10:33:04,806 [DEBUG] BaseMappedStatement prepared statement 'SELECT * FROM `foo`' with 0 args
c281	2026-09-04 10:33:04,806 [DEBUG] BaseMappedStatement prepared statement 'SELECT * FROM `foo`' with 0 args
c281	2026-09-04 10:33:04,807 [DEBUG] BaseMappedStatement prepared statement 'SELECT * FROM `foo`' with 0 args
c281	2026-09-04 10:33:04,807 [DEBUG] BaseMappedStatement prepared statement 'SELECT * FROM `foo`' with 0 args
c281	2026-09-04 10:33:04,827 [DEBUG] StatementExecutor query of 'SELECT COUNT(*) FROM `foo`' returned 1
c281	FT	1	com.j256.ormlite.dao.RuntimeExceptionDaoTest#testCoverage2	PASS				929
c281	FT	2	com.j256.ormlite.dao.RuntimeExceptionDaoTest#testAssignEmptyForeignCollectionThrow	PASS				40
c282	2026-09-04 10:33:05,438 [INFO] TableUtils dropping table 'foo'
c282	2026-09-04 10:33:05,773 [INFO] TableUtils ignoring drop error 'org.h2.jdbc.JdbcSQLSyntaxErrorException: Table "FOO" not found; SQL statement:
c282	DROP TABLE `foo`  [42102-200]' for statement: DROP TABLE `foo` 
c282	2026-09-04 10:33:05,774 [INFO] TableUtils creating table 'foo'
c282	2026-09-04 10:33:05,804 [INFO] TableUtils executed create table statement changed 0 rows: CREATE TABLE `foo` (`id` INTEGER AUTO_INCREMENT , `val` INTEGER , `equal` INTEGER , `string` VARCHAR(255) , PRIMARY KEY (`id`) ) 
c282	2026-09-04 10:33:05,834 [DEBUG] BaseMappedStatement insert data with statement 'INSERT INTO `foo` (`val` ,`equal` ,`string` ) VALUES (?,?,?)' and 3 args, changed 1 rows
c282	2026-09-04 10:33:05,834 [TRACE] BaseMappedStatement insert arguments: [1232131321, 0, null]
c282	2026-09-04 10:33:05,834 [DEBUG] BaseMappedStatement assigned id '1' from keyholder to 'id' in Foo object
c282	2026-09-04 10:33:05,835 [DEBUG] StatementExecutor executing raw query for: select * from foo
c282	2026-09-04 10:33:05,850 [DEBUG] StatementExecutor executing raw query for: select * from foo
c282	2026-09-04 10:33:05,851 [DEBUG] StatementExecutor executing raw query for: select id,val from foo
c282	2026-09-04 10:33:05,852 [DEBUG] StatementExecutor running raw execute statement: delete from foo where id = ?
c282	2026-09-04 10:33:05,852 [TRACE] StatementExecutor execute arguments: [2]
c282	2026-09-04 10:33:05,856 [DEBUG] StatementExecutor running raw update statement: update foo set val = 100 where id = ?
c282	2026-09-04 10:33:05,857 [TRACE] StatementExecutor update arguments: [2]
c282	2026-09-04 10:33:05,860 [DEBUG] StatementExecutor disabled auto-commit on table foo before batch tasks
c282	2026-09-04 10:33:05,861 [DEBUG] StatementExecutor re-enabled auto-commit on table foo after batch tasks
c282	2026-09-04 10:33:05,863 [DEBUG] StatementExecutor query of 'SELECT COUNT(*) FROM `foo`' returned 1
c282	2026-09-04 10:33:05,868 [DEBUG] BaseMappedStatement prepared statement 'SELECT COUNT(*) FROM `foo`' with 0 args
c282	2026-09-04 10:33:05,869 [DEBUG] BaseMappedStatement prepared statement 'SELECT * FROM `foo`' with 0 args
c282	2026-09-04 10:33:05,890 [DEBUG] StatementExecutor query of 'SELECT COUNT(*) FROM `foo` WHERE `id` = ?' returned 1
c282	2026-09-04 10:33:05,891 [DEBUG] BaseMappedStatement prepared statement 'SELECT * FROM `foo`' with 0 args
c282	2026-09-04 10:33:05,893 [DEBUG] StatementExecutor query-for-first of 'SELECT * FROM `foo`' with 0 args returned at least 1 result
c282	FT	1	com.j256.ormlite.dao.RuntimeExceptionDaoTest#testCoverage3	PASS				921
c282	FT	2	com.j256.ormlite.dao.RuntimeExceptionDaoTest#testAssignEmptyForeignCollectionThrow	PASS				78
c283	FT	1	com.j256.ormlite.dao.RuntimeExceptionDaoTest#testCreateCollection	PASS				431
c283	FT	2	com.j256.ormlite.dao.RuntimeExceptionDaoTest#testAssignEmptyForeignCollectionThrow	PASS				10
c284	FT	1	com.j256.ormlite.dao.RuntimeExceptionDaoTest#testCreateCollectionThrow	PASS				741
c284	FT	2	com.j256.ormlite.dao.RuntimeExceptionDaoTest#testAssignEmptyForeignCollectionThrow	PASS				23
c285	2026-09-04 10:33:08,245 [INFO] TableUtils dropping table 'foo'
c285	2026-09-04 10:33:08,610 [INFO] TableUtils ignoring drop error 'org.h2.jdbc.JdbcSQLSyntaxErrorException: Table "FOO" not found; SQL statement:
c285	DROP TABLE `foo`  [42102-200]' for statement: DROP TABLE `foo` 
c285	2026-09-04 10:33:08,611 [INFO] TableUtils creating table 'foo'
c285	2026-09-04 10:33:08,667 [INFO] TableUtils executed create table statement changed 0 rows: CREATE TABLE `foo` (`id` INTEGER AUTO_INCREMENT , `val` INTEGER , `equal` INTEGER , `string` VARCHAR(255) , PRIMARY KEY (`id`) ) 
c285	2026-09-04 10:33:08,709 [DEBUG] StatementExecutor query of 'SELECT COUNT(*) FROM `foo`' returned 0
c285	FT	1	com.j256.ormlite.dao.RuntimeExceptionDaoTest#testCreateDao	PASS				1092
c285	FT	2	com.j256.ormlite.dao.RuntimeExceptionDaoTest#testAssignEmptyForeignCollectionThrow	PASS				62
c286	2026-09-04 10:33:09,267 [INFO] TableUtils dropping table 'foo'
c286	2026-09-04 10:33:09,621 [INFO] TableUtils ignoring drop error 'org.h2.jdbc.JdbcSQLSyntaxErrorException: Table "FOO" not found; SQL statement:
c286	DROP TABLE `foo`  [42102-200]' for statement: DROP TABLE `foo` 
c286	2026-09-04 10:33:09,622 [INFO] TableUtils creating table 'foo'
c286	2026-09-04 10:33:09,661 [INFO] TableUtils executed create table statement changed 0 rows: CREATE TABLE `foo` (`id` INTEGER AUTO_INCREMENT , `val` INTEGER , `equal` INTEGER , `string` VARCHAR(255) , PRIMARY KEY (`id`) ) 
c286	2026-09-04 10:33:09,687 [DEBUG] StatementExecutor query of 'SELECT COUNT(*) FROM `foo`' returned 0
c286	FT	1	com.j256.ormlite.dao.RuntimeExceptionDaoTest#testCreateDaoTableConfig	PASS				792
c286	FT	2	com.j256.ormlite.dao.RuntimeExceptionDaoTest#testAssignEmptyForeignCollectionThrow	PASS				27
c287	FT	1	com.j256.ormlite.dao.RuntimeExceptionDaoTest#testCreateIfNotExistsThrow	PASS				315
c287	FT	2	com.j256.ormlite.dao.RuntimeExceptionDaoTest#testAssignEmptyForeignCollectionThrow	PASS				8
c288	FT	1	com.j256.ormlite.dao.RuntimeExceptionDaoTest#testCreateObjectInstance	PASS				406
c288	FT	2	com.j256.ormlite.dao.RuntimeExceptionDaoTest#testAssignEmptyForeignCollectionThrow	PASS				13
c289	FT	1	com.j256.ormlite.dao.RuntimeExceptionDaoTest#testCreateObjectInstanceThrows	PASS				325
c289	FT	2	com.j256.ormlite.dao.RuntimeExceptionDaoTest#testAssignEmptyForeignCollectionThrow	PASS				8
c290	FT	1	com.j256.ormlite.dao.RuntimeExceptionDaoTest#testCreateOrUpdateThrow	PASS				317
c290	FT	2	com.j256.ormlite.dao.RuntimeExceptionDaoTest#testAssignEmptyForeignCollectionThrow	PASS				6
c291	FT	1	com.j256.ormlite.dao.RuntimeExceptionDaoTest#testCreateThrow	PASS				336
c291	FT	2	com.j256.ormlite.dao.RuntimeExceptionDaoTest#testAssignEmptyForeignCollectionThrow	PASS				9
c292	FT	1	com.j256.ormlite.dao.RuntimeExceptionDaoTest#testDeleteByIdThrow	PASS				299
c292	FT	2	com.j256.ormlite.dao.RuntimeExceptionDaoTest#testAssignEmptyForeignCollectionThrow	PASS				9
c293	FT	1	com.j256.ormlite.dao.RuntimeExceptionDaoTest#testDeleteCollectionThrow	PASS				330
c293	FT	2	com.j256.ormlite.dao.RuntimeExceptionDaoTest#testAssignEmptyForeignCollectionThrow	PASS				8
c294	FT	1	com.j256.ormlite.dao.RuntimeExceptionDaoTest#testDeleteIdsThrow	PASS				339
c294	FT	2	com.j256.ormlite.dao.RuntimeExceptionDaoTest#testAssignEmptyForeignCollectionThrow	PASS				9
c295	FT	1	com.j256.ormlite.dao.RuntimeExceptionDaoTest#testDeletePreparedThrow	PASS				335
c295	FT	2	com.j256.ormlite.dao.RuntimeExceptionDaoTest#testAssignEmptyForeignCollectionThrow	PASS				11
c296	FT	1	com.j256.ormlite.dao.RuntimeExceptionDaoTest#testDeleteThrow	PASS				299
c296	FT	2	com.j256.ormlite.dao.RuntimeExceptionDaoTest#testAssignEmptyForeignCollectionThrow	PASS				9
c297	2026-09-04 10:33:14,484 [INFO] TableUtils dropping table 'foo'
c297	2026-09-04 10:33:14,778 [INFO] TableUtils ignoring drop error 'org.h2.jdbc.JdbcSQLSyntaxErrorException: Table "FOO" not found; SQL statement:
c297	DROP TABLE `foo`  [42102-200]' for statement: DROP TABLE `foo` 
c297	2026-09-04 10:33:14,779 [INFO] TableUtils creating table 'foo'
c297	2026-09-04 10:33:14,817 [INFO] TableUtils executed create table statement changed 0 rows: CREATE TABLE `foo` (`id` INTEGER AUTO_INCREMENT , `val` INTEGER , `equal` INTEGER , `string` VARCHAR(255) , PRIMARY KEY (`id`) ) 
c297	2026-09-04 10:33:14,848 [DEBUG] BaseMappedStatement insert data with statement 'INSERT INTO `foo` (`val` ,`equal` ,`string` ) VALUES (?,?,?)' and 3 args, changed 1 rows
c297	2026-09-04 10:33:14,849 [TRACE] BaseMappedStatement insert arguments: [1232131321, 0, null]
c297	2026-09-04 10:33:14,849 [DEBUG] BaseMappedStatement assigned id '1' from keyholder to 'id' in Foo object
c297	2026-09-04 10:33:14,861 [DEBUG] BaseMappedStatement query-for-id using 'SELECT * FROM `foo` WHERE `id` = ?' and 1 args, got 1 result
c297	2026-09-04 10:33:14,861 [TRACE] BaseMappedStatement query-for-id arguments: [1]
c297	2026-09-04 10:33:14,864 [DEBUG] BaseMappedStatement delete data with statement 'DELETE FROM `foo` WHERE `id` = ?' and 1 args, changed 1 rows
c297	2026-09-04 10:33:14,864 [TRACE] BaseMappedStatement delete arguments: [1]
c297	2026-09-04 10:33:14,865 [DEBUG] BaseMappedStatement query-for-id using 'SELECT * FROM `foo` WHERE `id` = ?' and 1 args, got no results
c297	2026-09-04 10:33:14,865 [TRACE] BaseMappedStatement query-for-id arguments: [1]
c297	2026-09-04 10:33:14,866 [DEBUG] BaseMappedStatement insert data with statement 'INSERT INTO `foo` (`val` ,`equal` ,`string` ) VALUES (?,?,?)' and 3 args, changed 1 rows
c297	2026-09-04 10:33:14,866 [TRACE] BaseMappedStatement insert arguments: [1232131321, 0, null]
c297	2026-09-04 10:33:14,866 [DEBUG] BaseMappedStatement assigned id '2' from keyholder to 'id' in Foo object
c297	2026-09-04 10:33:14,867 [DEBUG] BaseMappedStatement query-for-id using 'SELECT * FROM `foo` WHERE `id` = ?' and 1 args, got 1 result
c297	2026-09-04 10:33:14,867 [TRACE] BaseMappedStatement query-for-id arguments: [2]
c297	2026-09-04 10:33:14,870 [DEBUG] BaseMappedStatement delete-collection with statement 'DELETE FROM `foo` WHERE `id` IN (?) ' and 1 args, changed 1 rows
c297	2026-09-04 10:33:14,870 [TRACE] BaseMappedStatement delete-collection arguments: [2]
c297	2026-09-04 10:33:14,871 [DEBUG] BaseMappedStatement query-for-id using 'SELECT * FROM `foo` WHERE `id` = ?' and 1 args, got no results
c297	2026-09-04 10:33:14,871 [TRACE] BaseMappedStatement query-for-id arguments: [2]
c297	2026-09-04 10:33:14,872 [DEBUG] BaseMappedStatement insert data with statement 'INSERT INTO `foo` (`val` ,`equal` ,`string` ) VALUES (?,?,?)' and 3 args, changed 1 rows
c297	2026-09-04 10:33:14,872 [TRACE] BaseMappedStatement insert arguments: [1232131321, 0, null]
c297	2026-09-04 10:33:14,872 [DEBUG] BaseMappedStatement assigned id '3' from keyholder to 'id' in Foo object
c297	2026-09-04 10:33:14,873 [DEBUG] BaseMappedStatement query-for-id using 'SELECT * FROM `foo` WHERE `id` = ?' and 1 args, got 1 result
c297	2026-09-04 10:33:14,873 [TRACE] BaseMappedStatement query-for-id arguments: [3]
c297	2026-09-04 10:33:14,874 [DEBUG] BaseMappedStatement delete-collection with statement 'DELETE FROM `foo` WHERE `id` IN (?) ' and 1 args, changed 1 rows
c297	2026-09-04 10:33:14,874 [TRACE] BaseMappedStatement delete-collection arguments: [3]
c297	2026-09-04 10:33:14,875 [DEBUG] BaseMappedStatement query-for-id using 'SELECT * FROM `foo` WHERE `id` = ?' and 1 args, got no results
c297	2026-09-04 10:33:14,875 [TRACE] BaseMappedStatement query-for-id arguments: [3]
c297	2026-09-04 10:33:14,876 [DEBUG] BaseMappedStatement insert data with statement 'INSERT INTO `foo` (`val` ,`equal` ,`string` ) VALUES (?,?,?)' and 3 args, changed 1 rows
c297	2026-09-04 10:33:14,876 [TRACE] BaseMappedStatement insert arguments: [1232131321, 0, null]
c297	2026-09-04 10:33:14,876 [DEBUG] BaseMappedStatement assigned id '4' from keyholder to 'id' in Foo object
c297	2026-09-04 10:33:14,877 [DEBUG] BaseMappedStatement query-for-id using 'SELECT * FROM `foo` WHERE `id` = ?' and 1 args, got 1 result
c297	2026-09-04 10:33:14,877 [TRACE] BaseMappedStatement query-for-id arguments: [4]
c297	2026-09-04 10:33:14,880 [DEBUG] BaseMappedStatement prepared statement 'DELETE FROM `foo`' with 0 args
c297	2026-09-04 10:33:14,881 [DEBUG] BaseMappedStatement query-for-id using 'SELECT * FROM `foo` WHERE `id` = ?' and 1 args, got no results
c297	2026-09-04 10:33:14,881 [TRACE] BaseMappedStatement query-for-id arguments: [4]
c297	FT	1	com.j256.ormlite.dao.RuntimeExceptionDaoTest#testDeletes	PASS				732
c297	FT	2	com.j256.ormlite.dao.RuntimeExceptionDaoTest#testAssignEmptyForeignCollectionThrow	PASS				29
c298	FT	1	com.j256.ormlite.dao.RuntimeExceptionDaoTest#testEndThreadConnectionThrows	PASS				369
c298	FT	2	com.j256.ormlite.dao.RuntimeExceptionDaoTest#testAssignEmptyForeignCollectionThrow	PASS				9
c299	FT	1	com.j256.ormlite.dao.RuntimeExceptionDaoTest#testExecuteRaw	PASS				353
c299	FT	2	com.j256.ormlite.dao.RuntimeExceptionDaoTest#testAssignEmptyForeignCollectionThrow	PASS				9
c300	FT	1	com.j256.ormlite.dao.RuntimeExceptionDaoTest#testExecuteRawNoArgs	PASS				327
c300	FT	2	com.j256.ormlite.dao.RuntimeExceptionDaoTest#testAssignEmptyForeignCollectionThrow	PASS				8
c301	FT	1	com.j256.ormlite.dao.RuntimeExceptionDaoTest#testExecuteRawNoArgsThrow	PASS				304
c301	FT	2	com.j256.ormlite.dao.RuntimeExceptionDaoTest#testAssignEmptyForeignCollectionThrow	PASS				8
c302	FT	1	com.j256.ormlite.dao.RuntimeExceptionDaoTest#testExecuteRawThrow	PASS				305
c302	FT	2	com.j256.ormlite.dao.RuntimeExceptionDaoTest#testAssignEmptyForeignCollectionThrow	PASS				8
c303	FT	1	com.j256.ormlite.dao.RuntimeExceptionDaoTest#testExtractIdThrow	PASS				317
c303	FT	2	com.j256.ormlite.dao.RuntimeExceptionDaoTest#testAssignEmptyForeignCollectionThrow	PASS				11
c304	FT	1	com.j256.ormlite.dao.RuntimeExceptionDaoTest#testGetConnectionSource	PASS				299
c304	FT	2	com.j256.ormlite.dao.RuntimeExceptionDaoTest#testAssignEmptyForeignCollectionThrow	PASS				11
c305	FT	1	com.j256.ormlite.dao.RuntimeExceptionDaoTest#testGetEmptyForeignCollectionThrow	PASS				305
c305	FT	2	com.j256.ormlite.dao.RuntimeExceptionDaoTest#testAssignEmptyForeignCollectionThrow	PASS				10
c306	FT	1	com.j256.ormlite.dao.RuntimeExceptionDaoTest#testGetSelectStarRowMapperThrow	PASS				330
c306	FT	2	com.j256.ormlite.dao.RuntimeExceptionDaoTest#testAssignEmptyForeignCollectionThrow	PASS				10
c307	FT	1	com.j256.ormlite.dao.RuntimeExceptionDaoTest#testGetTableInfo	PASS				430
c307	FT	2	com.j256.ormlite.dao.RuntimeExceptionDaoTest#testAssignEmptyForeignCollectionThrow	PASS				11
c308	FT	1	com.j256.ormlite.dao.RuntimeExceptionDaoTest#testGetTableName	PASS				362
c308	FT	2	com.j256.ormlite.dao.RuntimeExceptionDaoTest#testAssignEmptyForeignCollectionThrow	PASS				8
c309	FT	1	com.j256.ormlite.dao.RuntimeExceptionDaoTest#testIdExistsThrows	PASS				471
c309	FT	2	com.j256.ormlite.dao.RuntimeExceptionDaoTest#testAssignEmptyForeignCollectionThrow	PASS				12
c310	FT	1	com.j256.ormlite.dao.RuntimeExceptionDaoTest#testIfAllMethodsAreThere	PASS				343
c310	FT	2	com.j256.ormlite.dao.RuntimeExceptionDaoTest#testAssignEmptyForeignCollectionThrow	PASS				134
c311	FT	1	com.j256.ormlite.dao.RuntimeExceptionDaoTest#testIsAutoCommitThrows	PASS				476
c311	FT	2	com.j256.ormlite.dao.RuntimeExceptionDaoTest#testAssignEmptyForeignCollectionThrow	PASS				11
c312	FT	1	com.j256.ormlite.dao.RuntimeExceptionDaoTest#testIsTableExistsThrow	PASS				365
c312	FT	2	com.j256.ormlite.dao.RuntimeExceptionDaoTest#testAssignEmptyForeignCollectionThrow	PASS				10
c313	FT	1	com.j256.ormlite.dao.RuntimeExceptionDaoTest#testIteratorQueryFlags	PASS				420
c313	FT	2	com.j256.ormlite.dao.RuntimeExceptionDaoTest#testAssignEmptyForeignCollectionThrow	PASS				10
c314	FT	1	com.j256.ormlite.dao.RuntimeExceptionDaoTest#testIteratorThrow	PASS				412
c314	FT	2	com.j256.ormlite.dao.RuntimeExceptionDaoTest#testAssignEmptyForeignCollectionThrow	PASS				10
c315	FT	1	com.j256.ormlite.dao.RuntimeExceptionDaoTest#testMapSelectStarRowThrow	PASS				392
c315	FT	2	com.j256.ormlite.dao.RuntimeExceptionDaoTest#testAssignEmptyForeignCollectionThrow	PASS				9
c316	FT	1	com.j256.ormlite.dao.RuntimeExceptionDaoTest#testNotifyChanges	PASS				420
c316	FT	2	com.j256.ormlite.dao.RuntimeExceptionDaoTest#testAssignEmptyForeignCollectionThrow	PASS				12
c317	FT	1	com.j256.ormlite.dao.RuntimeExceptionDaoTest#testObjectsEqualThrow	PASS				400
c317	FT	2	com.j256.ormlite.dao.RuntimeExceptionDaoTest#testAssignEmptyForeignCollectionThrow	PASS				11
c318	FT	1	com.j256.ormlite.dao.RuntimeExceptionDaoTest#testQueryForAllThrow	PASS				367
c318	FT	2	com.j256.ormlite.dao.RuntimeExceptionDaoTest#testAssignEmptyForeignCollectionThrow	PASS				11
c319	FT	1	com.j256.ormlite.dao.RuntimeExceptionDaoTest#testQueryForEqThrow	PASS				402
c319	FT	2	com.j256.ormlite.dao.RuntimeExceptionDaoTest#testAssignEmptyForeignCollectionThrow	PASS				12
c320	FT	1	com.j256.ormlite.dao.RuntimeExceptionDaoTest#testQueryForFieldsValuesArgsThrow	PASS				419
c320	FT	2	com.j256.ormlite.dao.RuntimeExceptionDaoTest#testAssignEmptyForeignCollectionThrow	PASS				9
c321	FT	1	com.j256.ormlite.dao.RuntimeExceptionDaoTest#testQueryForFieldsValuesThrow	PASS				332
c321	FT	2	com.j256.ormlite.dao.RuntimeExceptionDaoTest#testAssignEmptyForeignCollectionThrow	PASS				8
c322	FT	1	com.j256.ormlite.dao.RuntimeExceptionDaoTest#testQueryForFirstPreparedThrow	PASS				357
c322	FT	2	com.j256.ormlite.dao.RuntimeExceptionDaoTest#testAssignEmptyForeignCollectionThrow	PASS				7
c323	FT	1	com.j256.ormlite.dao.RuntimeExceptionDaoTest#testQueryForIdThrow	PASS				330
c323	FT	2	com.j256.ormlite.dao.RuntimeExceptionDaoTest#testAssignEmptyForeignCollectionThrow	PASS				11
c324	FT	1	com.j256.ormlite.dao.RuntimeExceptionDaoTest#testQueryForMatchingArgsThrow	PASS				356
c324	FT	2	com.j256.ormlite.dao.RuntimeExceptionDaoTest#testAssignEmptyForeignCollectionThrow	PASS				12
c325	FT	1	com.j256.ormlite.dao.RuntimeExceptionDaoTest#testQueryForMatchingThrow	PASS				371
c325	FT	2	com.j256.ormlite.dao.RuntimeExceptionDaoTest#testAssignEmptyForeignCollectionThrow	PASS				10
c326	FT	1	com.j256.ormlite.dao.RuntimeExceptionDaoTest#testQueryForSameIdThrow	PASS				368
c326	FT	2	com.j256.ormlite.dao.RuntimeExceptionDaoTest#testAssignEmptyForeignCollectionThrow	PASS				8
c327	FT	1	com.j256.ormlite.dao.RuntimeExceptionDaoTest#testQueryRawDataTypes	PASS				341
c327	FT	2	com.j256.ormlite.dao.RuntimeExceptionDaoTest#testAssignEmptyForeignCollectionThrow	PASS				12
c328	FT	1	com.j256.ormlite.dao.RuntimeExceptionDaoTest#testQueryRawDatatypesThrows	PASS				313
c328	FT	2	com.j256.ormlite.dao.RuntimeExceptionDaoTest#testAssignEmptyForeignCollectionThrow	PASS				10
c329	FT	1	com.j256.ormlite.dao.RuntimeExceptionDaoTest#testQueryRawDateTypesThrow	PASS				327
c329	FT	2	com.j256.ormlite.dao.RuntimeExceptionDaoTest#testAssignEmptyForeignCollectionThrow	PASS				8
c330	FT	1	com.j256.ormlite.dao.RuntimeExceptionDaoTest#testQueryRawMapper	PASS				298
c330	FT	2	com.j256.ormlite.dao.RuntimeExceptionDaoTest#testAssignEmptyForeignCollectionThrow	PASS				8
c331	FT	1	com.j256.ormlite.dao.RuntimeExceptionDaoTest#testQueryRawMapperThrows	PASS				-865
c331	FT	2	com.j256.ormlite.dao.RuntimeExceptionDaoTest#testAssignEmptyForeignCollectionThrow	PASS				8
c332	FT	1	com.j256.ormlite.dao.RuntimeExceptionDaoTest#testQueryRawRowMapperThrow	PASS				287
c332	FT	2	com.j256.ormlite.dao.RuntimeExceptionDaoTest#testAssignEmptyForeignCollectionThrow	PASS				10
c333	FT	1	com.j256.ormlite.dao.RuntimeExceptionDaoTest#testQueryRawThrow	PASS				322
c333	FT	2	com.j256.ormlite.dao.RuntimeExceptionDaoTest#testAssignEmptyForeignCollectionThrow	PASS				7
c334	FT	1	com.j256.ormlite.dao.RuntimeExceptionDaoTest#testQueryRawValue	PASS				310
c334	FT	2	com.j256.ormlite.dao.RuntimeExceptionDaoTest#testAssignEmptyForeignCollectionThrow	PASS				8
c335	FT	1	com.j256.ormlite.dao.RuntimeExceptionDaoTest#testQueryRawValueThrow	PASS				401
c335	FT	2	com.j256.ormlite.dao.RuntimeExceptionDaoTest#testAssignEmptyForeignCollectionThrow	PASS				10
c336	FT	1	com.j256.ormlite.dao.RuntimeExceptionDaoTest#testQueryThrow	PASS				377
c336	FT	2	com.j256.ormlite.dao.RuntimeExceptionDaoTest#testAssignEmptyForeignCollectionThrow	PASS				15
c337	FT	1	com.j256.ormlite.dao.RuntimeExceptionDaoTest#testRefreshThrow	PASS				442
c337	FT	2	com.j256.ormlite.dao.RuntimeExceptionDaoTest#testAssignEmptyForeignCollectionThrow	PASS				12
c338	FT	1	com.j256.ormlite.dao.RuntimeExceptionDaoTest#testRegisterObserver	PASS				939
c338	FT	2	com.j256.ormlite.dao.RuntimeExceptionDaoTest#testAssignEmptyForeignCollectionThrow	PASS				36
c339	FT	1	com.j256.ormlite.dao.RuntimeExceptionDaoTest#testRollbackThrows	PASS				627
c339	FT	2	com.j256.ormlite.dao.RuntimeExceptionDaoTest#testAssignEmptyForeignCollectionThrow	PASS				12
c340	FT	1	com.j256.ormlite.dao.RuntimeExceptionDaoTest#testSetAutoCommitThrows	PASS				457
c340	FT	2	com.j256.ormlite.dao.RuntimeExceptionDaoTest#testAssignEmptyForeignCollectionThrow	PASS				11
c341	FT	1	com.j256.ormlite.dao.RuntimeExceptionDaoTest#testSetObjectCache	PASS				354
c341	FT	2	com.j256.ormlite.dao.RuntimeExceptionDaoTest#testAssignEmptyForeignCollectionThrow	PASS				11
c342	FT	1	com.j256.ormlite.dao.RuntimeExceptionDaoTest#testSetObjectCacheCache	PASS				339
c342	FT	2	com.j256.ormlite.dao.RuntimeExceptionDaoTest#testAssignEmptyForeignCollectionThrow	PASS				12
c343	FT	1	com.j256.ormlite.dao.RuntimeExceptionDaoTest#testSetObjectCacheCacheThrow	PASS				407
c343	FT	2	com.j256.ormlite.dao.RuntimeExceptionDaoTest#testAssignEmptyForeignCollectionThrow	PASS				9
c344	FT	1	com.j256.ormlite.dao.RuntimeExceptionDaoTest#testSetObjectCacheThrow	PASS				419
c344	FT	2	com.j256.ormlite.dao.RuntimeExceptionDaoTest#testAssignEmptyForeignCollectionThrow	PASS				12
c345	FT	1	com.j256.ormlite.dao.RuntimeExceptionDaoTest#testStartThreadConnectionThrows	PASS				426
c345	FT	2	com.j256.ormlite.dao.RuntimeExceptionDaoTest#testAssignEmptyForeignCollectionThrow	PASS				9
c346	FT	1	com.j256.ormlite.dao.RuntimeExceptionDaoTest#testUnregisterObserver	PASS				389
c346	FT	2	com.j256.ormlite.dao.RuntimeExceptionDaoTest#testAssignEmptyForeignCollectionThrow	PASS				14
c347	FT	1	com.j256.ormlite.dao.RuntimeExceptionDaoTest#testUpdateIdThrow	PASS				346
c347	FT	2	com.j256.ormlite.dao.RuntimeExceptionDaoTest#testAssignEmptyForeignCollectionThrow	PASS				12
c348	FT	1	com.j256.ormlite.dao.RuntimeExceptionDaoTest#testUpdatePreparedThrow	PASS				307
c348	FT	2	com.j256.ormlite.dao.RuntimeExceptionDaoTest#testAssignEmptyForeignCollectionThrow	PASS				12
c349	FT	1	com.j256.ormlite.dao.RuntimeExceptionDaoTest#testUpdateRawThrow	PASS				352
c349	FT	2	com.j256.ormlite.dao.RuntimeExceptionDaoTest#testAssignEmptyForeignCollectionThrow	PASS				8
c350	FT	1	com.j256.ormlite.dao.RuntimeExceptionDaoTest#testUpdateThrow	PASS				401
c350	FT	2	com.j256.ormlite.dao.RuntimeExceptionDaoTest#testAssignEmptyForeignCollectionThrow	PASS				7
c351	2026-09-04 10:33:41,679 [INFO] TableUtils dropping table 'versionfield'
c351	2026-09-04 10:33:41,991 [INFO] TableUtils ignoring drop error 'org.h2.jdbc.JdbcSQLSyntaxErrorException: Table "VERSIONFIELD" not found; SQL statement:
c351	DROP TABLE `versionfield`  [42102-200]' for statement: DROP TABLE `versionfield` 
c351	2026-09-04 10:33:41,992 [INFO] TableUtils creating table 'versionfield'
c351	2026-09-04 10:33:42,034 [INFO] TableUtils executed create table statement changed 0 rows: CREATE TABLE `versionfield` (`id` INTEGER AUTO_INCREMENT , `stuff1` VARCHAR(255) , `version` INTEGER , `stuff2` VARCHAR(255) , PRIMARY KEY (`id`) ) 
c351	2026-09-04 10:33:42,068 [DEBUG] BaseMappedStatement insert data with statement 'INSERT INTO `versionfield` (`stuff1` ,`version` ,`stuff2` ) VALUES (?,?,?)' and 3 args, changed 1 rows
c351	2026-09-04 10:33:42,068 [TRACE] BaseMappedStatement insert arguments: [null, 0, null]
c351	2026-09-04 10:33:42,069 [DEBUG] BaseMappedStatement assigned id '1' from keyholder to 'id' in VersionField object
c351	2026-09-04 10:33:42,076 [DEBUG] BaseMappedStatement update data with statement 'UPDATE `versionfield` SET `stuff1` = ?, `version` = ?, `stuff2` = ? WHERE `id` = ? AND `version` = ?' and 5 args, changed 1 rows
c351	2026-09-04 10:33:42,076 [TRACE] BaseMappedStatement update arguments: [null, 1, null, 1, 0]
c351	2026-09-04 10:33:42,077 [DEBUG] BaseMappedStatement update data with statement 'UPDATE `versionfield` SET `stuff1` = ?, `version` = ?, `stuff2` = ? WHERE `id` = ? AND `version` = ?' and 5 args, changed 1 rows
c351	2026-09-04 10:33:42,077 [TRACE] BaseMappedStatement update arguments: [null, 2, null, 1, 1]
c351	2026-09-04 10:33:42,092 [DEBUG] BaseMappedStatement query-for-id using 'SELECT * FROM `versionfield` WHERE `id` = ?' and 1 args, got 1 result
c351	2026-09-04 10:33:42,092 [TRACE] BaseMappedStatement query-for-id arguments: [1]
c351	2026-09-04 10:33:42,093 [DEBUG] BaseMappedStatement update data with statement 'UPDATE `versionfield` SET `stuff1` = ?, `version` = ?, `stuff2` = ? WHERE `id` = ? AND `version` = ?' and 5 args, changed 1 rows
c351	2026-09-04 10:33:42,093 [TRACE] BaseMappedStatement update arguments: [null, 3, null, 1, 2]
c351	2026-09-04 10:33:42,094 [DEBUG] BaseMappedStatement update data with statement 'UPDATE `versionfield` SET `stuff1` = ?, `version` = ?, `stuff2` = ? WHERE `id` = ? AND `version` = ?' and 5 args, changed 0 rows
c351	2026-09-04 10:33:42,094 [TRACE] BaseMappedStatement update arguments: [null, 3, null, 1, 2]
c351	FT	1	com.j256.ormlite.dao.VersionFieldTest#testVersionField	PASS				781
c351	FT	2	com.j256.ormlite.dao.RuntimeExceptionDaoTest#testAssignEmptyForeignCollectionThrow	PASS				67
c352	2026-09-04 10:33:42,642 [INFO] TableUtils dropping table 'versionfielddate'
c352	2026-09-04 10:33:42,978 [INFO] TableUtils ignoring drop error 'org.h2.jdbc.JdbcSQLSyntaxErrorException: Table "VERSIONFIELDDATE" not found; SQL statement:
c352	DROP TABLE `versionfielddate`  [42102-200]' for statement: DROP TABLE `versionfielddate` 
c352	2026-09-04 10:33:42,980 [INFO] TableUtils creating table 'versionfielddate'
c352	2026-09-04 10:33:43,019 [INFO] TableUtils executed create table statement changed 0 rows: CREATE TABLE `versionfielddate` (`id` INTEGER AUTO_INCREMENT , `stuff1` VARCHAR(255) , `version` TIMESTAMP , `stuff2` VARCHAR(255) , PRIMARY KEY (`id`) ) 
c352	2026-09-04 10:33:43,062 [DEBUG] BaseMappedStatement insert data with statement 'INSERT INTO `versionfielddate` (`stuff1` ,`version` ,`stuff2` ) VALUES (?,?,?)' and 3 args, changed 1 rows
c352	2026-09-04 10:33:43,063 [TRACE] BaseMappedStatement insert arguments: [null, 2026-09-04 10:33:43.021, null]
c352	2026-09-04 10:33:43,063 [DEBUG] BaseMappedStatement assigned id '1' from keyholder to 'id' in VersionFieldDate object
c352	2026-09-04 10:33:43,070 [DEBUG] BaseMappedStatement update data with statement 'UPDATE `versionfielddate` SET `stuff1` = ?, `version` = ?, `stuff2` = ? WHERE `id` = ? AND `version` = ?' and 5 args, changed 1 rows
c352	2026-09-04 10:33:43,070 [TRACE] BaseMappedStatement update arguments: [null, 2026-09-04 10:33:43.064, null, 1, 2026-09-04 10:33:43.021]
c352	FT	1	com.j256.ormlite.dao.VersionFieldTest#testVersionFieldDate	PASS				789
c352	FT	2	com.j256.ormlite.dao.RuntimeExceptionDaoTest#testAssignEmptyForeignCollectionThrow	PASS				61
c353	2026-09-04 10:33:43,653 [INFO] TableUtils dropping table 'versionfielddatelong'
c353	2026-09-04 10:33:44,000 [INFO] TableUtils ignoring drop error 'org.h2.jdbc.JdbcSQLSyntaxErrorException: Table "VERSIONFIELDDATELONG" not found; SQL statement:
c353	DROP TABLE `versionfielddatelong`  [42102-200]' for statement: DROP TABLE `versionfielddatelong` 
c353	2026-09-04 10:33:44,000 [INFO] TableUtils creating table 'versionfielddatelong'
c353	2026-09-04 10:33:44,035 [INFO] TableUtils executed create table statement changed 0 rows: CREATE TABLE `versionfielddatelong` (`id` INTEGER AUTO_INCREMENT , `stuff1` VARCHAR(255) , `version` BIGINT , `stuff2` VARCHAR(255) , PRIMARY KEY (`id`) ) 
c353	2026-09-04 10:33:44,074 [DEBUG] BaseMappedStatement insert data with statement 'INSERT INTO `versionfielddatelong` (`stuff1` ,`version` ,`stuff2` ) VALUES (?,?,?)' and 3 args, changed 1 rows
c353	2026-09-04 10:33:44,074 [TRACE] BaseMappedStatement insert arguments: [null, 1788518024039, null]
c353	2026-09-04 10:33:44,075 [DEBUG] BaseMappedStatement assigned id '1' from keyholder to 'id' in VersionFieldDateLong object
c353	2026-09-04 10:33:44,084 [DEBUG] BaseMappedStatement update data with statement 'UPDATE `versionfielddatelong` SET `stuff1` = ?, `version` = ?, `stuff2` = ? WHERE `id` = ? AND `version` = ?' and 5 args, changed 1 rows
c353	2026-09-04 10:33:44,084 [TRACE] BaseMappedStatement update arguments: [null, 1788518024075, null, 1, 1788518024039]
c353	FT	1	com.j256.ormlite.dao.VersionFieldTest#testVersionFieldDateLong	PASS				833
c353	FT	2	com.j256.ormlite.dao.RuntimeExceptionDaoTest#testAssignEmptyForeignCollectionThrow	PASS				63
c354	2026-09-04 10:33:45,469 [INFO] TableUtils dropping table 'versionfielddatestring'
c354	2026-09-04 10:33:45,849 [INFO] TableUtils ignoring drop error 'org.h2.jdbc.JdbcSQLSyntaxErrorException: Table "VERSIONFIELDDATESTRING" not found; SQL statement:
c354	DROP TABLE `versionfielddatestring`  [42102-200]' for statement: DROP TABLE `versionfielddatestring` 
c354	2026-09-04 10:33:45,850 [INFO] TableUtils creating table 'versionfielddatestring'
c354	2026-09-04 10:33:45,888 [INFO] TableUtils executed create table statement changed 0 rows: CREATE TABLE `versionfielddatestring` (`id` INTEGER AUTO_INCREMENT , `stuff1` VARCHAR(255) , `version` VARCHAR(50) , `stuff2` VARCHAR(255) , PRIMARY KEY (`id`) ) 
c354	2026-09-04 10:33:45,929 [DEBUG] BaseMappedStatement insert data with statement 'INSERT INTO `versionfielddatestring` (`stuff1` ,`version` ,`stuff2` ) VALUES (?,?,?)' and 3 args, changed 1 rows
c354	2026-09-04 10:33:45,929 [TRACE] BaseMappedStatement insert arguments: [null, 2026-09-04 10:33:45.000891, null]
c354	2026-09-04 10:33:45,930 [DEBUG] BaseMappedStatement assigned id '1' from keyholder to 'id' in VersionFieldDateString object
c354	2026-09-04 10:33:45,944 [DEBUG] BaseMappedStatement update data with statement 'UPDATE `versionfielddatestring` SET `stuff1` = ?, `version` = ?, `stuff2` = ? WHERE `id` = ? AND `version` = ?' and 5 args, changed 1 rows
c354	2026-09-04 10:33:45,944 [TRACE] BaseMappedStatement update arguments: [null, 2026-09-04 10:33:45.000932, null, 1, 2026-09-04 10:33:45.000891]
c354	FT	1	com.j256.ormlite.dao.VersionFieldTest#testVersionFieldDateString	PASS				886
c354	FT	2	com.j256.ormlite.dao.RuntimeExceptionDaoTest#testAssignEmptyForeignCollectionThrow	PASS				86
c355	2026-09-04 10:33:46,780 [INFO] TableUtils dropping table 'versionfield'
c355	2026-09-04 10:33:47,246 [INFO] TableUtils ignoring drop error 'org.h2.jdbc.JdbcSQLSyntaxErrorException: Table "VERSIONFIELD" not found; SQL statement:
c355	DROP TABLE `versionfield`  [42102-200]' for statement: DROP TABLE `versionfield` 
c355	2026-09-04 10:33:47,246 [INFO] TableUtils creating table 'versionfield'
c355	2026-09-04 10:33:47,292 [INFO] TableUtils executed create table statement changed 0 rows: CREATE TABLE `versionfield` (`id` INTEGER AUTO_INCREMENT , `stuff1` VARCHAR(255) , `version` INTEGER , `stuff2` VARCHAR(255) , PRIMARY KEY (`id`) ) 
c355	2026-09-04 10:33:47,319 [DEBUG] BaseMappedStatement insert data with statement 'INSERT INTO `versionfield` (`stuff1` ,`version` ,`stuff2` ) VALUES (?,?,?)' and 3 args, changed 1 rows
c355	2026-09-04 10:33:47,319 [TRACE] BaseMappedStatement insert arguments: [null, 10, null]
c355	2026-09-04 10:33:47,319 [DEBUG] BaseMappedStatement assigned id '1' from keyholder to 'id' in VersionField object
c355	2026-09-04 10:33:47,332 [DEBUG] BaseMappedStatement query-for-id using 'SELECT * FROM `versionfield` WHERE `id` = ?' and 1 args, got 1 result
c355	2026-09-04 10:33:47,333 [TRACE] BaseMappedStatement query-for-id arguments: [1]
c355	2026-09-04 10:33:47,340 [DEBUG] BaseMappedStatement update data with statement 'UPDATE `versionfield` SET `stuff1` = ?, `version` = ?, `stuff2` = ? WHERE `id` = ? AND `version` = ?' and 5 args, changed 1 rows
c355	2026-09-04 10:33:47,340 [TRACE] BaseMappedStatement update arguments: [null, 11, null, 1, 10]
c355	2026-09-04 10:33:47,341 [DEBUG] BaseMappedStatement update data with statement 'UPDATE `versionfield` SET `stuff1` = ?, `version` = ?, `stuff2` = ? WHERE `id` = ? AND `version` = ?' and 5 args, changed 1 rows
c355	2026-09-04 10:33:47,342 [TRACE] BaseMappedStatement update arguments: [null, 12, null, 1, 11]
c355	FT	1	com.j256.ormlite.dao.VersionFieldTest#testVersionFieldNonDefault	PASS				1162
c355	FT	2	com.j256.ormlite.dao.RuntimeExceptionDaoTest#testAssignEmptyForeignCollectionThrow	PASS				64
