c0	{"areas":[{"children":[{"children":[{"image":"http://xxx","isTest":false,"@type":"floorV2","bizId":"banner-myae-1-746877468","style":{"background-color":"#000000","card":"true"},"templateId":"base","fields":[{"index":0,"action":{"action":"aecmd://nativie/invokeApi?name=key1&likeId=111&likeByMe=true","type":"click"},"type":"text","track":{"name":"track name","params":{"trackParam1":"trackParam1"}},"value":"xxxx","extInfo":{"likeByMe":"true","isFollowed":"true"}}]},{"image":"http://xxx","isTest":false,"@type":"floorV2","bizId":"banner-myae-1-746877468","style":{"background-color":"#ffc1c1","card":"true"},"templateId":"base","fields":[{"index":0,"action":{"action":"aecmd://xxxx","type":"click"},"type":"text","track":{"name":"track name","params":{"trackParam1":"trackParam1"}},"value":"xxxx"}],"extInfo":{"likeByMe":"true"}}],"@type":"section","style":{"background-color":"#ffffff","column-gap":"10","margins":"16 0 16 16","aspect-ratio":"2","column-count":"2","card":"true"},"templateId":"grid"},{"image":"http://xxx","isTest":false,"@type":"floorV2","bizId":"banner-myae-1-746877468","style":{"background-color":"#000000","card":"true"},"templateId":"base","fields":[{"index":0,"action":{"action":"aecmd://nativie/invokeApi?name=key1&likeId=111&likeByMe=true","type":"click"},"type":"text","track":{"name":"track name","params":{"trackParam1":"trackParam1"}},"value":"xxxx","extInfo":{"likeByMe":"true","isFollowed":"true"}}]},{"image":"http://xxx","isTest":false,"@type":"floorV2","bizId":"banner-myae-1-746877468","style":{"background-color":"#ffc1c1","card":"true"},"templateId":"base","fields":[{"index":0,"action":{"action":"aecmd://xxxx","type":"click"},"type":"text","track":{"name":"track name","params":{"trackParam1":"trackParam1"}},"value":"xxxx"}],"extInfo":{"likeByMe":"true"}}],"@type":"section","style":{"background-color":"#ffffff","column-gap":"10","margins":"16 0 16 16","aspect-ratio":"2","column-count":"2","card":"true"},"templateId":"grid"}],"currency":"RUB","version":3}
c0	FT	1	com.alibaba.json.bvt.parser.AEHuangliang2Test#test_for_issue	PASS				389
c0	FT	2	com.alibaba.json.bvt.parser.DefaultExtJSONParser_parseArray#test_8	FAIL	java.lang.AssertionError	expected:<Sun Jan 09 05:49:53 UTC 2011> but was:<Sun Jan 09 13:49:53 UTC 2011>	org.junit.Assert.fail|org.junit.Assert.failNotEquals|org.junit.Assert.assertEquals|org.junit.Assert.assertEquals|com.alibaba.json.bvt.parser.DefaultExtJSONParser_parseArray.test_8|sun.reflect.NativeMethodAccessorImpl.invoke0|sun.reflect.NativeMethodAccessorImpl.invoke|sun.reflect.DelegatingMethodAccessorImpl.invoke|java.lang.reflect.Method.invoke|junit.framework.TestCase.runTest|junit.framework.TestCase.runBare|junit.framework.TestResult$1.protect	19
c1	FT	1	com.alibaba.json.bvt.parser.AETest#test_for_ae	PASS				341
c1	FT	2	com.alibaba.json.bvt.parser.DefaultExtJSONParser_parseArray#test_8	FAIL	java.lang.AssertionError	expected:<Sun Jan 09 05:49:53 UTC 2011> but was:<Sun Jan 09 13:49:53 UTC 2011>	org.junit.Assert.fail|org.junit.Assert.failNotEquals|org.junit.Assert.assertEquals|org.junit.Assert.assertEquals|com.alibaba.json.bvt.parser.DefaultExtJSONParser_parseArray.test_8|sun.reflect.NativeMethodAccessorImpl.invoke0|sun.reflect.NativeMethodAccessorImpl.invoke|sun.reflect.DelegatingMethodAccessorImpl.invoke|java.lang.reflect.Method.invoke|junit.framework.TestCase.runTest|junit.framework.TestCase.runBare|junit.framework.TestResult$1.protect	18
c2	FT	1	com.alibaba.json.bvt.parser.Alipay1213#test_for_issue	PASS				276
c2	FT	2	com.alibaba.json.bvt.parser.DefaultExtJSONParser_parseArray#test_8	FAIL	java.lang.AssertionError	expected:<Sun Jan 09 05:49:53 UTC 2011> but was:<Sun Jan 09 13:49:53 UTC 2011>	org.junit.Assert.fail|org.junit.Assert.failNotEquals|org.junit.Assert.assertEquals|org.junit.Assert.assertEquals|com.alibaba.json.bvt.parser.DefaultExtJSONParser_parseArray.test_8|sun.reflect.NativeMethodAccessorImpl.invoke0|sun.reflect.NativeMethodAccessorImpl.invoke|sun.reflect.DelegatingMethodAccessorImpl.invoke|java.lang.reflect.Method.invoke|junit.framework.TestCase.runTest|junit.framework.TestCase.runBare|junit.framework.TestResult$1.protect	23
c3	FT	1	com.alibaba.json.bvt.parser.AmbiguousTest#test_for_issue	PASS				307
c3	FT	2	com.alibaba.json.bvt.parser.DefaultExtJSONParser_parseArray#test_8	FAIL	java.lang.AssertionError	expected:<Sun Jan 09 05:49:53 UTC 2011> but was:<Sun Jan 09 13:49:53 UTC 2011>	org.junit.Assert.fail|org.junit.Assert.failNotEquals|org.junit.Assert.assertEquals|org.junit.Assert.assertEquals|com.alibaba.json.bvt.parser.DefaultExtJSONParser_parseArray.test_8|sun.reflect.NativeMethodAccessorImpl.invoke0|sun.reflect.NativeMethodAccessorImpl.invoke|sun.reflect.DelegatingMethodAccessorImpl.invoke|java.lang.reflect.Method.invoke|junit.framework.TestCase.runTest|junit.framework.TestCase.runBare|junit.framework.TestResult$1.protect	16
c4	FT	1	com.alibaba.json.bvt.parser.AsmParserTest0#test_asm	PASS				306
c4	FT	2	com.alibaba.json.bvt.parser.DefaultExtJSONParser_parseArray#test_8	FAIL	java.lang.AssertionError	expected:<Sun Jan 09 05:49:53 UTC 2011> but was:<Sun Jan 09 13:49:53 UTC 2011>	org.junit.Assert.fail|org.junit.Assert.failNotEquals|org.junit.Assert.assertEquals|org.junit.Assert.assertEquals|com.alibaba.json.bvt.parser.DefaultExtJSONParser_parseArray.test_8|sun.reflect.NativeMethodAccessorImpl.invoke0|sun.reflect.NativeMethodAccessorImpl.invoke|sun.reflect.DelegatingMethodAccessorImpl.invoke|java.lang.reflect.Method.invoke|junit.framework.TestCase.runTest|junit.framework.TestCase.runBare|junit.framework.TestResult$1.protect	17
c5	FT	1	com.alibaba.json.bvt.parser.AsmParserTest1#test_asm	PASS				291
c5	FT	2	com.alibaba.json.bvt.parser.DefaultExtJSONParser_parseArray#test_8	FAIL	java.lang.AssertionError	expected:<Sun Jan 09 05:49:53 UTC 2011> but was:<Sun Jan 09 13:49:53 UTC 2011>	org.junit.Assert.fail|org.junit.Assert.failNotEquals|org.junit.Assert.assertEquals|org.junit.Assert.assertEquals|com.alibaba.json.bvt.parser.DefaultExtJSONParser_parseArray.test_8|sun.reflect.NativeMethodAccessorImpl.invoke0|sun.reflect.NativeMethodAccessorImpl.invoke|sun.reflect.DelegatingMethodAccessorImpl.invoke|java.lang.reflect.Method.invoke|junit.framework.TestCase.runTest|junit.framework.TestCase.runBare|junit.framework.TestResult$1.protect	16
c6	FT	1	com.alibaba.json.bvt.parser.AtomicIntegerComptableAndroidTest#test_for_compatible_five	PASS				294
c6	FT	2	com.alibaba.json.bvt.parser.DefaultExtJSONParser_parseArray#test_8	FAIL	java.lang.AssertionError	expected:<Sun Jan 09 05:49:53 UTC 2011> but was:<Sun Jan 09 13:49:53 UTC 2011>	org.junit.Assert.fail|org.junit.Assert.failNotEquals|org.junit.Assert.assertEquals|org.junit.Assert.assertEquals|com.alibaba.json.bvt.parser.DefaultExtJSONParser_parseArray.test_8|sun.reflect.NativeMethodAccessorImpl.invoke0|sun.reflect.NativeMethodAccessorImpl.invoke|sun.reflect.DelegatingMethodAccessorImpl.invoke|java.lang.reflect.Method.invoke|junit.framework.TestCase.runTest|junit.framework.TestCase.runBare|junit.framework.TestResult$1.protect	24
c7	FT	1	com.alibaba.json.bvt.parser.AtomicIntegerComptableAndroidTest#test_for_compatible_six	PASS				280
c7	FT	2	com.alibaba.json.bvt.parser.DefaultExtJSONParser_parseArray#test_8	FAIL	java.lang.AssertionError	expected:<Sun Jan 09 05:49:53 UTC 2011> but was:<Sun Jan 09 13:49:53 UTC 2011>	org.junit.Assert.fail|org.junit.Assert.failNotEquals|org.junit.Assert.assertEquals|org.junit.Assert.assertEquals|com.alibaba.json.bvt.parser.DefaultExtJSONParser_parseArray.test_8|sun.reflect.NativeMethodAccessorImpl.invoke0|sun.reflect.NativeMethodAccessorImpl.invoke|sun.reflect.DelegatingMethodAccessorImpl.invoke|java.lang.reflect.Method.invoke|junit.framework.TestCase.runTest|junit.framework.TestCase.runBare|junit.framework.TestResult$1.protect	19
c8	FT	1	com.alibaba.json.bvt.parser.AtomicIntegerComptableAndroidTest#test_for_compatible_zero	PASS				308
c8	FT	2	com.alibaba.json.bvt.parser.DefaultExtJSONParser_parseArray#test_8	FAIL	java.lang.AssertionError	expected:<Sun Jan 09 05:49:53 UTC 2011> but was:<Sun Jan 09 13:49:53 UTC 2011>	org.junit.Assert.fail|org.junit.Assert.failNotEquals|org.junit.Assert.assertEquals|org.junit.Assert.assertEquals|com.alibaba.json.bvt.parser.DefaultExtJSONParser_parseArray.test_8|sun.reflect.NativeMethodAccessorImpl.invoke0|sun.reflect.NativeMethodAccessorImpl.invoke|sun.reflect.DelegatingMethodAccessorImpl.invoke|java.lang.reflect.Method.invoke|junit.framework.TestCase.runTest|junit.framework.TestCase.runBare|junit.framework.TestResult$1.protect	19
c9	FT	1	com.alibaba.json.bvt.parser.AtomicLongComptableAndroidTest#test_for_compatible_five	PASS				268
c9	FT	2	com.alibaba.json.bvt.parser.DefaultExtJSONParser_parseArray#test_8	FAIL	java.lang.AssertionError	expected:<Sun Jan 09 05:49:53 UTC 2011> but was:<Sun Jan 09 13:49:53 UTC 2011>	org.junit.Assert.fail|org.junit.Assert.failNotEquals|org.junit.Assert.assertEquals|org.junit.Assert.assertEquals|com.alibaba.json.bvt.parser.DefaultExtJSONParser_parseArray.test_8|sun.reflect.NativeMethodAccessorImpl.invoke0|sun.reflect.NativeMethodAccessorImpl.invoke|sun.reflect.DelegatingMethodAccessorImpl.invoke|java.lang.reflect.Method.invoke|junit.framework.TestCase.runTest|junit.framework.TestCase.runBare|junit.framework.TestResult$1.protect	19
c10	FT	1	com.alibaba.json.bvt.parser.AtomicLongComptableAndroidTest#test_for_compatible_six	PASS				287
c10	FT	2	com.alibaba.json.bvt.parser.DefaultExtJSONParser_parseArray#test_8	FAIL	java.lang.AssertionError	expected:<Sun Jan 09 05:49:53 UTC 2011> but was:<Sun Jan 09 13:49:53 UTC 2011>	org.junit.Assert.fail|org.junit.Assert.failNotEquals|org.junit.Assert.assertEquals|org.junit.Assert.assertEquals|com.alibaba.json.bvt.parser.DefaultExtJSONParser_parseArray.test_8|sun.reflect.NativeMethodAccessorImpl.invoke0|sun.reflect.NativeMethodAccessorImpl.invoke|sun.reflect.DelegatingMethodAccessorImpl.invoke|java.lang.reflect.Method.invoke|junit.framework.TestCase.runTest|junit.framework.TestCase.runBare|junit.framework.TestResult$1.protect	19
c11	FT	1	com.alibaba.json.bvt.parser.AtomicLongComptableAndroidTest#test_for_compatible_zero	PASS				275
c11	FT	2	com.alibaba.json.bvt.parser.DefaultExtJSONParser_parseArray#test_8	FAIL	java.lang.AssertionError	expected:<Sun Jan 09 05:49:53 UTC 2011> but was:<Sun Jan 09 13:49:53 UTC 2011>	org.junit.Assert.fail|org.junit.Assert.failNotEquals|org.junit.Assert.assertEquals|org.junit.Assert.assertEquals|com.alibaba.json.bvt.parser.DefaultExtJSONParser_parseArray.test_8|sun.reflect.NativeMethodAccessorImpl.invoke0|sun.reflect.NativeMethodAccessorImpl.invoke|sun.reflect.DelegatingMethodAccessorImpl.invoke|java.lang.reflect.Method.invoke|junit.framework.TestCase.runTest|junit.framework.TestCase.runBare|junit.framework.TestResult$1.protect	20
c12	FT	1	com.alibaba.json.bvt.parser.BigDecimalKeyFieldTest#test_for_bigdecimal_key	PASS				279
c12	FT	2	com.alibaba.json.bvt.parser.DefaultExtJSONParser_parseArray#test_8	FAIL	java.lang.AssertionError	expected:<Sun Jan 09 05:49:53 UTC 2011> but was:<Sun Jan 09 13:49:53 UTC 2011>	org.junit.Assert.fail|org.junit.Assert.failNotEquals|org.junit.Assert.assertEquals|org.junit.Assert.assertEquals|com.alibaba.json.bvt.parser.DefaultExtJSONParser_parseArray.test_8|sun.reflect.NativeMethodAccessorImpl.invoke0|sun.reflect.NativeMethodAccessorImpl.invoke|sun.reflect.DelegatingMethodAccessorImpl.invoke|java.lang.reflect.Method.invoke|junit.framework.TestCase.runTest|junit.framework.TestCase.runBare|junit.framework.TestResult$1.protect	19
c13	FT	1	com.alibaba.json.bvt.parser.BigListStringFieldTest#test_list	PASS				421
c13	FT	2	com.alibaba.json.bvt.parser.DefaultExtJSONParser_parseArray#test_8	FAIL	java.lang.AssertionError	expected:<Sun Jan 09 05:49:53 UTC 2011> but was:<Sun Jan 09 13:49:53 UTC 2011>	org.junit.Assert.fail|org.junit.Assert.failNotEquals|org.junit.Assert.assertEquals|org.junit.Assert.assertEquals|com.alibaba.json.bvt.parser.DefaultExtJSONParser_parseArray.test_8|sun.reflect.NativeMethodAccessorImpl.invoke0|sun.reflect.NativeMethodAccessorImpl.invoke|sun.reflect.DelegatingMethodAccessorImpl.invoke|java.lang.reflect.Method.invoke|junit.framework.TestCase.runTest|junit.framework.TestCase.runBare|junit.framework.TestResult$1.protect	19
c14	FT	1	com.alibaba.json.bvt.parser.BigListStringFieldTest_private#test_list	PASS				632
c14	FT	2	com.alibaba.json.bvt.parser.DefaultExtJSONParser_parseArray#test_8	FAIL	java.lang.AssertionError	expected:<Sun Jan 09 05:49:53 UTC 2011> but was:<Sun Jan 09 13:49:53 UTC 2011>	org.junit.Assert.fail|org.junit.Assert.failNotEquals|org.junit.Assert.assertEquals|org.junit.Assert.assertEquals|com.alibaba.json.bvt.parser.DefaultExtJSONParser_parseArray.test_8|sun.reflect.NativeMethodAccessorImpl.invoke0|sun.reflect.NativeMethodAccessorImpl.invoke|sun.reflect.DelegatingMethodAccessorImpl.invoke|java.lang.reflect.Method.invoke|junit.framework.TestCase.runTest|junit.framework.TestCase.runBare|junit.framework.TestResult$1.protect	28
c15	FT	1	com.alibaba.json.bvt.parser.BigListStringFieldTest_private#test_list_browserComptible	PASS				688
c15	FT	2	com.alibaba.json.bvt.parser.DefaultExtJSONParser_parseArray#test_8	FAIL	java.lang.AssertionError	expected:<Sun Jan 09 05:49:53 UTC 2011> but was:<Sun Jan 09 13:49:53 UTC 2011>	org.junit.Assert.fail|org.junit.Assert.failNotEquals|org.junit.Assert.assertEquals|org.junit.Assert.assertEquals|com.alibaba.json.bvt.parser.DefaultExtJSONParser_parseArray.test_8|sun.reflect.NativeMethodAccessorImpl.invoke0|sun.reflect.NativeMethodAccessorImpl.invoke|sun.reflect.DelegatingMethodAccessorImpl.invoke|java.lang.reflect.Method.invoke|junit.framework.TestCase.runTest|junit.framework.TestCase.runBare|junit.framework.TestResult$1.protect	20
c16	FT	1	com.alibaba.json.bvt.parser.BigListStringFieldTest_private#test_list_browserSecure	PASS				630
c16	FT	2	com.alibaba.json.bvt.parser.DefaultExtJSONParser_parseArray#test_8	FAIL	java.lang.AssertionError	expected:<Sun Jan 09 05:49:53 UTC 2011> but was:<Sun Jan 09 13:49:53 UTC 2011>	org.junit.Assert.fail|org.junit.Assert.failNotEquals|org.junit.Assert.assertEquals|org.junit.Assert.assertEquals|com.alibaba.json.bvt.parser.DefaultExtJSONParser_parseArray.test_8|sun.reflect.NativeMethodAccessorImpl.invoke0|sun.reflect.NativeMethodAccessorImpl.invoke|sun.reflect.DelegatingMethodAccessorImpl.invoke|java.lang.reflect.Method.invoke|junit.framework.TestCase.runTest|junit.framework.TestCase.runBare|junit.framework.TestResult$1.protect	25
c17	FT	1	com.alibaba.json.bvt.parser.BigSpecailKeyTest#test_big_special_key	PASS				378
c17	FT	2	com.alibaba.json.bvt.parser.DefaultExtJSONParser_parseArray#test_8	FAIL	java.lang.AssertionError	expected:<Sun Jan 09 05:49:53 UTC 2011> but was:<Sun Jan 09 13:49:53 UTC 2011>	org.junit.Assert.fail|org.junit.Assert.failNotEquals|org.junit.Assert.assertEquals|org.junit.Assert.assertEquals|com.alibaba.json.bvt.parser.DefaultExtJSONParser_parseArray.test_8|sun.reflect.NativeMethodAccessorImpl.invoke0|sun.reflect.NativeMethodAccessorImpl.invoke|sun.reflect.DelegatingMethodAccessorImpl.invoke|java.lang.reflect.Method.invoke|junit.framework.TestCase.runTest|junit.framework.TestCase.runBare|junit.framework.TestResult$1.protect	23
c18	FT	1	com.alibaba.json.bvt.parser.BigSpecailKeyTest2#test_big_special_key	PASS				356
c18	FT	2	com.alibaba.json.bvt.parser.DefaultExtJSONParser_parseArray#test_8	FAIL	java.lang.AssertionError	expected:<Sun Jan 09 05:49:53 UTC 2011> but was:<Sun Jan 09 13:49:53 UTC 2011>	org.junit.Assert.fail|org.junit.Assert.failNotEquals|org.junit.Assert.assertEquals|org.junit.Assert.assertEquals|com.alibaba.json.bvt.parser.DefaultExtJSONParser_parseArray.test_8|sun.reflect.NativeMethodAccessorImpl.invoke0|sun.reflect.NativeMethodAccessorImpl.invoke|sun.reflect.DelegatingMethodAccessorImpl.invoke|java.lang.reflect.Method.invoke|junit.framework.TestCase.runTest|junit.framework.TestCase.runBare|junit.framework.TestResult$1.protect	23
c19	FT	1	com.alibaba.json.bvt.parser.BigSpecailKeyTest2#test_big_special_key_2	PASS				320
c19	FT	2	com.alibaba.json.bvt.parser.DefaultExtJSONParser_parseArray#test_8	FAIL	java.lang.AssertionError	expected:<Sun Jan 09 05:49:53 UTC 2011> but was:<Sun Jan 09 13:49:53 UTC 2011>	org.junit.Assert.fail|org.junit.Assert.failNotEquals|org.junit.Assert.assertEquals|org.junit.Assert.assertEquals|com.alibaba.json.bvt.parser.DefaultExtJSONParser_parseArray.test_8|sun.reflect.NativeMethodAccessorImpl.invoke0|sun.reflect.NativeMethodAccessorImpl.invoke|sun.reflect.DelegatingMethodAccessorImpl.invoke|java.lang.reflect.Method.invoke|junit.framework.TestCase.runTest|junit.framework.TestCase.runBare|junit.framework.TestResult$1.protect	21
c20	FT	1	com.alibaba.json.bvt.parser.BigSpecailStringTest#test_big_special_key	PASS				363
c20	FT	2	com.alibaba.json.bvt.parser.DefaultExtJSONParser_parseArray#test_8	FAIL	java.lang.AssertionError	expected:<Sun Jan 09 05:49:53 UTC 2011> but was:<Sun Jan 09 13:49:53 UTC 2011>	org.junit.Assert.fail|org.junit.Assert.failNotEquals|org.junit.Assert.assertEquals|org.junit.Assert.assertEquals|com.alibaba.json.bvt.parser.DefaultExtJSONParser_parseArray.test_8|sun.reflect.NativeMethodAccessorImpl.invoke0|sun.reflect.NativeMethodAccessorImpl.invoke|sun.reflect.DelegatingMethodAccessorImpl.invoke|java.lang.reflect.Method.invoke|junit.framework.TestCase.runTest|junit.framework.TestCase.runBare|junit.framework.TestResult$1.protect	24
c21	FT	1	com.alibaba.json.bvt.parser.BigStringFieldTest#test_bigFieldString	PASS				371
c21	FT	2	com.alibaba.json.bvt.parser.DefaultExtJSONParser_parseArray#test_8	FAIL	java.lang.AssertionError	expected:<Sun Jan 09 05:49:53 UTC 2011> but was:<Sun Jan 09 13:49:53 UTC 2011>	org.junit.Assert.fail|org.junit.Assert.failNotEquals|org.junit.Assert.assertEquals|org.junit.Assert.assertEquals|com.alibaba.json.bvt.parser.DefaultExtJSONParser_parseArray.test_8|sun.reflect.NativeMethodAccessorImpl.invoke0|sun.reflect.NativeMethodAccessorImpl.invoke|sun.reflect.DelegatingMethodAccessorImpl.invoke|java.lang.reflect.Method.invoke|junit.framework.TestCase.runTest|junit.framework.TestCase.runBare|junit.framework.TestResult$1.protect	17
c22	FT	1	com.alibaba.json.bvt.parser.BigStringFieldTest#test_list	PASS				399
c22	FT	2	com.alibaba.json.bvt.parser.DefaultExtJSONParser_parseArray#test_8	FAIL	java.lang.AssertionError	expected:<Sun Jan 09 05:49:53 UTC 2011> but was:<Sun Jan 09 13:49:53 UTC 2011>	org.junit.Assert.fail|org.junit.Assert.failNotEquals|org.junit.Assert.assertEquals|org.junit.Assert.assertEquals|com.alibaba.json.bvt.parser.DefaultExtJSONParser_parseArray.test_8|sun.reflect.NativeMethodAccessorImpl.invoke0|sun.reflect.NativeMethodAccessorImpl.invoke|sun.reflect.DelegatingMethodAccessorImpl.invoke|java.lang.reflect.Method.invoke|junit.framework.TestCase.runTest|junit.framework.TestCase.runBare|junit.framework.TestResult$1.protect	21
c23	FT	1	com.alibaba.json.bvt.parser.BigStringFieldTest_private#test_bigFieldString	PASS				394
c23	FT	2	com.alibaba.json.bvt.parser.DefaultExtJSONParser_parseArray#test_8	FAIL	java.lang.AssertionError	expected:<Sun Jan 09 05:49:53 UTC 2011> but was:<Sun Jan 09 13:49:53 UTC 2011>	org.junit.Assert.fail|org.junit.Assert.failNotEquals|org.junit.Assert.assertEquals|org.junit.Assert.assertEquals|com.alibaba.json.bvt.parser.DefaultExtJSONParser_parseArray.test_8|sun.reflect.NativeMethodAccessorImpl.invoke0|sun.reflect.NativeMethodAccessorImpl.invoke|sun.reflect.DelegatingMethodAccessorImpl.invoke|java.lang.reflect.Method.invoke|junit.framework.TestCase.runTest|junit.framework.TestCase.runBare|junit.framework.TestResult$1.protect	21
c24	FT	1	com.alibaba.json.bvt.parser.BigStringFieldTest_private#test_list	PASS				381
c24	FT	2	com.alibaba.json.bvt.parser.DefaultExtJSONParser_parseArray#test_8	FAIL	java.lang.AssertionError	expected:<Sun Jan 09 05:49:53 UTC 2011> but was:<Sun Jan 09 13:49:53 UTC 2011>	org.junit.Assert.fail|org.junit.Assert.failNotEquals|org.junit.Assert.assertEquals|org.junit.Assert.assertEquals|com.alibaba.json.bvt.parser.DefaultExtJSONParser_parseArray.test_8|sun.reflect.NativeMethodAccessorImpl.invoke0|sun.reflect.NativeMethodAccessorImpl.invoke|sun.reflect.DelegatingMethodAccessorImpl.invoke|java.lang.reflect.Method.invoke|junit.framework.TestCase.runTest|junit.framework.TestCase.runBare|junit.framework.TestResult$1.protect	19
c25	FT	1	com.alibaba.json.bvt.parser.BigStringFieldTest_private#test_list_browserSecure	PASS				378
c25	FT	2	com.alibaba.json.bvt.parser.DefaultExtJSONParser_parseArray#test_8	FAIL	java.lang.AssertionError	expected:<Sun Jan 09 05:49:53 UTC 2011> but was:<Sun Jan 09 13:49:53 UTC 2011>	org.junit.Assert.fail|org.junit.Assert.failNotEquals|org.junit.Assert.assertEquals|org.junit.Assert.assertEquals|com.alibaba.json.bvt.parser.DefaultExtJSONParser_parseArray.test_8|sun.reflect.NativeMethodAccessorImpl.invoke0|sun.reflect.NativeMethodAccessorImpl.invoke|sun.reflect.DelegatingMethodAccessorImpl.invoke|java.lang.reflect.Method.invoke|junit.framework.TestCase.runTest|junit.framework.TestCase.runBare|junit.framework.TestResult$1.protect	17
c26	FT	1	com.alibaba.json.bvt.parser.ClassTest#test_class	PASS				294
c26	FT	2	com.alibaba.json.bvt.parser.DefaultExtJSONParser_parseArray#test_8	FAIL	java.lang.AssertionError	expected:<Sun Jan 09 05:49:53 UTC 2011> but was:<Sun Jan 09 13:49:53 UTC 2011>	org.junit.Assert.fail|org.junit.Assert.failNotEquals|org.junit.Assert.assertEquals|org.junit.Assert.assertEquals|com.alibaba.json.bvt.parser.DefaultExtJSONParser_parseArray.test_8|sun.reflect.NativeMethodAccessorImpl.invoke0|sun.reflect.NativeMethodAccessorImpl.invoke|sun.reflect.DelegatingMethodAccessorImpl.invoke|java.lang.reflect.Method.invoke|junit.framework.TestCase.runTest|junit.framework.TestCase.runBare|junit.framework.TestResult$1.protect	19
c27	FT	1	com.alibaba.json.bvt.parser.ClassTest#test_class_array	PASS				303
c27	FT	2	com.alibaba.json.bvt.parser.DefaultExtJSONParser_parseArray#test_8	FAIL	java.lang.AssertionError	expected:<Sun Jan 09 05:49:53 UTC 2011> but was:<Sun Jan 09 13:49:53 UTC 2011>	org.junit.Assert.fail|org.junit.Assert.failNotEquals|org.junit.Assert.assertEquals|org.junit.Assert.assertEquals|com.alibaba.json.bvt.parser.DefaultExtJSONParser_parseArray.test_8|sun.reflect.NativeMethodAccessorImpl.invoke0|sun.reflect.NativeMethodAccessorImpl.invoke|sun.reflect.DelegatingMethodAccessorImpl.invoke|java.lang.reflect.Method.invoke|junit.framework.TestCase.runTest|junit.framework.TestCase.runBare|junit.framework.TestResult$1.protect	21
c28	FT	1	com.alibaba.json.bvt.parser.CommentTest#test_0	PASS				275
c28	FT	2	com.alibaba.json.bvt.parser.DefaultExtJSONParser_parseArray#test_8	FAIL	java.lang.AssertionError	expected:<Sun Jan 09 05:49:53 UTC 2011> but was:<Sun Jan 09 13:49:53 UTC 2011>	org.junit.Assert.fail|org.junit.Assert.failNotEquals|org.junit.Assert.assertEquals|org.junit.Assert.assertEquals|com.alibaba.json.bvt.parser.DefaultExtJSONParser_parseArray.test_8|sun.reflect.NativeMethodAccessorImpl.invoke0|sun.reflect.NativeMethodAccessorImpl.invoke|sun.reflect.DelegatingMethodAccessorImpl.invoke|java.lang.reflect.Method.invoke|junit.framework.TestCase.runTest|junit.framework.TestCase.runBare|junit.framework.TestResult$1.protect	17
c29	FT	1	com.alibaba.json.bvt.parser.CommentTest#test_1	PASS				-355
c29	FT	2	com.alibaba.json.bvt.parser.DefaultExtJSONParser_parseArray#test_8	FAIL	java.lang.AssertionError	expected:<Sun Jan 09 05:49:53 UTC 2011> but was:<Sun Jan 09 13:49:53 UTC 2011>	org.junit.Assert.fail|org.junit.Assert.failNotEquals|org.junit.Assert.assertEquals|org.junit.Assert.assertEquals|com.alibaba.json.bvt.parser.DefaultExtJSONParser_parseArray.test_8|sun.reflect.NativeMethodAccessorImpl.invoke0|sun.reflect.NativeMethodAccessorImpl.invoke|sun.reflect.DelegatingMethodAccessorImpl.invoke|java.lang.reflect.Method.invoke|junit.framework.TestCase.runTest|junit.framework.TestCase.runBare|junit.framework.TestResult$1.protect	18
c30	FT	1	com.alibaba.json.bvt.parser.CommentTest#test_2	PASS				281
c30	FT	2	com.alibaba.json.bvt.parser.DefaultExtJSONParser_parseArray#test_8	FAIL	java.lang.AssertionError	expected:<Sun Jan 09 05:49:53 UTC 2011> but was:<Sun Jan 09 13:49:53 UTC 2011>	org.junit.Assert.fail|org.junit.Assert.failNotEquals|org.junit.Assert.assertEquals|org.junit.Assert.assertEquals|com.alibaba.json.bvt.parser.DefaultExtJSONParser_parseArray.test_8|sun.reflect.NativeMethodAccessorImpl.invoke0|sun.reflect.NativeMethodAccessorImpl.invoke|sun.reflect.DelegatingMethodAccessorImpl.invoke|java.lang.reflect.Method.invoke|junit.framework.TestCase.runTest|junit.framework.TestCase.runBare|junit.framework.TestResult$1.protect	17
c31	FT	1	com.alibaba.json.bvt.parser.CommentTest#test_3	PASS				270
c31	FT	2	com.alibaba.json.bvt.parser.DefaultExtJSONParser_parseArray#test_8	FAIL	java.lang.AssertionError	expected:<Sun Jan 09 05:49:53 UTC 2011> but was:<Sun Jan 09 13:49:53 UTC 2011>	org.junit.Assert.fail|org.junit.Assert.failNotEquals|org.junit.Assert.assertEquals|org.junit.Assert.assertEquals|com.alibaba.json.bvt.parser.DefaultExtJSONParser_parseArray.test_8|sun.reflect.NativeMethodAccessorImpl.invoke0|sun.reflect.NativeMethodAccessorImpl.invoke|sun.reflect.DelegatingMethodAccessorImpl.invoke|java.lang.reflect.Method.invoke|junit.framework.TestCase.runTest|junit.framework.TestCase.runBare|junit.framework.TestResult$1.protect	19
c32	FT	1	com.alibaba.json.bvt.parser.CommentTest#test_4	PASS				266
c32	FT	2	com.alibaba.json.bvt.parser.DefaultExtJSONParser_parseArray#test_8	FAIL	java.lang.AssertionError	expected:<Sun Jan 09 05:49:53 UTC 2011> but was:<Sun Jan 09 13:49:53 UTC 2011>	org.junit.Assert.fail|org.junit.Assert.failNotEquals|org.junit.Assert.assertEquals|org.junit.Assert.assertEquals|com.alibaba.json.bvt.parser.DefaultExtJSONParser_parseArray.test_8|sun.reflect.NativeMethodAccessorImpl.invoke0|sun.reflect.NativeMethodAccessorImpl.invoke|sun.reflect.DelegatingMethodAccessorImpl.invoke|java.lang.reflect.Method.invoke|junit.framework.TestCase.runTest|junit.framework.TestCase.runBare|junit.framework.TestResult$1.protect	17
c33	FT	1	com.alibaba.json.bvt.parser.CommentTest#test_5	PASS				277
c33	FT	2	com.alibaba.json.bvt.parser.DefaultExtJSONParser_parseArray#test_8	FAIL	java.lang.AssertionError	expected:<Sun Jan 09 05:49:53 UTC 2011> but was:<Sun Jan 09 13:49:53 UTC 2011>	org.junit.Assert.fail|org.junit.Assert.failNotEquals|org.junit.Assert.assertEquals|org.junit.Assert.assertEquals|com.alibaba.json.bvt.parser.DefaultExtJSONParser_parseArray.test_8|sun.reflect.NativeMethodAccessorImpl.invoke0|sun.reflect.NativeMethodAccessorImpl.invoke|sun.reflect.DelegatingMethodAccessorImpl.invoke|java.lang.reflect.Method.invoke|junit.framework.TestCase.runTest|junit.framework.TestCase.runBare|junit.framework.TestResult$1.protect	19
c34	FT	1	com.alibaba.json.bvt.parser.CommentTest#test_6	PASS				264
c34	FT	2	com.alibaba.json.bvt.parser.DefaultExtJSONParser_parseArray#test_8	FAIL	java.lang.AssertionError	expected:<Sun Jan 09 05:49:53 UTC 2011> but was:<Sun Jan 09 13:49:53 UTC 2011>	org.junit.Assert.fail|org.junit.Assert.failNotEquals|org.junit.Assert.assertEquals|org.junit.Assert.assertEquals|com.alibaba.json.bvt.parser.DefaultExtJSONParser_parseArray.test_8|sun.reflect.NativeMethodAccessorImpl.invoke0|sun.reflect.NativeMethodAccessorImpl.invoke|sun.reflect.DelegatingMethodAccessorImpl.invoke|java.lang.reflect.Method.invoke|junit.framework.TestCase.runTest|junit.framework.TestCase.runBare|junit.framework.TestResult$1.protect	17
c35	FT	1	com.alibaba.json.bvt.parser.CommentTest#test_7	PASS				266
c35	FT	2	com.alibaba.json.bvt.parser.DefaultExtJSONParser_parseArray#test_8	FAIL	java.lang.AssertionError	expected:<Sun Jan 09 05:49:53 UTC 2011> but was:<Sun Jan 09 13:49:53 UTC 2011>	org.junit.Assert.fail|org.junit.Assert.failNotEquals|org.junit.Assert.assertEquals|org.junit.Assert.assertEquals|com.alibaba.json.bvt.parser.DefaultExtJSONParser_parseArray.test_8|sun.reflect.NativeMethodAccessorImpl.invoke0|sun.reflect.NativeMethodAccessorImpl.invoke|sun.reflect.DelegatingMethodAccessorImpl.invoke|java.lang.reflect.Method.invoke|junit.framework.TestCase.runTest|junit.framework.TestCase.runBare|junit.framework.TestResult$1.protect	18
c36	FT	1	com.alibaba.json.bvt.parser.CreateInstanceErrorTest#test_ordered_field	PASS				286
c36	FT	2	com.alibaba.json.bvt.parser.DefaultExtJSONParser_parseArray#test_8	FAIL	java.lang.AssertionError	expected:<Sun Jan 09 05:49:53 UTC 2011> but was:<Sun Jan 09 13:49:53 UTC 2011>	org.junit.Assert.fail|org.junit.Assert.failNotEquals|org.junit.Assert.assertEquals|org.junit.Assert.assertEquals|com.alibaba.json.bvt.parser.DefaultExtJSONParser_parseArray.test_8|sun.reflect.NativeMethodAccessorImpl.invoke0|sun.reflect.NativeMethodAccessorImpl.invoke|sun.reflect.DelegatingMethodAccessorImpl.invoke|java.lang.reflect.Method.invoke|junit.framework.TestCase.runTest|junit.framework.TestCase.runBare|junit.framework.TestResult$1.protect	18
c37	FT	1	com.alibaba.json.bvt.parser.CreateInstanceErrorTest2#test_ordered_field	PASS				293
c37	FT	2	com.alibaba.json.bvt.parser.DefaultExtJSONParser_parseArray#test_8	FAIL	java.lang.AssertionError	expected:<Sun Jan 09 05:49:53 UTC 2011> but was:<Sun Jan 09 13:49:53 UTC 2011>	org.junit.Assert.fail|org.junit.Assert.failNotEquals|org.junit.Assert.assertEquals|org.junit.Assert.assertEquals|com.alibaba.json.bvt.parser.DefaultExtJSONParser_parseArray.test_8|sun.reflect.NativeMethodAccessorImpl.invoke0|sun.reflect.NativeMethodAccessorImpl.invoke|sun.reflect.DelegatingMethodAccessorImpl.invoke|java.lang.reflect.Method.invoke|junit.framework.TestCase.runTest|junit.framework.TestCase.runBare|junit.framework.TestResult$1.protect	19
c38	FT	1	com.alibaba.json.bvt.parser.DateParserTest#test_date_0	PASS				276
c38	FT	2	com.alibaba.json.bvt.parser.DefaultExtJSONParser_parseArray#test_8	PASS				16
c39	FT	1	com.alibaba.json.bvt.parser.DateParserTest#test_date_1	PASS				296
c39	FT	2	com.alibaba.json.bvt.parser.DefaultExtJSONParser_parseArray#test_8	PASS				5
c40	FT	1	com.alibaba.json.bvt.parser.DateParserTest#test_date_2	PASS				276
c40	FT	2	com.alibaba.json.bvt.parser.DefaultExtJSONParser_parseArray#test_8	PASS				12
c41	FT	1	com.alibaba.json.bvt.parser.DateParserTest#test_date_3	PASS				273
c41	FT	2	com.alibaba.json.bvt.parser.DefaultExtJSONParser_parseArray#test_8	PASS				5
c42	FT	1	com.alibaba.json.bvt.parser.DateParserTest#test_date_4	PASS				300
c42	FT	2	com.alibaba.json.bvt.parser.DefaultExtJSONParser_parseArray#test_8	PASS				5
c43	FT	1	com.alibaba.json.bvt.parser.DateParserTest#test_date_5	PASS				290
c43	FT	2	com.alibaba.json.bvt.parser.DefaultExtJSONParser_parseArray#test_8	PASS				5
c44	FT	1	com.alibaba.json.bvt.parser.DateParserTest#test_date_6	PASS				287
c44	FT	2	com.alibaba.json.bvt.parser.DefaultExtJSONParser_parseArray#test_8	PASS				6
c45	FT	1	com.alibaba.json.bvt.parser.DateParserTest#test_date_7	PASS				301
c45	FT	2	com.alibaba.json.bvt.parser.DefaultExtJSONParser_parseArray#test_8	PASS				6
c46	FT	1	com.alibaba.json.bvt.parser.DateParserTest#test_date_error_0	PASS				266
c46	FT	2	com.alibaba.json.bvt.parser.DefaultExtJSONParser_parseArray#test_8	PASS				15
c47	FT	1	com.alibaba.json.bvt.parser.DateParserTest#test_date_new	PASS				277
c47	FT	2	com.alibaba.json.bvt.parser.DefaultExtJSONParser_parseArray#test_8	PASS				12
c48	FT	1	com.alibaba.json.bvt.parser.DateParserTest#test_date_new_1	PASS				302
c48	FT	2	com.alibaba.json.bvt.parser.DefaultExtJSONParser_parseArray#test_8	PASS				16
c49	FT	1	com.alibaba.json.bvt.parser.DateParserTest_sql#test_date_1	FAIL	java.lang.AssertionError	expected: java.sql.Date<2011-01-09> but was: java.sql.Date<2011-01-09>	org.junit.Assert.fail|org.junit.Assert.failNotEquals|org.junit.Assert.assertEquals|org.junit.Assert.assertEquals|com.alibaba.json.bvt.parser.DateParserTest_sql.test_date_1|sun.reflect.NativeMethodAccessorImpl.invoke0|sun.reflect.NativeMethodAccessorImpl.invoke|sun.reflect.DelegatingMethodAccessorImpl.invoke|java.lang.reflect.Method.invoke|junit.framework.TestCase.runTest|junit.framework.TestCase.runBare|junit.framework.TestResult$1.protect	336
c49	FT	2	com.alibaba.json.bvt.parser.DefaultExtJSONParser_parseArray#test_8	FAIL	java.lang.AssertionError	expected:<Sun Jan 09 05:49:53 UTC 2011> but was:<Sun Jan 09 13:49:53 UTC 2011>	org.junit.Assert.fail|org.junit.Assert.failNotEquals|org.junit.Assert.assertEquals|org.junit.Assert.assertEquals|com.alibaba.json.bvt.parser.DefaultExtJSONParser_parseArray.test_8|sun.reflect.NativeMethodAccessorImpl.invoke0|sun.reflect.NativeMethodAccessorImpl.invoke|sun.reflect.DelegatingMethodAccessorImpl.invoke|java.lang.reflect.Method.invoke|junit.framework.TestCase.runTest|junit.framework.TestCase.runBare|junit.framework.TestResult$1.protect	13
c50	FT	1	com.alibaba.json.bvt.parser.DateParserTest_sql#test_date_2	PASS				299
c50	FT	2	com.alibaba.json.bvt.parser.DefaultExtJSONParser_parseArray#test_8	FAIL	java.lang.AssertionError	expected:<Sun Jan 09 05:49:53 UTC 2011> but was:<Sun Jan 09 13:49:53 UTC 2011>	org.junit.Assert.fail|org.junit.Assert.failNotEquals|org.junit.Assert.assertEquals|org.junit.Assert.assertEquals|com.alibaba.json.bvt.parser.DefaultExtJSONParser_parseArray.test_8|sun.reflect.NativeMethodAccessorImpl.invoke0|sun.reflect.NativeMethodAccessorImpl.invoke|sun.reflect.DelegatingMethodAccessorImpl.invoke|java.lang.reflect.Method.invoke|junit.framework.TestCase.runTest|junit.framework.TestCase.runBare|junit.framework.TestResult$1.protect	18
c51	FT	1	com.alibaba.json.bvt.parser.DateParserTest_sql#test_date_3	FAIL	java.lang.AssertionError	expected: java.sql.Date<2011-01-09> but was: java.sql.Date<2011-01-09>	org.junit.Assert.fail|org.junit.Assert.failNotEquals|org.junit.Assert.assertEquals|org.junit.Assert.assertEquals|com.alibaba.json.bvt.parser.DateParserTest_sql.test_date_3|sun.reflect.NativeMethodAccessorImpl.invoke0|sun.reflect.NativeMethodAccessorImpl.invoke|sun.reflect.DelegatingMethodAccessorImpl.invoke|java.lang.reflect.Method.invoke|junit.framework.TestCase.runTest|junit.framework.TestCase.runBare|junit.framework.TestResult$1.protect	294
c51	FT	2	com.alibaba.json.bvt.parser.DefaultExtJSONParser_parseArray#test_8	FAIL	java.lang.AssertionError	expected:<Sun Jan 09 05:49:53 UTC 2011> but was:<Sun Jan 09 13:49:53 UTC 2011>	org.junit.Assert.fail|org.junit.Assert.failNotEquals|org.junit.Assert.assertEquals|org.junit.Assert.assertEquals|com.alibaba.json.bvt.parser.DefaultExtJSONParser_parseArray.test_8|sun.reflect.NativeMethodAccessorImpl.invoke0|sun.reflect.NativeMethodAccessorImpl.invoke|sun.reflect.DelegatingMethodAccessorImpl.invoke|java.lang.reflect.Method.invoke|junit.framework.TestCase.runTest|junit.framework.TestCase.runBare|junit.framework.TestResult$1.protect	9
c52	FT	1	com.alibaba.json.bvt.parser.DateParserTest_sql#test_date_4	FAIL	java.lang.AssertionError	expected:<2011-01-08> but was:<2011-01-09>	org.junit.Assert.fail|org.junit.Assert.failNotEquals|org.junit.Assert.assertEquals|org.junit.Assert.assertEquals|com.alibaba.json.bvt.parser.DateParserTest_sql.test_date_4|sun.reflect.NativeMethodAccessorImpl.invoke0|sun.reflect.NativeMethodAccessorImpl.invoke|sun.reflect.DelegatingMethodAccessorImpl.invoke|java.lang.reflect.Method.invoke|junit.framework.TestCase.runTest|junit.framework.TestCase.runBare|junit.framework.TestResult$1.protect	289
c52	FT	2	com.alibaba.json.bvt.parser.DefaultExtJSONParser_parseArray#test_8	FAIL	java.lang.AssertionError	expected:<Sun Jan 09 05:49:53 UTC 2011> but was:<Sun Jan 09 13:49:53 UTC 2011>	org.junit.Assert.fail|org.junit.Assert.failNotEquals|org.junit.Assert.assertEquals|org.junit.Assert.assertEquals|com.alibaba.json.bvt.parser.DefaultExtJSONParser_parseArray.test_8|sun.reflect.NativeMethodAccessorImpl.invoke0|sun.reflect.NativeMethodAccessorImpl.invoke|sun.reflect.DelegatingMethodAccessorImpl.invoke|java.lang.reflect.Method.invoke|junit.framework.TestCase.runTest|junit.framework.TestCase.runBare|junit.framework.TestResult$1.protect	10
c53	FT	1	com.alibaba.json.bvt.parser.DateParserTest_sql_timestamp#test_date_1	PASS				310
c53	FT	2	com.alibaba.json.bvt.parser.DefaultExtJSONParser_parseArray#test_8	PASS				5
c54	FT	1	com.alibaba.json.bvt.parser.DateParserTest_sql_timestamp#test_date_2	PASS				263
c54	FT	2	com.alibaba.json.bvt.parser.DefaultExtJSONParser_parseArray#test_8	PASS				13
c55	FT	1	com.alibaba.json.bvt.parser.DateParserTest_sql_timestamp#test_date_3	PASS				263
c55	FT	2	com.alibaba.json.bvt.parser.DefaultExtJSONParser_parseArray#test_8	PASS				7
c56	FT	1	com.alibaba.json.bvt.parser.DateParserTest_sql_timestamp#test_date_4	PASS				342
c56	FT	2	com.alibaba.json.bvt.parser.DefaultExtJSONParser_parseArray#test_8	PASS				7
c57	FT	1	com.alibaba.json.bvt.parser.DateTest#test_0	PASS				410
c57	FT	2	com.alibaba.json.bvt.parser.DefaultExtJSONParser_parseArray#test_8	FAIL	java.lang.AssertionError	expected:<Sun Jan 09 05:49:53 UTC 2011> but was:<Sun Jan 09 13:49:53 UTC 2011>	org.junit.Assert.fail|org.junit.Assert.failNotEquals|org.junit.Assert.assertEquals|org.junit.Assert.assertEquals|com.alibaba.json.bvt.parser.DefaultExtJSONParser_parseArray.test_8|sun.reflect.NativeMethodAccessorImpl.invoke0|sun.reflect.NativeMethodAccessorImpl.invoke|sun.reflect.DelegatingMethodAccessorImpl.invoke|java.lang.reflect.Method.invoke|junit.framework.TestCase.runTest|junit.framework.TestCase.runBare|junit.framework.TestResult$1.protect	24
c58	FT	1	com.alibaba.json.bvt.parser.DefaultExtJSONParserTest#testCast	PASS				285
c58	FT	2	com.alibaba.json.bvt.parser.DefaultExtJSONParser_parseArray#test_8	FAIL	java.lang.AssertionError	expected:<Sun Jan 09 05:49:53 UTC 2011> but was:<Sun Jan 09 13:49:53 UTC 2011>	org.junit.Assert.fail|org.junit.Assert.failNotEquals|org.junit.Assert.assertEquals|org.junit.Assert.assertEquals|com.alibaba.json.bvt.parser.DefaultExtJSONParser_parseArray.test_8|sun.reflect.NativeMethodAccessorImpl.invoke0|sun.reflect.NativeMethodAccessorImpl.invoke|sun.reflect.DelegatingMethodAccessorImpl.invoke|java.lang.reflect.Method.invoke|junit.framework.TestCase.runTest|junit.framework.TestCase.runBare|junit.framework.TestResult$1.protect	17
c59	FT	1	com.alibaba.json.bvt.parser.DefaultExtJSONParserTest#testCastCalendar	PASS				245
c59	FT	2	com.alibaba.json.bvt.parser.DefaultExtJSONParser_parseArray#test_8	FAIL	java.lang.AssertionError	expected:<Sun Jan 09 05:49:53 UTC 2011> but was:<Sun Jan 09 13:49:53 UTC 2011>	org.junit.Assert.fail|org.junit.Assert.failNotEquals|org.junit.Assert.assertEquals|org.junit.Assert.assertEquals|com.alibaba.json.bvt.parser.DefaultExtJSONParser_parseArray.test_8|sun.reflect.NativeMethodAccessorImpl.invoke0|sun.reflect.NativeMethodAccessorImpl.invoke|sun.reflect.DelegatingMethodAccessorImpl.invoke|java.lang.reflect.Method.invoke|junit.framework.TestCase.runTest|junit.framework.TestCase.runBare|junit.framework.TestResult$1.protect	58
c60	FT	1	com.alibaba.json.bvt.parser.DefaultExtJSONParserTest#test_casterror	PASS				259
c60	FT	2	com.alibaba.json.bvt.parser.DefaultExtJSONParser_parseArray#test_8	FAIL	java.lang.AssertionError	expected:<Sun Jan 09 05:49:53 UTC 2011> but was:<Sun Jan 09 13:49:53 UTC 2011>	org.junit.Assert.fail|org.junit.Assert.failNotEquals|org.junit.Assert.assertEquals|org.junit.Assert.assertEquals|com.alibaba.json.bvt.parser.DefaultExtJSONParser_parseArray.test_8|sun.reflect.NativeMethodAccessorImpl.invoke0|sun.reflect.NativeMethodAccessorImpl.invoke|sun.reflect.DelegatingMethodAccessorImpl.invoke|java.lang.reflect.Method.invoke|junit.framework.TestCase.runTest|junit.framework.TestCase.runBare|junit.framework.TestResult$1.protect	18
c61	FT	1	com.alibaba.json.bvt.parser.DefaultExtJSONParserTest#test_casterror2	PASS				273
c61	FT	2	com.alibaba.json.bvt.parser.DefaultExtJSONParser_parseArray#test_8	FAIL	java.lang.AssertionError	expected:<Sun Jan 09 05:49:53 UTC 2011> but was:<Sun Jan 09 13:49:53 UTC 2011>	org.junit.Assert.fail|org.junit.Assert.failNotEquals|org.junit.Assert.assertEquals|org.junit.Assert.assertEquals|com.alibaba.json.bvt.parser.DefaultExtJSONParser_parseArray.test_8|sun.reflect.NativeMethodAccessorImpl.invoke0|sun.reflect.NativeMethodAccessorImpl.invoke|sun.reflect.DelegatingMethodAccessorImpl.invoke|java.lang.reflect.Method.invoke|junit.framework.TestCase.runTest|junit.framework.TestCase.runBare|junit.framework.TestResult$1.protect	21
c62	FT	1	com.alibaba.json.bvt.parser.DefaultExtJSONParserTest#test_error	PASS				319
c62	FT	2	com.alibaba.json.bvt.parser.DefaultExtJSONParser_parseArray#test_8	FAIL	java.lang.AssertionError	expected:<Sun Jan 09 05:49:53 UTC 2011> but was:<Sun Jan 09 13:49:53 UTC 2011>	org.junit.Assert.fail|org.junit.Assert.failNotEquals|org.junit.Assert.assertEquals|org.junit.Assert.assertEquals|com.alibaba.json.bvt.parser.DefaultExtJSONParser_parseArray.test_8|sun.reflect.NativeMethodAccessorImpl.invoke0|sun.reflect.NativeMethodAccessorImpl.invoke|sun.reflect.DelegatingMethodAccessorImpl.invoke|java.lang.reflect.Method.invoke|junit.framework.TestCase.runTest|junit.framework.TestCase.runBare|junit.framework.TestResult$1.protect	16
c63	FT	1	com.alibaba.json.bvt.parser.DefaultExtJSONParserTest#test_error2	PASS				266
c63	FT	2	com.alibaba.json.bvt.parser.DefaultExtJSONParser_parseArray#test_8	FAIL	java.lang.AssertionError	expected:<Sun Jan 09 05:49:53 UTC 2011> but was:<Sun Jan 09 13:49:53 UTC 2011>	org.junit.Assert.fail|org.junit.Assert.failNotEquals|org.junit.Assert.assertEquals|org.junit.Assert.assertEquals|com.alibaba.json.bvt.parser.DefaultExtJSONParser_parseArray.test_8|sun.reflect.NativeMethodAccessorImpl.invoke0|sun.reflect.NativeMethodAccessorImpl.invoke|sun.reflect.DelegatingMethodAccessorImpl.invoke|java.lang.reflect.Method.invoke|junit.framework.TestCase.runTest|junit.framework.TestCase.runBare|junit.framework.TestResult$1.protect	19
c64	FT	1	com.alibaba.json.bvt.parser.DefaultExtJSONParserTest#test_not_match	PASS				300
c64	FT	2	com.alibaba.json.bvt.parser.DefaultExtJSONParser_parseArray#test_8	FAIL	java.lang.AssertionError	expected:<Sun Jan 09 05:49:53 UTC 2011> but was:<Sun Jan 09 13:49:53 UTC 2011>	org.junit.Assert.fail|org.junit.Assert.failNotEquals|org.junit.Assert.assertEquals|org.junit.Assert.assertEquals|com.alibaba.json.bvt.parser.DefaultExtJSONParser_parseArray.test_8|sun.reflect.NativeMethodAccessorImpl.invoke0|sun.reflect.NativeMethodAccessorImpl.invoke|sun.reflect.DelegatingMethodAccessorImpl.invoke|java.lang.reflect.Method.invoke|junit.framework.TestCase.runTest|junit.framework.TestCase.runBare|junit.framework.TestResult$1.protect	18
c65	FT	1	com.alibaba.json.bvt.parser.DefaultExtJSONParserTest#test_not_match_error	PASS				302
c65	FT	2	com.alibaba.json.bvt.parser.DefaultExtJSONParser_parseArray#test_8	FAIL	java.lang.AssertionError	expected:<Sun Jan 09 05:49:53 UTC 2011> but was:<Sun Jan 09 13:49:53 UTC 2011>	org.junit.Assert.fail|org.junit.Assert.failNotEquals|org.junit.Assert.assertEquals|org.junit.Assert.assertEquals|com.alibaba.json.bvt.parser.DefaultExtJSONParser_parseArray.test_8|sun.reflect.NativeMethodAccessorImpl.invoke0|sun.reflect.NativeMethodAccessorImpl.invoke|sun.reflect.DelegatingMethodAccessorImpl.invoke|java.lang.reflect.Method.invoke|junit.framework.TestCase.runTest|junit.framework.TestCase.runBare|junit.framework.TestResult$1.protect	15
c66	FT	1	com.alibaba.json.bvt.parser.DefaultExtJSONParserTest#test_parseArrayWithType	PASS				296
c66	FT	2	com.alibaba.json.bvt.parser.DefaultExtJSONParser_parseArray#test_8	FAIL	java.lang.AssertionError	expected:<Sun Jan 09 05:49:53 UTC 2011> but was:<Sun Jan 09 13:49:53 UTC 2011>	org.junit.Assert.fail|org.junit.Assert.failNotEquals|org.junit.Assert.assertEquals|org.junit.Assert.assertEquals|com.alibaba.json.bvt.parser.DefaultExtJSONParser_parseArray.test_8|sun.reflect.NativeMethodAccessorImpl.invoke0|sun.reflect.NativeMethodAccessorImpl.invoke|sun.reflect.DelegatingMethodAccessorImpl.invoke|java.lang.reflect.Method.invoke|junit.framework.TestCase.runTest|junit.framework.TestCase.runBare|junit.framework.TestResult$1.protect	16
c67	FT	1	com.alibaba.json.bvt.parser.DefaultExtJSONParserTest#test_parseArrayWithType_error_1	PASS				272
c67	FT	2	com.alibaba.json.bvt.parser.DefaultExtJSONParser_parseArray#test_8	FAIL	java.lang.AssertionError	expected:<Sun Jan 09 05:49:53 UTC 2011> but was:<Sun Jan 09 13:49:53 UTC 2011>	org.junit.Assert.fail|org.junit.Assert.failNotEquals|org.junit.Assert.assertEquals|org.junit.Assert.assertEquals|com.alibaba.json.bvt.parser.DefaultExtJSONParser_parseArray.test_8|sun.reflect.NativeMethodAccessorImpl.invoke0|sun.reflect.NativeMethodAccessorImpl.invoke|sun.reflect.DelegatingMethodAccessorImpl.invoke|java.lang.reflect.Method.invoke|junit.framework.TestCase.runTest|junit.framework.TestCase.runBare|junit.framework.TestResult$1.protect	18
c68	{"age":3,"name":"校长","old":false,"salary":123456789.0123}
c68	FT	1	com.alibaba.json.bvt.parser.DefaultExtJSONParserTest#test_parseObject	PASS				318
c68	FT	2	com.alibaba.json.bvt.parser.DefaultExtJSONParser_parseArray#test_8	FAIL	java.lang.AssertionError	expected:<Sun Jan 09 05:49:53 UTC 2011> but was:<Sun Jan 09 13:49:53 UTC 2011>	org.junit.Assert.fail|org.junit.Assert.failNotEquals|org.junit.Assert.assertEquals|org.junit.Assert.assertEquals|com.alibaba.json.bvt.parser.DefaultExtJSONParser_parseArray.test_8|sun.reflect.NativeMethodAccessorImpl.invoke0|sun.reflect.NativeMethodAccessorImpl.invoke|sun.reflect.DelegatingMethodAccessorImpl.invoke|java.lang.reflect.Method.invoke|junit.framework.TestCase.runTest|junit.framework.TestCase.runBare|junit.framework.TestResult$1.protect	17
c69	FT	1	com.alibaba.json.bvt.parser.DefaultExtJSONParserTest_0#test_0	PASS				286
c69	FT	2	com.alibaba.json.bvt.parser.DefaultExtJSONParser_parseArray#test_8	FAIL	java.lang.AssertionError	expected:<Sun Jan 09 05:49:53 UTC 2011> but was:<Sun Jan 09 13:49:53 UTC 2011>	org.junit.Assert.fail|org.junit.Assert.failNotEquals|org.junit.Assert.assertEquals|org.junit.Assert.assertEquals|com.alibaba.json.bvt.parser.DefaultExtJSONParser_parseArray.test_8|sun.reflect.NativeMethodAccessorImpl.invoke0|sun.reflect.NativeMethodAccessorImpl.invoke|sun.reflect.DelegatingMethodAccessorImpl.invoke|java.lang.reflect.Method.invoke|junit.framework.TestCase.runTest|junit.framework.TestCase.runBare|junit.framework.TestResult$1.protect	17
c70	FT	1	com.alibaba.json.bvt.parser.DefaultExtJSONParserTest_0#test_1	PASS				277
c70	FT	2	com.alibaba.json.bvt.parser.DefaultExtJSONParser_parseArray#test_8	FAIL	java.lang.AssertionError	expected:<Sun Jan 09 05:49:53 UTC 2011> but was:<Sun Jan 09 13:49:53 UTC 2011>	org.junit.Assert.fail|org.junit.Assert.failNotEquals|org.junit.Assert.assertEquals|org.junit.Assert.assertEquals|com.alibaba.json.bvt.parser.DefaultExtJSONParser_parseArray.test_8|sun.reflect.NativeMethodAccessorImpl.invoke0|sun.reflect.NativeMethodAccessorImpl.invoke|sun.reflect.DelegatingMethodAccessorImpl.invoke|java.lang.reflect.Method.invoke|junit.framework.TestCase.runTest|junit.framework.TestCase.runBare|junit.framework.TestResult$1.protect	18
c71	FT	1	com.alibaba.json.bvt.parser.DefaultExtJSONParserTest_0#test_2	PASS				265
c71	FT	2	com.alibaba.json.bvt.parser.DefaultExtJSONParser_parseArray#test_8	FAIL	java.lang.AssertionError	expected:<Sun Jan 09 05:49:53 UTC 2011> but was:<Sun Jan 09 13:49:53 UTC 2011>	org.junit.Assert.fail|org.junit.Assert.failNotEquals|org.junit.Assert.assertEquals|org.junit.Assert.assertEquals|com.alibaba.json.bvt.parser.DefaultExtJSONParser_parseArray.test_8|sun.reflect.NativeMethodAccessorImpl.invoke0|sun.reflect.NativeMethodAccessorImpl.invoke|sun.reflect.DelegatingMethodAccessorImpl.invoke|java.lang.reflect.Method.invoke|junit.framework.TestCase.runTest|junit.framework.TestCase.runBare|junit.framework.TestResult$1.protect	21
c72	FT	1	com.alibaba.json.bvt.parser.DefaultExtJSONParserTest_0#test_3	PASS				284
c72	FT	2	com.alibaba.json.bvt.parser.DefaultExtJSONParser_parseArray#test_8	FAIL	java.lang.AssertionError	expected:<Sun Jan 09 05:49:53 UTC 2011> but was:<Sun Jan 09 13:49:53 UTC 2011>	org.junit.Assert.fail|org.junit.Assert.failNotEquals|org.junit.Assert.assertEquals|org.junit.Assert.assertEquals|com.alibaba.json.bvt.parser.DefaultExtJSONParser_parseArray.test_8|sun.reflect.NativeMethodAccessorImpl.invoke0|sun.reflect.NativeMethodAccessorImpl.invoke|sun.reflect.DelegatingMethodAccessorImpl.invoke|java.lang.reflect.Method.invoke|junit.framework.TestCase.runTest|junit.framework.TestCase.runBare|junit.framework.TestResult$1.protect	19
c73	FT	1	com.alibaba.json.bvt.parser.DefaultExtJSONParserTest_0#test_error_0	PASS				281
c73	FT	2	com.alibaba.json.bvt.parser.DefaultExtJSONParser_parseArray#test_8	FAIL	java.lang.AssertionError	expected:<Sun Jan 09 05:49:53 UTC 2011> but was:<Sun Jan 09 13:49:53 UTC 2011>	org.junit.Assert.fail|org.junit.Assert.failNotEquals|org.junit.Assert.assertEquals|org.junit.Assert.assertEquals|com.alibaba.json.bvt.parser.DefaultExtJSONParser_parseArray.test_8|sun.reflect.NativeMethodAccessorImpl.invoke0|sun.reflect.NativeMethodAccessorImpl.invoke|sun.reflect.DelegatingMethodAccessorImpl.invoke|java.lang.reflect.Method.invoke|junit.framework.TestCase.runTest|junit.framework.TestCase.runBare|junit.framework.TestResult$1.protect	18
c74	FT	1	com.alibaba.json.bvt.parser.DefaultExtJSONParserTest_0#test_error_1	PASS				272
c74	FT	2	com.alibaba.json.bvt.parser.DefaultExtJSONParser_parseArray#test_8	FAIL	java.lang.AssertionError	expected:<Sun Jan 09 05:49:53 UTC 2011> but was:<Sun Jan 09 13:49:53 UTC 2011>	org.junit.Assert.fail|org.junit.Assert.failNotEquals|org.junit.Assert.assertEquals|org.junit.Assert.assertEquals|com.alibaba.json.bvt.parser.DefaultExtJSONParser_parseArray.test_8|sun.reflect.NativeMethodAccessorImpl.invoke0|sun.reflect.NativeMethodAccessorImpl.invoke|sun.reflect.DelegatingMethodAccessorImpl.invoke|java.lang.reflect.Method.invoke|junit.framework.TestCase.runTest|junit.framework.TestCase.runBare|junit.framework.TestResult$1.protect	18
c75	FT	1	com.alibaba.json.bvt.parser.DefaultExtJSONParserTest_0#test_error_2	PASS				261
c75	FT	2	com.alibaba.json.bvt.parser.DefaultExtJSONParser_parseArray#test_8	FAIL	java.lang.AssertionError	expected:<Sun Jan 09 05:49:53 UTC 2011> but was:<Sun Jan 09 13:49:53 UTC 2011>	org.junit.Assert.fail|org.junit.Assert.failNotEquals|org.junit.Assert.assertEquals|org.junit.Assert.assertEquals|com.alibaba.json.bvt.parser.DefaultExtJSONParser_parseArray.test_8|sun.reflect.NativeMethodAccessorImpl.invoke0|sun.reflect.NativeMethodAccessorImpl.invoke|sun.reflect.DelegatingMethodAccessorImpl.invoke|java.lang.reflect.Method.invoke|junit.framework.TestCase.runTest|junit.framework.TestCase.runBare|junit.framework.TestResult$1.protect	16
c76	FT	1	com.alibaba.json.bvt.parser.DefaultExtJSONParserTest_0#test_error_3	PASS				274
c76	FT	2	com.alibaba.json.bvt.parser.DefaultExtJSONParser_parseArray#test_8	FAIL	java.lang.AssertionError	expected:<Sun Jan 09 05:49:53 UTC 2011> but was:<Sun Jan 09 13:49:53 UTC 2011>	org.junit.Assert.fail|org.junit.Assert.failNotEquals|org.junit.Assert.assertEquals|org.junit.Assert.assertEquals|com.alibaba.json.bvt.parser.DefaultExtJSONParser_parseArray.test_8|sun.reflect.NativeMethodAccessorImpl.invoke0|sun.reflect.NativeMethodAccessorImpl.invoke|sun.reflect.DelegatingMethodAccessorImpl.invoke|java.lang.reflect.Method.invoke|junit.framework.TestCase.runTest|junit.framework.TestCase.runBare|junit.framework.TestResult$1.protect	18
c77	FT	1	com.alibaba.json.bvt.parser.DefaultExtJSONParserTest_0#test_error_4	PASS				287
c77	FT	2	com.alibaba.json.bvt.parser.DefaultExtJSONParser_parseArray#test_8	FAIL	java.lang.AssertionError	expected:<Sun Jan 09 05:49:53 UTC 2011> but was:<Sun Jan 09 13:49:53 UTC 2011>	org.junit.Assert.fail|org.junit.Assert.failNotEquals|org.junit.Assert.assertEquals|org.junit.Assert.assertEquals|com.alibaba.json.bvt.parser.DefaultExtJSONParser_parseArray.test_8|sun.reflect.NativeMethodAccessorImpl.invoke0|sun.reflect.NativeMethodAccessorImpl.invoke|sun.reflect.DelegatingMethodAccessorImpl.invoke|java.lang.reflect.Method.invoke|junit.framework.TestCase.runTest|junit.framework.TestCase.runBare|junit.framework.TestResult$1.protect	18
c78	FT	1	com.alibaba.json.bvt.parser.DefaultExtJSONParserTest_1#test_0	PASS				338
c78	FT	2	com.alibaba.json.bvt.parser.DefaultExtJSONParser_parseArray#test_8	FAIL	java.lang.AssertionError	expected:<Sun Jan 09 05:49:53 UTC 2011> but was:<Sun Jan 09 13:49:53 UTC 2011>	org.junit.Assert.fail|org.junit.Assert.failNotEquals|org.junit.Assert.assertEquals|org.junit.Assert.assertEquals|com.alibaba.json.bvt.parser.DefaultExtJSONParser_parseArray.test_8|sun.reflect.NativeMethodAccessorImpl.invoke0|sun.reflect.NativeMethodAccessorImpl.invoke|sun.reflect.DelegatingMethodAccessorImpl.invoke|java.lang.reflect.Method.invoke|junit.framework.TestCase.runTest|junit.framework.TestCase.runBare|junit.framework.TestResult$1.protect	18
c79	FT	1	com.alibaba.json.bvt.parser.DefaultExtJSONParserTest_1#test_1	PASS				286
c79	FT	2	com.alibaba.json.bvt.parser.DefaultExtJSONParser_parseArray#test_8	FAIL	java.lang.AssertionError	expected:<Sun Jan 09 05:49:53 UTC 2011> but was:<Sun Jan 09 13:49:53 UTC 2011>	org.junit.Assert.fail|org.junit.Assert.failNotEquals|org.junit.Assert.assertEquals|org.junit.Assert.assertEquals|com.alibaba.json.bvt.parser.DefaultExtJSONParser_parseArray.test_8|sun.reflect.NativeMethodAccessorImpl.invoke0|sun.reflect.NativeMethodAccessorImpl.invoke|sun.reflect.DelegatingMethodAccessorImpl.invoke|java.lang.reflect.Method.invoke|junit.framework.TestCase.runTest|junit.framework.TestCase.runBare|junit.framework.TestResult$1.protect	17
c80	FT	1	com.alibaba.json.bvt.parser.DefaultExtJSONParserTest_2#test_0	PASS				323
c80	FT	2	com.alibaba.json.bvt.parser.DefaultExtJSONParser_parseArray#test_8	FAIL	java.lang.AssertionError	expected:<Sun Jan 09 05:49:53 UTC 2011> but was:<Sun Jan 09 13:49:53 UTC 2011>	org.junit.Assert.fail|org.junit.Assert.failNotEquals|org.junit.Assert.assertEquals|org.junit.Assert.assertEquals|com.alibaba.json.bvt.parser.DefaultExtJSONParser_parseArray.test_8|sun.reflect.NativeMethodAccessorImpl.invoke0|sun.reflect.NativeMethodAccessorImpl.invoke|sun.reflect.DelegatingMethodAccessorImpl.invoke|java.lang.reflect.Method.invoke|junit.framework.TestCase.runTest|junit.framework.TestCase.runBare|junit.framework.TestResult$1.protect	16
c81	FT	1	com.alibaba.json.bvt.parser.DefaultExtJSONParserTest_2#test_1	PASS				314
c81	FT	2	com.alibaba.json.bvt.parser.DefaultExtJSONParser_parseArray#test_8	FAIL	java.lang.AssertionError	expected:<Sun Jan 09 05:49:53 UTC 2011> but was:<Sun Jan 09 13:49:53 UTC 2011>	org.junit.Assert.fail|org.junit.Assert.failNotEquals|org.junit.Assert.assertEquals|org.junit.Assert.assertEquals|com.alibaba.json.bvt.parser.DefaultExtJSONParser_parseArray.test_8|sun.reflect.NativeMethodAccessorImpl.invoke0|sun.reflect.NativeMethodAccessorImpl.invoke|sun.reflect.DelegatingMethodAccessorImpl.invoke|java.lang.reflect.Method.invoke|junit.framework.TestCase.runTest|junit.framework.TestCase.runBare|junit.framework.TestResult$1.protect	15
c82	FT	1	com.alibaba.json.bvt.parser.DefaultExtJSONParserTest_2#test_2	PASS				248
c82	FT	2	com.alibaba.json.bvt.parser.DefaultExtJSONParser_parseArray#test_8	FAIL	java.lang.AssertionError	expected:<Sun Jan 09 05:49:53 UTC 2011> but was:<Sun Jan 09 13:49:53 UTC 2011>	org.junit.Assert.fail|org.junit.Assert.failNotEquals|org.junit.Assert.assertEquals|org.junit.Assert.assertEquals|com.alibaba.json.bvt.parser.DefaultExtJSONParser_parseArray.test_8|sun.reflect.NativeMethodAccessorImpl.invoke0|sun.reflect.NativeMethodAccessorImpl.invoke|sun.reflect.DelegatingMethodAccessorImpl.invoke|java.lang.reflect.Method.invoke|junit.framework.TestCase.runTest|junit.framework.TestCase.runBare|junit.framework.TestResult$1.protect	18
c83	FT	1	com.alibaba.json.bvt.parser.DefaultExtJSONParserTest_2#test_3	PASS				267
c83	FT	2	com.alibaba.json.bvt.parser.DefaultExtJSONParser_parseArray#test_8	FAIL	java.lang.AssertionError	expected:<Sun Jan 09 05:49:53 UTC 2011> but was:<Sun Jan 09 13:49:53 UTC 2011>	org.junit.Assert.fail|org.junit.Assert.failNotEquals|org.junit.Assert.assertEquals|org.junit.Assert.assertEquals|com.alibaba.json.bvt.parser.DefaultExtJSONParser_parseArray.test_8|sun.reflect.NativeMethodAccessorImpl.invoke0|sun.reflect.NativeMethodAccessorImpl.invoke|sun.reflect.DelegatingMethodAccessorImpl.invoke|java.lang.reflect.Method.invoke|junit.framework.TestCase.runTest|junit.framework.TestCase.runBare|junit.framework.TestResult$1.protect	20
c84	FT	1	com.alibaba.json.bvt.parser.DefaultExtJSONParserTest_2#test_4	PASS				267
c84	FT	2	com.alibaba.json.bvt.parser.DefaultExtJSONParser_parseArray#test_8	FAIL	java.lang.AssertionError	expected:<Sun Jan 09 05:49:53 UTC 2011> but was:<Sun Jan 09 13:49:53 UTC 2011>	org.junit.Assert.fail|org.junit.Assert.failNotEquals|org.junit.Assert.assertEquals|org.junit.Assert.assertEquals|com.alibaba.json.bvt.parser.DefaultExtJSONParser_parseArray.test_8|sun.reflect.NativeMethodAccessorImpl.invoke0|sun.reflect.NativeMethodAccessorImpl.invoke|sun.reflect.DelegatingMethodAccessorImpl.invoke|java.lang.reflect.Method.invoke|junit.framework.TestCase.runTest|junit.framework.TestCase.runBare|junit.framework.TestResult$1.protect	19
c85	FT	1	com.alibaba.json.bvt.parser.DefaultExtJSONParserTest_2#test_error_0	PASS				276
c85	FT	2	com.alibaba.json.bvt.parser.DefaultExtJSONParser_parseArray#test_8	FAIL	java.lang.AssertionError	expected:<Sun Jan 09 05:49:53 UTC 2011> but was:<Sun Jan 09 13:49:53 UTC 2011>	org.junit.Assert.fail|org.junit.Assert.failNotEquals|org.junit.Assert.assertEquals|org.junit.Assert.assertEquals|com.alibaba.json.bvt.parser.DefaultExtJSONParser_parseArray.test_8|sun.reflect.NativeMethodAccessorImpl.invoke0|sun.reflect.NativeMethodAccessorImpl.invoke|sun.reflect.DelegatingMethodAccessorImpl.invoke|java.lang.reflect.Method.invoke|junit.framework.TestCase.runTest|junit.framework.TestCase.runBare|junit.framework.TestResult$1.protect	18
c86	FT	1	com.alibaba.json.bvt.parser.DefaultExtJSONParserTest_2#test_error_1	PASS				318
c86	FT	2	com.alibaba.json.bvt.parser.DefaultExtJSONParser_parseArray#test_8	FAIL	java.lang.AssertionError	expected:<Sun Jan 09 05:49:53 UTC 2011> but was:<Sun Jan 09 13:49:53 UTC 2011>	org.junit.Assert.fail|org.junit.Assert.failNotEquals|org.junit.Assert.assertEquals|org.junit.Assert.assertEquals|com.alibaba.json.bvt.parser.DefaultExtJSONParser_parseArray.test_8|sun.reflect.NativeMethodAccessorImpl.invoke0|sun.reflect.NativeMethodAccessorImpl.invoke|sun.reflect.DelegatingMethodAccessorImpl.invoke|java.lang.reflect.Method.invoke|junit.framework.TestCase.runTest|junit.framework.TestCase.runBare|junit.framework.TestResult$1.protect	27
c87	FT	1	com.alibaba.json.bvt.parser.DefaultExtJSONParserTest_2#test_error_2	PASS				369
c87	FT	2	com.alibaba.json.bvt.parser.DefaultExtJSONParser_parseArray#test_8	FAIL	java.lang.AssertionError	expected:<Sun Jan 09 05:49:53 UTC 2011> but was:<Sun Jan 09 13:49:53 UTC 2011>	org.junit.Assert.fail|org.junit.Assert.failNotEquals|org.junit.Assert.assertEquals|org.junit.Assert.assertEquals|com.alibaba.json.bvt.parser.DefaultExtJSONParser_parseArray.test_8|sun.reflect.NativeMethodAccessorImpl.invoke0|sun.reflect.NativeMethodAccessorImpl.invoke|sun.reflect.DelegatingMethodAccessorImpl.invoke|java.lang.reflect.Method.invoke|junit.framework.TestCase.runTest|junit.framework.TestCase.runBare|junit.framework.TestResult$1.protect	22
c88	FT	1	com.alibaba.json.bvt.parser.DefaultExtJSONParserTest_2#test_error_3	PASS				337
c88	FT	2	com.alibaba.json.bvt.parser.DefaultExtJSONParser_parseArray#test_8	FAIL	java.lang.AssertionError	expected:<Sun Jan 09 05:49:53 UTC 2011> but was:<Sun Jan 09 13:49:53 UTC 2011>	org.junit.Assert.fail|org.junit.Assert.failNotEquals|org.junit.Assert.assertEquals|org.junit.Assert.assertEquals|com.alibaba.json.bvt.parser.DefaultExtJSONParser_parseArray.test_8|sun.reflect.NativeMethodAccessorImpl.invoke0|sun.reflect.NativeMethodAccessorImpl.invoke|sun.reflect.DelegatingMethodAccessorImpl.invoke|java.lang.reflect.Method.invoke|junit.framework.TestCase.runTest|junit.framework.TestCase.runBare|junit.framework.TestResult$1.protect	19
c89	FT	1	com.alibaba.json.bvt.parser.DefaultExtJSONParserTest_2#test_error_4	PASS				305
c89	FT	2	com.alibaba.json.bvt.parser.DefaultExtJSONParser_parseArray#test_8	FAIL	java.lang.AssertionError	expected:<Sun Jan 09 05:49:53 UTC 2011> but was:<Sun Jan 09 13:49:53 UTC 2011>	org.junit.Assert.fail|org.junit.Assert.failNotEquals|org.junit.Assert.assertEquals|org.junit.Assert.assertEquals|com.alibaba.json.bvt.parser.DefaultExtJSONParser_parseArray.test_8|sun.reflect.NativeMethodAccessorImpl.invoke0|sun.reflect.NativeMethodAccessorImpl.invoke|sun.reflect.DelegatingMethodAccessorImpl.invoke|java.lang.reflect.Method.invoke|junit.framework.TestCase.runTest|junit.framework.TestCase.runBare|junit.framework.TestResult$1.protect	17
c90	FT	1	com.alibaba.json.bvt.parser.DefaultExtJSONParserTest_2#test_error_5	PASS				312
c90	FT	2	com.alibaba.json.bvt.parser.DefaultExtJSONParser_parseArray#test_8	FAIL	java.lang.AssertionError	expected:<Sun Jan 09 05:49:53 UTC 2011> but was:<Sun Jan 09 13:49:53 UTC 2011>	org.junit.Assert.fail|org.junit.Assert.failNotEquals|org.junit.Assert.assertEquals|org.junit.Assert.assertEquals|com.alibaba.json.bvt.parser.DefaultExtJSONParser_parseArray.test_8|sun.reflect.NativeMethodAccessorImpl.invoke0|sun.reflect.NativeMethodAccessorImpl.invoke|sun.reflect.DelegatingMethodAccessorImpl.invoke|java.lang.reflect.Method.invoke|junit.framework.TestCase.runTest|junit.framework.TestCase.runBare|junit.framework.TestResult$1.protect	17
c91	FT	1	com.alibaba.json.bvt.parser.DefaultExtJSONParserTest_2#test_error_6	PASS				285
c91	FT	2	com.alibaba.json.bvt.parser.DefaultExtJSONParser_parseArray#test_8	FAIL	java.lang.AssertionError	expected:<Sun Jan 09 05:49:53 UTC 2011> but was:<Sun Jan 09 13:49:53 UTC 2011>	org.junit.Assert.fail|org.junit.Assert.failNotEquals|org.junit.Assert.assertEquals|org.junit.Assert.assertEquals|com.alibaba.json.bvt.parser.DefaultExtJSONParser_parseArray.test_8|sun.reflect.NativeMethodAccessorImpl.invoke0|sun.reflect.NativeMethodAccessorImpl.invoke|sun.reflect.DelegatingMethodAccessorImpl.invoke|java.lang.reflect.Method.invoke|junit.framework.TestCase.runTest|junit.framework.TestCase.runBare|junit.framework.TestResult$1.protect	18
c92	FT	1	com.alibaba.json.bvt.parser.DefaultExtJSONParserTest_3#test_0	PASS				321
c92	FT	2	com.alibaba.json.bvt.parser.DefaultExtJSONParser_parseArray#test_8	FAIL	java.lang.AssertionError	expected:<Sun Jan 09 05:49:53 UTC 2011> but was:<Sun Jan 09 13:49:53 UTC 2011>	org.junit.Assert.fail|org.junit.Assert.failNotEquals|org.junit.Assert.assertEquals|org.junit.Assert.assertEquals|com.alibaba.json.bvt.parser.DefaultExtJSONParser_parseArray.test_8|sun.reflect.NativeMethodAccessorImpl.invoke0|sun.reflect.NativeMethodAccessorImpl.invoke|sun.reflect.DelegatingMethodAccessorImpl.invoke|java.lang.reflect.Method.invoke|junit.framework.TestCase.runTest|junit.framework.TestCase.runBare|junit.framework.TestResult$1.protect	18
c93	FT	1	com.alibaba.json.bvt.parser.DefaultExtJSONParserTest_3#test_1	PASS				289
c93	FT	2	com.alibaba.json.bvt.parser.DefaultExtJSONParser_parseArray#test_8	FAIL	java.lang.AssertionError	expected:<Sun Jan 09 05:49:53 UTC 2011> but was:<Sun Jan 09 13:49:53 UTC 2011>	org.junit.Assert.fail|org.junit.Assert.failNotEquals|org.junit.Assert.assertEquals|org.junit.Assert.assertEquals|com.alibaba.json.bvt.parser.DefaultExtJSONParser_parseArray.test_8|sun.reflect.NativeMethodAccessorImpl.invoke0|sun.reflect.NativeMethodAccessorImpl.invoke|sun.reflect.DelegatingMethodAccessorImpl.invoke|java.lang.reflect.Method.invoke|junit.framework.TestCase.runTest|junit.framework.TestCase.runBare|junit.framework.TestResult$1.protect	16
c94	FT	1	com.alibaba.json.bvt.parser.DefaultExtJSONParserTest_3#test_2	PASS				283
c94	FT	2	com.alibaba.json.bvt.parser.DefaultExtJSONParser_parseArray#test_8	FAIL	java.lang.AssertionError	expected:<Sun Jan 09 05:49:53 UTC 2011> but was:<Sun Jan 09 13:49:53 UTC 2011>	org.junit.Assert.fail|org.junit.Assert.failNotEquals|org.junit.Assert.assertEquals|org.junit.Assert.assertEquals|com.alibaba.json.bvt.parser.DefaultExtJSONParser_parseArray.test_8|sun.reflect.NativeMethodAccessorImpl.invoke0|sun.reflect.NativeMethodAccessorImpl.invoke|sun.reflect.DelegatingMethodAccessorImpl.invoke|java.lang.reflect.Method.invoke|junit.framework.TestCase.runTest|junit.framework.TestCase.runBare|junit.framework.TestResult$1.protect	18
c95	FT	1	com.alibaba.json.bvt.parser.DefaultExtJSONParserTest_3#test_3	PASS				303
c95	FT	2	com.alibaba.json.bvt.parser.DefaultExtJSONParser_parseArray#test_8	FAIL	java.lang.AssertionError	expected:<Sun Jan 09 05:49:53 UTC 2011> but was:<Sun Jan 09 13:49:53 UTC 2011>	org.junit.Assert.fail|org.junit.Assert.failNotEquals|org.junit.Assert.assertEquals|org.junit.Assert.assertEquals|com.alibaba.json.bvt.parser.DefaultExtJSONParser_parseArray.test_8|sun.reflect.NativeMethodAccessorImpl.invoke0|sun.reflect.NativeMethodAccessorImpl.invoke|sun.reflect.DelegatingMethodAccessorImpl.invoke|java.lang.reflect.Method.invoke|junit.framework.TestCase.runTest|junit.framework.TestCase.runBare|junit.framework.TestResult$1.protect	18
c96	FT	1	com.alibaba.json.bvt.parser.DefaultExtJSONParserTest_3#test_4	PASS				289
c96	FT	2	com.alibaba.json.bvt.parser.DefaultExtJSONParser_parseArray#test_8	FAIL	java.lang.AssertionError	expected:<Sun Jan 09 05:49:53 UTC 2011> but was:<Sun Jan 09 13:49:53 UTC 2011>	org.junit.Assert.fail|org.junit.Assert.failNotEquals|org.junit.Assert.assertEquals|org.junit.Assert.assertEquals|com.alibaba.json.bvt.parser.DefaultExtJSONParser_parseArray.test_8|sun.reflect.NativeMethodAccessorImpl.invoke0|sun.reflect.NativeMethodAccessorImpl.invoke|sun.reflect.DelegatingMethodAccessorImpl.invoke|java.lang.reflect.Method.invoke|junit.framework.TestCase.runTest|junit.framework.TestCase.runBare|junit.framework.TestResult$1.protect	17
c97	FT	1	com.alibaba.json.bvt.parser.DefaultExtJSONParserTest_3#test_5	PASS				297
c97	FT	2	com.alibaba.json.bvt.parser.DefaultExtJSONParser_parseArray#test_8	FAIL	java.lang.AssertionError	expected:<Sun Jan 09 05:49:53 UTC 2011> but was:<Sun Jan 09 13:49:53 UTC 2011>	org.junit.Assert.fail|org.junit.Assert.failNotEquals|org.junit.Assert.assertEquals|org.junit.Assert.assertEquals|com.alibaba.json.bvt.parser.DefaultExtJSONParser_parseArray.test_8|sun.reflect.NativeMethodAccessorImpl.invoke0|sun.reflect.NativeMethodAccessorImpl.invoke|sun.reflect.DelegatingMethodAccessorImpl.invoke|java.lang.reflect.Method.invoke|junit.framework.TestCase.runTest|junit.framework.TestCase.runBare|junit.framework.TestResult$1.protect	16
c98	FT	1	com.alibaba.json.bvt.parser.DefaultExtJSONParserTest_3#test_6	PASS				254
c98	FT	2	com.alibaba.json.bvt.parser.DefaultExtJSONParser_parseArray#test_8	FAIL	java.lang.AssertionError	expected:<Sun Jan 09 05:49:53 UTC 2011> but was:<Sun Jan 09 13:49:53 UTC 2011>	org.junit.Assert.fail|org.junit.Assert.failNotEquals|org.junit.Assert.assertEquals|org.junit.Assert.assertEquals|com.alibaba.json.bvt.parser.DefaultExtJSONParser_parseArray.test_8|sun.reflect.NativeMethodAccessorImpl.invoke0|sun.reflect.NativeMethodAccessorImpl.invoke|sun.reflect.DelegatingMethodAccessorImpl.invoke|java.lang.reflect.Method.invoke|junit.framework.TestCase.runTest|junit.framework.TestCase.runBare|junit.framework.TestResult$1.protect	18
c99	FT	1	com.alibaba.json.bvt.parser.DefaultExtJSONParserTest_3#test_7	PASS				299
c99	FT	2	com.alibaba.json.bvt.parser.DefaultExtJSONParser_parseArray#test_8	FAIL	java.lang.AssertionError	expected:<Sun Jan 09 05:49:53 UTC 2011> but was:<Sun Jan 09 13:49:53 UTC 2011>	org.junit.Assert.fail|org.junit.Assert.failNotEquals|org.junit.Assert.assertEquals|org.junit.Assert.assertEquals|com.alibaba.json.bvt.parser.DefaultExtJSONParser_parseArray.test_8|sun.reflect.NativeMethodAccessorImpl.invoke0|sun.reflect.NativeMethodAccessorImpl.invoke|sun.reflect.DelegatingMethodAccessorImpl.invoke|java.lang.reflect.Method.invoke|junit.framework.TestCase.runTest|junit.framework.TestCase.runBare|junit.framework.TestResult$1.protect	18
c100	FT	1	com.alibaba.json.bvt.parser.DefaultExtJSONParserTest_4#test_0	PASS				271
c100	FT	2	com.alibaba.json.bvt.parser.DefaultExtJSONParser_parseArray#test_8	FAIL	java.lang.AssertionError	expected:<Sun Jan 09 05:49:53 UTC 2011> but was:<Sun Jan 09 13:49:53 UTC 2011>	org.junit.Assert.fail|org.junit.Assert.failNotEquals|org.junit.Assert.assertEquals|org.junit.Assert.assertEquals|com.alibaba.json.bvt.parser.DefaultExtJSONParser_parseArray.test_8|sun.reflect.NativeMethodAccessorImpl.invoke0|sun.reflect.NativeMethodAccessorImpl.invoke|sun.reflect.DelegatingMethodAccessorImpl.invoke|java.lang.reflect.Method.invoke|junit.framework.TestCase.runTest|junit.framework.TestCase.runBare|junit.framework.TestResult$1.protect	18
c101	FT	1	com.alibaba.json.bvt.parser.DefaultExtJSONParserTest_4#test_1	PASS				263
c101	FT	2	com.alibaba.json.bvt.parser.DefaultExtJSONParser_parseArray#test_8	FAIL	java.lang.AssertionError	expected:<Sun Jan 09 05:49:53 UTC 2011> but was:<Sun Jan 09 13:49:53 UTC 2011>	org.junit.Assert.fail|org.junit.Assert.failNotEquals|org.junit.Assert.assertEquals|org.junit.Assert.assertEquals|com.alibaba.json.bvt.parser.DefaultExtJSONParser_parseArray.test_8|sun.reflect.NativeMethodAccessorImpl.invoke0|sun.reflect.NativeMethodAccessorImpl.invoke|sun.reflect.DelegatingMethodAccessorImpl.invoke|java.lang.reflect.Method.invoke|junit.framework.TestCase.runTest|junit.framework.TestCase.runBare|junit.framework.TestResult$1.protect	19
c102	FT	1	com.alibaba.json.bvt.parser.DefaultExtJSONParserTest_4#test_2	PASS				-458
c102	FT	2	com.alibaba.json.bvt.parser.DefaultExtJSONParser_parseArray#test_8	FAIL	java.lang.AssertionError	expected:<Sun Jan 09 05:49:53 UTC 2011> but was:<Sun Jan 09 13:49:53 UTC 2011>	org.junit.Assert.fail|org.junit.Assert.failNotEquals|org.junit.Assert.assertEquals|org.junit.Assert.assertEquals|com.alibaba.json.bvt.parser.DefaultExtJSONParser_parseArray.test_8|sun.reflect.NativeMethodAccessorImpl.invoke0|sun.reflect.NativeMethodAccessorImpl.invoke|sun.reflect.DelegatingMethodAccessorImpl.invoke|java.lang.reflect.Method.invoke|junit.framework.TestCase.runTest|junit.framework.TestCase.runBare|junit.framework.TestResult$1.protect	19
c103	FT	1	com.alibaba.json.bvt.parser.DefaultExtJSONParserTest_5#test_0	PASS				305
c103	FT	2	com.alibaba.json.bvt.parser.DefaultExtJSONParser_parseArray#test_8	FAIL	java.lang.AssertionError	expected:<Sun Jan 09 05:49:53 UTC 2011> but was:<Sun Jan 09 13:49:53 UTC 2011>	org.junit.Assert.fail|org.junit.Assert.failNotEquals|org.junit.Assert.assertEquals|org.junit.Assert.assertEquals|com.alibaba.json.bvt.parser.DefaultExtJSONParser_parseArray.test_8|sun.reflect.NativeMethodAccessorImpl.invoke0|sun.reflect.NativeMethodAccessorImpl.invoke|sun.reflect.DelegatingMethodAccessorImpl.invoke|java.lang.reflect.Method.invoke|junit.framework.TestCase.runTest|junit.framework.TestCase.runBare|junit.framework.TestResult$1.protect	19
c104	FT	1	com.alibaba.json.bvt.parser.DefaultExtJSONParserTest_5#test_1	PASS				294
c104	FT	2	com.alibaba.json.bvt.parser.DefaultExtJSONParser_parseArray#test_8	FAIL	java.lang.AssertionError	expected:<Sun Jan 09 05:49:53 UTC 2011> but was:<Sun Jan 09 13:49:53 UTC 2011>	org.junit.Assert.fail|org.junit.Assert.failNotEquals|org.junit.Assert.assertEquals|org.junit.Assert.assertEquals|com.alibaba.json.bvt.parser.DefaultExtJSONParser_parseArray.test_8|sun.reflect.NativeMethodAccessorImpl.invoke0|sun.reflect.NativeMethodAccessorImpl.invoke|sun.reflect.DelegatingMethodAccessorImpl.invoke|java.lang.reflect.Method.invoke|junit.framework.TestCase.runTest|junit.framework.TestCase.runBare|junit.framework.TestResult$1.protect	16
c105	FT	1	com.alibaba.json.bvt.parser.DefaultExtJSONParserTest_6#test_0	PASS				301
c105	FT	2	com.alibaba.json.bvt.parser.DefaultExtJSONParser_parseArray#test_8	FAIL	java.lang.AssertionError	expected:<Sun Jan 09 05:49:53 UTC 2011> but was:<Sun Jan 09 13:49:53 UTC 2011>	org.junit.Assert.fail|org.junit.Assert.failNotEquals|org.junit.Assert.assertEquals|org.junit.Assert.assertEquals|com.alibaba.json.bvt.parser.DefaultExtJSONParser_parseArray.test_8|sun.reflect.NativeMethodAccessorImpl.invoke0|sun.reflect.NativeMethodAccessorImpl.invoke|sun.reflect.DelegatingMethodAccessorImpl.invoke|java.lang.reflect.Method.invoke|junit.framework.TestCase.runTest|junit.framework.TestCase.runBare|junit.framework.TestResult$1.protect	18
c106	FT	1	com.alibaba.json.bvt.parser.DefaultExtJSONParserTest_6#test_1	PASS				295
c106	FT	2	com.alibaba.json.bvt.parser.DefaultExtJSONParser_parseArray#test_8	FAIL	java.lang.AssertionError	expected:<Sun Jan 09 05:49:53 UTC 2011> but was:<Sun Jan 09 13:49:53 UTC 2011>	org.junit.Assert.fail|org.junit.Assert.failNotEquals|org.junit.Assert.assertEquals|org.junit.Assert.assertEquals|com.alibaba.json.bvt.parser.DefaultExtJSONParser_parseArray.test_8|sun.reflect.NativeMethodAccessorImpl.invoke0|sun.reflect.NativeMethodAccessorImpl.invoke|sun.reflect.DelegatingMethodAccessorImpl.invoke|java.lang.reflect.Method.invoke|junit.framework.TestCase.runTest|junit.framework.TestCase.runBare|junit.framework.TestResult$1.protect	18
c107	FT	1	com.alibaba.json.bvt.parser.DefaultExtJSONParserTest_7#test_parse	PASS				261
c107	FT	2	com.alibaba.json.bvt.parser.DefaultExtJSONParser_parseArray#test_8	FAIL	java.lang.AssertionError	expected:<Sun Jan 09 05:49:53 UTC 2011> but was:<Sun Jan 09 13:49:53 UTC 2011>	org.junit.Assert.fail|org.junit.Assert.failNotEquals|org.junit.Assert.assertEquals|org.junit.Assert.assertEquals|com.alibaba.json.bvt.parser.DefaultExtJSONParser_parseArray.test_8|sun.reflect.NativeMethodAccessorImpl.invoke0|sun.reflect.NativeMethodAccessorImpl.invoke|sun.reflect.DelegatingMethodAccessorImpl.invoke|java.lang.reflect.Method.invoke|junit.framework.TestCase.runTest|junit.framework.TestCase.runBare|junit.framework.TestResult$1.protect	21
c108	FT	1	com.alibaba.json.bvt.parser.DefaultExtJSONParserTest_7#test_parseArray	PASS				257
c108	FT	2	com.alibaba.json.bvt.parser.DefaultExtJSONParser_parseArray#test_8	FAIL	java.lang.AssertionError	expected:<Sun Jan 09 05:49:53 UTC 2011> but was:<Sun Jan 09 13:49:53 UTC 2011>	org.junit.Assert.fail|org.junit.Assert.failNotEquals|org.junit.Assert.assertEquals|org.junit.Assert.assertEquals|com.alibaba.json.bvt.parser.DefaultExtJSONParser_parseArray.test_8|sun.reflect.NativeMethodAccessorImpl.invoke0|sun.reflect.NativeMethodAccessorImpl.invoke|sun.reflect.DelegatingMethodAccessorImpl.invoke|java.lang.reflect.Method.invoke|junit.framework.TestCase.runTest|junit.framework.TestCase.runBare|junit.framework.TestResult$1.protect	18
c109	FT	1	com.alibaba.json.bvt.parser.DefaultExtJSONParserTest_7#test_parseArray_error	PASS				259
c109	FT	2	com.alibaba.json.bvt.parser.DefaultExtJSONParser_parseArray#test_8	FAIL	java.lang.AssertionError	expected:<Sun Jan 09 05:49:53 UTC 2011> but was:<Sun Jan 09 13:49:53 UTC 2011>	org.junit.Assert.fail|org.junit.Assert.failNotEquals|org.junit.Assert.assertEquals|org.junit.Assert.assertEquals|com.alibaba.json.bvt.parser.DefaultExtJSONParser_parseArray.test_8|sun.reflect.NativeMethodAccessorImpl.invoke0|sun.reflect.NativeMethodAccessorImpl.invoke|sun.reflect.DelegatingMethodAccessorImpl.invoke|java.lang.reflect.Method.invoke|junit.framework.TestCase.runTest|junit.framework.TestCase.runBare|junit.framework.TestResult$1.protect	19
c110	FT	1	com.alibaba.json.bvt.parser.DefaultExtJSONParserTest_7#test_parse_str	PASS				289
c110	FT	2	com.alibaba.json.bvt.parser.DefaultExtJSONParser_parseArray#test_8	FAIL	java.lang.AssertionError	expected:<Sun Jan 09 05:49:53 UTC 2011> but was:<Sun Jan 09 13:49:53 UTC 2011>	org.junit.Assert.fail|org.junit.Assert.failNotEquals|org.junit.Assert.assertEquals|org.junit.Assert.assertEquals|com.alibaba.json.bvt.parser.DefaultExtJSONParser_parseArray.test_8|sun.reflect.NativeMethodAccessorImpl.invoke0|sun.reflect.NativeMethodAccessorImpl.invoke|sun.reflect.DelegatingMethodAccessorImpl.invoke|java.lang.reflect.Method.invoke|junit.framework.TestCase.runTest|junit.framework.TestCase.runBare|junit.framework.TestResult$1.protect	18
c111	FT	1	com.alibaba.json.bvt.parser.DefaultExtJSONParser_parseArray#test_0	PASS				276
c111	FT	2	com.alibaba.json.bvt.parser.DefaultExtJSONParser_parseArray#test_8	FAIL	java.lang.AssertionError	expected:<Sun Jan 09 05:49:53 UTC 2011> but was:<Sun Jan 09 13:49:53 UTC 2011>	org.junit.Assert.fail|org.junit.Assert.failNotEquals|org.junit.Assert.assertEquals|org.junit.Assert.assertEquals|com.alibaba.json.bvt.parser.DefaultExtJSONParser_parseArray.test_8|sun.reflect.NativeMethodAccessorImpl.invoke0|sun.reflect.NativeMethodAccessorImpl.invoke|sun.reflect.DelegatingMethodAccessorImpl.invoke|java.lang.reflect.Method.invoke|junit.framework.TestCase.runTest|junit.framework.TestCase.runBare|junit.framework.TestResult$1.protect	17
c112	FT	1	com.alibaba.json.bvt.parser.DefaultExtJSONParser_parseArray#test_1	PASS				252
c112	FT	2	com.alibaba.json.bvt.parser.DefaultExtJSONParser_parseArray#test_8	FAIL	java.lang.AssertionError	expected:<Sun Jan 09 05:49:53 UTC 2011> but was:<Sun Jan 09 13:49:53 UTC 2011>	org.junit.Assert.fail|org.junit.Assert.failNotEquals|org.junit.Assert.assertEquals|org.junit.Assert.assertEquals|com.alibaba.json.bvt.parser.DefaultExtJSONParser_parseArray.test_8|sun.reflect.NativeMethodAccessorImpl.invoke0|sun.reflect.NativeMethodAccessorImpl.invoke|sun.reflect.DelegatingMethodAccessorImpl.invoke|java.lang.reflect.Method.invoke|junit.framework.TestCase.runTest|junit.framework.TestCase.runBare|junit.framework.TestResult$1.protect	17
c113	FT	1	com.alibaba.json.bvt.parser.DefaultExtJSONParser_parseArray#test_10	PASS				281
c113	FT	2	com.alibaba.json.bvt.parser.DefaultExtJSONParser_parseArray#test_8	FAIL	java.lang.AssertionError	expected:<Sun Jan 09 05:49:53 UTC 2011> but was:<Sun Jan 09 13:49:53 UTC 2011>	org.junit.Assert.fail|org.junit.Assert.failNotEquals|org.junit.Assert.assertEquals|org.junit.Assert.assertEquals|com.alibaba.json.bvt.parser.DefaultExtJSONParser_parseArray.test_8|sun.reflect.NativeMethodAccessorImpl.invoke0|sun.reflect.NativeMethodAccessorImpl.invoke|sun.reflect.DelegatingMethodAccessorImpl.invoke|java.lang.reflect.Method.invoke|junit.framework.TestCase.runTest|junit.framework.TestCase.runBare|junit.framework.TestResult$1.protect	17
c114	FT	1	com.alibaba.json.bvt.parser.DefaultExtJSONParser_parseArray#test_11	PASS				282
c114	FT	2	com.alibaba.json.bvt.parser.DefaultExtJSONParser_parseArray#test_8	FAIL	java.lang.AssertionError	expected:<Sun Jan 09 05:49:53 UTC 2011> but was:<Sun Jan 09 13:49:53 UTC 2011>	org.junit.Assert.fail|org.junit.Assert.failNotEquals|org.junit.Assert.assertEquals|org.junit.Assert.assertEquals|com.alibaba.json.bvt.parser.DefaultExtJSONParser_parseArray.test_8|sun.reflect.NativeMethodAccessorImpl.invoke0|sun.reflect.NativeMethodAccessorImpl.invoke|sun.reflect.DelegatingMethodAccessorImpl.invoke|java.lang.reflect.Method.invoke|junit.framework.TestCase.runTest|junit.framework.TestCase.runBare|junit.framework.TestResult$1.protect	16
c115	FT	1	com.alibaba.json.bvt.parser.DefaultExtJSONParser_parseArray#test_12	PASS				291
c115	FT	2	com.alibaba.json.bvt.parser.DefaultExtJSONParser_parseArray#test_8	FAIL	java.lang.AssertionError	expected:<Sun Jan 09 05:49:53 UTC 2011> but was:<Sun Jan 09 13:49:53 UTC 2011>	org.junit.Assert.fail|org.junit.Assert.failNotEquals|org.junit.Assert.assertEquals|org.junit.Assert.assertEquals|com.alibaba.json.bvt.parser.DefaultExtJSONParser_parseArray.test_8|sun.reflect.NativeMethodAccessorImpl.invoke0|sun.reflect.NativeMethodAccessorImpl.invoke|sun.reflect.DelegatingMethodAccessorImpl.invoke|java.lang.reflect.Method.invoke|junit.framework.TestCase.runTest|junit.framework.TestCase.runBare|junit.framework.TestResult$1.protect	25
c116	FT	1	com.alibaba.json.bvt.parser.DefaultExtJSONParser_parseArray#test_13	PASS				290
c116	FT	2	com.alibaba.json.bvt.parser.DefaultExtJSONParser_parseArray#test_8	FAIL	java.lang.AssertionError	expected:<Sun Jan 09 05:49:53 UTC 2011> but was:<Sun Jan 09 13:49:53 UTC 2011>	org.junit.Assert.fail|org.junit.Assert.failNotEquals|org.junit.Assert.assertEquals|org.junit.Assert.assertEquals|com.alibaba.json.bvt.parser.DefaultExtJSONParser_parseArray.test_8|sun.reflect.NativeMethodAccessorImpl.invoke0|sun.reflect.NativeMethodAccessorImpl.invoke|sun.reflect.DelegatingMethodAccessorImpl.invoke|java.lang.reflect.Method.invoke|junit.framework.TestCase.runTest|junit.framework.TestCase.runBare|junit.framework.TestResult$1.protect	17
c117	FT	1	com.alibaba.json.bvt.parser.DefaultExtJSONParser_parseArray#test_14	PASS				315
c117	FT	2	com.alibaba.json.bvt.parser.DefaultExtJSONParser_parseArray#test_8	FAIL	java.lang.AssertionError	expected:<Sun Jan 09 05:49:53 UTC 2011> but was:<Sun Jan 09 13:49:53 UTC 2011>	org.junit.Assert.fail|org.junit.Assert.failNotEquals|org.junit.Assert.assertEquals|org.junit.Assert.assertEquals|com.alibaba.json.bvt.parser.DefaultExtJSONParser_parseArray.test_8|sun.reflect.NativeMethodAccessorImpl.invoke0|sun.reflect.NativeMethodAccessorImpl.invoke|sun.reflect.DelegatingMethodAccessorImpl.invoke|java.lang.reflect.Method.invoke|junit.framework.TestCase.runTest|junit.framework.TestCase.runBare|junit.framework.TestResult$1.protect	18
c118	FT	1	com.alibaba.json.bvt.parser.DefaultExtJSONParser_parseArray#test_15	PASS				338
c118	FT	2	com.alibaba.json.bvt.parser.DefaultExtJSONParser_parseArray#test_8	FAIL	java.lang.AssertionError	expected:<Sun Jan 09 05:49:53 UTC 2011> but was:<Sun Jan 09 13:49:53 UTC 2011>	org.junit.Assert.fail|org.junit.Assert.failNotEquals|org.junit.Assert.assertEquals|org.junit.Assert.assertEquals|com.alibaba.json.bvt.parser.DefaultExtJSONParser_parseArray.test_8|sun.reflect.NativeMethodAccessorImpl.invoke0|sun.reflect.NativeMethodAccessorImpl.invoke|sun.reflect.DelegatingMethodAccessorImpl.invoke|java.lang.reflect.Method.invoke|junit.framework.TestCase.runTest|junit.framework.TestCase.runBare|junit.framework.TestResult$1.protect	18
c119	FT	1	com.alibaba.json.bvt.parser.DefaultExtJSONParser_parseArray#test_16	PASS				290
c119	FT	2	com.alibaba.json.bvt.parser.DefaultExtJSONParser_parseArray#test_8	FAIL	java.lang.AssertionError	expected:<Sun Jan 09 05:49:53 UTC 2011> but was:<Sun Jan 09 13:49:53 UTC 2011>	org.junit.Assert.fail|org.junit.Assert.failNotEquals|org.junit.Assert.assertEquals|org.junit.Assert.assertEquals|com.alibaba.json.bvt.parser.DefaultExtJSONParser_parseArray.test_8|sun.reflect.NativeMethodAccessorImpl.invoke0|sun.reflect.NativeMethodAccessorImpl.invoke|sun.reflect.DelegatingMethodAccessorImpl.invoke|java.lang.reflect.Method.invoke|junit.framework.TestCase.runTest|junit.framework.TestCase.runBare|junit.framework.TestResult$1.protect	18
c120	FT	1	com.alibaba.json.bvt.parser.DefaultExtJSONParser_parseArray#test_17	PASS				306
c120	FT	2	com.alibaba.json.bvt.parser.DefaultExtJSONParser_parseArray#test_8	FAIL	java.lang.AssertionError	expected:<Sun Jan 09 05:49:53 UTC 2011> but was:<Sun Jan 09 13:49:53 UTC 2011>	org.junit.Assert.fail|org.junit.Assert.failNotEquals|org.junit.Assert.assertEquals|org.junit.Assert.assertEquals|com.alibaba.json.bvt.parser.DefaultExtJSONParser_parseArray.test_8|sun.reflect.NativeMethodAccessorImpl.invoke0|sun.reflect.NativeMethodAccessorImpl.invoke|sun.reflect.DelegatingMethodAccessorImpl.invoke|java.lang.reflect.Method.invoke|junit.framework.TestCase.runTest|junit.framework.TestCase.runBare|junit.framework.TestResult$1.protect	16
c121	FT	1	com.alibaba.json.bvt.parser.DefaultExtJSONParser_parseArray#test_18	PASS				265
c121	FT	2	com.alibaba.json.bvt.parser.DefaultExtJSONParser_parseArray#test_8	FAIL	java.lang.AssertionError	expected:<Sun Jan 09 05:49:53 UTC 2011> but was:<Sun Jan 09 13:49:53 UTC 2011>	org.junit.Assert.fail|org.junit.Assert.failNotEquals|org.junit.Assert.assertEquals|org.junit.Assert.assertEquals|com.alibaba.json.bvt.parser.DefaultExtJSONParser_parseArray.test_8|sun.reflect.NativeMethodAccessorImpl.invoke0|sun.reflect.NativeMethodAccessorImpl.invoke|sun.reflect.DelegatingMethodAccessorImpl.invoke|java.lang.reflect.Method.invoke|junit.framework.TestCase.runTest|junit.framework.TestCase.runBare|junit.framework.TestResult$1.protect	18
c122	FT	1	com.alibaba.json.bvt.parser.DefaultExtJSONParser_parseArray#test_2	PASS				270
c122	FT	2	com.alibaba.json.bvt.parser.DefaultExtJSONParser_parseArray#test_8	FAIL	java.lang.AssertionError	expected:<Sun Jan 09 05:49:53 UTC 2011> but was:<Sun Jan 09 13:49:53 UTC 2011>	org.junit.Assert.fail|org.junit.Assert.failNotEquals|org.junit.Assert.assertEquals|org.junit.Assert.assertEquals|com.alibaba.json.bvt.parser.DefaultExtJSONParser_parseArray.test_8|sun.reflect.NativeMethodAccessorImpl.invoke0|sun.reflect.NativeMethodAccessorImpl.invoke|sun.reflect.DelegatingMethodAccessorImpl.invoke|java.lang.reflect.Method.invoke|junit.framework.TestCase.runTest|junit.framework.TestCase.runBare|junit.framework.TestResult$1.protect	15
c123	FT	1	com.alibaba.json.bvt.parser.DefaultExtJSONParser_parseArray#test_3	PASS				265
c123	FT	2	com.alibaba.json.bvt.parser.DefaultExtJSONParser_parseArray#test_8	FAIL	java.lang.AssertionError	expected:<Sun Jan 09 05:49:53 UTC 2011> but was:<Sun Jan 09 13:49:53 UTC 2011>	org.junit.Assert.fail|org.junit.Assert.failNotEquals|org.junit.Assert.assertEquals|org.junit.Assert.assertEquals|com.alibaba.json.bvt.parser.DefaultExtJSONParser_parseArray.test_8|sun.reflect.NativeMethodAccessorImpl.invoke0|sun.reflect.NativeMethodAccessorImpl.invoke|sun.reflect.DelegatingMethodAccessorImpl.invoke|java.lang.reflect.Method.invoke|junit.framework.TestCase.runTest|junit.framework.TestCase.runBare|junit.framework.TestResult$1.protect	16
c124	FT	1	com.alibaba.json.bvt.parser.DefaultExtJSONParser_parseArray#test_4	PASS				284
c124	FT	2	com.alibaba.json.bvt.parser.DefaultExtJSONParser_parseArray#test_8	FAIL	java.lang.AssertionError	expected:<Sun Jan 09 05:49:53 UTC 2011> but was:<Sun Jan 09 13:49:53 UTC 2011>	org.junit.Assert.fail|org.junit.Assert.failNotEquals|org.junit.Assert.assertEquals|org.junit.Assert.assertEquals|com.alibaba.json.bvt.parser.DefaultExtJSONParser_parseArray.test_8|sun.reflect.NativeMethodAccessorImpl.invoke0|sun.reflect.NativeMethodAccessorImpl.invoke|sun.reflect.DelegatingMethodAccessorImpl.invoke|java.lang.reflect.Method.invoke|junit.framework.TestCase.runTest|junit.framework.TestCase.runBare|junit.framework.TestResult$1.protect	16
c125	FT	1	com.alibaba.json.bvt.parser.DefaultExtJSONParser_parseArray#test_5	PASS				296
c125	FT	2	com.alibaba.json.bvt.parser.DefaultExtJSONParser_parseArray#test_8	FAIL	java.lang.AssertionError	expected:<Sun Jan 09 05:49:53 UTC 2011> but was:<Sun Jan 09 13:49:53 UTC 2011>	org.junit.Assert.fail|org.junit.Assert.failNotEquals|org.junit.Assert.assertEquals|org.junit.Assert.assertEquals|com.alibaba.json.bvt.parser.DefaultExtJSONParser_parseArray.test_8|sun.reflect.NativeMethodAccessorImpl.invoke0|sun.reflect.NativeMethodAccessorImpl.invoke|sun.reflect.DelegatingMethodAccessorImpl.invoke|java.lang.reflect.Method.invoke|junit.framework.TestCase.runTest|junit.framework.TestCase.runBare|junit.framework.TestResult$1.protect	21
c126	FT	1	com.alibaba.json.bvt.parser.DefaultExtJSONParser_parseArray#test_6	PASS				315
c126	FT	2	com.alibaba.json.bvt.parser.DefaultExtJSONParser_parseArray#test_8	FAIL	java.lang.AssertionError	expected:<Sun Jan 09 05:49:53 UTC 2011> but was:<Sun Jan 09 13:49:53 UTC 2011>	org.junit.Assert.fail|org.junit.Assert.failNotEquals|org.junit.Assert.assertEquals|org.junit.Assert.assertEquals|com.alibaba.json.bvt.parser.DefaultExtJSONParser_parseArray.test_8|sun.reflect.NativeMethodAccessorImpl.invoke0|sun.reflect.NativeMethodAccessorImpl.invoke|sun.reflect.DelegatingMethodAccessorImpl.invoke|java.lang.reflect.Method.invoke|junit.framework.TestCase.runTest|junit.framework.TestCase.runBare|junit.framework.TestResult$1.protect	19
c127	FT	1	com.alibaba.json.bvt.parser.DefaultExtJSONParser_parseArray#test_7	FAIL	java.lang.AssertionError	expected:<Sun Jan 09 05:49:53 UTC 2011> but was:<Sun Jan 09 13:49:53 UTC 2011>	org.junit.Assert.fail|org.junit.Assert.failNotEquals|org.junit.Assert.assertEquals|org.junit.Assert.assertEquals|com.alibaba.json.bvt.parser.DefaultExtJSONParser_parseArray.test_7|sun.reflect.NativeMethodAccessorImpl.invoke0|sun.reflect.NativeMethodAccessorImpl.invoke|sun.reflect.DelegatingMethodAccessorImpl.invoke|java.lang.reflect.Method.invoke|junit.framework.TestCase.runTest|junit.framework.TestCase.runBare|junit.framework.TestResult$1.protect	332
c127	FT	2	com.alibaba.json.bvt.parser.DefaultExtJSONParser_parseArray#test_8	FAIL	java.lang.AssertionError	expected:<Sun Jan 09 05:49:53 UTC 2011> but was:<Sun Jan 09 13:49:53 UTC 2011>	org.junit.Assert.fail|org.junit.Assert.failNotEquals|org.junit.Assert.assertEquals|org.junit.Assert.assertEquals|com.alibaba.json.bvt.parser.DefaultExtJSONParser_parseArray.test_8|sun.reflect.NativeMethodAccessorImpl.invoke0|sun.reflect.NativeMethodAccessorImpl.invoke|sun.reflect.DelegatingMethodAccessorImpl.invoke|java.lang.reflect.Method.invoke|junit.framework.TestCase.runTest|junit.framework.TestCase.runBare|junit.framework.TestResult$1.protect	4
c128	FT	1	com.alibaba.json.bvt.parser.DefaultExtJSONParser_parseArray#test_9	PASS				297
c128	FT	2	com.alibaba.json.bvt.parser.DefaultExtJSONParser_parseArray#test_8	FAIL	java.lang.AssertionError	expected:<Sun Jan 09 05:49:53 UTC 2011> but was:<Sun Jan 09 13:49:53 UTC 2011>	org.junit.Assert.fail|org.junit.Assert.failNotEquals|org.junit.Assert.assertEquals|org.junit.Assert.assertEquals|com.alibaba.json.bvt.parser.DefaultExtJSONParser_parseArray.test_8|sun.reflect.NativeMethodAccessorImpl.invoke0|sun.reflect.NativeMethodAccessorImpl.invoke|sun.reflect.DelegatingMethodAccessorImpl.invoke|java.lang.reflect.Method.invoke|junit.framework.TestCase.runTest|junit.framework.TestCase.runBare|junit.framework.TestResult$1.protect	17
c129	FT	1	com.alibaba.json.bvt.parser.DefaultExtJSONParser_parseArray#test_error	PASS				300
c129	FT	2	com.alibaba.json.bvt.parser.DefaultExtJSONParser_parseArray#test_8	FAIL	java.lang.AssertionError	expected:<Sun Jan 09 05:49:53 UTC 2011> but was:<Sun Jan 09 13:49:53 UTC 2011>	org.junit.Assert.fail|org.junit.Assert.failNotEquals|org.junit.Assert.assertEquals|org.junit.Assert.assertEquals|com.alibaba.json.bvt.parser.DefaultExtJSONParser_parseArray.test_8|sun.reflect.NativeMethodAccessorImpl.invoke0|sun.reflect.NativeMethodAccessorImpl.invoke|sun.reflect.DelegatingMethodAccessorImpl.invoke|java.lang.reflect.Method.invoke|junit.framework.TestCase.runTest|junit.framework.TestCase.runBare|junit.framework.TestResult$1.protect	17
c130	FT	1	com.alibaba.json.bvt.parser.DefaultExtJSONParser_parseArray#test_error_2	PASS				258
c130	FT	2	com.alibaba.json.bvt.parser.DefaultExtJSONParser_parseArray#test_8	FAIL	java.lang.AssertionError	expected:<Sun Jan 09 05:49:53 UTC 2011> but was:<Sun Jan 09 13:49:53 UTC 2011>	org.junit.Assert.fail|org.junit.Assert.failNotEquals|org.junit.Assert.assertEquals|org.junit.Assert.assertEquals|com.alibaba.json.bvt.parser.DefaultExtJSONParser_parseArray.test_8|sun.reflect.NativeMethodAccessorImpl.invoke0|sun.reflect.NativeMethodAccessorImpl.invoke|sun.reflect.DelegatingMethodAccessorImpl.invoke|java.lang.reflect.Method.invoke|junit.framework.TestCase.runTest|junit.framework.TestCase.runBare|junit.framework.TestResult$1.protect	16
c131	FT	1	com.alibaba.json.bvt.parser.DefaultExtJSONParser_parseArray#test_error_3	PASS				267
c131	FT	2	com.alibaba.json.bvt.parser.DefaultExtJSONParser_parseArray#test_8	FAIL	java.lang.AssertionError	expected:<Sun Jan 09 05:49:53 UTC 2011> but was:<Sun Jan 09 13:49:53 UTC 2011>	org.junit.Assert.fail|org.junit.Assert.failNotEquals|org.junit.Assert.assertEquals|org.junit.Assert.assertEquals|com.alibaba.json.bvt.parser.DefaultExtJSONParser_parseArray.test_8|sun.reflect.NativeMethodAccessorImpl.invoke0|sun.reflect.NativeMethodAccessorImpl.invoke|sun.reflect.DelegatingMethodAccessorImpl.invoke|java.lang.reflect.Method.invoke|junit.framework.TestCase.runTest|junit.framework.TestCase.runBare|junit.framework.TestResult$1.protect	16
c132	FT	1	com.alibaba.json.bvt.parser.DefaultExtJSONParser_parseArray#test_error_4	PASS				287
c132	FT	2	com.alibaba.json.bvt.parser.DefaultExtJSONParser_parseArray#test_8	FAIL	java.lang.AssertionError	expected:<Sun Jan 09 05:49:53 UTC 2011> but was:<Sun Jan 09 13:49:53 UTC 2011>	org.junit.Assert.fail|org.junit.Assert.failNotEquals|org.junit.Assert.assertEquals|org.junit.Assert.assertEquals|com.alibaba.json.bvt.parser.DefaultExtJSONParser_parseArray.test_8|sun.reflect.NativeMethodAccessorImpl.invoke0|sun.reflect.NativeMethodAccessorImpl.invoke|sun.reflect.DelegatingMethodAccessorImpl.invoke|java.lang.reflect.Method.invoke|junit.framework.TestCase.runTest|junit.framework.TestCase.runBare|junit.framework.TestResult$1.protect	16
c133	FT	1	com.alibaba.json.bvt.parser.DefaultExtJSONParser_parseArray#test_error_5	PASS				295
c133	FT	2	com.alibaba.json.bvt.parser.DefaultExtJSONParser_parseArray#test_8	FAIL	java.lang.AssertionError	expected:<Sun Jan 09 05:49:53 UTC 2011> but was:<Sun Jan 09 13:49:53 UTC 2011>	org.junit.Assert.fail|org.junit.Assert.failNotEquals|org.junit.Assert.assertEquals|org.junit.Assert.assertEquals|com.alibaba.json.bvt.parser.DefaultExtJSONParser_parseArray.test_8|sun.reflect.NativeMethodAccessorImpl.invoke0|sun.reflect.NativeMethodAccessorImpl.invoke|sun.reflect.DelegatingMethodAccessorImpl.invoke|java.lang.reflect.Method.invoke|junit.framework.TestCase.runTest|junit.framework.TestCase.runBare|junit.framework.TestResult$1.protect	15
c134	FT	1	com.alibaba.json.bvt.parser.DefaultExtJSONParser_parseArray#test_error_6	PASS				272
c134	FT	2	com.alibaba.json.bvt.parser.DefaultExtJSONParser_parseArray#test_8	FAIL	java.lang.AssertionError	expected:<Sun Jan 09 05:49:53 UTC 2011> but was:<Sun Jan 09 13:49:53 UTC 2011>	org.junit.Assert.fail|org.junit.Assert.failNotEquals|org.junit.Assert.assertEquals|org.junit.Assert.assertEquals|com.alibaba.json.bvt.parser.DefaultExtJSONParser_parseArray.test_8|sun.reflect.NativeMethodAccessorImpl.invoke0|sun.reflect.NativeMethodAccessorImpl.invoke|sun.reflect.DelegatingMethodAccessorImpl.invoke|java.lang.reflect.Method.invoke|junit.framework.TestCase.runTest|junit.framework.TestCase.runBare|junit.framework.TestResult$1.protect	16
c135	FT	1	com.alibaba.json.bvt.parser.DefaultExtJSONParser_parseArray#test_error_7	PASS				274
c135	FT	2	com.alibaba.json.bvt.parser.DefaultExtJSONParser_parseArray#test_8	FAIL	java.lang.AssertionError	expected:<Sun Jan 09 05:49:53 UTC 2011> but was:<Sun Jan 09 13:49:53 UTC 2011>	org.junit.Assert.fail|org.junit.Assert.failNotEquals|org.junit.Assert.assertEquals|org.junit.Assert.assertEquals|com.alibaba.json.bvt.parser.DefaultExtJSONParser_parseArray.test_8|sun.reflect.NativeMethodAccessorImpl.invoke0|sun.reflect.NativeMethodAccessorImpl.invoke|sun.reflect.DelegatingMethodAccessorImpl.invoke|java.lang.reflect.Method.invoke|junit.framework.TestCase.runTest|junit.framework.TestCase.runBare|junit.framework.TestResult$1.protect	16
c136	FT	1	com.alibaba.json.bvt.parser.DefaultExtJSONParser_parseArray#test_error_8	PASS				274
c136	FT	2	com.alibaba.json.bvt.parser.DefaultExtJSONParser_parseArray#test_8	FAIL	java.lang.AssertionError	expected:<Sun Jan 09 05:49:53 UTC 2011> but was:<Sun Jan 09 13:49:53 UTC 2011>	org.junit.Assert.fail|org.junit.Assert.failNotEquals|org.junit.Assert.assertEquals|org.junit.Assert.assertEquals|com.alibaba.json.bvt.parser.DefaultExtJSONParser_parseArray.test_8|sun.reflect.NativeMethodAccessorImpl.invoke0|sun.reflect.NativeMethodAccessorImpl.invoke|sun.reflect.DelegatingMethodAccessorImpl.invoke|java.lang.reflect.Method.invoke|junit.framework.TestCase.runTest|junit.framework.TestCase.runBare|junit.framework.TestResult$1.protect	16
c137	FT	1	com.alibaba.json.bvt.parser.DefaultExtJSONParser_parseArray#test_error_var	PASS				271
c137	FT	2	com.alibaba.json.bvt.parser.DefaultExtJSONParser_parseArray#test_8	FAIL	java.lang.AssertionError	expected:<Sun Jan 09 05:49:53 UTC 2011> but was:<Sun Jan 09 13:49:53 UTC 2011>	org.junit.Assert.fail|org.junit.Assert.failNotEquals|org.junit.Assert.assertEquals|org.junit.Assert.assertEquals|com.alibaba.json.bvt.parser.DefaultExtJSONParser_parseArray.test_8|sun.reflect.NativeMethodAccessorImpl.invoke0|sun.reflect.NativeMethodAccessorImpl.invoke|sun.reflect.DelegatingMethodAccessorImpl.invoke|java.lang.reflect.Method.invoke|junit.framework.TestCase.runTest|junit.framework.TestCase.runBare|junit.framework.TestResult$1.protect	16
c138	FT	1	com.alibaba.json.bvt.parser.DefaultExtJSONParser_parseArray_2#test_0	PASS				273
c138	FT	2	com.alibaba.json.bvt.parser.DefaultExtJSONParser_parseArray#test_8	FAIL	java.lang.AssertionError	expected:<Sun Jan 09 05:49:53 UTC 2011> but was:<Sun Jan 09 13:49:53 UTC 2011>	org.junit.Assert.fail|org.junit.Assert.failNotEquals|org.junit.Assert.assertEquals|org.junit.Assert.assertEquals|com.alibaba.json.bvt.parser.DefaultExtJSONParser_parseArray.test_8|sun.reflect.NativeMethodAccessorImpl.invoke0|sun.reflect.NativeMethodAccessorImpl.invoke|sun.reflect.DelegatingMethodAccessorImpl.invoke|java.lang.reflect.Method.invoke|junit.framework.TestCase.runTest|junit.framework.TestCase.runBare|junit.framework.TestResult$1.protect	17
c139	FT	1	com.alibaba.json.bvt.parser.DefaultExtJSONParser_parseArray_2#test_1	PASS				278
c139	FT	2	com.alibaba.json.bvt.parser.DefaultExtJSONParser_parseArray#test_8	FAIL	java.lang.AssertionError	expected:<Sun Jan 09 05:49:53 UTC 2011> but was:<Sun Jan 09 13:49:53 UTC 2011>	org.junit.Assert.fail|org.junit.Assert.failNotEquals|org.junit.Assert.assertEquals|org.junit.Assert.assertEquals|com.alibaba.json.bvt.parser.DefaultExtJSONParser_parseArray.test_8|sun.reflect.NativeMethodAccessorImpl.invoke0|sun.reflect.NativeMethodAccessorImpl.invoke|sun.reflect.DelegatingMethodAccessorImpl.invoke|java.lang.reflect.Method.invoke|junit.framework.TestCase.runTest|junit.framework.TestCase.runBare|junit.framework.TestResult$1.protect	18
c140	FT	1	com.alibaba.json.bvt.parser.DefaultExtJSONParser_parseArray_2#test_error_0	PASS				275
c140	FT	2	com.alibaba.json.bvt.parser.DefaultExtJSONParser_parseArray#test_8	FAIL	java.lang.AssertionError	expected:<Sun Jan 09 05:49:53 UTC 2011> but was:<Sun Jan 09 13:49:53 UTC 2011>	org.junit.Assert.fail|org.junit.Assert.failNotEquals|org.junit.Assert.assertEquals|org.junit.Assert.assertEquals|com.alibaba.json.bvt.parser.DefaultExtJSONParser_parseArray.test_8|sun.reflect.NativeMethodAccessorImpl.invoke0|sun.reflect.NativeMethodAccessorImpl.invoke|sun.reflect.DelegatingMethodAccessorImpl.invoke|java.lang.reflect.Method.invoke|junit.framework.TestCase.runTest|junit.framework.TestCase.runBare|junit.framework.TestResult$1.protect	18
c141	FT	1	com.alibaba.json.bvt.parser.DefaultExtJSONParser_parseArray_2#test_error_1	PASS				274
c141	FT	2	com.alibaba.json.bvt.parser.DefaultExtJSONParser_parseArray#test_8	FAIL	java.lang.AssertionError	expected:<Sun Jan 09 05:49:53 UTC 2011> but was:<Sun Jan 09 13:49:53 UTC 2011>	org.junit.Assert.fail|org.junit.Assert.failNotEquals|org.junit.Assert.assertEquals|org.junit.Assert.assertEquals|com.alibaba.json.bvt.parser.DefaultExtJSONParser_parseArray.test_8|sun.reflect.NativeMethodAccessorImpl.invoke0|sun.reflect.NativeMethodAccessorImpl.invoke|sun.reflect.DelegatingMethodAccessorImpl.invoke|java.lang.reflect.Method.invoke|junit.framework.TestCase.runTest|junit.framework.TestCase.runBare|junit.framework.TestResult$1.protect	18
c142	FT	1	com.alibaba.json.bvt.parser.DefaultExtJSONParser_parseArray_2#test_error_2	PASS				339
c142	FT	2	com.alibaba.json.bvt.parser.DefaultExtJSONParser_parseArray#test_8	FAIL	java.lang.AssertionError	expected:<Sun Jan 09 05:49:53 UTC 2011> but was:<Sun Jan 09 13:49:53 UTC 2011>	org.junit.Assert.fail|org.junit.Assert.failNotEquals|org.junit.Assert.assertEquals|org.junit.Assert.assertEquals|com.alibaba.json.bvt.parser.DefaultExtJSONParser_parseArray.test_8|sun.reflect.NativeMethodAccessorImpl.invoke0|sun.reflect.NativeMethodAccessorImpl.invoke|sun.reflect.DelegatingMethodAccessorImpl.invoke|java.lang.reflect.Method.invoke|junit.framework.TestCase.runTest|junit.framework.TestCase.runBare|junit.framework.TestResult$1.protect	22
c143	FT	1	com.alibaba.json.bvt.parser.DefaultExtJSONParser_parseArray_2#test_error_3	PASS				273
c143	FT	2	com.alibaba.json.bvt.parser.DefaultExtJSONParser_parseArray#test_8	FAIL	java.lang.AssertionError	expected:<Sun Jan 09 05:49:53 UTC 2011> but was:<Sun Jan 09 13:49:53 UTC 2011>	org.junit.Assert.fail|org.junit.Assert.failNotEquals|org.junit.Assert.assertEquals|org.junit.Assert.assertEquals|com.alibaba.json.bvt.parser.DefaultExtJSONParser_parseArray.test_8|sun.reflect.NativeMethodAccessorImpl.invoke0|sun.reflect.NativeMethodAccessorImpl.invoke|sun.reflect.DelegatingMethodAccessorImpl.invoke|java.lang.reflect.Method.invoke|junit.framework.TestCase.runTest|junit.framework.TestCase.runBare|junit.framework.TestResult$1.protect	17
c144	FT	1	com.alibaba.json.bvt.parser.DefaultExtJSONParser_parseArray_2#test_error_4	PASS				280
c144	FT	2	com.alibaba.json.bvt.parser.DefaultExtJSONParser_parseArray#test_8	FAIL	java.lang.AssertionError	expected:<Sun Jan 09 05:49:53 UTC 2011> but was:<Sun Jan 09 13:49:53 UTC 2011>	org.junit.Assert.fail|org.junit.Assert.failNotEquals|org.junit.Assert.assertEquals|org.junit.Assert.assertEquals|com.alibaba.json.bvt.parser.DefaultExtJSONParser_parseArray.test_8|sun.reflect.NativeMethodAccessorImpl.invoke0|sun.reflect.NativeMethodAccessorImpl.invoke|sun.reflect.DelegatingMethodAccessorImpl.invoke|java.lang.reflect.Method.invoke|junit.framework.TestCase.runTest|junit.framework.TestCase.runBare|junit.framework.TestResult$1.protect	20
c145	FT	1	com.alibaba.json.bvt.parser.DefaultExtJSONParser_parseArray_2#test_error_5	PASS				270
c145	FT	2	com.alibaba.json.bvt.parser.DefaultExtJSONParser_parseArray#test_8	FAIL	java.lang.AssertionError	expected:<Sun Jan 09 05:49:53 UTC 2011> but was:<Sun Jan 09 13:49:53 UTC 2011>	org.junit.Assert.fail|org.junit.Assert.failNotEquals|org.junit.Assert.assertEquals|org.junit.Assert.assertEquals|com.alibaba.json.bvt.parser.DefaultExtJSONParser_parseArray.test_8|sun.reflect.NativeMethodAccessorImpl.invoke0|sun.reflect.NativeMethodAccessorImpl.invoke|sun.reflect.DelegatingMethodAccessorImpl.invoke|java.lang.reflect.Method.invoke|junit.framework.TestCase.runTest|junit.framework.TestCase.runBare|junit.framework.TestResult$1.protect	19
c146	FT	1	com.alibaba.json.bvt.parser.DefaultExtJSONParser_parseArray_2#test_error_6	PASS				251
c146	FT	2	com.alibaba.json.bvt.parser.DefaultExtJSONParser_parseArray#test_8	FAIL	java.lang.AssertionError	expected:<Sun Jan 09 05:49:53 UTC 2011> but was:<Sun Jan 09 13:49:53 UTC 2011>	org.junit.Assert.fail|org.junit.Assert.failNotEquals|org.junit.Assert.assertEquals|org.junit.Assert.assertEquals|com.alibaba.json.bvt.parser.DefaultExtJSONParser_parseArray.test_8|sun.reflect.NativeMethodAccessorImpl.invoke0|sun.reflect.NativeMethodAccessorImpl.invoke|sun.reflect.DelegatingMethodAccessorImpl.invoke|java.lang.reflect.Method.invoke|junit.framework.TestCase.runTest|junit.framework.TestCase.runBare|junit.framework.TestResult$1.protect	17
c147	FT	1	com.alibaba.json.bvt.parser.DefaultJSONParserTest2#test_0	PASS				275
c147	FT	2	com.alibaba.json.bvt.parser.DefaultExtJSONParser_parseArray#test_8	FAIL	java.lang.AssertionError	expected:<Sun Jan 09 05:49:53 UTC 2011> but was:<Sun Jan 09 13:49:53 UTC 2011>	org.junit.Assert.fail|org.junit.Assert.failNotEquals|org.junit.Assert.assertEquals|org.junit.Assert.assertEquals|com.alibaba.json.bvt.parser.DefaultExtJSONParser_parseArray.test_8|sun.reflect.NativeMethodAccessorImpl.invoke0|sun.reflect.NativeMethodAccessorImpl.invoke|sun.reflect.DelegatingMethodAccessorImpl.invoke|java.lang.reflect.Method.invoke|junit.framework.TestCase.runTest|junit.framework.TestCase.runBare|junit.framework.TestResult$1.protect	19
c148	FT	1	com.alibaba.json.bvt.parser.DefaultJSONParserTest2#test_1	PASS				256
c148	FT	2	com.alibaba.json.bvt.parser.DefaultExtJSONParser_parseArray#test_8	FAIL	java.lang.AssertionError	expected:<Sun Jan 09 05:49:53 UTC 2011> but was:<Sun Jan 09 13:49:53 UTC 2011>	org.junit.Assert.fail|org.junit.Assert.failNotEquals|org.junit.Assert.assertEquals|org.junit.Assert.assertEquals|com.alibaba.json.bvt.parser.DefaultExtJSONParser_parseArray.test_8|sun.reflect.NativeMethodAccessorImpl.invoke0|sun.reflect.NativeMethodAccessorImpl.invoke|sun.reflect.DelegatingMethodAccessorImpl.invoke|java.lang.reflect.Method.invoke|junit.framework.TestCase.runTest|junit.framework.TestCase.runBare|junit.framework.TestResult$1.protect	18
c149	FT	1	com.alibaba.json.bvt.parser.DefaultJSONParserTest2#test_2	PASS				276
c149	FT	2	com.alibaba.json.bvt.parser.DefaultExtJSONParser_parseArray#test_8	FAIL	java.lang.AssertionError	expected:<Sun Jan 09 05:49:53 UTC 2011> but was:<Sun Jan 09 13:49:53 UTC 2011>	org.junit.Assert.fail|org.junit.Assert.failNotEquals|org.junit.Assert.assertEquals|org.junit.Assert.assertEquals|com.alibaba.json.bvt.parser.DefaultExtJSONParser_parseArray.test_8|sun.reflect.NativeMethodAccessorImpl.invoke0|sun.reflect.NativeMethodAccessorImpl.invoke|sun.reflect.DelegatingMethodAccessorImpl.invoke|java.lang.reflect.Method.invoke|junit.framework.TestCase.runTest|junit.framework.TestCase.runBare|junit.framework.TestResult$1.protect	22
c150	FT	1	com.alibaba.json.bvt.parser.DefaultJSONParserTest2#test_3	PASS				277
c150	FT	2	com.alibaba.json.bvt.parser.DefaultExtJSONParser_parseArray#test_8	FAIL	java.lang.AssertionError	expected:<Sun Jan 09 05:49:53 UTC 2011> but was:<Sun Jan 09 13:49:53 UTC 2011>	org.junit.Assert.fail|org.junit.Assert.failNotEquals|org.junit.Assert.assertEquals|org.junit.Assert.assertEquals|com.alibaba.json.bvt.parser.DefaultExtJSONParser_parseArray.test_8|sun.reflect.NativeMethodAccessorImpl.invoke0|sun.reflect.NativeMethodAccessorImpl.invoke|sun.reflect.DelegatingMethodAccessorImpl.invoke|java.lang.reflect.Method.invoke|junit.framework.TestCase.runTest|junit.framework.TestCase.runBare|junit.framework.TestResult$1.protect	18
c151	FT	1	com.alibaba.json.bvt.parser.DefaultJSONParserTest2#test_4	PASS				267
c151	FT	2	com.alibaba.json.bvt.parser.DefaultExtJSONParser_parseArray#test_8	FAIL	java.lang.AssertionError	expected:<Sun Jan 09 05:49:53 UTC 2011> but was:<Sun Jan 09 13:49:53 UTC 2011>	org.junit.Assert.fail|org.junit.Assert.failNotEquals|org.junit.Assert.assertEquals|org.junit.Assert.assertEquals|com.alibaba.json.bvt.parser.DefaultExtJSONParser_parseArray.test_8|sun.reflect.NativeMethodAccessorImpl.invoke0|sun.reflect.NativeMethodAccessorImpl.invoke|sun.reflect.DelegatingMethodAccessorImpl.invoke|java.lang.reflect.Method.invoke|junit.framework.TestCase.runTest|junit.framework.TestCase.runBare|junit.framework.TestResult$1.protect	17
c152	FT	1	com.alibaba.json.bvt.parser.DefaultJSONParserTest2#test_5	PASS				273
c152	FT	2	com.alibaba.json.bvt.parser.DefaultExtJSONParser_parseArray#test_8	FAIL	java.lang.AssertionError	expected:<Sun Jan 09 05:49:53 UTC 2011> but was:<Sun Jan 09 13:49:53 UTC 2011>	org.junit.Assert.fail|org.junit.Assert.failNotEquals|org.junit.Assert.assertEquals|org.junit.Assert.assertEquals|com.alibaba.json.bvt.parser.DefaultExtJSONParser_parseArray.test_8|sun.reflect.NativeMethodAccessorImpl.invoke0|sun.reflect.NativeMethodAccessorImpl.invoke|sun.reflect.DelegatingMethodAccessorImpl.invoke|java.lang.reflect.Method.invoke|junit.framework.TestCase.runTest|junit.framework.TestCase.runBare|junit.framework.TestResult$1.protect	18
c153	FT	1	com.alibaba.json.bvt.parser.DefaultJSONParserTest_charArray#test_getInput	PASS				277
c153	FT	2	com.alibaba.json.bvt.parser.DefaultExtJSONParser_parseArray#test_8	FAIL	java.lang.AssertionError	expected:<Sun Jan 09 05:49:53 UTC 2011> but was:<Sun Jan 09 13:49:53 UTC 2011>	org.junit.Assert.fail|org.junit.Assert.failNotEquals|org.junit.Assert.assertEquals|org.junit.Assert.assertEquals|com.alibaba.json.bvt.parser.DefaultExtJSONParser_parseArray.test_8|sun.reflect.NativeMethodAccessorImpl.invoke0|sun.reflect.NativeMethodAccessorImpl.invoke|sun.reflect.DelegatingMethodAccessorImpl.invoke|java.lang.reflect.Method.invoke|junit.framework.TestCase.runTest|junit.framework.TestCase.runBare|junit.framework.TestResult$1.protect	19
c154	FT	1	com.alibaba.json.bvt.parser.DefaultJSONParserTest_comma#test_getInput	PASS				277
c154	FT	2	com.alibaba.json.bvt.parser.DefaultExtJSONParser_parseArray#test_8	FAIL	java.lang.AssertionError	expected:<Sun Jan 09 05:49:53 UTC 2011> but was:<Sun Jan 09 13:49:53 UTC 2011>	org.junit.Assert.fail|org.junit.Assert.failNotEquals|org.junit.Assert.assertEquals|org.junit.Assert.assertEquals|com.alibaba.json.bvt.parser.DefaultExtJSONParser_parseArray.test_8|sun.reflect.NativeMethodAccessorImpl.invoke0|sun.reflect.NativeMethodAccessorImpl.invoke|sun.reflect.DelegatingMethodAccessorImpl.invoke|java.lang.reflect.Method.invoke|junit.framework.TestCase.runTest|junit.framework.TestCase.runBare|junit.framework.TestResult$1.protect	18
c155	FT	1	com.alibaba.json.bvt.parser.DefaultJSONParserTest_date#test_date	PASS				301
c155	FT	2	com.alibaba.json.bvt.parser.DefaultExtJSONParser_parseArray#test_8	PASS				5
c156	FT	1	com.alibaba.json.bvt.parser.DefaultJSONParserTest_date#test_date2	PASS				258
c156	FT	2	com.alibaba.json.bvt.parser.DefaultExtJSONParser_parseArray#test_8	PASS				14
c157	FT	1	com.alibaba.json.bvt.parser.DefaultJSONParserTest_date#test_date3	PASS				269
c157	FT	2	com.alibaba.json.bvt.parser.DefaultExtJSONParser_parseArray#test_8	PASS				15
c158	FT	1	com.alibaba.json.bvt.parser.DefaultJSONParserTest_date#test_date4	PASS				249
c158	FT	2	com.alibaba.json.bvt.parser.DefaultExtJSONParser_parseArray#test_8	PASS				15
c159	FT	1	com.alibaba.json.bvt.parser.DefaultJSONParserTest_date#test_dateFormat	PASS				306
c159	FT	2	com.alibaba.json.bvt.parser.DefaultExtJSONParser_parseArray#test_8	PASS				7
c160	FT	1	com.alibaba.json.bvt.parser.DefaultJSONParserTest_error#test_error_1	PASS				272
c160	FT	2	com.alibaba.json.bvt.parser.DefaultExtJSONParser_parseArray#test_8	FAIL	java.lang.AssertionError	expected:<Sun Jan 09 05:49:53 UTC 2011> but was:<Sun Jan 09 13:49:53 UTC 2011>	org.junit.Assert.fail|org.junit.Assert.failNotEquals|org.junit.Assert.assertEquals|org.junit.Assert.assertEquals|com.alibaba.json.bvt.parser.DefaultExtJSONParser_parseArray.test_8|sun.reflect.NativeMethodAccessorImpl.invoke0|sun.reflect.NativeMethodAccessorImpl.invoke|sun.reflect.DelegatingMethodAccessorImpl.invoke|java.lang.reflect.Method.invoke|junit.framework.TestCase.runTest|junit.framework.TestCase.runBare|junit.framework.TestResult$1.protect	24
c161	FT	1	com.alibaba.json.bvt.parser.DefaultJSONParserTest_error#test_error_2	PASS				265
c161	FT	2	com.alibaba.json.bvt.parser.DefaultExtJSONParser_parseArray#test_8	FAIL	java.lang.AssertionError	expected:<Sun Jan 09 05:49:53 UTC 2011> but was:<Sun Jan 09 13:49:53 UTC 2011>	org.junit.Assert.fail|org.junit.Assert.failNotEquals|org.junit.Assert.assertEquals|org.junit.Assert.assertEquals|com.alibaba.json.bvt.parser.DefaultExtJSONParser_parseArray.test_8|sun.reflect.NativeMethodAccessorImpl.invoke0|sun.reflect.NativeMethodAccessorImpl.invoke|sun.reflect.DelegatingMethodAccessorImpl.invoke|java.lang.reflect.Method.invoke|junit.framework.TestCase.runTest|junit.framework.TestCase.runBare|junit.framework.TestResult$1.protect	17
c162	FT	1	com.alibaba.json.bvt.parser.DefaultJSONParserTest_error#test_error_3	PASS				283
c162	FT	2	com.alibaba.json.bvt.parser.DefaultExtJSONParser_parseArray#test_8	FAIL	java.lang.AssertionError	expected:<Sun Jan 09 05:49:53 UTC 2011> but was:<Sun Jan 09 13:49:53 UTC 2011>	org.junit.Assert.fail|org.junit.Assert.failNotEquals|org.junit.Assert.assertEquals|org.junit.Assert.assertEquals|com.alibaba.json.bvt.parser.DefaultExtJSONParser_parseArray.test_8|sun.reflect.NativeMethodAccessorImpl.invoke0|sun.reflect.NativeMethodAccessorImpl.invoke|sun.reflect.DelegatingMethodAccessorImpl.invoke|java.lang.reflect.Method.invoke|junit.framework.TestCase.runTest|junit.framework.TestCase.runBare|junit.framework.TestResult$1.protect	18
c163	FT	1	com.alibaba.json.bvt.parser.EnumParserTest#test_0	PASS				284
c163	FT	2	com.alibaba.json.bvt.parser.DefaultExtJSONParser_parseArray#test_8	FAIL	java.lang.AssertionError	expected:<Sun Jan 09 05:49:53 UTC 2011> but was:<Sun Jan 09 13:49:53 UTC 2011>	org.junit.Assert.fail|org.junit.Assert.failNotEquals|org.junit.Assert.assertEquals|org.junit.Assert.assertEquals|com.alibaba.json.bvt.parser.DefaultExtJSONParser_parseArray.test_8|sun.reflect.NativeMethodAccessorImpl.invoke0|sun.reflect.NativeMethodAccessorImpl.invoke|sun.reflect.DelegatingMethodAccessorImpl.invoke|java.lang.reflect.Method.invoke|junit.framework.TestCase.runTest|junit.framework.TestCase.runBare|junit.framework.TestResult$1.protect	17
c164	FT	1	com.alibaba.json.bvt.parser.EnumParserTest#test_1	PASS				272
c164	FT	2	com.alibaba.json.bvt.parser.DefaultExtJSONParser_parseArray#test_8	FAIL	java.lang.AssertionError	expected:<Sun Jan 09 05:49:53 UTC 2011> but was:<Sun Jan 09 13:49:53 UTC 2011>	org.junit.Assert.fail|org.junit.Assert.failNotEquals|org.junit.Assert.assertEquals|org.junit.Assert.assertEquals|com.alibaba.json.bvt.parser.DefaultExtJSONParser_parseArray.test_8|sun.reflect.NativeMethodAccessorImpl.invoke0|sun.reflect.NativeMethodAccessorImpl.invoke|sun.reflect.DelegatingMethodAccessorImpl.invoke|java.lang.reflect.Method.invoke|junit.framework.TestCase.runTest|junit.framework.TestCase.runBare|junit.framework.TestResult$1.protect	17
c165	FT	1	com.alibaba.json.bvt.parser.EnumParserTest#test_error	PASS				319
c165	FT	2	com.alibaba.json.bvt.parser.DefaultExtJSONParser_parseArray#test_8	FAIL	java.lang.AssertionError	expected:<Sun Jan 09 05:49:53 UTC 2011> but was:<Sun Jan 09 13:49:53 UTC 2011>	org.junit.Assert.fail|org.junit.Assert.failNotEquals|org.junit.Assert.assertEquals|org.junit.Assert.assertEquals|com.alibaba.json.bvt.parser.DefaultExtJSONParser_parseArray.test_8|sun.reflect.NativeMethodAccessorImpl.invoke0|sun.reflect.NativeMethodAccessorImpl.invoke|sun.reflect.DelegatingMethodAccessorImpl.invoke|java.lang.reflect.Method.invoke|junit.framework.TestCase.runTest|junit.framework.TestCase.runBare|junit.framework.TestResult$1.protect	25
c166	FT	1	com.alibaba.json.bvt.parser.EnumParserTest#test_error_1	PASS				332
c166	FT	2	com.alibaba.json.bvt.parser.DefaultExtJSONParser_parseArray#test_8	FAIL	java.lang.AssertionError	expected:<Sun Jan 09 05:49:53 UTC 2011> but was:<Sun Jan 09 13:49:53 UTC 2011>	org.junit.Assert.fail|org.junit.Assert.failNotEquals|org.junit.Assert.assertEquals|org.junit.Assert.assertEquals|com.alibaba.json.bvt.parser.DefaultExtJSONParser_parseArray.test_8|sun.reflect.NativeMethodAccessorImpl.invoke0|sun.reflect.NativeMethodAccessorImpl.invoke|sun.reflect.DelegatingMethodAccessorImpl.invoke|java.lang.reflect.Method.invoke|junit.framework.TestCase.runTest|junit.framework.TestCase.runBare|junit.framework.TestResult$1.protect	19
c167	FT	1	com.alibaba.json.bvt.parser.EnumParserTest#test_error_2	PASS				338
c167	FT	2	com.alibaba.json.bvt.parser.DefaultExtJSONParser_parseArray#test_8	FAIL	java.lang.AssertionError	expected:<Sun Jan 09 05:49:53 UTC 2011> but was:<Sun Jan 09 13:49:53 UTC 2011>	org.junit.Assert.fail|org.junit.Assert.failNotEquals|org.junit.Assert.assertEquals|org.junit.Assert.assertEquals|com.alibaba.json.bvt.parser.DefaultExtJSONParser_parseArray.test_8|sun.reflect.NativeMethodAccessorImpl.invoke0|sun.reflect.NativeMethodAccessorImpl.invoke|sun.reflect.DelegatingMethodAccessorImpl.invoke|java.lang.reflect.Method.invoke|junit.framework.TestCase.runTest|junit.framework.TestCase.runBare|junit.framework.TestResult$1.protect	19
c168	FT	1	com.alibaba.json.bvt.parser.EnumParserTest#test_error_3	PASS				266
c168	FT	2	com.alibaba.json.bvt.parser.DefaultExtJSONParser_parseArray#test_8	FAIL	java.lang.AssertionError	expected:<Sun Jan 09 05:49:53 UTC 2011> but was:<Sun Jan 09 13:49:53 UTC 2011>	org.junit.Assert.fail|org.junit.Assert.failNotEquals|org.junit.Assert.assertEquals|org.junit.Assert.assertEquals|com.alibaba.json.bvt.parser.DefaultExtJSONParser_parseArray.test_8|sun.reflect.NativeMethodAccessorImpl.invoke0|sun.reflect.NativeMethodAccessorImpl.invoke|sun.reflect.DelegatingMethodAccessorImpl.invoke|java.lang.reflect.Method.invoke|junit.framework.TestCase.runTest|junit.framework.TestCase.runBare|junit.framework.TestResult$1.protect	20
c169	FT	1	com.alibaba.json.bvt.parser.EnumParserTest#test_error_4	PASS				280
c169	FT	2	com.alibaba.json.bvt.parser.DefaultExtJSONParser_parseArray#test_8	FAIL	java.lang.AssertionError	expected:<Sun Jan 09 05:49:53 UTC 2011> but was:<Sun Jan 09 13:49:53 UTC 2011>	org.junit.Assert.fail|org.junit.Assert.failNotEquals|org.junit.Assert.assertEquals|org.junit.Assert.assertEquals|com.alibaba.json.bvt.parser.DefaultExtJSONParser_parseArray.test_8|sun.reflect.NativeMethodAccessorImpl.invoke0|sun.reflect.NativeMethodAccessorImpl.invoke|sun.reflect.DelegatingMethodAccessorImpl.invoke|java.lang.reflect.Method.invoke|junit.framework.TestCase.runTest|junit.framework.TestCase.runBare|junit.framework.TestResult$1.protect	21
c170	FT	1	com.alibaba.json.bvt.parser.FastMatchCheckTest#test_match	PASS				145
c170	FT	2	com.alibaba.json.bvt.parser.DefaultExtJSONParser_parseArray#test_8	FAIL	java.lang.AssertionError	expected:<Sun Jan 09 05:49:53 UTC 2011> but was:<Sun Jan 09 13:49:53 UTC 2011>	org.junit.Assert.fail|org.junit.Assert.failNotEquals|org.junit.Assert.assertEquals|org.junit.Assert.assertEquals|com.alibaba.json.bvt.parser.DefaultExtJSONParser_parseArray.test_8|sun.reflect.NativeMethodAccessorImpl.invoke0|sun.reflect.NativeMethodAccessorImpl.invoke|sun.reflect.DelegatingMethodAccessorImpl.invoke|java.lang.reflect.Method.invoke|junit.framework.TestCase.runTest|junit.framework.TestCase.runBare|junit.framework.TestResult$1.protect	160
c171	23
c171	FT	1	com.alibaba.json.bvt.parser.FeatureCountTest#testZ_0	PASS				138
c171	FT	2	com.alibaba.json.bvt.parser.DefaultExtJSONParser_parseArray#test_8	FAIL	java.lang.AssertionError	expected:<Sun Jan 09 05:49:53 UTC 2011> but was:<Sun Jan 09 13:49:53 UTC 2011>	org.junit.Assert.fail|org.junit.Assert.failNotEquals|org.junit.Assert.assertEquals|org.junit.Assert.assertEquals|com.alibaba.json.bvt.parser.DefaultExtJSONParser_parseArray.test_8|sun.reflect.NativeMethodAccessorImpl.invoke0|sun.reflect.NativeMethodAccessorImpl.invoke|sun.reflect.DelegatingMethodAccessorImpl.invoke|java.lang.reflect.Method.invoke|junit.framework.TestCase.runTest|junit.framework.TestCase.runBare|junit.framework.TestResult$1.protect	174
c172	FT	1	com.alibaba.json.bvt.parser.FeatureParserTest#test_AllowSingleQuotes_0	PASS				292
c172	FT	2	com.alibaba.json.bvt.parser.DefaultExtJSONParser_parseArray#test_8	FAIL	java.lang.AssertionError	expected:<Sun Jan 09 05:49:53 UTC 2011> but was:<Sun Jan 09 13:49:53 UTC 2011>	org.junit.Assert.fail|org.junit.Assert.failNotEquals|org.junit.Assert.assertEquals|org.junit.Assert.assertEquals|com.alibaba.json.bvt.parser.DefaultExtJSONParser_parseArray.test_8|sun.reflect.NativeMethodAccessorImpl.invoke0|sun.reflect.NativeMethodAccessorImpl.invoke|sun.reflect.DelegatingMethodAccessorImpl.invoke|java.lang.reflect.Method.invoke|junit.framework.TestCase.runTest|junit.framework.TestCase.runBare|junit.framework.TestResult$1.protect	18
c173	FT	1	com.alibaba.json.bvt.parser.FeatureParserTest#test_AllowSingleQuotes_1	PASS				265
c173	FT	2	com.alibaba.json.bvt.parser.DefaultExtJSONParser_parseArray#test_8	FAIL	java.lang.AssertionError	expected:<Sun Jan 09 05:49:53 UTC 2011> but was:<Sun Jan 09 13:49:53 UTC 2011>	org.junit.Assert.fail|org.junit.Assert.failNotEquals|org.junit.Assert.assertEquals|org.junit.Assert.assertEquals|com.alibaba.json.bvt.parser.DefaultExtJSONParser_parseArray.test_8|sun.reflect.NativeMethodAccessorImpl.invoke0|sun.reflect.NativeMethodAccessorImpl.invoke|sun.reflect.DelegatingMethodAccessorImpl.invoke|java.lang.reflect.Method.invoke|junit.framework.TestCase.runTest|junit.framework.TestCase.runBare|junit.framework.TestResult$1.protect	19
c174	FT	1	com.alibaba.json.bvt.parser.FeatureParserTest#test_AllowUnQuotedFieldNames_0	PASS				267
c174	FT	2	com.alibaba.json.bvt.parser.DefaultExtJSONParser_parseArray#test_8	FAIL	java.lang.AssertionError	expected:<Sun Jan 09 05:49:53 UTC 2011> but was:<Sun Jan 09 13:49:53 UTC 2011>	org.junit.Assert.fail|org.junit.Assert.failNotEquals|org.junit.Assert.assertEquals|org.junit.Assert.assertEquals|com.alibaba.json.bvt.parser.DefaultExtJSONParser_parseArray.test_8|sun.reflect.NativeMethodAccessorImpl.invoke0|sun.reflect.NativeMethodAccessorImpl.invoke|sun.reflect.DelegatingMethodAccessorImpl.invoke|java.lang.reflect.Method.invoke|junit.framework.TestCase.runTest|junit.framework.TestCase.runBare|junit.framework.TestResult$1.protect	19
c175	FT	1	com.alibaba.json.bvt.parser.FeatureParserTest#test_error_0	PASS				275
c175	FT	2	com.alibaba.json.bvt.parser.DefaultExtJSONParser_parseArray#test_8	FAIL	java.lang.AssertionError	expected:<Sun Jan 09 05:49:53 UTC 2011> but was:<Sun Jan 09 13:49:53 UTC 2011>	org.junit.Assert.fail|org.junit.Assert.failNotEquals|org.junit.Assert.assertEquals|org.junit.Assert.assertEquals|com.alibaba.json.bvt.parser.DefaultExtJSONParser_parseArray.test_8|sun.reflect.NativeMethodAccessorImpl.invoke0|sun.reflect.NativeMethodAccessorImpl.invoke|sun.reflect.DelegatingMethodAccessorImpl.invoke|java.lang.reflect.Method.invoke|junit.framework.TestCase.runTest|junit.framework.TestCase.runBare|junit.framework.TestResult$1.protect	18
c176	FT	1	com.alibaba.json.bvt.parser.FeatureParserTest#test_error_1	PASS				264
c176	FT	2	com.alibaba.json.bvt.parser.DefaultExtJSONParser_parseArray#test_8	FAIL	java.lang.AssertionError	expected:<Sun Jan 09 05:49:53 UTC 2011> but was:<Sun Jan 09 13:49:53 UTC 2011>	org.junit.Assert.fail|org.junit.Assert.failNotEquals|org.junit.Assert.assertEquals|org.junit.Assert.assertEquals|com.alibaba.json.bvt.parser.DefaultExtJSONParser_parseArray.test_8|sun.reflect.NativeMethodAccessorImpl.invoke0|sun.reflect.NativeMethodAccessorImpl.invoke|sun.reflect.DelegatingMethodAccessorImpl.invoke|java.lang.reflect.Method.invoke|junit.framework.TestCase.runTest|junit.framework.TestCase.runBare|junit.framework.TestResult$1.protect	18
c177	FT	1	com.alibaba.json.bvt.parser.FeatureParserTest#test_error_2	PASS				-840
c177	FT	2	com.alibaba.json.bvt.parser.DefaultExtJSONParser_parseArray#test_8	FAIL	java.lang.AssertionError	expected:<Sun Jan 09 05:49:53 UTC 2011> but was:<Sun Jan 09 13:49:53 UTC 2011>	org.junit.Assert.fail|org.junit.Assert.failNotEquals|org.junit.Assert.assertEquals|org.junit.Assert.assertEquals|com.alibaba.json.bvt.parser.DefaultExtJSONParser_parseArray.test_8|sun.reflect.NativeMethodAccessorImpl.invoke0|sun.reflect.NativeMethodAccessorImpl.invoke|sun.reflect.DelegatingMethodAccessorImpl.invoke|java.lang.reflect.Method.invoke|junit.framework.TestCase.runTest|junit.framework.TestCase.runBare|junit.framework.TestResult$1.protect	19
c178	FT	1	com.alibaba.json.bvt.parser.FeatureTest#test_config	PASS				270
c178	FT	2	com.alibaba.json.bvt.parser.DefaultExtJSONParser_parseArray#test_8	FAIL	java.lang.AssertionError	expected:<Sun Jan 09 05:49:53 UTC 2011> but was:<Sun Jan 09 13:49:53 UTC 2011>	org.junit.Assert.fail|org.junit.Assert.failNotEquals|org.junit.Assert.assertEquals|org.junit.Assert.assertEquals|com.alibaba.json.bvt.parser.DefaultExtJSONParser_parseArray.test_8|sun.reflect.NativeMethodAccessorImpl.invoke0|sun.reflect.NativeMethodAccessorImpl.invoke|sun.reflect.DelegatingMethodAccessorImpl.invoke|java.lang.reflect.Method.invoke|junit.framework.TestCase.runTest|junit.framework.TestCase.runBare|junit.framework.TestResult$1.protect	18
c179	FT	1	com.alibaba.json.bvt.parser.FeatureTest#test_default	PASS				275
c179	FT	2	com.alibaba.json.bvt.parser.DefaultExtJSONParser_parseArray#test_8	FAIL	java.lang.AssertionError	expected:<Sun Jan 09 05:49:53 UTC 2011> but was:<Sun Jan 09 13:49:53 UTC 2011>	org.junit.Assert.fail|org.junit.Assert.failNotEquals|org.junit.Assert.assertEquals|org.junit.Assert.assertEquals|com.alibaba.json.bvt.parser.DefaultExtJSONParser_parseArray.test_8|sun.reflect.NativeMethodAccessorImpl.invoke0|sun.reflect.NativeMethodAccessorImpl.invoke|sun.reflect.DelegatingMethodAccessorImpl.invoke|java.lang.reflect.Method.invoke|junit.framework.TestCase.runTest|junit.framework.TestCase.runBare|junit.framework.TestResult$1.protect	17
c180	FT	1	com.alibaba.json.bvt.parser.InetSocketAddressTest#test_parse	PASS				284
c180	FT	2	com.alibaba.json.bvt.parser.DefaultExtJSONParser_parseArray#test_8	FAIL	java.lang.AssertionError	expected:<Sun Jan 09 05:49:53 UTC 2011> but was:<Sun Jan 09 13:49:53 UTC 2011>	org.junit.Assert.fail|org.junit.Assert.failNotEquals|org.junit.Assert.assertEquals|org.junit.Assert.assertEquals|com.alibaba.json.bvt.parser.DefaultExtJSONParser_parseArray.test_8|sun.reflect.NativeMethodAccessorImpl.invoke0|sun.reflect.NativeMethodAccessorImpl.invoke|sun.reflect.DelegatingMethodAccessorImpl.invoke|java.lang.reflect.Method.invoke|junit.framework.TestCase.runTest|junit.framework.TestCase.runBare|junit.framework.TestResult$1.protect	18
c181	FT	1	com.alibaba.json.bvt.parser.InetSocketAddressTest#test_parse_error	PASS				265
c181	FT	2	com.alibaba.json.bvt.parser.DefaultExtJSONParser_parseArray#test_8	FAIL	java.lang.AssertionError	expected:<Sun Jan 09 05:49:53 UTC 2011> but was:<Sun Jan 09 13:49:53 UTC 2011>	org.junit.Assert.fail|org.junit.Assert.failNotEquals|org.junit.Assert.assertEquals|org.junit.Assert.assertEquals|com.alibaba.json.bvt.parser.DefaultExtJSONParser_parseArray.test_8|sun.reflect.NativeMethodAccessorImpl.invoke0|sun.reflect.NativeMethodAccessorImpl.invoke|sun.reflect.DelegatingMethodAccessorImpl.invoke|java.lang.reflect.Method.invoke|junit.framework.TestCase.runTest|junit.framework.TestCase.runBare|junit.framework.TestResult$1.protect	19
c182	FT	1	com.alibaba.json.bvt.parser.JSONArrayParseTest#test_array	PASS				336
c182	FT	2	com.alibaba.json.bvt.parser.DefaultExtJSONParser_parseArray#test_8	FAIL	java.lang.AssertionError	expected:<Sun Jan 09 05:49:53 UTC 2011> but was:<Sun Jan 09 13:49:53 UTC 2011>	org.junit.Assert.fail|org.junit.Assert.failNotEquals|org.junit.Assert.assertEquals|org.junit.Assert.assertEquals|com.alibaba.json.bvt.parser.DefaultExtJSONParser_parseArray.test_8|sun.reflect.NativeMethodAccessorImpl.invoke0|sun.reflect.NativeMethodAccessorImpl.invoke|sun.reflect.DelegatingMethodAccessorImpl.invoke|java.lang.reflect.Method.invoke|junit.framework.TestCase.runTest|junit.framework.TestCase.runBare|junit.framework.TestResult$1.protect	19
c183	{"a":1,"b":2}
c183	{"a":1,"b":2}
c183	FT	1	com.alibaba.json.bvt.parser.JSONLexerAllowCommentTest#test_0	PASS				315
c183	FT	2	com.alibaba.json.bvt.parser.DefaultExtJSONParser_parseArray#test_8	FAIL	java.lang.AssertionError	expected:<Sun Jan 09 05:49:53 UTC 2011> but was:<Sun Jan 09 13:49:53 UTC 2011>	org.junit.Assert.fail|org.junit.Assert.failNotEquals|org.junit.Assert.assertEquals|org.junit.Assert.assertEquals|com.alibaba.json.bvt.parser.DefaultExtJSONParser_parseArray.test_8|sun.reflect.NativeMethodAccessorImpl.invoke0|sun.reflect.NativeMethodAccessorImpl.invoke|sun.reflect.DelegatingMethodAccessorImpl.invoke|java.lang.reflect.Method.invoke|junit.framework.TestCase.runTest|junit.framework.TestCase.runBare|junit.framework.TestResult$1.protect	22
c184	{"hello":"asafsadf","test":1,"array":["10000sfsaf",100,{"nihao":{"test":"sdfasdf"}}],"object":{"teset":1000}}
c184	FT	1	com.alibaba.json.bvt.parser.JSONLexerAllowCommentTest#test_1	PASS				337
c184	FT	2	com.alibaba.json.bvt.parser.DefaultExtJSONParser_parseArray#test_8	FAIL	java.lang.AssertionError	expected:<Sun Jan 09 05:49:53 UTC 2011> but was:<Sun Jan 09 13:49:53 UTC 2011>	org.junit.Assert.fail|org.junit.Assert.failNotEquals|org.junit.Assert.assertEquals|org.junit.Assert.assertEquals|com.alibaba.json.bvt.parser.DefaultExtJSONParser_parseArray.test_8|sun.reflect.NativeMethodAccessorImpl.invoke0|sun.reflect.NativeMethodAccessorImpl.invoke|sun.reflect.DelegatingMethodAccessorImpl.invoke|java.lang.reflect.Method.invoke|junit.framework.TestCase.runTest|junit.framework.TestCase.runBare|junit.framework.TestResult$1.protect	19
c185	FT	1	com.alibaba.json.bvt.parser.JSONLexerTest#test_0	PASS				343
c185	FT	2	com.alibaba.json.bvt.parser.DefaultExtJSONParser_parseArray#test_8	FAIL	java.lang.AssertionError	expected:<Sun Jan 09 05:49:53 UTC 2011> but was:<Sun Jan 09 13:49:53 UTC 2011>	org.junit.Assert.fail|org.junit.Assert.failNotEquals|org.junit.Assert.assertEquals|org.junit.Assert.assertEquals|com.alibaba.json.bvt.parser.DefaultExtJSONParser_parseArray.test_8|sun.reflect.NativeMethodAccessorImpl.invoke0|sun.reflect.NativeMethodAccessorImpl.invoke|sun.reflect.DelegatingMethodAccessorImpl.invoke|java.lang.reflect.Method.invoke|junit.framework.TestCase.runTest|junit.framework.TestCase.runBare|junit.framework.TestResult$1.protect	24
c186	FT	1	com.alibaba.json.bvt.parser.JSONLexerTest_10#test_a	PASS				292
c186	FT	2	com.alibaba.json.bvt.parser.DefaultExtJSONParser_parseArray#test_8	FAIL	java.lang.AssertionError	expected:<Sun Jan 09 05:49:53 UTC 2011> but was:<Sun Jan 09 13:49:53 UTC 2011>	org.junit.Assert.fail|org.junit.Assert.failNotEquals|org.junit.Assert.assertEquals|org.junit.Assert.assertEquals|com.alibaba.json.bvt.parser.DefaultExtJSONParser_parseArray.test_8|sun.reflect.NativeMethodAccessorImpl.invoke0|sun.reflect.NativeMethodAccessorImpl.invoke|sun.reflect.DelegatingMethodAccessorImpl.invoke|java.lang.reflect.Method.invoke|junit.framework.TestCase.runTest|junit.framework.TestCase.runBare|junit.framework.TestResult$1.protect	25
c187	FT	1	com.alibaba.json.bvt.parser.JSONLexerTest_11#test_a	PASS				336
c187	FT	2	com.alibaba.json.bvt.parser.DefaultExtJSONParser_parseArray#test_8	FAIL	java.lang.AssertionError	expected:<Sun Jan 09 05:49:53 UTC 2011> but was:<Sun Jan 09 13:49:53 UTC 2011>	org.junit.Assert.fail|org.junit.Assert.failNotEquals|org.junit.Assert.assertEquals|org.junit.Assert.assertEquals|com.alibaba.json.bvt.parser.DefaultExtJSONParser_parseArray.test_8|sun.reflect.NativeMethodAccessorImpl.invoke0|sun.reflect.NativeMethodAccessorImpl.invoke|sun.reflect.DelegatingMethodAccessorImpl.invoke|java.lang.reflect.Method.invoke|junit.framework.TestCase.runTest|junit.framework.TestCase.runBare|junit.framework.TestResult$1.protect	17
c188	FT	1	com.alibaba.json.bvt.parser.JSONLexerTest_12#test_a	PASS				341
c188	FT	2	com.alibaba.json.bvt.parser.DefaultExtJSONParser_parseArray#test_8	FAIL	java.lang.AssertionError	expected:<Sun Jan 09 05:49:53 UTC 2011> but was:<Sun Jan 09 13:49:53 UTC 2011>	org.junit.Assert.fail|org.junit.Assert.failNotEquals|org.junit.Assert.assertEquals|org.junit.Assert.assertEquals|com.alibaba.json.bvt.parser.DefaultExtJSONParser_parseArray.test_8|sun.reflect.NativeMethodAccessorImpl.invoke0|sun.reflect.NativeMethodAccessorImpl.invoke|sun.reflect.DelegatingMethodAccessorImpl.invoke|java.lang.reflect.Method.invoke|junit.framework.TestCase.runTest|junit.framework.TestCase.runBare|junit.framework.TestResult$1.protect	30
c189	FT	1	com.alibaba.json.bvt.parser.JSONLexerTest_12#test_error	PASS				336
c189	FT	2	com.alibaba.json.bvt.parser.DefaultExtJSONParser_parseArray#test_8	FAIL	java.lang.AssertionError	expected:<Sun Jan 09 05:49:53 UTC 2011> but was:<Sun Jan 09 13:49:53 UTC 2011>	org.junit.Assert.fail|org.junit.Assert.failNotEquals|org.junit.Assert.assertEquals|org.junit.Assert.assertEquals|com.alibaba.json.bvt.parser.DefaultExtJSONParser_parseArray.test_8|sun.reflect.NativeMethodAccessorImpl.invoke0|sun.reflect.NativeMethodAccessorImpl.invoke|sun.reflect.DelegatingMethodAccessorImpl.invoke|java.lang.reflect.Method.invoke|junit.framework.TestCase.runTest|junit.framework.TestCase.runBare|junit.framework.TestResult$1.protect	20
c190	FT	1	com.alibaba.json.bvt.parser.JSONLexerTest_12#test_error_2	PASS				337
c190	FT	2	com.alibaba.json.bvt.parser.DefaultExtJSONParser_parseArray#test_8	FAIL	java.lang.AssertionError	expected:<Sun Jan 09 05:49:53 UTC 2011> but was:<Sun Jan 09 13:49:53 UTC 2011>	org.junit.Assert.fail|org.junit.Assert.failNotEquals|org.junit.Assert.assertEquals|org.junit.Assert.assertEquals|com.alibaba.json.bvt.parser.DefaultExtJSONParser_parseArray.test_8|sun.reflect.NativeMethodAccessorImpl.invoke0|sun.reflect.NativeMethodAccessorImpl.invoke|sun.reflect.DelegatingMethodAccessorImpl.invoke|java.lang.reflect.Method.invoke|junit.framework.TestCase.runTest|junit.framework.TestCase.runBare|junit.framework.TestResult$1.protect	18
c191	FT	1	com.alibaba.json.bvt.parser.JSONLexerTest_12#test_error_3	PASS				360
c191	FT	2	com.alibaba.json.bvt.parser.DefaultExtJSONParser_parseArray#test_8	FAIL	java.lang.AssertionError	expected:<Sun Jan 09 05:49:53 UTC 2011> but was:<Sun Jan 09 13:49:53 UTC 2011>	org.junit.Assert.fail|org.junit.Assert.failNotEquals|org.junit.Assert.assertEquals|org.junit.Assert.assertEquals|com.alibaba.json.bvt.parser.DefaultExtJSONParser_parseArray.test_8|sun.reflect.NativeMethodAccessorImpl.invoke0|sun.reflect.NativeMethodAccessorImpl.invoke|sun.reflect.DelegatingMethodAccessorImpl.invoke|java.lang.reflect.Method.invoke|junit.framework.TestCase.runTest|junit.framework.TestCase.runBare|junit.framework.TestResult$1.protect	21
c192	FT	1	com.alibaba.json.bvt.parser.JSONLexerTest_13#test_E	PASS				313
c192	FT	2	com.alibaba.json.bvt.parser.DefaultExtJSONParser_parseArray#test_8	FAIL	java.lang.AssertionError	expected:<Sun Jan 09 05:49:53 UTC 2011> but was:<Sun Jan 09 13:49:53 UTC 2011>	org.junit.Assert.fail|org.junit.Assert.failNotEquals|org.junit.Assert.assertEquals|org.junit.Assert.assertEquals|com.alibaba.json.bvt.parser.DefaultExtJSONParser_parseArray.test_8|sun.reflect.NativeMethodAccessorImpl.invoke0|sun.reflect.NativeMethodAccessorImpl.invoke|sun.reflect.DelegatingMethodAccessorImpl.invoke|java.lang.reflect.Method.invoke|junit.framework.TestCase.runTest|junit.framework.TestCase.runBare|junit.framework.TestResult$1.protect	26
c193	FT	1	com.alibaba.json.bvt.parser.JSONLexerTest_13#test_E_minus	PASS				369
c193	FT	2	com.alibaba.json.bvt.parser.DefaultExtJSONParser_parseArray#test_8	FAIL	java.lang.AssertionError	expected:<Sun Jan 09 05:49:53 UTC 2011> but was:<Sun Jan 09 13:49:53 UTC 2011>	org.junit.Assert.fail|org.junit.Assert.failNotEquals|org.junit.Assert.assertEquals|org.junit.Assert.assertEquals|com.alibaba.json.bvt.parser.DefaultExtJSONParser_parseArray.test_8|sun.reflect.NativeMethodAccessorImpl.invoke0|sun.reflect.NativeMethodAccessorImpl.invoke|sun.reflect.DelegatingMethodAccessorImpl.invoke|java.lang.reflect.Method.invoke|junit.framework.TestCase.runTest|junit.framework.TestCase.runBare|junit.framework.TestResult$1.protect	18
c194	FT	1	com.alibaba.json.bvt.parser.JSONLexerTest_13#test_E_plus	PASS				315
c194	FT	2	com.alibaba.json.bvt.parser.DefaultExtJSONParser_parseArray#test_8	FAIL	java.lang.AssertionError	expected:<Sun Jan 09 05:49:53 UTC 2011> but was:<Sun Jan 09 13:49:53 UTC 2011>	org.junit.Assert.fail|org.junit.Assert.failNotEquals|org.junit.Assert.assertEquals|org.junit.Assert.assertEquals|com.alibaba.json.bvt.parser.DefaultExtJSONParser_parseArray.test_8|sun.reflect.NativeMethodAccessorImpl.invoke0|sun.reflect.NativeMethodAccessorImpl.invoke|sun.reflect.DelegatingMethodAccessorImpl.invoke|java.lang.reflect.Method.invoke|junit.framework.TestCase.runTest|junit.framework.TestCase.runBare|junit.framework.TestResult$1.protect	18
c195	FT	1	com.alibaba.json.bvt.parser.JSONLexerTest_13#test_e	PASS				303
c195	FT	2	com.alibaba.json.bvt.parser.DefaultExtJSONParser_parseArray#test_8	FAIL	java.lang.AssertionError	expected:<Sun Jan 09 05:49:53 UTC 2011> but was:<Sun Jan 09 13:49:53 UTC 2011>	org.junit.Assert.fail|org.junit.Assert.failNotEquals|org.junit.Assert.assertEquals|org.junit.Assert.assertEquals|com.alibaba.json.bvt.parser.DefaultExtJSONParser_parseArray.test_8|sun.reflect.NativeMethodAccessorImpl.invoke0|sun.reflect.NativeMethodAccessorImpl.invoke|sun.reflect.DelegatingMethodAccessorImpl.invoke|java.lang.reflect.Method.invoke|junit.framework.TestCase.runTest|junit.framework.TestCase.runBare|junit.framework.TestResult$1.protect	18
c196	FT	1	com.alibaba.json.bvt.parser.JSONLexerTest_13#test_e_minus	PASS				280
c196	FT	2	com.alibaba.json.bvt.parser.DefaultExtJSONParser_parseArray#test_8	FAIL	java.lang.AssertionError	expected:<Sun Jan 09 05:49:53 UTC 2011> but was:<Sun Jan 09 13:49:53 UTC 2011>	org.junit.Assert.fail|org.junit.Assert.failNotEquals|org.junit.Assert.assertEquals|org.junit.Assert.assertEquals|com.alibaba.json.bvt.parser.DefaultExtJSONParser_parseArray.test_8|sun.reflect.NativeMethodAccessorImpl.invoke0|sun.reflect.NativeMethodAccessorImpl.invoke|sun.reflect.DelegatingMethodAccessorImpl.invoke|java.lang.reflect.Method.invoke|junit.framework.TestCase.runTest|junit.framework.TestCase.runBare|junit.framework.TestResult$1.protect	19
c197	FT	1	com.alibaba.json.bvt.parser.JSONLexerTest_13#test_e_plus	PASS				298
c197	FT	2	com.alibaba.json.bvt.parser.DefaultExtJSONParser_parseArray#test_8	FAIL	java.lang.AssertionError	expected:<Sun Jan 09 05:49:53 UTC 2011> but was:<Sun Jan 09 13:49:53 UTC 2011>	org.junit.Assert.fail|org.junit.Assert.failNotEquals|org.junit.Assert.assertEquals|org.junit.Assert.assertEquals|com.alibaba.json.bvt.parser.DefaultExtJSONParser_parseArray.test_8|sun.reflect.NativeMethodAccessorImpl.invoke0|sun.reflect.NativeMethodAccessorImpl.invoke|sun.reflect.DelegatingMethodAccessorImpl.invoke|java.lang.reflect.Method.invoke|junit.framework.TestCase.runTest|junit.framework.TestCase.runBare|junit.framework.TestResult$1.protect	18
c198	FT	1	com.alibaba.json.bvt.parser.JSONLexerTest_13#test_error_3	PASS				293
c198	FT	2	com.alibaba.json.bvt.parser.DefaultExtJSONParser_parseArray#test_8	FAIL	java.lang.AssertionError	expected:<Sun Jan 09 05:49:53 UTC 2011> but was:<Sun Jan 09 13:49:53 UTC 2011>	org.junit.Assert.fail|org.junit.Assert.failNotEquals|org.junit.Assert.assertEquals|org.junit.Assert.assertEquals|com.alibaba.json.bvt.parser.DefaultExtJSONParser_parseArray.test_8|sun.reflect.NativeMethodAccessorImpl.invoke0|sun.reflect.NativeMethodAccessorImpl.invoke|sun.reflect.DelegatingMethodAccessorImpl.invoke|java.lang.reflect.Method.invoke|junit.framework.TestCase.runTest|junit.framework.TestCase.runBare|junit.framework.TestResult$1.protect	18
c199	FT	1	com.alibaba.json.bvt.parser.JSONLexerTest_14#test_e	PASS				276
c199	FT	2	com.alibaba.json.bvt.parser.DefaultExtJSONParser_parseArray#test_8	FAIL	java.lang.AssertionError	expected:<Sun Jan 09 05:49:53 UTC 2011> but was:<Sun Jan 09 13:49:53 UTC 2011>	org.junit.Assert.fail|org.junit.Assert.failNotEquals|org.junit.Assert.assertEquals|org.junit.Assert.assertEquals|com.alibaba.json.bvt.parser.DefaultExtJSONParser_parseArray.test_8|sun.reflect.NativeMethodAccessorImpl.invoke0|sun.reflect.NativeMethodAccessorImpl.invoke|sun.reflect.DelegatingMethodAccessorImpl.invoke|java.lang.reflect.Method.invoke|junit.framework.TestCase.runTest|junit.framework.TestCase.runBare|junit.framework.TestResult$1.protect	20
c200	FT	1	com.alibaba.json.bvt.parser.JSONLexerTest_15#test_e	PASS				279
c200	FT	2	com.alibaba.json.bvt.parser.DefaultExtJSONParser_parseArray#test_8	FAIL	java.lang.AssertionError	expected:<Sun Jan 09 05:49:53 UTC 2011> but was:<Sun Jan 09 13:49:53 UTC 2011>	org.junit.Assert.fail|org.junit.Assert.failNotEquals|org.junit.Assert.assertEquals|org.junit.Assert.assertEquals|com.alibaba.json.bvt.parser.DefaultExtJSONParser_parseArray.test_8|sun.reflect.NativeMethodAccessorImpl.invoke0|sun.reflect.NativeMethodAccessorImpl.invoke|sun.reflect.DelegatingMethodAccessorImpl.invoke|java.lang.reflect.Method.invoke|junit.framework.TestCase.runTest|junit.framework.TestCase.runBare|junit.framework.TestResult$1.protect	16
c201	FT	1	com.alibaba.json.bvt.parser.JSONLexerTest_16#test_0	PASS				293
c201	FT	2	com.alibaba.json.bvt.parser.DefaultExtJSONParser_parseArray#test_8	FAIL	java.lang.AssertionError	expected:<Sun Jan 09 05:49:53 UTC 2011> but was:<Sun Jan 09 13:49:53 UTC 2011>	org.junit.Assert.fail|org.junit.Assert.failNotEquals|org.junit.Assert.assertEquals|org.junit.Assert.assertEquals|com.alibaba.json.bvt.parser.DefaultExtJSONParser_parseArray.test_8|sun.reflect.NativeMethodAccessorImpl.invoke0|sun.reflect.NativeMethodAccessorImpl.invoke|sun.reflect.DelegatingMethodAccessorImpl.invoke|java.lang.reflect.Method.invoke|junit.framework.TestCase.runTest|junit.framework.TestCase.runBare|junit.framework.TestResult$1.protect	17
c202	FT	1	com.alibaba.json.bvt.parser.JSONLexerTest_16#test_1	PASS				267
c202	FT	2	com.alibaba.json.bvt.parser.DefaultExtJSONParser_parseArray#test_8	FAIL	java.lang.AssertionError	expected:<Sun Jan 09 05:49:53 UTC 2011> but was:<Sun Jan 09 13:49:53 UTC 2011>	org.junit.Assert.fail|org.junit.Assert.failNotEquals|org.junit.Assert.assertEquals|org.junit.Assert.assertEquals|com.alibaba.json.bvt.parser.DefaultExtJSONParser_parseArray.test_8|sun.reflect.NativeMethodAccessorImpl.invoke0|sun.reflect.NativeMethodAccessorImpl.invoke|sun.reflect.DelegatingMethodAccessorImpl.invoke|java.lang.reflect.Method.invoke|junit.framework.TestCase.runTest|junit.framework.TestCase.runBare|junit.framework.TestResult$1.protect	18
c203	FT	1	com.alibaba.json.bvt.parser.JSONLexerTest_16#test_10	PASS				307
c203	FT	2	com.alibaba.json.bvt.parser.DefaultExtJSONParser_parseArray#test_8	FAIL	java.lang.AssertionError	expected:<Sun Jan 09 05:49:53 UTC 2011> but was:<Sun Jan 09 13:49:53 UTC 2011>	org.junit.Assert.fail|org.junit.Assert.failNotEquals|org.junit.Assert.assertEquals|org.junit.Assert.assertEquals|com.alibaba.json.bvt.parser.DefaultExtJSONParser_parseArray.test_8|sun.reflect.NativeMethodAccessorImpl.invoke0|sun.reflect.NativeMethodAccessorImpl.invoke|sun.reflect.DelegatingMethodAccessorImpl.invoke|java.lang.reflect.Method.invoke|junit.framework.TestCase.runTest|junit.framework.TestCase.runBare|junit.framework.TestResult$1.protect	24
c204	FT	1	com.alibaba.json.bvt.parser.JSONLexerTest_16#test_2	PASS				331
c204	FT	2	com.alibaba.json.bvt.parser.DefaultExtJSONParser_parseArray#test_8	FAIL	java.lang.AssertionError	expected:<Sun Jan 09 05:49:53 UTC 2011> but was:<Sun Jan 09 13:49:53 UTC 2011>	org.junit.Assert.fail|org.junit.Assert.failNotEquals|org.junit.Assert.assertEquals|org.junit.Assert.assertEquals|com.alibaba.json.bvt.parser.DefaultExtJSONParser_parseArray.test_8|sun.reflect.NativeMethodAccessorImpl.invoke0|sun.reflect.NativeMethodAccessorImpl.invoke|sun.reflect.DelegatingMethodAccessorImpl.invoke|java.lang.reflect.Method.invoke|junit.framework.TestCase.runTest|junit.framework.TestCase.runBare|junit.framework.TestResult$1.protect	22
c205	FT	1	com.alibaba.json.bvt.parser.JSONLexerTest_16#test_3	PASS				280
c205	FT	2	com.alibaba.json.bvt.parser.DefaultExtJSONParser_parseArray#test_8	FAIL	java.lang.AssertionError	expected:<Sun Jan 09 05:49:53 UTC 2011> but was:<Sun Jan 09 13:49:53 UTC 2011>	org.junit.Assert.fail|org.junit.Assert.failNotEquals|org.junit.Assert.assertEquals|org.junit.Assert.assertEquals|com.alibaba.json.bvt.parser.DefaultExtJSONParser_parseArray.test_8|sun.reflect.NativeMethodAccessorImpl.invoke0|sun.reflect.NativeMethodAccessorImpl.invoke|sun.reflect.DelegatingMethodAccessorImpl.invoke|java.lang.reflect.Method.invoke|junit.framework.TestCase.runTest|junit.framework.TestCase.runBare|junit.framework.TestResult$1.protect	18
c206	FT	1	com.alibaba.json.bvt.parser.JSONLexerTest_16#test_39	PASS				274
c206	FT	2	com.alibaba.json.bvt.parser.DefaultExtJSONParser_parseArray#test_8	FAIL	java.lang.AssertionError	expected:<Sun Jan 09 05:49:53 UTC 2011> but was:<Sun Jan 09 13:49:53 UTC 2011>	org.junit.Assert.fail|org.junit.Assert.failNotEquals|org.junit.Assert.assertEquals|org.junit.Assert.assertEquals|com.alibaba.json.bvt.parser.DefaultExtJSONParser_parseArray.test_8|sun.reflect.NativeMethodAccessorImpl.invoke0|sun.reflect.NativeMethodAccessorImpl.invoke|sun.reflect.DelegatingMethodAccessorImpl.invoke|java.lang.reflect.Method.invoke|junit.framework.TestCase.runTest|junit.framework.TestCase.runBare|junit.framework.TestResult$1.protect	19
c207	FT	1	com.alibaba.json.bvt.parser.JSONLexerTest_16#test_4	PASS				290
c207	FT	2	com.alibaba.json.bvt.parser.DefaultExtJSONParser_parseArray#test_8	FAIL	java.lang.AssertionError	expected:<Sun Jan 09 05:49:53 UTC 2011> but was:<Sun Jan 09 13:49:53 UTC 2011>	org.junit.Assert.fail|org.junit.Assert.failNotEquals|org.junit.Assert.assertEquals|org.junit.Assert.assertEquals|com.alibaba.json.bvt.parser.DefaultExtJSONParser_parseArray.test_8|sun.reflect.NativeMethodAccessorImpl.invoke0|sun.reflect.NativeMethodAccessorImpl.invoke|sun.reflect.DelegatingMethodAccessorImpl.invoke|java.lang.reflect.Method.invoke|junit.framework.TestCase.runTest|junit.framework.TestCase.runBare|junit.framework.TestResult$1.protect	19
c208	FT	1	com.alibaba.json.bvt.parser.JSONLexerTest_16#test_40	PASS				292
c208	FT	2	com.alibaba.json.bvt.parser.DefaultExtJSONParser_parseArray#test_8	FAIL	java.lang.AssertionError	expected:<Sun Jan 09 05:49:53 UTC 2011> but was:<Sun Jan 09 13:49:53 UTC 2011>	org.junit.Assert.fail|org.junit.Assert.failNotEquals|org.junit.Assert.assertEquals|org.junit.Assert.assertEquals|com.alibaba.json.bvt.parser.DefaultExtJSONParser_parseArray.test_8|sun.reflect.NativeMethodAccessorImpl.invoke0|sun.reflect.NativeMethodAccessorImpl.invoke|sun.reflect.DelegatingMethodAccessorImpl.invoke|java.lang.reflect.Method.invoke|junit.framework.TestCase.runTest|junit.framework.TestCase.runBare|junit.framework.TestResult$1.protect	19
c209	FT	1	com.alibaba.json.bvt.parser.JSONLexerTest_16#test_5	PASS				263
c209	FT	2	com.alibaba.json.bvt.parser.DefaultExtJSONParser_parseArray#test_8	FAIL	java.lang.AssertionError	expected:<Sun Jan 09 05:49:53 UTC 2011> but was:<Sun Jan 09 13:49:53 UTC 2011>	org.junit.Assert.fail|org.junit.Assert.failNotEquals|org.junit.Assert.assertEquals|org.junit.Assert.assertEquals|com.alibaba.json.bvt.parser.DefaultExtJSONParser_parseArray.test_8|sun.reflect.NativeMethodAccessorImpl.invoke0|sun.reflect.NativeMethodAccessorImpl.invoke|sun.reflect.DelegatingMethodAccessorImpl.invoke|java.lang.reflect.Method.invoke|junit.framework.TestCase.runTest|junit.framework.TestCase.runBare|junit.framework.TestResult$1.protect	20
c210	FT	1	com.alibaba.json.bvt.parser.JSONLexerTest_16#test_6	PASS				293
c210	FT	2	com.alibaba.json.bvt.parser.DefaultExtJSONParser_parseArray#test_8	FAIL	java.lang.AssertionError	expected:<Sun Jan 09 05:49:53 UTC 2011> but was:<Sun Jan 09 13:49:53 UTC 2011>	org.junit.Assert.fail|org.junit.Assert.failNotEquals|org.junit.Assert.assertEquals|org.junit.Assert.assertEquals|com.alibaba.json.bvt.parser.DefaultExtJSONParser_parseArray.test_8|sun.reflect.NativeMethodAccessorImpl.invoke0|sun.reflect.NativeMethodAccessorImpl.invoke|sun.reflect.DelegatingMethodAccessorImpl.invoke|java.lang.reflect.Method.invoke|junit.framework.TestCase.runTest|junit.framework.TestCase.runBare|junit.framework.TestResult$1.protect	20
c211	FT	1	com.alibaba.json.bvt.parser.JSONLexerTest_16#test_7	PASS				270
c211	FT	2	com.alibaba.json.bvt.parser.DefaultExtJSONParser_parseArray#test_8	FAIL	java.lang.AssertionError	expected:<Sun Jan 09 05:49:53 UTC 2011> but was:<Sun Jan 09 13:49:53 UTC 2011>	org.junit.Assert.fail|org.junit.Assert.failNotEquals|org.junit.Assert.assertEquals|org.junit.Assert.assertEquals|com.alibaba.json.bvt.parser.DefaultExtJSONParser_parseArray.test_8|sun.reflect.NativeMethodAccessorImpl.invoke0|sun.reflect.NativeMethodAccessorImpl.invoke|sun.reflect.DelegatingMethodAccessorImpl.invoke|java.lang.reflect.Method.invoke|junit.framework.TestCase.runTest|junit.framework.TestCase.runBare|junit.framework.TestResult$1.protect	21
c212	FT	1	com.alibaba.json.bvt.parser.JSONLexerTest_16#test_8	PASS				277
c212	FT	2	com.alibaba.json.bvt.parser.DefaultExtJSONParser_parseArray#test_8	FAIL	java.lang.AssertionError	expected:<Sun Jan 09 05:49:53 UTC 2011> but was:<Sun Jan 09 13:49:53 UTC 2011>	org.junit.Assert.fail|org.junit.Assert.failNotEquals|org.junit.Assert.assertEquals|org.junit.Assert.assertEquals|com.alibaba.json.bvt.parser.DefaultExtJSONParser_parseArray.test_8|sun.reflect.NativeMethodAccessorImpl.invoke0|sun.reflect.NativeMethodAccessorImpl.invoke|sun.reflect.DelegatingMethodAccessorImpl.invoke|java.lang.reflect.Method.invoke|junit.framework.TestCase.runTest|junit.framework.TestCase.runBare|junit.framework.TestResult$1.protect	19
c213	FT	1	com.alibaba.json.bvt.parser.JSONLexerTest_16#test_9	PASS				274
c213	FT	2	com.alibaba.json.bvt.parser.DefaultExtJSONParser_parseArray#test_8	FAIL	java.lang.AssertionError	expected:<Sun Jan 09 05:49:53 UTC 2011> but was:<Sun Jan 09 13:49:53 UTC 2011>	org.junit.Assert.fail|org.junit.Assert.failNotEquals|org.junit.Assert.assertEquals|org.junit.Assert.assertEquals|com.alibaba.json.bvt.parser.DefaultExtJSONParser_parseArray.test_8|sun.reflect.NativeMethodAccessorImpl.invoke0|sun.reflect.NativeMethodAccessorImpl.invoke|sun.reflect.DelegatingMethodAccessorImpl.invoke|java.lang.reflect.Method.invoke|junit.framework.TestCase.runTest|junit.framework.TestCase.runBare|junit.framework.TestResult$1.protect	18
c214	FT	1	com.alibaba.json.bvt.parser.JSONLexerTest_2#test_0	PASS				275
c214	FT	2	com.alibaba.json.bvt.parser.DefaultExtJSONParser_parseArray#test_8	FAIL	java.lang.AssertionError	expected:<Sun Jan 09 05:49:53 UTC 2011> but was:<Sun Jan 09 13:49:53 UTC 2011>	org.junit.Assert.fail|org.junit.Assert.failNotEquals|org.junit.Assert.assertEquals|org.junit.Assert.assertEquals|com.alibaba.json.bvt.parser.DefaultExtJSONParser_parseArray.test_8|sun.reflect.NativeMethodAccessorImpl.invoke0|sun.reflect.NativeMethodAccessorImpl.invoke|sun.reflect.DelegatingMethodAccessorImpl.invoke|java.lang.reflect.Method.invoke|junit.framework.TestCase.runTest|junit.framework.TestCase.runBare|junit.framework.TestResult$1.protect	17
c215	FT	1	com.alibaba.json.bvt.parser.JSONLexerTest_2#test_1	PASS				292
c215	FT	2	com.alibaba.json.bvt.parser.DefaultExtJSONParser_parseArray#test_8	FAIL	java.lang.AssertionError	expected:<Sun Jan 09 05:49:53 UTC 2011> but was:<Sun Jan 09 13:49:53 UTC 2011>	org.junit.Assert.fail|org.junit.Assert.failNotEquals|org.junit.Assert.assertEquals|org.junit.Assert.assertEquals|com.alibaba.json.bvt.parser.DefaultExtJSONParser_parseArray.test_8|sun.reflect.NativeMethodAccessorImpl.invoke0|sun.reflect.NativeMethodAccessorImpl.invoke|sun.reflect.DelegatingMethodAccessorImpl.invoke|java.lang.reflect.Method.invoke|junit.framework.TestCase.runTest|junit.framework.TestCase.runBare|junit.framework.TestResult$1.protect	18
c216	FT	1	com.alibaba.json.bvt.parser.JSONLexerTest_2#test_2	PASS				298
c216	FT	2	com.alibaba.json.bvt.parser.DefaultExtJSONParser_parseArray#test_8	FAIL	java.lang.AssertionError	expected:<Sun Jan 09 05:49:53 UTC 2011> but was:<Sun Jan 09 13:49:53 UTC 2011>	org.junit.Assert.fail|org.junit.Assert.failNotEquals|org.junit.Assert.assertEquals|org.junit.Assert.assertEquals|com.alibaba.json.bvt.parser.DefaultExtJSONParser_parseArray.test_8|sun.reflect.NativeMethodAccessorImpl.invoke0|sun.reflect.NativeMethodAccessorImpl.invoke|sun.reflect.DelegatingMethodAccessorImpl.invoke|java.lang.reflect.Method.invoke|junit.framework.TestCase.runTest|junit.framework.TestCase.runBare|junit.framework.TestResult$1.protect	19
c217	FT	1	com.alibaba.json.bvt.parser.JSONLexerTest_2#test_a	PASS				294
c217	FT	2	com.alibaba.json.bvt.parser.DefaultExtJSONParser_parseArray#test_8	FAIL	java.lang.AssertionError	expected:<Sun Jan 09 05:49:53 UTC 2011> but was:<Sun Jan 09 13:49:53 UTC 2011>	org.junit.Assert.fail|org.junit.Assert.failNotEquals|org.junit.Assert.assertEquals|org.junit.Assert.assertEquals|com.alibaba.json.bvt.parser.DefaultExtJSONParser_parseArray.test_8|sun.reflect.NativeMethodAccessorImpl.invoke0|sun.reflect.NativeMethodAccessorImpl.invoke|sun.reflect.DelegatingMethodAccessorImpl.invoke|java.lang.reflect.Method.invoke|junit.framework.TestCase.runTest|junit.framework.TestCase.runBare|junit.framework.TestResult$1.protect	20
c218	FT	1	com.alibaba.json.bvt.parser.JSONLexerTest_2#test_error	PASS				317
c218	FT	2	com.alibaba.json.bvt.parser.DefaultExtJSONParser_parseArray#test_8	FAIL	java.lang.AssertionError	expected:<Sun Jan 09 05:49:53 UTC 2011> but was:<Sun Jan 09 13:49:53 UTC 2011>	org.junit.Assert.fail|org.junit.Assert.failNotEquals|org.junit.Assert.assertEquals|org.junit.Assert.assertEquals|com.alibaba.json.bvt.parser.DefaultExtJSONParser_parseArray.test_8|sun.reflect.NativeMethodAccessorImpl.invoke0|sun.reflect.NativeMethodAccessorImpl.invoke|sun.reflect.DelegatingMethodAccessorImpl.invoke|java.lang.reflect.Method.invoke|junit.framework.TestCase.runTest|junit.framework.TestCase.runBare|junit.framework.TestResult$1.protect	19
c219	FT	1	com.alibaba.json.bvt.parser.JSONLexerTest_2#test_list	PASS				332
c219	FT	2	com.alibaba.json.bvt.parser.DefaultExtJSONParser_parseArray#test_8	FAIL	java.lang.AssertionError	expected:<Sun Jan 09 05:49:53 UTC 2011> but was:<Sun Jan 09 13:49:53 UTC 2011>	org.junit.Assert.fail|org.junit.Assert.failNotEquals|org.junit.Assert.assertEquals|org.junit.Assert.assertEquals|com.alibaba.json.bvt.parser.DefaultExtJSONParser_parseArray.test_8|sun.reflect.NativeMethodAccessorImpl.invoke0|sun.reflect.NativeMethodAccessorImpl.invoke|sun.reflect.DelegatingMethodAccessorImpl.invoke|java.lang.reflect.Method.invoke|junit.framework.TestCase.runTest|junit.framework.TestCase.runBare|junit.framework.TestResult$1.protect	21
c220	FT	1	com.alibaba.json.bvt.parser.JSONLexerTest_2#test_list_2	PASS				316
c220	FT	2	com.alibaba.json.bvt.parser.DefaultExtJSONParser_parseArray#test_8	FAIL	java.lang.AssertionError	expected:<Sun Jan 09 05:49:53 UTC 2011> but was:<Sun Jan 09 13:49:53 UTC 2011>	org.junit.Assert.fail|org.junit.Assert.failNotEquals|org.junit.Assert.assertEquals|org.junit.Assert.assertEquals|com.alibaba.json.bvt.parser.DefaultExtJSONParser_parseArray.test_8|sun.reflect.NativeMethodAccessorImpl.invoke0|sun.reflect.NativeMethodAccessorImpl.invoke|sun.reflect.DelegatingMethodAccessorImpl.invoke|java.lang.reflect.Method.invoke|junit.framework.TestCase.runTest|junit.framework.TestCase.runBare|junit.framework.TestResult$1.protect	20
c221	FT	1	com.alibaba.json.bvt.parser.JSONLexerTest_3#test_matchField	PASS				339
c221	FT	2	com.alibaba.json.bvt.parser.DefaultExtJSONParser_parseArray#test_8	FAIL	java.lang.AssertionError	expected:<Sun Jan 09 05:49:53 UTC 2011> but was:<Sun Jan 09 13:49:53 UTC 2011>	org.junit.Assert.fail|org.junit.Assert.failNotEquals|org.junit.Assert.assertEquals|org.junit.Assert.assertEquals|com.alibaba.json.bvt.parser.DefaultExtJSONParser_parseArray.test_8|sun.reflect.NativeMethodAccessorImpl.invoke0|sun.reflect.NativeMethodAccessorImpl.invoke|sun.reflect.DelegatingMethodAccessorImpl.invoke|java.lang.reflect.Method.invoke|junit.framework.TestCase.runTest|junit.framework.TestCase.runBare|junit.framework.TestResult$1.protect	24
c222	FT	1	com.alibaba.json.bvt.parser.JSONLexerTest_4#test_scanFieldString	PASS				311
c222	FT	2	com.alibaba.json.bvt.parser.DefaultExtJSONParser_parseArray#test_8	FAIL	java.lang.AssertionError	expected:<Sun Jan 09 05:49:53 UTC 2011> but was:<Sun Jan 09 13:49:53 UTC 2011>	org.junit.Assert.fail|org.junit.Assert.failNotEquals|org.junit.Assert.assertEquals|org.junit.Assert.assertEquals|com.alibaba.json.bvt.parser.DefaultExtJSONParser_parseArray.test_8|sun.reflect.NativeMethodAccessorImpl.invoke0|sun.reflect.NativeMethodAccessorImpl.invoke|sun.reflect.DelegatingMethodAccessorImpl.invoke|java.lang.reflect.Method.invoke|junit.framework.TestCase.runTest|junit.framework.TestCase.runBare|junit.framework.TestResult$1.protect	18
c223	FT	1	com.alibaba.json.bvt.parser.JSONLexerTest_5#test_scanFieldString	PASS				318
c223	FT	2	com.alibaba.json.bvt.parser.DefaultExtJSONParser_parseArray#test_8	FAIL	java.lang.AssertionError	expected:<Sun Jan 09 05:49:53 UTC 2011> but was:<Sun Jan 09 13:49:53 UTC 2011>	org.junit.Assert.fail|org.junit.Assert.failNotEquals|org.junit.Assert.assertEquals|org.junit.Assert.assertEquals|com.alibaba.json.bvt.parser.DefaultExtJSONParser_parseArray.test_8|sun.reflect.NativeMethodAccessorImpl.invoke0|sun.reflect.NativeMethodAccessorImpl.invoke|sun.reflect.DelegatingMethodAccessorImpl.invoke|java.lang.reflect.Method.invoke|junit.framework.TestCase.runTest|junit.framework.TestCase.runBare|junit.framework.TestResult$1.protect	17
c224	FT	1	com.alibaba.json.bvt.parser.JSONLexerTest_6#test_scanFieldString	PASS				302
c224	FT	2	com.alibaba.json.bvt.parser.DefaultExtJSONParser_parseArray#test_8	FAIL	java.lang.AssertionError	expected:<Sun Jan 09 05:49:53 UTC 2011> but was:<Sun Jan 09 13:49:53 UTC 2011>	org.junit.Assert.fail|org.junit.Assert.failNotEquals|org.junit.Assert.assertEquals|org.junit.Assert.assertEquals|com.alibaba.json.bvt.parser.DefaultExtJSONParser_parseArray.test_8|sun.reflect.NativeMethodAccessorImpl.invoke0|sun.reflect.NativeMethodAccessorImpl.invoke|sun.reflect.DelegatingMethodAccessorImpl.invoke|java.lang.reflect.Method.invoke|junit.framework.TestCase.runTest|junit.framework.TestCase.runBare|junit.framework.TestResult$1.protect	17
c225	FT	1	com.alibaba.json.bvt.parser.JSONLexerTest_7#test_error	PASS				253
c225	FT	2	com.alibaba.json.bvt.parser.DefaultExtJSONParser_parseArray#test_8	FAIL	java.lang.AssertionError	expected:<Sun Jan 09 05:49:53 UTC 2011> but was:<Sun Jan 09 13:49:53 UTC 2011>	org.junit.Assert.fail|org.junit.Assert.failNotEquals|org.junit.Assert.assertEquals|org.junit.Assert.assertEquals|com.alibaba.json.bvt.parser.DefaultExtJSONParser_parseArray.test_8|sun.reflect.NativeMethodAccessorImpl.invoke0|sun.reflect.NativeMethodAccessorImpl.invoke|sun.reflect.DelegatingMethodAccessorImpl.invoke|java.lang.reflect.Method.invoke|junit.framework.TestCase.runTest|junit.framework.TestCase.runBare|junit.framework.TestResult$1.protect	16
c226	FT	1	com.alibaba.json.bvt.parser.JSONLexerTest_7#test_error_1	PASS				292
c226	FT	2	com.alibaba.json.bvt.parser.DefaultExtJSONParser_parseArray#test_8	FAIL	java.lang.AssertionError	expected:<Sun Jan 09 05:49:53 UTC 2011> but was:<Sun Jan 09 13:49:53 UTC 2011>	org.junit.Assert.fail|org.junit.Assert.failNotEquals|org.junit.Assert.assertEquals|org.junit.Assert.assertEquals|com.alibaba.json.bvt.parser.DefaultExtJSONParser_parseArray.test_8|sun.reflect.NativeMethodAccessorImpl.invoke0|sun.reflect.NativeMethodAccessorImpl.invoke|sun.reflect.DelegatingMethodAccessorImpl.invoke|java.lang.reflect.Method.invoke|junit.framework.TestCase.runTest|junit.framework.TestCase.runBare|junit.framework.TestResult$1.protect	17
c227	FT	1	com.alibaba.json.bvt.parser.JSONLexerTest_7#test_error_2	PASS				273
c227	FT	2	com.alibaba.json.bvt.parser.DefaultExtJSONParser_parseArray#test_8	FAIL	java.lang.AssertionError	expected:<Sun Jan 09 05:49:53 UTC 2011> but was:<Sun Jan 09 13:49:53 UTC 2011>	org.junit.Assert.fail|org.junit.Assert.failNotEquals|org.junit.Assert.assertEquals|org.junit.Assert.assertEquals|com.alibaba.json.bvt.parser.DefaultExtJSONParser_parseArray.test_8|sun.reflect.NativeMethodAccessorImpl.invoke0|sun.reflect.NativeMethodAccessorImpl.invoke|sun.reflect.DelegatingMethodAccessorImpl.invoke|java.lang.reflect.Method.invoke|junit.framework.TestCase.runTest|junit.framework.TestCase.runBare|junit.framework.TestResult$1.protect	18
c228	FT	1	com.alibaba.json.bvt.parser.JSONLexerTest_7#test_error_3	PASS				265
c228	FT	2	com.alibaba.json.bvt.parser.DefaultExtJSONParser_parseArray#test_8	FAIL	java.lang.AssertionError	expected:<Sun Jan 09 05:49:53 UTC 2011> but was:<Sun Jan 09 13:49:53 UTC 2011>	org.junit.Assert.fail|org.junit.Assert.failNotEquals|org.junit.Assert.assertEquals|org.junit.Assert.assertEquals|com.alibaba.json.bvt.parser.DefaultExtJSONParser_parseArray.test_8|sun.reflect.NativeMethodAccessorImpl.invoke0|sun.reflect.NativeMethodAccessorImpl.invoke|sun.reflect.DelegatingMethodAccessorImpl.invoke|java.lang.reflect.Method.invoke|junit.framework.TestCase.runTest|junit.framework.TestCase.runBare|junit.framework.TestResult$1.protect	16
c229	FT	1	com.alibaba.json.bvt.parser.JSONLexerTest_7#test_error_4	PASS				267
c229	FT	2	com.alibaba.json.bvt.parser.DefaultExtJSONParser_parseArray#test_8	FAIL	java.lang.AssertionError	expected:<Sun Jan 09 05:49:53 UTC 2011> but was:<Sun Jan 09 13:49:53 UTC 2011>	org.junit.Assert.fail|org.junit.Assert.failNotEquals|org.junit.Assert.assertEquals|org.junit.Assert.assertEquals|com.alibaba.json.bvt.parser.DefaultExtJSONParser_parseArray.test_8|sun.reflect.NativeMethodAccessorImpl.invoke0|sun.reflect.NativeMethodAccessorImpl.invoke|sun.reflect.DelegatingMethodAccessorImpl.invoke|java.lang.reflect.Method.invoke|junit.framework.TestCase.runTest|junit.framework.TestCase.runBare|junit.framework.TestResult$1.protect	17
c230	FT	1	com.alibaba.json.bvt.parser.JSONLexerTest_7#test_error_5	PASS				280
c230	FT	2	com.alibaba.json.bvt.parser.DefaultExtJSONParser_parseArray#test_8	FAIL	java.lang.AssertionError	expected:<Sun Jan 09 05:49:53 UTC 2011> but was:<Sun Jan 09 13:49:53 UTC 2011>	org.junit.Assert.fail|org.junit.Assert.failNotEquals|org.junit.Assert.assertEquals|org.junit.Assert.assertEquals|com.alibaba.json.bvt.parser.DefaultExtJSONParser_parseArray.test_8|sun.reflect.NativeMethodAccessorImpl.invoke0|sun.reflect.NativeMethodAccessorImpl.invoke|sun.reflect.DelegatingMethodAccessorImpl.invoke|java.lang.reflect.Method.invoke|junit.framework.TestCase.runTest|junit.framework.TestCase.runBare|junit.framework.TestResult$1.protect	17
c231	FT	1	com.alibaba.json.bvt.parser.JSONLexerTest_7#test_error_6	PASS				285
c231	FT	2	com.alibaba.json.bvt.parser.DefaultExtJSONParser_parseArray#test_8	FAIL	java.lang.AssertionError	expected:<Sun Jan 09 05:49:53 UTC 2011> but was:<Sun Jan 09 13:49:53 UTC 2011>	org.junit.Assert.fail|org.junit.Assert.failNotEquals|org.junit.Assert.assertEquals|org.junit.Assert.assertEquals|com.alibaba.json.bvt.parser.DefaultExtJSONParser_parseArray.test_8|sun.reflect.NativeMethodAccessorImpl.invoke0|sun.reflect.NativeMethodAccessorImpl.invoke|sun.reflect.DelegatingMethodAccessorImpl.invoke|java.lang.reflect.Method.invoke|junit.framework.TestCase.runTest|junit.framework.TestCase.runBare|junit.framework.TestResult$1.protect	18
c232	FT	1	com.alibaba.json.bvt.parser.JSONLexerTest_7#test_error_7	PASS				266
c232	FT	2	com.alibaba.json.bvt.parser.DefaultExtJSONParser_parseArray#test_8	FAIL	java.lang.AssertionError	expected:<Sun Jan 09 05:49:53 UTC 2011> but was:<Sun Jan 09 13:49:53 UTC 2011>	org.junit.Assert.fail|org.junit.Assert.failNotEquals|org.junit.Assert.assertEquals|org.junit.Assert.assertEquals|com.alibaba.json.bvt.parser.DefaultExtJSONParser_parseArray.test_8|sun.reflect.NativeMethodAccessorImpl.invoke0|sun.reflect.NativeMethodAccessorImpl.invoke|sun.reflect.DelegatingMethodAccessorImpl.invoke|java.lang.reflect.Method.invoke|junit.framework.TestCase.runTest|junit.framework.TestCase.runBare|junit.framework.TestResult$1.protect	18
c233	FT	1	com.alibaba.json.bvt.parser.JSONLexerTest_7#test_treeSet	PASS				266
c233	FT	2	com.alibaba.json.bvt.parser.DefaultExtJSONParser_parseArray#test_8	FAIL	java.lang.AssertionError	expected:<Sun Jan 09 05:49:53 UTC 2011> but was:<Sun Jan 09 13:49:53 UTC 2011>	org.junit.Assert.fail|org.junit.Assert.failNotEquals|org.junit.Assert.assertEquals|org.junit.Assert.assertEquals|com.alibaba.json.bvt.parser.DefaultExtJSONParser_parseArray.test_8|sun.reflect.NativeMethodAccessorImpl.invoke0|sun.reflect.NativeMethodAccessorImpl.invoke|sun.reflect.DelegatingMethodAccessorImpl.invoke|java.lang.reflect.Method.invoke|junit.framework.TestCase.runTest|junit.framework.TestCase.runBare|junit.framework.TestResult$1.protect	19
c234	FT	1	com.alibaba.json.bvt.parser.JSONLexerTest_8#test_ident	PASS				139
c234	FT	2	com.alibaba.json.bvt.parser.DefaultExtJSONParser_parseArray#test_8	FAIL	java.lang.AssertionError	expected:<Sun Jan 09 05:49:53 UTC 2011> but was:<Sun Jan 09 13:49:53 UTC 2011>	org.junit.Assert.fail|org.junit.Assert.failNotEquals|org.junit.Assert.assertEquals|org.junit.Assert.assertEquals|com.alibaba.json.bvt.parser.DefaultExtJSONParser_parseArray.test_8|sun.reflect.NativeMethodAccessorImpl.invoke0|sun.reflect.NativeMethodAccessorImpl.invoke|sun.reflect.DelegatingMethodAccessorImpl.invoke|java.lang.reflect.Method.invoke|junit.framework.TestCase.runTest|junit.framework.TestCase.runBare|junit.framework.TestResult$1.protect	157
c235	FT	1	com.alibaba.json.bvt.parser.JSONLexerTest_8#test_ident_2	PASS				130
c235	FT	2	com.alibaba.json.bvt.parser.DefaultExtJSONParser_parseArray#test_8	FAIL	java.lang.AssertionError	expected:<Sun Jan 09 05:49:53 UTC 2011> but was:<Sun Jan 09 13:49:53 UTC 2011>	org.junit.Assert.fail|org.junit.Assert.failNotEquals|org.junit.Assert.assertEquals|org.junit.Assert.assertEquals|com.alibaba.json.bvt.parser.DefaultExtJSONParser_parseArray.test_8|sun.reflect.NativeMethodAccessorImpl.invoke0|sun.reflect.NativeMethodAccessorImpl.invoke|sun.reflect.DelegatingMethodAccessorImpl.invoke|java.lang.reflect.Method.invoke|junit.framework.TestCase.runTest|junit.framework.TestCase.runBare|junit.framework.TestResult$1.protect	152
c236	FT	1	com.alibaba.json.bvt.parser.JSONLexerTest_8#test_ident_3	PASS				125
c236	FT	2	com.alibaba.json.bvt.parser.DefaultExtJSONParser_parseArray#test_8	FAIL	java.lang.AssertionError	expected:<Sun Jan 09 05:49:53 UTC 2011> but was:<Sun Jan 09 13:49:53 UTC 2011>	org.junit.Assert.fail|org.junit.Assert.failNotEquals|org.junit.Assert.assertEquals|org.junit.Assert.assertEquals|com.alibaba.json.bvt.parser.DefaultExtJSONParser_parseArray.test_8|sun.reflect.NativeMethodAccessorImpl.invoke0|sun.reflect.NativeMethodAccessorImpl.invoke|sun.reflect.DelegatingMethodAccessorImpl.invoke|java.lang.reflect.Method.invoke|junit.framework.TestCase.runTest|junit.framework.TestCase.runBare|junit.framework.TestResult$1.protect	146
c237	FT	1	com.alibaba.json.bvt.parser.JSONLexerTest_9#test_a	PASS				323
c237	FT	2	com.alibaba.json.bvt.parser.DefaultExtJSONParser_parseArray#test_8	FAIL	java.lang.AssertionError	expected:<Sun Jan 09 05:49:53 UTC 2011> but was:<Sun Jan 09 13:49:53 UTC 2011>	org.junit.Assert.fail|org.junit.Assert.failNotEquals|org.junit.Assert.assertEquals|org.junit.Assert.assertEquals|com.alibaba.json.bvt.parser.DefaultExtJSONParser_parseArray.test_8|sun.reflect.NativeMethodAccessorImpl.invoke0|sun.reflect.NativeMethodAccessorImpl.invoke|sun.reflect.DelegatingMethodAccessorImpl.invoke|java.lang.reflect.Method.invoke|junit.framework.TestCase.runTest|junit.framework.TestCase.runBare|junit.framework.TestResult$1.protect	18
c238	FT	1	com.alibaba.json.bvt.parser.JSONLexerTest_9#test_b	PASS				283
c238	FT	2	com.alibaba.json.bvt.parser.DefaultExtJSONParser_parseArray#test_8	FAIL	java.lang.AssertionError	expected:<Sun Jan 09 05:49:53 UTC 2011> but was:<Sun Jan 09 13:49:53 UTC 2011>	org.junit.Assert.fail|org.junit.Assert.failNotEquals|org.junit.Assert.assertEquals|org.junit.Assert.assertEquals|com.alibaba.json.bvt.parser.DefaultExtJSONParser_parseArray.test_8|sun.reflect.NativeMethodAccessorImpl.invoke0|sun.reflect.NativeMethodAccessorImpl.invoke|sun.reflect.DelegatingMethodAccessorImpl.invoke|java.lang.reflect.Method.invoke|junit.framework.TestCase.runTest|junit.framework.TestCase.runBare|junit.framework.TestResult$1.protect	18
c239	FT	1	com.alibaba.json.bvt.parser.JSONLexerTest_9#test_ident	PASS				277
c239	FT	2	com.alibaba.json.bvt.parser.DefaultExtJSONParser_parseArray#test_8	FAIL	java.lang.AssertionError	expected:<Sun Jan 09 05:49:53 UTC 2011> but was:<Sun Jan 09 13:49:53 UTC 2011>	org.junit.Assert.fail|org.junit.Assert.failNotEquals|org.junit.Assert.assertEquals|org.junit.Assert.assertEquals|com.alibaba.json.bvt.parser.DefaultExtJSONParser_parseArray.test_8|sun.reflect.NativeMethodAccessorImpl.invoke0|sun.reflect.NativeMethodAccessorImpl.invoke|sun.reflect.DelegatingMethodAccessorImpl.invoke|java.lang.reflect.Method.invoke|junit.framework.TestCase.runTest|junit.framework.TestCase.runBare|junit.framework.TestResult$1.protect	18
c240	FT	1	com.alibaba.json.bvt.parser.JSONLexerTest_9#test_value	PASS				296
c240	FT	2	com.alibaba.json.bvt.parser.DefaultExtJSONParser_parseArray#test_8	FAIL	java.lang.AssertionError	expected:<Sun Jan 09 05:49:53 UTC 2011> but was:<Sun Jan 09 13:49:53 UTC 2011>	org.junit.Assert.fail|org.junit.Assert.failNotEquals|org.junit.Assert.assertEquals|org.junit.Assert.assertEquals|com.alibaba.json.bvt.parser.DefaultExtJSONParser_parseArray.test_8|sun.reflect.NativeMethodAccessorImpl.invoke0|sun.reflect.NativeMethodAccessorImpl.invoke|sun.reflect.DelegatingMethodAccessorImpl.invoke|java.lang.reflect.Method.invoke|junit.framework.TestCase.runTest|junit.framework.TestCase.runBare|junit.framework.TestResult$1.protect	19
c241	FT	1	com.alibaba.json.bvt.parser.JSONLexerTest_9#test_value2	PASS				285
c241	FT	2	com.alibaba.json.bvt.parser.DefaultExtJSONParser_parseArray#test_8	FAIL	java.lang.AssertionError	expected:<Sun Jan 09 05:49:53 UTC 2011> but was:<Sun Jan 09 13:49:53 UTC 2011>	org.junit.Assert.fail|org.junit.Assert.failNotEquals|org.junit.Assert.assertEquals|org.junit.Assert.assertEquals|com.alibaba.json.bvt.parser.DefaultExtJSONParser_parseArray.test_8|sun.reflect.NativeMethodAccessorImpl.invoke0|sun.reflect.NativeMethodAccessorImpl.invoke|sun.reflect.DelegatingMethodAccessorImpl.invoke|java.lang.reflect.Method.invoke|junit.framework.TestCase.runTest|junit.framework.TestCase.runBare|junit.framework.TestResult$1.protect	23
c242	FT	1	com.alibaba.json.bvt.parser.JSONLexerTest_set#test_error	PASS				305
c242	FT	2	com.alibaba.json.bvt.parser.DefaultExtJSONParser_parseArray#test_8	FAIL	java.lang.AssertionError	expected:<Sun Jan 09 05:49:53 UTC 2011> but was:<Sun Jan 09 13:49:53 UTC 2011>	org.junit.Assert.fail|org.junit.Assert.failNotEquals|org.junit.Assert.assertEquals|org.junit.Assert.assertEquals|com.alibaba.json.bvt.parser.DefaultExtJSONParser_parseArray.test_8|sun.reflect.NativeMethodAccessorImpl.invoke0|sun.reflect.NativeMethodAccessorImpl.invoke|sun.reflect.DelegatingMethodAccessorImpl.invoke|java.lang.reflect.Method.invoke|junit.framework.TestCase.runTest|junit.framework.TestCase.runBare|junit.framework.TestResult$1.protect	25
c243	FT	1	com.alibaba.json.bvt.parser.JSONLexerTest_set#test_error_1	PASS				357
c243	FT	2	com.alibaba.json.bvt.parser.DefaultExtJSONParser_parseArray#test_8	FAIL	java.lang.AssertionError	expected:<Sun Jan 09 05:49:53 UTC 2011> but was:<Sun Jan 09 13:49:53 UTC 2011>	org.junit.Assert.fail|org.junit.Assert.failNotEquals|org.junit.Assert.assertEquals|org.junit.Assert.assertEquals|com.alibaba.json.bvt.parser.DefaultExtJSONParser_parseArray.test_8|sun.reflect.NativeMethodAccessorImpl.invoke0|sun.reflect.NativeMethodAccessorImpl.invoke|sun.reflect.DelegatingMethodAccessorImpl.invoke|java.lang.reflect.Method.invoke|junit.framework.TestCase.runTest|junit.framework.TestCase.runBare|junit.framework.TestResult$1.protect	21
c244	FT	1	com.alibaba.json.bvt.parser.JSONLexerTest_set#test_error_2	PASS				320
c244	FT	2	com.alibaba.json.bvt.parser.DefaultExtJSONParser_parseArray#test_8	FAIL	java.lang.AssertionError	expected:<Sun Jan 09 05:49:53 UTC 2011> but was:<Sun Jan 09 13:49:53 UTC 2011>	org.junit.Assert.fail|org.junit.Assert.failNotEquals|org.junit.Assert.assertEquals|org.junit.Assert.assertEquals|com.alibaba.json.bvt.parser.DefaultExtJSONParser_parseArray.test_8|sun.reflect.NativeMethodAccessorImpl.invoke0|sun.reflect.NativeMethodAccessorImpl.invoke|sun.reflect.DelegatingMethodAccessorImpl.invoke|java.lang.reflect.Method.invoke|junit.framework.TestCase.runTest|junit.framework.TestCase.runBare|junit.framework.TestResult$1.protect	18
c245	FT	1	com.alibaba.json.bvt.parser.JSONLexerTest_set#test_error_3	PASS				271
c245	FT	2	com.alibaba.json.bvt.parser.DefaultExtJSONParser_parseArray#test_8	FAIL	java.lang.AssertionError	expected:<Sun Jan 09 05:49:53 UTC 2011> but was:<Sun Jan 09 13:49:53 UTC 2011>	org.junit.Assert.fail|org.junit.Assert.failNotEquals|org.junit.Assert.assertEquals|org.junit.Assert.assertEquals|com.alibaba.json.bvt.parser.DefaultExtJSONParser_parseArray.test_8|sun.reflect.NativeMethodAccessorImpl.invoke0|sun.reflect.NativeMethodAccessorImpl.invoke|sun.reflect.DelegatingMethodAccessorImpl.invoke|java.lang.reflect.Method.invoke|junit.framework.TestCase.runTest|junit.framework.TestCase.runBare|junit.framework.TestResult$1.protect	21
c246	FT	1	com.alibaba.json.bvt.parser.JSONLexerTest_set#test_treeSet	PASS				265
c246	FT	2	com.alibaba.json.bvt.parser.DefaultExtJSONParser_parseArray#test_8	FAIL	java.lang.AssertionError	expected:<Sun Jan 09 05:49:53 UTC 2011> but was:<Sun Jan 09 13:49:53 UTC 2011>	org.junit.Assert.fail|org.junit.Assert.failNotEquals|org.junit.Assert.assertEquals|org.junit.Assert.assertEquals|com.alibaba.json.bvt.parser.DefaultExtJSONParser_parseArray.test_8|sun.reflect.NativeMethodAccessorImpl.invoke0|sun.reflect.NativeMethodAccessorImpl.invoke|sun.reflect.DelegatingMethodAccessorImpl.invoke|java.lang.reflect.Method.invoke|junit.framework.TestCase.runTest|junit.framework.TestCase.runBare|junit.framework.TestResult$1.protect	18
c247	FT	1	com.alibaba.json.bvt.parser.JSONReaderScannerTest__entity_boolean#test_scanInt	PASS				-447
c247	FT	2	com.alibaba.json.bvt.parser.DefaultExtJSONParser_parseArray#test_8	FAIL	java.lang.AssertionError	expected:<Sun Jan 09 05:49:53 UTC 2011> but was:<Sun Jan 09 13:49:53 UTC 2011>	org.junit.Assert.fail|org.junit.Assert.failNotEquals|org.junit.Assert.assertEquals|org.junit.Assert.assertEquals|com.alibaba.json.bvt.parser.DefaultExtJSONParser_parseArray.test_8|sun.reflect.NativeMethodAccessorImpl.invoke0|sun.reflect.NativeMethodAccessorImpl.invoke|sun.reflect.DelegatingMethodAccessorImpl.invoke|java.lang.reflect.Method.invoke|junit.framework.TestCase.runTest|junit.framework.TestCase.runBare|junit.framework.TestResult$1.protect	24
c248	FT	1	com.alibaba.json.bvt.parser.JSONReaderScannerTest__entity_double#test_scanFloat	PASS				-758
c248	FT	2	com.alibaba.json.bvt.parser.DefaultExtJSONParser_parseArray#test_8	FAIL	java.lang.AssertionError	expected:<Sun Jan 09 05:49:53 UTC 2011> but was:<Sun Jan 09 13:49:53 UTC 2011>	org.junit.Assert.fail|org.junit.Assert.failNotEquals|org.junit.Assert.assertEquals|org.junit.Assert.assertEquals|com.alibaba.json.bvt.parser.DefaultExtJSONParser_parseArray.test_8|sun.reflect.NativeMethodAccessorImpl.invoke0|sun.reflect.NativeMethodAccessorImpl.invoke|sun.reflect.DelegatingMethodAccessorImpl.invoke|java.lang.reflect.Method.invoke|junit.framework.TestCase.runTest|junit.framework.TestCase.runBare|junit.framework.TestResult$1.protect	25
c249	FT	1	com.alibaba.json.bvt.parser.JSONReaderScannerTest__entity_double_2#test_scanFloat	PASS				327
c249	FT	2	com.alibaba.json.bvt.parser.DefaultExtJSONParser_parseArray#test_8	FAIL	java.lang.AssertionError	expected:<Sun Jan 09 05:49:53 UTC 2011> but was:<Sun Jan 09 13:49:53 UTC 2011>	org.junit.Assert.fail|org.junit.Assert.failNotEquals|org.junit.Assert.assertEquals|org.junit.Assert.assertEquals|com.alibaba.json.bvt.parser.DefaultExtJSONParser_parseArray.test_8|sun.reflect.NativeMethodAccessorImpl.invoke0|sun.reflect.NativeMethodAccessorImpl.invoke|sun.reflect.DelegatingMethodAccessorImpl.invoke|java.lang.reflect.Method.invoke|junit.framework.TestCase.runTest|junit.framework.TestCase.runBare|junit.framework.TestResult$1.protect	30
c250	FT	1	com.alibaba.json.bvt.parser.JSONReaderScannerTest__entity_enum#test_scanInt	PASS				338
c250	FT	2	com.alibaba.json.bvt.parser.DefaultExtJSONParser_parseArray#test_8	FAIL	java.lang.AssertionError	expected:<Sun Jan 09 05:49:53 UTC 2011> but was:<Sun Jan 09 13:49:53 UTC 2011>	org.junit.Assert.fail|org.junit.Assert.failNotEquals|org.junit.Assert.assertEquals|org.junit.Assert.assertEquals|com.alibaba.json.bvt.parser.DefaultExtJSONParser_parseArray.test_8|sun.reflect.NativeMethodAccessorImpl.invoke0|sun.reflect.NativeMethodAccessorImpl.invoke|sun.reflect.DelegatingMethodAccessorImpl.invoke|java.lang.reflect.Method.invoke|junit.framework.TestCase.runTest|junit.framework.TestCase.runBare|junit.framework.TestResult$1.protect	19
c251	FT	1	com.alibaba.json.bvt.parser.JSONReaderScannerTest__entity_float#test_scanFloat	PASS				287
c251	FT	2	com.alibaba.json.bvt.parser.DefaultExtJSONParser_parseArray#test_8	FAIL	java.lang.AssertionError	expected:<Sun Jan 09 05:49:53 UTC 2011> but was:<Sun Jan 09 13:49:53 UTC 2011>	org.junit.Assert.fail|org.junit.Assert.failNotEquals|org.junit.Assert.assertEquals|org.junit.Assert.assertEquals|com.alibaba.json.bvt.parser.DefaultExtJSONParser_parseArray.test_8|sun.reflect.NativeMethodAccessorImpl.invoke0|sun.reflect.NativeMethodAccessorImpl.invoke|sun.reflect.DelegatingMethodAccessorImpl.invoke|java.lang.reflect.Method.invoke|junit.framework.TestCase.runTest|junit.framework.TestCase.runBare|junit.framework.TestResult$1.protect	21
c252	FT	1	com.alibaba.json.bvt.parser.JSONReaderScannerTest__entity_int#test_scanInt	PASS				300
c252	FT	2	com.alibaba.json.bvt.parser.DefaultExtJSONParser_parseArray#test_8	FAIL	java.lang.AssertionError	expected:<Sun Jan 09 05:49:53 UTC 2011> but was:<Sun Jan 09 13:49:53 UTC 2011>	org.junit.Assert.fail|org.junit.Assert.failNotEquals|org.junit.Assert.assertEquals|org.junit.Assert.assertEquals|com.alibaba.json.bvt.parser.DefaultExtJSONParser_parseArray.test_8|sun.reflect.NativeMethodAccessorImpl.invoke0|sun.reflect.NativeMethodAccessorImpl.invoke|sun.reflect.DelegatingMethodAccessorImpl.invoke|java.lang.reflect.Method.invoke|junit.framework.TestCase.runTest|junit.framework.TestCase.runBare|junit.framework.TestResult$1.protect	21
c253	FT	1	com.alibaba.json.bvt.parser.JSONReaderScannerTest__entity_long#test_scanInt	PASS				285
c253	FT	2	com.alibaba.json.bvt.parser.DefaultExtJSONParser_parseArray#test_8	FAIL	java.lang.AssertionError	expected:<Sun Jan 09 05:49:53 UTC 2011> but was:<Sun Jan 09 13:49:53 UTC 2011>	org.junit.Assert.fail|org.junit.Assert.failNotEquals|org.junit.Assert.assertEquals|org.junit.Assert.assertEquals|com.alibaba.json.bvt.parser.DefaultExtJSONParser_parseArray.test_8|sun.reflect.NativeMethodAccessorImpl.invoke0|sun.reflect.NativeMethodAccessorImpl.invoke|sun.reflect.DelegatingMethodAccessorImpl.invoke|java.lang.reflect.Method.invoke|junit.framework.TestCase.runTest|junit.framework.TestCase.runBare|junit.framework.TestResult$1.protect	25
c254	FT	1	com.alibaba.json.bvt.parser.JSONReaderScannerTest__entity_string#test_scanInt	PASS				360
c254	FT	2	com.alibaba.json.bvt.parser.DefaultExtJSONParser_parseArray#test_8	FAIL	java.lang.AssertionError	expected:<Sun Jan 09 05:49:53 UTC 2011> but was:<Sun Jan 09 13:49:53 UTC 2011>	org.junit.Assert.fail|org.junit.Assert.failNotEquals|org.junit.Assert.assertEquals|org.junit.Assert.assertEquals|com.alibaba.json.bvt.parser.DefaultExtJSONParser_parseArray.test_8|sun.reflect.NativeMethodAccessorImpl.invoke0|sun.reflect.NativeMethodAccessorImpl.invoke|sun.reflect.DelegatingMethodAccessorImpl.invoke|java.lang.reflect.Method.invoke|junit.framework.TestCase.runTest|junit.framework.TestCase.runBare|junit.framework.TestResult$1.protect	27
c255	FT	1	com.alibaba.json.bvt.parser.JSONReaderScannerTest__entity_stringList#test_scanInt	PASS				313
c255	FT	2	com.alibaba.json.bvt.parser.DefaultExtJSONParser_parseArray#test_8	FAIL	java.lang.AssertionError	expected:<Sun Jan 09 05:49:53 UTC 2011> but was:<Sun Jan 09 13:49:53 UTC 2011>	org.junit.Assert.fail|org.junit.Assert.failNotEquals|org.junit.Assert.assertEquals|org.junit.Assert.assertEquals|com.alibaba.json.bvt.parser.DefaultExtJSONParser_parseArray.test_8|sun.reflect.NativeMethodAccessorImpl.invoke0|sun.reflect.NativeMethodAccessorImpl.invoke|sun.reflect.DelegatingMethodAccessorImpl.invoke|java.lang.reflect.Method.invoke|junit.framework.TestCase.runTest|junit.framework.TestCase.runBare|junit.framework.TestResult$1.protect	20
c256	FT	1	com.alibaba.json.bvt.parser.JSONReaderScannerTest__map_string#test_scanInt	PASS				280
c256	FT	2	com.alibaba.json.bvt.parser.DefaultExtJSONParser_parseArray#test_8	FAIL	java.lang.AssertionError	expected:<Sun Jan 09 05:49:53 UTC 2011> but was:<Sun Jan 09 13:49:53 UTC 2011>	org.junit.Assert.fail|org.junit.Assert.failNotEquals|org.junit.Assert.assertEquals|org.junit.Assert.assertEquals|com.alibaba.json.bvt.parser.DefaultExtJSONParser_parseArray.test_8|sun.reflect.NativeMethodAccessorImpl.invoke0|sun.reflect.NativeMethodAccessorImpl.invoke|sun.reflect.DelegatingMethodAccessorImpl.invoke|java.lang.reflect.Method.invoke|junit.framework.TestCase.runTest|junit.framework.TestCase.runBare|junit.framework.TestResult$1.protect	21
c257	FT	1	com.alibaba.json.bvt.parser.JSONReaderScannerTest_array_string#test_scanInt	PASS				273
c257	FT	2	com.alibaba.json.bvt.parser.DefaultExtJSONParser_parseArray#test_8	FAIL	java.lang.AssertionError	expected:<Sun Jan 09 05:49:53 UTC 2011> but was:<Sun Jan 09 13:49:53 UTC 2011>	org.junit.Assert.fail|org.junit.Assert.failNotEquals|org.junit.Assert.assertEquals|org.junit.Assert.assertEquals|com.alibaba.json.bvt.parser.DefaultExtJSONParser_parseArray.test_8|sun.reflect.NativeMethodAccessorImpl.invoke0|sun.reflect.NativeMethodAccessorImpl.invoke|sun.reflect.DelegatingMethodAccessorImpl.invoke|java.lang.reflect.Method.invoke|junit.framework.TestCase.runTest|junit.framework.TestCase.runBare|junit.framework.TestResult$1.protect	20
c258	FT	1	com.alibaba.json.bvt.parser.JSONReaderScannerTest_bytes#test_e	PASS				319
c258	FT	2	com.alibaba.json.bvt.parser.DefaultExtJSONParser_parseArray#test_8	FAIL	java.lang.AssertionError	expected:<Sun Jan 09 05:49:53 UTC 2011> but was:<Sun Jan 09 13:49:53 UTC 2011>	org.junit.Assert.fail|org.junit.Assert.failNotEquals|org.junit.Assert.assertEquals|org.junit.Assert.assertEquals|com.alibaba.json.bvt.parser.DefaultExtJSONParser_parseArray.test_8|sun.reflect.NativeMethodAccessorImpl.invoke0|sun.reflect.NativeMethodAccessorImpl.invoke|sun.reflect.DelegatingMethodAccessorImpl.invoke|java.lang.reflect.Method.invoke|junit.framework.TestCase.runTest|junit.framework.TestCase.runBare|junit.framework.TestResult$1.protect	20
c259	FT	1	com.alibaba.json.bvt.parser.JSONReaderScannerTest_decimal#test_scanInt	PASS				291
c259	FT	2	com.alibaba.json.bvt.parser.DefaultExtJSONParser_parseArray#test_8	FAIL	java.lang.AssertionError	expected:<Sun Jan 09 05:49:53 UTC 2011> but was:<Sun Jan 09 13:49:53 UTC 2011>	org.junit.Assert.fail|org.junit.Assert.failNotEquals|org.junit.Assert.assertEquals|org.junit.Assert.assertEquals|com.alibaba.json.bvt.parser.DefaultExtJSONParser_parseArray.test_8|sun.reflect.NativeMethodAccessorImpl.invoke0|sun.reflect.NativeMethodAccessorImpl.invoke|sun.reflect.DelegatingMethodAccessorImpl.invoke|java.lang.reflect.Method.invoke|junit.framework.TestCase.runTest|junit.framework.TestCase.runBare|junit.framework.TestResult$1.protect	20
c260	FT	1	com.alibaba.json.bvt.parser.JSONReaderScannerTest_enum#test_e	PASS				305
c260	FT	2	com.alibaba.json.bvt.parser.DefaultExtJSONParser_parseArray#test_8	FAIL	java.lang.AssertionError	expected:<Sun Jan 09 05:49:53 UTC 2011> but was:<Sun Jan 09 13:49:53 UTC 2011>	org.junit.Assert.fail|org.junit.Assert.failNotEquals|org.junit.Assert.assertEquals|org.junit.Assert.assertEquals|com.alibaba.json.bvt.parser.DefaultExtJSONParser_parseArray.test_8|sun.reflect.NativeMethodAccessorImpl.invoke0|sun.reflect.NativeMethodAccessorImpl.invoke|sun.reflect.DelegatingMethodAccessorImpl.invoke|java.lang.reflect.Method.invoke|junit.framework.TestCase.runTest|junit.framework.TestCase.runBare|junit.framework.TestResult$1.protect	21
c261	FT	1	com.alibaba.json.bvt.parser.JSONReaderScannerTest_error#test_e	PASS				130
c261	FT	2	com.alibaba.json.bvt.parser.DefaultExtJSONParser_parseArray#test_8	FAIL	java.lang.AssertionError	expected:<Sun Jan 09 05:49:53 UTC 2011> but was:<Sun Jan 09 13:49:53 UTC 2011>	org.junit.Assert.fail|org.junit.Assert.failNotEquals|org.junit.Assert.assertEquals|org.junit.Assert.assertEquals|com.alibaba.json.bvt.parser.DefaultExtJSONParser_parseArray.test_8|sun.reflect.NativeMethodAccessorImpl.invoke0|sun.reflect.NativeMethodAccessorImpl.invoke|sun.reflect.DelegatingMethodAccessorImpl.invoke|java.lang.reflect.Method.invoke|junit.framework.TestCase.runTest|junit.framework.TestCase.runBare|junit.framework.TestResult$1.protect	148
c262	FT	1	com.alibaba.json.bvt.parser.JSONReaderScannerTest_error2#test_e	PASS				285
c262	FT	2	com.alibaba.json.bvt.parser.DefaultExtJSONParser_parseArray#test_8	FAIL	java.lang.AssertionError	expected:<Sun Jan 09 05:49:53 UTC 2011> but was:<Sun Jan 09 13:49:53 UTC 2011>	org.junit.Assert.fail|org.junit.Assert.failNotEquals|org.junit.Assert.assertEquals|org.junit.Assert.assertEquals|com.alibaba.json.bvt.parser.DefaultExtJSONParser_parseArray.test_8|sun.reflect.NativeMethodAccessorImpl.invoke0|sun.reflect.NativeMethodAccessorImpl.invoke|sun.reflect.DelegatingMethodAccessorImpl.invoke|java.lang.reflect.Method.invoke|junit.framework.TestCase.runTest|junit.framework.TestCase.runBare|junit.framework.TestResult$1.protect	19
c263	FT	1	com.alibaba.json.bvt.parser.JSONReaderScannerTest_error3#test_e	PASS				277
c263	FT	2	com.alibaba.json.bvt.parser.DefaultExtJSONParser_parseArray#test_8	FAIL	java.lang.AssertionError	expected:<Sun Jan 09 05:49:53 UTC 2011> but was:<Sun Jan 09 13:49:53 UTC 2011>	org.junit.Assert.fail|org.junit.Assert.failNotEquals|org.junit.Assert.assertEquals|org.junit.Assert.assertEquals|com.alibaba.json.bvt.parser.DefaultExtJSONParser_parseArray.test_8|sun.reflect.NativeMethodAccessorImpl.invoke0|sun.reflect.NativeMethodAccessorImpl.invoke|sun.reflect.DelegatingMethodAccessorImpl.invoke|java.lang.reflect.Method.invoke|junit.framework.TestCase.runTest|junit.framework.TestCase.runBare|junit.framework.TestResult$1.protect	20
c264	FT	1	com.alibaba.json.bvt.parser.JSONReaderScannerTest_error4#test_e	PASS				267
c264	FT	2	com.alibaba.json.bvt.parser.DefaultExtJSONParser_parseArray#test_8	FAIL	java.lang.AssertionError	expected:<Sun Jan 09 05:49:53 UTC 2011> but was:<Sun Jan 09 13:49:53 UTC 2011>	org.junit.Assert.fail|org.junit.Assert.failNotEquals|org.junit.Assert.assertEquals|org.junit.Assert.assertEquals|com.alibaba.json.bvt.parser.DefaultExtJSONParser_parseArray.test_8|sun.reflect.NativeMethodAccessorImpl.invoke0|sun.reflect.NativeMethodAccessorImpl.invoke|sun.reflect.DelegatingMethodAccessorImpl.invoke|java.lang.reflect.Method.invoke|junit.framework.TestCase.runTest|junit.framework.TestCase.runBare|junit.framework.TestResult$1.protect	21
c265	FT	1	com.alibaba.json.bvt.parser.JSONReaderScannerTest_error5#test_e	PASS				319
c265	FT	2	com.alibaba.json.bvt.parser.DefaultExtJSONParser_parseArray#test_8	FAIL	java.lang.AssertionError	expected:<Sun Jan 09 05:49:53 UTC 2011> but was:<Sun Jan 09 13:49:53 UTC 2011>	org.junit.Assert.fail|org.junit.Assert.failNotEquals|org.junit.Assert.assertEquals|org.junit.Assert.assertEquals|com.alibaba.json.bvt.parser.DefaultExtJSONParser_parseArray.test_8|sun.reflect.NativeMethodAccessorImpl.invoke0|sun.reflect.NativeMethodAccessorImpl.invoke|sun.reflect.DelegatingMethodAccessorImpl.invoke|java.lang.reflect.Method.invoke|junit.framework.TestCase.runTest|junit.framework.TestCase.runBare|junit.framework.TestResult$1.protect	28
c266	FT	1	com.alibaba.json.bvt.parser.JSONReaderScannerTest_int#test_scanInt	PASS				314
c266	FT	2	com.alibaba.json.bvt.parser.DefaultExtJSONParser_parseArray#test_8	FAIL	java.lang.AssertionError	expected:<Sun Jan 09 05:49:53 UTC 2011> but was:<Sun Jan 09 13:49:53 UTC 2011>	org.junit.Assert.fail|org.junit.Assert.failNotEquals|org.junit.Assert.assertEquals|org.junit.Assert.assertEquals|com.alibaba.json.bvt.parser.DefaultExtJSONParser_parseArray.test_8|sun.reflect.NativeMethodAccessorImpl.invoke0|sun.reflect.NativeMethodAccessorImpl.invoke|sun.reflect.DelegatingMethodAccessorImpl.invoke|java.lang.reflect.Method.invoke|junit.framework.TestCase.runTest|junit.framework.TestCase.runBare|junit.framework.TestResult$1.protect	25
c267	FT	1	com.alibaba.json.bvt.parser.JSONReaderScannerTest_jsonobject#test_e	PASS				297
c267	FT	2	com.alibaba.json.bvt.parser.DefaultExtJSONParser_parseArray#test_8	FAIL	java.lang.AssertionError	expected:<Sun Jan 09 05:49:53 UTC 2011> but was:<Sun Jan 09 13:49:53 UTC 2011>	org.junit.Assert.fail|org.junit.Assert.failNotEquals|org.junit.Assert.assertEquals|org.junit.Assert.assertEquals|com.alibaba.json.bvt.parser.DefaultExtJSONParser_parseArray.test_8|sun.reflect.NativeMethodAccessorImpl.invoke0|sun.reflect.NativeMethodAccessorImpl.invoke|sun.reflect.DelegatingMethodAccessorImpl.invoke|java.lang.reflect.Method.invoke|junit.framework.TestCase.runTest|junit.framework.TestCase.runBare|junit.framework.TestResult$1.protect	21
c268	FT	1	com.alibaba.json.bvt.parser.JSONReaderScannerTest_long#test_scanInt	PASS				277
c268	FT	2	com.alibaba.json.bvt.parser.DefaultExtJSONParser_parseArray#test_8	FAIL	java.lang.AssertionError	expected:<Sun Jan 09 05:49:53 UTC 2011> but was:<Sun Jan 09 13:49:53 UTC 2011>	org.junit.Assert.fail|org.junit.Assert.failNotEquals|org.junit.Assert.assertEquals|org.junit.Assert.assertEquals|com.alibaba.json.bvt.parser.DefaultExtJSONParser_parseArray.test_8|sun.reflect.NativeMethodAccessorImpl.invoke0|sun.reflect.NativeMethodAccessorImpl.invoke|sun.reflect.DelegatingMethodAccessorImpl.invoke|java.lang.reflect.Method.invoke|junit.framework.TestCase.runTest|junit.framework.TestCase.runBare|junit.framework.TestResult$1.protect	20
c269	FT	1	com.alibaba.json.bvt.parser.JSONReaderTest_array_array#test_read	PASS				282
c269	FT	2	com.alibaba.json.bvt.parser.DefaultExtJSONParser_parseArray#test_8	FAIL	java.lang.AssertionError	expected:<Sun Jan 09 05:49:53 UTC 2011> but was:<Sun Jan 09 13:49:53 UTC 2011>	org.junit.Assert.fail|org.junit.Assert.failNotEquals|org.junit.Assert.assertEquals|org.junit.Assert.assertEquals|com.alibaba.json.bvt.parser.DefaultExtJSONParser_parseArray.test_8|sun.reflect.NativeMethodAccessorImpl.invoke0|sun.reflect.NativeMethodAccessorImpl.invoke|sun.reflect.DelegatingMethodAccessorImpl.invoke|java.lang.reflect.Method.invoke|junit.framework.TestCase.runTest|junit.framework.TestCase.runBare|junit.framework.TestResult$1.protect	23
c270	FT	1	com.alibaba.json.bvt.parser.JSONReaderTest_array_array#test_read_1	PASS				407
c270	FT	2	com.alibaba.json.bvt.parser.DefaultExtJSONParser_parseArray#test_8	FAIL	java.lang.AssertionError	expected:<Sun Jan 09 05:49:53 UTC 2011> but was:<Sun Jan 09 13:49:53 UTC 2011>	org.junit.Assert.fail|org.junit.Assert.failNotEquals|org.junit.Assert.assertEquals|org.junit.Assert.assertEquals|com.alibaba.json.bvt.parser.DefaultExtJSONParser_parseArray.test_8|sun.reflect.NativeMethodAccessorImpl.invoke0|sun.reflect.NativeMethodAccessorImpl.invoke|sun.reflect.DelegatingMethodAccessorImpl.invoke|java.lang.reflect.Method.invoke|junit.framework.TestCase.runTest|junit.framework.TestCase.runBare|junit.framework.TestResult$1.protect	22
c271	FT	1	com.alibaba.json.bvt.parser.JSONReaderTest_array_array_2#test_read	PASS				340
c271	FT	2	com.alibaba.json.bvt.parser.DefaultExtJSONParser_parseArray#test_8	FAIL	java.lang.AssertionError	expected:<Sun Jan 09 05:49:53 UTC 2011> but was:<Sun Jan 09 13:49:53 UTC 2011>	org.junit.Assert.fail|org.junit.Assert.failNotEquals|org.junit.Assert.assertEquals|org.junit.Assert.assertEquals|com.alibaba.json.bvt.parser.DefaultExtJSONParser_parseArray.test_8|sun.reflect.NativeMethodAccessorImpl.invoke0|sun.reflect.NativeMethodAccessorImpl.invoke|sun.reflect.DelegatingMethodAccessorImpl.invoke|java.lang.reflect.Method.invoke|junit.framework.TestCase.runTest|junit.framework.TestCase.runBare|junit.framework.TestResult$1.protect	35
c272	FT	1	com.alibaba.json.bvt.parser.JSONReaderTest_array_array_2#test_read_1	PASS				302
c272	FT	2	com.alibaba.json.bvt.parser.DefaultExtJSONParser_parseArray#test_8	FAIL	java.lang.AssertionError	expected:<Sun Jan 09 05:49:53 UTC 2011> but was:<Sun Jan 09 13:49:53 UTC 2011>	org.junit.Assert.fail|org.junit.Assert.failNotEquals|org.junit.Assert.assertEquals|org.junit.Assert.assertEquals|com.alibaba.json.bvt.parser.DefaultExtJSONParser_parseArray.test_8|sun.reflect.NativeMethodAccessorImpl.invoke0|sun.reflect.NativeMethodAccessorImpl.invoke|sun.reflect.DelegatingMethodAccessorImpl.invoke|java.lang.reflect.Method.invoke|junit.framework.TestCase.runTest|junit.framework.TestCase.runBare|junit.framework.TestResult$1.protect	19
c273	FT	1	com.alibaba.json.bvt.parser.JSONReaderTest_array_object#test_read	PASS				278
c273	FT	2	com.alibaba.json.bvt.parser.DefaultExtJSONParser_parseArray#test_8	FAIL	java.lang.AssertionError	expected:<Sun Jan 09 05:49:53 UTC 2011> but was:<Sun Jan 09 13:49:53 UTC 2011>	org.junit.Assert.fail|org.junit.Assert.failNotEquals|org.junit.Assert.assertEquals|org.junit.Assert.assertEquals|com.alibaba.json.bvt.parser.DefaultExtJSONParser_parseArray.test_8|sun.reflect.NativeMethodAccessorImpl.invoke0|sun.reflect.NativeMethodAccessorImpl.invoke|sun.reflect.DelegatingMethodAccessorImpl.invoke|java.lang.reflect.Method.invoke|junit.framework.TestCase.runTest|junit.framework.TestCase.runBare|junit.framework.TestResult$1.protect	23
c274	FT	1	com.alibaba.json.bvt.parser.JSONReaderTest_array_object#test_read_1	PASS				281
c274	FT	2	com.alibaba.json.bvt.parser.DefaultExtJSONParser_parseArray#test_8	FAIL	java.lang.AssertionError	expected:<Sun Jan 09 05:49:53 UTC 2011> but was:<Sun Jan 09 13:49:53 UTC 2011>	org.junit.Assert.fail|org.junit.Assert.failNotEquals|org.junit.Assert.assertEquals|org.junit.Assert.assertEquals|com.alibaba.json.bvt.parser.DefaultExtJSONParser_parseArray.test_8|sun.reflect.NativeMethodAccessorImpl.invoke0|sun.reflect.NativeMethodAccessorImpl.invoke|sun.reflect.DelegatingMethodAccessorImpl.invoke|java.lang.reflect.Method.invoke|junit.framework.TestCase.runTest|junit.framework.TestCase.runBare|junit.framework.TestResult$1.protect	21
c275	FT	1	com.alibaba.json.bvt.parser.JSONReaderTest_array_object#test_read_3	PASS				290
c275	FT	2	com.alibaba.json.bvt.parser.DefaultExtJSONParser_parseArray#test_8	FAIL	java.lang.AssertionError	expected:<Sun Jan 09 05:49:53 UTC 2011> but was:<Sun Jan 09 13:49:53 UTC 2011>	org.junit.Assert.fail|org.junit.Assert.failNotEquals|org.junit.Assert.assertEquals|org.junit.Assert.assertEquals|com.alibaba.json.bvt.parser.DefaultExtJSONParser_parseArray.test_8|sun.reflect.NativeMethodAccessorImpl.invoke0|sun.reflect.NativeMethodAccessorImpl.invoke|sun.reflect.DelegatingMethodAccessorImpl.invoke|java.lang.reflect.Method.invoke|junit.framework.TestCase.runTest|junit.framework.TestCase.runBare|junit.framework.TestResult$1.protect	18
c276	FT	1	com.alibaba.json.bvt.parser.JSONReaderTest_array_object_2#test_read	PASS				272
c276	FT	2	com.alibaba.json.bvt.parser.DefaultExtJSONParser_parseArray#test_8	FAIL	java.lang.AssertionError	expected:<Sun Jan 09 05:49:53 UTC 2011> but was:<Sun Jan 09 13:49:53 UTC 2011>	org.junit.Assert.fail|org.junit.Assert.failNotEquals|org.junit.Assert.assertEquals|org.junit.Assert.assertEquals|com.alibaba.json.bvt.parser.DefaultExtJSONParser_parseArray.test_8|sun.reflect.NativeMethodAccessorImpl.invoke0|sun.reflect.NativeMethodAccessorImpl.invoke|sun.reflect.DelegatingMethodAccessorImpl.invoke|java.lang.reflect.Method.invoke|junit.framework.TestCase.runTest|junit.framework.TestCase.runBare|junit.framework.TestResult$1.protect	20
c277	FT	1	com.alibaba.json.bvt.parser.JSONReaderTest_array_object_2#test_read_1	PASS				267
c277	FT	2	com.alibaba.json.bvt.parser.DefaultExtJSONParser_parseArray#test_8	FAIL	java.lang.AssertionError	expected:<Sun Jan 09 05:49:53 UTC 2011> but was:<Sun Jan 09 13:49:53 UTC 2011>	org.junit.Assert.fail|org.junit.Assert.failNotEquals|org.junit.Assert.assertEquals|org.junit.Assert.assertEquals|com.alibaba.json.bvt.parser.DefaultExtJSONParser_parseArray.test_8|sun.reflect.NativeMethodAccessorImpl.invoke0|sun.reflect.NativeMethodAccessorImpl.invoke|sun.reflect.DelegatingMethodAccessorImpl.invoke|java.lang.reflect.Method.invoke|junit.framework.TestCase.runTest|junit.framework.TestCase.runBare|junit.framework.TestResult$1.protect	20
c278	FT	1	com.alibaba.json.bvt.parser.JSONReaderTest_object_int#test_read	PASS				290
c278	FT	2	com.alibaba.json.bvt.parser.DefaultExtJSONParser_parseArray#test_8	FAIL	java.lang.AssertionError	expected:<Sun Jan 09 05:49:53 UTC 2011> but was:<Sun Jan 09 13:49:53 UTC 2011>	org.junit.Assert.fail|org.junit.Assert.failNotEquals|org.junit.Assert.assertEquals|org.junit.Assert.assertEquals|com.alibaba.json.bvt.parser.DefaultExtJSONParser_parseArray.test_8|sun.reflect.NativeMethodAccessorImpl.invoke0|sun.reflect.NativeMethodAccessorImpl.invoke|sun.reflect.DelegatingMethodAccessorImpl.invoke|java.lang.reflect.Method.invoke|junit.framework.TestCase.runTest|junit.framework.TestCase.runBare|junit.framework.TestResult$1.protect	23
c279	FT	1	com.alibaba.json.bvt.parser.JSONReaderTest_object_int#test_read_1	PASS				326
c279	FT	2	com.alibaba.json.bvt.parser.DefaultExtJSONParser_parseArray#test_8	FAIL	java.lang.AssertionError	expected:<Sun Jan 09 05:49:53 UTC 2011> but was:<Sun Jan 09 13:49:53 UTC 2011>	org.junit.Assert.fail|org.junit.Assert.failNotEquals|org.junit.Assert.assertEquals|org.junit.Assert.assertEquals|com.alibaba.json.bvt.parser.DefaultExtJSONParser_parseArray.test_8|sun.reflect.NativeMethodAccessorImpl.invoke0|sun.reflect.NativeMethodAccessorImpl.invoke|sun.reflect.DelegatingMethodAccessorImpl.invoke|java.lang.reflect.Method.invoke|junit.framework.TestCase.runTest|junit.framework.TestCase.runBare|junit.framework.TestResult$1.protect	21
c280	FT	1	com.alibaba.json.bvt.parser.JSONReaderTest_object_int_unquote#test_read	PASS				318
c280	FT	2	com.alibaba.json.bvt.parser.DefaultExtJSONParser_parseArray#test_8	FAIL	java.lang.AssertionError	expected:<Sun Jan 09 05:49:53 UTC 2011> but was:<Sun Jan 09 13:49:53 UTC 2011>	org.junit.Assert.fail|org.junit.Assert.failNotEquals|org.junit.Assert.assertEquals|org.junit.Assert.assertEquals|com.alibaba.json.bvt.parser.DefaultExtJSONParser_parseArray.test_8|sun.reflect.NativeMethodAccessorImpl.invoke0|sun.reflect.NativeMethodAccessorImpl.invoke|sun.reflect.DelegatingMethodAccessorImpl.invoke|java.lang.reflect.Method.invoke|junit.framework.TestCase.runTest|junit.framework.TestCase.runBare|junit.framework.TestResult$1.protect	23
c281	FT	1	com.alibaba.json.bvt.parser.JSONReaderTest_object_int_unquote#test_read_1	PASS				295
c281	FT	2	com.alibaba.json.bvt.parser.DefaultExtJSONParser_parseArray#test_8	FAIL	java.lang.AssertionError	expected:<Sun Jan 09 05:49:53 UTC 2011> but was:<Sun Jan 09 13:49:53 UTC 2011>	org.junit.Assert.fail|org.junit.Assert.failNotEquals|org.junit.Assert.assertEquals|org.junit.Assert.assertEquals|com.alibaba.json.bvt.parser.DefaultExtJSONParser_parseArray.test_8|sun.reflect.NativeMethodAccessorImpl.invoke0|sun.reflect.NativeMethodAccessorImpl.invoke|sun.reflect.DelegatingMethodAccessorImpl.invoke|java.lang.reflect.Method.invoke|junit.framework.TestCase.runTest|junit.framework.TestCase.runBare|junit.framework.TestResult$1.protect	18
c282	FT	1	com.alibaba.json.bvt.parser.JSONReaderTest_object_long#test_read	PASS				278
c282	FT	2	com.alibaba.json.bvt.parser.DefaultExtJSONParser_parseArray#test_8	FAIL	java.lang.AssertionError	expected:<Sun Jan 09 05:49:53 UTC 2011> but was:<Sun Jan 09 13:49:53 UTC 2011>	org.junit.Assert.fail|org.junit.Assert.failNotEquals|org.junit.Assert.assertEquals|org.junit.Assert.assertEquals|com.alibaba.json.bvt.parser.DefaultExtJSONParser_parseArray.test_8|sun.reflect.NativeMethodAccessorImpl.invoke0|sun.reflect.NativeMethodAccessorImpl.invoke|sun.reflect.DelegatingMethodAccessorImpl.invoke|java.lang.reflect.Method.invoke|junit.framework.TestCase.runTest|junit.framework.TestCase.runBare|junit.framework.TestResult$1.protect	23
c283	FT	1	com.alibaba.json.bvt.parser.JSONReaderTest_object_long#test_read_1	PASS				288
c283	FT	2	com.alibaba.json.bvt.parser.DefaultExtJSONParser_parseArray#test_8	FAIL	java.lang.AssertionError	expected:<Sun Jan 09 05:49:53 UTC 2011> but was:<Sun Jan 09 13:49:53 UTC 2011>	org.junit.Assert.fail|org.junit.Assert.failNotEquals|org.junit.Assert.assertEquals|org.junit.Assert.assertEquals|com.alibaba.json.bvt.parser.DefaultExtJSONParser_parseArray.test_8|sun.reflect.NativeMethodAccessorImpl.invoke0|sun.reflect.NativeMethodAccessorImpl.invoke|sun.reflect.DelegatingMethodAccessorImpl.invoke|java.lang.reflect.Method.invoke|junit.framework.TestCase.runTest|junit.framework.TestCase.runBare|junit.framework.TestResult$1.protect	19
c284	FT	1	com.alibaba.json.bvt.parser.JSONReaderTest_object_object#test_read	PASS				280
c284	FT	2	com.alibaba.json.bvt.parser.DefaultExtJSONParser_parseArray#test_8	FAIL	java.lang.AssertionError	expected:<Sun Jan 09 05:49:53 UTC 2011> but was:<Sun Jan 09 13:49:53 UTC 2011>	org.junit.Assert.fail|org.junit.Assert.failNotEquals|org.junit.Assert.assertEquals|org.junit.Assert.assertEquals|com.alibaba.json.bvt.parser.DefaultExtJSONParser_parseArray.test_8|sun.reflect.NativeMethodAccessorImpl.invoke0|sun.reflect.NativeMethodAccessorImpl.invoke|sun.reflect.DelegatingMethodAccessorImpl.invoke|java.lang.reflect.Method.invoke|junit.framework.TestCase.runTest|junit.framework.TestCase.runBare|junit.framework.TestResult$1.protect	21
c285	FT	1	com.alibaba.json.bvt.parser.JSONReaderTest_object_object#test_read_1	PASS				275
c285	FT	2	com.alibaba.json.bvt.parser.DefaultExtJSONParser_parseArray#test_8	FAIL	java.lang.AssertionError	expected:<Sun Jan 09 05:49:53 UTC 2011> but was:<Sun Jan 09 13:49:53 UTC 2011>	org.junit.Assert.fail|org.junit.Assert.failNotEquals|org.junit.Assert.assertEquals|org.junit.Assert.assertEquals|com.alibaba.json.bvt.parser.DefaultExtJSONParser_parseArray.test_8|sun.reflect.NativeMethodAccessorImpl.invoke0|sun.reflect.NativeMethodAccessorImpl.invoke|sun.reflect.DelegatingMethodAccessorImpl.invoke|java.lang.reflect.Method.invoke|junit.framework.TestCase.runTest|junit.framework.TestCase.runBare|junit.framework.TestResult$1.protect	18
c286	FT	1	com.alibaba.json.bvt.parser.JSONReaderTest_object_object#test_read_2	PASS				261
c286	FT	2	com.alibaba.json.bvt.parser.DefaultExtJSONParser_parseArray#test_8	FAIL	java.lang.AssertionError	expected:<Sun Jan 09 05:49:53 UTC 2011> but was:<Sun Jan 09 13:49:53 UTC 2011>	org.junit.Assert.fail|org.junit.Assert.failNotEquals|org.junit.Assert.assertEquals|org.junit.Assert.assertEquals|com.alibaba.json.bvt.parser.DefaultExtJSONParser_parseArray.test_8|sun.reflect.NativeMethodAccessorImpl.invoke0|sun.reflect.NativeMethodAccessorImpl.invoke|sun.reflect.DelegatingMethodAccessorImpl.invoke|java.lang.reflect.Method.invoke|junit.framework.TestCase.runTest|junit.framework.TestCase.runBare|junit.framework.TestResult$1.protect	18
c287	FT	1	com.alibaba.json.bvt.parser.JSONReaderTest_object_string#test_read	PASS				269
c287	FT	2	com.alibaba.json.bvt.parser.DefaultExtJSONParser_parseArray#test_8	FAIL	java.lang.AssertionError	expected:<Sun Jan 09 05:49:53 UTC 2011> but was:<Sun Jan 09 13:49:53 UTC 2011>	org.junit.Assert.fail|org.junit.Assert.failNotEquals|org.junit.Assert.assertEquals|org.junit.Assert.assertEquals|com.alibaba.json.bvt.parser.DefaultExtJSONParser_parseArray.test_8|sun.reflect.NativeMethodAccessorImpl.invoke0|sun.reflect.NativeMethodAccessorImpl.invoke|sun.reflect.DelegatingMethodAccessorImpl.invoke|java.lang.reflect.Method.invoke|junit.framework.TestCase.runTest|junit.framework.TestCase.runBare|junit.framework.TestResult$1.protect	20
c288	FT	1	com.alibaba.json.bvt.parser.JSONReaderTest_object_string#test_read_1	PASS				261
c288	FT	2	com.alibaba.json.bvt.parser.DefaultExtJSONParser_parseArray#test_8	FAIL	java.lang.AssertionError	expected:<Sun Jan 09 05:49:53 UTC 2011> but was:<Sun Jan 09 13:49:53 UTC 2011>	org.junit.Assert.fail|org.junit.Assert.failNotEquals|org.junit.Assert.assertEquals|org.junit.Assert.assertEquals|com.alibaba.json.bvt.parser.DefaultExtJSONParser_parseArray.test_8|sun.reflect.NativeMethodAccessorImpl.invoke0|sun.reflect.NativeMethodAccessorImpl.invoke|sun.reflect.DelegatingMethodAccessorImpl.invoke|java.lang.reflect.Method.invoke|junit.framework.TestCase.runTest|junit.framework.TestCase.runBare|junit.framework.TestResult$1.protect	18
c289	FT	1	com.alibaba.json.bvt.parser.JSONReader_error#test_0	PASS				257
c289	FT	2	com.alibaba.json.bvt.parser.DefaultExtJSONParser_parseArray#test_8	FAIL	java.lang.AssertionError	expected:<Sun Jan 09 05:49:53 UTC 2011> but was:<Sun Jan 09 13:49:53 UTC 2011>	org.junit.Assert.fail|org.junit.Assert.failNotEquals|org.junit.Assert.assertEquals|org.junit.Assert.assertEquals|com.alibaba.json.bvt.parser.DefaultExtJSONParser_parseArray.test_8|sun.reflect.NativeMethodAccessorImpl.invoke0|sun.reflect.NativeMethodAccessorImpl.invoke|sun.reflect.DelegatingMethodAccessorImpl.invoke|java.lang.reflect.Method.invoke|junit.framework.TestCase.runTest|junit.framework.TestCase.runBare|junit.framework.TestResult$1.protect	21
c290	FT	1	com.alibaba.json.bvt.parser.JSONReader_error#test_1	PASS				261
c290	FT	2	com.alibaba.json.bvt.parser.DefaultExtJSONParser_parseArray#test_8	FAIL	java.lang.AssertionError	expected:<Sun Jan 09 05:49:53 UTC 2011> but was:<Sun Jan 09 13:49:53 UTC 2011>	org.junit.Assert.fail|org.junit.Assert.failNotEquals|org.junit.Assert.assertEquals|org.junit.Assert.assertEquals|com.alibaba.json.bvt.parser.DefaultExtJSONParser_parseArray.test_8|sun.reflect.NativeMethodAccessorImpl.invoke0|sun.reflect.NativeMethodAccessorImpl.invoke|sun.reflect.DelegatingMethodAccessorImpl.invoke|java.lang.reflect.Method.invoke|junit.framework.TestCase.runTest|junit.framework.TestCase.runBare|junit.framework.TestResult$1.protect	21
c291	FT	1	com.alibaba.json.bvt.parser.JSONReader_top#test_int	PASS				301
c291	FT	2	com.alibaba.json.bvt.parser.DefaultExtJSONParser_parseArray#test_8	FAIL	java.lang.AssertionError	expected:<Sun Jan 09 05:49:53 UTC 2011> but was:<Sun Jan 09 13:49:53 UTC 2011>	org.junit.Assert.fail|org.junit.Assert.failNotEquals|org.junit.Assert.assertEquals|org.junit.Assert.assertEquals|com.alibaba.json.bvt.parser.DefaultExtJSONParser_parseArray.test_8|sun.reflect.NativeMethodAccessorImpl.invoke0|sun.reflect.NativeMethodAccessorImpl.invoke|sun.reflect.DelegatingMethodAccessorImpl.invoke|java.lang.reflect.Method.invoke|junit.framework.TestCase.runTest|junit.framework.TestCase.runBare|junit.framework.TestResult$1.protect	21
c292	FT	1	com.alibaba.json.bvt.parser.JSONReader_top#test_long	PASS				296
c292	FT	2	com.alibaba.json.bvt.parser.DefaultExtJSONParser_parseArray#test_8	FAIL	java.lang.AssertionError	expected:<Sun Jan 09 05:49:53 UTC 2011> but was:<Sun Jan 09 13:49:53 UTC 2011>	org.junit.Assert.fail|org.junit.Assert.failNotEquals|org.junit.Assert.assertEquals|org.junit.Assert.assertEquals|com.alibaba.json.bvt.parser.DefaultExtJSONParser_parseArray.test_8|sun.reflect.NativeMethodAccessorImpl.invoke0|sun.reflect.NativeMethodAccessorImpl.invoke|sun.reflect.DelegatingMethodAccessorImpl.invoke|java.lang.reflect.Method.invoke|junit.framework.TestCase.runTest|junit.framework.TestCase.runBare|junit.framework.TestResult$1.protect	20
c293	FT	1	com.alibaba.json.bvt.parser.JSONScannerTest_ISO8601#test_0	PASS				153
c293	FT	2	com.alibaba.json.bvt.parser.DefaultExtJSONParser_parseArray#test_8	FAIL	java.lang.AssertionError	expected:<Sun Jan 09 05:49:53 UTC 2011> but was:<Sun Jan 09 13:49:53 UTC 2011>	org.junit.Assert.fail|org.junit.Assert.failNotEquals|org.junit.Assert.assertEquals|org.junit.Assert.assertEquals|com.alibaba.json.bvt.parser.DefaultExtJSONParser_parseArray.test_8|sun.reflect.NativeMethodAccessorImpl.invoke0|sun.reflect.NativeMethodAccessorImpl.invoke|sun.reflect.DelegatingMethodAccessorImpl.invoke|java.lang.reflect.Method.invoke|junit.framework.TestCase.runTest|junit.framework.TestCase.runBare|junit.framework.TestResult$1.protect	155
c294	FT	1	com.alibaba.json.bvt.parser.JSONScannerTest_ISO8601#test_2	PASS				138
c294	FT	2	com.alibaba.json.bvt.parser.DefaultExtJSONParser_parseArray#test_8	FAIL	java.lang.AssertionError	expected:<Sun Jan 09 05:49:53 UTC 2011> but was:<Sun Jan 09 13:49:53 UTC 2011>	org.junit.Assert.fail|org.junit.Assert.failNotEquals|org.junit.Assert.assertEquals|org.junit.Assert.assertEquals|com.alibaba.json.bvt.parser.DefaultExtJSONParser_parseArray.test_8|sun.reflect.NativeMethodAccessorImpl.invoke0|sun.reflect.NativeMethodAccessorImpl.invoke|sun.reflect.DelegatingMethodAccessorImpl.invoke|java.lang.reflect.Method.invoke|junit.framework.TestCase.runTest|junit.framework.TestCase.runBare|junit.framework.TestResult$1.protect	161
c295	FT	1	com.alibaba.json.bvt.parser.JSONScannerTest_ISO8601#test_3	PASS				129
c295	FT	2	com.alibaba.json.bvt.parser.DefaultExtJSONParser_parseArray#test_8	FAIL	java.lang.AssertionError	expected:<Sun Jan 09 05:49:53 UTC 2011> but was:<Sun Jan 09 13:49:53 UTC 2011>	org.junit.Assert.fail|org.junit.Assert.failNotEquals|org.junit.Assert.assertEquals|org.junit.Assert.assertEquals|com.alibaba.json.bvt.parser.DefaultExtJSONParser_parseArray.test_8|sun.reflect.NativeMethodAccessorImpl.invoke0|sun.reflect.NativeMethodAccessorImpl.invoke|sun.reflect.DelegatingMethodAccessorImpl.invoke|java.lang.reflect.Method.invoke|junit.framework.TestCase.runTest|junit.framework.TestCase.runBare|junit.framework.TestResult$1.protect	152
c296	FT	1	com.alibaba.json.bvt.parser.JSONScannerTest__nextToken#test_next	PASS				130
c296	FT	2	com.alibaba.json.bvt.parser.DefaultExtJSONParser_parseArray#test_8	FAIL	java.lang.AssertionError	expected:<Sun Jan 09 05:49:53 UTC 2011> but was:<Sun Jan 09 13:49:53 UTC 2011>	org.junit.Assert.fail|org.junit.Assert.failNotEquals|org.junit.Assert.assertEquals|org.junit.Assert.assertEquals|com.alibaba.json.bvt.parser.DefaultExtJSONParser_parseArray.test_8|sun.reflect.NativeMethodAccessorImpl.invoke0|sun.reflect.NativeMethodAccessorImpl.invoke|sun.reflect.DelegatingMethodAccessorImpl.invoke|java.lang.reflect.Method.invoke|junit.framework.TestCase.runTest|junit.framework.TestCase.runBare|junit.framework.TestResult$1.protect	153
c297	FT	1	com.alibaba.json.bvt.parser.JSONScannerTest__nextToken#test_next_1	PASS				134
c297	FT	2	com.alibaba.json.bvt.parser.DefaultExtJSONParser_parseArray#test_8	FAIL	java.lang.AssertionError	expected:<Sun Jan 09 05:49:53 UTC 2011> but was:<Sun Jan 09 13:49:53 UTC 2011>	org.junit.Assert.fail|org.junit.Assert.failNotEquals|org.junit.Assert.assertEquals|org.junit.Assert.assertEquals|com.alibaba.json.bvt.parser.DefaultExtJSONParser_parseArray.test_8|sun.reflect.NativeMethodAccessorImpl.invoke0|sun.reflect.NativeMethodAccessorImpl.invoke|sun.reflect.DelegatingMethodAccessorImpl.invoke|java.lang.reflect.Method.invoke|junit.framework.TestCase.runTest|junit.framework.TestCase.runBare|junit.framework.TestResult$1.protect	146
c298	FT	1	com.alibaba.json.bvt.parser.JSONScannerTest__nextToken#test_next_10	PASS				133
c298	FT	2	com.alibaba.json.bvt.parser.DefaultExtJSONParser_parseArray#test_8	FAIL	java.lang.AssertionError	expected:<Sun Jan 09 05:49:53 UTC 2011> but was:<Sun Jan 09 13:49:53 UTC 2011>	org.junit.Assert.fail|org.junit.Assert.failNotEquals|org.junit.Assert.assertEquals|org.junit.Assert.assertEquals|com.alibaba.json.bvt.parser.DefaultExtJSONParser_parseArray.test_8|sun.reflect.NativeMethodAccessorImpl.invoke0|sun.reflect.NativeMethodAccessorImpl.invoke|sun.reflect.DelegatingMethodAccessorImpl.invoke|java.lang.reflect.Method.invoke|junit.framework.TestCase.runTest|junit.framework.TestCase.runBare|junit.framework.TestResult$1.protect	158
c299	FT	1	com.alibaba.json.bvt.parser.JSONScannerTest__nextToken#test_next_11	PASS				131
c299	FT	2	com.alibaba.json.bvt.parser.DefaultExtJSONParser_parseArray#test_8	FAIL	java.lang.AssertionError	expected:<Sun Jan 09 05:49:53 UTC 2011> but was:<Sun Jan 09 13:49:53 UTC 2011>	org.junit.Assert.fail|org.junit.Assert.failNotEquals|org.junit.Assert.assertEquals|org.junit.Assert.assertEquals|com.alibaba.json.bvt.parser.DefaultExtJSONParser_parseArray.test_8|sun.reflect.NativeMethodAccessorImpl.invoke0|sun.reflect.NativeMethodAccessorImpl.invoke|sun.reflect.DelegatingMethodAccessorImpl.invoke|java.lang.reflect.Method.invoke|junit.framework.TestCase.runTest|junit.framework.TestCase.runBare|junit.framework.TestResult$1.protect	147
c300	FT	1	com.alibaba.json.bvt.parser.JSONScannerTest__nextToken#test_next_12	PASS				126
c300	FT	2	com.alibaba.json.bvt.parser.DefaultExtJSONParser_parseArray#test_8	FAIL	java.lang.AssertionError	expected:<Sun Jan 09 05:49:53 UTC 2011> but was:<Sun Jan 09 13:49:53 UTC 2011>	org.junit.Assert.fail|org.junit.Assert.failNotEquals|org.junit.Assert.assertEquals|org.junit.Assert.assertEquals|com.alibaba.json.bvt.parser.DefaultExtJSONParser_parseArray.test_8|sun.reflect.NativeMethodAccessorImpl.invoke0|sun.reflect.NativeMethodAccessorImpl.invoke|sun.reflect.DelegatingMethodAccessorImpl.invoke|java.lang.reflect.Method.invoke|junit.framework.TestCase.runTest|junit.framework.TestCase.runBare|junit.framework.TestResult$1.protect	149
c301	FT	1	com.alibaba.json.bvt.parser.JSONScannerTest__nextToken#test_next_13	PASS				133
c301	FT	2	com.alibaba.json.bvt.parser.DefaultExtJSONParser_parseArray#test_8	FAIL	java.lang.AssertionError	expected:<Sun Jan 09 05:49:53 UTC 2011> but was:<Sun Jan 09 13:49:53 UTC 2011>	org.junit.Assert.fail|org.junit.Assert.failNotEquals|org.junit.Assert.assertEquals|org.junit.Assert.assertEquals|com.alibaba.json.bvt.parser.DefaultExtJSONParser_parseArray.test_8|sun.reflect.NativeMethodAccessorImpl.invoke0|sun.reflect.NativeMethodAccessorImpl.invoke|sun.reflect.DelegatingMethodAccessorImpl.invoke|java.lang.reflect.Method.invoke|junit.framework.TestCase.runTest|junit.framework.TestCase.runBare|junit.framework.TestResult$1.protect	165
c302	FT	1	com.alibaba.json.bvt.parser.JSONScannerTest__nextToken#test_next_2	PASS				132
c302	FT	2	com.alibaba.json.bvt.parser.DefaultExtJSONParser_parseArray#test_8	FAIL	java.lang.AssertionError	expected:<Sun Jan 09 05:49:53 UTC 2011> but was:<Sun Jan 09 13:49:53 UTC 2011>	org.junit.Assert.fail|org.junit.Assert.failNotEquals|org.junit.Assert.assertEquals|org.junit.Assert.assertEquals|com.alibaba.json.bvt.parser.DefaultExtJSONParser_parseArray.test_8|sun.reflect.NativeMethodAccessorImpl.invoke0|sun.reflect.NativeMethodAccessorImpl.invoke|sun.reflect.DelegatingMethodAccessorImpl.invoke|java.lang.reflect.Method.invoke|junit.framework.TestCase.runTest|junit.framework.TestCase.runBare|junit.framework.TestResult$1.protect	151
c303	FT	1	com.alibaba.json.bvt.parser.JSONScannerTest__nextToken#test_next_3	PASS				134
c303	FT	2	com.alibaba.json.bvt.parser.DefaultExtJSONParser_parseArray#test_8	FAIL	java.lang.AssertionError	expected:<Sun Jan 09 05:49:53 UTC 2011> but was:<Sun Jan 09 13:49:53 UTC 2011>	org.junit.Assert.fail|org.junit.Assert.failNotEquals|org.junit.Assert.assertEquals|org.junit.Assert.assertEquals|com.alibaba.json.bvt.parser.DefaultExtJSONParser_parseArray.test_8|sun.reflect.NativeMethodAccessorImpl.invoke0|sun.reflect.NativeMethodAccessorImpl.invoke|sun.reflect.DelegatingMethodAccessorImpl.invoke|java.lang.reflect.Method.invoke|junit.framework.TestCase.runTest|junit.framework.TestCase.runBare|junit.framework.TestResult$1.protect	157
c304	FT	1	com.alibaba.json.bvt.parser.JSONScannerTest__nextToken#test_next_4	PASS				132
c304	FT	2	com.alibaba.json.bvt.parser.DefaultExtJSONParser_parseArray#test_8	FAIL	java.lang.AssertionError	expected:<Sun Jan 09 05:49:53 UTC 2011> but was:<Sun Jan 09 13:49:53 UTC 2011>	org.junit.Assert.fail|org.junit.Assert.failNotEquals|org.junit.Assert.assertEquals|org.junit.Assert.assertEquals|com.alibaba.json.bvt.parser.DefaultExtJSONParser_parseArray.test_8|sun.reflect.NativeMethodAccessorImpl.invoke0|sun.reflect.NativeMethodAccessorImpl.invoke|sun.reflect.DelegatingMethodAccessorImpl.invoke|java.lang.reflect.Method.invoke|junit.framework.TestCase.runTest|junit.framework.TestCase.runBare|junit.framework.TestResult$1.protect	164
c305	FT	1	com.alibaba.json.bvt.parser.JSONScannerTest__nextToken#test_next_5	PASS				128
c305	FT	2	com.alibaba.json.bvt.parser.DefaultExtJSONParser_parseArray#test_8	FAIL	java.lang.AssertionError	expected:<Sun Jan 09 05:49:53 UTC 2011> but was:<Sun Jan 09 13:49:53 UTC 2011>	org.junit.Assert.fail|org.junit.Assert.failNotEquals|org.junit.Assert.assertEquals|org.junit.Assert.assertEquals|com.alibaba.json.bvt.parser.DefaultExtJSONParser_parseArray.test_8|sun.reflect.NativeMethodAccessorImpl.invoke0|sun.reflect.NativeMethodAccessorImpl.invoke|sun.reflect.DelegatingMethodAccessorImpl.invoke|java.lang.reflect.Method.invoke|junit.framework.TestCase.runTest|junit.framework.TestCase.runBare|junit.framework.TestResult$1.protect	166
c306	FT	1	com.alibaba.json.bvt.parser.JSONScannerTest__nextToken#test_next_6	PASS				133
c306	FT	2	com.alibaba.json.bvt.parser.DefaultExtJSONParser_parseArray#test_8	FAIL	java.lang.AssertionError	expected:<Sun Jan 09 05:49:53 UTC 2011> but was:<Sun Jan 09 13:49:53 UTC 2011>	org.junit.Assert.fail|org.junit.Assert.failNotEquals|org.junit.Assert.assertEquals|org.junit.Assert.assertEquals|com.alibaba.json.bvt.parser.DefaultExtJSONParser_parseArray.test_8|sun.reflect.NativeMethodAccessorImpl.invoke0|sun.reflect.NativeMethodAccessorImpl.invoke|sun.reflect.DelegatingMethodAccessorImpl.invoke|java.lang.reflect.Method.invoke|junit.framework.TestCase.runTest|junit.framework.TestCase.runBare|junit.framework.TestResult$1.protect	149
c307	FT	1	com.alibaba.json.bvt.parser.JSONScannerTest__nextToken#test_next_7	PASS				130
c307	FT	2	com.alibaba.json.bvt.parser.DefaultExtJSONParser_parseArray#test_8	FAIL	java.lang.AssertionError	expected:<Sun Jan 09 05:49:53 UTC 2011> but was:<Sun Jan 09 13:49:53 UTC 2011>	org.junit.Assert.fail|org.junit.Assert.failNotEquals|org.junit.Assert.assertEquals|org.junit.Assert.assertEquals|com.alibaba.json.bvt.parser.DefaultExtJSONParser_parseArray.test_8|sun.reflect.NativeMethodAccessorImpl.invoke0|sun.reflect.NativeMethodAccessorImpl.invoke|sun.reflect.DelegatingMethodAccessorImpl.invoke|java.lang.reflect.Method.invoke|junit.framework.TestCase.runTest|junit.framework.TestCase.runBare|junit.framework.TestResult$1.protect	163
c308	FT	1	com.alibaba.json.bvt.parser.JSONScannerTest__nextToken#test_next_8	PASS				140
c308	FT	2	com.alibaba.json.bvt.parser.DefaultExtJSONParser_parseArray#test_8	FAIL	java.lang.AssertionError	expected:<Sun Jan 09 05:49:53 UTC 2011> but was:<Sun Jan 09 13:49:53 UTC 2011>	org.junit.Assert.fail|org.junit.Assert.failNotEquals|org.junit.Assert.assertEquals|org.junit.Assert.assertEquals|com.alibaba.json.bvt.parser.DefaultExtJSONParser_parseArray.test_8|sun.reflect.NativeMethodAccessorImpl.invoke0|sun.reflect.NativeMethodAccessorImpl.invoke|sun.reflect.DelegatingMethodAccessorImpl.invoke|java.lang.reflect.Method.invoke|junit.framework.TestCase.runTest|junit.framework.TestCase.runBare|junit.framework.TestResult$1.protect	160
c309	FT	1	com.alibaba.json.bvt.parser.JSONScannerTest__nextToken#test_next_9	PASS				139
c309	FT	2	com.alibaba.json.bvt.parser.DefaultExtJSONParser_parseArray#test_8	FAIL	java.lang.AssertionError	expected:<Sun Jan 09 05:49:53 UTC 2011> but was:<Sun Jan 09 13:49:53 UTC 2011>	org.junit.Assert.fail|org.junit.Assert.failNotEquals|org.junit.Assert.assertEquals|org.junit.Assert.assertEquals|com.alibaba.json.bvt.parser.DefaultExtJSONParser_parseArray.test_8|sun.reflect.NativeMethodAccessorImpl.invoke0|sun.reflect.NativeMethodAccessorImpl.invoke|sun.reflect.DelegatingMethodAccessorImpl.invoke|java.lang.reflect.Method.invoke|junit.framework.TestCase.runTest|junit.framework.TestCase.runBare|junit.framework.TestResult$1.protect	163
c310	FT	1	com.alibaba.json.bvt.parser.JSONScannerTest__x#test_x	PASS				280
c310	FT	2	com.alibaba.json.bvt.parser.DefaultExtJSONParser_parseArray#test_8	FAIL	java.lang.AssertionError	expected:<Sun Jan 09 05:49:53 UTC 2011> but was:<Sun Jan 09 13:49:53 UTC 2011>	org.junit.Assert.fail|org.junit.Assert.failNotEquals|org.junit.Assert.assertEquals|org.junit.Assert.assertEquals|com.alibaba.json.bvt.parser.DefaultExtJSONParser_parseArray.test_8|sun.reflect.NativeMethodAccessorImpl.invoke0|sun.reflect.NativeMethodAccessorImpl.invoke|sun.reflect.DelegatingMethodAccessorImpl.invoke|java.lang.reflect.Method.invoke|junit.framework.TestCase.runTest|junit.framework.TestCase.runBare|junit.framework.TestResult$1.protect	20
c311	FT	1	com.alibaba.json.bvt.parser.JSONScannerTest_colon#test_0	PASS				148
c311	FT	2	com.alibaba.json.bvt.parser.DefaultExtJSONParser_parseArray#test_8	FAIL	java.lang.AssertionError	expected:<Sun Jan 09 05:49:53 UTC 2011> but was:<Sun Jan 09 13:49:53 UTC 2011>	org.junit.Assert.fail|org.junit.Assert.failNotEquals|org.junit.Assert.assertEquals|org.junit.Assert.assertEquals|com.alibaba.json.bvt.parser.DefaultExtJSONParser_parseArray.test_8|sun.reflect.NativeMethodAccessorImpl.invoke0|sun.reflect.NativeMethodAccessorImpl.invoke|sun.reflect.DelegatingMethodAccessorImpl.invoke|java.lang.reflect.Method.invoke|junit.framework.TestCase.runTest|junit.framework.TestCase.runBare|junit.framework.TestResult$1.protect	165
c312	FT	1	com.alibaba.json.bvt.parser.JSONScannerTest_colon#test_1	PASS				134
c312	FT	2	com.alibaba.json.bvt.parser.DefaultExtJSONParser_parseArray#test_8	FAIL	java.lang.AssertionError	expected:<Sun Jan 09 05:49:53 UTC 2011> but was:<Sun Jan 09 13:49:53 UTC 2011>	org.junit.Assert.fail|org.junit.Assert.failNotEquals|org.junit.Assert.assertEquals|org.junit.Assert.assertEquals|com.alibaba.json.bvt.parser.DefaultExtJSONParser_parseArray.test_8|sun.reflect.NativeMethodAccessorImpl.invoke0|sun.reflect.NativeMethodAccessorImpl.invoke|sun.reflect.DelegatingMethodAccessorImpl.invoke|java.lang.reflect.Method.invoke|junit.framework.TestCase.runTest|junit.framework.TestCase.runBare|junit.framework.TestResult$1.protect	172
c313	FT	1	com.alibaba.json.bvt.parser.JSONScannerTest_colon#test_2	PASS				142
c313	FT	2	com.alibaba.json.bvt.parser.DefaultExtJSONParser_parseArray#test_8	FAIL	java.lang.AssertionError	expected:<Sun Jan 09 05:49:53 UTC 2011> but was:<Sun Jan 09 13:49:53 UTC 2011>	org.junit.Assert.fail|org.junit.Assert.failNotEquals|org.junit.Assert.assertEquals|org.junit.Assert.assertEquals|com.alibaba.json.bvt.parser.DefaultExtJSONParser_parseArray.test_8|sun.reflect.NativeMethodAccessorImpl.invoke0|sun.reflect.NativeMethodAccessorImpl.invoke|sun.reflect.DelegatingMethodAccessorImpl.invoke|java.lang.reflect.Method.invoke|junit.framework.TestCase.runTest|junit.framework.TestCase.runBare|junit.framework.TestResult$1.protect	179
c314	FT	1	com.alibaba.json.bvt.parser.JSONScannerTest_colon#test_3	PASS				155
c314	FT	2	com.alibaba.json.bvt.parser.DefaultExtJSONParser_parseArray#test_8	FAIL	java.lang.AssertionError	expected:<Sun Jan 09 05:49:53 UTC 2011> but was:<Sun Jan 09 13:49:53 UTC 2011>	org.junit.Assert.fail|org.junit.Assert.failNotEquals|org.junit.Assert.assertEquals|org.junit.Assert.assertEquals|com.alibaba.json.bvt.parser.DefaultExtJSONParser_parseArray.test_8|sun.reflect.NativeMethodAccessorImpl.invoke0|sun.reflect.NativeMethodAccessorImpl.invoke|sun.reflect.DelegatingMethodAccessorImpl.invoke|java.lang.reflect.Method.invoke|junit.framework.TestCase.runTest|junit.framework.TestCase.runBare|junit.framework.TestResult$1.protect	183
c315	FT	1	com.alibaba.json.bvt.parser.JSONScannerTest_colon#test_4	PASS				152
c315	FT	2	com.alibaba.json.bvt.parser.DefaultExtJSONParser_parseArray#test_8	FAIL	java.lang.AssertionError	expected:<Sun Jan 09 05:49:53 UTC 2011> but was:<Sun Jan 09 13:49:53 UTC 2011>	org.junit.Assert.fail|org.junit.Assert.failNotEquals|org.junit.Assert.assertEquals|org.junit.Assert.assertEquals|com.alibaba.json.bvt.parser.DefaultExtJSONParser_parseArray.test_8|sun.reflect.NativeMethodAccessorImpl.invoke0|sun.reflect.NativeMethodAccessorImpl.invoke|sun.reflect.DelegatingMethodAccessorImpl.invoke|java.lang.reflect.Method.invoke|junit.framework.TestCase.runTest|junit.framework.TestCase.runBare|junit.framework.TestResult$1.protect	204
c316	FT	1	com.alibaba.json.bvt.parser.JSONScannerTest_colon#test_5	PASS				167
c316	FT	2	com.alibaba.json.bvt.parser.DefaultExtJSONParser_parseArray#test_8	FAIL	java.lang.AssertionError	expected:<Sun Jan 09 05:49:53 UTC 2011> but was:<Sun Jan 09 13:49:53 UTC 2011>	org.junit.Assert.fail|org.junit.Assert.failNotEquals|org.junit.Assert.assertEquals|org.junit.Assert.assertEquals|com.alibaba.json.bvt.parser.DefaultExtJSONParser_parseArray.test_8|sun.reflect.NativeMethodAccessorImpl.invoke0|sun.reflect.NativeMethodAccessorImpl.invoke|sun.reflect.DelegatingMethodAccessorImpl.invoke|java.lang.reflect.Method.invoke|junit.framework.TestCase.runTest|junit.framework.TestCase.runBare|junit.framework.TestResult$1.protect	177
c317	FT	1	com.alibaba.json.bvt.parser.JSONScannerTest_colon#test_6	PASS				165
c317	FT	2	com.alibaba.json.bvt.parser.DefaultExtJSONParser_parseArray#test_8	FAIL	java.lang.AssertionError	expected:<Sun Jan 09 05:49:53 UTC 2011> but was:<Sun Jan 09 13:49:53 UTC 2011>	org.junit.Assert.fail|org.junit.Assert.failNotEquals|org.junit.Assert.assertEquals|org.junit.Assert.assertEquals|com.alibaba.json.bvt.parser.DefaultExtJSONParser_parseArray.test_8|sun.reflect.NativeMethodAccessorImpl.invoke0|sun.reflect.NativeMethodAccessorImpl.invoke|sun.reflect.DelegatingMethodAccessorImpl.invoke|java.lang.reflect.Method.invoke|junit.framework.TestCase.runTest|junit.framework.TestCase.runBare|junit.framework.TestResult$1.protect	-968
c318	FT	1	com.alibaba.json.bvt.parser.JSONScannerTest_colon#test_7	PASS				153
c318	FT	2	com.alibaba.json.bvt.parser.DefaultExtJSONParser_parseArray#test_8	FAIL	java.lang.AssertionError	expected:<Sun Jan 09 05:49:53 UTC 2011> but was:<Sun Jan 09 13:49:53 UTC 2011>	org.junit.Assert.fail|org.junit.Assert.failNotEquals|org.junit.Assert.assertEquals|org.junit.Assert.assertEquals|com.alibaba.json.bvt.parser.DefaultExtJSONParser_parseArray.test_8|sun.reflect.NativeMethodAccessorImpl.invoke0|sun.reflect.NativeMethodAccessorImpl.invoke|sun.reflect.DelegatingMethodAccessorImpl.invoke|java.lang.reflect.Method.invoke|junit.framework.TestCase.runTest|junit.framework.TestCase.runBare|junit.framework.TestResult$1.protect	156
c319	FT	1	com.alibaba.json.bvt.parser.JSONScannerTest_colon#test_8	PASS				144
c319	FT	2	com.alibaba.json.bvt.parser.DefaultExtJSONParser_parseArray#test_8	FAIL	java.lang.AssertionError	expected:<Sun Jan 09 05:49:53 UTC 2011> but was:<Sun Jan 09 13:49:53 UTC 2011>	org.junit.Assert.fail|org.junit.Assert.failNotEquals|org.junit.Assert.assertEquals|org.junit.Assert.assertEquals|com.alibaba.json.bvt.parser.DefaultExtJSONParser_parseArray.test_8|sun.reflect.NativeMethodAccessorImpl.invoke0|sun.reflect.NativeMethodAccessorImpl.invoke|sun.reflect.DelegatingMethodAccessorImpl.invoke|java.lang.reflect.Method.invoke|junit.framework.TestCase.runTest|junit.framework.TestCase.runBare|junit.framework.TestResult$1.protect	161
c320	FT	1	com.alibaba.json.bvt.parser.JSONScannerTest_colon#test_f	PASS				158
c320	FT	2	com.alibaba.json.bvt.parser.DefaultExtJSONParser_parseArray#test_8	FAIL	java.lang.AssertionError	expected:<Sun Jan 09 05:49:53 UTC 2011> but was:<Sun Jan 09 13:49:53 UTC 2011>	org.junit.Assert.fail|org.junit.Assert.failNotEquals|org.junit.Assert.assertEquals|org.junit.Assert.assertEquals|com.alibaba.json.bvt.parser.DefaultExtJSONParser_parseArray.test_8|sun.reflect.NativeMethodAccessorImpl.invoke0|sun.reflect.NativeMethodAccessorImpl.invoke|sun.reflect.DelegatingMethodAccessorImpl.invoke|java.lang.reflect.Method.invoke|junit.framework.TestCase.runTest|junit.framework.TestCase.runBare|junit.framework.TestResult$1.protect	182
c321	FT	1	com.alibaba.json.bvt.parser.JSONScannerTest_false#test_scan_false_0	PASS				139
c321	FT	2	com.alibaba.json.bvt.parser.DefaultExtJSONParser_parseArray#test_8	FAIL	java.lang.AssertionError	expected:<Sun Jan 09 05:49:53 UTC 2011> but was:<Sun Jan 09 13:49:53 UTC 2011>	org.junit.Assert.fail|org.junit.Assert.failNotEquals|org.junit.Assert.assertEquals|org.junit.Assert.assertEquals|com.alibaba.json.bvt.parser.DefaultExtJSONParser_parseArray.test_8|sun.reflect.NativeMethodAccessorImpl.invoke0|sun.reflect.NativeMethodAccessorImpl.invoke|sun.reflect.DelegatingMethodAccessorImpl.invoke|java.lang.reflect.Method.invoke|junit.framework.TestCase.runTest|junit.framework.TestCase.runBare|junit.framework.TestResult$1.protect	155
c322	FT	1	com.alibaba.json.bvt.parser.JSONScannerTest_false#test_scan_false_1	PASS				139
c322	FT	2	com.alibaba.json.bvt.parser.DefaultExtJSONParser_parseArray#test_8	FAIL	java.lang.AssertionError	expected:<Sun Jan 09 05:49:53 UTC 2011> but was:<Sun Jan 09 13:49:53 UTC 2011>	org.junit.Assert.fail|org.junit.Assert.failNotEquals|org.junit.Assert.assertEquals|org.junit.Assert.assertEquals|com.alibaba.json.bvt.parser.DefaultExtJSONParser_parseArray.test_8|sun.reflect.NativeMethodAccessorImpl.invoke0|sun.reflect.NativeMethodAccessorImpl.invoke|sun.reflect.DelegatingMethodAccessorImpl.invoke|java.lang.reflect.Method.invoke|junit.framework.TestCase.runTest|junit.framework.TestCase.runBare|junit.framework.TestResult$1.protect	160
c323	FT	1	com.alibaba.json.bvt.parser.JSONScannerTest_false#test_scan_false_10	PASS				124
c323	FT	2	com.alibaba.json.bvt.parser.DefaultExtJSONParser_parseArray#test_8	FAIL	java.lang.AssertionError	expected:<Sun Jan 09 05:49:53 UTC 2011> but was:<Sun Jan 09 13:49:53 UTC 2011>	org.junit.Assert.fail|org.junit.Assert.failNotEquals|org.junit.Assert.assertEquals|org.junit.Assert.assertEquals|com.alibaba.json.bvt.parser.DefaultExtJSONParser_parseArray.test_8|sun.reflect.NativeMethodAccessorImpl.invoke0|sun.reflect.NativeMethodAccessorImpl.invoke|sun.reflect.DelegatingMethodAccessorImpl.invoke|java.lang.reflect.Method.invoke|junit.framework.TestCase.runTest|junit.framework.TestCase.runBare|junit.framework.TestResult$1.protect	164
c324	FT	1	com.alibaba.json.bvt.parser.JSONScannerTest_false#test_scan_false_11	PASS				133
c324	FT	2	com.alibaba.json.bvt.parser.DefaultExtJSONParser_parseArray#test_8	FAIL	java.lang.AssertionError	expected:<Sun Jan 09 05:49:53 UTC 2011> but was:<Sun Jan 09 13:49:53 UTC 2011>	org.junit.Assert.fail|org.junit.Assert.failNotEquals|org.junit.Assert.assertEquals|org.junit.Assert.assertEquals|com.alibaba.json.bvt.parser.DefaultExtJSONParser_parseArray.test_8|sun.reflect.NativeMethodAccessorImpl.invoke0|sun.reflect.NativeMethodAccessorImpl.invoke|sun.reflect.DelegatingMethodAccessorImpl.invoke|java.lang.reflect.Method.invoke|junit.framework.TestCase.runTest|junit.framework.TestCase.runBare|junit.framework.TestResult$1.protect	154
c325	FT	1	com.alibaba.json.bvt.parser.JSONScannerTest_false#test_scan_false_12	PASS				140
c325	FT	2	com.alibaba.json.bvt.parser.DefaultExtJSONParser_parseArray#test_8	FAIL	java.lang.AssertionError	expected:<Sun Jan 09 05:49:53 UTC 2011> but was:<Sun Jan 09 13:49:53 UTC 2011>	org.junit.Assert.fail|org.junit.Assert.failNotEquals|org.junit.Assert.assertEquals|org.junit.Assert.assertEquals|com.alibaba.json.bvt.parser.DefaultExtJSONParser_parseArray.test_8|sun.reflect.NativeMethodAccessorImpl.invoke0|sun.reflect.NativeMethodAccessorImpl.invoke|sun.reflect.DelegatingMethodAccessorImpl.invoke|java.lang.reflect.Method.invoke|junit.framework.TestCase.runTest|junit.framework.TestCase.runBare|junit.framework.TestResult$1.protect	176
c326	FT	1	com.alibaba.json.bvt.parser.JSONScannerTest_false#test_scan_false_13	PASS				125
c326	FT	2	com.alibaba.json.bvt.parser.DefaultExtJSONParser_parseArray#test_8	FAIL	java.lang.AssertionError	expected:<Sun Jan 09 05:49:53 UTC 2011> but was:<Sun Jan 09 13:49:53 UTC 2011>	org.junit.Assert.fail|org.junit.Assert.failNotEquals|org.junit.Assert.assertEquals|org.junit.Assert.assertEquals|com.alibaba.json.bvt.parser.DefaultExtJSONParser_parseArray.test_8|sun.reflect.NativeMethodAccessorImpl.invoke0|sun.reflect.NativeMethodAccessorImpl.invoke|sun.reflect.DelegatingMethodAccessorImpl.invoke|java.lang.reflect.Method.invoke|junit.framework.TestCase.runTest|junit.framework.TestCase.runBare|junit.framework.TestResult$1.protect	160
c327	FT	1	com.alibaba.json.bvt.parser.JSONScannerTest_false#test_scan_false_14	PASS				135
c327	FT	2	com.alibaba.json.bvt.parser.DefaultExtJSONParser_parseArray#test_8	FAIL	java.lang.AssertionError	expected:<Sun Jan 09 05:49:53 UTC 2011> but was:<Sun Jan 09 13:49:53 UTC 2011>	org.junit.Assert.fail|org.junit.Assert.failNotEquals|org.junit.Assert.assertEquals|org.junit.Assert.assertEquals|com.alibaba.json.bvt.parser.DefaultExtJSONParser_parseArray.test_8|sun.reflect.NativeMethodAccessorImpl.invoke0|sun.reflect.NativeMethodAccessorImpl.invoke|sun.reflect.DelegatingMethodAccessorImpl.invoke|java.lang.reflect.Method.invoke|junit.framework.TestCase.runTest|junit.framework.TestCase.runBare|junit.framework.TestResult$1.protect	161
c328	FT	1	com.alibaba.json.bvt.parser.JSONScannerTest_false#test_scan_false_15	PASS				133
c328	FT	2	com.alibaba.json.bvt.parser.DefaultExtJSONParser_parseArray#test_8	FAIL	java.lang.AssertionError	expected:<Sun Jan 09 05:49:53 UTC 2011> but was:<Sun Jan 09 13:49:53 UTC 2011>	org.junit.Assert.fail|org.junit.Assert.failNotEquals|org.junit.Assert.assertEquals|org.junit.Assert.assertEquals|com.alibaba.json.bvt.parser.DefaultExtJSONParser_parseArray.test_8|sun.reflect.NativeMethodAccessorImpl.invoke0|sun.reflect.NativeMethodAccessorImpl.invoke|sun.reflect.DelegatingMethodAccessorImpl.invoke|java.lang.reflect.Method.invoke|junit.framework.TestCase.runTest|junit.framework.TestCase.runBare|junit.framework.TestResult$1.protect	146
c329	FT	1	com.alibaba.json.bvt.parser.JSONScannerTest_false#test_scan_false_2	PASS				133
c329	FT	2	com.alibaba.json.bvt.parser.DefaultExtJSONParser_parseArray#test_8	FAIL	java.lang.AssertionError	expected:<Sun Jan 09 05:49:53 UTC 2011> but was:<Sun Jan 09 13:49:53 UTC 2011>	org.junit.Assert.fail|org.junit.Assert.failNotEquals|org.junit.Assert.assertEquals|org.junit.Assert.assertEquals|com.alibaba.json.bvt.parser.DefaultExtJSONParser_parseArray.test_8|sun.reflect.NativeMethodAccessorImpl.invoke0|sun.reflect.NativeMethodAccessorImpl.invoke|sun.reflect.DelegatingMethodAccessorImpl.invoke|java.lang.reflect.Method.invoke|junit.framework.TestCase.runTest|junit.framework.TestCase.runBare|junit.framework.TestResult$1.protect	151
c330	FT	1	com.alibaba.json.bvt.parser.JSONScannerTest_false#test_scan_false_3	PASS				143
c330	FT	2	com.alibaba.json.bvt.parser.DefaultExtJSONParser_parseArray#test_8	FAIL	java.lang.AssertionError	expected:<Sun Jan 09 05:49:53 UTC 2011> but was:<Sun Jan 09 13:49:53 UTC 2011>	org.junit.Assert.fail|org.junit.Assert.failNotEquals|org.junit.Assert.assertEquals|org.junit.Assert.assertEquals|com.alibaba.json.bvt.parser.DefaultExtJSONParser_parseArray.test_8|sun.reflect.NativeMethodAccessorImpl.invoke0|sun.reflect.NativeMethodAccessorImpl.invoke|sun.reflect.DelegatingMethodAccessorImpl.invoke|java.lang.reflect.Method.invoke|junit.framework.TestCase.runTest|junit.framework.TestCase.runBare|junit.framework.TestResult$1.protect	187
c331	FT	1	com.alibaba.json.bvt.parser.JSONScannerTest_false#test_scan_false_4	PASS				138
c331	FT	2	com.alibaba.json.bvt.parser.DefaultExtJSONParser_parseArray#test_8	FAIL	java.lang.AssertionError	expected:<Sun Jan 09 05:49:53 UTC 2011> but was:<Sun Jan 09 13:49:53 UTC 2011>	org.junit.Assert.fail|org.junit.Assert.failNotEquals|org.junit.Assert.assertEquals|org.junit.Assert.assertEquals|com.alibaba.json.bvt.parser.DefaultExtJSONParser_parseArray.test_8|sun.reflect.NativeMethodAccessorImpl.invoke0|sun.reflect.NativeMethodAccessorImpl.invoke|sun.reflect.DelegatingMethodAccessorImpl.invoke|java.lang.reflect.Method.invoke|junit.framework.TestCase.runTest|junit.framework.TestCase.runBare|junit.framework.TestResult$1.protect	163
c332	FT	1	com.alibaba.json.bvt.parser.JSONScannerTest_false#test_scan_false_5	PASS				149
c332	FT	2	com.alibaba.json.bvt.parser.DefaultExtJSONParser_parseArray#test_8	FAIL	java.lang.AssertionError	expected:<Sun Jan 09 05:49:53 UTC 2011> but was:<Sun Jan 09 13:49:53 UTC 2011>	org.junit.Assert.fail|org.junit.Assert.failNotEquals|org.junit.Assert.assertEquals|org.junit.Assert.assertEquals|com.alibaba.json.bvt.parser.DefaultExtJSONParser_parseArray.test_8|sun.reflect.NativeMethodAccessorImpl.invoke0|sun.reflect.NativeMethodAccessorImpl.invoke|sun.reflect.DelegatingMethodAccessorImpl.invoke|java.lang.reflect.Method.invoke|junit.framework.TestCase.runTest|junit.framework.TestCase.runBare|junit.framework.TestResult$1.protect	174
c333	FT	1	com.alibaba.json.bvt.parser.JSONScannerTest_false#test_scan_false_6	PASS				139
c333	FT	2	com.alibaba.json.bvt.parser.DefaultExtJSONParser_parseArray#test_8	FAIL	java.lang.AssertionError	expected:<Sun Jan 09 05:49:53 UTC 2011> but was:<Sun Jan 09 13:49:53 UTC 2011>	org.junit.Assert.fail|org.junit.Assert.failNotEquals|org.junit.Assert.assertEquals|org.junit.Assert.assertEquals|com.alibaba.json.bvt.parser.DefaultExtJSONParser_parseArray.test_8|sun.reflect.NativeMethodAccessorImpl.invoke0|sun.reflect.NativeMethodAccessorImpl.invoke|sun.reflect.DelegatingMethodAccessorImpl.invoke|java.lang.reflect.Method.invoke|junit.framework.TestCase.runTest|junit.framework.TestCase.runBare|junit.framework.TestResult$1.protect	174
c334	FT	1	com.alibaba.json.bvt.parser.JSONScannerTest_false#test_scan_false_6_1	PASS				132
c334	FT	2	com.alibaba.json.bvt.parser.DefaultExtJSONParser_parseArray#test_8	FAIL	java.lang.AssertionError	expected:<Sun Jan 09 05:49:53 UTC 2011> but was:<Sun Jan 09 13:49:53 UTC 2011>	org.junit.Assert.fail|org.junit.Assert.failNotEquals|org.junit.Assert.assertEquals|org.junit.Assert.assertEquals|com.alibaba.json.bvt.parser.DefaultExtJSONParser_parseArray.test_8|sun.reflect.NativeMethodAccessorImpl.invoke0|sun.reflect.NativeMethodAccessorImpl.invoke|sun.reflect.DelegatingMethodAccessorImpl.invoke|java.lang.reflect.Method.invoke|junit.framework.TestCase.runTest|junit.framework.TestCase.runBare|junit.framework.TestResult$1.protect	143
c335	FT	1	com.alibaba.json.bvt.parser.JSONScannerTest_false#test_scan_false_7	PASS				120
c335	FT	2	com.alibaba.json.bvt.parser.DefaultExtJSONParser_parseArray#test_8	FAIL	java.lang.AssertionError	expected:<Sun Jan 09 05:49:53 UTC 2011> but was:<Sun Jan 09 13:49:53 UTC 2011>	org.junit.Assert.fail|org.junit.Assert.failNotEquals|org.junit.Assert.assertEquals|org.junit.Assert.assertEquals|com.alibaba.json.bvt.parser.DefaultExtJSONParser_parseArray.test_8|sun.reflect.NativeMethodAccessorImpl.invoke0|sun.reflect.NativeMethodAccessorImpl.invoke|sun.reflect.DelegatingMethodAccessorImpl.invoke|java.lang.reflect.Method.invoke|junit.framework.TestCase.runTest|junit.framework.TestCase.runBare|junit.framework.TestResult$1.protect	162
c336	FT	1	com.alibaba.json.bvt.parser.JSONScannerTest_false#test_scan_false_8	PASS				124
c336	FT	2	com.alibaba.json.bvt.parser.DefaultExtJSONParser_parseArray#test_8	FAIL	java.lang.AssertionError	expected:<Sun Jan 09 05:49:53 UTC 2011> but was:<Sun Jan 09 13:49:53 UTC 2011>	org.junit.Assert.fail|org.junit.Assert.failNotEquals|org.junit.Assert.assertEquals|org.junit.Assert.assertEquals|com.alibaba.json.bvt.parser.DefaultExtJSONParser_parseArray.test_8|sun.reflect.NativeMethodAccessorImpl.invoke0|sun.reflect.NativeMethodAccessorImpl.invoke|sun.reflect.DelegatingMethodAccessorImpl.invoke|java.lang.reflect.Method.invoke|junit.framework.TestCase.runTest|junit.framework.TestCase.runBare|junit.framework.TestResult$1.protect	162
c337	FT	1	com.alibaba.json.bvt.parser.JSONScannerTest_false#test_scan_false_9	PASS				122
c337	FT	2	com.alibaba.json.bvt.parser.DefaultExtJSONParser_parseArray#test_8	FAIL	java.lang.AssertionError	expected:<Sun Jan 09 05:49:53 UTC 2011> but was:<Sun Jan 09 13:49:53 UTC 2011>	org.junit.Assert.fail|org.junit.Assert.failNotEquals|org.junit.Assert.assertEquals|org.junit.Assert.assertEquals|com.alibaba.json.bvt.parser.DefaultExtJSONParser_parseArray.test_8|sun.reflect.NativeMethodAccessorImpl.invoke0|sun.reflect.NativeMethodAccessorImpl.invoke|sun.reflect.DelegatingMethodAccessorImpl.invoke|java.lang.reflect.Method.invoke|junit.framework.TestCase.runTest|junit.framework.TestCase.runBare|junit.framework.TestResult$1.protect	168
c338	FT	1	com.alibaba.json.bvt.parser.JSONScannerTest_ident#test_Date	PASS				126
c338	FT	2	com.alibaba.json.bvt.parser.DefaultExtJSONParser_parseArray#test_8	FAIL	java.lang.AssertionError	expected:<Sun Jan 09 05:49:53 UTC 2011> but was:<Sun Jan 09 13:49:53 UTC 2011>	org.junit.Assert.fail|org.junit.Assert.failNotEquals|org.junit.Assert.assertEquals|org.junit.Assert.assertEquals|com.alibaba.json.bvt.parser.DefaultExtJSONParser_parseArray.test_8|sun.reflect.NativeMethodAccessorImpl.invoke0|sun.reflect.NativeMethodAccessorImpl.invoke|sun.reflect.DelegatingMethodAccessorImpl.invoke|java.lang.reflect.Method.invoke|junit.framework.TestCase.runTest|junit.framework.TestCase.runBare|junit.framework.TestResult$1.protect	145
c339	FT	1	com.alibaba.json.bvt.parser.JSONScannerTest_ident#test_false	PASS				125
c339	FT	2	com.alibaba.json.bvt.parser.DefaultExtJSONParser_parseArray#test_8	FAIL	java.lang.AssertionError	expected:<Sun Jan 09 05:49:53 UTC 2011> but was:<Sun Jan 09 13:49:53 UTC 2011>	org.junit.Assert.fail|org.junit.Assert.failNotEquals|org.junit.Assert.assertEquals|org.junit.Assert.assertEquals|com.alibaba.json.bvt.parser.DefaultExtJSONParser_parseArray.test_8|sun.reflect.NativeMethodAccessorImpl.invoke0|sun.reflect.NativeMethodAccessorImpl.invoke|sun.reflect.DelegatingMethodAccessorImpl.invoke|java.lang.reflect.Method.invoke|junit.framework.TestCase.runTest|junit.framework.TestCase.runBare|junit.framework.TestResult$1.protect	171
c340	FT	1	com.alibaba.json.bvt.parser.JSONScannerTest_ident#test_new	PASS				117
c340	FT	2	com.alibaba.json.bvt.parser.DefaultExtJSONParser_parseArray#test_8	FAIL	java.lang.AssertionError	expected:<Sun Jan 09 05:49:53 UTC 2011> but was:<Sun Jan 09 13:49:53 UTC 2011>	org.junit.Assert.fail|org.junit.Assert.failNotEquals|org.junit.Assert.assertEquals|org.junit.Assert.assertEquals|com.alibaba.json.bvt.parser.DefaultExtJSONParser_parseArray.test_8|sun.reflect.NativeMethodAccessorImpl.invoke0|sun.reflect.NativeMethodAccessorImpl.invoke|sun.reflect.DelegatingMethodAccessorImpl.invoke|java.lang.reflect.Method.invoke|junit.framework.TestCase.runTest|junit.framework.TestCase.runBare|junit.framework.TestResult$1.protect	150
c341	FT	1	com.alibaba.json.bvt.parser.JSONScannerTest_ident#test_null	PASS				122
c341	FT	2	com.alibaba.json.bvt.parser.DefaultExtJSONParser_parseArray#test_8	FAIL	java.lang.AssertionError	expected:<Sun Jan 09 05:49:53 UTC 2011> but was:<Sun Jan 09 13:49:53 UTC 2011>	org.junit.Assert.fail|org.junit.Assert.failNotEquals|org.junit.Assert.assertEquals|org.junit.Assert.assertEquals|com.alibaba.json.bvt.parser.DefaultExtJSONParser_parseArray.test_8|sun.reflect.NativeMethodAccessorImpl.invoke0|sun.reflect.NativeMethodAccessorImpl.invoke|sun.reflect.DelegatingMethodAccessorImpl.invoke|java.lang.reflect.Method.invoke|junit.framework.TestCase.runTest|junit.framework.TestCase.runBare|junit.framework.TestResult$1.protect	146
c342	FT	1	com.alibaba.json.bvt.parser.JSONScannerTest_ident#test_true	PASS				125
c342	FT	2	com.alibaba.json.bvt.parser.DefaultExtJSONParser_parseArray#test_8	FAIL	java.lang.AssertionError	expected:<Sun Jan 09 05:49:53 UTC 2011> but was:<Sun Jan 09 13:49:53 UTC 2011>	org.junit.Assert.fail|org.junit.Assert.failNotEquals|org.junit.Assert.assertEquals|org.junit.Assert.assertEquals|com.alibaba.json.bvt.parser.DefaultExtJSONParser_parseArray.test_8|sun.reflect.NativeMethodAccessorImpl.invoke0|sun.reflect.NativeMethodAccessorImpl.invoke|sun.reflect.DelegatingMethodAccessorImpl.invoke|java.lang.reflect.Method.invoke|junit.framework.TestCase.runTest|junit.framework.TestCase.runBare|junit.framework.TestResult$1.protect	138
c343	FT	1	com.alibaba.json.bvt.parser.JSONScannerTest_int#test_error_0	PASS				128
c343	FT	2	com.alibaba.json.bvt.parser.DefaultExtJSONParser_parseArray#test_8	FAIL	java.lang.AssertionError	expected:<Sun Jan 09 05:49:53 UTC 2011> but was:<Sun Jan 09 13:49:53 UTC 2011>	org.junit.Assert.fail|org.junit.Assert.failNotEquals|org.junit.Assert.assertEquals|org.junit.Assert.assertEquals|com.alibaba.json.bvt.parser.DefaultExtJSONParser_parseArray.test_8|sun.reflect.NativeMethodAccessorImpl.invoke0|sun.reflect.NativeMethodAccessorImpl.invoke|sun.reflect.DelegatingMethodAccessorImpl.invoke|java.lang.reflect.Method.invoke|junit.framework.TestCase.runTest|junit.framework.TestCase.runBare|junit.framework.TestResult$1.protect	146
c344	FT	1	com.alibaba.json.bvt.parser.JSONScannerTest_int#test_error_1	PASS				124
c344	FT	2	com.alibaba.json.bvt.parser.DefaultExtJSONParser_parseArray#test_8	FAIL	java.lang.AssertionError	expected:<Sun Jan 09 05:49:53 UTC 2011> but was:<Sun Jan 09 13:49:53 UTC 2011>	org.junit.Assert.fail|org.junit.Assert.failNotEquals|org.junit.Assert.assertEquals|org.junit.Assert.assertEquals|com.alibaba.json.bvt.parser.DefaultExtJSONParser_parseArray.test_8|sun.reflect.NativeMethodAccessorImpl.invoke0|sun.reflect.NativeMethodAccessorImpl.invoke|sun.reflect.DelegatingMethodAccessorImpl.invoke|java.lang.reflect.Method.invoke|junit.framework.TestCase.runTest|junit.framework.TestCase.runBare|junit.framework.TestResult$1.protect	139
c345	FT	1	com.alibaba.json.bvt.parser.JSONScannerTest_int#test_error_2	PASS				121
c345	FT	2	com.alibaba.json.bvt.parser.DefaultExtJSONParser_parseArray#test_8	FAIL	java.lang.AssertionError	expected:<Sun Jan 09 05:49:53 UTC 2011> but was:<Sun Jan 09 13:49:53 UTC 2011>	org.junit.Assert.fail|org.junit.Assert.failNotEquals|org.junit.Assert.assertEquals|org.junit.Assert.assertEquals|com.alibaba.json.bvt.parser.DefaultExtJSONParser_parseArray.test_8|sun.reflect.NativeMethodAccessorImpl.invoke0|sun.reflect.NativeMethodAccessorImpl.invoke|sun.reflect.DelegatingMethodAccessorImpl.invoke|java.lang.reflect.Method.invoke|junit.framework.TestCase.runTest|junit.framework.TestCase.runBare|junit.framework.TestResult$1.protect	156
c346	FT	1	com.alibaba.json.bvt.parser.JSONScannerTest_int#test_error_3	PASS				125
c346	FT	2	com.alibaba.json.bvt.parser.DefaultExtJSONParser_parseArray#test_8	FAIL	java.lang.AssertionError	expected:<Sun Jan 09 05:49:53 UTC 2011> but was:<Sun Jan 09 13:49:53 UTC 2011>	org.junit.Assert.fail|org.junit.Assert.failNotEquals|org.junit.Assert.assertEquals|org.junit.Assert.assertEquals|com.alibaba.json.bvt.parser.DefaultExtJSONParser_parseArray.test_8|sun.reflect.NativeMethodAccessorImpl.invoke0|sun.reflect.NativeMethodAccessorImpl.invoke|sun.reflect.DelegatingMethodAccessorImpl.invoke|java.lang.reflect.Method.invoke|junit.framework.TestCase.runTest|junit.framework.TestCase.runBare|junit.framework.TestResult$1.protect	148
c347	1788523837797
c347	FT	1	com.alibaba.json.bvt.parser.JSONScannerTest_int#test_parse_long_2	PASS				135
c347	FT	2	com.alibaba.json.bvt.parser.DefaultExtJSONParser_parseArray#test_8	FAIL	java.lang.AssertionError	expected:<Sun Jan 09 05:49:53 UTC 2011> but was:<Sun Jan 09 13:49:53 UTC 2011>	org.junit.Assert.fail|org.junit.Assert.failNotEquals|org.junit.Assert.assertEquals|org.junit.Assert.assertEquals|com.alibaba.json.bvt.parser.DefaultExtJSONParser_parseArray.test_8|sun.reflect.NativeMethodAccessorImpl.invoke0|sun.reflect.NativeMethodAccessorImpl.invoke|sun.reflect.DelegatingMethodAccessorImpl.invoke|java.lang.reflect.Method.invoke|junit.framework.TestCase.runTest|junit.framework.TestCase.runBare|junit.framework.TestResult$1.protect	154
c348	FT	1	com.alibaba.json.bvt.parser.JSONScannerTest_isEOF#test_0	PASS				328
c348	FT	2	com.alibaba.json.bvt.parser.DefaultExtJSONParser_parseArray#test_8	FAIL	java.lang.AssertionError	expected:<Sun Jan 09 05:49:53 UTC 2011> but was:<Sun Jan 09 13:49:53 UTC 2011>	org.junit.Assert.fail|org.junit.Assert.failNotEquals|org.junit.Assert.assertEquals|org.junit.Assert.assertEquals|com.alibaba.json.bvt.parser.DefaultExtJSONParser_parseArray.test_8|sun.reflect.NativeMethodAccessorImpl.invoke0|sun.reflect.NativeMethodAccessorImpl.invoke|sun.reflect.DelegatingMethodAccessorImpl.invoke|java.lang.reflect.Method.invoke|junit.framework.TestCase.runTest|junit.framework.TestCase.runBare|junit.framework.TestResult$1.protect	23
c349	FT	1	com.alibaba.json.bvt.parser.JSONScannerTest_isEOF#test_1	PASS				134
c349	FT	2	com.alibaba.json.bvt.parser.DefaultExtJSONParser_parseArray#test_8	FAIL	java.lang.AssertionError	expected:<Sun Jan 09 05:49:53 UTC 2011> but was:<Sun Jan 09 13:49:53 UTC 2011>	org.junit.Assert.fail|org.junit.Assert.failNotEquals|org.junit.Assert.assertEquals|org.junit.Assert.assertEquals|com.alibaba.json.bvt.parser.DefaultExtJSONParser_parseArray.test_8|sun.reflect.NativeMethodAccessorImpl.invoke0|sun.reflect.NativeMethodAccessorImpl.invoke|sun.reflect.DelegatingMethodAccessorImpl.invoke|java.lang.reflect.Method.invoke|junit.framework.TestCase.runTest|junit.framework.TestCase.runBare|junit.framework.TestResult$1.protect	195
c350	FT	1	com.alibaba.json.bvt.parser.JSONScannerTest_isEOF#test_2	PASS				122
c350	FT	2	com.alibaba.json.bvt.parser.DefaultExtJSONParser_parseArray#test_8	FAIL	java.lang.AssertionError	expected:<Sun Jan 09 05:49:53 UTC 2011> but was:<Sun Jan 09 13:49:53 UTC 2011>	org.junit.Assert.fail|org.junit.Assert.failNotEquals|org.junit.Assert.assertEquals|org.junit.Assert.assertEquals|com.alibaba.json.bvt.parser.DefaultExtJSONParser_parseArray.test_8|sun.reflect.NativeMethodAccessorImpl.invoke0|sun.reflect.NativeMethodAccessorImpl.invoke|sun.reflect.DelegatingMethodAccessorImpl.invoke|java.lang.reflect.Method.invoke|junit.framework.TestCase.runTest|junit.framework.TestCase.runBare|junit.framework.TestResult$1.protect	157
c351	FT	1	com.alibaba.json.bvt.parser.JSONScannerTest_isEOF#test_3	PASS				126
c351	FT	2	com.alibaba.json.bvt.parser.DefaultExtJSONParser_parseArray#test_8	FAIL	java.lang.AssertionError	expected:<Sun Jan 09 05:49:53 UTC 2011> but was:<Sun Jan 09 13:49:53 UTC 2011>	org.junit.Assert.fail|org.junit.Assert.failNotEquals|org.junit.Assert.assertEquals|org.junit.Assert.assertEquals|com.alibaba.json.bvt.parser.DefaultExtJSONParser_parseArray.test_8|sun.reflect.NativeMethodAccessorImpl.invoke0|sun.reflect.NativeMethodAccessorImpl.invoke|sun.reflect.DelegatingMethodAccessorImpl.invoke|java.lang.reflect.Method.invoke|junit.framework.TestCase.runTest|junit.framework.TestCase.runBare|junit.framework.TestResult$1.protect	148
c352	FT	1	com.alibaba.json.bvt.parser.JSONScannerTest_long#test_error_0	PASS				168
c352	FT	2	com.alibaba.json.bvt.parser.DefaultExtJSONParser_parseArray#test_8	FAIL	java.lang.AssertionError	expected:<Sun Jan 09 05:49:53 UTC 2011> but was:<Sun Jan 09 13:49:53 UTC 2011>	org.junit.Assert.fail|org.junit.Assert.failNotEquals|org.junit.Assert.assertEquals|org.junit.Assert.assertEquals|com.alibaba.json.bvt.parser.DefaultExtJSONParser_parseArray.test_8|sun.reflect.NativeMethodAccessorImpl.invoke0|sun.reflect.NativeMethodAccessorImpl.invoke|sun.reflect.DelegatingMethodAccessorImpl.invoke|java.lang.reflect.Method.invoke|junit.framework.TestCase.runTest|junit.framework.TestCase.runBare|junit.framework.TestResult$1.protect	168
c353	FT	1	com.alibaba.json.bvt.parser.JSONScannerTest_long#test_error_1	PASS				122
c353	FT	2	com.alibaba.json.bvt.parser.DefaultExtJSONParser_parseArray#test_8	FAIL	java.lang.AssertionError	expected:<Sun Jan 09 05:49:53 UTC 2011> but was:<Sun Jan 09 13:49:53 UTC 2011>	org.junit.Assert.fail|org.junit.Assert.failNotEquals|org.junit.Assert.assertEquals|org.junit.Assert.assertEquals|com.alibaba.json.bvt.parser.DefaultExtJSONParser_parseArray.test_8|sun.reflect.NativeMethodAccessorImpl.invoke0|sun.reflect.NativeMethodAccessorImpl.invoke|sun.reflect.DelegatingMethodAccessorImpl.invoke|java.lang.reflect.Method.invoke|junit.framework.TestCase.runTest|junit.framework.TestCase.runBare|junit.framework.TestResult$1.protect	171
c354	FT	1	com.alibaba.json.bvt.parser.JSONScannerTest_long#test_error_2	PASS				167
c354	FT	2	com.alibaba.json.bvt.parser.DefaultExtJSONParser_parseArray#test_8	FAIL	java.lang.AssertionError	expected:<Sun Jan 09 05:49:53 UTC 2011> but was:<Sun Jan 09 13:49:53 UTC 2011>	org.junit.Assert.fail|org.junit.Assert.failNotEquals|org.junit.Assert.assertEquals|org.junit.Assert.assertEquals|com.alibaba.json.bvt.parser.DefaultExtJSONParser_parseArray.test_8|sun.reflect.NativeMethodAccessorImpl.invoke0|sun.reflect.NativeMethodAccessorImpl.invoke|sun.reflect.DelegatingMethodAccessorImpl.invoke|java.lang.reflect.Method.invoke|junit.framework.TestCase.runTest|junit.framework.TestCase.runBare|junit.framework.TestResult$1.protect	150
c355	FT	1	com.alibaba.json.bvt.parser.JSONScannerTest_long#test_error_3	PASS				162
c355	FT	2	com.alibaba.json.bvt.parser.DefaultExtJSONParser_parseArray#test_8	FAIL	java.lang.AssertionError	expected:<Sun Jan 09 05:49:53 UTC 2011> but was:<Sun Jan 09 13:49:53 UTC 2011>	org.junit.Assert.fail|org.junit.Assert.failNotEquals|org.junit.Assert.assertEquals|org.junit.Assert.assertEquals|com.alibaba.json.bvt.parser.DefaultExtJSONParser_parseArray.test_8|sun.reflect.NativeMethodAccessorImpl.invoke0|sun.reflect.NativeMethodAccessorImpl.invoke|sun.reflect.DelegatingMethodAccessorImpl.invoke|java.lang.reflect.Method.invoke|junit.framework.TestCase.runTest|junit.framework.TestCase.runBare|junit.framework.TestResult$1.protect	181
c356	1788523841649
c356	FT	1	com.alibaba.json.bvt.parser.JSONScannerTest_long#test_parse_long_2	PASS				191
c356	FT	2	com.alibaba.json.bvt.parser.DefaultExtJSONParser_parseArray#test_8	FAIL	java.lang.AssertionError	expected:<Sun Jan 09 05:49:53 UTC 2011> but was:<Sun Jan 09 13:49:53 UTC 2011>	org.junit.Assert.fail|org.junit.Assert.failNotEquals|org.junit.Assert.assertEquals|org.junit.Assert.assertEquals|com.alibaba.json.bvt.parser.DefaultExtJSONParser_parseArray.test_8|sun.reflect.NativeMethodAccessorImpl.invoke0|sun.reflect.NativeMethodAccessorImpl.invoke|sun.reflect.DelegatingMethodAccessorImpl.invoke|java.lang.reflect.Method.invoke|junit.framework.TestCase.runTest|junit.framework.TestCase.runBare|junit.framework.TestResult$1.protect	172
c357	FT	1	com.alibaba.json.bvt.parser.JSONScannerTest_new#test_scan_new_0	PASS				189
c357	FT	2	com.alibaba.json.bvt.parser.DefaultExtJSONParser_parseArray#test_8	FAIL	java.lang.AssertionError	expected:<Sun Jan 09 05:49:53 UTC 2011> but was:<Sun Jan 09 13:49:53 UTC 2011>	org.junit.Assert.fail|org.junit.Assert.failNotEquals|org.junit.Assert.assertEquals|org.junit.Assert.assertEquals|com.alibaba.json.bvt.parser.DefaultExtJSONParser_parseArray.test_8|sun.reflect.NativeMethodAccessorImpl.invoke0|sun.reflect.NativeMethodAccessorImpl.invoke|sun.reflect.DelegatingMethodAccessorImpl.invoke|java.lang.reflect.Method.invoke|junit.framework.TestCase.runTest|junit.framework.TestCase.runBare|junit.framework.TestResult$1.protect	159
c358	FT	1	com.alibaba.json.bvt.parser.JSONScannerTest_new#test_scan_new_1	PASS				133
c358	FT	2	com.alibaba.json.bvt.parser.DefaultExtJSONParser_parseArray#test_8	FAIL	java.lang.AssertionError	expected:<Sun Jan 09 05:49:53 UTC 2011> but was:<Sun Jan 09 13:49:53 UTC 2011>	org.junit.Assert.fail|org.junit.Assert.failNotEquals|org.junit.Assert.assertEquals|org.junit.Assert.assertEquals|com.alibaba.json.bvt.parser.DefaultExtJSONParser_parseArray.test_8|sun.reflect.NativeMethodAccessorImpl.invoke0|sun.reflect.NativeMethodAccessorImpl.invoke|sun.reflect.DelegatingMethodAccessorImpl.invoke|java.lang.reflect.Method.invoke|junit.framework.TestCase.runTest|junit.framework.TestCase.runBare|junit.framework.TestResult$1.protect	183
c359	FT	1	com.alibaba.json.bvt.parser.JSONScannerTest_new#test_scan_new_10	PASS				168
c359	FT	2	com.alibaba.json.bvt.parser.DefaultExtJSONParser_parseArray#test_8	FAIL	java.lang.AssertionError	expected:<Sun Jan 09 05:49:53 UTC 2011> but was:<Sun Jan 09 13:49:53 UTC 2011>	org.junit.Assert.fail|org.junit.Assert.failNotEquals|org.junit.Assert.assertEquals|org.junit.Assert.assertEquals|com.alibaba.json.bvt.parser.DefaultExtJSONParser_parseArray.test_8|sun.reflect.NativeMethodAccessorImpl.invoke0|sun.reflect.NativeMethodAccessorImpl.invoke|sun.reflect.DelegatingMethodAccessorImpl.invoke|java.lang.reflect.Method.invoke|junit.framework.TestCase.runTest|junit.framework.TestCase.runBare|junit.framework.TestResult$1.protect	169
c360	FT	1	com.alibaba.json.bvt.parser.JSONScannerTest_new#test_scan_new_11	PASS				148
c360	FT	2	com.alibaba.json.bvt.parser.DefaultExtJSONParser_parseArray#test_8	FAIL	java.lang.AssertionError	expected:<Sun Jan 09 05:49:53 UTC 2011> but was:<Sun Jan 09 13:49:53 UTC 2011>	org.junit.Assert.fail|org.junit.Assert.failNotEquals|org.junit.Assert.assertEquals|org.junit.Assert.assertEquals|com.alibaba.json.bvt.parser.DefaultExtJSONParser_parseArray.test_8|sun.reflect.NativeMethodAccessorImpl.invoke0|sun.reflect.NativeMethodAccessorImpl.invoke|sun.reflect.DelegatingMethodAccessorImpl.invoke|java.lang.reflect.Method.invoke|junit.framework.TestCase.runTest|junit.framework.TestCase.runBare|junit.framework.TestResult$1.protect	179
c361	FT	1	com.alibaba.json.bvt.parser.JSONScannerTest_new#test_scan_new_12	PASS				118
c361	FT	2	com.alibaba.json.bvt.parser.DefaultExtJSONParser_parseArray#test_8	FAIL	java.lang.AssertionError	expected:<Sun Jan 09 05:49:53 UTC 2011> but was:<Sun Jan 09 13:49:53 UTC 2011>	org.junit.Assert.fail|org.junit.Assert.failNotEquals|org.junit.Assert.assertEquals|org.junit.Assert.assertEquals|com.alibaba.json.bvt.parser.DefaultExtJSONParser_parseArray.test_8|sun.reflect.NativeMethodAccessorImpl.invoke0|sun.reflect.NativeMethodAccessorImpl.invoke|sun.reflect.DelegatingMethodAccessorImpl.invoke|java.lang.reflect.Method.invoke|junit.framework.TestCase.runTest|junit.framework.TestCase.runBare|junit.framework.TestResult$1.protect	162
c362	FT	1	com.alibaba.json.bvt.parser.JSONScannerTest_new#test_scan_new_13	PASS				120
c362	FT	2	com.alibaba.json.bvt.parser.DefaultExtJSONParser_parseArray#test_8	FAIL	java.lang.AssertionError	expected:<Sun Jan 09 05:49:53 UTC 2011> but was:<Sun Jan 09 13:49:53 UTC 2011>	org.junit.Assert.fail|org.junit.Assert.failNotEquals|org.junit.Assert.assertEquals|org.junit.Assert.assertEquals|com.alibaba.json.bvt.parser.DefaultExtJSONParser_parseArray.test_8|sun.reflect.NativeMethodAccessorImpl.invoke0|sun.reflect.NativeMethodAccessorImpl.invoke|sun.reflect.DelegatingMethodAccessorImpl.invoke|java.lang.reflect.Method.invoke|junit.framework.TestCase.runTest|junit.framework.TestCase.runBare|junit.framework.TestResult$1.protect	145
c363	FT	1	com.alibaba.json.bvt.parser.JSONScannerTest_new#test_scan_new_14	PASS				123
c363	FT	2	com.alibaba.json.bvt.parser.DefaultExtJSONParser_parseArray#test_8	FAIL	java.lang.AssertionError	expected:<Sun Jan 09 05:49:53 UTC 2011> but was:<Sun Jan 09 13:49:53 UTC 2011>	org.junit.Assert.fail|org.junit.Assert.failNotEquals|org.junit.Assert.assertEquals|org.junit.Assert.assertEquals|com.alibaba.json.bvt.parser.DefaultExtJSONParser_parseArray.test_8|sun.reflect.NativeMethodAccessorImpl.invoke0|sun.reflect.NativeMethodAccessorImpl.invoke|sun.reflect.DelegatingMethodAccessorImpl.invoke|java.lang.reflect.Method.invoke|junit.framework.TestCase.runTest|junit.framework.TestCase.runBare|junit.framework.TestResult$1.protect	159
c364	FT	1	com.alibaba.json.bvt.parser.JSONScannerTest_new#test_scan_new_15	PASS				129
c364	FT	2	com.alibaba.json.bvt.parser.DefaultExtJSONParser_parseArray#test_8	FAIL	java.lang.AssertionError	expected:<Sun Jan 09 05:49:53 UTC 2011> but was:<Sun Jan 09 13:49:53 UTC 2011>	org.junit.Assert.fail|org.junit.Assert.failNotEquals|org.junit.Assert.assertEquals|org.junit.Assert.assertEquals|com.alibaba.json.bvt.parser.DefaultExtJSONParser_parseArray.test_8|sun.reflect.NativeMethodAccessorImpl.invoke0|sun.reflect.NativeMethodAccessorImpl.invoke|sun.reflect.DelegatingMethodAccessorImpl.invoke|java.lang.reflect.Method.invoke|junit.framework.TestCase.runTest|junit.framework.TestCase.runBare|junit.framework.TestResult$1.protect	160
c365	FT	1	com.alibaba.json.bvt.parser.JSONScannerTest_new#test_scan_new_2	PASS				127
c365	FT	2	com.alibaba.json.bvt.parser.DefaultExtJSONParser_parseArray#test_8	FAIL	java.lang.AssertionError	expected:<Sun Jan 09 05:49:53 UTC 2011> but was:<Sun Jan 09 13:49:53 UTC 2011>	org.junit.Assert.fail|org.junit.Assert.failNotEquals|org.junit.Assert.assertEquals|org.junit.Assert.assertEquals|com.alibaba.json.bvt.parser.DefaultExtJSONParser_parseArray.test_8|sun.reflect.NativeMethodAccessorImpl.invoke0|sun.reflect.NativeMethodAccessorImpl.invoke|sun.reflect.DelegatingMethodAccessorImpl.invoke|java.lang.reflect.Method.invoke|junit.framework.TestCase.runTest|junit.framework.TestCase.runBare|junit.framework.TestResult$1.protect	166
c366	FT	1	com.alibaba.json.bvt.parser.JSONScannerTest_new#test_scan_new_3	PASS				129
c366	FT	2	com.alibaba.json.bvt.parser.DefaultExtJSONParser_parseArray#test_8	FAIL	java.lang.AssertionError	expected:<Sun Jan 09 05:49:53 UTC 2011> but was:<Sun Jan 09 13:49:53 UTC 2011>	org.junit.Assert.fail|org.junit.Assert.failNotEquals|org.junit.Assert.assertEquals|org.junit.Assert.assertEquals|com.alibaba.json.bvt.parser.DefaultExtJSONParser_parseArray.test_8|sun.reflect.NativeMethodAccessorImpl.invoke0|sun.reflect.NativeMethodAccessorImpl.invoke|sun.reflect.DelegatingMethodAccessorImpl.invoke|java.lang.reflect.Method.invoke|junit.framework.TestCase.runTest|junit.framework.TestCase.runBare|junit.framework.TestResult$1.protect	142
c367	FT	1	com.alibaba.json.bvt.parser.JSONScannerTest_new#test_scan_new_4	PASS				125
c367	FT	2	com.alibaba.json.bvt.parser.DefaultExtJSONParser_parseArray#test_8	FAIL	java.lang.AssertionError	expected:<Sun Jan 09 05:49:53 UTC 2011> but was:<Sun Jan 09 13:49:53 UTC 2011>	org.junit.Assert.fail|org.junit.Assert.failNotEquals|org.junit.Assert.assertEquals|org.junit.Assert.assertEquals|com.alibaba.json.bvt.parser.DefaultExtJSONParser_parseArray.test_8|sun.reflect.NativeMethodAccessorImpl.invoke0|sun.reflect.NativeMethodAccessorImpl.invoke|sun.reflect.DelegatingMethodAccessorImpl.invoke|java.lang.reflect.Method.invoke|junit.framework.TestCase.runTest|junit.framework.TestCase.runBare|junit.framework.TestResult$1.protect	145
c368	FT	1	com.alibaba.json.bvt.parser.JSONScannerTest_new#test_scan_new_5	PASS				130
c368	FT	2	com.alibaba.json.bvt.parser.DefaultExtJSONParser_parseArray#test_8	FAIL	java.lang.AssertionError	expected:<Sun Jan 09 05:49:53 UTC 2011> but was:<Sun Jan 09 13:49:53 UTC 2011>	org.junit.Assert.fail|org.junit.Assert.failNotEquals|org.junit.Assert.assertEquals|org.junit.Assert.assertEquals|com.alibaba.json.bvt.parser.DefaultExtJSONParser_parseArray.test_8|sun.reflect.NativeMethodAccessorImpl.invoke0|sun.reflect.NativeMethodAccessorImpl.invoke|sun.reflect.DelegatingMethodAccessorImpl.invoke|java.lang.reflect.Method.invoke|junit.framework.TestCase.runTest|junit.framework.TestCase.runBare|junit.framework.TestResult$1.protect	156
c369	FT	1	com.alibaba.json.bvt.parser.JSONScannerTest_new#test_scan_new_6	PASS				128
c369	FT	2	com.alibaba.json.bvt.parser.DefaultExtJSONParser_parseArray#test_8	FAIL	java.lang.AssertionError	expected:<Sun Jan 09 05:49:53 UTC 2011> but was:<Sun Jan 09 13:49:53 UTC 2011>	org.junit.Assert.fail|org.junit.Assert.failNotEquals|org.junit.Assert.assertEquals|org.junit.Assert.assertEquals|com.alibaba.json.bvt.parser.DefaultExtJSONParser_parseArray.test_8|sun.reflect.NativeMethodAccessorImpl.invoke0|sun.reflect.NativeMethodAccessorImpl.invoke|sun.reflect.DelegatingMethodAccessorImpl.invoke|java.lang.reflect.Method.invoke|junit.framework.TestCase.runTest|junit.framework.TestCase.runBare|junit.framework.TestResult$1.protect	150
c370	FT	1	com.alibaba.json.bvt.parser.JSONScannerTest_new#test_scan_new_7	PASS				123
c370	FT	2	com.alibaba.json.bvt.parser.DefaultExtJSONParser_parseArray#test_8	FAIL	java.lang.AssertionError	expected:<Sun Jan 09 05:49:53 UTC 2011> but was:<Sun Jan 09 13:49:53 UTC 2011>	org.junit.Assert.fail|org.junit.Assert.failNotEquals|org.junit.Assert.assertEquals|org.junit.Assert.assertEquals|com.alibaba.json.bvt.parser.DefaultExtJSONParser_parseArray.test_8|sun.reflect.NativeMethodAccessorImpl.invoke0|sun.reflect.NativeMethodAccessorImpl.invoke|sun.reflect.DelegatingMethodAccessorImpl.invoke|java.lang.reflect.Method.invoke|junit.framework.TestCase.runTest|junit.framework.TestCase.runBare|junit.framework.TestResult$1.protect	162
c371	FT	1	com.alibaba.json.bvt.parser.JSONScannerTest_new#test_scan_new_8	PASS				117
c371	FT	2	com.alibaba.json.bvt.parser.DefaultExtJSONParser_parseArray#test_8	FAIL	java.lang.AssertionError	expected:<Sun Jan 09 05:49:53 UTC 2011> but was:<Sun Jan 09 13:49:53 UTC 2011>	org.junit.Assert.fail|org.junit.Assert.failNotEquals|org.junit.Assert.assertEquals|org.junit.Assert.assertEquals|com.alibaba.json.bvt.parser.DefaultExtJSONParser_parseArray.test_8|sun.reflect.NativeMethodAccessorImpl.invoke0|sun.reflect.NativeMethodAccessorImpl.invoke|sun.reflect.DelegatingMethodAccessorImpl.invoke|java.lang.reflect.Method.invoke|junit.framework.TestCase.runTest|junit.framework.TestCase.runBare|junit.framework.TestResult$1.protect	148
c372	FT	1	com.alibaba.json.bvt.parser.JSONScannerTest_new#test_scan_new_9	PASS				131
c372	FT	2	com.alibaba.json.bvt.parser.DefaultExtJSONParser_parseArray#test_8	FAIL	java.lang.AssertionError	expected:<Sun Jan 09 05:49:53 UTC 2011> but was:<Sun Jan 09 13:49:53 UTC 2011>	org.junit.Assert.fail|org.junit.Assert.failNotEquals|org.junit.Assert.assertEquals|org.junit.Assert.assertEquals|com.alibaba.json.bvt.parser.DefaultExtJSONParser_parseArray.test_8|sun.reflect.NativeMethodAccessorImpl.invoke0|sun.reflect.NativeMethodAccessorImpl.invoke|sun.reflect.DelegatingMethodAccessorImpl.invoke|java.lang.reflect.Method.invoke|junit.framework.TestCase.runTest|junit.framework.TestCase.runBare|junit.framework.TestResult$1.protect	159
c373	FT	1	com.alibaba.json.bvt.parser.JSONScannerTest_null#test_scan_false_14	PASS				130
c373	FT	2	com.alibaba.json.bvt.parser.DefaultExtJSONParser_parseArray#test_8	FAIL	java.lang.AssertionError	expected:<Sun Jan 09 05:49:53 UTC 2011> but was:<Sun Jan 09 13:49:53 UTC 2011>	org.junit.Assert.fail|org.junit.Assert.failNotEquals|org.junit.Assert.assertEquals|org.junit.Assert.assertEquals|com.alibaba.json.bvt.parser.DefaultExtJSONParser_parseArray.test_8|sun.reflect.NativeMethodAccessorImpl.invoke0|sun.reflect.NativeMethodAccessorImpl.invoke|sun.reflect.DelegatingMethodAccessorImpl.invoke|java.lang.reflect.Method.invoke|junit.framework.TestCase.runTest|junit.framework.TestCase.runBare|junit.framework.TestResult$1.protect	166
c374	FT	1	com.alibaba.json.bvt.parser.JSONScannerTest_null#test_scan_false_15	PASS				133
c374	FT	2	com.alibaba.json.bvt.parser.DefaultExtJSONParser_parseArray#test_8	FAIL	java.lang.AssertionError	expected:<Sun Jan 09 05:49:53 UTC 2011> but was:<Sun Jan 09 13:49:53 UTC 2011>	org.junit.Assert.fail|org.junit.Assert.failNotEquals|org.junit.Assert.assertEquals|org.junit.Assert.assertEquals|com.alibaba.json.bvt.parser.DefaultExtJSONParser_parseArray.test_8|sun.reflect.NativeMethodAccessorImpl.invoke0|sun.reflect.NativeMethodAccessorImpl.invoke|sun.reflect.DelegatingMethodAccessorImpl.invoke|java.lang.reflect.Method.invoke|junit.framework.TestCase.runTest|junit.framework.TestCase.runBare|junit.framework.TestResult$1.protect	144
c375	FT	1	com.alibaba.json.bvt.parser.JSONScannerTest_null#test_scan_null_0	PASS				133
c375	FT	2	com.alibaba.json.bvt.parser.DefaultExtJSONParser_parseArray#test_8	FAIL	java.lang.AssertionError	expected:<Sun Jan 09 05:49:53 UTC 2011> but was:<Sun Jan 09 13:49:53 UTC 2011>	org.junit.Assert.fail|org.junit.Assert.failNotEquals|org.junit.Assert.assertEquals|org.junit.Assert.assertEquals|com.alibaba.json.bvt.parser.DefaultExtJSONParser_parseArray.test_8|sun.reflect.NativeMethodAccessorImpl.invoke0|sun.reflect.NativeMethodAccessorImpl.invoke|sun.reflect.DelegatingMethodAccessorImpl.invoke|java.lang.reflect.Method.invoke|junit.framework.TestCase.runTest|junit.framework.TestCase.runBare|junit.framework.TestResult$1.protect	162
c376	FT	1	com.alibaba.json.bvt.parser.JSONScannerTest_null#test_scan_null_1	PASS				154
c376	FT	2	com.alibaba.json.bvt.parser.DefaultExtJSONParser_parseArray#test_8	FAIL	java.lang.AssertionError	expected:<Sun Jan 09 05:49:53 UTC 2011> but was:<Sun Jan 09 13:49:53 UTC 2011>	org.junit.Assert.fail|org.junit.Assert.failNotEquals|org.junit.Assert.assertEquals|org.junit.Assert.assertEquals|com.alibaba.json.bvt.parser.DefaultExtJSONParser_parseArray.test_8|sun.reflect.NativeMethodAccessorImpl.invoke0|sun.reflect.NativeMethodAccessorImpl.invoke|sun.reflect.DelegatingMethodAccessorImpl.invoke|java.lang.reflect.Method.invoke|junit.framework.TestCase.runTest|junit.framework.TestCase.runBare|junit.framework.TestResult$1.protect	155
c377	FT	1	com.alibaba.json.bvt.parser.JSONScannerTest_null#test_scan_null_10	PASS				125
c377	FT	2	com.alibaba.json.bvt.parser.DefaultExtJSONParser_parseArray#test_8	FAIL	java.lang.AssertionError	expected:<Sun Jan 09 05:49:53 UTC 2011> but was:<Sun Jan 09 13:49:53 UTC 2011>	org.junit.Assert.fail|org.junit.Assert.failNotEquals|org.junit.Assert.assertEquals|org.junit.Assert.assertEquals|com.alibaba.json.bvt.parser.DefaultExtJSONParser_parseArray.test_8|sun.reflect.NativeMethodAccessorImpl.invoke0|sun.reflect.NativeMethodAccessorImpl.invoke|sun.reflect.DelegatingMethodAccessorImpl.invoke|java.lang.reflect.Method.invoke|junit.framework.TestCase.runTest|junit.framework.TestCase.runBare|junit.framework.TestResult$1.protect	287
c378	FT	1	com.alibaba.json.bvt.parser.JSONScannerTest_null#test_scan_null_11	PASS				163
c378	FT	2	com.alibaba.json.bvt.parser.DefaultExtJSONParser_parseArray#test_8	FAIL	java.lang.AssertionError	expected:<Sun Jan 09 05:49:53 UTC 2011> but was:<Sun Jan 09 13:49:53 UTC 2011>	org.junit.Assert.fail|org.junit.Assert.failNotEquals|org.junit.Assert.assertEquals|org.junit.Assert.assertEquals|com.alibaba.json.bvt.parser.DefaultExtJSONParser_parseArray.test_8|sun.reflect.NativeMethodAccessorImpl.invoke0|sun.reflect.NativeMethodAccessorImpl.invoke|sun.reflect.DelegatingMethodAccessorImpl.invoke|java.lang.reflect.Method.invoke|junit.framework.TestCase.runTest|junit.framework.TestCase.runBare|junit.framework.TestResult$1.protect	173
c379	FT	1	com.alibaba.json.bvt.parser.JSONScannerTest_null#test_scan_null_12	PASS				137
c379	FT	2	com.alibaba.json.bvt.parser.DefaultExtJSONParser_parseArray#test_8	FAIL	java.lang.AssertionError	expected:<Sun Jan 09 05:49:53 UTC 2011> but was:<Sun Jan 09 13:49:53 UTC 2011>	org.junit.Assert.fail|org.junit.Assert.failNotEquals|org.junit.Assert.assertEquals|org.junit.Assert.assertEquals|com.alibaba.json.bvt.parser.DefaultExtJSONParser_parseArray.test_8|sun.reflect.NativeMethodAccessorImpl.invoke0|sun.reflect.NativeMethodAccessorImpl.invoke|sun.reflect.DelegatingMethodAccessorImpl.invoke|java.lang.reflect.Method.invoke|junit.framework.TestCase.runTest|junit.framework.TestCase.runBare|junit.framework.TestResult$1.protect	179
c380	FT	1	com.alibaba.json.bvt.parser.JSONScannerTest_null#test_scan_null_13	PASS				135
c380	FT	2	com.alibaba.json.bvt.parser.DefaultExtJSONParser_parseArray#test_8	FAIL	java.lang.AssertionError	expected:<Sun Jan 09 05:49:53 UTC 2011> but was:<Sun Jan 09 13:49:53 UTC 2011>	org.junit.Assert.fail|org.junit.Assert.failNotEquals|org.junit.Assert.assertEquals|org.junit.Assert.assertEquals|com.alibaba.json.bvt.parser.DefaultExtJSONParser_parseArray.test_8|sun.reflect.NativeMethodAccessorImpl.invoke0|sun.reflect.NativeMethodAccessorImpl.invoke|sun.reflect.DelegatingMethodAccessorImpl.invoke|java.lang.reflect.Method.invoke|junit.framework.TestCase.runTest|junit.framework.TestCase.runBare|junit.framework.TestResult$1.protect	152
c381	FT	1	com.alibaba.json.bvt.parser.JSONScannerTest_null#test_scan_null_2	PASS				128
c381	FT	2	com.alibaba.json.bvt.parser.DefaultExtJSONParser_parseArray#test_8	FAIL	java.lang.AssertionError	expected:<Sun Jan 09 05:49:53 UTC 2011> but was:<Sun Jan 09 13:49:53 UTC 2011>	org.junit.Assert.fail|org.junit.Assert.failNotEquals|org.junit.Assert.assertEquals|org.junit.Assert.assertEquals|com.alibaba.json.bvt.parser.DefaultExtJSONParser_parseArray.test_8|sun.reflect.NativeMethodAccessorImpl.invoke0|sun.reflect.NativeMethodAccessorImpl.invoke|sun.reflect.DelegatingMethodAccessorImpl.invoke|java.lang.reflect.Method.invoke|junit.framework.TestCase.runTest|junit.framework.TestCase.runBare|junit.framework.TestResult$1.protect	157
c382	FT	1	com.alibaba.json.bvt.parser.JSONScannerTest_null#test_scan_null_3	PASS				131
c382	FT	2	com.alibaba.json.bvt.parser.DefaultExtJSONParser_parseArray#test_8	FAIL	java.lang.AssertionError	expected:<Sun Jan 09 05:49:53 UTC 2011> but was:<Sun Jan 09 13:49:53 UTC 2011>	org.junit.Assert.fail|org.junit.Assert.failNotEquals|org.junit.Assert.assertEquals|org.junit.Assert.assertEquals|com.alibaba.json.bvt.parser.DefaultExtJSONParser_parseArray.test_8|sun.reflect.NativeMethodAccessorImpl.invoke0|sun.reflect.NativeMethodAccessorImpl.invoke|sun.reflect.DelegatingMethodAccessorImpl.invoke|java.lang.reflect.Method.invoke|junit.framework.TestCase.runTest|junit.framework.TestCase.runBare|junit.framework.TestResult$1.protect	155
c383	FT	1	com.alibaba.json.bvt.parser.JSONScannerTest_null#test_scan_null_4	PASS				136
c383	FT	2	com.alibaba.json.bvt.parser.DefaultExtJSONParser_parseArray#test_8	FAIL	java.lang.AssertionError	expected:<Sun Jan 09 05:49:53 UTC 2011> but was:<Sun Jan 09 13:49:53 UTC 2011>	org.junit.Assert.fail|org.junit.Assert.failNotEquals|org.junit.Assert.assertEquals|org.junit.Assert.assertEquals|com.alibaba.json.bvt.parser.DefaultExtJSONParser_parseArray.test_8|sun.reflect.NativeMethodAccessorImpl.invoke0|sun.reflect.NativeMethodAccessorImpl.invoke|sun.reflect.DelegatingMethodAccessorImpl.invoke|java.lang.reflect.Method.invoke|junit.framework.TestCase.runTest|junit.framework.TestCase.runBare|junit.framework.TestResult$1.protect	147
c384	FT	1	com.alibaba.json.bvt.parser.JSONScannerTest_null#test_scan_null_5	PASS				132
c384	FT	2	com.alibaba.json.bvt.parser.DefaultExtJSONParser_parseArray#test_8	FAIL	java.lang.AssertionError	expected:<Sun Jan 09 05:49:53 UTC 2011> but was:<Sun Jan 09 13:49:53 UTC 2011>	org.junit.Assert.fail|org.junit.Assert.failNotEquals|org.junit.Assert.assertEquals|org.junit.Assert.assertEquals|com.alibaba.json.bvt.parser.DefaultExtJSONParser_parseArray.test_8|sun.reflect.NativeMethodAccessorImpl.invoke0|sun.reflect.NativeMethodAccessorImpl.invoke|sun.reflect.DelegatingMethodAccessorImpl.invoke|java.lang.reflect.Method.invoke|junit.framework.TestCase.runTest|junit.framework.TestCase.runBare|junit.framework.TestResult$1.protect	158
c385	FT	1	com.alibaba.json.bvt.parser.JSONScannerTest_null#test_scan_null_6	PASS				143
c385	FT	2	com.alibaba.json.bvt.parser.DefaultExtJSONParser_parseArray#test_8	FAIL	java.lang.AssertionError	expected:<Sun Jan 09 05:49:53 UTC 2011> but was:<Sun Jan 09 13:49:53 UTC 2011>	org.junit.Assert.fail|org.junit.Assert.failNotEquals|org.junit.Assert.assertEquals|org.junit.Assert.assertEquals|com.alibaba.json.bvt.parser.DefaultExtJSONParser_parseArray.test_8|sun.reflect.NativeMethodAccessorImpl.invoke0|sun.reflect.NativeMethodAccessorImpl.invoke|sun.reflect.DelegatingMethodAccessorImpl.invoke|java.lang.reflect.Method.invoke|junit.framework.TestCase.runTest|junit.framework.TestCase.runBare|junit.framework.TestResult$1.protect	176
c386	FT	1	com.alibaba.json.bvt.parser.JSONScannerTest_null#test_scan_null_7	PASS				129
c386	FT	2	com.alibaba.json.bvt.parser.DefaultExtJSONParser_parseArray#test_8	FAIL	java.lang.AssertionError	expected:<Sun Jan 09 05:49:53 UTC 2011> but was:<Sun Jan 09 13:49:53 UTC 2011>	org.junit.Assert.fail|org.junit.Assert.failNotEquals|org.junit.Assert.assertEquals|org.junit.Assert.assertEquals|com.alibaba.json.bvt.parser.DefaultExtJSONParser_parseArray.test_8|sun.reflect.NativeMethodAccessorImpl.invoke0|sun.reflect.NativeMethodAccessorImpl.invoke|sun.reflect.DelegatingMethodAccessorImpl.invoke|java.lang.reflect.Method.invoke|junit.framework.TestCase.runTest|junit.framework.TestCase.runBare|junit.framework.TestResult$1.protect	160
c387	FT	1	com.alibaba.json.bvt.parser.JSONScannerTest_null#test_scan_null_8	PASS				163
c387	FT	2	com.alibaba.json.bvt.parser.DefaultExtJSONParser_parseArray#test_8	FAIL	java.lang.AssertionError	expected:<Sun Jan 09 05:49:53 UTC 2011> but was:<Sun Jan 09 13:49:53 UTC 2011>	org.junit.Assert.fail|org.junit.Assert.failNotEquals|org.junit.Assert.assertEquals|org.junit.Assert.assertEquals|com.alibaba.json.bvt.parser.DefaultExtJSONParser_parseArray.test_8|sun.reflect.NativeMethodAccessorImpl.invoke0|sun.reflect.NativeMethodAccessorImpl.invoke|sun.reflect.DelegatingMethodAccessorImpl.invoke|java.lang.reflect.Method.invoke|junit.framework.TestCase.runTest|junit.framework.TestCase.runBare|junit.framework.TestResult$1.protect	223
c388	FT	1	com.alibaba.json.bvt.parser.JSONScannerTest_null#test_scan_null_9	PASS				169
c388	FT	2	com.alibaba.json.bvt.parser.DefaultExtJSONParser_parseArray#test_8	FAIL	java.lang.AssertionError	expected:<Sun Jan 09 05:49:53 UTC 2011> but was:<Sun Jan 09 13:49:53 UTC 2011>	org.junit.Assert.fail|org.junit.Assert.failNotEquals|org.junit.Assert.assertEquals|org.junit.Assert.assertEquals|com.alibaba.json.bvt.parser.DefaultExtJSONParser_parseArray.test_8|sun.reflect.NativeMethodAccessorImpl.invoke0|sun.reflect.NativeMethodAccessorImpl.invoke|sun.reflect.DelegatingMethodAccessorImpl.invoke|java.lang.reflect.Method.invoke|junit.framework.TestCase.runTest|junit.framework.TestCase.runBare|junit.framework.TestResult$1.protect	203
c389	FT	1	com.alibaba.json.bvt.parser.JSONScannerTest_scanFieldBoolean#test_1	PASS				320
c389	FT	2	com.alibaba.json.bvt.parser.DefaultExtJSONParser_parseArray#test_8	FAIL	java.lang.AssertionError	expected:<Sun Jan 09 05:49:53 UTC 2011> but was:<Sun Jan 09 13:49:53 UTC 2011>	org.junit.Assert.fail|org.junit.Assert.failNotEquals|org.junit.Assert.assertEquals|org.junit.Assert.assertEquals|com.alibaba.json.bvt.parser.DefaultExtJSONParser_parseArray.test_8|sun.reflect.NativeMethodAccessorImpl.invoke0|sun.reflect.NativeMethodAccessorImpl.invoke|sun.reflect.DelegatingMethodAccessorImpl.invoke|java.lang.reflect.Method.invoke|junit.framework.TestCase.runTest|junit.framework.TestCase.runBare|junit.framework.TestResult$1.protect	25
c390	FT	1	com.alibaba.json.bvt.parser.JSONScannerTest_scanFieldBoolean#test_2	PASS				385
c390	FT	2	com.alibaba.json.bvt.parser.DefaultExtJSONParser_parseArray#test_8	FAIL	java.lang.AssertionError	expected:<Sun Jan 09 05:49:53 UTC 2011> but was:<Sun Jan 09 13:49:53 UTC 2011>	org.junit.Assert.fail|org.junit.Assert.failNotEquals|org.junit.Assert.assertEquals|org.junit.Assert.assertEquals|com.alibaba.json.bvt.parser.DefaultExtJSONParser_parseArray.test_8|sun.reflect.NativeMethodAccessorImpl.invoke0|sun.reflect.NativeMethodAccessorImpl.invoke|sun.reflect.DelegatingMethodAccessorImpl.invoke|java.lang.reflect.Method.invoke|junit.framework.TestCase.runTest|junit.framework.TestCase.runBare|junit.framework.TestResult$1.protect	21
c391	FT	1	com.alibaba.json.bvt.parser.JSONScannerTest_scanFieldBoolean#test_3	PASS				-756
c391	FT	2	com.alibaba.json.bvt.parser.DefaultExtJSONParser_parseArray#test_8	FAIL	java.lang.AssertionError	expected:<Sun Jan 09 05:49:53 UTC 2011> but was:<Sun Jan 09 13:49:53 UTC 2011>	org.junit.Assert.fail|org.junit.Assert.failNotEquals|org.junit.Assert.assertEquals|org.junit.Assert.assertEquals|com.alibaba.json.bvt.parser.DefaultExtJSONParser_parseArray.test_8|sun.reflect.NativeMethodAccessorImpl.invoke0|sun.reflect.NativeMethodAccessorImpl.invoke|sun.reflect.DelegatingMethodAccessorImpl.invoke|java.lang.reflect.Method.invoke|junit.framework.TestCase.runTest|junit.framework.TestCase.runBare|junit.framework.TestResult$1.protect	21
c392	FT	1	com.alibaba.json.bvt.parser.JSONScannerTest_scanFieldBoolean#test_5	PASS				331
c392	FT	2	com.alibaba.json.bvt.parser.DefaultExtJSONParser_parseArray#test_8	FAIL	java.lang.AssertionError	expected:<Sun Jan 09 05:49:53 UTC 2011> but was:<Sun Jan 09 13:49:53 UTC 2011>	org.junit.Assert.fail|org.junit.Assert.failNotEquals|org.junit.Assert.assertEquals|org.junit.Assert.assertEquals|com.alibaba.json.bvt.parser.DefaultExtJSONParser_parseArray.test_8|sun.reflect.NativeMethodAccessorImpl.invoke0|sun.reflect.NativeMethodAccessorImpl.invoke|sun.reflect.DelegatingMethodAccessorImpl.invoke|java.lang.reflect.Method.invoke|junit.framework.TestCase.runTest|junit.framework.TestCase.runBare|junit.framework.TestResult$1.protect	24
c393	FT	1	com.alibaba.json.bvt.parser.JSONScannerTest_scanFieldBoolean#test_error_0	PASS				424
c393	FT	2	com.alibaba.json.bvt.parser.DefaultExtJSONParser_parseArray#test_8	FAIL	java.lang.AssertionError	expected:<Sun Jan 09 05:49:53 UTC 2011> but was:<Sun Jan 09 13:49:53 UTC 2011>	org.junit.Assert.fail|org.junit.Assert.failNotEquals|org.junit.Assert.assertEquals|org.junit.Assert.assertEquals|com.alibaba.json.bvt.parser.DefaultExtJSONParser_parseArray.test_8|sun.reflect.NativeMethodAccessorImpl.invoke0|sun.reflect.NativeMethodAccessorImpl.invoke|sun.reflect.DelegatingMethodAccessorImpl.invoke|java.lang.reflect.Method.invoke|junit.framework.TestCase.runTest|junit.framework.TestCase.runBare|junit.framework.TestResult$1.protect	28
c394	FT	1	com.alibaba.json.bvt.parser.JSONScannerTest_scanFieldBoolean#test_error_1	PASS				517
c394	FT	2	com.alibaba.json.bvt.parser.DefaultExtJSONParser_parseArray#test_8	FAIL	java.lang.AssertionError	expected:<Sun Jan 09 05:49:53 UTC 2011> but was:<Sun Jan 09 13:49:53 UTC 2011>	org.junit.Assert.fail|org.junit.Assert.failNotEquals|org.junit.Assert.assertEquals|org.junit.Assert.assertEquals|com.alibaba.json.bvt.parser.DefaultExtJSONParser_parseArray.test_8|sun.reflect.NativeMethodAccessorImpl.invoke0|sun.reflect.NativeMethodAccessorImpl.invoke|sun.reflect.DelegatingMethodAccessorImpl.invoke|java.lang.reflect.Method.invoke|junit.framework.TestCase.runTest|junit.framework.TestCase.runBare|junit.framework.TestResult$1.protect	45
c395	FT	1	com.alibaba.json.bvt.parser.JSONScannerTest_scanFieldBoolean#test_error_10	PASS				471
c395	FT	2	com.alibaba.json.bvt.parser.DefaultExtJSONParser_parseArray#test_8	FAIL	java.lang.AssertionError	expected:<Sun Jan 09 05:49:53 UTC 2011> but was:<Sun Jan 09 13:49:53 UTC 2011>	org.junit.Assert.fail|org.junit.Assert.failNotEquals|org.junit.Assert.assertEquals|org.junit.Assert.assertEquals|com.alibaba.json.bvt.parser.DefaultExtJSONParser_parseArray.test_8|sun.reflect.NativeMethodAccessorImpl.invoke0|sun.reflect.NativeMethodAccessorImpl.invoke|sun.reflect.DelegatingMethodAccessorImpl.invoke|java.lang.reflect.Method.invoke|junit.framework.TestCase.runTest|junit.framework.TestCase.runBare|junit.framework.TestResult$1.protect	23
c396	FT	1	com.alibaba.json.bvt.parser.JSONScannerTest_scanFieldBoolean#test_error_11	PASS				421
c396	FT	2	com.alibaba.json.bvt.parser.DefaultExtJSONParser_parseArray#test_8	FAIL	java.lang.AssertionError	expected:<Sun Jan 09 05:49:53 UTC 2011> but was:<Sun Jan 09 13:49:53 UTC 2011>	org.junit.Assert.fail|org.junit.Assert.failNotEquals|org.junit.Assert.assertEquals|org.junit.Assert.assertEquals|com.alibaba.json.bvt.parser.DefaultExtJSONParser_parseArray.test_8|sun.reflect.NativeMethodAccessorImpl.invoke0|sun.reflect.NativeMethodAccessorImpl.invoke|sun.reflect.DelegatingMethodAccessorImpl.invoke|java.lang.reflect.Method.invoke|junit.framework.TestCase.runTest|junit.framework.TestCase.runBare|junit.framework.TestResult$1.protect	30
c397	FT	1	com.alibaba.json.bvt.parser.JSONScannerTest_scanFieldBoolean#test_error_12	PASS				438
c397	FT	2	com.alibaba.json.bvt.parser.DefaultExtJSONParser_parseArray#test_8	FAIL	java.lang.AssertionError	expected:<Sun Jan 09 05:49:53 UTC 2011> but was:<Sun Jan 09 13:49:53 UTC 2011>	org.junit.Assert.fail|org.junit.Assert.failNotEquals|org.junit.Assert.assertEquals|org.junit.Assert.assertEquals|com.alibaba.json.bvt.parser.DefaultExtJSONParser_parseArray.test_8|sun.reflect.NativeMethodAccessorImpl.invoke0|sun.reflect.NativeMethodAccessorImpl.invoke|sun.reflect.DelegatingMethodAccessorImpl.invoke|java.lang.reflect.Method.invoke|junit.framework.TestCase.runTest|junit.framework.TestCase.runBare|junit.framework.TestResult$1.protect	30
c398	FT	1	com.alibaba.json.bvt.parser.JSONScannerTest_scanFieldBoolean#test_error_13	PASS				454
c398	FT	2	com.alibaba.json.bvt.parser.DefaultExtJSONParser_parseArray#test_8	FAIL	java.lang.AssertionError	expected:<Sun Jan 09 05:49:53 UTC 2011> but was:<Sun Jan 09 13:49:53 UTC 2011>	org.junit.Assert.fail|org.junit.Assert.failNotEquals|org.junit.Assert.assertEquals|org.junit.Assert.assertEquals|com.alibaba.json.bvt.parser.DefaultExtJSONParser_parseArray.test_8|sun.reflect.NativeMethodAccessorImpl.invoke0|sun.reflect.NativeMethodAccessorImpl.invoke|sun.reflect.DelegatingMethodAccessorImpl.invoke|java.lang.reflect.Method.invoke|junit.framework.TestCase.runTest|junit.framework.TestCase.runBare|junit.framework.TestResult$1.protect	25
c399	FT	1	com.alibaba.json.bvt.parser.JSONScannerTest_scanFieldBoolean#test_error_2	PASS				481
c399	FT	2	com.alibaba.json.bvt.parser.DefaultExtJSONParser_parseArray#test_8	FAIL	java.lang.AssertionError	expected:<Sun Jan 09 05:49:53 UTC 2011> but was:<Sun Jan 09 13:49:53 UTC 2011>	org.junit.Assert.fail|org.junit.Assert.failNotEquals|org.junit.Assert.assertEquals|org.junit.Assert.assertEquals|com.alibaba.json.bvt.parser.DefaultExtJSONParser_parseArray.test_8|sun.reflect.NativeMethodAccessorImpl.invoke0|sun.reflect.NativeMethodAccessorImpl.invoke|sun.reflect.DelegatingMethodAccessorImpl.invoke|java.lang.reflect.Method.invoke|junit.framework.TestCase.runTest|junit.framework.TestCase.runBare|junit.framework.TestResult$1.protect	26
c400	FT	1	com.alibaba.json.bvt.parser.JSONScannerTest_scanFieldBoolean#test_error_3	PASS				440
c400	FT	2	com.alibaba.json.bvt.parser.DefaultExtJSONParser_parseArray#test_8	FAIL	java.lang.AssertionError	expected:<Sun Jan 09 05:49:53 UTC 2011> but was:<Sun Jan 09 13:49:53 UTC 2011>	org.junit.Assert.fail|org.junit.Assert.failNotEquals|org.junit.Assert.assertEquals|org.junit.Assert.assertEquals|com.alibaba.json.bvt.parser.DefaultExtJSONParser_parseArray.test_8|sun.reflect.NativeMethodAccessorImpl.invoke0|sun.reflect.NativeMethodAccessorImpl.invoke|sun.reflect.DelegatingMethodAccessorImpl.invoke|java.lang.reflect.Method.invoke|junit.framework.TestCase.runTest|junit.framework.TestCase.runBare|junit.framework.TestResult$1.protect	30
c401	FT	1	com.alibaba.json.bvt.parser.JSONScannerTest_scanFieldBoolean#test_error_4	PASS				398
c401	FT	2	com.alibaba.json.bvt.parser.DefaultExtJSONParser_parseArray#test_8	FAIL	java.lang.AssertionError	expected:<Sun Jan 09 05:49:53 UTC 2011> but was:<Sun Jan 09 13:49:53 UTC 2011>	org.junit.Assert.fail|org.junit.Assert.failNotEquals|org.junit.Assert.assertEquals|org.junit.Assert.assertEquals|com.alibaba.json.bvt.parser.DefaultExtJSONParser_parseArray.test_8|sun.reflect.NativeMethodAccessorImpl.invoke0|sun.reflect.NativeMethodAccessorImpl.invoke|sun.reflect.DelegatingMethodAccessorImpl.invoke|java.lang.reflect.Method.invoke|junit.framework.TestCase.runTest|junit.framework.TestCase.runBare|junit.framework.TestResult$1.protect	20
c402	FT	1	com.alibaba.json.bvt.parser.JSONScannerTest_scanFieldBoolean#test_error_5	PASS				339
c402	FT	2	com.alibaba.json.bvt.parser.DefaultExtJSONParser_parseArray#test_8	FAIL	java.lang.AssertionError	expected:<Sun Jan 09 05:49:53 UTC 2011> but was:<Sun Jan 09 13:49:53 UTC 2011>	org.junit.Assert.fail|org.junit.Assert.failNotEquals|org.junit.Assert.assertEquals|org.junit.Assert.assertEquals|com.alibaba.json.bvt.parser.DefaultExtJSONParser_parseArray.test_8|sun.reflect.NativeMethodAccessorImpl.invoke0|sun.reflect.NativeMethodAccessorImpl.invoke|sun.reflect.DelegatingMethodAccessorImpl.invoke|java.lang.reflect.Method.invoke|junit.framework.TestCase.runTest|junit.framework.TestCase.runBare|junit.framework.TestResult$1.protect	20
c403	FT	1	com.alibaba.json.bvt.parser.JSONScannerTest_scanFieldBoolean#test_error_6	PASS				319
c403	FT	2	com.alibaba.json.bvt.parser.DefaultExtJSONParser_parseArray#test_8	FAIL	java.lang.AssertionError	expected:<Sun Jan 09 05:49:53 UTC 2011> but was:<Sun Jan 09 13:49:53 UTC 2011>	org.junit.Assert.fail|org.junit.Assert.failNotEquals|org.junit.Assert.assertEquals|org.junit.Assert.assertEquals|com.alibaba.json.bvt.parser.DefaultExtJSONParser_parseArray.test_8|sun.reflect.NativeMethodAccessorImpl.invoke0|sun.reflect.NativeMethodAccessorImpl.invoke|sun.reflect.DelegatingMethodAccessorImpl.invoke|java.lang.reflect.Method.invoke|junit.framework.TestCase.runTest|junit.framework.TestCase.runBare|junit.framework.TestResult$1.protect	21
c404	FT	1	com.alibaba.json.bvt.parser.JSONScannerTest_scanFieldBoolean#test_error_7	PASS				493
c404	FT	2	com.alibaba.json.bvt.parser.DefaultExtJSONParser_parseArray#test_8	FAIL	java.lang.AssertionError	expected:<Sun Jan 09 05:49:53 UTC 2011> but was:<Sun Jan 09 13:49:53 UTC 2011>	org.junit.Assert.fail|org.junit.Assert.failNotEquals|org.junit.Assert.assertEquals|org.junit.Assert.assertEquals|com.alibaba.json.bvt.parser.DefaultExtJSONParser_parseArray.test_8|sun.reflect.NativeMethodAccessorImpl.invoke0|sun.reflect.NativeMethodAccessorImpl.invoke|sun.reflect.DelegatingMethodAccessorImpl.invoke|java.lang.reflect.Method.invoke|junit.framework.TestCase.runTest|junit.framework.TestCase.runBare|junit.framework.TestResult$1.protect	28
c405	FT	1	com.alibaba.json.bvt.parser.JSONScannerTest_scanFieldBoolean#test_error_8	PASS				508
c405	FT	2	com.alibaba.json.bvt.parser.DefaultExtJSONParser_parseArray#test_8	FAIL	java.lang.AssertionError	expected:<Sun Jan 09 05:49:53 UTC 2011> but was:<Sun Jan 09 13:49:53 UTC 2011>	org.junit.Assert.fail|org.junit.Assert.failNotEquals|org.junit.Assert.assertEquals|org.junit.Assert.assertEquals|com.alibaba.json.bvt.parser.DefaultExtJSONParser_parseArray.test_8|sun.reflect.NativeMethodAccessorImpl.invoke0|sun.reflect.NativeMethodAccessorImpl.invoke|sun.reflect.DelegatingMethodAccessorImpl.invoke|java.lang.reflect.Method.invoke|junit.framework.TestCase.runTest|junit.framework.TestCase.runBare|junit.framework.TestResult$1.protect	34
c406	FT	1	com.alibaba.json.bvt.parser.JSONScannerTest_scanFieldBoolean#test_error_9	PASS				518
c406	FT	2	com.alibaba.json.bvt.parser.DefaultExtJSONParser_parseArray#test_8	FAIL	java.lang.AssertionError	expected:<Sun Jan 09 05:49:53 UTC 2011> but was:<Sun Jan 09 13:49:53 UTC 2011>	org.junit.Assert.fail|org.junit.Assert.failNotEquals|org.junit.Assert.assertEquals|org.junit.Assert.assertEquals|com.alibaba.json.bvt.parser.DefaultExtJSONParser_parseArray.test_8|sun.reflect.NativeMethodAccessorImpl.invoke0|sun.reflect.NativeMethodAccessorImpl.invoke|sun.reflect.DelegatingMethodAccessorImpl.invoke|java.lang.reflect.Method.invoke|junit.framework.TestCase.runTest|junit.framework.TestCase.runBare|junit.framework.TestResult$1.protect	29
c407	FT	1	com.alibaba.json.bvt.parser.JSONScannerTest_scanFieldBoolean#test_false	PASS				356
c407	FT	2	com.alibaba.json.bvt.parser.DefaultExtJSONParser_parseArray#test_8	FAIL	java.lang.AssertionError	expected:<Sun Jan 09 05:49:53 UTC 2011> but was:<Sun Jan 09 13:49:53 UTC 2011>	org.junit.Assert.fail|org.junit.Assert.failNotEquals|org.junit.Assert.assertEquals|org.junit.Assert.assertEquals|com.alibaba.json.bvt.parser.DefaultExtJSONParser_parseArray.test_8|sun.reflect.NativeMethodAccessorImpl.invoke0|sun.reflect.NativeMethodAccessorImpl.invoke|sun.reflect.DelegatingMethodAccessorImpl.invoke|java.lang.reflect.Method.invoke|junit.framework.TestCase.runTest|junit.framework.TestCase.runBare|junit.framework.TestResult$1.protect	20
c408	FT	1	com.alibaba.json.bvt.parser.JSONScannerTest_scanFieldBoolean#test_true	PASS				318
c408	FT	2	com.alibaba.json.bvt.parser.DefaultExtJSONParser_parseArray#test_8	FAIL	java.lang.AssertionError	expected:<Sun Jan 09 05:49:53 UTC 2011> but was:<Sun Jan 09 13:49:53 UTC 2011>	org.junit.Assert.fail|org.junit.Assert.failNotEquals|org.junit.Assert.assertEquals|org.junit.Assert.assertEquals|com.alibaba.json.bvt.parser.DefaultExtJSONParser_parseArray.test_8|sun.reflect.NativeMethodAccessorImpl.invoke0|sun.reflect.NativeMethodAccessorImpl.invoke|sun.reflect.DelegatingMethodAccessorImpl.invoke|java.lang.reflect.Method.invoke|junit.framework.TestCase.runTest|junit.framework.TestCase.runBare|junit.framework.TestResult$1.protect	19
c409	FT	1	com.alibaba.json.bvt.parser.JSONScannerTest_scanFieldBoolean_unquote#test_4	PASS				341
c409	FT	2	com.alibaba.json.bvt.parser.DefaultExtJSONParser_parseArray#test_8	FAIL	java.lang.AssertionError	expected:<Sun Jan 09 05:49:53 UTC 2011> but was:<Sun Jan 09 13:49:53 UTC 2011>	org.junit.Assert.fail|org.junit.Assert.failNotEquals|org.junit.Assert.assertEquals|org.junit.Assert.assertEquals|com.alibaba.json.bvt.parser.DefaultExtJSONParser_parseArray.test_8|sun.reflect.NativeMethodAccessorImpl.invoke0|sun.reflect.NativeMethodAccessorImpl.invoke|sun.reflect.DelegatingMethodAccessorImpl.invoke|java.lang.reflect.Method.invoke|junit.framework.TestCase.runTest|junit.framework.TestCase.runBare|junit.framework.TestResult$1.protect	19
c410	FT	1	com.alibaba.json.bvt.parser.JSONScannerTest_scanFieldDouble#test_0	PASS				348
c410	FT	2	com.alibaba.json.bvt.parser.DefaultExtJSONParser_parseArray#test_8	FAIL	java.lang.AssertionError	expected:<Sun Jan 09 05:49:53 UTC 2011> but was:<Sun Jan 09 13:49:53 UTC 2011>	org.junit.Assert.fail|org.junit.Assert.failNotEquals|org.junit.Assert.assertEquals|org.junit.Assert.assertEquals|com.alibaba.json.bvt.parser.DefaultExtJSONParser_parseArray.test_8|sun.reflect.NativeMethodAccessorImpl.invoke0|sun.reflect.NativeMethodAccessorImpl.invoke|sun.reflect.DelegatingMethodAccessorImpl.invoke|java.lang.reflect.Method.invoke|junit.framework.TestCase.runTest|junit.framework.TestCase.runBare|junit.framework.TestResult$1.protect	21
c411	FT	1	com.alibaba.json.bvt.parser.JSONScannerTest_scanFieldDouble#test_1	PASS				295
c411	FT	2	com.alibaba.json.bvt.parser.DefaultExtJSONParser_parseArray#test_8	FAIL	java.lang.AssertionError	expected:<Sun Jan 09 05:49:53 UTC 2011> but was:<Sun Jan 09 13:49:53 UTC 2011>	org.junit.Assert.fail|org.junit.Assert.failNotEquals|org.junit.Assert.assertEquals|org.junit.Assert.assertEquals|com.alibaba.json.bvt.parser.DefaultExtJSONParser_parseArray.test_8|sun.reflect.NativeMethodAccessorImpl.invoke0|sun.reflect.NativeMethodAccessorImpl.invoke|sun.reflect.DelegatingMethodAccessorImpl.invoke|java.lang.reflect.Method.invoke|junit.framework.TestCase.runTest|junit.framework.TestCase.runBare|junit.framework.TestResult$1.protect	17
c412	FT	1	com.alibaba.json.bvt.parser.JSONScannerTest_scanFieldDouble#test_2	PASS				294
c412	FT	2	com.alibaba.json.bvt.parser.DefaultExtJSONParser_parseArray#test_8	FAIL	java.lang.AssertionError	expected:<Sun Jan 09 05:49:53 UTC 2011> but was:<Sun Jan 09 13:49:53 UTC 2011>	org.junit.Assert.fail|org.junit.Assert.failNotEquals|org.junit.Assert.assertEquals|org.junit.Assert.assertEquals|com.alibaba.json.bvt.parser.DefaultExtJSONParser_parseArray.test_8|sun.reflect.NativeMethodAccessorImpl.invoke0|sun.reflect.NativeMethodAccessorImpl.invoke|sun.reflect.DelegatingMethodAccessorImpl.invoke|java.lang.reflect.Method.invoke|junit.framework.TestCase.runTest|junit.framework.TestCase.runBare|junit.framework.TestResult$1.protect	18
c413	FT	1	com.alibaba.json.bvt.parser.JSONScannerTest_scanFieldDouble#test_3	PASS				327
c413	FT	2	com.alibaba.json.bvt.parser.DefaultExtJSONParser_parseArray#test_8	FAIL	java.lang.AssertionError	expected:<Sun Jan 09 05:49:53 UTC 2011> but was:<Sun Jan 09 13:49:53 UTC 2011>	org.junit.Assert.fail|org.junit.Assert.failNotEquals|org.junit.Assert.assertEquals|org.junit.Assert.assertEquals|com.alibaba.json.bvt.parser.DefaultExtJSONParser_parseArray.test_8|sun.reflect.NativeMethodAccessorImpl.invoke0|sun.reflect.NativeMethodAccessorImpl.invoke|sun.reflect.DelegatingMethodAccessorImpl.invoke|java.lang.reflect.Method.invoke|junit.framework.TestCase.runTest|junit.framework.TestCase.runBare|junit.framework.TestResult$1.protect	17
c414	FT	1	com.alibaba.json.bvt.parser.JSONScannerTest_scanFieldDouble#test_4	PASS				292
c414	FT	2	com.alibaba.json.bvt.parser.DefaultExtJSONParser_parseArray#test_8	FAIL	java.lang.AssertionError	expected:<Sun Jan 09 05:49:53 UTC 2011> but was:<Sun Jan 09 13:49:53 UTC 2011>	org.junit.Assert.fail|org.junit.Assert.failNotEquals|org.junit.Assert.assertEquals|org.junit.Assert.assertEquals|com.alibaba.json.bvt.parser.DefaultExtJSONParser_parseArray.test_8|sun.reflect.NativeMethodAccessorImpl.invoke0|sun.reflect.NativeMethodAccessorImpl.invoke|sun.reflect.DelegatingMethodAccessorImpl.invoke|java.lang.reflect.Method.invoke|junit.framework.TestCase.runTest|junit.framework.TestCase.runBare|junit.framework.TestResult$1.protect	17
c415	FT	1	com.alibaba.json.bvt.parser.JSONScannerTest_scanFieldDouble#test_5	PASS				295
c415	FT	2	com.alibaba.json.bvt.parser.DefaultExtJSONParser_parseArray#test_8	FAIL	java.lang.AssertionError	expected:<Sun Jan 09 05:49:53 UTC 2011> but was:<Sun Jan 09 13:49:53 UTC 2011>	org.junit.Assert.fail|org.junit.Assert.failNotEquals|org.junit.Assert.assertEquals|org.junit.Assert.assertEquals|com.alibaba.json.bvt.parser.DefaultExtJSONParser_parseArray.test_8|sun.reflect.NativeMethodAccessorImpl.invoke0|sun.reflect.NativeMethodAccessorImpl.invoke|sun.reflect.DelegatingMethodAccessorImpl.invoke|java.lang.reflect.Method.invoke|junit.framework.TestCase.runTest|junit.framework.TestCase.runBare|junit.framework.TestResult$1.protect	19
c416	FT	1	com.alibaba.json.bvt.parser.JSONScannerTest_scanFieldDouble#test_error_10	PASS				406
c416	FT	2	com.alibaba.json.bvt.parser.DefaultExtJSONParser_parseArray#test_8	FAIL	java.lang.AssertionError	expected:<Sun Jan 09 05:49:53 UTC 2011> but was:<Sun Jan 09 13:49:53 UTC 2011>	org.junit.Assert.fail|org.junit.Assert.failNotEquals|org.junit.Assert.assertEquals|org.junit.Assert.assertEquals|com.alibaba.json.bvt.parser.DefaultExtJSONParser_parseArray.test_8|sun.reflect.NativeMethodAccessorImpl.invoke0|sun.reflect.NativeMethodAccessorImpl.invoke|sun.reflect.DelegatingMethodAccessorImpl.invoke|java.lang.reflect.Method.invoke|junit.framework.TestCase.runTest|junit.framework.TestCase.runBare|junit.framework.TestResult$1.protect	25
c417	FT	1	com.alibaba.json.bvt.parser.JSONScannerTest_scanFieldDouble#test_error_11	PASS				361
c417	FT	2	com.alibaba.json.bvt.parser.DefaultExtJSONParser_parseArray#test_8	FAIL	java.lang.AssertionError	expected:<Sun Jan 09 05:49:53 UTC 2011> but was:<Sun Jan 09 13:49:53 UTC 2011>	org.junit.Assert.fail|org.junit.Assert.failNotEquals|org.junit.Assert.assertEquals|org.junit.Assert.assertEquals|com.alibaba.json.bvt.parser.DefaultExtJSONParser_parseArray.test_8|sun.reflect.NativeMethodAccessorImpl.invoke0|sun.reflect.NativeMethodAccessorImpl.invoke|sun.reflect.DelegatingMethodAccessorImpl.invoke|java.lang.reflect.Method.invoke|junit.framework.TestCase.runTest|junit.framework.TestCase.runBare|junit.framework.TestResult$1.protect	28
c418	FT	1	com.alibaba.json.bvt.parser.JSONScannerTest_scanFieldDouble#test_error_2	PASS				312
c418	FT	2	com.alibaba.json.bvt.parser.DefaultExtJSONParser_parseArray#test_8	FAIL	java.lang.AssertionError	expected:<Sun Jan 09 05:49:53 UTC 2011> but was:<Sun Jan 09 13:49:53 UTC 2011>	org.junit.Assert.fail|org.junit.Assert.failNotEquals|org.junit.Assert.assertEquals|org.junit.Assert.assertEquals|com.alibaba.json.bvt.parser.DefaultExtJSONParser_parseArray.test_8|sun.reflect.NativeMethodAccessorImpl.invoke0|sun.reflect.NativeMethodAccessorImpl.invoke|sun.reflect.DelegatingMethodAccessorImpl.invoke|java.lang.reflect.Method.invoke|junit.framework.TestCase.runTest|junit.framework.TestCase.runBare|junit.framework.TestResult$1.protect	18
c419	FT	1	com.alibaba.json.bvt.parser.JSONScannerTest_scanFieldDouble#test_error_3	PASS				312
c419	FT	2	com.alibaba.json.bvt.parser.DefaultExtJSONParser_parseArray#test_8	FAIL	java.lang.AssertionError	expected:<Sun Jan 09 05:49:53 UTC 2011> but was:<Sun Jan 09 13:49:53 UTC 2011>	org.junit.Assert.fail|org.junit.Assert.failNotEquals|org.junit.Assert.assertEquals|org.junit.Assert.assertEquals|com.alibaba.json.bvt.parser.DefaultExtJSONParser_parseArray.test_8|sun.reflect.NativeMethodAccessorImpl.invoke0|sun.reflect.NativeMethodAccessorImpl.invoke|sun.reflect.DelegatingMethodAccessorImpl.invoke|java.lang.reflect.Method.invoke|junit.framework.TestCase.runTest|junit.framework.TestCase.runBare|junit.framework.TestResult$1.protect	20
c420	FT	1	com.alibaba.json.bvt.parser.JSONScannerTest_scanFieldDouble#test_error_4	PASS				294
c420	FT	2	com.alibaba.json.bvt.parser.DefaultExtJSONParser_parseArray#test_8	FAIL	java.lang.AssertionError	expected:<Sun Jan 09 05:49:53 UTC 2011> but was:<Sun Jan 09 13:49:53 UTC 2011>	org.junit.Assert.fail|org.junit.Assert.failNotEquals|org.junit.Assert.assertEquals|org.junit.Assert.assertEquals|com.alibaba.json.bvt.parser.DefaultExtJSONParser_parseArray.test_8|sun.reflect.NativeMethodAccessorImpl.invoke0|sun.reflect.NativeMethodAccessorImpl.invoke|sun.reflect.DelegatingMethodAccessorImpl.invoke|java.lang.reflect.Method.invoke|junit.framework.TestCase.runTest|junit.framework.TestCase.runBare|junit.framework.TestResult$1.protect	17
c421	FT	1	com.alibaba.json.bvt.parser.JSONScannerTest_scanFieldDouble#test_error_5	PASS				398
c421	FT	2	com.alibaba.json.bvt.parser.DefaultExtJSONParser_parseArray#test_8	FAIL	java.lang.AssertionError	expected:<Sun Jan 09 05:49:53 UTC 2011> but was:<Sun Jan 09 13:49:53 UTC 2011>	org.junit.Assert.fail|org.junit.Assert.failNotEquals|org.junit.Assert.assertEquals|org.junit.Assert.assertEquals|com.alibaba.json.bvt.parser.DefaultExtJSONParser_parseArray.test_8|sun.reflect.NativeMethodAccessorImpl.invoke0|sun.reflect.NativeMethodAccessorImpl.invoke|sun.reflect.DelegatingMethodAccessorImpl.invoke|java.lang.reflect.Method.invoke|junit.framework.TestCase.runTest|junit.framework.TestCase.runBare|junit.framework.TestResult$1.protect	21
c422	FT	1	com.alibaba.json.bvt.parser.JSONScannerTest_scanFieldDouble#test_error_6	PASS				308
c422	FT	2	com.alibaba.json.bvt.parser.DefaultExtJSONParser_parseArray#test_8	FAIL	java.lang.AssertionError	expected:<Sun Jan 09 05:49:53 UTC 2011> but was:<Sun Jan 09 13:49:53 UTC 2011>	org.junit.Assert.fail|org.junit.Assert.failNotEquals|org.junit.Assert.assertEquals|org.junit.Assert.assertEquals|com.alibaba.json.bvt.parser.DefaultExtJSONParser_parseArray.test_8|sun.reflect.NativeMethodAccessorImpl.invoke0|sun.reflect.NativeMethodAccessorImpl.invoke|sun.reflect.DelegatingMethodAccessorImpl.invoke|java.lang.reflect.Method.invoke|junit.framework.TestCase.runTest|junit.framework.TestCase.runBare|junit.framework.TestResult$1.protect	18
c423	FT	1	com.alibaba.json.bvt.parser.JSONScannerTest_scanFieldDouble#test_error_7	PASS				286
c423	FT	2	com.alibaba.json.bvt.parser.DefaultExtJSONParser_parseArray#test_8	FAIL	java.lang.AssertionError	expected:<Sun Jan 09 05:49:53 UTC 2011> but was:<Sun Jan 09 13:49:53 UTC 2011>	org.junit.Assert.fail|org.junit.Assert.failNotEquals|org.junit.Assert.assertEquals|org.junit.Assert.assertEquals|com.alibaba.json.bvt.parser.DefaultExtJSONParser_parseArray.test_8|sun.reflect.NativeMethodAccessorImpl.invoke0|sun.reflect.NativeMethodAccessorImpl.invoke|sun.reflect.DelegatingMethodAccessorImpl.invoke|java.lang.reflect.Method.invoke|junit.framework.TestCase.runTest|junit.framework.TestCase.runBare|junit.framework.TestResult$1.protect	19
c424	FT	1	com.alibaba.json.bvt.parser.JSONScannerTest_scanFieldDouble#test_error_8	PASS				333
c424	FT	2	com.alibaba.json.bvt.parser.DefaultExtJSONParser_parseArray#test_8	FAIL	java.lang.AssertionError	expected:<Sun Jan 09 05:49:53 UTC 2011> but was:<Sun Jan 09 13:49:53 UTC 2011>	org.junit.Assert.fail|org.junit.Assert.failNotEquals|org.junit.Assert.assertEquals|org.junit.Assert.assertEquals|com.alibaba.json.bvt.parser.DefaultExtJSONParser_parseArray.test_8|sun.reflect.NativeMethodAccessorImpl.invoke0|sun.reflect.NativeMethodAccessorImpl.invoke|sun.reflect.DelegatingMethodAccessorImpl.invoke|java.lang.reflect.Method.invoke|junit.framework.TestCase.runTest|junit.framework.TestCase.runBare|junit.framework.TestResult$1.protect	24
c425	FT	1	com.alibaba.json.bvt.parser.JSONScannerTest_scanFieldDouble#test_error_9	PASS				355
c425	FT	2	com.alibaba.json.bvt.parser.DefaultExtJSONParser_parseArray#test_8	FAIL	java.lang.AssertionError	expected:<Sun Jan 09 05:49:53 UTC 2011> but was:<Sun Jan 09 13:49:53 UTC 2011>	org.junit.Assert.fail|org.junit.Assert.failNotEquals|org.junit.Assert.assertEquals|org.junit.Assert.assertEquals|com.alibaba.json.bvt.parser.DefaultExtJSONParser_parseArray.test_8|sun.reflect.NativeMethodAccessorImpl.invoke0|sun.reflect.NativeMethodAccessorImpl.invoke|sun.reflect.DelegatingMethodAccessorImpl.invoke|java.lang.reflect.Method.invoke|junit.framework.TestCase.runTest|junit.framework.TestCase.runBare|junit.framework.TestResult$1.protect	21
c426	FT	1	com.alibaba.json.bvt.parser.JSONScannerTest_scanFieldFloat#test_0	PASS				308
c426	FT	2	com.alibaba.json.bvt.parser.DefaultExtJSONParser_parseArray#test_8	FAIL	java.lang.AssertionError	expected:<Sun Jan 09 05:49:53 UTC 2011> but was:<Sun Jan 09 13:49:53 UTC 2011>	org.junit.Assert.fail|org.junit.Assert.failNotEquals|org.junit.Assert.assertEquals|org.junit.Assert.assertEquals|com.alibaba.json.bvt.parser.DefaultExtJSONParser_parseArray.test_8|sun.reflect.NativeMethodAccessorImpl.invoke0|sun.reflect.NativeMethodAccessorImpl.invoke|sun.reflect.DelegatingMethodAccessorImpl.invoke|java.lang.reflect.Method.invoke|junit.framework.TestCase.runTest|junit.framework.TestCase.runBare|junit.framework.TestResult$1.protect	18
c427	FT	1	com.alibaba.json.bvt.parser.JSONScannerTest_scanFieldFloat#test_1	PASS				302
c427	FT	2	com.alibaba.json.bvt.parser.DefaultExtJSONParser_parseArray#test_8	FAIL	java.lang.AssertionError	expected:<Sun Jan 09 05:49:53 UTC 2011> but was:<Sun Jan 09 13:49:53 UTC 2011>	org.junit.Assert.fail|org.junit.Assert.failNotEquals|org.junit.Assert.assertEquals|org.junit.Assert.assertEquals|com.alibaba.json.bvt.parser.DefaultExtJSONParser_parseArray.test_8|sun.reflect.NativeMethodAccessorImpl.invoke0|sun.reflect.NativeMethodAccessorImpl.invoke|sun.reflect.DelegatingMethodAccessorImpl.invoke|java.lang.reflect.Method.invoke|junit.framework.TestCase.runTest|junit.framework.TestCase.runBare|junit.framework.TestResult$1.protect	17
c428	FT	1	com.alibaba.json.bvt.parser.JSONScannerTest_scanFieldFloat#test_2	PASS				349
c428	FT	2	com.alibaba.json.bvt.parser.DefaultExtJSONParser_parseArray#test_8	FAIL	java.lang.AssertionError	expected:<Sun Jan 09 05:49:53 UTC 2011> but was:<Sun Jan 09 13:49:53 UTC 2011>	org.junit.Assert.fail|org.junit.Assert.failNotEquals|org.junit.Assert.assertEquals|org.junit.Assert.assertEquals|com.alibaba.json.bvt.parser.DefaultExtJSONParser_parseArray.test_8|sun.reflect.NativeMethodAccessorImpl.invoke0|sun.reflect.NativeMethodAccessorImpl.invoke|sun.reflect.DelegatingMethodAccessorImpl.invoke|java.lang.reflect.Method.invoke|junit.framework.TestCase.runTest|junit.framework.TestCase.runBare|junit.framework.TestResult$1.protect	20
c429	FT	1	com.alibaba.json.bvt.parser.JSONScannerTest_scanFieldFloat#test_3	PASS				309
c429	FT	2	com.alibaba.json.bvt.parser.DefaultExtJSONParser_parseArray#test_8	FAIL	java.lang.AssertionError	expected:<Sun Jan 09 05:49:53 UTC 2011> but was:<Sun Jan 09 13:49:53 UTC 2011>	org.junit.Assert.fail|org.junit.Assert.failNotEquals|org.junit.Assert.assertEquals|org.junit.Assert.assertEquals|com.alibaba.json.bvt.parser.DefaultExtJSONParser_parseArray.test_8|sun.reflect.NativeMethodAccessorImpl.invoke0|sun.reflect.NativeMethodAccessorImpl.invoke|sun.reflect.DelegatingMethodAccessorImpl.invoke|java.lang.reflect.Method.invoke|junit.framework.TestCase.runTest|junit.framework.TestCase.runBare|junit.framework.TestResult$1.protect	18
c430	FT	1	com.alibaba.json.bvt.parser.JSONScannerTest_scanFieldFloat#test_4	PASS				304
c430	FT	2	com.alibaba.json.bvt.parser.DefaultExtJSONParser_parseArray#test_8	FAIL	java.lang.AssertionError	expected:<Sun Jan 09 05:49:53 UTC 2011> but was:<Sun Jan 09 13:49:53 UTC 2011>	org.junit.Assert.fail|org.junit.Assert.failNotEquals|org.junit.Assert.assertEquals|org.junit.Assert.assertEquals|com.alibaba.json.bvt.parser.DefaultExtJSONParser_parseArray.test_8|sun.reflect.NativeMethodAccessorImpl.invoke0|sun.reflect.NativeMethodAccessorImpl.invoke|sun.reflect.DelegatingMethodAccessorImpl.invoke|java.lang.reflect.Method.invoke|junit.framework.TestCase.runTest|junit.framework.TestCase.runBare|junit.framework.TestResult$1.protect	17
c431	FT	1	com.alibaba.json.bvt.parser.JSONScannerTest_scanFieldFloat#test_error_1	PASS				292
c431	FT	2	com.alibaba.json.bvt.parser.DefaultExtJSONParser_parseArray#test_8	FAIL	java.lang.AssertionError	expected:<Sun Jan 09 05:49:53 UTC 2011> but was:<Sun Jan 09 13:49:53 UTC 2011>	org.junit.Assert.fail|org.junit.Assert.failNotEquals|org.junit.Assert.assertEquals|org.junit.Assert.assertEquals|com.alibaba.json.bvt.parser.DefaultExtJSONParser_parseArray.test_8|sun.reflect.NativeMethodAccessorImpl.invoke0|sun.reflect.NativeMethodAccessorImpl.invoke|sun.reflect.DelegatingMethodAccessorImpl.invoke|java.lang.reflect.Method.invoke|junit.framework.TestCase.runTest|junit.framework.TestCase.runBare|junit.framework.TestResult$1.protect	17
c432	FT	1	com.alibaba.json.bvt.parser.JSONScannerTest_scanFieldFloat#test_error_10	PASS				274
c432	FT	2	com.alibaba.json.bvt.parser.DefaultExtJSONParser_parseArray#test_8	FAIL	java.lang.AssertionError	expected:<Sun Jan 09 05:49:53 UTC 2011> but was:<Sun Jan 09 13:49:53 UTC 2011>	org.junit.Assert.fail|org.junit.Assert.failNotEquals|org.junit.Assert.assertEquals|org.junit.Assert.assertEquals|com.alibaba.json.bvt.parser.DefaultExtJSONParser_parseArray.test_8|sun.reflect.NativeMethodAccessorImpl.invoke0|sun.reflect.NativeMethodAccessorImpl.invoke|sun.reflect.DelegatingMethodAccessorImpl.invoke|java.lang.reflect.Method.invoke|junit.framework.TestCase.runTest|junit.framework.TestCase.runBare|junit.framework.TestResult$1.protect	16
c433	FT	1	com.alibaba.json.bvt.parser.JSONScannerTest_scanFieldFloat#test_error_11	PASS				290
c433	FT	2	com.alibaba.json.bvt.parser.DefaultExtJSONParser_parseArray#test_8	FAIL	java.lang.AssertionError	expected:<Sun Jan 09 05:49:53 UTC 2011> but was:<Sun Jan 09 13:49:53 UTC 2011>	org.junit.Assert.fail|org.junit.Assert.failNotEquals|org.junit.Assert.assertEquals|org.junit.Assert.assertEquals|com.alibaba.json.bvt.parser.DefaultExtJSONParser_parseArray.test_8|sun.reflect.NativeMethodAccessorImpl.invoke0|sun.reflect.NativeMethodAccessorImpl.invoke|sun.reflect.DelegatingMethodAccessorImpl.invoke|java.lang.reflect.Method.invoke|junit.framework.TestCase.runTest|junit.framework.TestCase.runBare|junit.framework.TestResult$1.protect	15
c434	FT	1	com.alibaba.json.bvt.parser.JSONScannerTest_scanFieldFloat#test_error_2	PASS				284
c434	FT	2	com.alibaba.json.bvt.parser.DefaultExtJSONParser_parseArray#test_8	FAIL	java.lang.AssertionError	expected:<Sun Jan 09 05:49:53 UTC 2011> but was:<Sun Jan 09 13:49:53 UTC 2011>	org.junit.Assert.fail|org.junit.Assert.failNotEquals|org.junit.Assert.assertEquals|org.junit.Assert.assertEquals|com.alibaba.json.bvt.parser.DefaultExtJSONParser_parseArray.test_8|sun.reflect.NativeMethodAccessorImpl.invoke0|sun.reflect.NativeMethodAccessorImpl.invoke|sun.reflect.DelegatingMethodAccessorImpl.invoke|java.lang.reflect.Method.invoke|junit.framework.TestCase.runTest|junit.framework.TestCase.runBare|junit.framework.TestResult$1.protect	16
c435	FT	1	com.alibaba.json.bvt.parser.JSONScannerTest_scanFieldFloat#test_error_3	PASS				298
c435	FT	2	com.alibaba.json.bvt.parser.DefaultExtJSONParser_parseArray#test_8	FAIL	java.lang.AssertionError	expected:<Sun Jan 09 05:49:53 UTC 2011> but was:<Sun Jan 09 13:49:53 UTC 2011>	org.junit.Assert.fail|org.junit.Assert.failNotEquals|org.junit.Assert.assertEquals|org.junit.Assert.assertEquals|com.alibaba.json.bvt.parser.DefaultExtJSONParser_parseArray.test_8|sun.reflect.NativeMethodAccessorImpl.invoke0|sun.reflect.NativeMethodAccessorImpl.invoke|sun.reflect.DelegatingMethodAccessorImpl.invoke|java.lang.reflect.Method.invoke|junit.framework.TestCase.runTest|junit.framework.TestCase.runBare|junit.framework.TestResult$1.protect	16
c436	FT	1	com.alibaba.json.bvt.parser.JSONScannerTest_scanFieldFloat#test_error_4	PASS				286
c436	FT	2	com.alibaba.json.bvt.parser.DefaultExtJSONParser_parseArray#test_8	FAIL	java.lang.AssertionError	expected:<Sun Jan 09 05:49:53 UTC 2011> but was:<Sun Jan 09 13:49:53 UTC 2011>	org.junit.Assert.fail|org.junit.Assert.failNotEquals|org.junit.Assert.assertEquals|org.junit.Assert.assertEquals|com.alibaba.json.bvt.parser.DefaultExtJSONParser_parseArray.test_8|sun.reflect.NativeMethodAccessorImpl.invoke0|sun.reflect.NativeMethodAccessorImpl.invoke|sun.reflect.DelegatingMethodAccessorImpl.invoke|java.lang.reflect.Method.invoke|junit.framework.TestCase.runTest|junit.framework.TestCase.runBare|junit.framework.TestResult$1.protect	17
c437	FT	1	com.alibaba.json.bvt.parser.JSONScannerTest_scanFieldFloat#test_error_5	PASS				295
c437	FT	2	com.alibaba.json.bvt.parser.DefaultExtJSONParser_parseArray#test_8	FAIL	java.lang.AssertionError	expected:<Sun Jan 09 05:49:53 UTC 2011> but was:<Sun Jan 09 13:49:53 UTC 2011>	org.junit.Assert.fail|org.junit.Assert.failNotEquals|org.junit.Assert.assertEquals|org.junit.Assert.assertEquals|com.alibaba.json.bvt.parser.DefaultExtJSONParser_parseArray.test_8|sun.reflect.NativeMethodAccessorImpl.invoke0|sun.reflect.NativeMethodAccessorImpl.invoke|sun.reflect.DelegatingMethodAccessorImpl.invoke|java.lang.reflect.Method.invoke|junit.framework.TestCase.runTest|junit.framework.TestCase.runBare|junit.framework.TestResult$1.protect	18
c438	FT	1	com.alibaba.json.bvt.parser.JSONScannerTest_scanFieldFloat#test_error_6	PASS				311
c438	FT	2	com.alibaba.json.bvt.parser.DefaultExtJSONParser_parseArray#test_8	FAIL	java.lang.AssertionError	expected:<Sun Jan 09 05:49:53 UTC 2011> but was:<Sun Jan 09 13:49:53 UTC 2011>	org.junit.Assert.fail|org.junit.Assert.failNotEquals|org.junit.Assert.assertEquals|org.junit.Assert.assertEquals|com.alibaba.json.bvt.parser.DefaultExtJSONParser_parseArray.test_8|sun.reflect.NativeMethodAccessorImpl.invoke0|sun.reflect.NativeMethodAccessorImpl.invoke|sun.reflect.DelegatingMethodAccessorImpl.invoke|java.lang.reflect.Method.invoke|junit.framework.TestCase.runTest|junit.framework.TestCase.runBare|junit.framework.TestResult$1.protect	16
c439	FT	1	com.alibaba.json.bvt.parser.JSONScannerTest_scanFieldFloat#test_error_7	PASS				321
c439	FT	2	com.alibaba.json.bvt.parser.DefaultExtJSONParser_parseArray#test_8	FAIL	java.lang.AssertionError	expected:<Sun Jan 09 05:49:53 UTC 2011> but was:<Sun Jan 09 13:49:53 UTC 2011>	org.junit.Assert.fail|org.junit.Assert.failNotEquals|org.junit.Assert.assertEquals|org.junit.Assert.assertEquals|com.alibaba.json.bvt.parser.DefaultExtJSONParser_parseArray.test_8|sun.reflect.NativeMethodAccessorImpl.invoke0|sun.reflect.NativeMethodAccessorImpl.invoke|sun.reflect.DelegatingMethodAccessorImpl.invoke|java.lang.reflect.Method.invoke|junit.framework.TestCase.runTest|junit.framework.TestCase.runBare|junit.framework.TestResult$1.protect	18
c440	FT	1	com.alibaba.json.bvt.parser.JSONScannerTest_scanFieldFloat#test_error_8	PASS				321
c440	FT	2	com.alibaba.json.bvt.parser.DefaultExtJSONParser_parseArray#test_8	FAIL	java.lang.AssertionError	expected:<Sun Jan 09 05:49:53 UTC 2011> but was:<Sun Jan 09 13:49:53 UTC 2011>	org.junit.Assert.fail|org.junit.Assert.failNotEquals|org.junit.Assert.assertEquals|org.junit.Assert.assertEquals|com.alibaba.json.bvt.parser.DefaultExtJSONParser_parseArray.test_8|sun.reflect.NativeMethodAccessorImpl.invoke0|sun.reflect.NativeMethodAccessorImpl.invoke|sun.reflect.DelegatingMethodAccessorImpl.invoke|java.lang.reflect.Method.invoke|junit.framework.TestCase.runTest|junit.framework.TestCase.runBare|junit.framework.TestResult$1.protect	18
c441	FT	1	com.alibaba.json.bvt.parser.JSONScannerTest_scanFieldFloat#test_error_9	PASS				296
c441	FT	2	com.alibaba.json.bvt.parser.DefaultExtJSONParser_parseArray#test_8	FAIL	java.lang.AssertionError	expected:<Sun Jan 09 05:49:53 UTC 2011> but was:<Sun Jan 09 13:49:53 UTC 2011>	org.junit.Assert.fail|org.junit.Assert.failNotEquals|org.junit.Assert.assertEquals|org.junit.Assert.assertEquals|com.alibaba.json.bvt.parser.DefaultExtJSONParser_parseArray.test_8|sun.reflect.NativeMethodAccessorImpl.invoke0|sun.reflect.NativeMethodAccessorImpl.invoke|sun.reflect.DelegatingMethodAccessorImpl.invoke|java.lang.reflect.Method.invoke|junit.framework.TestCase.runTest|junit.framework.TestCase.runBare|junit.framework.TestResult$1.protect	17
c442	FT	1	com.alibaba.json.bvt.parser.JSONScannerTest_scanFieldFloat#test_isBlank	PASS				148
c442	FT	2	com.alibaba.json.bvt.parser.DefaultExtJSONParser_parseArray#test_8	FAIL	java.lang.AssertionError	expected:<Sun Jan 09 05:49:53 UTC 2011> but was:<Sun Jan 09 13:49:53 UTC 2011>	org.junit.Assert.fail|org.junit.Assert.failNotEquals|org.junit.Assert.assertEquals|org.junit.Assert.assertEquals|com.alibaba.json.bvt.parser.DefaultExtJSONParser_parseArray.test_8|sun.reflect.NativeMethodAccessorImpl.invoke0|sun.reflect.NativeMethodAccessorImpl.invoke|sun.reflect.DelegatingMethodAccessorImpl.invoke|java.lang.reflect.Method.invoke|junit.framework.TestCase.runTest|junit.framework.TestCase.runBare|junit.framework.TestResult$1.protect	181
c443	FT	1	com.alibaba.json.bvt.parser.JSONScannerTest_scanFieldInt#test_0	PASS				298
c443	FT	2	com.alibaba.json.bvt.parser.DefaultExtJSONParser_parseArray#test_8	FAIL	java.lang.AssertionError	expected:<Sun Jan 09 05:49:53 UTC 2011> but was:<Sun Jan 09 13:49:53 UTC 2011>	org.junit.Assert.fail|org.junit.Assert.failNotEquals|org.junit.Assert.assertEquals|org.junit.Assert.assertEquals|com.alibaba.json.bvt.parser.DefaultExtJSONParser_parseArray.test_8|sun.reflect.NativeMethodAccessorImpl.invoke0|sun.reflect.NativeMethodAccessorImpl.invoke|sun.reflect.DelegatingMethodAccessorImpl.invoke|java.lang.reflect.Method.invoke|junit.framework.TestCase.runTest|junit.framework.TestCase.runBare|junit.framework.TestResult$1.protect	19
c444	FT	1	com.alibaba.json.bvt.parser.JSONScannerTest_scanFieldInt#test_1	PASS				290
c444	FT	2	com.alibaba.json.bvt.parser.DefaultExtJSONParser_parseArray#test_8	FAIL	java.lang.AssertionError	expected:<Sun Jan 09 05:49:53 UTC 2011> but was:<Sun Jan 09 13:49:53 UTC 2011>	org.junit.Assert.fail|org.junit.Assert.failNotEquals|org.junit.Assert.assertEquals|org.junit.Assert.assertEquals|com.alibaba.json.bvt.parser.DefaultExtJSONParser_parseArray.test_8|sun.reflect.NativeMethodAccessorImpl.invoke0|sun.reflect.NativeMethodAccessorImpl.invoke|sun.reflect.DelegatingMethodAccessorImpl.invoke|java.lang.reflect.Method.invoke|junit.framework.TestCase.runTest|junit.framework.TestCase.runBare|junit.framework.TestResult$1.protect	18
c445	FT	1	com.alibaba.json.bvt.parser.JSONScannerTest_scanFieldInt#test_error_1	PASS				324
c445	FT	2	com.alibaba.json.bvt.parser.DefaultExtJSONParser_parseArray#test_8	FAIL	java.lang.AssertionError	expected:<Sun Jan 09 05:49:53 UTC 2011> but was:<Sun Jan 09 13:49:53 UTC 2011>	org.junit.Assert.fail|org.junit.Assert.failNotEquals|org.junit.Assert.assertEquals|org.junit.Assert.assertEquals|com.alibaba.json.bvt.parser.DefaultExtJSONParser_parseArray.test_8|sun.reflect.NativeMethodAccessorImpl.invoke0|sun.reflect.NativeMethodAccessorImpl.invoke|sun.reflect.DelegatingMethodAccessorImpl.invoke|java.lang.reflect.Method.invoke|junit.framework.TestCase.runTest|junit.framework.TestCase.runBare|junit.framework.TestResult$1.protect	23
c446	FT	1	com.alibaba.json.bvt.parser.JSONScannerTest_scanFieldInt#test_error_2	PASS				300
c446	FT	2	com.alibaba.json.bvt.parser.DefaultExtJSONParser_parseArray#test_8	FAIL	java.lang.AssertionError	expected:<Sun Jan 09 05:49:53 UTC 2011> but was:<Sun Jan 09 13:49:53 UTC 2011>	org.junit.Assert.fail|org.junit.Assert.failNotEquals|org.junit.Assert.assertEquals|org.junit.Assert.assertEquals|com.alibaba.json.bvt.parser.DefaultExtJSONParser_parseArray.test_8|sun.reflect.NativeMethodAccessorImpl.invoke0|sun.reflect.NativeMethodAccessorImpl.invoke|sun.reflect.DelegatingMethodAccessorImpl.invoke|java.lang.reflect.Method.invoke|junit.framework.TestCase.runTest|junit.framework.TestCase.runBare|junit.framework.TestResult$1.protect	16
c447	FT	1	com.alibaba.json.bvt.parser.JSONScannerTest_scanFieldInt#test_error_3	PASS				288
c447	FT	2	com.alibaba.json.bvt.parser.DefaultExtJSONParser_parseArray#test_8	FAIL	java.lang.AssertionError	expected:<Sun Jan 09 05:49:53 UTC 2011> but was:<Sun Jan 09 13:49:53 UTC 2011>	org.junit.Assert.fail|org.junit.Assert.failNotEquals|org.junit.Assert.assertEquals|org.junit.Assert.assertEquals|com.alibaba.json.bvt.parser.DefaultExtJSONParser_parseArray.test_8|sun.reflect.NativeMethodAccessorImpl.invoke0|sun.reflect.NativeMethodAccessorImpl.invoke|sun.reflect.DelegatingMethodAccessorImpl.invoke|java.lang.reflect.Method.invoke|junit.framework.TestCase.runTest|junit.framework.TestCase.runBare|junit.framework.TestResult$1.protect	19
c448	FT	1	com.alibaba.json.bvt.parser.JSONScannerTest_scanFieldInt#test_error_4	PASS				288
c448	FT	2	com.alibaba.json.bvt.parser.DefaultExtJSONParser_parseArray#test_8	FAIL	java.lang.AssertionError	expected:<Sun Jan 09 05:49:53 UTC 2011> but was:<Sun Jan 09 13:49:53 UTC 2011>	org.junit.Assert.fail|org.junit.Assert.failNotEquals|org.junit.Assert.assertEquals|org.junit.Assert.assertEquals|com.alibaba.json.bvt.parser.DefaultExtJSONParser_parseArray.test_8|sun.reflect.NativeMethodAccessorImpl.invoke0|sun.reflect.NativeMethodAccessorImpl.invoke|sun.reflect.DelegatingMethodAccessorImpl.invoke|java.lang.reflect.Method.invoke|junit.framework.TestCase.runTest|junit.framework.TestCase.runBare|junit.framework.TestResult$1.protect	18
c449	FT	1	com.alibaba.json.bvt.parser.JSONScannerTest_scanFieldInt#test_error_5	PASS				303
c449	FT	2	com.alibaba.json.bvt.parser.DefaultExtJSONParser_parseArray#test_8	FAIL	java.lang.AssertionError	expected:<Sun Jan 09 05:49:53 UTC 2011> but was:<Sun Jan 09 13:49:53 UTC 2011>	org.junit.Assert.fail|org.junit.Assert.failNotEquals|org.junit.Assert.assertEquals|org.junit.Assert.assertEquals|com.alibaba.json.bvt.parser.DefaultExtJSONParser_parseArray.test_8|sun.reflect.NativeMethodAccessorImpl.invoke0|sun.reflect.NativeMethodAccessorImpl.invoke|sun.reflect.DelegatingMethodAccessorImpl.invoke|java.lang.reflect.Method.invoke|junit.framework.TestCase.runTest|junit.framework.TestCase.runBare|junit.framework.TestResult$1.protect	17
c450	FT	1	com.alibaba.json.bvt.parser.JSONScannerTest_scanFieldLong#test_0	PASS				293
c450	FT	2	com.alibaba.json.bvt.parser.DefaultExtJSONParser_parseArray#test_8	FAIL	java.lang.AssertionError	expected:<Sun Jan 09 05:49:53 UTC 2011> but was:<Sun Jan 09 13:49:53 UTC 2011>	org.junit.Assert.fail|org.junit.Assert.failNotEquals|org.junit.Assert.assertEquals|org.junit.Assert.assertEquals|com.alibaba.json.bvt.parser.DefaultExtJSONParser_parseArray.test_8|sun.reflect.NativeMethodAccessorImpl.invoke0|sun.reflect.NativeMethodAccessorImpl.invoke|sun.reflect.DelegatingMethodAccessorImpl.invoke|java.lang.reflect.Method.invoke|junit.framework.TestCase.runTest|junit.framework.TestCase.runBare|junit.framework.TestResult$1.protect	18
c451	FT	1	com.alibaba.json.bvt.parser.JSONScannerTest_scanFieldString#test_0	PASS				314
c451	FT	2	com.alibaba.json.bvt.parser.DefaultExtJSONParser_parseArray#test_8	FAIL	java.lang.AssertionError	expected:<Sun Jan 09 05:49:53 UTC 2011> but was:<Sun Jan 09 13:49:53 UTC 2011>	org.junit.Assert.fail|org.junit.Assert.failNotEquals|org.junit.Assert.assertEquals|org.junit.Assert.assertEquals|com.alibaba.json.bvt.parser.DefaultExtJSONParser_parseArray.test_8|sun.reflect.NativeMethodAccessorImpl.invoke0|sun.reflect.NativeMethodAccessorImpl.invoke|sun.reflect.DelegatingMethodAccessorImpl.invoke|java.lang.reflect.Method.invoke|junit.framework.TestCase.runTest|junit.framework.TestCase.runBare|junit.framework.TestResult$1.protect	19
c452	FT	1	com.alibaba.json.bvt.parser.JSONScannerTest_scanFieldString#test_1	PASS				380
c452	FT	2	com.alibaba.json.bvt.parser.DefaultExtJSONParser_parseArray#test_8	FAIL	java.lang.AssertionError	expected:<Sun Jan 09 05:49:53 UTC 2011> but was:<Sun Jan 09 13:49:53 UTC 2011>	org.junit.Assert.fail|org.junit.Assert.failNotEquals|org.junit.Assert.assertEquals|org.junit.Assert.assertEquals|com.alibaba.json.bvt.parser.DefaultExtJSONParser_parseArray.test_8|sun.reflect.NativeMethodAccessorImpl.invoke0|sun.reflect.NativeMethodAccessorImpl.invoke|sun.reflect.DelegatingMethodAccessorImpl.invoke|java.lang.reflect.Method.invoke|junit.framework.TestCase.runTest|junit.framework.TestCase.runBare|junit.framework.TestResult$1.protect	18
c453	FT	1	com.alibaba.json.bvt.parser.JSONScannerTest_scanFieldString#test_2	PASS				-402
c453	FT	2	com.alibaba.json.bvt.parser.DefaultExtJSONParser_parseArray#test_8	FAIL	java.lang.AssertionError	expected:<Sun Jan 09 05:49:53 UTC 2011> but was:<Sun Jan 09 13:49:53 UTC 2011>	org.junit.Assert.fail|org.junit.Assert.failNotEquals|org.junit.Assert.assertEquals|org.junit.Assert.assertEquals|com.alibaba.json.bvt.parser.DefaultExtJSONParser_parseArray.test_8|sun.reflect.NativeMethodAccessorImpl.invoke0|sun.reflect.NativeMethodAccessorImpl.invoke|sun.reflect.DelegatingMethodAccessorImpl.invoke|java.lang.reflect.Method.invoke|junit.framework.TestCase.runTest|junit.framework.TestCase.runBare|junit.framework.TestResult$1.protect	17
c454	FT	1	com.alibaba.json.bvt.parser.JSONScannerTest_scanFieldString#test_3	PASS				-837
c454	FT	2	com.alibaba.json.bvt.parser.DefaultExtJSONParser_parseArray#test_8	FAIL	java.lang.AssertionError	expected:<Sun Jan 09 05:49:53 UTC 2011> but was:<Sun Jan 09 13:49:53 UTC 2011>	org.junit.Assert.fail|org.junit.Assert.failNotEquals|org.junit.Assert.assertEquals|org.junit.Assert.assertEquals|com.alibaba.json.bvt.parser.DefaultExtJSONParser_parseArray.test_8|sun.reflect.NativeMethodAccessorImpl.invoke0|sun.reflect.NativeMethodAccessorImpl.invoke|sun.reflect.DelegatingMethodAccessorImpl.invoke|java.lang.reflect.Method.invoke|junit.framework.TestCase.runTest|junit.framework.TestCase.runBare|junit.framework.TestResult$1.protect	18
c455	FT	1	com.alibaba.json.bvt.parser.JSONScannerTest_scanFieldString#test_error_0	PASS				284
c455	FT	2	com.alibaba.json.bvt.parser.DefaultExtJSONParser_parseArray#test_8	FAIL	java.lang.AssertionError	expected:<Sun Jan 09 05:49:53 UTC 2011> but was:<Sun Jan 09 13:49:53 UTC 2011>	org.junit.Assert.fail|org.junit.Assert.failNotEquals|org.junit.Assert.assertEquals|org.junit.Assert.assertEquals|com.alibaba.json.bvt.parser.DefaultExtJSONParser_parseArray.test_8|sun.reflect.NativeMethodAccessorImpl.invoke0|sun.reflect.NativeMethodAccessorImpl.invoke|sun.reflect.DelegatingMethodAccessorImpl.invoke|java.lang.reflect.Method.invoke|junit.framework.TestCase.runTest|junit.framework.TestCase.runBare|junit.framework.TestResult$1.protect	17
c456	FT	1	com.alibaba.json.bvt.parser.JSONScannerTest_scanFieldStringArray#test_string	PASS				322
c456	FT	2	com.alibaba.json.bvt.parser.DefaultExtJSONParser_parseArray#test_8	FAIL	java.lang.AssertionError	expected:<Sun Jan 09 05:49:53 UTC 2011> but was:<Sun Jan 09 13:49:53 UTC 2011>	org.junit.Assert.fail|org.junit.Assert.failNotEquals|org.junit.Assert.assertEquals|org.junit.Assert.assertEquals|com.alibaba.json.bvt.parser.DefaultExtJSONParser_parseArray.test_8|sun.reflect.NativeMethodAccessorImpl.invoke0|sun.reflect.NativeMethodAccessorImpl.invoke|sun.reflect.DelegatingMethodAccessorImpl.invoke|java.lang.reflect.Method.invoke|junit.framework.TestCase.runTest|junit.framework.TestCase.runBare|junit.framework.TestResult$1.protect	26
c457	FT	1	com.alibaba.json.bvt.parser.JSONScannerTest_scanFieldStringArray#test_string_1	PASS				288
c457	FT	2	com.alibaba.json.bvt.parser.DefaultExtJSONParser_parseArray#test_8	FAIL	java.lang.AssertionError	expected:<Sun Jan 09 05:49:53 UTC 2011> but was:<Sun Jan 09 13:49:53 UTC 2011>	org.junit.Assert.fail|org.junit.Assert.failNotEquals|org.junit.Assert.assertEquals|org.junit.Assert.assertEquals|com.alibaba.json.bvt.parser.DefaultExtJSONParser_parseArray.test_8|sun.reflect.NativeMethodAccessorImpl.invoke0|sun.reflect.NativeMethodAccessorImpl.invoke|sun.reflect.DelegatingMethodAccessorImpl.invoke|java.lang.reflect.Method.invoke|junit.framework.TestCase.runTest|junit.framework.TestCase.runBare|junit.framework.TestResult$1.protect	16
c458	FT	1	com.alibaba.json.bvt.parser.JSONScannerTest_scanFieldStringArray#test_string_2	PASS				288
c458	FT	2	com.alibaba.json.bvt.parser.DefaultExtJSONParser_parseArray#test_8	FAIL	java.lang.AssertionError	expected:<Sun Jan 09 05:49:53 UTC 2011> but was:<Sun Jan 09 13:49:53 UTC 2011>	org.junit.Assert.fail|org.junit.Assert.failNotEquals|org.junit.Assert.assertEquals|org.junit.Assert.assertEquals|com.alibaba.json.bvt.parser.DefaultExtJSONParser_parseArray.test_8|sun.reflect.NativeMethodAccessorImpl.invoke0|sun.reflect.NativeMethodAccessorImpl.invoke|sun.reflect.DelegatingMethodAccessorImpl.invoke|java.lang.reflect.Method.invoke|junit.framework.TestCase.runTest|junit.framework.TestCase.runBare|junit.framework.TestResult$1.protect	18
c459	FT	1	com.alibaba.json.bvt.parser.JSONScannerTest_scanFieldStringArray#test_string_3	PASS				300
c459	FT	2	com.alibaba.json.bvt.parser.DefaultExtJSONParser_parseArray#test_8	FAIL	java.lang.AssertionError	expected:<Sun Jan 09 05:49:53 UTC 2011> but was:<Sun Jan 09 13:49:53 UTC 2011>	org.junit.Assert.fail|org.junit.Assert.failNotEquals|org.junit.Assert.assertEquals|org.junit.Assert.assertEquals|com.alibaba.json.bvt.parser.DefaultExtJSONParser_parseArray.test_8|sun.reflect.NativeMethodAccessorImpl.invoke0|sun.reflect.NativeMethodAccessorImpl.invoke|sun.reflect.DelegatingMethodAccessorImpl.invoke|java.lang.reflect.Method.invoke|junit.framework.TestCase.runTest|junit.framework.TestCase.runBare|junit.framework.TestResult$1.protect	19
c460	FT	1	com.alibaba.json.bvt.parser.JSONScannerTest_scanFieldStringArray#test_string_4	PASS				301
c460	FT	2	com.alibaba.json.bvt.parser.DefaultExtJSONParser_parseArray#test_8	FAIL	java.lang.AssertionError	expected:<Sun Jan 09 05:49:53 UTC 2011> but was:<Sun Jan 09 13:49:53 UTC 2011>	org.junit.Assert.fail|org.junit.Assert.failNotEquals|org.junit.Assert.assertEquals|org.junit.Assert.assertEquals|com.alibaba.json.bvt.parser.DefaultExtJSONParser_parseArray.test_8|sun.reflect.NativeMethodAccessorImpl.invoke0|sun.reflect.NativeMethodAccessorImpl.invoke|sun.reflect.DelegatingMethodAccessorImpl.invoke|java.lang.reflect.Method.invoke|junit.framework.TestCase.runTest|junit.framework.TestCase.runBare|junit.framework.TestResult$1.protect	17
c461	FT	1	com.alibaba.json.bvt.parser.JSONScannerTest_scanFieldStringArray#test_string_5	PASS				303
c461	FT	2	com.alibaba.json.bvt.parser.DefaultExtJSONParser_parseArray#test_8	FAIL	java.lang.AssertionError	expected:<Sun Jan 09 05:49:53 UTC 2011> but was:<Sun Jan 09 13:49:53 UTC 2011>	org.junit.Assert.fail|org.junit.Assert.failNotEquals|org.junit.Assert.assertEquals|org.junit.Assert.assertEquals|com.alibaba.json.bvt.parser.DefaultExtJSONParser_parseArray.test_8|sun.reflect.NativeMethodAccessorImpl.invoke0|sun.reflect.NativeMethodAccessorImpl.invoke|sun.reflect.DelegatingMethodAccessorImpl.invoke|java.lang.reflect.Method.invoke|junit.framework.TestCase.runTest|junit.framework.TestCase.runBare|junit.framework.TestResult$1.protect	21
c462	FT	1	com.alibaba.json.bvt.parser.JSONScannerTest_scanFieldStringArray#test_string_error	PASS				380
c462	FT	2	com.alibaba.json.bvt.parser.DefaultExtJSONParser_parseArray#test_8	FAIL	java.lang.AssertionError	expected:<Sun Jan 09 05:49:53 UTC 2011> but was:<Sun Jan 09 13:49:53 UTC 2011>	org.junit.Assert.fail|org.junit.Assert.failNotEquals|org.junit.Assert.assertEquals|org.junit.Assert.assertEquals|com.alibaba.json.bvt.parser.DefaultExtJSONParser_parseArray.test_8|sun.reflect.NativeMethodAccessorImpl.invoke0|sun.reflect.NativeMethodAccessorImpl.invoke|sun.reflect.DelegatingMethodAccessorImpl.invoke|java.lang.reflect.Method.invoke|junit.framework.TestCase.runTest|junit.framework.TestCase.runBare|junit.framework.TestResult$1.protect	25
c463	FT	1	com.alibaba.json.bvt.parser.JSONScannerTest_scanFieldStringArray#test_string_error_2	PASS				335
c463	FT	2	com.alibaba.json.bvt.parser.DefaultExtJSONParser_parseArray#test_8	FAIL	java.lang.AssertionError	expected:<Sun Jan 09 05:49:53 UTC 2011> but was:<Sun Jan 09 13:49:53 UTC 2011>	org.junit.Assert.fail|org.junit.Assert.failNotEquals|org.junit.Assert.assertEquals|org.junit.Assert.assertEquals|com.alibaba.json.bvt.parser.DefaultExtJSONParser_parseArray.test_8|sun.reflect.NativeMethodAccessorImpl.invoke0|sun.reflect.NativeMethodAccessorImpl.invoke|sun.reflect.DelegatingMethodAccessorImpl.invoke|java.lang.reflect.Method.invoke|junit.framework.TestCase.runTest|junit.framework.TestCase.runBare|junit.framework.TestResult$1.protect	22
c464	FT	1	com.alibaba.json.bvt.parser.JSONScannerTest_scanFieldStringArray#test_string_error_3	PASS				379
c464	FT	2	com.alibaba.json.bvt.parser.DefaultExtJSONParser_parseArray#test_8	FAIL	java.lang.AssertionError	expected:<Sun Jan 09 05:49:53 UTC 2011> but was:<Sun Jan 09 13:49:53 UTC 2011>	org.junit.Assert.fail|org.junit.Assert.failNotEquals|org.junit.Assert.assertEquals|org.junit.Assert.assertEquals|com.alibaba.json.bvt.parser.DefaultExtJSONParser_parseArray.test_8|sun.reflect.NativeMethodAccessorImpl.invoke0|sun.reflect.NativeMethodAccessorImpl.invoke|sun.reflect.DelegatingMethodAccessorImpl.invoke|java.lang.reflect.Method.invoke|junit.framework.TestCase.runTest|junit.framework.TestCase.runBare|junit.framework.TestResult$1.protect	28
c465	FT	1	com.alibaba.json.bvt.parser.JSONScannerTest_scanFieldStringArray#test_string_error_4	PASS				408
c465	FT	2	com.alibaba.json.bvt.parser.DefaultExtJSONParser_parseArray#test_8	FAIL	java.lang.AssertionError	expected:<Sun Jan 09 05:49:53 UTC 2011> but was:<Sun Jan 09 13:49:53 UTC 2011>	org.junit.Assert.fail|org.junit.Assert.failNotEquals|org.junit.Assert.assertEquals|org.junit.Assert.assertEquals|com.alibaba.json.bvt.parser.DefaultExtJSONParser_parseArray.test_8|sun.reflect.NativeMethodAccessorImpl.invoke0|sun.reflect.NativeMethodAccessorImpl.invoke|sun.reflect.DelegatingMethodAccessorImpl.invoke|java.lang.reflect.Method.invoke|junit.framework.TestCase.runTest|junit.framework.TestCase.runBare|junit.framework.TestResult$1.protect	24
c466	FT	1	com.alibaba.json.bvt.parser.JSONScannerTest_scanFieldStringArray#test_string_error_5	PASS				395
c466	FT	2	com.alibaba.json.bvt.parser.DefaultExtJSONParser_parseArray#test_8	FAIL	java.lang.AssertionError	expected:<Sun Jan 09 05:49:53 UTC 2011> but was:<Sun Jan 09 13:49:53 UTC 2011>	org.junit.Assert.fail|org.junit.Assert.failNotEquals|org.junit.Assert.assertEquals|org.junit.Assert.assertEquals|com.alibaba.json.bvt.parser.DefaultExtJSONParser_parseArray.test_8|sun.reflect.NativeMethodAccessorImpl.invoke0|sun.reflect.NativeMethodAccessorImpl.invoke|sun.reflect.DelegatingMethodAccessorImpl.invoke|java.lang.reflect.Method.invoke|junit.framework.TestCase.runTest|junit.framework.TestCase.runBare|junit.framework.TestResult$1.protect	26
c467	FT	1	com.alibaba.json.bvt.parser.JSONScannerTest_scanFieldString_error#test_error_2	PASS				359
c467	FT	2	com.alibaba.json.bvt.parser.DefaultExtJSONParser_parseArray#test_8	FAIL	java.lang.AssertionError	expected:<Sun Jan 09 05:49:53 UTC 2011> but was:<Sun Jan 09 13:49:53 UTC 2011>	org.junit.Assert.fail|org.junit.Assert.failNotEquals|org.junit.Assert.assertEquals|org.junit.Assert.assertEquals|com.alibaba.json.bvt.parser.DefaultExtJSONParser_parseArray.test_8|sun.reflect.NativeMethodAccessorImpl.invoke0|sun.reflect.NativeMethodAccessorImpl.invoke|sun.reflect.DelegatingMethodAccessorImpl.invoke|java.lang.reflect.Method.invoke|junit.framework.TestCase.runTest|junit.framework.TestCase.runBare|junit.framework.TestResult$1.protect	19
c468	FT	1	com.alibaba.json.bvt.parser.JSONScannerTest_scanFieldString_error#test_error_3	PASS				288
c468	FT	2	com.alibaba.json.bvt.parser.DefaultExtJSONParser_parseArray#test_8	FAIL	java.lang.AssertionError	expected:<Sun Jan 09 05:49:53 UTC 2011> but was:<Sun Jan 09 13:49:53 UTC 2011>	org.junit.Assert.fail|org.junit.Assert.failNotEquals|org.junit.Assert.assertEquals|org.junit.Assert.assertEquals|com.alibaba.json.bvt.parser.DefaultExtJSONParser_parseArray.test_8|sun.reflect.NativeMethodAccessorImpl.invoke0|sun.reflect.NativeMethodAccessorImpl.invoke|sun.reflect.DelegatingMethodAccessorImpl.invoke|java.lang.reflect.Method.invoke|junit.framework.TestCase.runTest|junit.framework.TestCase.runBare|junit.framework.TestResult$1.protect	17
c469	FT	1	com.alibaba.json.bvt.parser.JSONScannerTest_scanSymbol#test_0	PASS				139
c469	FT	2	com.alibaba.json.bvt.parser.DefaultExtJSONParser_parseArray#test_8	FAIL	java.lang.AssertionError	expected:<Sun Jan 09 05:49:53 UTC 2011> but was:<Sun Jan 09 13:49:53 UTC 2011>	org.junit.Assert.fail|org.junit.Assert.failNotEquals|org.junit.Assert.assertEquals|org.junit.Assert.assertEquals|com.alibaba.json.bvt.parser.DefaultExtJSONParser_parseArray.test_8|sun.reflect.NativeMethodAccessorImpl.invoke0|sun.reflect.NativeMethodAccessorImpl.invoke|sun.reflect.DelegatingMethodAccessorImpl.invoke|java.lang.reflect.Method.invoke|junit.framework.TestCase.runTest|junit.framework.TestCase.runBare|junit.framework.TestResult$1.protect	147
c470	FT	1	com.alibaba.json.bvt.parser.JSONScannerTest_scanSymbol#test_1	PASS				131
c470	FT	2	com.alibaba.json.bvt.parser.DefaultExtJSONParser_parseArray#test_8	FAIL	java.lang.AssertionError	expected:<Sun Jan 09 05:49:53 UTC 2011> but was:<Sun Jan 09 13:49:53 UTC 2011>	org.junit.Assert.fail|org.junit.Assert.failNotEquals|org.junit.Assert.assertEquals|org.junit.Assert.assertEquals|com.alibaba.json.bvt.parser.DefaultExtJSONParser_parseArray.test_8|sun.reflect.NativeMethodAccessorImpl.invoke0|sun.reflect.NativeMethodAccessorImpl.invoke|sun.reflect.DelegatingMethodAccessorImpl.invoke|java.lang.reflect.Method.invoke|junit.framework.TestCase.runTest|junit.framework.TestCase.runBare|junit.framework.TestResult$1.protect	150
c471	FT	1	com.alibaba.json.bvt.parser.JSONScannerTest_scanSymbol#test_2	PASS				128
c471	FT	2	com.alibaba.json.bvt.parser.DefaultExtJSONParser_parseArray#test_8	FAIL	java.lang.AssertionError	expected:<Sun Jan 09 05:49:53 UTC 2011> but was:<Sun Jan 09 13:49:53 UTC 2011>	org.junit.Assert.fail|org.junit.Assert.failNotEquals|org.junit.Assert.assertEquals|org.junit.Assert.assertEquals|com.alibaba.json.bvt.parser.DefaultExtJSONParser_parseArray.test_8|sun.reflect.NativeMethodAccessorImpl.invoke0|sun.reflect.NativeMethodAccessorImpl.invoke|sun.reflect.DelegatingMethodAccessorImpl.invoke|java.lang.reflect.Method.invoke|junit.framework.TestCase.runTest|junit.framework.TestCase.runBare|junit.framework.TestResult$1.protect	151
c472	FT	1	com.alibaba.json.bvt.parser.JSONScannerTest_scanSymbol#test_3	PASS				141
c472	FT	2	com.alibaba.json.bvt.parser.DefaultExtJSONParser_parseArray#test_8	FAIL	java.lang.AssertionError	expected:<Sun Jan 09 05:49:53 UTC 2011> but was:<Sun Jan 09 13:49:53 UTC 2011>	org.junit.Assert.fail|org.junit.Assert.failNotEquals|org.junit.Assert.assertEquals|org.junit.Assert.assertEquals|com.alibaba.json.bvt.parser.DefaultExtJSONParser_parseArray.test_8|sun.reflect.NativeMethodAccessorImpl.invoke0|sun.reflect.NativeMethodAccessorImpl.invoke|sun.reflect.DelegatingMethodAccessorImpl.invoke|java.lang.reflect.Method.invoke|junit.framework.TestCase.runTest|junit.framework.TestCase.runBare|junit.framework.TestResult$1.protect	156
c473	FT	1	com.alibaba.json.bvt.parser.JSONScannerTest_scanSymbol#test_4	PASS				130
c473	FT	2	com.alibaba.json.bvt.parser.DefaultExtJSONParser_parseArray#test_8	FAIL	java.lang.AssertionError	expected:<Sun Jan 09 05:49:53 UTC 2011> but was:<Sun Jan 09 13:49:53 UTC 2011>	org.junit.Assert.fail|org.junit.Assert.failNotEquals|org.junit.Assert.assertEquals|org.junit.Assert.assertEquals|com.alibaba.json.bvt.parser.DefaultExtJSONParser_parseArray.test_8|sun.reflect.NativeMethodAccessorImpl.invoke0|sun.reflect.NativeMethodAccessorImpl.invoke|sun.reflect.DelegatingMethodAccessorImpl.invoke|java.lang.reflect.Method.invoke|junit.framework.TestCase.runTest|junit.framework.TestCase.runBare|junit.framework.TestResult$1.protect	154
c474	FT	1	com.alibaba.json.bvt.parser.JSONScannerTest_scanSymbol#test_6	PASS				129
c474	FT	2	com.alibaba.json.bvt.parser.DefaultExtJSONParser_parseArray#test_8	FAIL	java.lang.AssertionError	expected:<Sun Jan 09 05:49:53 UTC 2011> but was:<Sun Jan 09 13:49:53 UTC 2011>	org.junit.Assert.fail|org.junit.Assert.failNotEquals|org.junit.Assert.assertEquals|org.junit.Assert.assertEquals|com.alibaba.json.bvt.parser.DefaultExtJSONParser_parseArray.test_8|sun.reflect.NativeMethodAccessorImpl.invoke0|sun.reflect.NativeMethodAccessorImpl.invoke|sun.reflect.DelegatingMethodAccessorImpl.invoke|java.lang.reflect.Method.invoke|junit.framework.TestCase.runTest|junit.framework.TestCase.runBare|junit.framework.TestResult$1.protect	162
c475	FT	1	com.alibaba.json.bvt.parser.JSONScannerTest_scanSymbol#test_7	PASS				132
c475	FT	2	com.alibaba.json.bvt.parser.DefaultExtJSONParser_parseArray#test_8	FAIL	java.lang.AssertionError	expected:<Sun Jan 09 05:49:53 UTC 2011> but was:<Sun Jan 09 13:49:53 UTC 2011>	org.junit.Assert.fail|org.junit.Assert.failNotEquals|org.junit.Assert.assertEquals|org.junit.Assert.assertEquals|com.alibaba.json.bvt.parser.DefaultExtJSONParser_parseArray.test_8|sun.reflect.NativeMethodAccessorImpl.invoke0|sun.reflect.NativeMethodAccessorImpl.invoke|sun.reflect.DelegatingMethodAccessorImpl.invoke|java.lang.reflect.Method.invoke|junit.framework.TestCase.runTest|junit.framework.TestCase.runBare|junit.framework.TestResult$1.protect	153
c476	FT	1	com.alibaba.json.bvt.parser.JSONScannerTest_singQuoteString#test_error	PASS				155
c476	FT	2	com.alibaba.json.bvt.parser.DefaultExtJSONParser_parseArray#test_8	FAIL	java.lang.AssertionError	expected:<Sun Jan 09 05:49:53 UTC 2011> but was:<Sun Jan 09 13:49:53 UTC 2011>	org.junit.Assert.fail|org.junit.Assert.failNotEquals|org.junit.Assert.assertEquals|org.junit.Assert.assertEquals|com.alibaba.json.bvt.parser.DefaultExtJSONParser_parseArray.test_8|sun.reflect.NativeMethodAccessorImpl.invoke0|sun.reflect.NativeMethodAccessorImpl.invoke|sun.reflect.DelegatingMethodAccessorImpl.invoke|java.lang.reflect.Method.invoke|junit.framework.TestCase.runTest|junit.framework.TestCase.runBare|junit.framework.TestResult$1.protect	140
c477	FT	1	com.alibaba.json.bvt.parser.JSONScannerTest_singQuoteString#test_error_1	PASS				134
c477	FT	2	com.alibaba.json.bvt.parser.DefaultExtJSONParser_parseArray#test_8	FAIL	java.lang.AssertionError	expected:<Sun Jan 09 05:49:53 UTC 2011> but was:<Sun Jan 09 13:49:53 UTC 2011>	org.junit.Assert.fail|org.junit.Assert.failNotEquals|org.junit.Assert.assertEquals|org.junit.Assert.assertEquals|com.alibaba.json.bvt.parser.DefaultExtJSONParser_parseArray.test_8|sun.reflect.NativeMethodAccessorImpl.invoke0|sun.reflect.NativeMethodAccessorImpl.invoke|sun.reflect.DelegatingMethodAccessorImpl.invoke|java.lang.reflect.Method.invoke|junit.framework.TestCase.runTest|junit.framework.TestCase.runBare|junit.framework.TestResult$1.protect	171
c478	FT	1	com.alibaba.json.bvt.parser.JSONScannerTest_singQuoteString#test_string	PASS				161
c478	FT	2	com.alibaba.json.bvt.parser.DefaultExtJSONParser_parseArray#test_8	FAIL	java.lang.AssertionError	expected:<Sun Jan 09 05:49:53 UTC 2011> but was:<Sun Jan 09 13:49:53 UTC 2011>	org.junit.Assert.fail|org.junit.Assert.failNotEquals|org.junit.Assert.assertEquals|org.junit.Assert.assertEquals|com.alibaba.json.bvt.parser.DefaultExtJSONParser_parseArray.test_8|sun.reflect.NativeMethodAccessorImpl.invoke0|sun.reflect.NativeMethodAccessorImpl.invoke|sun.reflect.DelegatingMethodAccessorImpl.invoke|java.lang.reflect.Method.invoke|junit.framework.TestCase.runTest|junit.framework.TestCase.runBare|junit.framework.TestResult$1.protect	147
c479	FT	1	com.alibaba.json.bvt.parser.JSONScannerTest_singQuoteString#test_string2	PASS				163
c479	FT	2	com.alibaba.json.bvt.parser.DefaultExtJSONParser_parseArray#test_8	FAIL	java.lang.AssertionError	expected:<Sun Jan 09 05:49:53 UTC 2011> but was:<Sun Jan 09 13:49:53 UTC 2011>	org.junit.Assert.fail|org.junit.Assert.failNotEquals|org.junit.Assert.assertEquals|org.junit.Assert.assertEquals|com.alibaba.json.bvt.parser.DefaultExtJSONParser_parseArray.test_8|sun.reflect.NativeMethodAccessorImpl.invoke0|sun.reflect.NativeMethodAccessorImpl.invoke|sun.reflect.DelegatingMethodAccessorImpl.invoke|java.lang.reflect.Method.invoke|junit.framework.TestCase.runTest|junit.framework.TestCase.runBare|junit.framework.TestResult$1.protect	129
c480	FT	1	com.alibaba.json.bvt.parser.JSONScannerTest_singQuoteString#test_string3	PASS				163
c480	FT	2	com.alibaba.json.bvt.parser.DefaultExtJSONParser_parseArray#test_8	FAIL	java.lang.AssertionError	expected:<Sun Jan 09 05:49:53 UTC 2011> but was:<Sun Jan 09 13:49:53 UTC 2011>	org.junit.Assert.fail|org.junit.Assert.failNotEquals|org.junit.Assert.assertEquals|org.junit.Assert.assertEquals|com.alibaba.json.bvt.parser.DefaultExtJSONParser_parseArray.test_8|sun.reflect.NativeMethodAccessorImpl.invoke0|sun.reflect.NativeMethodAccessorImpl.invoke|sun.reflect.DelegatingMethodAccessorImpl.invoke|java.lang.reflect.Method.invoke|junit.framework.TestCase.runTest|junit.framework.TestCase.runBare|junit.framework.TestResult$1.protect	122
c481	FT	1	com.alibaba.json.bvt.parser.JSONScannerTest_singQuoteString#test_string4	PASS				157
c481	FT	2	com.alibaba.json.bvt.parser.DefaultExtJSONParser_parseArray#test_8	FAIL	java.lang.AssertionError	expected:<Sun Jan 09 05:49:53 UTC 2011> but was:<Sun Jan 09 13:49:53 UTC 2011>	org.junit.Assert.fail|org.junit.Assert.failNotEquals|org.junit.Assert.assertEquals|org.junit.Assert.assertEquals|com.alibaba.json.bvt.parser.DefaultExtJSONParser_parseArray.test_8|sun.reflect.NativeMethodAccessorImpl.invoke0|sun.reflect.NativeMethodAccessorImpl.invoke|sun.reflect.DelegatingMethodAccessorImpl.invoke|java.lang.reflect.Method.invoke|junit.framework.TestCase.runTest|junit.framework.TestCase.runBare|junit.framework.TestResult$1.protect	121
c482	FT	1	com.alibaba.json.bvt.parser.JSONScannerTest_symbol#test_0	PASS				155
c482	FT	2	com.alibaba.json.bvt.parser.DefaultExtJSONParser_parseArray#test_8	FAIL	java.lang.AssertionError	expected:<Sun Jan 09 05:49:53 UTC 2011> but was:<Sun Jan 09 13:49:53 UTC 2011>	org.junit.Assert.fail|org.junit.Assert.failNotEquals|org.junit.Assert.assertEquals|org.junit.Assert.assertEquals|com.alibaba.json.bvt.parser.DefaultExtJSONParser_parseArray.test_8|sun.reflect.NativeMethodAccessorImpl.invoke0|sun.reflect.NativeMethodAccessorImpl.invoke|sun.reflect.DelegatingMethodAccessorImpl.invoke|java.lang.reflect.Method.invoke|junit.framework.TestCase.runTest|junit.framework.TestCase.runBare|junit.framework.TestResult$1.protect	147
c483	FT	1	com.alibaba.json.bvt.parser.JSONScannerTest_symbol#test_1	PASS				130
c483	FT	2	com.alibaba.json.bvt.parser.DefaultExtJSONParser_parseArray#test_8	FAIL	java.lang.AssertionError	expected:<Sun Jan 09 05:49:53 UTC 2011> but was:<Sun Jan 09 13:49:53 UTC 2011>	org.junit.Assert.fail|org.junit.Assert.failNotEquals|org.junit.Assert.assertEquals|org.junit.Assert.assertEquals|com.alibaba.json.bvt.parser.DefaultExtJSONParser_parseArray.test_8|sun.reflect.NativeMethodAccessorImpl.invoke0|sun.reflect.NativeMethodAccessorImpl.invoke|sun.reflect.DelegatingMethodAccessorImpl.invoke|java.lang.reflect.Method.invoke|junit.framework.TestCase.runTest|junit.framework.TestCase.runBare|junit.framework.TestResult$1.protect	144
c484	FT	1	com.alibaba.json.bvt.parser.JSONScannerTest_symbol#test_10	PASS				134
c484	FT	2	com.alibaba.json.bvt.parser.DefaultExtJSONParser_parseArray#test_8	FAIL	java.lang.AssertionError	expected:<Sun Jan 09 05:49:53 UTC 2011> but was:<Sun Jan 09 13:49:53 UTC 2011>	org.junit.Assert.fail|org.junit.Assert.failNotEquals|org.junit.Assert.assertEquals|org.junit.Assert.assertEquals|com.alibaba.json.bvt.parser.DefaultExtJSONParser_parseArray.test_8|sun.reflect.NativeMethodAccessorImpl.invoke0|sun.reflect.NativeMethodAccessorImpl.invoke|sun.reflect.DelegatingMethodAccessorImpl.invoke|java.lang.reflect.Method.invoke|junit.framework.TestCase.runTest|junit.framework.TestCase.runBare|junit.framework.TestResult$1.protect	151
c485	FT	1	com.alibaba.json.bvt.parser.JSONScannerTest_symbol#test_11	PASS				137
c485	FT	2	com.alibaba.json.bvt.parser.DefaultExtJSONParser_parseArray#test_8	FAIL	java.lang.AssertionError	expected:<Sun Jan 09 05:49:53 UTC 2011> but was:<Sun Jan 09 13:49:53 UTC 2011>	org.junit.Assert.fail|org.junit.Assert.failNotEquals|org.junit.Assert.assertEquals|org.junit.Assert.assertEquals|com.alibaba.json.bvt.parser.DefaultExtJSONParser_parseArray.test_8|sun.reflect.NativeMethodAccessorImpl.invoke0|sun.reflect.NativeMethodAccessorImpl.invoke|sun.reflect.DelegatingMethodAccessorImpl.invoke|java.lang.reflect.Method.invoke|junit.framework.TestCase.runTest|junit.framework.TestCase.runBare|junit.framework.TestResult$1.protect	169
c486	FT	1	com.alibaba.json.bvt.parser.JSONScannerTest_symbol#test_12	PASS				140
c486	FT	2	com.alibaba.json.bvt.parser.DefaultExtJSONParser_parseArray#test_8	FAIL	java.lang.AssertionError	expected:<Sun Jan 09 05:49:53 UTC 2011> but was:<Sun Jan 09 13:49:53 UTC 2011>	org.junit.Assert.fail|org.junit.Assert.failNotEquals|org.junit.Assert.assertEquals|org.junit.Assert.assertEquals|com.alibaba.json.bvt.parser.DefaultExtJSONParser_parseArray.test_8|sun.reflect.NativeMethodAccessorImpl.invoke0|sun.reflect.NativeMethodAccessorImpl.invoke|sun.reflect.DelegatingMethodAccessorImpl.invoke|java.lang.reflect.Method.invoke|junit.framework.TestCase.runTest|junit.framework.TestCase.runBare|junit.framework.TestResult$1.protect	144
c487	FT	1	com.alibaba.json.bvt.parser.JSONScannerTest_symbol#test_2	PASS				133
c487	FT	2	com.alibaba.json.bvt.parser.DefaultExtJSONParser_parseArray#test_8	FAIL	java.lang.AssertionError	expected:<Sun Jan 09 05:49:53 UTC 2011> but was:<Sun Jan 09 13:49:53 UTC 2011>	org.junit.Assert.fail|org.junit.Assert.failNotEquals|org.junit.Assert.assertEquals|org.junit.Assert.assertEquals|com.alibaba.json.bvt.parser.DefaultExtJSONParser_parseArray.test_8|sun.reflect.NativeMethodAccessorImpl.invoke0|sun.reflect.NativeMethodAccessorImpl.invoke|sun.reflect.DelegatingMethodAccessorImpl.invoke|java.lang.reflect.Method.invoke|junit.framework.TestCase.runTest|junit.framework.TestCase.runBare|junit.framework.TestResult$1.protect	172
c488	FT	1	com.alibaba.json.bvt.parser.JSONScannerTest_symbol#test_3	PASS				138
c488	FT	2	com.alibaba.json.bvt.parser.DefaultExtJSONParser_parseArray#test_8	FAIL	java.lang.AssertionError	expected:<Sun Jan 09 05:49:53 UTC 2011> but was:<Sun Jan 09 13:49:53 UTC 2011>	org.junit.Assert.fail|org.junit.Assert.failNotEquals|org.junit.Assert.assertEquals|org.junit.Assert.assertEquals|com.alibaba.json.bvt.parser.DefaultExtJSONParser_parseArray.test_8|sun.reflect.NativeMethodAccessorImpl.invoke0|sun.reflect.NativeMethodAccessorImpl.invoke|sun.reflect.DelegatingMethodAccessorImpl.invoke|java.lang.reflect.Method.invoke|junit.framework.TestCase.runTest|junit.framework.TestCase.runBare|junit.framework.TestResult$1.protect	149
c489	FT	1	com.alibaba.json.bvt.parser.JSONScannerTest_symbol#test_4	PASS				140
c489	FT	2	com.alibaba.json.bvt.parser.DefaultExtJSONParser_parseArray#test_8	FAIL	java.lang.AssertionError	expected:<Sun Jan 09 05:49:53 UTC 2011> but was:<Sun Jan 09 13:49:53 UTC 2011>	org.junit.Assert.fail|org.junit.Assert.failNotEquals|org.junit.Assert.assertEquals|org.junit.Assert.assertEquals|com.alibaba.json.bvt.parser.DefaultExtJSONParser_parseArray.test_8|sun.reflect.NativeMethodAccessorImpl.invoke0|sun.reflect.NativeMethodAccessorImpl.invoke|sun.reflect.DelegatingMethodAccessorImpl.invoke|java.lang.reflect.Method.invoke|junit.framework.TestCase.runTest|junit.framework.TestCase.runBare|junit.framework.TestResult$1.protect	169
c490	FT	1	com.alibaba.json.bvt.parser.JSONScannerTest_symbol#test_5	PASS				140
c490	FT	2	com.alibaba.json.bvt.parser.DefaultExtJSONParser_parseArray#test_8	FAIL	java.lang.AssertionError	expected:<Sun Jan 09 05:49:53 UTC 2011> but was:<Sun Jan 09 13:49:53 UTC 2011>	org.junit.Assert.fail|org.junit.Assert.failNotEquals|org.junit.Assert.assertEquals|org.junit.Assert.assertEquals|com.alibaba.json.bvt.parser.DefaultExtJSONParser_parseArray.test_8|sun.reflect.NativeMethodAccessorImpl.invoke0|sun.reflect.NativeMethodAccessorImpl.invoke|sun.reflect.DelegatingMethodAccessorImpl.invoke|java.lang.reflect.Method.invoke|junit.framework.TestCase.runTest|junit.framework.TestCase.runBare|junit.framework.TestResult$1.protect	169
c491	FT	1	com.alibaba.json.bvt.parser.JSONScannerTest_symbol#test_6	PASS				128
c491	FT	2	com.alibaba.json.bvt.parser.DefaultExtJSONParser_parseArray#test_8	FAIL	java.lang.AssertionError	expected:<Sun Jan 09 05:49:53 UTC 2011> but was:<Sun Jan 09 13:49:53 UTC 2011>	org.junit.Assert.fail|org.junit.Assert.failNotEquals|org.junit.Assert.assertEquals|org.junit.Assert.assertEquals|com.alibaba.json.bvt.parser.DefaultExtJSONParser_parseArray.test_8|sun.reflect.NativeMethodAccessorImpl.invoke0|sun.reflect.NativeMethodAccessorImpl.invoke|sun.reflect.DelegatingMethodAccessorImpl.invoke|java.lang.reflect.Method.invoke|junit.framework.TestCase.runTest|junit.framework.TestCase.runBare|junit.framework.TestResult$1.protect	155
c492	FT	1	com.alibaba.json.bvt.parser.JSONScannerTest_symbol#test_7	PASS				141
c492	FT	2	com.alibaba.json.bvt.parser.DefaultExtJSONParser_parseArray#test_8	FAIL	java.lang.AssertionError	expected:<Sun Jan 09 05:49:53 UTC 2011> but was:<Sun Jan 09 13:49:53 UTC 2011>	org.junit.Assert.fail|org.junit.Assert.failNotEquals|org.junit.Assert.assertEquals|org.junit.Assert.assertEquals|com.alibaba.json.bvt.parser.DefaultExtJSONParser_parseArray.test_8|sun.reflect.NativeMethodAccessorImpl.invoke0|sun.reflect.NativeMethodAccessorImpl.invoke|sun.reflect.DelegatingMethodAccessorImpl.invoke|java.lang.reflect.Method.invoke|junit.framework.TestCase.runTest|junit.framework.TestCase.runBare|junit.framework.TestResult$1.protect	171
c493	FT	1	com.alibaba.json.bvt.parser.JSONScannerTest_symbol#test_8	PASS				130
c493	FT	2	com.alibaba.json.bvt.parser.DefaultExtJSONParser_parseArray#test_8	FAIL	java.lang.AssertionError	expected:<Sun Jan 09 05:49:53 UTC 2011> but was:<Sun Jan 09 13:49:53 UTC 2011>	org.junit.Assert.fail|org.junit.Assert.failNotEquals|org.junit.Assert.assertEquals|org.junit.Assert.assertEquals|com.alibaba.json.bvt.parser.DefaultExtJSONParser_parseArray.test_8|sun.reflect.NativeMethodAccessorImpl.invoke0|sun.reflect.NativeMethodAccessorImpl.invoke|sun.reflect.DelegatingMethodAccessorImpl.invoke|java.lang.reflect.Method.invoke|junit.framework.TestCase.runTest|junit.framework.TestCase.runBare|junit.framework.TestResult$1.protect	170
c494	FT	1	com.alibaba.json.bvt.parser.JSONScannerTest_symbol#test_9	PASS				136
c494	FT	2	com.alibaba.json.bvt.parser.DefaultExtJSONParser_parseArray#test_8	FAIL	java.lang.AssertionError	expected:<Sun Jan 09 05:49:53 UTC 2011> but was:<Sun Jan 09 13:49:53 UTC 2011>	org.junit.Assert.fail|org.junit.Assert.failNotEquals|org.junit.Assert.assertEquals|org.junit.Assert.assertEquals|com.alibaba.json.bvt.parser.DefaultExtJSONParser_parseArray.test_8|sun.reflect.NativeMethodAccessorImpl.invoke0|sun.reflect.NativeMethodAccessorImpl.invoke|sun.reflect.DelegatingMethodAccessorImpl.invoke|java.lang.reflect.Method.invoke|junit.framework.TestCase.runTest|junit.framework.TestCase.runBare|junit.framework.TestResult$1.protect	141
c495	FT	1	com.alibaba.json.bvt.parser.JSONScannerTest_symbol#test_error	PASS				135
c495	FT	2	com.alibaba.json.bvt.parser.DefaultExtJSONParser_parseArray#test_8	FAIL	java.lang.AssertionError	expected:<Sun Jan 09 05:49:53 UTC 2011> but was:<Sun Jan 09 13:49:53 UTC 2011>	org.junit.Assert.fail|org.junit.Assert.failNotEquals|org.junit.Assert.assertEquals|org.junit.Assert.assertEquals|com.alibaba.json.bvt.parser.DefaultExtJSONParser_parseArray.test_8|sun.reflect.NativeMethodAccessorImpl.invoke0|sun.reflect.NativeMethodAccessorImpl.invoke|sun.reflect.DelegatingMethodAccessorImpl.invoke|java.lang.reflect.Method.invoke|junit.framework.TestCase.runTest|junit.framework.TestCase.runBare|junit.framework.TestResult$1.protect	158
c496	FT	1	com.alibaba.json.bvt.parser.JSONScannerTest_symbol#test_error_2	PASS				138
c496	FT	2	com.alibaba.json.bvt.parser.DefaultExtJSONParser_parseArray#test_8	FAIL	java.lang.AssertionError	expected:<Sun Jan 09 05:49:53 UTC 2011> but was:<Sun Jan 09 13:49:53 UTC 2011>	org.junit.Assert.fail|org.junit.Assert.failNotEquals|org.junit.Assert.assertEquals|org.junit.Assert.assertEquals|com.alibaba.json.bvt.parser.DefaultExtJSONParser_parseArray.test_8|sun.reflect.NativeMethodAccessorImpl.invoke0|sun.reflect.NativeMethodAccessorImpl.invoke|sun.reflect.DelegatingMethodAccessorImpl.invoke|java.lang.reflect.Method.invoke|junit.framework.TestCase.runTest|junit.framework.TestCase.runBare|junit.framework.TestResult$1.protect	149
c497	FT	1	com.alibaba.json.bvt.parser.JSONScannerTest_true#test_scan_false_14	PASS				131
c497	FT	2	com.alibaba.json.bvt.parser.DefaultExtJSONParser_parseArray#test_8	FAIL	java.lang.AssertionError	expected:<Sun Jan 09 05:49:53 UTC 2011> but was:<Sun Jan 09 13:49:53 UTC 2011>	org.junit.Assert.fail|org.junit.Assert.failNotEquals|org.junit.Assert.assertEquals|org.junit.Assert.assertEquals|com.alibaba.json.bvt.parser.DefaultExtJSONParser_parseArray.test_8|sun.reflect.NativeMethodAccessorImpl.invoke0|sun.reflect.NativeMethodAccessorImpl.invoke|sun.reflect.DelegatingMethodAccessorImpl.invoke|java.lang.reflect.Method.invoke|junit.framework.TestCase.runTest|junit.framework.TestCase.runBare|junit.framework.TestResult$1.protect	172
c498	FT	1	com.alibaba.json.bvt.parser.JSONScannerTest_true#test_scan_false_15	PASS				130
c498	FT	2	com.alibaba.json.bvt.parser.DefaultExtJSONParser_parseArray#test_8	FAIL	java.lang.AssertionError	expected:<Sun Jan 09 05:49:53 UTC 2011> but was:<Sun Jan 09 13:49:53 UTC 2011>	org.junit.Assert.fail|org.junit.Assert.failNotEquals|org.junit.Assert.assertEquals|org.junit.Assert.assertEquals|com.alibaba.json.bvt.parser.DefaultExtJSONParser_parseArray.test_8|sun.reflect.NativeMethodAccessorImpl.invoke0|sun.reflect.NativeMethodAccessorImpl.invoke|sun.reflect.DelegatingMethodAccessorImpl.invoke|java.lang.reflect.Method.invoke|junit.framework.TestCase.runTest|junit.framework.TestCase.runBare|junit.framework.TestResult$1.protect	153
c499	FT	1	com.alibaba.json.bvt.parser.JSONScannerTest_true#test_scan_true_0	PASS				135
c499	FT	2	com.alibaba.json.bvt.parser.DefaultExtJSONParser_parseArray#test_8	FAIL	java.lang.AssertionError	expected:<Sun Jan 09 05:49:53 UTC 2011> but was:<Sun Jan 09 13:49:53 UTC 2011>	org.junit.Assert.fail|org.junit.Assert.failNotEquals|org.junit.Assert.assertEquals|org.junit.Assert.assertEquals|com.alibaba.json.bvt.parser.DefaultExtJSONParser_parseArray.test_8|sun.reflect.NativeMethodAccessorImpl.invoke0|sun.reflect.NativeMethodAccessorImpl.invoke|sun.reflect.DelegatingMethodAccessorImpl.invoke|java.lang.reflect.Method.invoke|junit.framework.TestCase.runTest|junit.framework.TestCase.runBare|junit.framework.TestResult$1.protect	183
c500	FT	1	com.alibaba.json.bvt.parser.JSONScannerTest_true#test_scan_true_1	PASS				157
c500	FT	2	com.alibaba.json.bvt.parser.DefaultExtJSONParser_parseArray#test_8	FAIL	java.lang.AssertionError	expected:<Sun Jan 09 05:49:53 UTC 2011> but was:<Sun Jan 09 13:49:53 UTC 2011>	org.junit.Assert.fail|org.junit.Assert.failNotEquals|org.junit.Assert.assertEquals|org.junit.Assert.assertEquals|com.alibaba.json.bvt.parser.DefaultExtJSONParser_parseArray.test_8|sun.reflect.NativeMethodAccessorImpl.invoke0|sun.reflect.NativeMethodAccessorImpl.invoke|sun.reflect.DelegatingMethodAccessorImpl.invoke|java.lang.reflect.Method.invoke|junit.framework.TestCase.runTest|junit.framework.TestCase.runBare|junit.framework.TestResult$1.protect	191
c501	FT	1	com.alibaba.json.bvt.parser.JSONScannerTest_true#test_scan_true_10	PASS				181
c501	FT	2	com.alibaba.json.bvt.parser.DefaultExtJSONParser_parseArray#test_8	FAIL	java.lang.AssertionError	expected:<Sun Jan 09 05:49:53 UTC 2011> but was:<Sun Jan 09 13:49:53 UTC 2011>	org.junit.Assert.fail|org.junit.Assert.failNotEquals|org.junit.Assert.assertEquals|org.junit.Assert.assertEquals|com.alibaba.json.bvt.parser.DefaultExtJSONParser_parseArray.test_8|sun.reflect.NativeMethodAccessorImpl.invoke0|sun.reflect.NativeMethodAccessorImpl.invoke|sun.reflect.DelegatingMethodAccessorImpl.invoke|java.lang.reflect.Method.invoke|junit.framework.TestCase.runTest|junit.framework.TestCase.runBare|junit.framework.TestResult$1.protect	201
c502	FT	1	com.alibaba.json.bvt.parser.JSONScannerTest_true#test_scan_true_11	PASS				136
c502	FT	2	com.alibaba.json.bvt.parser.DefaultExtJSONParser_parseArray#test_8	FAIL	java.lang.AssertionError	expected:<Sun Jan 09 05:49:53 UTC 2011> but was:<Sun Jan 09 13:49:53 UTC 2011>	org.junit.Assert.fail|org.junit.Assert.failNotEquals|org.junit.Assert.assertEquals|org.junit.Assert.assertEquals|com.alibaba.json.bvt.parser.DefaultExtJSONParser_parseArray.test_8|sun.reflect.NativeMethodAccessorImpl.invoke0|sun.reflect.NativeMethodAccessorImpl.invoke|sun.reflect.DelegatingMethodAccessorImpl.invoke|java.lang.reflect.Method.invoke|junit.framework.TestCase.runTest|junit.framework.TestCase.runBare|junit.framework.TestResult$1.protect	153
c503	FT	1	com.alibaba.json.bvt.parser.JSONScannerTest_true#test_scan_true_12	PASS				256
c503	FT	2	com.alibaba.json.bvt.parser.DefaultExtJSONParser_parseArray#test_8	FAIL	java.lang.AssertionError	expected:<Sun Jan 09 05:49:53 UTC 2011> but was:<Sun Jan 09 13:49:53 UTC 2011>	org.junit.Assert.fail|org.junit.Assert.failNotEquals|org.junit.Assert.assertEquals|org.junit.Assert.assertEquals|com.alibaba.json.bvt.parser.DefaultExtJSONParser_parseArray.test_8|sun.reflect.NativeMethodAccessorImpl.invoke0|sun.reflect.NativeMethodAccessorImpl.invoke|sun.reflect.DelegatingMethodAccessorImpl.invoke|java.lang.reflect.Method.invoke|junit.framework.TestCase.runTest|junit.framework.TestCase.runBare|junit.framework.TestResult$1.protect	193
c504	FT	1	com.alibaba.json.bvt.parser.JSONScannerTest_true#test_scan_true_13	PASS				143
c504	FT	2	com.alibaba.json.bvt.parser.DefaultExtJSONParser_parseArray#test_8	FAIL	java.lang.AssertionError	expected:<Sun Jan 09 05:49:53 UTC 2011> but was:<Sun Jan 09 13:49:53 UTC 2011>	org.junit.Assert.fail|org.junit.Assert.failNotEquals|org.junit.Assert.assertEquals|org.junit.Assert.assertEquals|com.alibaba.json.bvt.parser.DefaultExtJSONParser_parseArray.test_8|sun.reflect.NativeMethodAccessorImpl.invoke0|sun.reflect.NativeMethodAccessorImpl.invoke|sun.reflect.DelegatingMethodAccessorImpl.invoke|java.lang.reflect.Method.invoke|junit.framework.TestCase.runTest|junit.framework.TestCase.runBare|junit.framework.TestResult$1.protect	183
c505	FT	1	com.alibaba.json.bvt.parser.JSONScannerTest_true#test_scan_true_2	PASS				135
c505	FT	2	com.alibaba.json.bvt.parser.DefaultExtJSONParser_parseArray#test_8	FAIL	java.lang.AssertionError	expected:<Sun Jan 09 05:49:53 UTC 2011> but was:<Sun Jan 09 13:49:53 UTC 2011>	org.junit.Assert.fail|org.junit.Assert.failNotEquals|org.junit.Assert.assertEquals|org.junit.Assert.assertEquals|com.alibaba.json.bvt.parser.DefaultExtJSONParser_parseArray.test_8|sun.reflect.NativeMethodAccessorImpl.invoke0|sun.reflect.NativeMethodAccessorImpl.invoke|sun.reflect.DelegatingMethodAccessorImpl.invoke|java.lang.reflect.Method.invoke|junit.framework.TestCase.runTest|junit.framework.TestCase.runBare|junit.framework.TestResult$1.protect	153
c506	FT	1	com.alibaba.json.bvt.parser.JSONScannerTest_true#test_scan_true_3	PASS				136
c506	FT	2	com.alibaba.json.bvt.parser.DefaultExtJSONParser_parseArray#test_8	FAIL	java.lang.AssertionError	expected:<Sun Jan 09 05:49:53 UTC 2011> but was:<Sun Jan 09 13:49:53 UTC 2011>	org.junit.Assert.fail|org.junit.Assert.failNotEquals|org.junit.Assert.assertEquals|org.junit.Assert.assertEquals|com.alibaba.json.bvt.parser.DefaultExtJSONParser_parseArray.test_8|sun.reflect.NativeMethodAccessorImpl.invoke0|sun.reflect.NativeMethodAccessorImpl.invoke|sun.reflect.DelegatingMethodAccessorImpl.invoke|java.lang.reflect.Method.invoke|junit.framework.TestCase.runTest|junit.framework.TestCase.runBare|junit.framework.TestResult$1.protect	162
c507	FT	1	com.alibaba.json.bvt.parser.JSONScannerTest_true#test_scan_true_4	PASS				164
c507	FT	2	com.alibaba.json.bvt.parser.DefaultExtJSONParser_parseArray#test_8	FAIL	java.lang.AssertionError	expected:<Sun Jan 09 05:49:53 UTC 2011> but was:<Sun Jan 09 13:49:53 UTC 2011>	org.junit.Assert.fail|org.junit.Assert.failNotEquals|org.junit.Assert.assertEquals|org.junit.Assert.assertEquals|com.alibaba.json.bvt.parser.DefaultExtJSONParser_parseArray.test_8|sun.reflect.NativeMethodAccessorImpl.invoke0|sun.reflect.NativeMethodAccessorImpl.invoke|sun.reflect.DelegatingMethodAccessorImpl.invoke|java.lang.reflect.Method.invoke|junit.framework.TestCase.runTest|junit.framework.TestCase.runBare|junit.framework.TestResult$1.protect	185
c508	FT	1	com.alibaba.json.bvt.parser.JSONScannerTest_true#test_scan_true_5	PASS				149
c508	FT	2	com.alibaba.json.bvt.parser.DefaultExtJSONParser_parseArray#test_8	FAIL	java.lang.AssertionError	expected:<Sun Jan 09 05:49:53 UTC 2011> but was:<Sun Jan 09 13:49:53 UTC 2011>	org.junit.Assert.fail|org.junit.Assert.failNotEquals|org.junit.Assert.assertEquals|org.junit.Assert.assertEquals|com.alibaba.json.bvt.parser.DefaultExtJSONParser_parseArray.test_8|sun.reflect.NativeMethodAccessorImpl.invoke0|sun.reflect.NativeMethodAccessorImpl.invoke|sun.reflect.DelegatingMethodAccessorImpl.invoke|java.lang.reflect.Method.invoke|junit.framework.TestCase.runTest|junit.framework.TestCase.runBare|junit.framework.TestResult$1.protect	193
c509	FT	1	com.alibaba.json.bvt.parser.JSONScannerTest_true#test_scan_true_6	PASS				150
c509	FT	2	com.alibaba.json.bvt.parser.DefaultExtJSONParser_parseArray#test_8	FAIL	java.lang.AssertionError	expected:<Sun Jan 09 05:49:53 UTC 2011> but was:<Sun Jan 09 13:49:53 UTC 2011>	org.junit.Assert.fail|org.junit.Assert.failNotEquals|org.junit.Assert.assertEquals|org.junit.Assert.assertEquals|com.alibaba.json.bvt.parser.DefaultExtJSONParser_parseArray.test_8|sun.reflect.NativeMethodAccessorImpl.invoke0|sun.reflect.NativeMethodAccessorImpl.invoke|sun.reflect.DelegatingMethodAccessorImpl.invoke|java.lang.reflect.Method.invoke|junit.framework.TestCase.runTest|junit.framework.TestCase.runBare|junit.framework.TestResult$1.protect	200
c510	FT	1	com.alibaba.json.bvt.parser.JSONScannerTest_true#test_scan_true_7	PASS				169
c510	FT	2	com.alibaba.json.bvt.parser.DefaultExtJSONParser_parseArray#test_8	FAIL	java.lang.AssertionError	expected:<Sun Jan 09 05:49:53 UTC 2011> but was:<Sun Jan 09 13:49:53 UTC 2011>	org.junit.Assert.fail|org.junit.Assert.failNotEquals|org.junit.Assert.assertEquals|org.junit.Assert.assertEquals|com.alibaba.json.bvt.parser.DefaultExtJSONParser_parseArray.test_8|sun.reflect.NativeMethodAccessorImpl.invoke0|sun.reflect.NativeMethodAccessorImpl.invoke|sun.reflect.DelegatingMethodAccessorImpl.invoke|java.lang.reflect.Method.invoke|junit.framework.TestCase.runTest|junit.framework.TestCase.runBare|junit.framework.TestResult$1.protect	194
c511	FT	1	com.alibaba.json.bvt.parser.JSONScannerTest_true#test_scan_true_8	PASS				144
c511	FT	2	com.alibaba.json.bvt.parser.DefaultExtJSONParser_parseArray#test_8	FAIL	java.lang.AssertionError	expected:<Sun Jan 09 05:49:53 UTC 2011> but was:<Sun Jan 09 13:49:53 UTC 2011>	org.junit.Assert.fail|org.junit.Assert.failNotEquals|org.junit.Assert.assertEquals|org.junit.Assert.assertEquals|com.alibaba.json.bvt.parser.DefaultExtJSONParser_parseArray.test_8|sun.reflect.NativeMethodAccessorImpl.invoke0|sun.reflect.NativeMethodAccessorImpl.invoke|sun.reflect.DelegatingMethodAccessorImpl.invoke|java.lang.reflect.Method.invoke|junit.framework.TestCase.runTest|junit.framework.TestCase.runBare|junit.framework.TestResult$1.protect	169
c512	FT	1	com.alibaba.json.bvt.parser.JSONScannerTest_true#test_scan_true_9	PASS				139
c512	FT	2	com.alibaba.json.bvt.parser.DefaultExtJSONParser_parseArray#test_8	FAIL	java.lang.AssertionError	expected:<Sun Jan 09 05:49:53 UTC 2011> but was:<Sun Jan 09 13:49:53 UTC 2011>	org.junit.Assert.fail|org.junit.Assert.failNotEquals|org.junit.Assert.assertEquals|org.junit.Assert.assertEquals|com.alibaba.json.bvt.parser.DefaultExtJSONParser_parseArray.test_8|sun.reflect.NativeMethodAccessorImpl.invoke0|sun.reflect.NativeMethodAccessorImpl.invoke|sun.reflect.DelegatingMethodAccessorImpl.invoke|java.lang.reflect.Method.invoke|junit.framework.TestCase.runTest|junit.framework.TestCase.runBare|junit.framework.TestResult$1.protect	186
c513	{"id":0,"pageCountNum":0}
c513	{"id":0,"pageCountNum":0}
c513	FT	1	com.alibaba.json.bvt.parser.MapResetTest#test_0	PASS				355
c513	FT	2	com.alibaba.json.bvt.parser.DefaultExtJSONParser_parseArray#test_8	FAIL	java.lang.AssertionError	expected:<Sun Jan 09 05:49:53 UTC 2011> but was:<Sun Jan 09 13:49:53 UTC 2011>	org.junit.Assert.fail|org.junit.Assert.failNotEquals|org.junit.Assert.assertEquals|org.junit.Assert.assertEquals|com.alibaba.json.bvt.parser.DefaultExtJSONParser_parseArray.test_8|sun.reflect.NativeMethodAccessorImpl.invoke0|sun.reflect.NativeMethodAccessorImpl.invoke|sun.reflect.DelegatingMethodAccessorImpl.invoke|java.lang.reflect.Method.invoke|junit.framework.TestCase.runTest|junit.framework.TestCase.runBare|junit.framework.TestResult$1.protect	20
c514	FT	1	com.alibaba.json.bvt.parser.NullCheckTest#test_0	PASS				313
c514	FT	2	com.alibaba.json.bvt.parser.DefaultExtJSONParser_parseArray#test_8	FAIL	java.lang.AssertionError	expected:<Sun Jan 09 05:49:53 UTC 2011> but was:<Sun Jan 09 13:49:53 UTC 2011>	org.junit.Assert.fail|org.junit.Assert.failNotEquals|org.junit.Assert.assertEquals|org.junit.Assert.assertEquals|com.alibaba.json.bvt.parser.DefaultExtJSONParser_parseArray.test_8|sun.reflect.NativeMethodAccessorImpl.invoke0|sun.reflect.NativeMethodAccessorImpl.invoke|sun.reflect.DelegatingMethodAccessorImpl.invoke|java.lang.reflect.Method.invoke|junit.framework.TestCase.runTest|junit.framework.TestCase.runBare|junit.framework.TestResult$1.protect	20
c515	FT	1	com.alibaba.json.bvt.parser.OrderedFieldTest#test_ordered_field	PASS				353
c515	FT	2	com.alibaba.json.bvt.parser.DefaultExtJSONParser_parseArray#test_8	FAIL	java.lang.AssertionError	expected:<Sun Jan 09 05:49:53 UTC 2011> but was:<Sun Jan 09 13:49:53 UTC 2011>	org.junit.Assert.fail|org.junit.Assert.failNotEquals|org.junit.Assert.assertEquals|org.junit.Assert.assertEquals|com.alibaba.json.bvt.parser.DefaultExtJSONParser_parseArray.test_8|sun.reflect.NativeMethodAccessorImpl.invoke0|sun.reflect.NativeMethodAccessorImpl.invoke|sun.reflect.DelegatingMethodAccessorImpl.invoke|java.lang.reflect.Method.invoke|junit.framework.TestCase.runTest|junit.framework.TestCase.runBare|junit.framework.TestResult$1.protect	24
c516	FT	1	com.alibaba.json.bvt.parser.ParseContextTest#test_toString	PASS				134
c516	FT	2	com.alibaba.json.bvt.parser.DefaultExtJSONParser_parseArray#test_8	FAIL	java.lang.AssertionError	expected:<Sun Jan 09 05:49:53 UTC 2011> but was:<Sun Jan 09 13:49:53 UTC 2011>	org.junit.Assert.fail|org.junit.Assert.failNotEquals|org.junit.Assert.assertEquals|org.junit.Assert.assertEquals|com.alibaba.json.bvt.parser.DefaultExtJSONParser_parseArray.test_8|sun.reflect.NativeMethodAccessorImpl.invoke0|sun.reflect.NativeMethodAccessorImpl.invoke|sun.reflect.DelegatingMethodAccessorImpl.invoke|java.lang.reflect.Method.invoke|junit.framework.TestCase.runTest|junit.framework.TestCase.runBare|junit.framework.TestResult$1.protect	203
c517	FT	1	com.alibaba.json.bvt.parser.ParseRestTest#test_parseRest_0	PASS				351
c517	FT	2	com.alibaba.json.bvt.parser.DefaultExtJSONParser_parseArray#test_8	FAIL	java.lang.AssertionError	expected:<Sun Jan 09 05:49:53 UTC 2011> but was:<Sun Jan 09 13:49:53 UTC 2011>	org.junit.Assert.fail|org.junit.Assert.failNotEquals|org.junit.Assert.assertEquals|org.junit.Assert.assertEquals|com.alibaba.json.bvt.parser.DefaultExtJSONParser_parseArray.test_8|sun.reflect.NativeMethodAccessorImpl.invoke0|sun.reflect.NativeMethodAccessorImpl.invoke|sun.reflect.DelegatingMethodAccessorImpl.invoke|java.lang.reflect.Method.invoke|junit.framework.TestCase.runTest|junit.framework.TestCase.runBare|junit.framework.TestResult$1.protect	23
c518	FT	1	com.alibaba.json.bvt.parser.ParserSpecialCharTest#test_0	PASS				443
c518	FT	2	com.alibaba.json.bvt.parser.DefaultExtJSONParser_parseArray#test_8	FAIL	java.lang.AssertionError	expected:<Sun Jan 09 05:49:53 UTC 2011> but was:<Sun Jan 09 13:49:53 UTC 2011>	org.junit.Assert.fail|org.junit.Assert.failNotEquals|org.junit.Assert.assertEquals|org.junit.Assert.assertEquals|com.alibaba.json.bvt.parser.DefaultExtJSONParser_parseArray.test_8|sun.reflect.NativeMethodAccessorImpl.invoke0|sun.reflect.NativeMethodAccessorImpl.invoke|sun.reflect.DelegatingMethodAccessorImpl.invoke|java.lang.reflect.Method.invoke|junit.framework.TestCase.runTest|junit.framework.TestCase.runBare|junit.framework.TestResult$1.protect	16
c519	FT	1	com.alibaba.json.bvt.parser.ParserSpecialCharTest#test_1	PASS				274
c519	FT	2	com.alibaba.json.bvt.parser.DefaultExtJSONParser_parseArray#test_8	FAIL	java.lang.AssertionError	expected:<Sun Jan 09 05:49:53 UTC 2011> but was:<Sun Jan 09 13:49:53 UTC 2011>	org.junit.Assert.fail|org.junit.Assert.failNotEquals|org.junit.Assert.assertEquals|org.junit.Assert.assertEquals|com.alibaba.json.bvt.parser.DefaultExtJSONParser_parseArray.test_8|sun.reflect.NativeMethodAccessorImpl.invoke0|sun.reflect.NativeMethodAccessorImpl.invoke|sun.reflect.DelegatingMethodAccessorImpl.invoke|java.lang.reflect.Method.invoke|junit.framework.TestCase.runTest|junit.framework.TestCase.runBare|junit.framework.TestResult$1.protect	18
c520	FT	1	com.alibaba.json.bvt.parser.ParserSpecialCharTest#test_10	PASS				276
c520	FT	2	com.alibaba.json.bvt.parser.DefaultExtJSONParser_parseArray#test_8	FAIL	java.lang.AssertionError	expected:<Sun Jan 09 05:49:53 UTC 2011> but was:<Sun Jan 09 13:49:53 UTC 2011>	org.junit.Assert.fail|org.junit.Assert.failNotEquals|org.junit.Assert.assertEquals|org.junit.Assert.assertEquals|com.alibaba.json.bvt.parser.DefaultExtJSONParser_parseArray.test_8|sun.reflect.NativeMethodAccessorImpl.invoke0|sun.reflect.NativeMethodAccessorImpl.invoke|sun.reflect.DelegatingMethodAccessorImpl.invoke|java.lang.reflect.Method.invoke|junit.framework.TestCase.runTest|junit.framework.TestCase.runBare|junit.framework.TestResult$1.protect	18
c521	FT	1	com.alibaba.json.bvt.parser.ParserSpecialCharTest#test_11	PASS				306
c521	FT	2	com.alibaba.json.bvt.parser.DefaultExtJSONParser_parseArray#test_8	FAIL	java.lang.AssertionError	expected:<Sun Jan 09 05:49:53 UTC 2011> but was:<Sun Jan 09 13:49:53 UTC 2011>	org.junit.Assert.fail|org.junit.Assert.failNotEquals|org.junit.Assert.assertEquals|org.junit.Assert.assertEquals|com.alibaba.json.bvt.parser.DefaultExtJSONParser_parseArray.test_8|sun.reflect.NativeMethodAccessorImpl.invoke0|sun.reflect.NativeMethodAccessorImpl.invoke|sun.reflect.DelegatingMethodAccessorImpl.invoke|java.lang.reflect.Method.invoke|junit.framework.TestCase.runTest|junit.framework.TestCase.runBare|junit.framework.TestResult$1.protect	21
c522	FT	1	com.alibaba.json.bvt.parser.ParserSpecialCharTest#test_12	PASS				287
c522	FT	2	com.alibaba.json.bvt.parser.DefaultExtJSONParser_parseArray#test_8	FAIL	java.lang.AssertionError	expected:<Sun Jan 09 05:49:53 UTC 2011> but was:<Sun Jan 09 13:49:53 UTC 2011>	org.junit.Assert.fail|org.junit.Assert.failNotEquals|org.junit.Assert.assertEquals|org.junit.Assert.assertEquals|com.alibaba.json.bvt.parser.DefaultExtJSONParser_parseArray.test_8|sun.reflect.NativeMethodAccessorImpl.invoke0|sun.reflect.NativeMethodAccessorImpl.invoke|sun.reflect.DelegatingMethodAccessorImpl.invoke|java.lang.reflect.Method.invoke|junit.framework.TestCase.runTest|junit.framework.TestCase.runBare|junit.framework.TestResult$1.protect	16
c523	FT	1	com.alibaba.json.bvt.parser.ParserSpecialCharTest#test_13	PASS				-441
c523	FT	2	com.alibaba.json.bvt.parser.DefaultExtJSONParser_parseArray#test_8	FAIL	java.lang.AssertionError	expected:<Sun Jan 09 05:49:53 UTC 2011> but was:<Sun Jan 09 13:49:53 UTC 2011>	org.junit.Assert.fail|org.junit.Assert.failNotEquals|org.junit.Assert.assertEquals|org.junit.Assert.assertEquals|com.alibaba.json.bvt.parser.DefaultExtJSONParser_parseArray.test_8|sun.reflect.NativeMethodAccessorImpl.invoke0|sun.reflect.NativeMethodAccessorImpl.invoke|sun.reflect.DelegatingMethodAccessorImpl.invoke|java.lang.reflect.Method.invoke|junit.framework.TestCase.runTest|junit.framework.TestCase.runBare|junit.framework.TestResult$1.protect	15
c524	FT	1	com.alibaba.json.bvt.parser.ParserSpecialCharTest#test_2	PASS				295
c524	FT	2	com.alibaba.json.bvt.parser.DefaultExtJSONParser_parseArray#test_8	FAIL	java.lang.AssertionError	expected:<Sun Jan 09 05:49:53 UTC 2011> but was:<Sun Jan 09 13:49:53 UTC 2011>	org.junit.Assert.fail|org.junit.Assert.failNotEquals|org.junit.Assert.assertEquals|org.junit.Assert.assertEquals|com.alibaba.json.bvt.parser.DefaultExtJSONParser_parseArray.test_8|sun.reflect.NativeMethodAccessorImpl.invoke0|sun.reflect.NativeMethodAccessorImpl.invoke|sun.reflect.DelegatingMethodAccessorImpl.invoke|java.lang.reflect.Method.invoke|junit.framework.TestCase.runTest|junit.framework.TestCase.runBare|junit.framework.TestResult$1.protect	18
c525	FT	1	com.alibaba.json.bvt.parser.ParserSpecialCharTest#test_3	PASS				298
c525	FT	2	com.alibaba.json.bvt.parser.DefaultExtJSONParser_parseArray#test_8	FAIL	java.lang.AssertionError	expected:<Sun Jan 09 05:49:53 UTC 2011> but was:<Sun Jan 09 13:49:53 UTC 2011>	org.junit.Assert.fail|org.junit.Assert.failNotEquals|org.junit.Assert.assertEquals|org.junit.Assert.assertEquals|com.alibaba.json.bvt.parser.DefaultExtJSONParser_parseArray.test_8|sun.reflect.NativeMethodAccessorImpl.invoke0|sun.reflect.NativeMethodAccessorImpl.invoke|sun.reflect.DelegatingMethodAccessorImpl.invoke|java.lang.reflect.Method.invoke|junit.framework.TestCase.runTest|junit.framework.TestCase.runBare|junit.framework.TestResult$1.protect	18
c526	FT	1	com.alibaba.json.bvt.parser.ParserSpecialCharTest#test_34	PASS				303
c526	FT	2	com.alibaba.json.bvt.parser.DefaultExtJSONParser_parseArray#test_8	FAIL	java.lang.AssertionError	expected:<Sun Jan 09 05:49:53 UTC 2011> but was:<Sun Jan 09 13:49:53 UTC 2011>	org.junit.Assert.fail|org.junit.Assert.failNotEquals|org.junit.Assert.assertEquals|org.junit.Assert.assertEquals|com.alibaba.json.bvt.parser.DefaultExtJSONParser_parseArray.test_8|sun.reflect.NativeMethodAccessorImpl.invoke0|sun.reflect.NativeMethodAccessorImpl.invoke|sun.reflect.DelegatingMethodAccessorImpl.invoke|java.lang.reflect.Method.invoke|junit.framework.TestCase.runTest|junit.framework.TestCase.runBare|junit.framework.TestResult$1.protect	18
c527	FT	1	com.alibaba.json.bvt.parser.ParserSpecialCharTest#test_39	PASS				293
c527	FT	2	com.alibaba.json.bvt.parser.DefaultExtJSONParser_parseArray#test_8	FAIL	java.lang.AssertionError	expected:<Sun Jan 09 05:49:53 UTC 2011> but was:<Sun Jan 09 13:49:53 UTC 2011>	org.junit.Assert.fail|org.junit.Assert.failNotEquals|org.junit.Assert.assertEquals|org.junit.Assert.assertEquals|com.alibaba.json.bvt.parser.DefaultExtJSONParser_parseArray.test_8|sun.reflect.NativeMethodAccessorImpl.invoke0|sun.reflect.NativeMethodAccessorImpl.invoke|sun.reflect.DelegatingMethodAccessorImpl.invoke|java.lang.reflect.Method.invoke|junit.framework.TestCase.runTest|junit.framework.TestCase.runBare|junit.framework.TestResult$1.protect	16
c528	FT	1	com.alibaba.json.bvt.parser.ParserSpecialCharTest#test_4	PASS				309
c528	FT	2	com.alibaba.json.bvt.parser.DefaultExtJSONParser_parseArray#test_8	FAIL	java.lang.AssertionError	expected:<Sun Jan 09 05:49:53 UTC 2011> but was:<Sun Jan 09 13:49:53 UTC 2011>	org.junit.Assert.fail|org.junit.Assert.failNotEquals|org.junit.Assert.assertEquals|org.junit.Assert.assertEquals|com.alibaba.json.bvt.parser.DefaultExtJSONParser_parseArray.test_8|sun.reflect.NativeMethodAccessorImpl.invoke0|sun.reflect.NativeMethodAccessorImpl.invoke|sun.reflect.DelegatingMethodAccessorImpl.invoke|java.lang.reflect.Method.invoke|junit.framework.TestCase.runTest|junit.framework.TestCase.runBare|junit.framework.TestResult$1.protect	16
c529	FT	1	com.alibaba.json.bvt.parser.ParserSpecialCharTest#test_47	PASS				282
c529	FT	2	com.alibaba.json.bvt.parser.DefaultExtJSONParser_parseArray#test_8	FAIL	java.lang.AssertionError	expected:<Sun Jan 09 05:49:53 UTC 2011> but was:<Sun Jan 09 13:49:53 UTC 2011>	org.junit.Assert.fail|org.junit.Assert.failNotEquals|org.junit.Assert.assertEquals|org.junit.Assert.assertEquals|com.alibaba.json.bvt.parser.DefaultExtJSONParser_parseArray.test_8|sun.reflect.NativeMethodAccessorImpl.invoke0|sun.reflect.NativeMethodAccessorImpl.invoke|sun.reflect.DelegatingMethodAccessorImpl.invoke|java.lang.reflect.Method.invoke|junit.framework.TestCase.runTest|junit.framework.TestCase.runBare|junit.framework.TestResult$1.protect	18
c530	FT	1	com.alibaba.json.bvt.parser.ParserSpecialCharTest#test_5	PASS				290
c530	FT	2	com.alibaba.json.bvt.parser.DefaultExtJSONParser_parseArray#test_8	FAIL	java.lang.AssertionError	expected:<Sun Jan 09 05:49:53 UTC 2011> but was:<Sun Jan 09 13:49:53 UTC 2011>	org.junit.Assert.fail|org.junit.Assert.failNotEquals|org.junit.Assert.assertEquals|org.junit.Assert.assertEquals|com.alibaba.json.bvt.parser.DefaultExtJSONParser_parseArray.test_8|sun.reflect.NativeMethodAccessorImpl.invoke0|sun.reflect.NativeMethodAccessorImpl.invoke|sun.reflect.DelegatingMethodAccessorImpl.invoke|java.lang.reflect.Method.invoke|junit.framework.TestCase.runTest|junit.framework.TestCase.runBare|junit.framework.TestResult$1.protect	18
c531	FT	1	com.alibaba.json.bvt.parser.ParserSpecialCharTest#test_6	PASS				294
c531	FT	2	com.alibaba.json.bvt.parser.DefaultExtJSONParser_parseArray#test_8	FAIL	java.lang.AssertionError	expected:<Sun Jan 09 05:49:53 UTC 2011> but was:<Sun Jan 09 13:49:53 UTC 2011>	org.junit.Assert.fail|org.junit.Assert.failNotEquals|org.junit.Assert.assertEquals|org.junit.Assert.assertEquals|com.alibaba.json.bvt.parser.DefaultExtJSONParser_parseArray.test_8|sun.reflect.NativeMethodAccessorImpl.invoke0|sun.reflect.NativeMethodAccessorImpl.invoke|sun.reflect.DelegatingMethodAccessorImpl.invoke|java.lang.reflect.Method.invoke|junit.framework.TestCase.runTest|junit.framework.TestCase.runBare|junit.framework.TestResult$1.protect	16
c532	FT	1	com.alibaba.json.bvt.parser.ParserSpecialCharTest#test_7	PASS				288
c532	FT	2	com.alibaba.json.bvt.parser.DefaultExtJSONParser_parseArray#test_8	FAIL	java.lang.AssertionError	expected:<Sun Jan 09 05:49:53 UTC 2011> but was:<Sun Jan 09 13:49:53 UTC 2011>	org.junit.Assert.fail|org.junit.Assert.failNotEquals|org.junit.Assert.assertEquals|org.junit.Assert.assertEquals|com.alibaba.json.bvt.parser.DefaultExtJSONParser_parseArray.test_8|sun.reflect.NativeMethodAccessorImpl.invoke0|sun.reflect.NativeMethodAccessorImpl.invoke|sun.reflect.DelegatingMethodAccessorImpl.invoke|java.lang.reflect.Method.invoke|junit.framework.TestCase.runTest|junit.framework.TestCase.runBare|junit.framework.TestResult$1.protect	17
c533	FT	1	com.alibaba.json.bvt.parser.ParserSpecialCharTest#test_8	PASS				292
c533	FT	2	com.alibaba.json.bvt.parser.DefaultExtJSONParser_parseArray#test_8	FAIL	java.lang.AssertionError	expected:<Sun Jan 09 05:49:53 UTC 2011> but was:<Sun Jan 09 13:49:53 UTC 2011>	org.junit.Assert.fail|org.junit.Assert.failNotEquals|org.junit.Assert.assertEquals|org.junit.Assert.assertEquals|com.alibaba.json.bvt.parser.DefaultExtJSONParser_parseArray.test_8|sun.reflect.NativeMethodAccessorImpl.invoke0|sun.reflect.NativeMethodAccessorImpl.invoke|sun.reflect.DelegatingMethodAccessorImpl.invoke|java.lang.reflect.Method.invoke|junit.framework.TestCase.runTest|junit.framework.TestCase.runBare|junit.framework.TestResult$1.protect	16
c534	FT	1	com.alibaba.json.bvt.parser.ParserSpecialCharTest#test_9	PASS				275
c534	FT	2	com.alibaba.json.bvt.parser.DefaultExtJSONParser_parseArray#test_8	FAIL	java.lang.AssertionError	expected:<Sun Jan 09 05:49:53 UTC 2011> but was:<Sun Jan 09 13:49:53 UTC 2011>	org.junit.Assert.fail|org.junit.Assert.failNotEquals|org.junit.Assert.assertEquals|org.junit.Assert.assertEquals|com.alibaba.json.bvt.parser.DefaultExtJSONParser_parseArray.test_8|sun.reflect.NativeMethodAccessorImpl.invoke0|sun.reflect.NativeMethodAccessorImpl.invoke|sun.reflect.DelegatingMethodAccessorImpl.invoke|java.lang.reflect.Method.invoke|junit.framework.TestCase.runTest|junit.framework.TestCase.runBare|junit.framework.TestResult$1.protect	16
c535	FT	1	com.alibaba.json.bvt.parser.ParserSpecialCharTest#test_92	PASS				292
c535	FT	2	com.alibaba.json.bvt.parser.DefaultExtJSONParser_parseArray#test_8	FAIL	java.lang.AssertionError	expected:<Sun Jan 09 05:49:53 UTC 2011> but was:<Sun Jan 09 13:49:53 UTC 2011>	org.junit.Assert.fail|org.junit.Assert.failNotEquals|org.junit.Assert.assertEquals|org.junit.Assert.assertEquals|com.alibaba.json.bvt.parser.DefaultExtJSONParser_parseArray.test_8|sun.reflect.NativeMethodAccessorImpl.invoke0|sun.reflect.NativeMethodAccessorImpl.invoke|sun.reflect.DelegatingMethodAccessorImpl.invoke|java.lang.reflect.Method.invoke|junit.framework.TestCase.runTest|junit.framework.TestCase.runBare|junit.framework.TestResult$1.protect	16
c536	FT	1	com.alibaba.json.bvt.parser.ParserSpecialCharTest_map#test_0	PASS				323
c536	FT	2	com.alibaba.json.bvt.parser.DefaultExtJSONParser_parseArray#test_8	FAIL	java.lang.AssertionError	expected:<Sun Jan 09 05:49:53 UTC 2011> but was:<Sun Jan 09 13:49:53 UTC 2011>	org.junit.Assert.fail|org.junit.Assert.failNotEquals|org.junit.Assert.assertEquals|org.junit.Assert.assertEquals|com.alibaba.json.bvt.parser.DefaultExtJSONParser_parseArray.test_8|sun.reflect.NativeMethodAccessorImpl.invoke0|sun.reflect.NativeMethodAccessorImpl.invoke|sun.reflect.DelegatingMethodAccessorImpl.invoke|java.lang.reflect.Method.invoke|junit.framework.TestCase.runTest|junit.framework.TestCase.runBare|junit.framework.TestResult$1.protect	24
c537	FT	1	com.alibaba.json.bvt.parser.ParserSpecialCharTest_map#test_1	PASS				321
c537	FT	2	com.alibaba.json.bvt.parser.DefaultExtJSONParser_parseArray#test_8	FAIL	java.lang.AssertionError	expected:<Sun Jan 09 05:49:53 UTC 2011> but was:<Sun Jan 09 13:49:53 UTC 2011>	org.junit.Assert.fail|org.junit.Assert.failNotEquals|org.junit.Assert.assertEquals|org.junit.Assert.assertEquals|com.alibaba.json.bvt.parser.DefaultExtJSONParser_parseArray.test_8|sun.reflect.NativeMethodAccessorImpl.invoke0|sun.reflect.NativeMethodAccessorImpl.invoke|sun.reflect.DelegatingMethodAccessorImpl.invoke|java.lang.reflect.Method.invoke|junit.framework.TestCase.runTest|junit.framework.TestCase.runBare|junit.framework.TestResult$1.protect	22
c538	FT	1	com.alibaba.json.bvt.parser.ParserSpecialCharTest_map#test_10	PASS				331
c538	FT	2	com.alibaba.json.bvt.parser.DefaultExtJSONParser_parseArray#test_8	FAIL	java.lang.AssertionError	expected:<Sun Jan 09 05:49:53 UTC 2011> but was:<Sun Jan 09 13:49:53 UTC 2011>	org.junit.Assert.fail|org.junit.Assert.failNotEquals|org.junit.Assert.assertEquals|org.junit.Assert.assertEquals|com.alibaba.json.bvt.parser.DefaultExtJSONParser_parseArray.test_8|sun.reflect.NativeMethodAccessorImpl.invoke0|sun.reflect.NativeMethodAccessorImpl.invoke|sun.reflect.DelegatingMethodAccessorImpl.invoke|java.lang.reflect.Method.invoke|junit.framework.TestCase.runTest|junit.framework.TestCase.runBare|junit.framework.TestResult$1.protect	21
c539	FT	1	com.alibaba.json.bvt.parser.ParserSpecialCharTest_map#test_11	PASS				295
c539	FT	2	com.alibaba.json.bvt.parser.DefaultExtJSONParser_parseArray#test_8	FAIL	java.lang.AssertionError	expected:<Sun Jan 09 05:49:53 UTC 2011> but was:<Sun Jan 09 13:49:53 UTC 2011>	org.junit.Assert.fail|org.junit.Assert.failNotEquals|org.junit.Assert.assertEquals|org.junit.Assert.assertEquals|com.alibaba.json.bvt.parser.DefaultExtJSONParser_parseArray.test_8|sun.reflect.NativeMethodAccessorImpl.invoke0|sun.reflect.NativeMethodAccessorImpl.invoke|sun.reflect.DelegatingMethodAccessorImpl.invoke|java.lang.reflect.Method.invoke|junit.framework.TestCase.runTest|junit.framework.TestCase.runBare|junit.framework.TestResult$1.protect	18
c540	FT	1	com.alibaba.json.bvt.parser.ParserSpecialCharTest_map#test_12	PASS				276
c540	FT	2	com.alibaba.json.bvt.parser.DefaultExtJSONParser_parseArray#test_8	FAIL	java.lang.AssertionError	expected:<Sun Jan 09 05:49:53 UTC 2011> but was:<Sun Jan 09 13:49:53 UTC 2011>	org.junit.Assert.fail|org.junit.Assert.failNotEquals|org.junit.Assert.assertEquals|org.junit.Assert.assertEquals|com.alibaba.json.bvt.parser.DefaultExtJSONParser_parseArray.test_8|sun.reflect.NativeMethodAccessorImpl.invoke0|sun.reflect.NativeMethodAccessorImpl.invoke|sun.reflect.DelegatingMethodAccessorImpl.invoke|java.lang.reflect.Method.invoke|junit.framework.TestCase.runTest|junit.framework.TestCase.runBare|junit.framework.TestResult$1.protect	18
c541	FT	1	com.alibaba.json.bvt.parser.ParserSpecialCharTest_map#test_13	PASS				288
c541	FT	2	com.alibaba.json.bvt.parser.DefaultExtJSONParser_parseArray#test_8	FAIL	java.lang.AssertionError	expected:<Sun Jan 09 05:49:53 UTC 2011> but was:<Sun Jan 09 13:49:53 UTC 2011>	org.junit.Assert.fail|org.junit.Assert.failNotEquals|org.junit.Assert.assertEquals|org.junit.Assert.assertEquals|com.alibaba.json.bvt.parser.DefaultExtJSONParser_parseArray.test_8|sun.reflect.NativeMethodAccessorImpl.invoke0|sun.reflect.NativeMethodAccessorImpl.invoke|sun.reflect.DelegatingMethodAccessorImpl.invoke|java.lang.reflect.Method.invoke|junit.framework.TestCase.runTest|junit.framework.TestCase.runBare|junit.framework.TestResult$1.protect	17
c542	FT	1	com.alibaba.json.bvt.parser.ParserSpecialCharTest_map#test_2	PASS				291
c542	FT	2	com.alibaba.json.bvt.parser.DefaultExtJSONParser_parseArray#test_8	FAIL	java.lang.AssertionError	expected:<Sun Jan 09 05:49:53 UTC 2011> but was:<Sun Jan 09 13:49:53 UTC 2011>	org.junit.Assert.fail|org.junit.Assert.failNotEquals|org.junit.Assert.assertEquals|org.junit.Assert.assertEquals|com.alibaba.json.bvt.parser.DefaultExtJSONParser_parseArray.test_8|sun.reflect.NativeMethodAccessorImpl.invoke0|sun.reflect.NativeMethodAccessorImpl.invoke|sun.reflect.DelegatingMethodAccessorImpl.invoke|java.lang.reflect.Method.invoke|junit.framework.TestCase.runTest|junit.framework.TestCase.runBare|junit.framework.TestResult$1.protect	22
c543	FT	1	com.alibaba.json.bvt.parser.ParserSpecialCharTest_map#test_3	PASS				281
c543	FT	2	com.alibaba.json.bvt.parser.DefaultExtJSONParser_parseArray#test_8	FAIL	java.lang.AssertionError	expected:<Sun Jan 09 05:49:53 UTC 2011> but was:<Sun Jan 09 13:49:53 UTC 2011>	org.junit.Assert.fail|org.junit.Assert.failNotEquals|org.junit.Assert.assertEquals|org.junit.Assert.assertEquals|com.alibaba.json.bvt.parser.DefaultExtJSONParser_parseArray.test_8|sun.reflect.NativeMethodAccessorImpl.invoke0|sun.reflect.NativeMethodAccessorImpl.invoke|sun.reflect.DelegatingMethodAccessorImpl.invoke|java.lang.reflect.Method.invoke|junit.framework.TestCase.runTest|junit.framework.TestCase.runBare|junit.framework.TestResult$1.protect	18
c544	FT	1	com.alibaba.json.bvt.parser.ParserSpecialCharTest_map#test_34	PASS				281
c544	FT	2	com.alibaba.json.bvt.parser.DefaultExtJSONParser_parseArray#test_8	FAIL	java.lang.AssertionError	expected:<Sun Jan 09 05:49:53 UTC 2011> but was:<Sun Jan 09 13:49:53 UTC 2011>	org.junit.Assert.fail|org.junit.Assert.failNotEquals|org.junit.Assert.assertEquals|org.junit.Assert.assertEquals|com.alibaba.json.bvt.parser.DefaultExtJSONParser_parseArray.test_8|sun.reflect.NativeMethodAccessorImpl.invoke0|sun.reflect.NativeMethodAccessorImpl.invoke|sun.reflect.DelegatingMethodAccessorImpl.invoke|java.lang.reflect.Method.invoke|junit.framework.TestCase.runTest|junit.framework.TestCase.runBare|junit.framework.TestResult$1.protect	18
c545	FT	1	com.alibaba.json.bvt.parser.ParserSpecialCharTest_map#test_39	PASS				283
c545	FT	2	com.alibaba.json.bvt.parser.DefaultExtJSONParser_parseArray#test_8	FAIL	java.lang.AssertionError	expected:<Sun Jan 09 05:49:53 UTC 2011> but was:<Sun Jan 09 13:49:53 UTC 2011>	org.junit.Assert.fail|org.junit.Assert.failNotEquals|org.junit.Assert.assertEquals|org.junit.Assert.assertEquals|com.alibaba.json.bvt.parser.DefaultExtJSONParser_parseArray.test_8|sun.reflect.NativeMethodAccessorImpl.invoke0|sun.reflect.NativeMethodAccessorImpl.invoke|sun.reflect.DelegatingMethodAccessorImpl.invoke|java.lang.reflect.Method.invoke|junit.framework.TestCase.runTest|junit.framework.TestCase.runBare|junit.framework.TestResult$1.protect	21
c546	FT	1	com.alibaba.json.bvt.parser.ParserSpecialCharTest_map#test_4	PASS				272
c546	FT	2	com.alibaba.json.bvt.parser.DefaultExtJSONParser_parseArray#test_8	FAIL	java.lang.AssertionError	expected:<Sun Jan 09 05:49:53 UTC 2011> but was:<Sun Jan 09 13:49:53 UTC 2011>	org.junit.Assert.fail|org.junit.Assert.failNotEquals|org.junit.Assert.assertEquals|org.junit.Assert.assertEquals|com.alibaba.json.bvt.parser.DefaultExtJSONParser_parseArray.test_8|sun.reflect.NativeMethodAccessorImpl.invoke0|sun.reflect.NativeMethodAccessorImpl.invoke|sun.reflect.DelegatingMethodAccessorImpl.invoke|java.lang.reflect.Method.invoke|junit.framework.TestCase.runTest|junit.framework.TestCase.runBare|junit.framework.TestResult$1.protect	18
c547	FT	1	com.alibaba.json.bvt.parser.ParserSpecialCharTest_map#test_47	PASS				286
c547	FT	2	com.alibaba.json.bvt.parser.DefaultExtJSONParser_parseArray#test_8	FAIL	java.lang.AssertionError	expected:<Sun Jan 09 05:49:53 UTC 2011> but was:<Sun Jan 09 13:49:53 UTC 2011>	org.junit.Assert.fail|org.junit.Assert.failNotEquals|org.junit.Assert.assertEquals|org.junit.Assert.assertEquals|com.alibaba.json.bvt.parser.DefaultExtJSONParser_parseArray.test_8|sun.reflect.NativeMethodAccessorImpl.invoke0|sun.reflect.NativeMethodAccessorImpl.invoke|sun.reflect.DelegatingMethodAccessorImpl.invoke|java.lang.reflect.Method.invoke|junit.framework.TestCase.runTest|junit.framework.TestCase.runBare|junit.framework.TestResult$1.protect	18
c548	FT	1	com.alibaba.json.bvt.parser.ParserSpecialCharTest_map#test_5	PASS				301
c548	FT	2	com.alibaba.json.bvt.parser.DefaultExtJSONParser_parseArray#test_8	FAIL	java.lang.AssertionError	expected:<Sun Jan 09 05:49:53 UTC 2011> but was:<Sun Jan 09 13:49:53 UTC 2011>	org.junit.Assert.fail|org.junit.Assert.failNotEquals|org.junit.Assert.assertEquals|org.junit.Assert.assertEquals|com.alibaba.json.bvt.parser.DefaultExtJSONParser_parseArray.test_8|sun.reflect.NativeMethodAccessorImpl.invoke0|sun.reflect.NativeMethodAccessorImpl.invoke|sun.reflect.DelegatingMethodAccessorImpl.invoke|java.lang.reflect.Method.invoke|junit.framework.TestCase.runTest|junit.framework.TestCase.runBare|junit.framework.TestResult$1.protect	19
c549	FT	1	com.alibaba.json.bvt.parser.ParserSpecialCharTest_map#test_6	PASS				317
c549	FT	2	com.alibaba.json.bvt.parser.DefaultExtJSONParser_parseArray#test_8	FAIL	java.lang.AssertionError	expected:<Sun Jan 09 05:49:53 UTC 2011> but was:<Sun Jan 09 13:49:53 UTC 2011>	org.junit.Assert.fail|org.junit.Assert.failNotEquals|org.junit.Assert.assertEquals|org.junit.Assert.assertEquals|com.alibaba.json.bvt.parser.DefaultExtJSONParser_parseArray.test_8|sun.reflect.NativeMethodAccessorImpl.invoke0|sun.reflect.NativeMethodAccessorImpl.invoke|sun.reflect.DelegatingMethodAccessorImpl.invoke|java.lang.reflect.Method.invoke|junit.framework.TestCase.runTest|junit.framework.TestCase.runBare|junit.framework.TestResult$1.protect	19
c550	FT	1	com.alibaba.json.bvt.parser.ParserSpecialCharTest_map#test_7	PASS				280
c550	FT	2	com.alibaba.json.bvt.parser.DefaultExtJSONParser_parseArray#test_8	FAIL	java.lang.AssertionError	expected:<Sun Jan 09 05:49:53 UTC 2011> but was:<Sun Jan 09 13:49:53 UTC 2011>	org.junit.Assert.fail|org.junit.Assert.failNotEquals|org.junit.Assert.assertEquals|org.junit.Assert.assertEquals|com.alibaba.json.bvt.parser.DefaultExtJSONParser_parseArray.test_8|sun.reflect.NativeMethodAccessorImpl.invoke0|sun.reflect.NativeMethodAccessorImpl.invoke|sun.reflect.DelegatingMethodAccessorImpl.invoke|java.lang.reflect.Method.invoke|junit.framework.TestCase.runTest|junit.framework.TestCase.runBare|junit.framework.TestResult$1.protect	17
c551	FT	1	com.alibaba.json.bvt.parser.ParserSpecialCharTest_map#test_8	PASS				267
c551	FT	2	com.alibaba.json.bvt.parser.DefaultExtJSONParser_parseArray#test_8	FAIL	java.lang.AssertionError	expected:<Sun Jan 09 05:49:53 UTC 2011> but was:<Sun Jan 09 13:49:53 UTC 2011>	org.junit.Assert.fail|org.junit.Assert.failNotEquals|org.junit.Assert.assertEquals|org.junit.Assert.assertEquals|com.alibaba.json.bvt.parser.DefaultExtJSONParser_parseArray.test_8|sun.reflect.NativeMethodAccessorImpl.invoke0|sun.reflect.NativeMethodAccessorImpl.invoke|sun.reflect.DelegatingMethodAccessorImpl.invoke|java.lang.reflect.Method.invoke|junit.framework.TestCase.runTest|junit.framework.TestCase.runBare|junit.framework.TestResult$1.protect	17
c552	FT	1	com.alibaba.json.bvt.parser.ParserSpecialCharTest_map#test_9	PASS				272
c552	FT	2	com.alibaba.json.bvt.parser.DefaultExtJSONParser_parseArray#test_8	FAIL	java.lang.AssertionError	expected:<Sun Jan 09 05:49:53 UTC 2011> but was:<Sun Jan 09 13:49:53 UTC 2011>	org.junit.Assert.fail|org.junit.Assert.failNotEquals|org.junit.Assert.assertEquals|org.junit.Assert.assertEquals|com.alibaba.json.bvt.parser.DefaultExtJSONParser_parseArray.test_8|sun.reflect.NativeMethodAccessorImpl.invoke0|sun.reflect.NativeMethodAccessorImpl.invoke|sun.reflect.DelegatingMethodAccessorImpl.invoke|java.lang.reflect.Method.invoke|junit.framework.TestCase.runTest|junit.framework.TestCase.runBare|junit.framework.TestResult$1.protect	18
c553	FT	1	com.alibaba.json.bvt.parser.ParserSpecialCharTest_map#test_92	PASS				267
c553	FT	2	com.alibaba.json.bvt.parser.DefaultExtJSONParser_parseArray#test_8	FAIL	java.lang.AssertionError	expected:<Sun Jan 09 05:49:53 UTC 2011> but was:<Sun Jan 09 13:49:53 UTC 2011>	org.junit.Assert.fail|org.junit.Assert.failNotEquals|org.junit.Assert.assertEquals|org.junit.Assert.assertEquals|com.alibaba.json.bvt.parser.DefaultExtJSONParser_parseArray.test_8|sun.reflect.NativeMethodAccessorImpl.invoke0|sun.reflect.NativeMethodAccessorImpl.invoke|sun.reflect.DelegatingMethodAccessorImpl.invoke|java.lang.reflect.Method.invoke|junit.framework.TestCase.runTest|junit.framework.TestCase.runBare|junit.framework.TestResult$1.protect	17
c554	FT	1	com.alibaba.json.bvt.parser.ParserSpecialCharTest_map_singleQuote#test_0	PASS				270
c554	FT	2	com.alibaba.json.bvt.parser.DefaultExtJSONParser_parseArray#test_8	FAIL	java.lang.AssertionError	expected:<Sun Jan 09 05:49:53 UTC 2011> but was:<Sun Jan 09 13:49:53 UTC 2011>	org.junit.Assert.fail|org.junit.Assert.failNotEquals|org.junit.Assert.assertEquals|org.junit.Assert.assertEquals|com.alibaba.json.bvt.parser.DefaultExtJSONParser_parseArray.test_8|sun.reflect.NativeMethodAccessorImpl.invoke0|sun.reflect.NativeMethodAccessorImpl.invoke|sun.reflect.DelegatingMethodAccessorImpl.invoke|java.lang.reflect.Method.invoke|junit.framework.TestCase.runTest|junit.framework.TestCase.runBare|junit.framework.TestResult$1.protect	18
c555	FT	1	com.alibaba.json.bvt.parser.ParserSpecialCharTest_map_singleQuote#test_1	PASS				269
c555	FT	2	com.alibaba.json.bvt.parser.DefaultExtJSONParser_parseArray#test_8	FAIL	java.lang.AssertionError	expected:<Sun Jan 09 05:49:53 UTC 2011> but was:<Sun Jan 09 13:49:53 UTC 2011>	org.junit.Assert.fail|org.junit.Assert.failNotEquals|org.junit.Assert.assertEquals|org.junit.Assert.assertEquals|com.alibaba.json.bvt.parser.DefaultExtJSONParser_parseArray.test_8|sun.reflect.NativeMethodAccessorImpl.invoke0|sun.reflect.NativeMethodAccessorImpl.invoke|sun.reflect.DelegatingMethodAccessorImpl.invoke|java.lang.reflect.Method.invoke|junit.framework.TestCase.runTest|junit.framework.TestCase.runBare|junit.framework.TestResult$1.protect	17
c556	FT	1	com.alibaba.json.bvt.parser.ParserSpecialCharTest_map_singleQuote#test_10	PASS				276
c556	FT	2	com.alibaba.json.bvt.parser.DefaultExtJSONParser_parseArray#test_8	FAIL	java.lang.AssertionError	expected:<Sun Jan 09 05:49:53 UTC 2011> but was:<Sun Jan 09 13:49:53 UTC 2011>	org.junit.Assert.fail|org.junit.Assert.failNotEquals|org.junit.Assert.assertEquals|org.junit.Assert.assertEquals|com.alibaba.json.bvt.parser.DefaultExtJSONParser_parseArray.test_8|sun.reflect.NativeMethodAccessorImpl.invoke0|sun.reflect.NativeMethodAccessorImpl.invoke|sun.reflect.DelegatingMethodAccessorImpl.invoke|java.lang.reflect.Method.invoke|junit.framework.TestCase.runTest|junit.framework.TestCase.runBare|junit.framework.TestResult$1.protect	16
c557	FT	1	com.alibaba.json.bvt.parser.ParserSpecialCharTest_map_singleQuote#test_11	PASS				270
c557	FT	2	com.alibaba.json.bvt.parser.DefaultExtJSONParser_parseArray#test_8	FAIL	java.lang.AssertionError	expected:<Sun Jan 09 05:49:53 UTC 2011> but was:<Sun Jan 09 13:49:53 UTC 2011>	org.junit.Assert.fail|org.junit.Assert.failNotEquals|org.junit.Assert.assertEquals|org.junit.Assert.assertEquals|com.alibaba.json.bvt.parser.DefaultExtJSONParser_parseArray.test_8|sun.reflect.NativeMethodAccessorImpl.invoke0|sun.reflect.NativeMethodAccessorImpl.invoke|sun.reflect.DelegatingMethodAccessorImpl.invoke|java.lang.reflect.Method.invoke|junit.framework.TestCase.runTest|junit.framework.TestCase.runBare|junit.framework.TestResult$1.protect	17
c558	FT	1	com.alibaba.json.bvt.parser.ParserSpecialCharTest_map_singleQuote#test_12	PASS				268
c558	FT	2	com.alibaba.json.bvt.parser.DefaultExtJSONParser_parseArray#test_8	FAIL	java.lang.AssertionError	expected:<Sun Jan 09 05:49:53 UTC 2011> but was:<Sun Jan 09 13:49:53 UTC 2011>	org.junit.Assert.fail|org.junit.Assert.failNotEquals|org.junit.Assert.assertEquals|org.junit.Assert.assertEquals|com.alibaba.json.bvt.parser.DefaultExtJSONParser_parseArray.test_8|sun.reflect.NativeMethodAccessorImpl.invoke0|sun.reflect.NativeMethodAccessorImpl.invoke|sun.reflect.DelegatingMethodAccessorImpl.invoke|java.lang.reflect.Method.invoke|junit.framework.TestCase.runTest|junit.framework.TestCase.runBare|junit.framework.TestResult$1.protect	18
c559	FT	1	com.alibaba.json.bvt.parser.ParserSpecialCharTest_map_singleQuote#test_13	PASS				264
c559	FT	2	com.alibaba.json.bvt.parser.DefaultExtJSONParser_parseArray#test_8	FAIL	java.lang.AssertionError	expected:<Sun Jan 09 05:49:53 UTC 2011> but was:<Sun Jan 09 13:49:53 UTC 2011>	org.junit.Assert.fail|org.junit.Assert.failNotEquals|org.junit.Assert.assertEquals|org.junit.Assert.assertEquals|com.alibaba.json.bvt.parser.DefaultExtJSONParser_parseArray.test_8|sun.reflect.NativeMethodAccessorImpl.invoke0|sun.reflect.NativeMethodAccessorImpl.invoke|sun.reflect.DelegatingMethodAccessorImpl.invoke|java.lang.reflect.Method.invoke|junit.framework.TestCase.runTest|junit.framework.TestCase.runBare|junit.framework.TestResult$1.protect	17
c560	FT	1	com.alibaba.json.bvt.parser.ParserSpecialCharTest_map_singleQuote#test_2	PASS				269
c560	FT	2	com.alibaba.json.bvt.parser.DefaultExtJSONParser_parseArray#test_8	FAIL	java.lang.AssertionError	expected:<Sun Jan 09 05:49:53 UTC 2011> but was:<Sun Jan 09 13:49:53 UTC 2011>	org.junit.Assert.fail|org.junit.Assert.failNotEquals|org.junit.Assert.assertEquals|org.junit.Assert.assertEquals|com.alibaba.json.bvt.parser.DefaultExtJSONParser_parseArray.test_8|sun.reflect.NativeMethodAccessorImpl.invoke0|sun.reflect.NativeMethodAccessorImpl.invoke|sun.reflect.DelegatingMethodAccessorImpl.invoke|java.lang.reflect.Method.invoke|junit.framework.TestCase.runTest|junit.framework.TestCase.runBare|junit.framework.TestResult$1.protect	18
c561	FT	1	com.alibaba.json.bvt.parser.ParserSpecialCharTest_map_singleQuote#test_3	PASS				276
c561	FT	2	com.alibaba.json.bvt.parser.DefaultExtJSONParser_parseArray#test_8	FAIL	java.lang.AssertionError	expected:<Sun Jan 09 05:49:53 UTC 2011> but was:<Sun Jan 09 13:49:53 UTC 2011>	org.junit.Assert.fail|org.junit.Assert.failNotEquals|org.junit.Assert.assertEquals|org.junit.Assert.assertEquals|com.alibaba.json.bvt.parser.DefaultExtJSONParser_parseArray.test_8|sun.reflect.NativeMethodAccessorImpl.invoke0|sun.reflect.NativeMethodAccessorImpl.invoke|sun.reflect.DelegatingMethodAccessorImpl.invoke|java.lang.reflect.Method.invoke|junit.framework.TestCase.runTest|junit.framework.TestCase.runBare|junit.framework.TestResult$1.protect	18
c562	FT	1	com.alibaba.json.bvt.parser.ParserSpecialCharTest_map_singleQuote#test_34	PASS				259
c562	FT	2	com.alibaba.json.bvt.parser.DefaultExtJSONParser_parseArray#test_8	FAIL	java.lang.AssertionError	expected:<Sun Jan 09 05:49:53 UTC 2011> but was:<Sun Jan 09 13:49:53 UTC 2011>	org.junit.Assert.fail|org.junit.Assert.failNotEquals|org.junit.Assert.assertEquals|org.junit.Assert.assertEquals|com.alibaba.json.bvt.parser.DefaultExtJSONParser_parseArray.test_8|sun.reflect.NativeMethodAccessorImpl.invoke0|sun.reflect.NativeMethodAccessorImpl.invoke|sun.reflect.DelegatingMethodAccessorImpl.invoke|java.lang.reflect.Method.invoke|junit.framework.TestCase.runTest|junit.framework.TestCase.runBare|junit.framework.TestResult$1.protect	17
c563	FT	1	com.alibaba.json.bvt.parser.ParserSpecialCharTest_map_singleQuote#test_39	PASS				271
c563	FT	2	com.alibaba.json.bvt.parser.DefaultExtJSONParser_parseArray#test_8	FAIL	java.lang.AssertionError	expected:<Sun Jan 09 05:49:53 UTC 2011> but was:<Sun Jan 09 13:49:53 UTC 2011>	org.junit.Assert.fail|org.junit.Assert.failNotEquals|org.junit.Assert.assertEquals|org.junit.Assert.assertEquals|com.alibaba.json.bvt.parser.DefaultExtJSONParser_parseArray.test_8|sun.reflect.NativeMethodAccessorImpl.invoke0|sun.reflect.NativeMethodAccessorImpl.invoke|sun.reflect.DelegatingMethodAccessorImpl.invoke|java.lang.reflect.Method.invoke|junit.framework.TestCase.runTest|junit.framework.TestCase.runBare|junit.framework.TestResult$1.protect	19
c564	FT	1	com.alibaba.json.bvt.parser.ParserSpecialCharTest_map_singleQuote#test_4	PASS				265
c564	FT	2	com.alibaba.json.bvt.parser.DefaultExtJSONParser_parseArray#test_8	FAIL	java.lang.AssertionError	expected:<Sun Jan 09 05:49:53 UTC 2011> but was:<Sun Jan 09 13:49:53 UTC 2011>	org.junit.Assert.fail|org.junit.Assert.failNotEquals|org.junit.Assert.assertEquals|org.junit.Assert.assertEquals|com.alibaba.json.bvt.parser.DefaultExtJSONParser_parseArray.test_8|sun.reflect.NativeMethodAccessorImpl.invoke0|sun.reflect.NativeMethodAccessorImpl.invoke|sun.reflect.DelegatingMethodAccessorImpl.invoke|java.lang.reflect.Method.invoke|junit.framework.TestCase.runTest|junit.framework.TestCase.runBare|junit.framework.TestResult$1.protect	19
c565	FT	1	com.alibaba.json.bvt.parser.ParserSpecialCharTest_map_singleQuote#test_47	PASS				283
c565	FT	2	com.alibaba.json.bvt.parser.DefaultExtJSONParser_parseArray#test_8	FAIL	java.lang.AssertionError	expected:<Sun Jan 09 05:49:53 UTC 2011> but was:<Sun Jan 09 13:49:53 UTC 2011>	org.junit.Assert.fail|org.junit.Assert.failNotEquals|org.junit.Assert.assertEquals|org.junit.Assert.assertEquals|com.alibaba.json.bvt.parser.DefaultExtJSONParser_parseArray.test_8|sun.reflect.NativeMethodAccessorImpl.invoke0|sun.reflect.NativeMethodAccessorImpl.invoke|sun.reflect.DelegatingMethodAccessorImpl.invoke|java.lang.reflect.Method.invoke|junit.framework.TestCase.runTest|junit.framework.TestCase.runBare|junit.framework.TestResult$1.protect	20
c566	FT	1	com.alibaba.json.bvt.parser.ParserSpecialCharTest_map_singleQuote#test_5	PASS				283
c566	FT	2	com.alibaba.json.bvt.parser.DefaultExtJSONParser_parseArray#test_8	FAIL	java.lang.AssertionError	expected:<Sun Jan 09 05:49:53 UTC 2011> but was:<Sun Jan 09 13:49:53 UTC 2011>	org.junit.Assert.fail|org.junit.Assert.failNotEquals|org.junit.Assert.assertEquals|org.junit.Assert.assertEquals|com.alibaba.json.bvt.parser.DefaultExtJSONParser_parseArray.test_8|sun.reflect.NativeMethodAccessorImpl.invoke0|sun.reflect.NativeMethodAccessorImpl.invoke|sun.reflect.DelegatingMethodAccessorImpl.invoke|java.lang.reflect.Method.invoke|junit.framework.TestCase.runTest|junit.framework.TestCase.runBare|junit.framework.TestResult$1.protect	18
c567	FT	1	com.alibaba.json.bvt.parser.ParserSpecialCharTest_map_singleQuote#test_6	PASS				282
c567	FT	2	com.alibaba.json.bvt.parser.DefaultExtJSONParser_parseArray#test_8	FAIL	java.lang.AssertionError	expected:<Sun Jan 09 05:49:53 UTC 2011> but was:<Sun Jan 09 13:49:53 UTC 2011>	org.junit.Assert.fail|org.junit.Assert.failNotEquals|org.junit.Assert.assertEquals|org.junit.Assert.assertEquals|com.alibaba.json.bvt.parser.DefaultExtJSONParser_parseArray.test_8|sun.reflect.NativeMethodAccessorImpl.invoke0|sun.reflect.NativeMethodAccessorImpl.invoke|sun.reflect.DelegatingMethodAccessorImpl.invoke|java.lang.reflect.Method.invoke|junit.framework.TestCase.runTest|junit.framework.TestCase.runBare|junit.framework.TestResult$1.protect	16
c568	FT	1	com.alibaba.json.bvt.parser.ParserSpecialCharTest_map_singleQuote#test_7	PASS				327
c568	FT	2	com.alibaba.json.bvt.parser.DefaultExtJSONParser_parseArray#test_8	FAIL	java.lang.AssertionError	expected:<Sun Jan 09 05:49:53 UTC 2011> but was:<Sun Jan 09 13:49:53 UTC 2011>	org.junit.Assert.fail|org.junit.Assert.failNotEquals|org.junit.Assert.assertEquals|org.junit.Assert.assertEquals|com.alibaba.json.bvt.parser.DefaultExtJSONParser_parseArray.test_8|sun.reflect.NativeMethodAccessorImpl.invoke0|sun.reflect.NativeMethodAccessorImpl.invoke|sun.reflect.DelegatingMethodAccessorImpl.invoke|java.lang.reflect.Method.invoke|junit.framework.TestCase.runTest|junit.framework.TestCase.runBare|junit.framework.TestResult$1.protect	20
c569	FT	1	com.alibaba.json.bvt.parser.ParserSpecialCharTest_map_singleQuote#test_8	PASS				288
c569	FT	2	com.alibaba.json.bvt.parser.DefaultExtJSONParser_parseArray#test_8	FAIL	java.lang.AssertionError	expected:<Sun Jan 09 05:49:53 UTC 2011> but was:<Sun Jan 09 13:49:53 UTC 2011>	org.junit.Assert.fail|org.junit.Assert.failNotEquals|org.junit.Assert.assertEquals|org.junit.Assert.assertEquals|com.alibaba.json.bvt.parser.DefaultExtJSONParser_parseArray.test_8|sun.reflect.NativeMethodAccessorImpl.invoke0|sun.reflect.NativeMethodAccessorImpl.invoke|sun.reflect.DelegatingMethodAccessorImpl.invoke|java.lang.reflect.Method.invoke|junit.framework.TestCase.runTest|junit.framework.TestCase.runBare|junit.framework.TestResult$1.protect	18
c570	FT	1	com.alibaba.json.bvt.parser.ParserSpecialCharTest_map_singleQuote#test_9	PASS				292
c570	FT	2	com.alibaba.json.bvt.parser.DefaultExtJSONParser_parseArray#test_8	FAIL	java.lang.AssertionError	expected:<Sun Jan 09 05:49:53 UTC 2011> but was:<Sun Jan 09 13:49:53 UTC 2011>	org.junit.Assert.fail|org.junit.Assert.failNotEquals|org.junit.Assert.assertEquals|org.junit.Assert.assertEquals|com.alibaba.json.bvt.parser.DefaultExtJSONParser_parseArray.test_8|sun.reflect.NativeMethodAccessorImpl.invoke0|sun.reflect.NativeMethodAccessorImpl.invoke|sun.reflect.DelegatingMethodAccessorImpl.invoke|java.lang.reflect.Method.invoke|junit.framework.TestCase.runTest|junit.framework.TestCase.runBare|junit.framework.TestResult$1.protect	17
c571	FT	1	com.alibaba.json.bvt.parser.ParserSpecialCharTest_map_singleQuote#test_92	PASS				275
c571	FT	2	com.alibaba.json.bvt.parser.DefaultExtJSONParser_parseArray#test_8	FAIL	java.lang.AssertionError	expected:<Sun Jan 09 05:49:53 UTC 2011> but was:<Sun Jan 09 13:49:53 UTC 2011>	org.junit.Assert.fail|org.junit.Assert.failNotEquals|org.junit.Assert.assertEquals|org.junit.Assert.assertEquals|com.alibaba.json.bvt.parser.DefaultExtJSONParser_parseArray.test_8|sun.reflect.NativeMethodAccessorImpl.invoke0|sun.reflect.NativeMethodAccessorImpl.invoke|sun.reflect.DelegatingMethodAccessorImpl.invoke|java.lang.reflect.Method.invoke|junit.framework.TestCase.runTest|junit.framework.TestCase.runBare|junit.framework.TestResult$1.protect	17
c572	FT	1	com.alibaba.json.bvt.parser.PrivateConstrunctorTest#test_parse	PASS				307
c572	FT	2	com.alibaba.json.bvt.parser.DefaultExtJSONParser_parseArray#test_8	FAIL	java.lang.AssertionError	expected:<Sun Jan 09 05:49:53 UTC 2011> but was:<Sun Jan 09 13:49:53 UTC 2011>	org.junit.Assert.fail|org.junit.Assert.failNotEquals|org.junit.Assert.assertEquals|org.junit.Assert.assertEquals|com.alibaba.json.bvt.parser.DefaultExtJSONParser_parseArray.test_8|sun.reflect.NativeMethodAccessorImpl.invoke0|sun.reflect.NativeMethodAccessorImpl.invoke|sun.reflect.DelegatingMethodAccessorImpl.invoke|java.lang.reflect.Method.invoke|junit.framework.TestCase.runTest|junit.framework.TestCase.runBare|junit.framework.TestResult$1.protect	19
c573	class java.lang.Integer
c573	FT	1	com.alibaba.json.bvt.parser.ProductViewTest#test_parse	PASS				309
c573	FT	2	com.alibaba.json.bvt.parser.DefaultExtJSONParser_parseArray#test_8	FAIL	java.lang.AssertionError	expected:<Sun Jan 09 05:49:53 UTC 2011> but was:<Sun Jan 09 13:49:53 UTC 2011>	org.junit.Assert.fail|org.junit.Assert.failNotEquals|org.junit.Assert.assertEquals|org.junit.Assert.assertEquals|com.alibaba.json.bvt.parser.DefaultExtJSONParser_parseArray.test_8|sun.reflect.NativeMethodAccessorImpl.invoke0|sun.reflect.NativeMethodAccessorImpl.invoke|sun.reflect.DelegatingMethodAccessorImpl.invoke|java.lang.reflect.Method.invoke|junit.framework.TestCase.runTest|junit.framework.TestCase.runBare|junit.framework.TestResult$1.protect	19
c574	FT	1	com.alibaba.json.bvt.parser.ReadOnlyAtomicBooleanTest#test_readOnly	PASS				311
c574	FT	2	com.alibaba.json.bvt.parser.DefaultExtJSONParser_parseArray#test_8	FAIL	java.lang.AssertionError	expected:<Sun Jan 09 05:49:53 UTC 2011> but was:<Sun Jan 09 13:49:53 UTC 2011>	org.junit.Assert.fail|org.junit.Assert.failNotEquals|org.junit.Assert.assertEquals|org.junit.Assert.assertEquals|com.alibaba.json.bvt.parser.DefaultExtJSONParser_parseArray.test_8|sun.reflect.NativeMethodAccessorImpl.invoke0|sun.reflect.NativeMethodAccessorImpl.invoke|sun.reflect.DelegatingMethodAccessorImpl.invoke|java.lang.reflect.Method.invoke|junit.framework.TestCase.runTest|junit.framework.TestCase.runBare|junit.framework.TestResult$1.protect	17
c575	FT	1	com.alibaba.json.bvt.parser.ReadOnlyAtomicBooleanTest_field#test_readOnly	PASS				369
c575	FT	2	com.alibaba.json.bvt.parser.DefaultExtJSONParser_parseArray#test_8	FAIL	java.lang.AssertionError	expected:<Sun Jan 09 05:49:53 UTC 2011> but was:<Sun Jan 09 13:49:53 UTC 2011>	org.junit.Assert.fail|org.junit.Assert.failNotEquals|org.junit.Assert.assertEquals|org.junit.Assert.assertEquals|com.alibaba.json.bvt.parser.DefaultExtJSONParser_parseArray.test_8|sun.reflect.NativeMethodAccessorImpl.invoke0|sun.reflect.NativeMethodAccessorImpl.invoke|sun.reflect.DelegatingMethodAccessorImpl.invoke|java.lang.reflect.Method.invoke|junit.framework.TestCase.runTest|junit.framework.TestCase.runBare|junit.framework.TestResult$1.protect	19
c576	FT	1	com.alibaba.json.bvt.parser.ReadOnlyAtomicIntegerTest#test_readOnly	PASS				371
c576	FT	2	com.alibaba.json.bvt.parser.DefaultExtJSONParser_parseArray#test_8	FAIL	java.lang.AssertionError	expected:<Sun Jan 09 05:49:53 UTC 2011> but was:<Sun Jan 09 13:49:53 UTC 2011>	org.junit.Assert.fail|org.junit.Assert.failNotEquals|org.junit.Assert.assertEquals|org.junit.Assert.assertEquals|com.alibaba.json.bvt.parser.DefaultExtJSONParser_parseArray.test_8|sun.reflect.NativeMethodAccessorImpl.invoke0|sun.reflect.NativeMethodAccessorImpl.invoke|sun.reflect.DelegatingMethodAccessorImpl.invoke|java.lang.reflect.Method.invoke|junit.framework.TestCase.runTest|junit.framework.TestCase.runBare|junit.framework.TestResult$1.protect	19
c577	FT	1	com.alibaba.json.bvt.parser.ReadOnlyAtomicIntegerTest_field#test_readOnly	PASS				341
c577	FT	2	com.alibaba.json.bvt.parser.DefaultExtJSONParser_parseArray#test_8	FAIL	java.lang.AssertionError	expected:<Sun Jan 09 05:49:53 UTC 2011> but was:<Sun Jan 09 13:49:53 UTC 2011>	org.junit.Assert.fail|org.junit.Assert.failNotEquals|org.junit.Assert.assertEquals|org.junit.Assert.assertEquals|com.alibaba.json.bvt.parser.DefaultExtJSONParser_parseArray.test_8|sun.reflect.NativeMethodAccessorImpl.invoke0|sun.reflect.NativeMethodAccessorImpl.invoke|sun.reflect.DelegatingMethodAccessorImpl.invoke|java.lang.reflect.Method.invoke|junit.framework.TestCase.runTest|junit.framework.TestCase.runBare|junit.framework.TestResult$1.protect	20
c578	FT	1	com.alibaba.json.bvt.parser.ReadOnlyAtomicLongTest#test_readOnly	PASS				334
c578	FT	2	com.alibaba.json.bvt.parser.DefaultExtJSONParser_parseArray#test_8	FAIL	java.lang.AssertionError	expected:<Sun Jan 09 05:49:53 UTC 2011> but was:<Sun Jan 09 13:49:53 UTC 2011>	org.junit.Assert.fail|org.junit.Assert.failNotEquals|org.junit.Assert.assertEquals|org.junit.Assert.assertEquals|com.alibaba.json.bvt.parser.DefaultExtJSONParser_parseArray.test_8|sun.reflect.NativeMethodAccessorImpl.invoke0|sun.reflect.NativeMethodAccessorImpl.invoke|sun.reflect.DelegatingMethodAccessorImpl.invoke|java.lang.reflect.Method.invoke|junit.framework.TestCase.runTest|junit.framework.TestCase.runBare|junit.framework.TestResult$1.protect	18
c579	FT	1	com.alibaba.json.bvt.parser.ReadOnlyAtomicLongTest_field#test_readOnly	PASS				301
c579	FT	2	com.alibaba.json.bvt.parser.DefaultExtJSONParser_parseArray#test_8	FAIL	java.lang.AssertionError	expected:<Sun Jan 09 05:49:53 UTC 2011> but was:<Sun Jan 09 13:49:53 UTC 2011>	org.junit.Assert.fail|org.junit.Assert.failNotEquals|org.junit.Assert.assertEquals|org.junit.Assert.assertEquals|com.alibaba.json.bvt.parser.DefaultExtJSONParser_parseArray.test_8|sun.reflect.NativeMethodAccessorImpl.invoke0|sun.reflect.NativeMethodAccessorImpl.invoke|sun.reflect.DelegatingMethodAccessorImpl.invoke|java.lang.reflect.Method.invoke|junit.framework.TestCase.runTest|junit.framework.TestCase.runBare|junit.framework.TestResult$1.protect	18
c580	FT	1	com.alibaba.json.bvt.parser.ReadOnlyCollectionTest#test_readOnlyNullList	PASS				321
c580	FT	2	com.alibaba.json.bvt.parser.DefaultExtJSONParser_parseArray#test_8	FAIL	java.lang.AssertionError	expected:<Sun Jan 09 05:49:53 UTC 2011> but was:<Sun Jan 09 13:49:53 UTC 2011>	org.junit.Assert.fail|org.junit.Assert.failNotEquals|org.junit.Assert.assertEquals|org.junit.Assert.assertEquals|com.alibaba.json.bvt.parser.DefaultExtJSONParser_parseArray.test_8|sun.reflect.NativeMethodAccessorImpl.invoke0|sun.reflect.NativeMethodAccessorImpl.invoke|sun.reflect.DelegatingMethodAccessorImpl.invoke|java.lang.reflect.Method.invoke|junit.framework.TestCase.runTest|junit.framework.TestCase.runBare|junit.framework.TestResult$1.protect	17
c581	FT	1	com.alibaba.json.bvt.parser.ReadOnlyCollectionTest_final_field#test_readOnlyNullList	PASS				279
c581	FT	2	com.alibaba.json.bvt.parser.DefaultExtJSONParser_parseArray#test_8	FAIL	java.lang.AssertionError	expected:<Sun Jan 09 05:49:53 UTC 2011> but was:<Sun Jan 09 13:49:53 UTC 2011>	org.junit.Assert.fail|org.junit.Assert.failNotEquals|org.junit.Assert.assertEquals|org.junit.Assert.assertEquals|com.alibaba.json.bvt.parser.DefaultExtJSONParser_parseArray.test_8|sun.reflect.NativeMethodAccessorImpl.invoke0|sun.reflect.NativeMethodAccessorImpl.invoke|sun.reflect.DelegatingMethodAccessorImpl.invoke|java.lang.reflect.Method.invoke|junit.framework.TestCase.runTest|junit.framework.TestCase.runBare|junit.framework.TestResult$1.protect	17
c582	FT	1	com.alibaba.json.bvt.parser.ReadOnlyCollectionTest_final_field_null#test_readOnlyNullList	PASS				297
c582	FT	2	com.alibaba.json.bvt.parser.DefaultExtJSONParser_parseArray#test_8	FAIL	java.lang.AssertionError	expected:<Sun Jan 09 05:49:53 UTC 2011> but was:<Sun Jan 09 13:49:53 UTC 2011>	org.junit.Assert.fail|org.junit.Assert.failNotEquals|org.junit.Assert.assertEquals|org.junit.Assert.assertEquals|com.alibaba.json.bvt.parser.DefaultExtJSONParser_parseArray.test_8|sun.reflect.NativeMethodAccessorImpl.invoke0|sun.reflect.NativeMethodAccessorImpl.invoke|sun.reflect.DelegatingMethodAccessorImpl.invoke|java.lang.reflect.Method.invoke|junit.framework.TestCase.runTest|junit.framework.TestCase.runBare|junit.framework.TestResult$1.protect	18
c583	FT	1	com.alibaba.json.bvt.parser.ReadOnlyMapTest#test_readOnlyNullList	PASS				314
c583	FT	2	com.alibaba.json.bvt.parser.DefaultExtJSONParser_parseArray#test_8	FAIL	java.lang.AssertionError	expected:<Sun Jan 09 05:49:53 UTC 2011> but was:<Sun Jan 09 13:49:53 UTC 2011>	org.junit.Assert.fail|org.junit.Assert.failNotEquals|org.junit.Assert.assertEquals|org.junit.Assert.assertEquals|com.alibaba.json.bvt.parser.DefaultExtJSONParser_parseArray.test_8|sun.reflect.NativeMethodAccessorImpl.invoke0|sun.reflect.NativeMethodAccessorImpl.invoke|sun.reflect.DelegatingMethodAccessorImpl.invoke|java.lang.reflect.Method.invoke|junit.framework.TestCase.runTest|junit.framework.TestCase.runBare|junit.framework.TestResult$1.protect	18
c584	FT	1	com.alibaba.json.bvt.parser.ReadOnlyMapTest2#test_readOnlyNullList	PASS				295
c584	FT	2	com.alibaba.json.bvt.parser.DefaultExtJSONParser_parseArray#test_8	FAIL	java.lang.AssertionError	expected:<Sun Jan 09 05:49:53 UTC 2011> but was:<Sun Jan 09 13:49:53 UTC 2011>	org.junit.Assert.fail|org.junit.Assert.failNotEquals|org.junit.Assert.assertEquals|org.junit.Assert.assertEquals|com.alibaba.json.bvt.parser.DefaultExtJSONParser_parseArray.test_8|sun.reflect.NativeMethodAccessorImpl.invoke0|sun.reflect.NativeMethodAccessorImpl.invoke|sun.reflect.DelegatingMethodAccessorImpl.invoke|java.lang.reflect.Method.invoke|junit.framework.TestCase.runTest|junit.framework.TestCase.runBare|junit.framework.TestResult$1.protect	20
c585	FT	1	com.alibaba.json.bvt.parser.ReadOnlyMapTest2_final_field#test_readOnlyNullList	PASS				302
c585	FT	2	com.alibaba.json.bvt.parser.DefaultExtJSONParser_parseArray#test_8	FAIL	java.lang.AssertionError	expected:<Sun Jan 09 05:49:53 UTC 2011> but was:<Sun Jan 09 13:49:53 UTC 2011>	org.junit.Assert.fail|org.junit.Assert.failNotEquals|org.junit.Assert.assertEquals|org.junit.Assert.assertEquals|com.alibaba.json.bvt.parser.DefaultExtJSONParser_parseArray.test_8|sun.reflect.NativeMethodAccessorImpl.invoke0|sun.reflect.NativeMethodAccessorImpl.invoke|sun.reflect.DelegatingMethodAccessorImpl.invoke|java.lang.reflect.Method.invoke|junit.framework.TestCase.runTest|junit.framework.TestCase.runBare|junit.framework.TestResult$1.protect	17
c586	FT	1	com.alibaba.json.bvt.parser.ReadOnlyMapTest_final_field#test_readOnlyNullList	PASS				284
c586	FT	2	com.alibaba.json.bvt.parser.DefaultExtJSONParser_parseArray#test_8	FAIL	java.lang.AssertionError	expected:<Sun Jan 09 05:49:53 UTC 2011> but was:<Sun Jan 09 13:49:53 UTC 2011>	org.junit.Assert.fail|org.junit.Assert.failNotEquals|org.junit.Assert.assertEquals|org.junit.Assert.assertEquals|com.alibaba.json.bvt.parser.DefaultExtJSONParser_parseArray.test_8|sun.reflect.NativeMethodAccessorImpl.invoke0|sun.reflect.NativeMethodAccessorImpl.invoke|sun.reflect.DelegatingMethodAccessorImpl.invoke|java.lang.reflect.Method.invoke|junit.framework.TestCase.runTest|junit.framework.TestCase.runBare|junit.framework.TestResult$1.protect	17
c587	FT	1	com.alibaba.json.bvt.parser.RedundantTest#test_extra	PASS				320
c587	FT	2	com.alibaba.json.bvt.parser.DefaultExtJSONParser_parseArray#test_8	FAIL	java.lang.AssertionError	expected:<Sun Jan 09 05:49:53 UTC 2011> but was:<Sun Jan 09 13:49:53 UTC 2011>	org.junit.Assert.fail|org.junit.Assert.failNotEquals|org.junit.Assert.assertEquals|org.junit.Assert.assertEquals|com.alibaba.json.bvt.parser.DefaultExtJSONParser_parseArray.test_8|sun.reflect.NativeMethodAccessorImpl.invoke0|sun.reflect.NativeMethodAccessorImpl.invoke|sun.reflect.DelegatingMethodAccessorImpl.invoke|java.lang.reflect.Method.invoke|junit.framework.TestCase.runTest|junit.framework.TestCase.runBare|junit.framework.TestResult$1.protect	18
c588	FT	1	com.alibaba.json.bvt.parser.RedundantTest#test_extraWithType	PASS				287
c588	FT	2	com.alibaba.json.bvt.parser.DefaultExtJSONParser_parseArray#test_8	FAIL	java.lang.AssertionError	expected:<Sun Jan 09 05:49:53 UTC 2011> but was:<Sun Jan 09 13:49:53 UTC 2011>	org.junit.Assert.fail|org.junit.Assert.failNotEquals|org.junit.Assert.assertEquals|org.junit.Assert.assertEquals|com.alibaba.json.bvt.parser.DefaultExtJSONParser_parseArray.test_8|sun.reflect.NativeMethodAccessorImpl.invoke0|sun.reflect.NativeMethodAccessorImpl.invoke|sun.reflect.DelegatingMethodAccessorImpl.invoke|java.lang.reflect.Method.invoke|junit.framework.TestCase.runTest|junit.framework.TestCase.runBare|junit.framework.TestResult$1.protect	18
c589	FT	1	com.alibaba.json.bvt.parser.TestException#test_0	PASS				340
c589	FT	2	com.alibaba.json.bvt.parser.DefaultExtJSONParser_parseArray#test_8	FAIL	java.lang.AssertionError	expected:<Sun Jan 09 05:49:53 UTC 2011> but was:<Sun Jan 09 13:49:53 UTC 2011>	org.junit.Assert.fail|org.junit.Assert.failNotEquals|org.junit.Assert.assertEquals|org.junit.Assert.assertEquals|com.alibaba.json.bvt.parser.DefaultExtJSONParser_parseArray.test_8|sun.reflect.NativeMethodAccessorImpl.invoke0|sun.reflect.NativeMethodAccessorImpl.invoke|sun.reflect.DelegatingMethodAccessorImpl.invoke|java.lang.reflect.Method.invoke|junit.framework.TestCase.runTest|junit.framework.TestCase.runBare|junit.framework.TestResult$1.protect	20
c590	FT	1	com.alibaba.json.bvt.parser.TestInitStringFieldAsEmpty#test_private	PASS				271
c590	FT	2	com.alibaba.json.bvt.parser.DefaultExtJSONParser_parseArray#test_8	FAIL	java.lang.AssertionError	expected:<Sun Jan 09 05:49:53 UTC 2011> but was:<Sun Jan 09 13:49:53 UTC 2011>	org.junit.Assert.fail|org.junit.Assert.failNotEquals|org.junit.Assert.assertEquals|org.junit.Assert.assertEquals|com.alibaba.json.bvt.parser.DefaultExtJSONParser_parseArray.test_8|sun.reflect.NativeMethodAccessorImpl.invoke0|sun.reflect.NativeMethodAccessorImpl.invoke|sun.reflect.DelegatingMethodAccessorImpl.invoke|java.lang.reflect.Method.invoke|junit.framework.TestCase.runTest|junit.framework.TestCase.runBare|junit.framework.TestResult$1.protect	17
c591	FT	1	com.alibaba.json.bvt.parser.TestInitStringFieldAsEmpty#test_public	PASS				320
c591	FT	2	com.alibaba.json.bvt.parser.DefaultExtJSONParser_parseArray#test_8	FAIL	java.lang.AssertionError	expected:<Sun Jan 09 05:49:53 UTC 2011> but was:<Sun Jan 09 13:49:53 UTC 2011>	org.junit.Assert.fail|org.junit.Assert.failNotEquals|org.junit.Assert.assertEquals|org.junit.Assert.assertEquals|com.alibaba.json.bvt.parser.DefaultExtJSONParser_parseArray.test_8|sun.reflect.NativeMethodAccessorImpl.invoke0|sun.reflect.NativeMethodAccessorImpl.invoke|sun.reflect.DelegatingMethodAccessorImpl.invoke|java.lang.reflect.Method.invoke|junit.framework.TestCase.runTest|junit.framework.TestCase.runBare|junit.framework.TestResult$1.protect	17
c592	FT	1	com.alibaba.json.bvt.parser.TestInitStringFieldAsEmpty2#test_public	PASS				305
c592	FT	2	com.alibaba.json.bvt.parser.DefaultExtJSONParser_parseArray#test_8	FAIL	java.lang.AssertionError	expected:<Sun Jan 09 05:49:53 UTC 2011> but was:<Sun Jan 09 13:49:53 UTC 2011>	org.junit.Assert.fail|org.junit.Assert.failNotEquals|org.junit.Assert.assertEquals|org.junit.Assert.assertEquals|com.alibaba.json.bvt.parser.DefaultExtJSONParser_parseArray.test_8|sun.reflect.NativeMethodAccessorImpl.invoke0|sun.reflect.NativeMethodAccessorImpl.invoke|sun.reflect.DelegatingMethodAccessorImpl.invoke|java.lang.reflect.Method.invoke|junit.framework.TestCase.runTest|junit.framework.TestCase.runBare|junit.framework.TestResult$1.protect	15
c593	FT	1	com.alibaba.json.bvt.parser.TestUTF8#test_utf	PASS				273
c593	FT	2	com.alibaba.json.bvt.parser.DefaultExtJSONParser_parseArray#test_8	FAIL	java.lang.AssertionError	expected:<Sun Jan 09 05:49:53 UTC 2011> but was:<Sun Jan 09 13:49:53 UTC 2011>	org.junit.Assert.fail|org.junit.Assert.failNotEquals|org.junit.Assert.assertEquals|org.junit.Assert.assertEquals|com.alibaba.json.bvt.parser.DefaultExtJSONParser_parseArray.test_8|sun.reflect.NativeMethodAccessorImpl.invoke0|sun.reflect.NativeMethodAccessorImpl.invoke|sun.reflect.DelegatingMethodAccessorImpl.invoke|java.lang.reflect.Method.invoke|junit.framework.TestCase.runTest|junit.framework.TestCase.runBare|junit.framework.TestResult$1.protect	17
c594	FT	1	com.alibaba.json.bvt.parser.TestUTF8#test_utf_	PASS				286
c594	FT	2	com.alibaba.json.bvt.parser.DefaultExtJSONParser_parseArray#test_8	FAIL	java.lang.AssertionError	expected:<Sun Jan 09 05:49:53 UTC 2011> but was:<Sun Jan 09 13:49:53 UTC 2011>	org.junit.Assert.fail|org.junit.Assert.failNotEquals|org.junit.Assert.assertEquals|org.junit.Assert.assertEquals|com.alibaba.json.bvt.parser.DefaultExtJSONParser_parseArray.test_8|sun.reflect.NativeMethodAccessorImpl.invoke0|sun.reflect.NativeMethodAccessorImpl.invoke|sun.reflect.DelegatingMethodAccessorImpl.invoke|java.lang.reflect.Method.invoke|junit.framework.TestCase.runTest|junit.framework.TestCase.runBare|junit.framework.TestResult$1.protect	19
c595	FT	1	com.alibaba.json.bvt.parser.TestUTF8#test_utf_7	PASS				271
c595	FT	2	com.alibaba.json.bvt.parser.DefaultExtJSONParser_parseArray#test_8	FAIL	java.lang.AssertionError	expected:<Sun Jan 09 05:49:53 UTC 2011> but was:<Sun Jan 09 13:49:53 UTC 2011>	org.junit.Assert.fail|org.junit.Assert.failNotEquals|org.junit.Assert.assertEquals|org.junit.Assert.assertEquals|com.alibaba.json.bvt.parser.DefaultExtJSONParser_parseArray.test_8|sun.reflect.NativeMethodAccessorImpl.invoke0|sun.reflect.NativeMethodAccessorImpl.invoke|sun.reflect.DelegatingMethodAccessorImpl.invoke|java.lang.reflect.Method.invoke|junit.framework.TestCase.runTest|junit.framework.TestCase.runBare|junit.framework.TestResult$1.protect	19
c596	FT	1	com.alibaba.json.bvt.parser.TestUTF8#test_utf_cn	PASS				-848
c596	FT	2	com.alibaba.json.bvt.parser.DefaultExtJSONParser_parseArray#test_8	FAIL	java.lang.AssertionError	expected:<Sun Jan 09 05:49:53 UTC 2011> but was:<Sun Jan 09 13:49:53 UTC 2011>	org.junit.Assert.fail|org.junit.Assert.failNotEquals|org.junit.Assert.assertEquals|org.junit.Assert.assertEquals|com.alibaba.json.bvt.parser.DefaultExtJSONParser_parseArray.test_8|sun.reflect.NativeMethodAccessorImpl.invoke0|sun.reflect.NativeMethodAccessorImpl.invoke|sun.reflect.DelegatingMethodAccessorImpl.invoke|java.lang.reflect.Method.invoke|junit.framework.TestCase.runTest|junit.framework.TestCase.runBare|junit.framework.TestResult$1.protect	24
c597	FT	1	com.alibaba.json.bvt.parser.TestUTF8#test_utf_de	PASS				325
c597	FT	2	com.alibaba.json.bvt.parser.DefaultExtJSONParser_parseArray#test_8	FAIL	java.lang.AssertionError	expected:<Sun Jan 09 05:49:53 UTC 2011> but was:<Sun Jan 09 13:49:53 UTC 2011>	org.junit.Assert.fail|org.junit.Assert.failNotEquals|org.junit.Assert.assertEquals|org.junit.Assert.assertEquals|com.alibaba.json.bvt.parser.DefaultExtJSONParser_parseArray.test_8|sun.reflect.NativeMethodAccessorImpl.invoke0|sun.reflect.NativeMethodAccessorImpl.invoke|sun.reflect.DelegatingMethodAccessorImpl.invoke|java.lang.reflect.Method.invoke|junit.framework.TestCase.runTest|junit.framework.TestCase.runBare|junit.framework.TestResult$1.protect	19
c598	FT	1	com.alibaba.json.bvt.parser.TestUTF8#test_utf_jp	PASS				313
c598	FT	2	com.alibaba.json.bvt.parser.DefaultExtJSONParser_parseArray#test_8	FAIL	java.lang.AssertionError	expected:<Sun Jan 09 05:49:53 UTC 2011> but was:<Sun Jan 09 13:49:53 UTC 2011>	org.junit.Assert.fail|org.junit.Assert.failNotEquals|org.junit.Assert.assertEquals|org.junit.Assert.assertEquals|com.alibaba.json.bvt.parser.DefaultExtJSONParser_parseArray.test_8|sun.reflect.NativeMethodAccessorImpl.invoke0|sun.reflect.NativeMethodAccessorImpl.invoke|sun.reflect.DelegatingMethodAccessorImpl.invoke|java.lang.reflect.Method.invoke|junit.framework.TestCase.runTest|junit.framework.TestCase.runBare|junit.framework.TestResult$1.protect	23
c599	FT	1	com.alibaba.json.bvt.parser.TestUTF8_2#test_utf_1	PASS				279
c599	FT	2	com.alibaba.json.bvt.parser.DefaultExtJSONParser_parseArray#test_8	FAIL	java.lang.AssertionError	expected:<Sun Jan 09 05:49:53 UTC 2011> but was:<Sun Jan 09 13:49:53 UTC 2011>	org.junit.Assert.fail|org.junit.Assert.failNotEquals|org.junit.Assert.assertEquals|org.junit.Assert.assertEquals|com.alibaba.json.bvt.parser.DefaultExtJSONParser_parseArray.test_8|sun.reflect.NativeMethodAccessorImpl.invoke0|sun.reflect.NativeMethodAccessorImpl.invoke|sun.reflect.DelegatingMethodAccessorImpl.invoke|java.lang.reflect.Method.invoke|junit.framework.TestCase.runTest|junit.framework.TestCase.runBare|junit.framework.TestResult$1.protect	19
c600	FT	1	com.alibaba.json.bvt.parser.TestUTF8_2#test_utf_2	PASS				327
c600	FT	2	com.alibaba.json.bvt.parser.DefaultExtJSONParser_parseArray#test_8	FAIL	java.lang.AssertionError	expected:<Sun Jan 09 05:49:53 UTC 2011> but was:<Sun Jan 09 13:49:53 UTC 2011>	org.junit.Assert.fail|org.junit.Assert.failNotEquals|org.junit.Assert.assertEquals|org.junit.Assert.assertEquals|com.alibaba.json.bvt.parser.DefaultExtJSONParser_parseArray.test_8|sun.reflect.NativeMethodAccessorImpl.invoke0|sun.reflect.NativeMethodAccessorImpl.invoke|sun.reflect.DelegatingMethodAccessorImpl.invoke|java.lang.reflect.Method.invoke|junit.framework.TestCase.runTest|junit.framework.TestCase.runBare|junit.framework.TestResult$1.protect	17
c601	FT	1	com.alibaba.json.bvt.parser.TestUTF8_2#test_utf_3	PASS				319
c601	FT	2	com.alibaba.json.bvt.parser.DefaultExtJSONParser_parseArray#test_8	FAIL	java.lang.AssertionError	expected:<Sun Jan 09 05:49:53 UTC 2011> but was:<Sun Jan 09 13:49:53 UTC 2011>	org.junit.Assert.fail|org.junit.Assert.failNotEquals|org.junit.Assert.assertEquals|org.junit.Assert.assertEquals|com.alibaba.json.bvt.parser.DefaultExtJSONParser_parseArray.test_8|sun.reflect.NativeMethodAccessorImpl.invoke0|sun.reflect.NativeMethodAccessorImpl.invoke|sun.reflect.DelegatingMethodAccessorImpl.invoke|java.lang.reflect.Method.invoke|junit.framework.TestCase.runTest|junit.framework.TestCase.runBare|junit.framework.TestResult$1.protect	19
c602	FT	1	com.alibaba.json.bvt.parser.TestUTF8_2#test_utf_4	PASS				293
c602	FT	2	com.alibaba.json.bvt.parser.DefaultExtJSONParser_parseArray#test_8	FAIL	java.lang.AssertionError	expected:<Sun Jan 09 05:49:53 UTC 2011> but was:<Sun Jan 09 13:49:53 UTC 2011>	org.junit.Assert.fail|org.junit.Assert.failNotEquals|org.junit.Assert.assertEquals|org.junit.Assert.assertEquals|com.alibaba.json.bvt.parser.DefaultExtJSONParser_parseArray.test_8|sun.reflect.NativeMethodAccessorImpl.invoke0|sun.reflect.NativeMethodAccessorImpl.invoke|sun.reflect.DelegatingMethodAccessorImpl.invoke|java.lang.reflect.Method.invoke|junit.framework.TestCase.runTest|junit.framework.TestCase.runBare|junit.framework.TestResult$1.protect	19
c603	FT	1	com.alibaba.json.bvt.parser.TypeReferenceTest#test_list	PASS				275
c603	FT	2	com.alibaba.json.bvt.parser.DefaultExtJSONParser_parseArray#test_8	FAIL	java.lang.AssertionError	expected:<Sun Jan 09 05:49:53 UTC 2011> but was:<Sun Jan 09 13:49:53 UTC 2011>	org.junit.Assert.fail|org.junit.Assert.failNotEquals|org.junit.Assert.assertEquals|org.junit.Assert.assertEquals|com.alibaba.json.bvt.parser.DefaultExtJSONParser_parseArray.test_8|sun.reflect.NativeMethodAccessorImpl.invoke0|sun.reflect.NativeMethodAccessorImpl.invoke|sun.reflect.DelegatingMethodAccessorImpl.invoke|java.lang.reflect.Method.invoke|junit.framework.TestCase.runTest|junit.framework.TestCase.runBare|junit.framework.TestResult$1.protect	27
c604	FT	1	com.alibaba.json.bvt.parser.TypeUtilsTest#test_0	PASS				258
c604	FT	2	com.alibaba.json.bvt.parser.DefaultExtJSONParser_parseArray#test_8	FAIL	java.lang.AssertionError	expected:<Sun Jan 09 05:49:53 UTC 2011> but was:<Sun Jan 09 13:49:53 UTC 2011>	org.junit.Assert.fail|org.junit.Assert.failNotEquals|org.junit.Assert.assertEquals|org.junit.Assert.assertEquals|com.alibaba.json.bvt.parser.DefaultExtJSONParser_parseArray.test_8|sun.reflect.NativeMethodAccessorImpl.invoke0|sun.reflect.NativeMethodAccessorImpl.invoke|sun.reflect.DelegatingMethodAccessorImpl.invoke|java.lang.reflect.Method.invoke|junit.framework.TestCase.runTest|junit.framework.TestCase.runBare|junit.framework.TestResult$1.protect	26
c605	FT	1	com.alibaba.json.bvt.parser.TypeUtilsTest#test_1	PASS				268
c605	FT	2	com.alibaba.json.bvt.parser.DefaultExtJSONParser_parseArray#test_8	FAIL	java.lang.AssertionError	expected:<Sun Jan 09 05:49:53 UTC 2011> but was:<Sun Jan 09 13:49:53 UTC 2011>	org.junit.Assert.fail|org.junit.Assert.failNotEquals|org.junit.Assert.assertEquals|org.junit.Assert.assertEquals|com.alibaba.json.bvt.parser.DefaultExtJSONParser_parseArray.test_8|sun.reflect.NativeMethodAccessorImpl.invoke0|sun.reflect.NativeMethodAccessorImpl.invoke|sun.reflect.DelegatingMethodAccessorImpl.invoke|java.lang.reflect.Method.invoke|junit.framework.TestCase.runTest|junit.framework.TestCase.runBare|junit.framework.TestResult$1.protect	27
c606	FT	1	com.alibaba.json.bvt.parser.TypeUtilsTest#test_2	PASS				314
c606	FT	2	com.alibaba.json.bvt.parser.DefaultExtJSONParser_parseArray#test_8	FAIL	java.lang.AssertionError	expected:<Sun Jan 09 05:49:53 UTC 2011> but was:<Sun Jan 09 13:49:53 UTC 2011>	org.junit.Assert.fail|org.junit.Assert.failNotEquals|org.junit.Assert.assertEquals|org.junit.Assert.assertEquals|com.alibaba.json.bvt.parser.DefaultExtJSONParser_parseArray.test_8|sun.reflect.NativeMethodAccessorImpl.invoke0|sun.reflect.NativeMethodAccessorImpl.invoke|sun.reflect.DelegatingMethodAccessorImpl.invoke|java.lang.reflect.Method.invoke|junit.framework.TestCase.runTest|junit.framework.TestCase.runBare|junit.framework.TestResult$1.protect	32
c607	FT	1	com.alibaba.json.bvt.parser.TypeUtilsTest#test_3	PASS				298
c607	FT	2	com.alibaba.json.bvt.parser.DefaultExtJSONParser_parseArray#test_8	FAIL	java.lang.AssertionError	expected:<Sun Jan 09 05:49:53 UTC 2011> but was:<Sun Jan 09 13:49:53 UTC 2011>	org.junit.Assert.fail|org.junit.Assert.failNotEquals|org.junit.Assert.assertEquals|org.junit.Assert.assertEquals|com.alibaba.json.bvt.parser.DefaultExtJSONParser_parseArray.test_8|sun.reflect.NativeMethodAccessorImpl.invoke0|sun.reflect.NativeMethodAccessorImpl.invoke|sun.reflect.DelegatingMethodAccessorImpl.invoke|java.lang.reflect.Method.invoke|junit.framework.TestCase.runTest|junit.framework.TestCase.runBare|junit.framework.TestResult$1.protect	24
c608	FT	1	com.alibaba.json.bvt.parser.TypeUtilsTest#test_cast_Array	PASS				244
c608	FT	2	com.alibaba.json.bvt.parser.DefaultExtJSONParser_parseArray#test_8	FAIL	java.lang.AssertionError	expected:<Sun Jan 09 05:49:53 UTC 2011> but was:<Sun Jan 09 13:49:53 UTC 2011>	org.junit.Assert.fail|org.junit.Assert.failNotEquals|org.junit.Assert.assertEquals|org.junit.Assert.assertEquals|com.alibaba.json.bvt.parser.DefaultExtJSONParser_parseArray.test_8|sun.reflect.NativeMethodAccessorImpl.invoke0|sun.reflect.NativeMethodAccessorImpl.invoke|sun.reflect.DelegatingMethodAccessorImpl.invoke|java.lang.reflect.Method.invoke|junit.framework.TestCase.runTest|junit.framework.TestCase.runBare|junit.framework.TestResult$1.protect	77
c609	FT	1	com.alibaba.json.bvt.parser.TypeUtilsTest#test_cast_Integer	PASS				276
c609	FT	2	com.alibaba.json.bvt.parser.DefaultExtJSONParser_parseArray#test_8	FAIL	java.lang.AssertionError	expected:<Sun Jan 09 05:49:53 UTC 2011> but was:<Sun Jan 09 13:49:53 UTC 2011>	org.junit.Assert.fail|org.junit.Assert.failNotEquals|org.junit.Assert.assertEquals|org.junit.Assert.assertEquals|com.alibaba.json.bvt.parser.DefaultExtJSONParser_parseArray.test_8|sun.reflect.NativeMethodAccessorImpl.invoke0|sun.reflect.NativeMethodAccessorImpl.invoke|sun.reflect.DelegatingMethodAccessorImpl.invoke|java.lang.reflect.Method.invoke|junit.framework.TestCase.runTest|junit.framework.TestCase.runBare|junit.framework.TestResult$1.protect	25
c610	FT	1	com.alibaba.json.bvt.parser.TypeUtilsTest#test_cast_Integer_2	PASS				266
c610	FT	2	com.alibaba.json.bvt.parser.DefaultExtJSONParser_parseArray#test_8	FAIL	java.lang.AssertionError	expected:<Sun Jan 09 05:49:53 UTC 2011> but was:<Sun Jan 09 13:49:53 UTC 2011>	org.junit.Assert.fail|org.junit.Assert.failNotEquals|org.junit.Assert.assertEquals|org.junit.Assert.assertEquals|com.alibaba.json.bvt.parser.DefaultExtJSONParser_parseArray.test_8|sun.reflect.NativeMethodAccessorImpl.invoke0|sun.reflect.NativeMethodAccessorImpl.invoke|sun.reflect.DelegatingMethodAccessorImpl.invoke|java.lang.reflect.Method.invoke|junit.framework.TestCase.runTest|junit.framework.TestCase.runBare|junit.framework.TestResult$1.protect	29
c611	FT	1	com.alibaba.json.bvt.parser.TypeUtilsTest#test_cast_ab	PASS				304
c611	FT	2	com.alibaba.json.bvt.parser.DefaultExtJSONParser_parseArray#test_8	FAIL	java.lang.AssertionError	expected:<Sun Jan 09 05:49:53 UTC 2011> but was:<Sun Jan 09 13:49:53 UTC 2011>	org.junit.Assert.fail|org.junit.Assert.failNotEquals|org.junit.Assert.assertEquals|org.junit.Assert.assertEquals|com.alibaba.json.bvt.parser.DefaultExtJSONParser_parseArray.test_8|sun.reflect.NativeMethodAccessorImpl.invoke0|sun.reflect.NativeMethodAccessorImpl.invoke|sun.reflect.DelegatingMethodAccessorImpl.invoke|java.lang.reflect.Method.invoke|junit.framework.TestCase.runTest|junit.framework.TestCase.runBare|junit.framework.TestResult$1.protect	30
c612	FT	1	com.alibaba.json.bvt.parser.TypeUtilsTest#test_cast_ab_1	PASS				321
c612	FT	2	com.alibaba.json.bvt.parser.DefaultExtJSONParser_parseArray#test_8	FAIL	java.lang.AssertionError	expected:<Sun Jan 09 05:49:53 UTC 2011> but was:<Sun Jan 09 13:49:53 UTC 2011>	org.junit.Assert.fail|org.junit.Assert.failNotEquals|org.junit.Assert.assertEquals|org.junit.Assert.assertEquals|com.alibaba.json.bvt.parser.DefaultExtJSONParser_parseArray.test_8|sun.reflect.NativeMethodAccessorImpl.invoke0|sun.reflect.NativeMethodAccessorImpl.invoke|sun.reflect.DelegatingMethodAccessorImpl.invoke|java.lang.reflect.Method.invoke|junit.framework.TestCase.runTest|junit.framework.TestCase.runBare|junit.framework.TestResult$1.protect	32
c613	FT	1	com.alibaba.json.bvt.parser.TypeUtilsTest#test_cast_ab_error	PASS				321
c613	FT	2	com.alibaba.json.bvt.parser.DefaultExtJSONParser_parseArray#test_8	FAIL	java.lang.AssertionError	expected:<Sun Jan 09 05:49:53 UTC 2011> but was:<Sun Jan 09 13:49:53 UTC 2011>	org.junit.Assert.fail|org.junit.Assert.failNotEquals|org.junit.Assert.assertEquals|org.junit.Assert.assertEquals|com.alibaba.json.bvt.parser.DefaultExtJSONParser_parseArray.test_8|sun.reflect.NativeMethodAccessorImpl.invoke0|sun.reflect.NativeMethodAccessorImpl.invoke|sun.reflect.DelegatingMethodAccessorImpl.invoke|java.lang.reflect.Method.invoke|junit.framework.TestCase.runTest|junit.framework.TestCase.runBare|junit.framework.TestResult$1.protect	27
c614	FT	1	com.alibaba.json.bvt.parser.TypeUtilsTest#test_cast_null	PASS				284
c614	FT	2	com.alibaba.json.bvt.parser.DefaultExtJSONParser_parseArray#test_8	FAIL	java.lang.AssertionError	expected:<Sun Jan 09 05:49:53 UTC 2011> but was:<Sun Jan 09 13:49:53 UTC 2011>	org.junit.Assert.fail|org.junit.Assert.failNotEquals|org.junit.Assert.assertEquals|org.junit.Assert.assertEquals|com.alibaba.json.bvt.parser.DefaultExtJSONParser_parseArray.test_8|sun.reflect.NativeMethodAccessorImpl.invoke0|sun.reflect.NativeMethodAccessorImpl.invoke|sun.reflect.DelegatingMethodAccessorImpl.invoke|java.lang.reflect.Method.invoke|junit.framework.TestCase.runTest|junit.framework.TestCase.runBare|junit.framework.TestResult$1.protect	28
c615	FT	1	com.alibaba.json.bvt.parser.TypeUtilsTest#test_cast_to_BigDecimal	PASS				264
c615	FT	2	com.alibaba.json.bvt.parser.DefaultExtJSONParser_parseArray#test_8	FAIL	java.lang.AssertionError	expected:<Sun Jan 09 05:49:53 UTC 2011> but was:<Sun Jan 09 13:49:53 UTC 2011>	org.junit.Assert.fail|org.junit.Assert.failNotEquals|org.junit.Assert.assertEquals|org.junit.Assert.assertEquals|com.alibaba.json.bvt.parser.DefaultExtJSONParser_parseArray.test_8|sun.reflect.NativeMethodAccessorImpl.invoke0|sun.reflect.NativeMethodAccessorImpl.invoke|sun.reflect.DelegatingMethodAccessorImpl.invoke|java.lang.reflect.Method.invoke|junit.framework.TestCase.runTest|junit.framework.TestCase.runBare|junit.framework.TestResult$1.protect	27
c616	FT	1	com.alibaba.json.bvt.parser.TypeUtilsTest#test_cast_to_BigDecimal_same	PASS				205
c616	FT	2	com.alibaba.json.bvt.parser.DefaultExtJSONParser_parseArray#test_8	FAIL	java.lang.AssertionError	expected:<Sun Jan 09 05:49:53 UTC 2011> but was:<Sun Jan 09 13:49:53 UTC 2011>	org.junit.Assert.fail|org.junit.Assert.failNotEquals|org.junit.Assert.assertEquals|org.junit.Assert.assertEquals|com.alibaba.json.bvt.parser.DefaultExtJSONParser_parseArray.test_8|sun.reflect.NativeMethodAccessorImpl.invoke0|sun.reflect.NativeMethodAccessorImpl.invoke|sun.reflect.DelegatingMethodAccessorImpl.invoke|java.lang.reflect.Method.invoke|junit.framework.TestCase.runTest|junit.framework.TestCase.runBare|junit.framework.TestResult$1.protect	71
c617	FT	1	com.alibaba.json.bvt.parser.TypeUtilsTest#test_cast_to_BigInteger	PASS				288
c617	FT	2	com.alibaba.json.bvt.parser.DefaultExtJSONParser_parseArray#test_8	FAIL	java.lang.AssertionError	expected:<Sun Jan 09 05:49:53 UTC 2011> but was:<Sun Jan 09 13:49:53 UTC 2011>	org.junit.Assert.fail|org.junit.Assert.failNotEquals|org.junit.Assert.assertEquals|org.junit.Assert.assertEquals|com.alibaba.json.bvt.parser.DefaultExtJSONParser_parseArray.test_8|sun.reflect.NativeMethodAccessorImpl.invoke0|sun.reflect.NativeMethodAccessorImpl.invoke|sun.reflect.DelegatingMethodAccessorImpl.invoke|java.lang.reflect.Method.invoke|junit.framework.TestCase.runTest|junit.framework.TestCase.runBare|junit.framework.TestResult$1.protect	28
c618	FT	1	com.alibaba.json.bvt.parser.TypeUtilsTest#test_cast_to_BigInteger_same	PASS				232
c618	FT	2	com.alibaba.json.bvt.parser.DefaultExtJSONParser_parseArray#test_8	FAIL	java.lang.AssertionError	expected:<Sun Jan 09 05:49:53 UTC 2011> but was:<Sun Jan 09 13:49:53 UTC 2011>	org.junit.Assert.fail|org.junit.Assert.failNotEquals|org.junit.Assert.assertEquals|org.junit.Assert.assertEquals|com.alibaba.json.bvt.parser.DefaultExtJSONParser_parseArray.test_8|sun.reflect.NativeMethodAccessorImpl.invoke0|sun.reflect.NativeMethodAccessorImpl.invoke|sun.reflect.DelegatingMethodAccessorImpl.invoke|java.lang.reflect.Method.invoke|junit.framework.TestCase.runTest|junit.framework.TestCase.runBare|junit.framework.TestResult$1.protect	72
c619	FT	1	com.alibaba.json.bvt.parser.TypeUtilsTest#test_cast_to_Boolean	PASS				262
c619	FT	2	com.alibaba.json.bvt.parser.DefaultExtJSONParser_parseArray#test_8	FAIL	java.lang.AssertionError	expected:<Sun Jan 09 05:49:53 UTC 2011> but was:<Sun Jan 09 13:49:53 UTC 2011>	org.junit.Assert.fail|org.junit.Assert.failNotEquals|org.junit.Assert.assertEquals|org.junit.Assert.assertEquals|com.alibaba.json.bvt.parser.DefaultExtJSONParser_parseArray.test_8|sun.reflect.NativeMethodAccessorImpl.invoke0|sun.reflect.NativeMethodAccessorImpl.invoke|sun.reflect.DelegatingMethodAccessorImpl.invoke|java.lang.reflect.Method.invoke|junit.framework.TestCase.runTest|junit.framework.TestCase.runBare|junit.framework.TestResult$1.protect	26
c620	FT	1	com.alibaba.json.bvt.parser.TypeUtilsTest#test_cast_to_Byte	PASS				278
c620	FT	2	com.alibaba.json.bvt.parser.DefaultExtJSONParser_parseArray#test_8	FAIL	java.lang.AssertionError	expected:<Sun Jan 09 05:49:53 UTC 2011> but was:<Sun Jan 09 13:49:53 UTC 2011>	org.junit.Assert.fail|org.junit.Assert.failNotEquals|org.junit.Assert.assertEquals|org.junit.Assert.assertEquals|com.alibaba.json.bvt.parser.DefaultExtJSONParser_parseArray.test_8|sun.reflect.NativeMethodAccessorImpl.invoke0|sun.reflect.NativeMethodAccessorImpl.invoke|sun.reflect.DelegatingMethodAccessorImpl.invoke|java.lang.reflect.Method.invoke|junit.framework.TestCase.runTest|junit.framework.TestCase.runBare|junit.framework.TestResult$1.protect	26
c621	FT	1	com.alibaba.json.bvt.parser.TypeUtilsTest#test_cast_to_Date	PASS				273
c621	FT	2	com.alibaba.json.bvt.parser.DefaultExtJSONParser_parseArray#test_8	FAIL	java.lang.AssertionError	expected:<Sun Jan 09 05:49:53 UTC 2011> but was:<Sun Jan 09 13:49:53 UTC 2011>	org.junit.Assert.fail|org.junit.Assert.failNotEquals|org.junit.Assert.assertEquals|org.junit.Assert.assertEquals|com.alibaba.json.bvt.parser.DefaultExtJSONParser_parseArray.test_8|sun.reflect.NativeMethodAccessorImpl.invoke0|sun.reflect.NativeMethodAccessorImpl.invoke|sun.reflect.DelegatingMethodAccessorImpl.invoke|java.lang.reflect.Method.invoke|junit.framework.TestCase.runTest|junit.framework.TestCase.runBare|junit.framework.TestResult$1.protect	26
c622	FT	1	com.alibaba.json.bvt.parser.TypeUtilsTest#test_cast_to_Long	PASS				262
c622	FT	2	com.alibaba.json.bvt.parser.DefaultExtJSONParser_parseArray#test_8	FAIL	java.lang.AssertionError	expected:<Sun Jan 09 05:49:53 UTC 2011> but was:<Sun Jan 09 13:49:53 UTC 2011>	org.junit.Assert.fail|org.junit.Assert.failNotEquals|org.junit.Assert.assertEquals|org.junit.Assert.assertEquals|com.alibaba.json.bvt.parser.DefaultExtJSONParser_parseArray.test_8|sun.reflect.NativeMethodAccessorImpl.invoke0|sun.reflect.NativeMethodAccessorImpl.invoke|sun.reflect.DelegatingMethodAccessorImpl.invoke|java.lang.reflect.Method.invoke|junit.framework.TestCase.runTest|junit.framework.TestCase.runBare|junit.framework.TestResult$1.protect	24
c623	FT	1	com.alibaba.json.bvt.parser.TypeUtilsTest#test_cast_to_Short	PASS				281
c623	FT	2	com.alibaba.json.bvt.parser.DefaultExtJSONParser_parseArray#test_8	FAIL	java.lang.AssertionError	expected:<Sun Jan 09 05:49:53 UTC 2011> but was:<Sun Jan 09 13:49:53 UTC 2011>	org.junit.Assert.fail|org.junit.Assert.failNotEquals|org.junit.Assert.assertEquals|org.junit.Assert.assertEquals|com.alibaba.json.bvt.parser.DefaultExtJSONParser_parseArray.test_8|sun.reflect.NativeMethodAccessorImpl.invoke0|sun.reflect.NativeMethodAccessorImpl.invoke|sun.reflect.DelegatingMethodAccessorImpl.invoke|java.lang.reflect.Method.invoke|junit.framework.TestCase.runTest|junit.framework.TestCase.runBare|junit.framework.TestResult$1.protect	25
c624	FT	1	com.alibaba.json.bvt.parser.TypeUtilsTest#test_cast_to_SqlDate	PASS				282
c624	FT	2	com.alibaba.json.bvt.parser.DefaultExtJSONParser_parseArray#test_8	FAIL	java.lang.AssertionError	expected:<Sun Jan 09 05:49:53 UTC 2011> but was:<Sun Jan 09 13:49:53 UTC 2011>	org.junit.Assert.fail|org.junit.Assert.failNotEquals|org.junit.Assert.assertEquals|org.junit.Assert.assertEquals|com.alibaba.json.bvt.parser.DefaultExtJSONParser_parseArray.test_8|sun.reflect.NativeMethodAccessorImpl.invoke0|sun.reflect.NativeMethodAccessorImpl.invoke|sun.reflect.DelegatingMethodAccessorImpl.invoke|java.lang.reflect.Method.invoke|junit.framework.TestCase.runTest|junit.framework.TestCase.runBare|junit.framework.TestResult$1.protect	26
c625	FT	1	com.alibaba.json.bvt.parser.TypeUtilsTest#test_cast_to_SqlDate_calendar	PASS				274
c625	FT	2	com.alibaba.json.bvt.parser.DefaultExtJSONParser_parseArray#test_8	FAIL	java.lang.AssertionError	expected:<Sun Jan 09 05:49:53 UTC 2011> but was:<Sun Jan 09 13:49:53 UTC 2011>	org.junit.Assert.fail|org.junit.Assert.failNotEquals|org.junit.Assert.assertEquals|org.junit.Assert.assertEquals|com.alibaba.json.bvt.parser.DefaultExtJSONParser_parseArray.test_8|sun.reflect.NativeMethodAccessorImpl.invoke0|sun.reflect.NativeMethodAccessorImpl.invoke|sun.reflect.DelegatingMethodAccessorImpl.invoke|java.lang.reflect.Method.invoke|junit.framework.TestCase.runTest|junit.framework.TestCase.runBare|junit.framework.TestResult$1.protect	19
c626	FT	1	com.alibaba.json.bvt.parser.TypeUtilsTest#test_cast_to_SqlDate_error	PASS				265
c626	FT	2	com.alibaba.json.bvt.parser.DefaultExtJSONParser_parseArray#test_8	FAIL	java.lang.AssertionError	expected:<Sun Jan 09 05:49:53 UTC 2011> but was:<Sun Jan 09 13:49:53 UTC 2011>	org.junit.Assert.fail|org.junit.Assert.failNotEquals|org.junit.Assert.assertEquals|org.junit.Assert.assertEquals|com.alibaba.json.bvt.parser.DefaultExtJSONParser_parseArray.test_8|sun.reflect.NativeMethodAccessorImpl.invoke0|sun.reflect.NativeMethodAccessorImpl.invoke|sun.reflect.DelegatingMethodAccessorImpl.invoke|java.lang.reflect.Method.invoke|junit.framework.TestCase.runTest|junit.framework.TestCase.runBare|junit.framework.TestResult$1.protect	30
c627	FT	1	com.alibaba.json.bvt.parser.TypeUtilsTest#test_cast_to_SqlDate_null	PASS				252
c627	FT	2	com.alibaba.json.bvt.parser.DefaultExtJSONParser_parseArray#test_8	FAIL	java.lang.AssertionError	expected:<Sun Jan 09 05:49:53 UTC 2011> but was:<Sun Jan 09 13:49:53 UTC 2011>	org.junit.Assert.fail|org.junit.Assert.failNotEquals|org.junit.Assert.assertEquals|org.junit.Assert.assertEquals|com.alibaba.json.bvt.parser.DefaultExtJSONParser_parseArray.test_8|sun.reflect.NativeMethodAccessorImpl.invoke0|sun.reflect.NativeMethodAccessorImpl.invoke|sun.reflect.DelegatingMethodAccessorImpl.invoke|java.lang.reflect.Method.invoke|junit.framework.TestCase.runTest|junit.framework.TestCase.runBare|junit.framework.TestResult$1.protect	25
c628	FT	1	com.alibaba.json.bvt.parser.TypeUtilsTest#test_cast_to_SqlDate_null2	PASS				250
c628	FT	2	com.alibaba.json.bvt.parser.DefaultExtJSONParser_parseArray#test_8	FAIL	java.lang.AssertionError	expected:<Sun Jan 09 05:49:53 UTC 2011> but was:<Sun Jan 09 13:49:53 UTC 2011>	org.junit.Assert.fail|org.junit.Assert.failNotEquals|org.junit.Assert.assertEquals|org.junit.Assert.assertEquals|com.alibaba.json.bvt.parser.DefaultExtJSONParser_parseArray.test_8|sun.reflect.NativeMethodAccessorImpl.invoke0|sun.reflect.NativeMethodAccessorImpl.invoke|sun.reflect.DelegatingMethodAccessorImpl.invoke|java.lang.reflect.Method.invoke|junit.framework.TestCase.runTest|junit.framework.TestCase.runBare|junit.framework.TestResult$1.protect	71
c629	FT	1	com.alibaba.json.bvt.parser.TypeUtilsTest#test_cast_to_SqlDate_sql_Date	PASS				270
c629	FT	2	com.alibaba.json.bvt.parser.DefaultExtJSONParser_parseArray#test_8	FAIL	java.lang.AssertionError	expected:<Sun Jan 09 05:49:53 UTC 2011> but was:<Sun Jan 09 13:49:53 UTC 2011>	org.junit.Assert.fail|org.junit.Assert.failNotEquals|org.junit.Assert.assertEquals|org.junit.Assert.assertEquals|com.alibaba.json.bvt.parser.DefaultExtJSONParser_parseArray.test_8|sun.reflect.NativeMethodAccessorImpl.invoke0|sun.reflect.NativeMethodAccessorImpl.invoke|sun.reflect.DelegatingMethodAccessorImpl.invoke|java.lang.reflect.Method.invoke|junit.framework.TestCase.runTest|junit.framework.TestCase.runBare|junit.framework.TestResult$1.protect	30
c630	FT	1	com.alibaba.json.bvt.parser.TypeUtilsTest#test_cast_to_SqlDate_sql_Date2	PASS				229
c630	FT	2	com.alibaba.json.bvt.parser.DefaultExtJSONParser_parseArray#test_8	FAIL	java.lang.AssertionError	expected:<Sun Jan 09 05:49:53 UTC 2011> but was:<Sun Jan 09 13:49:53 UTC 2011>	org.junit.Assert.fail|org.junit.Assert.failNotEquals|org.junit.Assert.assertEquals|org.junit.Assert.assertEquals|com.alibaba.json.bvt.parser.DefaultExtJSONParser_parseArray.test_8|sun.reflect.NativeMethodAccessorImpl.invoke0|sun.reflect.NativeMethodAccessorImpl.invoke|sun.reflect.DelegatingMethodAccessorImpl.invoke|java.lang.reflect.Method.invoke|junit.framework.TestCase.runTest|junit.framework.TestCase.runBare|junit.framework.TestResult$1.protect	69
c631	FT	1	com.alibaba.json.bvt.parser.TypeUtilsTest#test_cast_to_SqlDate_string	PASS				265
c631	FT	2	com.alibaba.json.bvt.parser.DefaultExtJSONParser_parseArray#test_8	FAIL	java.lang.AssertionError	expected:<Sun Jan 09 05:49:53 UTC 2011> but was:<Sun Jan 09 13:49:53 UTC 2011>	org.junit.Assert.fail|org.junit.Assert.failNotEquals|org.junit.Assert.assertEquals|org.junit.Assert.assertEquals|com.alibaba.json.bvt.parser.DefaultExtJSONParser_parseArray.test_8|sun.reflect.NativeMethodAccessorImpl.invoke0|sun.reflect.NativeMethodAccessorImpl.invoke|sun.reflect.DelegatingMethodAccessorImpl.invoke|java.lang.reflect.Method.invoke|junit.framework.TestCase.runTest|junit.framework.TestCase.runBare|junit.framework.TestResult$1.protect	29
c632	FT	1	com.alibaba.json.bvt.parser.TypeUtilsTest#test_cast_to_SqlDate_util_Date	PASS				261
c632	FT	2	com.alibaba.json.bvt.parser.DefaultExtJSONParser_parseArray#test_8	FAIL	java.lang.AssertionError	expected:<Sun Jan 09 05:49:53 UTC 2011> but was:<Sun Jan 09 13:49:53 UTC 2011>	org.junit.Assert.fail|org.junit.Assert.failNotEquals|org.junit.Assert.assertEquals|org.junit.Assert.assertEquals|com.alibaba.json.bvt.parser.DefaultExtJSONParser_parseArray.test_8|sun.reflect.NativeMethodAccessorImpl.invoke0|sun.reflect.NativeMethodAccessorImpl.invoke|sun.reflect.DelegatingMethodAccessorImpl.invoke|java.lang.reflect.Method.invoke|junit.framework.TestCase.runTest|junit.framework.TestCase.runBare|junit.framework.TestResult$1.protect	24
c633	FT	1	com.alibaba.json.bvt.parser.TypeUtilsTest#test_cast_to_String	PASS				298
c633	FT	2	com.alibaba.json.bvt.parser.DefaultExtJSONParser_parseArray#test_8	FAIL	java.lang.AssertionError	expected:<Sun Jan 09 05:49:53 UTC 2011> but was:<Sun Jan 09 13:49:53 UTC 2011>	org.junit.Assert.fail|org.junit.Assert.failNotEquals|org.junit.Assert.assertEquals|org.junit.Assert.assertEquals|com.alibaba.json.bvt.parser.DefaultExtJSONParser_parseArray.test_8|sun.reflect.NativeMethodAccessorImpl.invoke0|sun.reflect.NativeMethodAccessorImpl.invoke|sun.reflect.DelegatingMethodAccessorImpl.invoke|java.lang.reflect.Method.invoke|junit.framework.TestCase.runTest|junit.framework.TestCase.runBare|junit.framework.TestResult$1.protect	26
c634	FT	1	com.alibaba.json.bvt.parser.TypeUtilsTest#test_cast_to_Timestamp	PASS				276
c634	FT	2	com.alibaba.json.bvt.parser.DefaultExtJSONParser_parseArray#test_8	FAIL	java.lang.AssertionError	expected:<Sun Jan 09 05:49:53 UTC 2011> but was:<Sun Jan 09 13:49:53 UTC 2011>	org.junit.Assert.fail|org.junit.Assert.failNotEquals|org.junit.Assert.assertEquals|org.junit.Assert.assertEquals|com.alibaba.json.bvt.parser.DefaultExtJSONParser_parseArray.test_8|sun.reflect.NativeMethodAccessorImpl.invoke0|sun.reflect.NativeMethodAccessorImpl.invoke|sun.reflect.DelegatingMethodAccessorImpl.invoke|java.lang.reflect.Method.invoke|junit.framework.TestCase.runTest|junit.framework.TestCase.runBare|junit.framework.TestResult$1.protect	28
c635	FT	1	com.alibaba.json.bvt.parser.TypeUtilsTest#test_cast_to_Timestamp_calendar	PASS				270
c635	FT	2	com.alibaba.json.bvt.parser.DefaultExtJSONParser_parseArray#test_8	FAIL	java.lang.AssertionError	expected:<Sun Jan 09 05:49:53 UTC 2011> but was:<Sun Jan 09 13:49:53 UTC 2011>	org.junit.Assert.fail|org.junit.Assert.failNotEquals|org.junit.Assert.assertEquals|org.junit.Assert.assertEquals|com.alibaba.json.bvt.parser.DefaultExtJSONParser_parseArray.test_8|sun.reflect.NativeMethodAccessorImpl.invoke0|sun.reflect.NativeMethodAccessorImpl.invoke|sun.reflect.DelegatingMethodAccessorImpl.invoke|java.lang.reflect.Method.invoke|junit.framework.TestCase.runTest|junit.framework.TestCase.runBare|junit.framework.TestResult$1.protect	21
c636	FT	1	com.alibaba.json.bvt.parser.TypeUtilsTest#test_cast_to_Timestamp_error	PASS				265
c636	FT	2	com.alibaba.json.bvt.parser.DefaultExtJSONParser_parseArray#test_8	FAIL	java.lang.AssertionError	expected:<Sun Jan 09 05:49:53 UTC 2011> but was:<Sun Jan 09 13:49:53 UTC 2011>	org.junit.Assert.fail|org.junit.Assert.failNotEquals|org.junit.Assert.assertEquals|org.junit.Assert.assertEquals|com.alibaba.json.bvt.parser.DefaultExtJSONParser_parseArray.test_8|sun.reflect.NativeMethodAccessorImpl.invoke0|sun.reflect.NativeMethodAccessorImpl.invoke|sun.reflect.DelegatingMethodAccessorImpl.invoke|java.lang.reflect.Method.invoke|junit.framework.TestCase.runTest|junit.framework.TestCase.runBare|junit.framework.TestResult$1.protect	27
c637	FT	1	com.alibaba.json.bvt.parser.TypeUtilsTest#test_cast_to_Timestamp_null	PASS				263
c637	FT	2	com.alibaba.json.bvt.parser.DefaultExtJSONParser_parseArray#test_8	FAIL	java.lang.AssertionError	expected:<Sun Jan 09 05:49:53 UTC 2011> but was:<Sun Jan 09 13:49:53 UTC 2011>	org.junit.Assert.fail|org.junit.Assert.failNotEquals|org.junit.Assert.assertEquals|org.junit.Assert.assertEquals|com.alibaba.json.bvt.parser.DefaultExtJSONParser_parseArray.test_8|sun.reflect.NativeMethodAccessorImpl.invoke0|sun.reflect.NativeMethodAccessorImpl.invoke|sun.reflect.DelegatingMethodAccessorImpl.invoke|java.lang.reflect.Method.invoke|junit.framework.TestCase.runTest|junit.framework.TestCase.runBare|junit.framework.TestResult$1.protect	26
c638	FT	1	com.alibaba.json.bvt.parser.TypeUtilsTest#test_cast_to_Timestamp_null2	PASS				237
c638	FT	2	com.alibaba.json.bvt.parser.DefaultExtJSONParser_parseArray#test_8	FAIL	java.lang.AssertionError	expected:<Sun Jan 09 05:49:53 UTC 2011> but was:<Sun Jan 09 13:49:53 UTC 2011>	org.junit.Assert.fail|org.junit.Assert.failNotEquals|org.junit.Assert.assertEquals|org.junit.Assert.assertEquals|com.alibaba.json.bvt.parser.DefaultExtJSONParser_parseArray.test_8|sun.reflect.NativeMethodAccessorImpl.invoke0|sun.reflect.NativeMethodAccessorImpl.invoke|sun.reflect.DelegatingMethodAccessorImpl.invoke|java.lang.reflect.Method.invoke|junit.framework.TestCase.runTest|junit.framework.TestCase.runBare|junit.framework.TestResult$1.protect	75
c639	FT	1	com.alibaba.json.bvt.parser.TypeUtilsTest#test_cast_to_Timestamp_number	PASS				271
c639	FT	2	com.alibaba.json.bvt.parser.DefaultExtJSONParser_parseArray#test_8	FAIL	java.lang.AssertionError	expected:<Sun Jan 09 05:49:53 UTC 2011> but was:<Sun Jan 09 13:49:53 UTC 2011>	org.junit.Assert.fail|org.junit.Assert.failNotEquals|org.junit.Assert.assertEquals|org.junit.Assert.assertEquals|com.alibaba.json.bvt.parser.DefaultExtJSONParser_parseArray.test_8|sun.reflect.NativeMethodAccessorImpl.invoke0|sun.reflect.NativeMethodAccessorImpl.invoke|sun.reflect.DelegatingMethodAccessorImpl.invoke|java.lang.reflect.Method.invoke|junit.framework.TestCase.runTest|junit.framework.TestCase.runBare|junit.framework.TestResult$1.protect	27
c640	FT	1	com.alibaba.json.bvt.parser.TypeUtilsTest#test_cast_to_Timestamp_sql_Date	PASS				285
c640	FT	2	com.alibaba.json.bvt.parser.DefaultExtJSONParser_parseArray#test_8	FAIL	java.lang.AssertionError	expected:<Sun Jan 09 05:49:53 UTC 2011> but was:<Sun Jan 09 13:49:53 UTC 2011>	org.junit.Assert.fail|org.junit.Assert.failNotEquals|org.junit.Assert.assertEquals|org.junit.Assert.assertEquals|com.alibaba.json.bvt.parser.DefaultExtJSONParser_parseArray.test_8|sun.reflect.NativeMethodAccessorImpl.invoke0|sun.reflect.NativeMethodAccessorImpl.invoke|sun.reflect.DelegatingMethodAccessorImpl.invoke|java.lang.reflect.Method.invoke|junit.framework.TestCase.runTest|junit.framework.TestCase.runBare|junit.framework.TestResult$1.protect	26
c641	FT	1	com.alibaba.json.bvt.parser.TypeUtilsTest#test_cast_to_Timestamp_sql_Timestamp	PASS				214
c641	FT	2	com.alibaba.json.bvt.parser.DefaultExtJSONParser_parseArray#test_8	FAIL	java.lang.AssertionError	expected:<Sun Jan 09 05:49:53 UTC 2011> but was:<Sun Jan 09 13:49:53 UTC 2011>	org.junit.Assert.fail|org.junit.Assert.failNotEquals|org.junit.Assert.assertEquals|org.junit.Assert.assertEquals|com.alibaba.json.bvt.parser.DefaultExtJSONParser_parseArray.test_8|sun.reflect.NativeMethodAccessorImpl.invoke0|sun.reflect.NativeMethodAccessorImpl.invoke|sun.reflect.DelegatingMethodAccessorImpl.invoke|java.lang.reflect.Method.invoke|junit.framework.TestCase.runTest|junit.framework.TestCase.runBare|junit.framework.TestResult$1.protect	78
c642	FT	1	com.alibaba.json.bvt.parser.TypeUtilsTest#test_cast_to_Timestamp_string	PASS				275
c642	FT	2	com.alibaba.json.bvt.parser.DefaultExtJSONParser_parseArray#test_8	FAIL	java.lang.AssertionError	expected:<Sun Jan 09 05:49:53 UTC 2011> but was:<Sun Jan 09 13:49:53 UTC 2011>	org.junit.Assert.fail|org.junit.Assert.failNotEquals|org.junit.Assert.assertEquals|org.junit.Assert.assertEquals|com.alibaba.json.bvt.parser.DefaultExtJSONParser_parseArray.test_8|sun.reflect.NativeMethodAccessorImpl.invoke0|sun.reflect.NativeMethodAccessorImpl.invoke|sun.reflect.DelegatingMethodAccessorImpl.invoke|java.lang.reflect.Method.invoke|junit.framework.TestCase.runTest|junit.framework.TestCase.runBare|junit.framework.TestResult$1.protect	25
c643	FT	1	com.alibaba.json.bvt.parser.TypeUtilsTest#test_cast_to_Timestamp_util_Date	PASS				291
c643	FT	2	com.alibaba.json.bvt.parser.DefaultExtJSONParser_parseArray#test_8	FAIL	java.lang.AssertionError	expected:<Sun Jan 09 05:49:53 UTC 2011> but was:<Sun Jan 09 13:49:53 UTC 2011>	org.junit.Assert.fail|org.junit.Assert.failNotEquals|org.junit.Assert.assertEquals|org.junit.Assert.assertEquals|com.alibaba.json.bvt.parser.DefaultExtJSONParser_parseArray.test_8|sun.reflect.NativeMethodAccessorImpl.invoke0|sun.reflect.NativeMethodAccessorImpl.invoke|sun.reflect.DelegatingMethodAccessorImpl.invoke|java.lang.reflect.Method.invoke|junit.framework.TestCase.runTest|junit.framework.TestCase.runBare|junit.framework.TestResult$1.protect	26
c644	FT	1	com.alibaba.json.bvt.parser.TypeUtilsTest#test_cast_to_boolean	PASS				277
c644	FT	2	com.alibaba.json.bvt.parser.DefaultExtJSONParser_parseArray#test_8	FAIL	java.lang.AssertionError	expected:<Sun Jan 09 05:49:53 UTC 2011> but was:<Sun Jan 09 13:49:53 UTC 2011>	org.junit.Assert.fail|org.junit.Assert.failNotEquals|org.junit.Assert.assertEquals|org.junit.Assert.assertEquals|com.alibaba.json.bvt.parser.DefaultExtJSONParser_parseArray.test_8|sun.reflect.NativeMethodAccessorImpl.invoke0|sun.reflect.NativeMethodAccessorImpl.invoke|sun.reflect.DelegatingMethodAccessorImpl.invoke|java.lang.reflect.Method.invoke|junit.framework.TestCase.runTest|junit.framework.TestCase.runBare|junit.framework.TestResult$1.protect	29
c645	FT	1	com.alibaba.json.bvt.parser.TypeUtilsTest#test_cast_to_byte	PASS				260
c645	FT	2	com.alibaba.json.bvt.parser.DefaultExtJSONParser_parseArray#test_8	FAIL	java.lang.AssertionError	expected:<Sun Jan 09 05:49:53 UTC 2011> but was:<Sun Jan 09 13:49:53 UTC 2011>	org.junit.Assert.fail|org.junit.Assert.failNotEquals|org.junit.Assert.assertEquals|org.junit.Assert.assertEquals|com.alibaba.json.bvt.parser.DefaultExtJSONParser_parseArray.test_8|sun.reflect.NativeMethodAccessorImpl.invoke0|sun.reflect.NativeMethodAccessorImpl.invoke|sun.reflect.DelegatingMethodAccessorImpl.invoke|java.lang.reflect.Method.invoke|junit.framework.TestCase.runTest|junit.framework.TestCase.runBare|junit.framework.TestResult$1.protect	26
c646	FT	1	com.alibaba.json.bvt.parser.TypeUtilsTest#test_cast_to_long	PASS				310
c646	FT	2	com.alibaba.json.bvt.parser.DefaultExtJSONParser_parseArray#test_8	FAIL	java.lang.AssertionError	expected:<Sun Jan 09 05:49:53 UTC 2011> but was:<Sun Jan 09 13:49:53 UTC 2011>	org.junit.Assert.fail|org.junit.Assert.failNotEquals|org.junit.Assert.assertEquals|org.junit.Assert.assertEquals|com.alibaba.json.bvt.parser.DefaultExtJSONParser_parseArray.test_8|sun.reflect.NativeMethodAccessorImpl.invoke0|sun.reflect.NativeMethodAccessorImpl.invoke|sun.reflect.DelegatingMethodAccessorImpl.invoke|java.lang.reflect.Method.invoke|junit.framework.TestCase.runTest|junit.framework.TestCase.runBare|junit.framework.TestResult$1.protect	28
c647	FT	1	com.alibaba.json.bvt.parser.TypeUtilsTest#test_cast_to_short	PASS				280
c647	FT	2	com.alibaba.json.bvt.parser.DefaultExtJSONParser_parseArray#test_8	FAIL	java.lang.AssertionError	expected:<Sun Jan 09 05:49:53 UTC 2011> but was:<Sun Jan 09 13:49:53 UTC 2011>	org.junit.Assert.fail|org.junit.Assert.failNotEquals|org.junit.Assert.assertEquals|org.junit.Assert.assertEquals|com.alibaba.json.bvt.parser.DefaultExtJSONParser_parseArray.test_8|sun.reflect.NativeMethodAccessorImpl.invoke0|sun.reflect.NativeMethodAccessorImpl.invoke|sun.reflect.DelegatingMethodAccessorImpl.invoke|java.lang.reflect.Method.invoke|junit.framework.TestCase.runTest|junit.framework.TestCase.runBare|junit.framework.TestResult$1.protect	27
c648	FT	1	com.alibaba.json.bvt.parser.TypeUtilsTest#test_error	PASS				297
c648	FT	2	com.alibaba.json.bvt.parser.DefaultExtJSONParser_parseArray#test_8	FAIL	java.lang.AssertionError	expected:<Sun Jan 09 05:49:53 UTC 2011> but was:<Sun Jan 09 13:49:53 UTC 2011>	org.junit.Assert.fail|org.junit.Assert.failNotEquals|org.junit.Assert.assertEquals|org.junit.Assert.assertEquals|com.alibaba.json.bvt.parser.DefaultExtJSONParser_parseArray.test_8|sun.reflect.NativeMethodAccessorImpl.invoke0|sun.reflect.NativeMethodAccessorImpl.invoke|sun.reflect.DelegatingMethodAccessorImpl.invoke|java.lang.reflect.Method.invoke|junit.framework.TestCase.runTest|junit.framework.TestCase.runBare|junit.framework.TestResult$1.protect	24
c649	FT	1	com.alibaba.json.bvt.parser.TypeUtilsTest#test_error_2	PASS				290
c649	FT	2	com.alibaba.json.bvt.parser.DefaultExtJSONParser_parseArray#test_8	FAIL	java.lang.AssertionError	expected:<Sun Jan 09 05:49:53 UTC 2011> but was:<Sun Jan 09 13:49:53 UTC 2011>	org.junit.Assert.fail|org.junit.Assert.failNotEquals|org.junit.Assert.assertEquals|org.junit.Assert.assertEquals|com.alibaba.json.bvt.parser.DefaultExtJSONParser_parseArray.test_8|sun.reflect.NativeMethodAccessorImpl.invoke0|sun.reflect.NativeMethodAccessorImpl.invoke|sun.reflect.DelegatingMethodAccessorImpl.invoke|java.lang.reflect.Method.invoke|junit.framework.TestCase.runTest|junit.framework.TestCase.runBare|junit.framework.TestResult$1.protect	18
c650	FT	1	com.alibaba.json.bvt.parser.TypeUtilsTest2#test_0	PASS				267
c650	FT	2	com.alibaba.json.bvt.parser.DefaultExtJSONParser_parseArray#test_8	FAIL	java.lang.AssertionError	expected:<Sun Jan 09 05:49:53 UTC 2011> but was:<Sun Jan 09 13:49:53 UTC 2011>	org.junit.Assert.fail|org.junit.Assert.failNotEquals|org.junit.Assert.assertEquals|org.junit.Assert.assertEquals|com.alibaba.json.bvt.parser.DefaultExtJSONParser_parseArray.test_8|sun.reflect.NativeMethodAccessorImpl.invoke0|sun.reflect.NativeMethodAccessorImpl.invoke|sun.reflect.DelegatingMethodAccessorImpl.invoke|java.lang.reflect.Method.invoke|junit.framework.TestCase.runTest|junit.framework.TestCase.runBare|junit.framework.TestResult$1.protect	63
c651	FT	1	com.alibaba.json.bvt.parser.TypeUtilsTest2#test_1	PASS				252
c651	FT	2	com.alibaba.json.bvt.parser.DefaultExtJSONParser_parseArray#test_8	FAIL	java.lang.AssertionError	expected:<Sun Jan 09 05:49:53 UTC 2011> but was:<Sun Jan 09 13:49:53 UTC 2011>	org.junit.Assert.fail|org.junit.Assert.failNotEquals|org.junit.Assert.assertEquals|org.junit.Assert.assertEquals|com.alibaba.json.bvt.parser.DefaultExtJSONParser_parseArray.test_8|sun.reflect.NativeMethodAccessorImpl.invoke0|sun.reflect.NativeMethodAccessorImpl.invoke|sun.reflect.DelegatingMethodAccessorImpl.invoke|java.lang.reflect.Method.invoke|junit.framework.TestCase.runTest|junit.framework.TestCase.runBare|junit.framework.TestResult$1.protect	89
c652	FT	1	com.alibaba.json.bvt.parser.TypeUtilsTest2#test_error_0	PASS				232
c652	FT	2	com.alibaba.json.bvt.parser.DefaultExtJSONParser_parseArray#test_8	FAIL	java.lang.AssertionError	expected:<Sun Jan 09 05:49:53 UTC 2011> but was:<Sun Jan 09 13:49:53 UTC 2011>	org.junit.Assert.fail|org.junit.Assert.failNotEquals|org.junit.Assert.assertEquals|org.junit.Assert.assertEquals|com.alibaba.json.bvt.parser.DefaultExtJSONParser_parseArray.test_8|sun.reflect.NativeMethodAccessorImpl.invoke0|sun.reflect.NativeMethodAccessorImpl.invoke|sun.reflect.DelegatingMethodAccessorImpl.invoke|java.lang.reflect.Method.invoke|junit.framework.TestCase.runTest|junit.framework.TestCase.runBare|junit.framework.TestResult$1.protect	80
c653	FT	1	com.alibaba.json.bvt.parser.TypeUtilsTest2#test_error_1	PASS				228
c653	FT	2	com.alibaba.json.bvt.parser.DefaultExtJSONParser_parseArray#test_8	FAIL	java.lang.AssertionError	expected:<Sun Jan 09 05:49:53 UTC 2011> but was:<Sun Jan 09 13:49:53 UTC 2011>	org.junit.Assert.fail|org.junit.Assert.failNotEquals|org.junit.Assert.assertEquals|org.junit.Assert.assertEquals|com.alibaba.json.bvt.parser.DefaultExtJSONParser_parseArray.test_8|sun.reflect.NativeMethodAccessorImpl.invoke0|sun.reflect.NativeMethodAccessorImpl.invoke|sun.reflect.DelegatingMethodAccessorImpl.invoke|java.lang.reflect.Method.invoke|junit.framework.TestCase.runTest|junit.framework.TestCase.runBare|junit.framework.TestResult$1.protect	75
c654	FT	1	com.alibaba.json.bvt.parser.TypeUtilsTest2#test_error_2	PASS				284
c654	FT	2	com.alibaba.json.bvt.parser.DefaultExtJSONParser_parseArray#test_8	FAIL	java.lang.AssertionError	expected:<Sun Jan 09 05:49:53 UTC 2011> but was:<Sun Jan 09 13:49:53 UTC 2011>	org.junit.Assert.fail|org.junit.Assert.failNotEquals|org.junit.Assert.assertEquals|org.junit.Assert.assertEquals|com.alibaba.json.bvt.parser.DefaultExtJSONParser_parseArray.test_8|sun.reflect.NativeMethodAccessorImpl.invoke0|sun.reflect.NativeMethodAccessorImpl.invoke|sun.reflect.DelegatingMethodAccessorImpl.invoke|java.lang.reflect.Method.invoke|junit.framework.TestCase.runTest|junit.framework.TestCase.runBare|junit.framework.TestResult$1.protect	38
c655	FT	1	com.alibaba.json.bvt.parser.TypeUtilsTest2#test_error_3	PASS				333
c655	FT	2	com.alibaba.json.bvt.parser.DefaultExtJSONParser_parseArray#test_8	FAIL	java.lang.AssertionError	expected:<Sun Jan 09 05:49:53 UTC 2011> but was:<Sun Jan 09 13:49:53 UTC 2011>	org.junit.Assert.fail|org.junit.Assert.failNotEquals|org.junit.Assert.assertEquals|org.junit.Assert.assertEquals|com.alibaba.json.bvt.parser.DefaultExtJSONParser_parseArray.test_8|sun.reflect.NativeMethodAccessorImpl.invoke0|sun.reflect.NativeMethodAccessorImpl.invoke|sun.reflect.DelegatingMethodAccessorImpl.invoke|java.lang.reflect.Method.invoke|junit.framework.TestCase.runTest|junit.framework.TestCase.runBare|junit.framework.TestResult$1.protect	23
c656	FT	1	com.alibaba.json.bvt.parser.TypeUtilsTest2#test_error_4	PASS				211
c656	FT	2	com.alibaba.json.bvt.parser.DefaultExtJSONParser_parseArray#test_8	FAIL	java.lang.AssertionError	expected:<Sun Jan 09 05:49:53 UTC 2011> but was:<Sun Jan 09 13:49:53 UTC 2011>	org.junit.Assert.fail|org.junit.Assert.failNotEquals|org.junit.Assert.assertEquals|org.junit.Assert.assertEquals|com.alibaba.json.bvt.parser.DefaultExtJSONParser_parseArray.test_8|sun.reflect.NativeMethodAccessorImpl.invoke0|sun.reflect.NativeMethodAccessorImpl.invoke|sun.reflect.DelegatingMethodAccessorImpl.invoke|java.lang.reflect.Method.invoke|junit.framework.TestCase.runTest|junit.framework.TestCase.runBare|junit.framework.TestResult$1.protect	78
c657	FT	1	com.alibaba.json.bvt.parser.TypeUtilsTest3#test_enum	PASS				294
c657	FT	2	com.alibaba.json.bvt.parser.DefaultExtJSONParser_parseArray#test_8	FAIL	java.lang.AssertionError	expected:<Sun Jan 09 05:49:53 UTC 2011> but was:<Sun Jan 09 13:49:53 UTC 2011>	org.junit.Assert.fail|org.junit.Assert.failNotEquals|org.junit.Assert.assertEquals|org.junit.Assert.assertEquals|com.alibaba.json.bvt.parser.DefaultExtJSONParser_parseArray.test_8|sun.reflect.NativeMethodAccessorImpl.invoke0|sun.reflect.NativeMethodAccessorImpl.invoke|sun.reflect.DelegatingMethodAccessorImpl.invoke|java.lang.reflect.Method.invoke|junit.framework.TestCase.runTest|junit.framework.TestCase.runBare|junit.framework.TestResult$1.protect	17
c658	FT	1	com.alibaba.json.bvt.parser.TypeUtilsTest3#test_enum_2	PASS				253
c658	FT	2	com.alibaba.json.bvt.parser.DefaultExtJSONParser_parseArray#test_8	FAIL	java.lang.AssertionError	expected:<Sun Jan 09 05:49:53 UTC 2011> but was:<Sun Jan 09 13:49:53 UTC 2011>	org.junit.Assert.fail|org.junit.Assert.failNotEquals|org.junit.Assert.assertEquals|org.junit.Assert.assertEquals|com.alibaba.json.bvt.parser.DefaultExtJSONParser_parseArray.test_8|sun.reflect.NativeMethodAccessorImpl.invoke0|sun.reflect.NativeMethodAccessorImpl.invoke|sun.reflect.DelegatingMethodAccessorImpl.invoke|java.lang.reflect.Method.invoke|junit.framework.TestCase.runTest|junit.framework.TestCase.runBare|junit.framework.TestResult$1.protect	28
c659	FT	1	com.alibaba.json.bvt.parser.TypeUtilsTest3#test_error	PASS				251
c659	FT	2	com.alibaba.json.bvt.parser.DefaultExtJSONParser_parseArray#test_8	FAIL	java.lang.AssertionError	expected:<Sun Jan 09 05:49:53 UTC 2011> but was:<Sun Jan 09 13:49:53 UTC 2011>	org.junit.Assert.fail|org.junit.Assert.failNotEquals|org.junit.Assert.assertEquals|org.junit.Assert.assertEquals|com.alibaba.json.bvt.parser.DefaultExtJSONParser_parseArray.test_8|sun.reflect.NativeMethodAccessorImpl.invoke0|sun.reflect.NativeMethodAccessorImpl.invoke|sun.reflect.DelegatingMethodAccessorImpl.invoke|java.lang.reflect.Method.invoke|junit.framework.TestCase.runTest|junit.framework.TestCase.runBare|junit.framework.TestResult$1.protect	30
c660	FT	1	com.alibaba.json.bvt.parser.TypeUtilsTest3#test_error_1	PASS				232
c660	FT	2	com.alibaba.json.bvt.parser.DefaultExtJSONParser_parseArray#test_8	FAIL	java.lang.AssertionError	expected:<Sun Jan 09 05:49:53 UTC 2011> but was:<Sun Jan 09 13:49:53 UTC 2011>	org.junit.Assert.fail|org.junit.Assert.failNotEquals|org.junit.Assert.assertEquals|org.junit.Assert.assertEquals|com.alibaba.json.bvt.parser.DefaultExtJSONParser_parseArray.test_8|sun.reflect.NativeMethodAccessorImpl.invoke0|sun.reflect.NativeMethodAccessorImpl.invoke|sun.reflect.DelegatingMethodAccessorImpl.invoke|java.lang.reflect.Method.invoke|junit.framework.TestCase.runTest|junit.framework.TestCase.runBare|junit.framework.TestResult$1.protect	71
c661	FT	1	com.alibaba.json.bvt.parser.TypeUtilsTest3#test_error_2	PASS				223
c661	FT	2	com.alibaba.json.bvt.parser.DefaultExtJSONParser_parseArray#test_8	FAIL	java.lang.AssertionError	expected:<Sun Jan 09 05:49:53 UTC 2011> but was:<Sun Jan 09 13:49:53 UTC 2011>	org.junit.Assert.fail|org.junit.Assert.failNotEquals|org.junit.Assert.assertEquals|org.junit.Assert.assertEquals|com.alibaba.json.bvt.parser.DefaultExtJSONParser_parseArray.test_8|sun.reflect.NativeMethodAccessorImpl.invoke0|sun.reflect.NativeMethodAccessorImpl.invoke|sun.reflect.DelegatingMethodAccessorImpl.invoke|java.lang.reflect.Method.invoke|junit.framework.TestCase.runTest|junit.framework.TestCase.runBare|junit.framework.TestResult$1.protect	69
c662	FT	1	com.alibaba.json.bvt.parser.TypeUtilsTest3#test_error_3	PASS				227
c662	FT	2	com.alibaba.json.bvt.parser.DefaultExtJSONParser_parseArray#test_8	FAIL	java.lang.AssertionError	expected:<Sun Jan 09 05:49:53 UTC 2011> but was:<Sun Jan 09 13:49:53 UTC 2011>	org.junit.Assert.fail|org.junit.Assert.failNotEquals|org.junit.Assert.assertEquals|org.junit.Assert.assertEquals|com.alibaba.json.bvt.parser.DefaultExtJSONParser_parseArray.test_8|sun.reflect.NativeMethodAccessorImpl.invoke0|sun.reflect.NativeMethodAccessorImpl.invoke|sun.reflect.DelegatingMethodAccessorImpl.invoke|java.lang.reflect.Method.invoke|junit.framework.TestCase.runTest|junit.framework.TestCase.runBare|junit.framework.TestResult$1.protect	72
c663	FT	1	com.alibaba.json.bvt.parser.TypeUtilsTest3#test_ex	PASS				304
c663	FT	2	com.alibaba.json.bvt.parser.DefaultExtJSONParser_parseArray#test_8	FAIL	java.lang.AssertionError	expected:<Sun Jan 09 05:49:53 UTC 2011> but was:<Sun Jan 09 13:49:53 UTC 2011>	org.junit.Assert.fail|org.junit.Assert.failNotEquals|org.junit.Assert.assertEquals|org.junit.Assert.assertEquals|com.alibaba.json.bvt.parser.DefaultExtJSONParser_parseArray.test_8|sun.reflect.NativeMethodAccessorImpl.invoke0|sun.reflect.NativeMethodAccessorImpl.invoke|sun.reflect.DelegatingMethodAccessorImpl.invoke|java.lang.reflect.Method.invoke|junit.framework.TestCase.runTest|junit.framework.TestCase.runBare|junit.framework.TestResult$1.protect	19
c664	FT	1	com.alibaba.json.bvt.parser.TypeUtilsTest3#test_null	PASS				215
c664	FT	2	com.alibaba.json.bvt.parser.DefaultExtJSONParser_parseArray#test_8	FAIL	java.lang.AssertionError	expected:<Sun Jan 09 05:49:53 UTC 2011> but was:<Sun Jan 09 13:49:53 UTC 2011>	org.junit.Assert.fail|org.junit.Assert.failNotEquals|org.junit.Assert.assertEquals|org.junit.Assert.assertEquals|com.alibaba.json.bvt.parser.DefaultExtJSONParser_parseArray.test_8|sun.reflect.NativeMethodAccessorImpl.invoke0|sun.reflect.NativeMethodAccessorImpl.invoke|sun.reflect.DelegatingMethodAccessorImpl.invoke|java.lang.reflect.Method.invoke|junit.framework.TestCase.runTest|junit.framework.TestCase.runBare|junit.framework.TestResult$1.protect	69
c665	FT	1	com.alibaba.json.bvt.parser.TypeUtilsTest3#test_null_1	PASS				224
c665	FT	2	com.alibaba.json.bvt.parser.DefaultExtJSONParser_parseArray#test_8	FAIL	java.lang.AssertionError	expected:<Sun Jan 09 05:49:53 UTC 2011> but was:<Sun Jan 09 13:49:53 UTC 2011>	org.junit.Assert.fail|org.junit.Assert.failNotEquals|org.junit.Assert.assertEquals|org.junit.Assert.assertEquals|com.alibaba.json.bvt.parser.DefaultExtJSONParser_parseArray.test_8|sun.reflect.NativeMethodAccessorImpl.invoke0|sun.reflect.NativeMethodAccessorImpl.invoke|sun.reflect.DelegatingMethodAccessorImpl.invoke|java.lang.reflect.Method.invoke|junit.framework.TestCase.runTest|junit.framework.TestCase.runBare|junit.framework.TestResult$1.protect	80
c666	FT	1	com.alibaba.json.bvt.parser.TypeUtilsTest3#test_null_2	PASS				224
c666	FT	2	com.alibaba.json.bvt.parser.DefaultExtJSONParser_parseArray#test_8	FAIL	java.lang.AssertionError	expected:<Sun Jan 09 05:49:53 UTC 2011> but was:<Sun Jan 09 13:49:53 UTC 2011>	org.junit.Assert.fail|org.junit.Assert.failNotEquals|org.junit.Assert.assertEquals|org.junit.Assert.assertEquals|com.alibaba.json.bvt.parser.DefaultExtJSONParser_parseArray.test_8|sun.reflect.NativeMethodAccessorImpl.invoke0|sun.reflect.NativeMethodAccessorImpl.invoke|sun.reflect.DelegatingMethodAccessorImpl.invoke|java.lang.reflect.Method.invoke|junit.framework.TestCase.runTest|junit.framework.TestCase.runBare|junit.framework.TestResult$1.protect	-663
c667	FT	1	com.alibaba.json.bvt.parser.TypeUtilsTest4#test_ParameterizedType	PASS				-879
c667	FT	2	com.alibaba.json.bvt.parser.DefaultExtJSONParser_parseArray#test_8	FAIL	java.lang.AssertionError	expected:<Sun Jan 09 05:49:53 UTC 2011> but was:<Sun Jan 09 13:49:53 UTC 2011>	org.junit.Assert.fail|org.junit.Assert.failNotEquals|org.junit.Assert.assertEquals|org.junit.Assert.assertEquals|com.alibaba.json.bvt.parser.DefaultExtJSONParser_parseArray.test_8|sun.reflect.NativeMethodAccessorImpl.invoke0|sun.reflect.NativeMethodAccessorImpl.invoke|sun.reflect.DelegatingMethodAccessorImpl.invoke|java.lang.reflect.Method.invoke|junit.framework.TestCase.runTest|junit.framework.TestCase.runBare|junit.framework.TestResult$1.protect	84
c668	FT	1	com.alibaba.json.bvt.parser.TypeUtilsTest4#test_ParameterizedType2	PASS				230
c668	FT	2	com.alibaba.json.bvt.parser.DefaultExtJSONParser_parseArray#test_8	FAIL	java.lang.AssertionError	expected:<Sun Jan 09 05:49:53 UTC 2011> but was:<Sun Jan 09 13:49:53 UTC 2011>	org.junit.Assert.fail|org.junit.Assert.failNotEquals|org.junit.Assert.assertEquals|org.junit.Assert.assertEquals|com.alibaba.json.bvt.parser.DefaultExtJSONParser_parseArray.test_8|sun.reflect.NativeMethodAccessorImpl.invoke0|sun.reflect.NativeMethodAccessorImpl.invoke|sun.reflect.DelegatingMethodAccessorImpl.invoke|java.lang.reflect.Method.invoke|junit.framework.TestCase.runTest|junit.framework.TestCase.runBare|junit.framework.TestResult$1.protect	70
c669	FT	1	com.alibaba.json.bvt.parser.TypeUtilsTest4#test_ParameterizedType_error	PASS				284
c669	FT	2	com.alibaba.json.bvt.parser.DefaultExtJSONParser_parseArray#test_8	FAIL	java.lang.AssertionError	expected:<Sun Jan 09 05:49:53 UTC 2011> but was:<Sun Jan 09 13:49:53 UTC 2011>	org.junit.Assert.fail|org.junit.Assert.failNotEquals|org.junit.Assert.assertEquals|org.junit.Assert.assertEquals|com.alibaba.json.bvt.parser.DefaultExtJSONParser_parseArray.test_8|sun.reflect.NativeMethodAccessorImpl.invoke0|sun.reflect.NativeMethodAccessorImpl.invoke|sun.reflect.DelegatingMethodAccessorImpl.invoke|java.lang.reflect.Method.invoke|junit.framework.TestCase.runTest|junit.framework.TestCase.runBare|junit.framework.TestResult$1.protect	19
c670	FT	1	com.alibaba.json.bvt.parser.TypeUtilsTest4#test_array	PASS				206
c670	FT	2	com.alibaba.json.bvt.parser.DefaultExtJSONParser_parseArray#test_8	FAIL	java.lang.AssertionError	expected:<Sun Jan 09 05:49:53 UTC 2011> but was:<Sun Jan 09 13:49:53 UTC 2011>	org.junit.Assert.fail|org.junit.Assert.failNotEquals|org.junit.Assert.assertEquals|org.junit.Assert.assertEquals|com.alibaba.json.bvt.parser.DefaultExtJSONParser_parseArray.test_8|sun.reflect.NativeMethodAccessorImpl.invoke0|sun.reflect.NativeMethodAccessorImpl.invoke|sun.reflect.DelegatingMethodAccessorImpl.invoke|java.lang.reflect.Method.invoke|junit.framework.TestCase.runTest|junit.framework.TestCase.runBare|junit.framework.TestResult$1.protect	79
c671	FT	1	com.alibaba.json.bvt.parser.TypeUtilsTest4#test_error	PASS				212
c671	FT	2	com.alibaba.json.bvt.parser.DefaultExtJSONParser_parseArray#test_8	FAIL	java.lang.AssertionError	expected:<Sun Jan 09 05:49:53 UTC 2011> but was:<Sun Jan 09 13:49:53 UTC 2011>	org.junit.Assert.fail|org.junit.Assert.failNotEquals|org.junit.Assert.assertEquals|org.junit.Assert.assertEquals|com.alibaba.json.bvt.parser.DefaultExtJSONParser_parseArray.test_8|sun.reflect.NativeMethodAccessorImpl.invoke0|sun.reflect.NativeMethodAccessorImpl.invoke|sun.reflect.DelegatingMethodAccessorImpl.invoke|java.lang.reflect.Method.invoke|junit.framework.TestCase.runTest|junit.framework.TestCase.runBare|junit.framework.TestResult$1.protect	78
c672	FT	1	com.alibaba.json.bvt.parser.TypeUtilsTest4#test_error_2	PASS				221
c672	FT	2	com.alibaba.json.bvt.parser.DefaultExtJSONParser_parseArray#test_8	FAIL	java.lang.AssertionError	expected:<Sun Jan 09 05:49:53 UTC 2011> but was:<Sun Jan 09 13:49:53 UTC 2011>	org.junit.Assert.fail|org.junit.Assert.failNotEquals|org.junit.Assert.assertEquals|org.junit.Assert.assertEquals|com.alibaba.json.bvt.parser.DefaultExtJSONParser_parseArray.test_8|sun.reflect.NativeMethodAccessorImpl.invoke0|sun.reflect.NativeMethodAccessorImpl.invoke|sun.reflect.DelegatingMethodAccessorImpl.invoke|java.lang.reflect.Method.invoke|junit.framework.TestCase.runTest|junit.framework.TestCase.runBare|junit.framework.TestResult$1.protect	75
c673	FT	1	com.alibaba.json.bvt.parser.TypeUtilsTest4#test_exception	PASS				363
c673	FT	2	com.alibaba.json.bvt.parser.DefaultExtJSONParser_parseArray#test_8	FAIL	java.lang.AssertionError	expected:<Sun Jan 09 05:49:53 UTC 2011> but was:<Sun Jan 09 13:49:53 UTC 2011>	org.junit.Assert.fail|org.junit.Assert.failNotEquals|org.junit.Assert.assertEquals|org.junit.Assert.assertEquals|com.alibaba.json.bvt.parser.DefaultExtJSONParser_parseArray.test_8|sun.reflect.NativeMethodAccessorImpl.invoke0|sun.reflect.NativeMethodAccessorImpl.invoke|sun.reflect.DelegatingMethodAccessorImpl.invoke|java.lang.reflect.Method.invoke|junit.framework.TestCase.runTest|junit.framework.TestCase.runBare|junit.framework.TestResult$1.protect	23
c674	FT	1	com.alibaba.json.bvt.parser.TypeUtilsTest_cast#test_castToDate_error	PASS				275
c674	FT	2	com.alibaba.json.bvt.parser.DefaultExtJSONParser_parseArray#test_8	FAIL	java.lang.AssertionError	expected:<Sun Jan 09 05:49:53 UTC 2011> but was:<Sun Jan 09 13:49:53 UTC 2011>	org.junit.Assert.fail|org.junit.Assert.failNotEquals|org.junit.Assert.assertEquals|org.junit.Assert.assertEquals|com.alibaba.json.bvt.parser.DefaultExtJSONParser_parseArray.test_8|sun.reflect.NativeMethodAccessorImpl.invoke0|sun.reflect.NativeMethodAccessorImpl.invoke|sun.reflect.DelegatingMethodAccessorImpl.invoke|java.lang.reflect.Method.invoke|junit.framework.TestCase.runTest|junit.framework.TestCase.runBare|junit.framework.TestResult$1.protect	81
c675	FT	1	com.alibaba.json.bvt.parser.TypeUtilsTest_cast#test_castToDate_error_nullClass	PASS				213
c675	FT	2	com.alibaba.json.bvt.parser.DefaultExtJSONParser_parseArray#test_8	FAIL	java.lang.AssertionError	expected:<Sun Jan 09 05:49:53 UTC 2011> but was:<Sun Jan 09 13:49:53 UTC 2011>	org.junit.Assert.fail|org.junit.Assert.failNotEquals|org.junit.Assert.assertEquals|org.junit.Assert.assertEquals|com.alibaba.json.bvt.parser.DefaultExtJSONParser_parseArray.test_8|sun.reflect.NativeMethodAccessorImpl.invoke0|sun.reflect.NativeMethodAccessorImpl.invoke|sun.reflect.DelegatingMethodAccessorImpl.invoke|java.lang.reflect.Method.invoke|junit.framework.TestCase.runTest|junit.framework.TestCase.runBare|junit.framework.TestResult$1.protect	73
c676	FT	1	com.alibaba.json.bvt.parser.TypeUtilsTest_cast#test_cast_0	PASS				247
c676	FT	2	com.alibaba.json.bvt.parser.DefaultExtJSONParser_parseArray#test_8	FAIL	java.lang.AssertionError	expected:<Sun Jan 09 05:49:53 UTC 2011> but was:<Sun Jan 09 13:49:53 UTC 2011>	org.junit.Assert.fail|org.junit.Assert.failNotEquals|org.junit.Assert.assertEquals|org.junit.Assert.assertEquals|com.alibaba.json.bvt.parser.DefaultExtJSONParser_parseArray.test_8|sun.reflect.NativeMethodAccessorImpl.invoke0|sun.reflect.NativeMethodAccessorImpl.invoke|sun.reflect.DelegatingMethodAccessorImpl.invoke|java.lang.reflect.Method.invoke|junit.framework.TestCase.runTest|junit.framework.TestCase.runBare|junit.framework.TestResult$1.protect	75
c677	FT	1	com.alibaba.json.bvt.parser.TypeUtilsTest_cast#test_cast_1	PASS				288
c677	FT	2	com.alibaba.json.bvt.parser.DefaultExtJSONParser_parseArray#test_8	FAIL	java.lang.AssertionError	expected:<Sun Jan 09 05:49:53 UTC 2011> but was:<Sun Jan 09 13:49:53 UTC 2011>	org.junit.Assert.fail|org.junit.Assert.failNotEquals|org.junit.Assert.assertEquals|org.junit.Assert.assertEquals|com.alibaba.json.bvt.parser.DefaultExtJSONParser_parseArray.test_8|sun.reflect.NativeMethodAccessorImpl.invoke0|sun.reflect.NativeMethodAccessorImpl.invoke|sun.reflect.DelegatingMethodAccessorImpl.invoke|java.lang.reflect.Method.invoke|junit.framework.TestCase.runTest|junit.framework.TestCase.runBare|junit.framework.TestResult$1.protect	74
c678	FT	1	com.alibaba.json.bvt.parser.TypeUtilsTest_castToBytes#test_castToDate	PASS				260
c678	FT	2	com.alibaba.json.bvt.parser.DefaultExtJSONParser_parseArray#test_8	FAIL	java.lang.AssertionError	expected:<Sun Jan 09 05:49:53 UTC 2011> but was:<Sun Jan 09 13:49:53 UTC 2011>	org.junit.Assert.fail|org.junit.Assert.failNotEquals|org.junit.Assert.assertEquals|org.junit.Assert.assertEquals|com.alibaba.json.bvt.parser.DefaultExtJSONParser_parseArray.test_8|sun.reflect.NativeMethodAccessorImpl.invoke0|sun.reflect.NativeMethodAccessorImpl.invoke|sun.reflect.DelegatingMethodAccessorImpl.invoke|java.lang.reflect.Method.invoke|junit.framework.TestCase.runTest|junit.framework.TestCase.runBare|junit.framework.TestResult$1.protect	70
c679	FT	1	com.alibaba.json.bvt.parser.TypeUtilsTest_castToBytes#test_castToDate_error	PASS				217
c679	FT	2	com.alibaba.json.bvt.parser.DefaultExtJSONParser_parseArray#test_8	FAIL	java.lang.AssertionError	expected:<Sun Jan 09 05:49:53 UTC 2011> but was:<Sun Jan 09 13:49:53 UTC 2011>	org.junit.Assert.fail|org.junit.Assert.failNotEquals|org.junit.Assert.assertEquals|org.junit.Assert.assertEquals|com.alibaba.json.bvt.parser.DefaultExtJSONParser_parseArray.test_8|sun.reflect.NativeMethodAccessorImpl.invoke0|sun.reflect.NativeMethodAccessorImpl.invoke|sun.reflect.DelegatingMethodAccessorImpl.invoke|java.lang.reflect.Method.invoke|junit.framework.TestCase.runTest|junit.framework.TestCase.runBare|junit.framework.TestResult$1.protect	93
c680	FT	1	com.alibaba.json.bvt.parser.TypeUtilsTest_castToDate#test_castToDate	PASS				307
c680	FT	2	com.alibaba.json.bvt.parser.DefaultExtJSONParser_parseArray#test_8	PASS				39
c681	FT	1	com.alibaba.json.bvt.parser.TypeUtilsTest_castToDate#test_castToDate_error	PASS				300
c681	FT	2	com.alibaba.json.bvt.parser.DefaultExtJSONParser_parseArray#test_8	PASS				54
c682	FT	1	com.alibaba.json.bvt.parser.TypeUtilsTest_castToDate#test_castToDate_negative	PASS				254
c682	FT	2	com.alibaba.json.bvt.parser.DefaultExtJSONParser_parseArray#test_8	PASS				70
c683	FT	1	com.alibaba.json.bvt.parser.TypeUtilsTest_castToDate#test_castToDate_zero	PASS				248
c683	FT	2	com.alibaba.json.bvt.parser.DefaultExtJSONParser_parseArray#test_8	PASS				48
c684	FT	1	com.alibaba.json.bvt.parser.TypeUtilsTest_castToJavaBean#test_bean	PASS				380
c684	FT	2	com.alibaba.json.bvt.parser.DefaultExtJSONParser_parseArray#test_8	FAIL	java.lang.AssertionError	expected:<Sun Jan 09 05:49:53 UTC 2011> but was:<Sun Jan 09 13:49:53 UTC 2011>	org.junit.Assert.fail|org.junit.Assert.failNotEquals|org.junit.Assert.assertEquals|org.junit.Assert.assertEquals|com.alibaba.json.bvt.parser.DefaultExtJSONParser_parseArray.test_8|sun.reflect.NativeMethodAccessorImpl.invoke0|sun.reflect.NativeMethodAccessorImpl.invoke|sun.reflect.DelegatingMethodAccessorImpl.invoke|java.lang.reflect.Method.invoke|junit.framework.TestCase.runTest|junit.framework.TestCase.runBare|junit.framework.TestResult$1.protect	30
c685	FT	1	com.alibaba.json.bvt.parser.TypeUtilsTest_castToJavaBean#test_bean_2	PASS				307
c685	FT	2	com.alibaba.json.bvt.parser.DefaultExtJSONParser_parseArray#test_8	FAIL	java.lang.AssertionError	expected:<Sun Jan 09 05:49:53 UTC 2011> but was:<Sun Jan 09 13:49:53 UTC 2011>	org.junit.Assert.fail|org.junit.Assert.failNotEquals|org.junit.Assert.assertEquals|org.junit.Assert.assertEquals|com.alibaba.json.bvt.parser.DefaultExtJSONParser_parseArray.test_8|sun.reflect.NativeMethodAccessorImpl.invoke0|sun.reflect.NativeMethodAccessorImpl.invoke|sun.reflect.DelegatingMethodAccessorImpl.invoke|java.lang.reflect.Method.invoke|junit.framework.TestCase.runTest|junit.framework.TestCase.runBare|junit.framework.TestResult$1.protect	26
c686	FT	1	com.alibaba.json.bvt.parser.TypeUtilsTest_castToJavaBean#test_bean_3	PASS				287
c686	FT	2	com.alibaba.json.bvt.parser.DefaultExtJSONParser_parseArray#test_8	FAIL	java.lang.AssertionError	expected:<Sun Jan 09 05:49:53 UTC 2011> but was:<Sun Jan 09 13:49:53 UTC 2011>	org.junit.Assert.fail|org.junit.Assert.failNotEquals|org.junit.Assert.assertEquals|org.junit.Assert.assertEquals|com.alibaba.json.bvt.parser.DefaultExtJSONParser_parseArray.test_8|sun.reflect.NativeMethodAccessorImpl.invoke0|sun.reflect.NativeMethodAccessorImpl.invoke|sun.reflect.DelegatingMethodAccessorImpl.invoke|java.lang.reflect.Method.invoke|junit.framework.TestCase.runTest|junit.framework.TestCase.runBare|junit.framework.TestResult$1.protect	26
c687	FT	1	com.alibaba.json.bvt.parser.TypeUtilsTest_castToJavaBean#test_castToJavaBean_StackTraceElement	PASS				253
c687	FT	2	com.alibaba.json.bvt.parser.DefaultExtJSONParser_parseArray#test_8	FAIL	java.lang.AssertionError	expected:<Sun Jan 09 05:49:53 UTC 2011> but was:<Sun Jan 09 13:49:53 UTC 2011>	org.junit.Assert.fail|org.junit.Assert.failNotEquals|org.junit.Assert.assertEquals|org.junit.Assert.assertEquals|com.alibaba.json.bvt.parser.DefaultExtJSONParser_parseArray.test_8|sun.reflect.NativeMethodAccessorImpl.invoke0|sun.reflect.NativeMethodAccessorImpl.invoke|sun.reflect.DelegatingMethodAccessorImpl.invoke|java.lang.reflect.Method.invoke|junit.framework.TestCase.runTest|junit.framework.TestCase.runBare|junit.framework.TestResult$1.protect	26
c688	FT	1	com.alibaba.json.bvt.parser.TypeUtilsTest_castToJavaBean#test_castToJavaBean_StackTraceElement_1	PASS				307
c688	FT	2	com.alibaba.json.bvt.parser.DefaultExtJSONParser_parseArray#test_8	FAIL	java.lang.AssertionError	expected:<Sun Jan 09 05:49:53 UTC 2011> but was:<Sun Jan 09 13:49:53 UTC 2011>	org.junit.Assert.fail|org.junit.Assert.failNotEquals|org.junit.Assert.assertEquals|org.junit.Assert.assertEquals|com.alibaba.json.bvt.parser.DefaultExtJSONParser_parseArray.test_8|sun.reflect.NativeMethodAccessorImpl.invoke0|sun.reflect.NativeMethodAccessorImpl.invoke|sun.reflect.DelegatingMethodAccessorImpl.invoke|java.lang.reflect.Method.invoke|junit.framework.TestCase.runTest|junit.framework.TestCase.runBare|junit.framework.TestResult$1.protect	31
c689	FT	1	com.alibaba.json.bvt.parser.TypeUtilsTest_castToJavaBean#test_castToJavaBean_type	PASS				325
c689	FT	2	com.alibaba.json.bvt.parser.DefaultExtJSONParser_parseArray#test_8	FAIL	java.lang.AssertionError	expected:<Sun Jan 09 05:49:53 UTC 2011> but was:<Sun Jan 09 13:49:53 UTC 2011>	org.junit.Assert.fail|org.junit.Assert.failNotEquals|org.junit.Assert.assertEquals|org.junit.Assert.assertEquals|com.alibaba.json.bvt.parser.DefaultExtJSONParser_parseArray.test_8|sun.reflect.NativeMethodAccessorImpl.invoke0|sun.reflect.NativeMethodAccessorImpl.invoke|sun.reflect.DelegatingMethodAccessorImpl.invoke|java.lang.reflect.Method.invoke|junit.framework.TestCase.runTest|junit.framework.TestCase.runBare|junit.framework.TestResult$1.protect	33
c690	FT	1	com.alibaba.json.bvt.parser.TypeUtilsTest_castToJavaBean#test_error	PASS				277
c690	FT	2	com.alibaba.json.bvt.parser.DefaultExtJSONParser_parseArray#test_8	FAIL	java.lang.AssertionError	expected:<Sun Jan 09 05:49:53 UTC 2011> but was:<Sun Jan 09 13:49:53 UTC 2011>	org.junit.Assert.fail|org.junit.Assert.failNotEquals|org.junit.Assert.assertEquals|org.junit.Assert.assertEquals|com.alibaba.json.bvt.parser.DefaultExtJSONParser_parseArray.test_8|sun.reflect.NativeMethodAccessorImpl.invoke0|sun.reflect.NativeMethodAccessorImpl.invoke|sun.reflect.DelegatingMethodAccessorImpl.invoke|java.lang.reflect.Method.invoke|junit.framework.TestCase.runTest|junit.framework.TestCase.runBare|junit.framework.TestResult$1.protect	27
c691	FT	1	com.alibaba.json.bvt.parser.TypeUtilsTest_castToJavaBean#test_error2	PASS				292
c691	FT	2	com.alibaba.json.bvt.parser.DefaultExtJSONParser_parseArray#test_8	FAIL	java.lang.AssertionError	expected:<Sun Jan 09 05:49:53 UTC 2011> but was:<Sun Jan 09 13:49:53 UTC 2011>	org.junit.Assert.fail|org.junit.Assert.failNotEquals|org.junit.Assert.assertEquals|org.junit.Assert.assertEquals|com.alibaba.json.bvt.parser.DefaultExtJSONParser_parseArray.test_8|sun.reflect.NativeMethodAccessorImpl.invoke0|sun.reflect.NativeMethodAccessorImpl.invoke|sun.reflect.DelegatingMethodAccessorImpl.invoke|java.lang.reflect.Method.invoke|junit.framework.TestCase.runTest|junit.framework.TestCase.runBare|junit.framework.TestResult$1.protect	28
c692	FT	1	com.alibaba.json.bvt.parser.TypeUtilsTest_castToJavaBean#test_interface	PASS				301
c692	FT	2	com.alibaba.json.bvt.parser.DefaultExtJSONParser_parseArray#test_8	FAIL	java.lang.AssertionError	expected:<Sun Jan 09 05:49:53 UTC 2011> but was:<Sun Jan 09 13:49:53 UTC 2011>	org.junit.Assert.fail|org.junit.Assert.failNotEquals|org.junit.Assert.assertEquals|org.junit.Assert.assertEquals|com.alibaba.json.bvt.parser.DefaultExtJSONParser_parseArray.test_8|sun.reflect.NativeMethodAccessorImpl.invoke0|sun.reflect.NativeMethodAccessorImpl.invoke|sun.reflect.DelegatingMethodAccessorImpl.invoke|java.lang.reflect.Method.invoke|junit.framework.TestCase.runTest|junit.framework.TestCase.runBare|junit.framework.TestResult$1.protect	26
c693	FT	1	com.alibaba.json.bvt.parser.TypeUtilsTest_castToJavaBean#test_loadClass	PASS				253
c693	FT	2	com.alibaba.json.bvt.parser.DefaultExtJSONParser_parseArray#test_8	FAIL	java.lang.AssertionError	expected:<Sun Jan 09 05:49:53 UTC 2011> but was:<Sun Jan 09 13:49:53 UTC 2011>	org.junit.Assert.fail|org.junit.Assert.failNotEquals|org.junit.Assert.assertEquals|org.junit.Assert.assertEquals|com.alibaba.json.bvt.parser.DefaultExtJSONParser_parseArray.test_8|sun.reflect.NativeMethodAccessorImpl.invoke0|sun.reflect.NativeMethodAccessorImpl.invoke|sun.reflect.DelegatingMethodAccessorImpl.invoke|java.lang.reflect.Method.invoke|junit.framework.TestCase.runTest|junit.framework.TestCase.runBare|junit.framework.TestResult$1.protect	26
c694	FT	1	com.alibaba.json.bvt.parser.TypeUtilsTest_castToJavaBean#test_loadClass_1	PASS				267
c694	FT	2	com.alibaba.json.bvt.parser.DefaultExtJSONParser_parseArray#test_8	FAIL	java.lang.AssertionError	expected:<Sun Jan 09 05:49:53 UTC 2011> but was:<Sun Jan 09 13:49:53 UTC 2011>	org.junit.Assert.fail|org.junit.Assert.failNotEquals|org.junit.Assert.assertEquals|org.junit.Assert.assertEquals|com.alibaba.json.bvt.parser.DefaultExtJSONParser_parseArray.test_8|sun.reflect.NativeMethodAccessorImpl.invoke0|sun.reflect.NativeMethodAccessorImpl.invoke|sun.reflect.DelegatingMethodAccessorImpl.invoke|java.lang.reflect.Method.invoke|junit.framework.TestCase.runTest|junit.framework.TestCase.runBare|junit.framework.TestResult$1.protect	27
c695	FT	1	com.alibaba.json.bvt.parser.TypeUtilsTest_castToJavaBean#test_loadClass_2	PASS				285
c695	FT	2	com.alibaba.json.bvt.parser.DefaultExtJSONParser_parseArray#test_8	FAIL	java.lang.AssertionError	expected:<Sun Jan 09 05:49:53 UTC 2011> but was:<Sun Jan 09 13:49:53 UTC 2011>	org.junit.Assert.fail|org.junit.Assert.failNotEquals|org.junit.Assert.assertEquals|org.junit.Assert.assertEquals|com.alibaba.json.bvt.parser.DefaultExtJSONParser_parseArray.test_8|sun.reflect.NativeMethodAccessorImpl.invoke0|sun.reflect.NativeMethodAccessorImpl.invoke|sun.reflect.DelegatingMethodAccessorImpl.invoke|java.lang.reflect.Method.invoke|junit.framework.TestCase.runTest|junit.framework.TestCase.runBare|junit.framework.TestResult$1.protect	26
c696	FT	1	com.alibaba.json.bvt.parser.TypeUtilsTest_castToJavaBean#test_mapping	PASS				247
c696	FT	2	com.alibaba.json.bvt.parser.DefaultExtJSONParser_parseArray#test_8	FAIL	java.lang.AssertionError	expected:<Sun Jan 09 05:49:53 UTC 2011> but was:<Sun Jan 09 13:49:53 UTC 2011>	org.junit.Assert.fail|org.junit.Assert.failNotEquals|org.junit.Assert.assertEquals|org.junit.Assert.assertEquals|com.alibaba.json.bvt.parser.DefaultExtJSONParser_parseArray.test_8|sun.reflect.NativeMethodAccessorImpl.invoke0|sun.reflect.NativeMethodAccessorImpl.invoke|sun.reflect.DelegatingMethodAccessorImpl.invoke|java.lang.reflect.Method.invoke|junit.framework.TestCase.runTest|junit.framework.TestCase.runBare|junit.framework.TestResult$1.protect	28
c697	FT	1	com.alibaba.json.bvt.parser.TypeUtilsTest_castToJavaBean_JSONType#test_castToJavaBean	PASS				328
c697	FT	2	com.alibaba.json.bvt.parser.DefaultExtJSONParser_parseArray#test_8	FAIL	java.lang.AssertionError	expected:<Sun Jan 09 05:49:53 UTC 2011> but was:<Sun Jan 09 13:49:53 UTC 2011>	org.junit.Assert.fail|org.junit.Assert.failNotEquals|org.junit.Assert.assertEquals|org.junit.Assert.assertEquals|com.alibaba.json.bvt.parser.DefaultExtJSONParser_parseArray.test_8|sun.reflect.NativeMethodAccessorImpl.invoke0|sun.reflect.NativeMethodAccessorImpl.invoke|sun.reflect.DelegatingMethodAccessorImpl.invoke|java.lang.reflect.Method.invoke|junit.framework.TestCase.runTest|junit.framework.TestCase.runBare|junit.framework.TestResult$1.protect	25
c698	FT	1	com.alibaba.json.bvt.parser.TypeUtilsTest_castToJavaBean_JSONType#test_castToJavaBean_v2	PASS				302
c698	FT	2	com.alibaba.json.bvt.parser.DefaultExtJSONParser_parseArray#test_8	FAIL	java.lang.AssertionError	expected:<Sun Jan 09 05:49:53 UTC 2011> but was:<Sun Jan 09 13:49:53 UTC 2011>	org.junit.Assert.fail|org.junit.Assert.failNotEquals|org.junit.Assert.assertEquals|org.junit.Assert.assertEquals|com.alibaba.json.bvt.parser.DefaultExtJSONParser_parseArray.test_8|sun.reflect.NativeMethodAccessorImpl.invoke0|sun.reflect.NativeMethodAccessorImpl.invoke|sun.reflect.DelegatingMethodAccessorImpl.invoke|java.lang.reflect.Method.invoke|junit.framework.TestCase.runTest|junit.framework.TestCase.runBare|junit.framework.TestResult$1.protect	25
c699	FT	1	com.alibaba.json.bvt.parser.TypeUtilsTest_castToJavaBean_JSONType#test_castToJavaBean_v3	PASS				294
c699	FT	2	com.alibaba.json.bvt.parser.DefaultExtJSONParser_parseArray#test_8	FAIL	java.lang.AssertionError	expected:<Sun Jan 09 05:49:53 UTC 2011> but was:<Sun Jan 09 13:49:53 UTC 2011>	org.junit.Assert.fail|org.junit.Assert.failNotEquals|org.junit.Assert.assertEquals|org.junit.Assert.assertEquals|com.alibaba.json.bvt.parser.DefaultExtJSONParser_parseArray.test_8|sun.reflect.NativeMethodAccessorImpl.invoke0|sun.reflect.NativeMethodAccessorImpl.invoke|sun.reflect.DelegatingMethodAccessorImpl.invoke|java.lang.reflect.Method.invoke|junit.framework.TestCase.runTest|junit.framework.TestCase.runBare|junit.framework.TestResult$1.protect	29
c700	FT	1	com.alibaba.json.bvt.parser.TypeUtilsTest_compatibleWithJavaBean#test_true	PASS				320
c700	FT	2	com.alibaba.json.bvt.parser.DefaultExtJSONParser_parseArray#test_8	FAIL	java.lang.AssertionError	expected:<Sun Jan 09 05:49:53 UTC 2011> but was:<Sun Jan 09 13:49:53 UTC 2011>	org.junit.Assert.fail|org.junit.Assert.failNotEquals|org.junit.Assert.assertEquals|org.junit.Assert.assertEquals|com.alibaba.json.bvt.parser.DefaultExtJSONParser_parseArray.test_8|sun.reflect.NativeMethodAccessorImpl.invoke0|sun.reflect.NativeMethodAccessorImpl.invoke|sun.reflect.DelegatingMethodAccessorImpl.invoke|java.lang.reflect.Method.invoke|junit.framework.TestCase.runTest|junit.framework.TestCase.runBare|junit.framework.TestResult$1.protect	16
c701	FT	1	com.alibaba.json.bvt.parser.TypeUtilsTest_compatibleWithJavaBean_boolean#test_true	PASS				307
c701	FT	2	com.alibaba.json.bvt.parser.DefaultExtJSONParser_parseArray#test_8	FAIL	java.lang.AssertionError	expected:<Sun Jan 09 05:49:53 UTC 2011> but was:<Sun Jan 09 13:49:53 UTC 2011>	org.junit.Assert.fail|org.junit.Assert.failNotEquals|org.junit.Assert.assertEquals|org.junit.Assert.assertEquals|com.alibaba.json.bvt.parser.DefaultExtJSONParser_parseArray.test_8|sun.reflect.NativeMethodAccessorImpl.invoke0|sun.reflect.NativeMethodAccessorImpl.invoke|sun.reflect.DelegatingMethodAccessorImpl.invoke|java.lang.reflect.Method.invoke|junit.framework.TestCase.runTest|junit.framework.TestCase.runBare|junit.framework.TestResult$1.protect	17
c702	FT	1	com.alibaba.json.bvt.parser.TypeUtilsTest_interface#test_castToJavaBean	PASS				305
c702	FT	2	com.alibaba.json.bvt.parser.DefaultExtJSONParser_parseArray#test_8	FAIL	java.lang.AssertionError	expected:<Sun Jan 09 05:49:53 UTC 2011> but was:<Sun Jan 09 13:49:53 UTC 2011>	org.junit.Assert.fail|org.junit.Assert.failNotEquals|org.junit.Assert.assertEquals|org.junit.Assert.assertEquals|com.alibaba.json.bvt.parser.DefaultExtJSONParser_parseArray.test_8|sun.reflect.NativeMethodAccessorImpl.invoke0|sun.reflect.NativeMethodAccessorImpl.invoke|sun.reflect.DelegatingMethodAccessorImpl.invoke|java.lang.reflect.Method.invoke|junit.framework.TestCase.runTest|junit.framework.TestCase.runBare|junit.framework.TestResult$1.protect	29
c703	FT	1	com.alibaba.json.bvt.parser.TypeUtilsTest_interface#test_deser	PASS				313
c703	FT	2	com.alibaba.json.bvt.parser.DefaultExtJSONParser_parseArray#test_8	FAIL	java.lang.AssertionError	expected:<Sun Jan 09 05:49:53 UTC 2011> but was:<Sun Jan 09 13:49:53 UTC 2011>	org.junit.Assert.fail|org.junit.Assert.failNotEquals|org.junit.Assert.assertEquals|org.junit.Assert.assertEquals|com.alibaba.json.bvt.parser.DefaultExtJSONParser_parseArray.test_8|sun.reflect.NativeMethodAccessorImpl.invoke0|sun.reflect.NativeMethodAccessorImpl.invoke|sun.reflect.DelegatingMethodAccessorImpl.invoke|java.lang.reflect.Method.invoke|junit.framework.TestCase.runTest|junit.framework.TestCase.runBare|junit.framework.TestResult$1.protect	19
c704	FT	1	com.alibaba.json.bvt.parser.TypeUtilsTest_interface#test_deser2	PASS				279
c704	FT	2	com.alibaba.json.bvt.parser.DefaultExtJSONParser_parseArray#test_8	FAIL	java.lang.AssertionError	expected:<Sun Jan 09 05:49:53 UTC 2011> but was:<Sun Jan 09 13:49:53 UTC 2011>	org.junit.Assert.fail|org.junit.Assert.failNotEquals|org.junit.Assert.assertEquals|org.junit.Assert.assertEquals|com.alibaba.json.bvt.parser.DefaultExtJSONParser_parseArray.test_8|sun.reflect.NativeMethodAccessorImpl.invoke0|sun.reflect.NativeMethodAccessorImpl.invoke|sun.reflect.DelegatingMethodAccessorImpl.invoke|java.lang.reflect.Method.invoke|junit.framework.TestCase.runTest|junit.framework.TestCase.runBare|junit.framework.TestResult$1.protect	20
c705	FT	1	com.alibaba.json.bvt.parser.TypeUtilsTest_interface#test_deser2_x	PASS				290
c705	FT	2	com.alibaba.json.bvt.parser.DefaultExtJSONParser_parseArray#test_8	FAIL	java.lang.AssertionError	expected:<Sun Jan 09 05:49:53 UTC 2011> but was:<Sun Jan 09 13:49:53 UTC 2011>	org.junit.Assert.fail|org.junit.Assert.failNotEquals|org.junit.Assert.assertEquals|org.junit.Assert.assertEquals|com.alibaba.json.bvt.parser.DefaultExtJSONParser_parseArray.test_8|sun.reflect.NativeMethodAccessorImpl.invoke0|sun.reflect.NativeMethodAccessorImpl.invoke|sun.reflect.DelegatingMethodAccessorImpl.invoke|java.lang.reflect.Method.invoke|junit.framework.TestCase.runTest|junit.framework.TestCase.runBare|junit.framework.TestResult$1.protect	19
c706	FT	1	com.alibaba.json.bvt.parser.TypeUtilsTest_interface#test_parse	PASS				295
c706	FT	2	com.alibaba.json.bvt.parser.DefaultExtJSONParser_parseArray#test_8	FAIL	java.lang.AssertionError	expected:<Sun Jan 09 05:49:53 UTC 2011> but was:<Sun Jan 09 13:49:53 UTC 2011>	org.junit.Assert.fail|org.junit.Assert.failNotEquals|org.junit.Assert.assertEquals|org.junit.Assert.assertEquals|com.alibaba.json.bvt.parser.DefaultExtJSONParser_parseArray.test_8|sun.reflect.NativeMethodAccessorImpl.invoke0|sun.reflect.NativeMethodAccessorImpl.invoke|sun.reflect.DelegatingMethodAccessorImpl.invoke|java.lang.reflect.Method.invoke|junit.framework.TestCase.runTest|junit.framework.TestCase.runBare|junit.framework.TestResult$1.protect	17
c707	FT	1	com.alibaba.json.bvt.parser.TypeUtilsTest_interface#test_parse_var	PASS				306
c707	FT	2	com.alibaba.json.bvt.parser.DefaultExtJSONParser_parseArray#test_8	FAIL	java.lang.AssertionError	expected:<Sun Jan 09 05:49:53 UTC 2011> but was:<Sun Jan 09 13:49:53 UTC 2011>	org.junit.Assert.fail|org.junit.Assert.failNotEquals|org.junit.Assert.assertEquals|org.junit.Assert.assertEquals|com.alibaba.json.bvt.parser.DefaultExtJSONParser_parseArray.test_8|sun.reflect.NativeMethodAccessorImpl.invoke0|sun.reflect.NativeMethodAccessorImpl.invoke|sun.reflect.DelegatingMethodAccessorImpl.invoke|java.lang.reflect.Method.invoke|junit.framework.TestCase.runTest|junit.framework.TestCase.runBare|junit.framework.TestResult$1.protect	17
c708	FT	1	com.alibaba.json.bvt.parser.TypeUtilsTest_loadClass#test_error	PASS				253
c708	FT	2	com.alibaba.json.bvt.parser.DefaultExtJSONParser_parseArray#test_8	FAIL	java.lang.AssertionError	expected:<Sun Jan 09 05:49:53 UTC 2011> but was:<Sun Jan 09 13:49:53 UTC 2011>	org.junit.Assert.fail|org.junit.Assert.failNotEquals|org.junit.Assert.assertEquals|org.junit.Assert.assertEquals|com.alibaba.json.bvt.parser.DefaultExtJSONParser_parseArray.test_8|sun.reflect.NativeMethodAccessorImpl.invoke0|sun.reflect.NativeMethodAccessorImpl.invoke|sun.reflect.DelegatingMethodAccessorImpl.invoke|java.lang.reflect.Method.invoke|junit.framework.TestCase.runTest|junit.framework.TestCase.runBare|junit.framework.TestResult$1.protect	69
c709	FT	1	com.alibaba.json.bvt.parser.TypeUtilsTest_loadClass#test_loadClass	PASS				229
c709	FT	2	com.alibaba.json.bvt.parser.DefaultExtJSONParser_parseArray#test_8	FAIL	java.lang.AssertionError	expected:<Sun Jan 09 05:49:53 UTC 2011> but was:<Sun Jan 09 13:49:53 UTC 2011>	org.junit.Assert.fail|org.junit.Assert.failNotEquals|org.junit.Assert.assertEquals|org.junit.Assert.assertEquals|com.alibaba.json.bvt.parser.DefaultExtJSONParser_parseArray.test_8|sun.reflect.NativeMethodAccessorImpl.invoke0|sun.reflect.NativeMethodAccessorImpl.invoke|sun.reflect.DelegatingMethodAccessorImpl.invoke|java.lang.reflect.Method.invoke|junit.framework.TestCase.runTest|junit.framework.TestCase.runBare|junit.framework.TestResult$1.protect	71
c710	FT	1	com.alibaba.json.bvt.parser.TypeUtilsToJSONTest#test_0	PASS				163
c710	FT	2	com.alibaba.json.bvt.parser.DefaultExtJSONParser_parseArray#test_8	FAIL	java.lang.AssertionError	expected:<Sun Jan 09 05:49:53 UTC 2011> but was:<Sun Jan 09 13:49:53 UTC 2011>	org.junit.Assert.fail|org.junit.Assert.failNotEquals|org.junit.Assert.assertEquals|org.junit.Assert.assertEquals|com.alibaba.json.bvt.parser.DefaultExtJSONParser_parseArray.test_8|sun.reflect.NativeMethodAccessorImpl.invoke0|sun.reflect.NativeMethodAccessorImpl.invoke|sun.reflect.DelegatingMethodAccessorImpl.invoke|java.lang.reflect.Method.invoke|junit.framework.TestCase.runTest|junit.framework.TestCase.runBare|junit.framework.TestResult$1.protect	144
c711	FT	1	com.alibaba.json.bvt.parser.TypeUtilsToJSONTest#test_1	PASS				154
c711	FT	2	com.alibaba.json.bvt.parser.DefaultExtJSONParser_parseArray#test_8	FAIL	java.lang.AssertionError	expected:<Sun Jan 09 05:49:53 UTC 2011> but was:<Sun Jan 09 13:49:53 UTC 2011>	org.junit.Assert.fail|org.junit.Assert.failNotEquals|org.junit.Assert.assertEquals|org.junit.Assert.assertEquals|com.alibaba.json.bvt.parser.DefaultExtJSONParser_parseArray.test_8|sun.reflect.NativeMethodAccessorImpl.invoke0|sun.reflect.NativeMethodAccessorImpl.invoke|sun.reflect.DelegatingMethodAccessorImpl.invoke|java.lang.reflect.Method.invoke|junit.framework.TestCase.runTest|junit.framework.TestCase.runBare|junit.framework.TestResult$1.protect	146
c712	FT	1	com.alibaba.json.bvt.parser.TypeUtilsToJSONTest#test_null	PASS				155
c712	FT	2	com.alibaba.json.bvt.parser.DefaultExtJSONParser_parseArray#test_8	FAIL	java.lang.AssertionError	expected:<Sun Jan 09 05:49:53 UTC 2011> but was:<Sun Jan 09 13:49:53 UTC 2011>	org.junit.Assert.fail|org.junit.Assert.failNotEquals|org.junit.Assert.assertEquals|org.junit.Assert.assertEquals|com.alibaba.json.bvt.parser.DefaultExtJSONParser_parseArray.test_8|sun.reflect.NativeMethodAccessorImpl.invoke0|sun.reflect.NativeMethodAccessorImpl.invoke|sun.reflect.DelegatingMethodAccessorImpl.invoke|java.lang.reflect.Method.invoke|junit.framework.TestCase.runTest|junit.framework.TestCase.runBare|junit.framework.TestResult$1.protect	140
c713	FT	1	com.alibaba.json.bvt.parser.UTF8ByteArrayLexerTest_symbol#test_utf8	PASS				280
c713	FT	2	com.alibaba.json.bvt.parser.DefaultExtJSONParser_parseArray#test_8	FAIL	java.lang.AssertionError	expected:<Sun Jan 09 05:49:53 UTC 2011> but was:<Sun Jan 09 13:49:53 UTC 2011>	org.junit.Assert.fail|org.junit.Assert.failNotEquals|org.junit.Assert.assertEquals|org.junit.Assert.assertEquals|com.alibaba.json.bvt.parser.DefaultExtJSONParser_parseArray.test_8|sun.reflect.NativeMethodAccessorImpl.invoke0|sun.reflect.NativeMethodAccessorImpl.invoke|sun.reflect.DelegatingMethodAccessorImpl.invoke|java.lang.reflect.Method.invoke|junit.framework.TestCase.runTest|junit.framework.TestCase.runBare|junit.framework.TestResult$1.protect	19
c714	FT	1	com.alibaba.json.bvt.parser.UTF8ByteArrayParseTest#test_utf8	PASS				273
c714	FT	2	com.alibaba.json.bvt.parser.DefaultExtJSONParser_parseArray#test_8	FAIL	java.lang.AssertionError	expected:<Sun Jan 09 05:49:53 UTC 2011> but was:<Sun Jan 09 13:49:53 UTC 2011>	org.junit.Assert.fail|org.junit.Assert.failNotEquals|org.junit.Assert.assertEquals|org.junit.Assert.assertEquals|com.alibaba.json.bvt.parser.DefaultExtJSONParser_parseArray.test_8|sun.reflect.NativeMethodAccessorImpl.invoke0|sun.reflect.NativeMethodAccessorImpl.invoke|sun.reflect.DelegatingMethodAccessorImpl.invoke|java.lang.reflect.Method.invoke|junit.framework.TestCase.runTest|junit.framework.TestCase.runBare|junit.framework.TestResult$1.protect	19
c715	FT	1	com.alibaba.json.bvt.parser.UnquoteNameTest#test_obj	PASS				257
c715	FT	2	com.alibaba.json.bvt.parser.DefaultExtJSONParser_parseArray#test_8	FAIL	java.lang.AssertionError	expected:<Sun Jan 09 05:49:53 UTC 2011> but was:<Sun Jan 09 13:49:53 UTC 2011>	org.junit.Assert.fail|org.junit.Assert.failNotEquals|org.junit.Assert.assertEquals|org.junit.Assert.assertEquals|com.alibaba.json.bvt.parser.DefaultExtJSONParser_parseArray.test_8|sun.reflect.NativeMethodAccessorImpl.invoke0|sun.reflect.NativeMethodAccessorImpl.invoke|sun.reflect.DelegatingMethodAccessorImpl.invoke|java.lang.reflect.Method.invoke|junit.framework.TestCase.runTest|junit.framework.TestCase.runBare|junit.framework.TestResult$1.protect	23
c716	FT	1	com.alibaba.json.bvt.parser.UnquoteNameTest#test_obj_1	PASS				268
c716	FT	2	com.alibaba.json.bvt.parser.DefaultExtJSONParser_parseArray#test_8	FAIL	java.lang.AssertionError	expected:<Sun Jan 09 05:49:53 UTC 2011> but was:<Sun Jan 09 13:49:53 UTC 2011>	org.junit.Assert.fail|org.junit.Assert.failNotEquals|org.junit.Assert.assertEquals|org.junit.Assert.assertEquals|com.alibaba.json.bvt.parser.DefaultExtJSONParser_parseArray.test_8|sun.reflect.NativeMethodAccessorImpl.invoke0|sun.reflect.NativeMethodAccessorImpl.invoke|sun.reflect.DelegatingMethodAccessorImpl.invoke|java.lang.reflect.Method.invoke|junit.framework.TestCase.runTest|junit.framework.TestCase.runBare|junit.framework.TestResult$1.protect	20
c717	FT	1	com.alibaba.json.bvt.parser.UnquoteNameTest#test_unquote	PASS				302
c717	FT	2	com.alibaba.json.bvt.parser.DefaultExtJSONParser_parseArray#test_8	FAIL	java.lang.AssertionError	expected:<Sun Jan 09 05:49:53 UTC 2011> but was:<Sun Jan 09 13:49:53 UTC 2011>	org.junit.Assert.fail|org.junit.Assert.failNotEquals|org.junit.Assert.assertEquals|org.junit.Assert.assertEquals|com.alibaba.json.bvt.parser.DefaultExtJSONParser_parseArray.test_8|sun.reflect.NativeMethodAccessorImpl.invoke0|sun.reflect.NativeMethodAccessorImpl.invoke|sun.reflect.DelegatingMethodAccessorImpl.invoke|java.lang.reflect.Method.invoke|junit.framework.TestCase.runTest|junit.framework.TestCase.runBare|junit.framework.TestResult$1.protect	21
c718	FT	1	com.alibaba.json.bvt.parser.UnquoteNameTest#test_unquote_parse	PASS				341
c718	FT	2	com.alibaba.json.bvt.parser.DefaultExtJSONParser_parseArray#test_8	FAIL	java.lang.AssertionError	expected:<Sun Jan 09 05:49:53 UTC 2011> but was:<Sun Jan 09 13:49:53 UTC 2011>	org.junit.Assert.fail|org.junit.Assert.failNotEquals|org.junit.Assert.assertEquals|org.junit.Assert.assertEquals|com.alibaba.json.bvt.parser.DefaultExtJSONParser_parseArray.test_8|sun.reflect.NativeMethodAccessorImpl.invoke0|sun.reflect.NativeMethodAccessorImpl.invoke|sun.reflect.DelegatingMethodAccessorImpl.invoke|java.lang.reflect.Method.invoke|junit.framework.TestCase.runTest|junit.framework.TestCase.runBare|junit.framework.TestResult$1.protect	20
c719	FT	1	com.alibaba.json.bvt.parser.UnquoteNameTest#test_unquote_parse_1	PASS				340
c719	FT	2	com.alibaba.json.bvt.parser.DefaultExtJSONParser_parseArray#test_8	FAIL	java.lang.AssertionError	expected:<Sun Jan 09 05:49:53 UTC 2011> but was:<Sun Jan 09 13:49:53 UTC 2011>	org.junit.Assert.fail|org.junit.Assert.failNotEquals|org.junit.Assert.assertEquals|org.junit.Assert.assertEquals|com.alibaba.json.bvt.parser.DefaultExtJSONParser_parseArray.test_8|sun.reflect.NativeMethodAccessorImpl.invoke0|sun.reflect.NativeMethodAccessorImpl.invoke|sun.reflect.DelegatingMethodAccessorImpl.invoke|java.lang.reflect.Method.invoke|junit.framework.TestCase.runTest|junit.framework.TestCase.runBare|junit.framework.TestResult$1.protect	19
c720	FT	1	com.alibaba.json.bvt.parser.UnquoteNameTest#test_unquote_reader	PASS				299
c720	FT	2	com.alibaba.json.bvt.parser.DefaultExtJSONParser_parseArray#test_8	FAIL	java.lang.AssertionError	expected:<Sun Jan 09 05:49:53 UTC 2011> but was:<Sun Jan 09 13:49:53 UTC 2011>	org.junit.Assert.fail|org.junit.Assert.failNotEquals|org.junit.Assert.assertEquals|org.junit.Assert.assertEquals|com.alibaba.json.bvt.parser.DefaultExtJSONParser_parseArray.test_8|sun.reflect.NativeMethodAccessorImpl.invoke0|sun.reflect.NativeMethodAccessorImpl.invoke|sun.reflect.DelegatingMethodAccessorImpl.invoke|java.lang.reflect.Method.invoke|junit.framework.TestCase.runTest|junit.framework.TestCase.runBare|junit.framework.TestResult$1.protect	21
c721	FT	1	com.alibaba.json.bvt.parser.UnquoteNameTest#test_unquote_reader_parse	PASS				280
c721	FT	2	com.alibaba.json.bvt.parser.DefaultExtJSONParser_parseArray#test_8	FAIL	java.lang.AssertionError	expected:<Sun Jan 09 05:49:53 UTC 2011> but was:<Sun Jan 09 13:49:53 UTC 2011>	org.junit.Assert.fail|org.junit.Assert.failNotEquals|org.junit.Assert.assertEquals|org.junit.Assert.assertEquals|com.alibaba.json.bvt.parser.DefaultExtJSONParser_parseArray.test_8|sun.reflect.NativeMethodAccessorImpl.invoke0|sun.reflect.NativeMethodAccessorImpl.invoke|sun.reflect.DelegatingMethodAccessorImpl.invoke|java.lang.reflect.Method.invoke|junit.framework.TestCase.runTest|junit.framework.TestCase.runBare|junit.framework.TestResult$1.protect	22
