https://github.com/abel533/Mapper,3c0b3307011fad53f811e08d05147d94fc6c0d67,base,tk.mybatis.mapper.test.able.TestBasicAble.testInsert,OD,,
https://github.com/abel533/Mapper,3c0b3307011fad53f811e08d05147d94fc6c0d67,base,tk.mybatis.mapper.test.country.TestDeleteByPrimaryKey.testDynamicDelete,OD,Accepted,https://github.com/abel533/Mapper/pull/838
https://github.com/abel533/Mapper,3c0b3307011fad53f811e08d05147d94fc6c0d67,base,tk.mybatis.mapper.test.country.TestDeleteByPrimaryKey.testDynamicDeleteEntity,OD,Accepted,https://github.com/abel533/Mapper/pull/838
https://github.com/abel533/Mapper,3c0b3307011fad53f811e08d05147d94fc6c0d67,base,tk.mybatis.mapper.test.country.TestDeleteByPrimaryKey.testDynamicDeleteException,OD,Accepted,https://github.com/abel533/Mapper/pull/838
https://github.com/abel533/Mapper,3c0b3307011fad53f811e08d05147d94fc6c0d67,base,tk.mybatis.mapper.test.country.TestDeleteByPrimaryKey.testDynamicDeleteMap,OD,Accepted,https://github.com/abel533/Mapper/pull/838
https://github.com/abel533/Mapper,3c0b3307011fad53f811e08d05147d94fc6c0d67,base,tk.mybatis.mapper.test.country.TestExistsWithPrimaryKey.testDynamicExistsWithPrimaryKey,OD-Vic,Opened,https://github.com/abel533/Mapper/pull/941
https://github.com/abel533/Mapper,3c0b3307011fad53f811e08d05147d94fc6c0d67,base,tk.mybatis.mapper.test.country.TestInsert.testDynamicInsert,OD-Vic,Opened,https://github.com/abel533/Mapper/pull/941
https://github.com/abel533/Mapper,3c0b3307011fad53f811e08d05147d94fc6c0d67,base,tk.mybatis.mapper.test.country.TestInsertSelective.testDynamicInsertSelective,OD-Vic,,
https://github.com/abel533/Mapper,3c0b3307011fad53f811e08d05147d94fc6c0d67,base,tk.mybatis.mapper.test.country.TestInsertSelective.testDynamicInsertSelectiveNull,OD-Vic,,
https://github.com/abel533/Mapper,3c0b3307011fad53f811e08d05147d94fc6c0d67,base,tk.mybatis.mapper.test.country.TestSelect.testAllColumns,OD-Vic,Opened,https://github.com/abel533/Mapper/pull/946
https://github.com/abel533/Mapper,3c0b3307011fad53f811e08d05147d94fc6c0d67,base,tk.mybatis.mapper.test.country.TestSelect.testDynamicSelect,OD-Vic,Opened,https://github.com/abel533/Mapper/pull/946
https://github.com/abel533/Mapper,3c0b3307011fad53f811e08d05147d94fc6c0d67,base,tk.mybatis.mapper.test.country.TestSelect.testDynamicSelectAll,OD-Vic,Opened,https://github.com/abel533/Mapper/pull/946
https://github.com/abel533/Mapper,3c0b3307011fad53f811e08d05147d94fc6c0d67,base,tk.mybatis.mapper.test.country.TestSelect.testDynamicSelectNotFoundKeyProperties,OD-Vic,Opened,https://github.com/abel533/Mapper/pull/946
https://github.com/abel533/Mapper,3c0b3307011fad53f811e08d05147d94fc6c0d67,base,tk.mybatis.mapper.test.country.TestSelect.testDynamicSelectPage,OD-Vic,Opened,https://github.com/abel533/Mapper/pull/946
https://github.com/abel533/Mapper,3c0b3307011fad53f811e08d05147d94fc6c0d67,base,tk.mybatis.mapper.test.country.TestSelectAll.testDynamicSelectPage,OD-Vic,,
https://github.com/abel533/Mapper,3c0b3307011fad53f811e08d05147d94fc6c0d67,base,tk.mybatis.mapper.test.country.TestSelectAll.testDynamicSelectPage2,OD-Vic,,
https://github.com/abel533/Mapper,3c0b3307011fad53f811e08d05147d94fc6c0d67,base,tk.mybatis.mapper.test.country.TestSelectByPrimaryKey.testDynamicSelectByPrimaryKey,OD-Vic,,
https://github.com/abel533/Mapper,3c0b3307011fad53f811e08d05147d94fc6c0d67,base,tk.mybatis.mapper.test.country.TestSelectByPrimaryKey.testDynamicSelectByPrimaryKey2,OD-Vic,,
https://github.com/abel533/Mapper,3c0b3307011fad53f811e08d05147d94fc6c0d67,base,tk.mybatis.mapper.test.country.TestSelectByPrimaryKey.testSelectByPrimaryKeyMap,OD-Vic,,
https://github.com/abel533/Mapper,3c0b3307011fad53f811e08d05147d94fc6c0d67,base,tk.mybatis.mapper.test.country.TestSelectCount.testDynamicSelect,OD-Vic,,
https://github.com/abel533/Mapper,3c0b3307011fad53f811e08d05147d94fc6c0d67,base,tk.mybatis.mapper.test.country.TestSelectCount.testDynamicSelectAllByNull,OD-Vic,,
https://github.com/abel533/Mapper,3c0b3307011fad53f811e08d05147d94fc6c0d67,base,tk.mybatis.mapper.test.country.TestSelectCount.testDynamicSelectCount,OD-Vic,,
https://github.com/abel533/Mapper,3c0b3307011fad53f811e08d05147d94fc6c0d67,base,tk.mybatis.mapper.test.country.TestSelectOne.testDynamicSelect,OD-Vic,,
https://github.com/abel533/Mapper,3c0b3307011fad53f811e08d05147d94fc6c0d67,base,tk.mybatis.mapper.test.country.TestSelectOne.testDynamicSelectAll,OD-Vic,,
https://github.com/abel533/Mapper,3c0b3307011fad53f811e08d05147d94fc6c0d67,base,tk.mybatis.mapper.test.country.TestSelectOne.testDynamicSelectAllByNull,OD-Vic,,
https://github.com/abel533/Mapper,3c0b3307011fad53f811e08d05147d94fc6c0d67,base,tk.mybatis.mapper.test.country.TestUpdateByPrimaryKey.testDynamicUpdateByPrimaryKey,OD-Vic,Opened,https://github.com/abel533/Mapper/pull/946
https://github.com/abel533/Mapper,3c0b3307011fad53f811e08d05147d94fc6c0d67,base,tk.mybatis.mapper.test.country.TestUpdateByPrimaryKey.testDynamicUpdateByPrimaryKeyNotFoundKeyProperties,OD-Vic,Opened,https://github.com/abel533/Mapper/pull/946
https://github.com/abel533/Mapper,3c0b3307011fad53f811e08d05147d94fc6c0d67,base,tk.mybatis.mapper.test.country.TestUpdateByPrimaryKey.testUpdateByPrimaryKeyAndVersion,OD-Vic,Opened,https://github.com/abel533/Mapper/pull/946
https://github.com/abel533/Mapper,3c0b3307011fad53f811e08d05147d94fc6c0d67,base,tk.mybatis.mapper.test.country.TestUpdateByPrimaryKeySelective.testDynamicUpdateByPrimaryKeySelective,OD-Vic,Opened,https://github.com/abel533/Mapper/pull/946
https://github.com/abel533/Mapper,3c0b3307011fad53f811e08d05147d94fc6c0d67,base,tk.mybatis.mapper.test.country.TestUpdateByPrimaryKeySelective.testDynamicUpdateByPrimaryKeySelectiveNotFoundKeyProperties,OD-Vic,Opened,https://github.com/abel533/Mapper/pull/946
https://github.com/abel533/Mapper,3c0b3307011fad53f811e08d05147d94fc6c0d67,base,tk.mybatis.mapper.test.example.TestDeleteByExample.testDeleteByExample,OD-Vic,Opened,https://github.com/abel533/Mapper/pull/946
https://github.com/abel533/Mapper,3c0b3307011fad53f811e08d05147d94fc6c0d67,base,tk.mybatis.mapper.test.example.TestDeleteByExample.testDeleteByExample2,OD-Vic,Opened,https://github.com/abel533/Mapper/pull/946
https://github.com/abel533/Mapper,3c0b3307011fad53f811e08d05147d94fc6c0d67,base,tk.mybatis.mapper.test.example.TestDeleteByExample.testDeleteByExample3,OD-Vic,Opened,https://github.com/abel533/Mapper/pull/946
https://github.com/abel533/Mapper,3c0b3307011fad53f811e08d05147d94fc6c0d67,base,tk.mybatis.mapper.test.example.TestExampleBuilder.testBetween,OD-Vic,Opened,https://github.com/abel533/Mapper/pull/942
https://github.com/abel533/Mapper,3c0b3307011fad53f811e08d05147d94fc6c0d67,base,tk.mybatis.mapper.test.example.TestExampleBuilder.testDistinct,OD-Vic,Opened,https://github.com/abel533/Mapper/pull/942
https://github.com/abel533/Mapper,3c0b3307011fad53f811e08d05147d94fc6c0d67,base,tk.mybatis.mapper.test.example.TestExampleBuilder.testEqualTo,OD-Vic,Opened,https://github.com/abel533/Mapper/pull/942
https://github.com/abel533/Mapper,3c0b3307011fad53f811e08d05147d94fc6c0d67,base,tk.mybatis.mapper.test.example.TestExampleBuilder.testExampleBuilder,OD-Vic,Opened,https://github.com/abel533/Mapper/pull/942
https://github.com/abel533/Mapper,3c0b3307011fad53f811e08d05147d94fc6c0d67,base,tk.mybatis.mapper.test.example.TestExampleBuilder.testForUpdate,OD-Vic,Opened,https://github.com/abel533/Mapper/pull/942
https://github.com/abel533/Mapper,3c0b3307011fad53f811e08d05147d94fc6c0d67,base,tk.mybatis.mapper.test.example.TestExampleBuilder.testIn,OD-Vic,Opened,https://github.com/abel533/Mapper/pull/942
https://github.com/abel533/Mapper,3c0b3307011fad53f811e08d05147d94fc6c0d67,base,tk.mybatis.mapper.test.example.TestExampleBuilder.testMultiWhereCompound,OD-Vic,Opened,https://github.com/abel533/Mapper/pull/942
https://github.com/abel533/Mapper,3c0b3307011fad53f811e08d05147d94fc6c0d67,base,tk.mybatis.mapper.test.example.TestExampleBuilder.testOrderBy,OD-Vic,Opened,https://github.com/abel533/Mapper/pull/942
https://github.com/abel533/Mapper,3c0b3307011fad53f811e08d05147d94fc6c0d67,base,tk.mybatis.mapper.test.example.TestExampleBuilder.testWhereCompound0,OD-Vic,Opened,https://github.com/abel533/Mapper/pull/942
https://github.com/abel533/Mapper,3c0b3307011fad53f811e08d05147d94fc6c0d67,base,tk.mybatis.mapper.test.example.TestExampleBuilder.testWhereCompound1,OD-Vic,Opened,https://github.com/abel533/Mapper/pull/942
https://github.com/abel533/Mapper,3c0b3307011fad53f811e08d05147d94fc6c0d67,base,tk.mybatis.mapper.test.example.TestExampleBuilder.testWhereOrWhereCompound,OD-Vic,Opened,https://github.com/abel533/Mapper/pull/942
https://github.com/abel533/Mapper,3c0b3307011fad53f811e08d05147d94fc6c0d67,base,tk.mybatis.mapper.test.example.TestSelectByExample.testAndExample,OD-Vic,Opened,https://github.com/abel533/Mapper/pull/941
https://github.com/abel533/Mapper,3c0b3307011fad53f811e08d05147d94fc6c0d67,base,tk.mybatis.mapper.test.example.TestSelectByExample.testAndOr,OD-Vic,Opened,https://github.com/abel533/Mapper/pull/941
https://github.com/abel533/Mapper,3c0b3307011fad53f811e08d05147d94fc6c0d67,base,tk.mybatis.mapper.test.example.TestSelectByExample.testExcludeColumnsByExample,OD-Vic,Opened,https://github.com/abel533/Mapper/pull/941
https://github.com/abel533/Mapper,3c0b3307011fad53f811e08d05147d94fc6c0d67,base,tk.mybatis.mapper.test.example.TestSelectByExample.testOrderBy,OD-Vic,Opened,https://github.com/abel533/Mapper/pull/941
https://github.com/abel533/Mapper,3c0b3307011fad53f811e08d05147d94fc6c0d67,base,tk.mybatis.mapper.test.example.TestSelectByExample.testSelectByExample,OD-Vic,Opened,https://github.com/abel533/Mapper/pull/941
https://github.com/abel533/Mapper,3c0b3307011fad53f811e08d05147d94fc6c0d67,base,tk.mybatis.mapper.test.example.TestSelectByExample.testSelectByExample2,OD-Vic,Opened,https://github.com/abel533/Mapper/pull/941
https://github.com/abel533/Mapper,3c0b3307011fad53f811e08d05147d94fc6c0d67,base,tk.mybatis.mapper.test.example.TestSelectByExample.testSelectByExample3,OD-Vic,Opened,https://github.com/abel533/Mapper/pull/941
https://github.com/abel533/Mapper,3c0b3307011fad53f811e08d05147d94fc6c0d67,base,tk.mybatis.mapper.test.example.TestSelectByExample.testSelectByExample4,OD-Vic,Opened,https://github.com/abel533/Mapper/pull/941
https://github.com/abel533/Mapper,3c0b3307011fad53f811e08d05147d94fc6c0d67,base,tk.mybatis.mapper.test.example.TestSelectByExample.testSelectByExampleForUpdate,OD-Vic,Opened,https://github.com/abel533/Mapper/pull/941
https://github.com/abel533/Mapper,3c0b3307011fad53f811e08d05147d94fc6c0d67,base,tk.mybatis.mapper.test.example.TestSelectByExample.testSelectByExampleInNotIn,OD-Vic,Opened,https://github.com/abel533/Mapper/pull/941
https://github.com/abel533/Mapper,3c0b3307011fad53f811e08d05147d94fc6c0d67,base,tk.mybatis.mapper.test.example.TestSelectByExample.testSelectByExampleInNotIn2,OD-Vic,Opened,https://github.com/abel533/Mapper/pull/941
https://github.com/abel533/Mapper,3c0b3307011fad53f811e08d05147d94fc6c0d67,base,tk.mybatis.mapper.test.example.TestSelectByExample.testSelectPropertisCheckCorrect,OD-Vic,Opened,https://github.com/abel533/Mapper/pull/941
https://github.com/abel533/Mapper,3c0b3307011fad53f811e08d05147d94fc6c0d67,base,tk.mybatis.mapper.test.example.TestSelectCountByExample.testSelectCountByExample,OD-Vic,,
https://github.com/abel533/Mapper,3c0b3307011fad53f811e08d05147d94fc6c0d67,base,tk.mybatis.mapper.test.example.TestSelectCountByExample.testSelectCountByExample2,OD-Vic,,
https://github.com/abel533/Mapper,3c0b3307011fad53f811e08d05147d94fc6c0d67,base,tk.mybatis.mapper.test.example.TestSelectCountByExample.testSelectCountByExample3,OD-Vic,,
https://github.com/abel533/Mapper,3c0b3307011fad53f811e08d05147d94fc6c0d67,base,tk.mybatis.mapper.test.example.TestSelectCountByExample.testSelectCountByExampleForUpdate,OD-Vic,,
https://github.com/abel533/Mapper,3c0b3307011fad53f811e08d05147d94fc6c0d67,base,tk.mybatis.mapper.test.example.TestSelectOneByExample.testSelectByExample,OD-Vic,,
https://github.com/abel533/Mapper,3c0b3307011fad53f811e08d05147d94fc6c0d67,base,tk.mybatis.mapper.test.example.TestSelectOneByExample.testSelectOneByExampleException,OD-Vic,,
https://github.com/abel533/Mapper,3c0b3307011fad53f811e08d05147d94fc6c0d67,base,tk.mybatis.mapper.test.example.TestUpdateByExample.testUpdateByExample,OD-Vic,,
https://github.com/abel533/Mapper,3c0b3307011fad53f811e08d05147d94fc6c0d67,base,tk.mybatis.mapper.test.example.TestUpdateByExample.testUpdateByExample2,OD-Vic,,
https://github.com/abel533/Mapper,3c0b3307011fad53f811e08d05147d94fc6c0d67,base,tk.mybatis.mapper.test.example.TestUpdateByExampleSelective.testUpdateByExampleSelective,OD-Vic,,
https://github.com/abel533/Mapper,3c0b3307011fad53f811e08d05147d94fc6c0d67,base,tk.mybatis.mapper.test.example.TestUpdateByExampleSelective.testUpdateByExampleSelective2,OD-Vic,,
https://github.com/abel533/Mapper,3c0b3307011fad53f811e08d05147d94fc6c0d67,base,tk.mybatis.mapper.test.example.TestUpdateByExampleSelective.testUpdateByExampleSelective3,OD-Vic,,
https://github.com/abel533/Mapper,3c0b3307011fad53f811e08d05147d94fc6c0d67,base,tk.mybatis.mapper.test.ids.TestIds.testDeleteByIds,OD-Vic,,
https://github.com/abel533/Mapper,3c0b3307011fad53f811e08d05147d94fc6c0d67,base,tk.mybatis.mapper.test.ids.TestIds.testSelectByIds,OD-Vic,,
https://github.com/abel533/Mapper,3c0b3307011fad53f811e08d05147d94fc6c0d67,base,tk.mybatis.mapper.test.rowbounds.TestSelectRowBounds.testSelectByExample,OD-Vic,,
https://github.com/alibaba/alibabacloud-tairjedis-sdk,f6215930b9e21a5252c95296d9924b3c4524d9f6,.,com.aliyun.tair.tests.tairbloom.TairBloomPipelineTest.bfinsertPipelineTest,OD,,
https://github.com/alibaba/alibabacloud-tairjedis-sdk,f6215930b9e21a5252c95296d9924b3c4524d9f6,.,com.aliyun.tair.tests.tairbloom.TairBloomTest.bfdebugException,OD,,
https://github.com/alibaba/alibabacloud-tairjedis-sdk,f6215930b9e21a5252c95296d9924b3c4524d9f6,.,com.aliyun.tair.tests.tairbloom.TairBloomTest.bfreserveException,OD,,
https://github.com/alibaba/alibabacloud-tairjedis-sdk,f6215930b9e21a5252c95296d9924b3c4524d9f6,.,com.aliyun.tair.tests.taircpc.TairCpcClusterTestNew.avgArrayTest,OD,,
https://github.com/alibaba/alibabacloud-tairjedis-sdk,f6215930b9e21a5252c95296d9924b3c4524d9f6,.,com.aliyun.tair.tests.taircpc.TairCpcClusterTestNew.cpcMupdate2JudTest,OD,,
https://github.com/alibaba/alibabacloud-tairjedis-sdk,f6215930b9e21a5252c95296d9924b3c4524d9f6,.,com.aliyun.tair.tests.taircpc.TairCpcClusterTestNew.maxTest,OD,,
https://github.com/alibaba/alibabacloud-tairjedis-sdk,f6215930b9e21a5252c95296d9924b3c4524d9f6,.,com.aliyun.tair.tests.taircpc.TairCpcClusterTestNew.sumArrayTest,OD,,
https://github.com/alibaba/alibabacloud-tairjedis-sdk,f6215930b9e21a5252c95296d9924b3c4524d9f6,.,com.aliyun.tair.tests.taircpc.TairCpcTestNew.cpcupdate2judTest,OD,,
https://github.com/alibaba/alibabacloud-tairjedis-sdk,f6215930b9e21a5252c95296d9924b3c4524d9f6,.,com.aliyun.tair.tests.taircpc.TairCpcTestNew.cpcupdateTest,OD,,
https://github.com/alibaba/alibabacloud-tairjedis-sdk,f6215930b9e21a5252c95296d9924b3c4524d9f6,.,com.aliyun.tair.tests.taircpc.TairCpcTestNew.firstTest,OD,,
https://github.com/alibaba/alibabacloud-tairjedis-sdk,f6215930b9e21a5252c95296d9924b3c4524d9f6,.,com.aliyun.tair.tests.taircpc.TairCpcTestNew.maxTest,OD,,
https://github.com/alibaba/alibabacloud-tairjedis-sdk,f6215930b9e21a5252c95296d9924b3c4524d9f6,.,com.aliyun.tair.tests.taircpc.TairCpcTestNew.minArrayTest,OD,,
https://github.com/alibaba/alibabacloud-tairjedis-sdk,f6215930b9e21a5252c95296d9924b3c4524d9f6,.,com.aliyun.tair.tests.taircpc.TairCpcTestNew.minTest,OD,,
https://github.com/alibaba/alibabacloud-tairjedis-sdk,f6215930b9e21a5252c95296d9924b3c4524d9f6,.,com.aliyun.tair.tests.taircpc.TairCpcTestNew.sketchesBatchWriteTest,OD,,
https://github.com/alibaba/alibabacloud-tairjedis-sdk,f6215930b9e21a5252c95296d9924b3c4524d9f6,.,com.aliyun.tair.tests.taircpc.TairCpcTestNew.sumArrayTest,OD,,
https://github.com/alibaba/alibabacloud-tairjedis-sdk,f6215930b9e21a5252c95296d9924b3c4524d9f6,.,com.aliyun.tair.tests.tairdoc.TairDocClusterTest.jsonarrinsertException,OD,,
https://github.com/alibaba/alibabacloud-tairjedis-sdk,f6215930b9e21a5252c95296d9924b3c4524d9f6,.,com.aliyun.tair.tests.tairdoc.TairDocClusterTest.jsonArrinsertTest,OD,,
https://github.com/alibaba/alibabacloud-tairjedis-sdk,f6215930b9e21a5252c95296d9924b3c4524d9f6,.,com.aliyun.tair.tests.tairdoc.TairDocClusterTest.jsonarrlenException,OD,,
https://github.com/alibaba/alibabacloud-tairjedis-sdk,f6215930b9e21a5252c95296d9924b3c4524d9f6,.,com.aliyun.tair.tests.tairdoc.TairDocClusterTest.jsonarrtrimException,OD,,
https://github.com/alibaba/alibabacloud-tairjedis-sdk,f6215930b9e21a5252c95296d9924b3c4524d9f6,.,com.aliyun.tair.tests.tairdoc.TairDocClusterTest.jsonGetTest,OD,,
https://github.com/alibaba/alibabacloud-tairjedis-sdk,f6215930b9e21a5252c95296d9924b3c4524d9f6,.,com.aliyun.tair.tests.tairdoc.TairDocClusterTest.jsonMgetTest,OD,,
https://github.com/alibaba/alibabacloud-tairjedis-sdk,f6215930b9e21a5252c95296d9924b3c4524d9f6,.,com.aliyun.tair.tests.tairdoc.TairDocClusterTest.jsonstrappendException,OD,,
https://github.com/alibaba/alibabacloud-tairjedis-sdk,f6215930b9e21a5252c95296d9924b3c4524d9f6,.,com.aliyun.tair.tests.tairdoc.TairDocClusterTest.jsonStrappendTest,OD,,
https://github.com/alibaba/alibabacloud-tairjedis-sdk,f6215930b9e21a5252c95296d9924b3c4524d9f6,.,com.aliyun.tair.tests.tairdoc.TairDocClusterTest.jsonTypeTest,OD,,
https://github.com/alibaba/alibabacloud-tairjedis-sdk,f6215930b9e21a5252c95296d9924b3c4524d9f6,.,com.aliyun.tair.tests.tairdoc.TairDocPipelineTest.pipelineTest2,OD,,
https://github.com/alibaba/alibabacloud-tairjedis-sdk,f6215930b9e21a5252c95296d9924b3c4524d9f6,.,com.aliyun.tair.tests.tairdoc.TairDocTest.jsonarrappendException,OD,,
https://github.com/alibaba/alibabacloud-tairjedis-sdk,f6215930b9e21a5252c95296d9924b3c4524d9f6,.,com.aliyun.tair.tests.tairdoc.TairDocTest.jsonArrappendTest,OD,,
https://github.com/alibaba/alibabacloud-tairjedis-sdk,f6215930b9e21a5252c95296d9924b3c4524d9f6,.,com.aliyun.tair.tests.tairdoc.TairDocTest.jsonArrinsertTest,OD,,
https://github.com/alibaba/alibabacloud-tairjedis-sdk,f6215930b9e21a5252c95296d9924b3c4524d9f6,.,com.aliyun.tair.tests.tairdoc.TairDocTest.jsonArrlenTest2,OD,,
https://github.com/alibaba/alibabacloud-tairjedis-sdk,f6215930b9e21a5252c95296d9924b3c4524d9f6,.,com.aliyun.tair.tests.tairdoc.TairDocTest.jsonmgetException,OD,,
https://github.com/alibaba/alibabacloud-tairjedis-sdk,f6215930b9e21a5252c95296d9924b3c4524d9f6,.,com.aliyun.tair.tests.tairdoc.TairDocTest.jsonNumincrbyTest,OD,,
https://github.com/alibaba/alibabacloud-tairjedis-sdk,f6215930b9e21a5252c95296d9924b3c4524d9f6,.,com.aliyun.tair.tests.tairdoc.TairDocTest.jsonSetTest,OD,,
https://github.com/alibaba/alibabacloud-tairjedis-sdk,f6215930b9e21a5252c95296d9924b3c4524d9f6,.,com.aliyun.tair.tests.tairdoc.TairDocTest.jsonSetWithNXXXBinary,OD,,
https://github.com/alibaba/alibabacloud-tairjedis-sdk,f6215930b9e21a5252c95296d9924b3c4524d9f6,.,com.aliyun.tair.tests.tairdoc.TairDocTest.jsonstrlenException,OD,,
https://github.com/alibaba/alibabacloud-tairjedis-sdk,f6215930b9e21a5252c95296d9924b3c4524d9f6,.,com.aliyun.tair.tests.tairdoc.TairDocTest.jsontypeException,OD,,
https://github.com/alibaba/alibabacloud-tairjedis-sdk,f6215930b9e21a5252c95296d9924b3c4524d9f6,.,com.aliyun.tair.tests.tairdoc.TairDocTest.jsonTypeTest,OD,,
https://github.com/alibaba/alibabacloud-tairjedis-sdk,f6215930b9e21a5252c95296d9924b3c4524d9f6,.,com.aliyun.tair.tests.tairgis.TairGisClusterTest.gisdelKeyTypeErrorTest,OD,,
https://github.com/alibaba/alibabacloud-tairjedis-sdk,f6215930b9e21a5252c95296d9924b3c4524d9f6,.,com.aliyun.tair.tests.tairgis.TairGisPipelineTest.gisContainsTest,OD,,
https://github.com/alibaba/alibabacloud-tairjedis-sdk,f6215930b9e21a5252c95296d9924b3c4524d9f6,.,com.aliyun.tair.tests.tairgis.TairGisPipelineTest.gisContainsTest2,OD,,
https://github.com/alibaba/alibabacloud-tairjedis-sdk,f6215930b9e21a5252c95296d9924b3c4524d9f6,.,com.aliyun.tair.tests.tairgis.TairGisPipelineTest.gisdelTest,OD,,
https://github.com/alibaba/alibabacloud-tairjedis-sdk,f6215930b9e21a5252c95296d9924b3c4524d9f6,.,com.aliyun.tair.tests.tairgis.TairGisPipelineTest.gisSearchPipelineTest,OD,,
https://github.com/alibaba/alibabacloud-tairjedis-sdk,f6215930b9e21a5252c95296d9924b3c4524d9f6,.,com.aliyun.tair.tests.tairgis.TairGisTest.gisdelException,OD,,
https://github.com/alibaba/alibabacloud-tairjedis-sdk,f6215930b9e21a5252c95296d9924b3c4524d9f6,.,com.aliyun.tair.tests.tairgis.TairGisTest.gisdelKeyNotExistTest,OD,,
https://github.com/alibaba/alibabacloud-tairjedis-sdk,f6215930b9e21a5252c95296d9924b3c4524d9f6,.,com.aliyun.tair.tests.tairgis.TairGisTest.gisdelValueNotExistsTest,OD,,
https://github.com/alibaba/alibabacloud-tairjedis-sdk,f6215930b9e21a5252c95296d9924b3c4524d9f6,.,com.aliyun.tair.tests.tairgis.TairGisTest.gisGetallTest,OD,,
https://github.com/alibaba/alibabacloud-tairjedis-sdk,f6215930b9e21a5252c95296d9924b3c4524d9f6,.,com.aliyun.tair.tests.tairgis.TairGisTest.gisgetException,OD,,
https://github.com/alibaba/alibabacloud-tairjedis-sdk,f6215930b9e21a5252c95296d9924b3c4524d9f6,.,com.aliyun.tair.tests.tairgis.TairGisTest.gisSearchBigKeyTest,OD,,
https://github.com/alibaba/alibabacloud-tairjedis-sdk,f6215930b9e21a5252c95296d9924b3c4524d9f6,.,com.aliyun.tair.tests.tairgis.TairGisTest.gissearchTest,OD,,
https://github.com/alibaba/alibabacloud-tairjedis-sdk,f6215930b9e21a5252c95296d9924b3c4524d9f6,.,com.aliyun.tair.tests.tairhash.TairHashClusterTest.exhexpireAt,OD,,
https://github.com/alibaba/alibabacloud-tairjedis-sdk,f6215930b9e21a5252c95296d9924b3c4524d9f6,.,com.aliyun.tair.tests.tairhash.TairHashClusterTest.exhget,OD,,
https://github.com/alibaba/alibabacloud-tairjedis-sdk,f6215930b9e21a5252c95296d9924b3c4524d9f6,.,com.aliyun.tair.tests.tairhash.TairHashClusterTest.exhgetwithverException,OD,,
https://github.com/alibaba/alibabacloud-tairjedis-sdk,f6215930b9e21a5252c95296d9924b3c4524d9f6,.,com.aliyun.tair.tests.tairhash.TairHashClusterTest.exhincrBy,OD,,
https://github.com/alibaba/alibabacloud-tairjedis-sdk,f6215930b9e21a5252c95296d9924b3c4524d9f6,.,com.aliyun.tair.tests.tairhash.TairHashClusterTest.exhincrByFloatWithBoundary,OD,,
https://github.com/alibaba/alibabacloud-tairjedis-sdk,f6215930b9e21a5252c95296d9924b3c4524d9f6,.,com.aliyun.tair.tests.tairhash.TairHashClusterTest.exhincrByFloatWithExpire,OD,,
https://github.com/alibaba/alibabacloud-tairjedis-sdk,f6215930b9e21a5252c95296d9924b3c4524d9f6,.,com.aliyun.tair.tests.tairhash.TairHashClusterTest.exhincrByWithBoundary,OD,,
https://github.com/alibaba/alibabacloud-tairjedis-sdk,f6215930b9e21a5252c95296d9924b3c4524d9f6,.,com.aliyun.tair.tests.tairhash.TairHashClusterTest.exhincrByWithExpire,OD,,
https://github.com/alibaba/alibabacloud-tairjedis-sdk,f6215930b9e21a5252c95296d9924b3c4524d9f6,.,com.aliyun.tair.tests.tairhash.TairHashClusterTest.exhincrByWithVersion,OD,,
https://github.com/alibaba/alibabacloud-tairjedis-sdk,f6215930b9e21a5252c95296d9924b3c4524d9f6,.,com.aliyun.tair.tests.tairhash.TairHashClusterTest.exhlenException,OD,,
https://github.com/alibaba/alibabacloud-tairjedis-sdk,f6215930b9e21a5252c95296d9924b3c4524d9f6,.,com.aliyun.tair.tests.tairhash.TairHashClusterTest.exhmgetException,OD,,
https://github.com/alibaba/alibabacloud-tairjedis-sdk,f6215930b9e21a5252c95296d9924b3c4524d9f6,.,com.aliyun.tair.tests.tairhash.TairHashClusterTest.exhmgetwithver,OD,,
https://github.com/alibaba/alibabacloud-tairjedis-sdk,f6215930b9e21a5252c95296d9924b3c4524d9f6,.,com.aliyun.tair.tests.tairhash.TairHashClusterTest.exhmgetwithverException,OD,,
https://github.com/alibaba/alibabacloud-tairjedis-sdk,f6215930b9e21a5252c95296d9924b3c4524d9f6,.,com.aliyun.tair.tests.tairhash.TairHashClusterTest.exhmset,OD,,
https://github.com/alibaba/alibabacloud-tairjedis-sdk,f6215930b9e21a5252c95296d9924b3c4524d9f6,.,com.aliyun.tair.tests.tairhash.TairHashClusterTest.exhmsetException,OD,,
https://github.com/alibaba/alibabacloud-tairjedis-sdk,f6215930b9e21a5252c95296d9924b3c4524d9f6,.,com.aliyun.tair.tests.tairhash.TairHashClusterTest.exhpexpireException,OD,,
https://github.com/alibaba/alibabacloud-tairjedis-sdk,f6215930b9e21a5252c95296d9924b3c4524d9f6,.,com.aliyun.tair.tests.tairhash.TairHashClusterTest.exhscanTest,OD,,
https://github.com/alibaba/alibabacloud-tairjedis-sdk,f6215930b9e21a5252c95296d9924b3c4524d9f6,.,com.aliyun.tair.tests.tairhash.TairHashClusterTest.exhset,OD,,
https://github.com/alibaba/alibabacloud-tairjedis-sdk,f6215930b9e21a5252c95296d9924b3c4524d9f6,.,com.aliyun.tair.tests.tairhash.TairHashPipelineTest.exhexpirewitnoactivePipeline,OD,,
https://github.com/alibaba/alibabacloud-tairjedis-sdk,f6215930b9e21a5252c95296d9924b3c4524d9f6,.,com.aliyun.tair.tests.tairhash.TairHashPipelineTest.exhincrByFloatWithExpirePipeline,OD,,
https://github.com/alibaba/alibabacloud-tairjedis-sdk,f6215930b9e21a5252c95296d9924b3c4524d9f6,.,com.aliyun.tair.tests.tairhash.TairHashPipelineTest.exhincrByWithExpirePipeline,OD,,
https://github.com/alibaba/alibabacloud-tairjedis-sdk,f6215930b9e21a5252c95296d9924b3c4524d9f6,.,com.aliyun.tair.tests.tairhash.TairHashPipelineTest.exhincrByWithVersionPipeline,OD,,
https://github.com/alibaba/alibabacloud-tairjedis-sdk,f6215930b9e21a5252c95296d9924b3c4524d9f6,.,com.aliyun.tair.tests.tairhash.TairHashTest.exhexists,OD,,
https://github.com/alibaba/alibabacloud-tairjedis-sdk,f6215930b9e21a5252c95296d9924b3c4524d9f6,.,com.aliyun.tair.tests.tairhash.TairHashTest.exhexpireAtWithNoActive,OD,,
https://github.com/alibaba/alibabacloud-tairjedis-sdk,f6215930b9e21a5252c95296d9924b3c4524d9f6,.,com.aliyun.tair.tests.tairhash.TairHashTest.exhgetAllPipeline,OD,,
https://github.com/alibaba/alibabacloud-tairjedis-sdk,f6215930b9e21a5252c95296d9924b3c4524d9f6,.,com.aliyun.tair.tests.tairhash.TairHashTest.exhkeysException,OD,,
https://github.com/alibaba/alibabacloud-tairjedis-sdk,f6215930b9e21a5252c95296d9924b3c4524d9f6,.,com.aliyun.tair.tests.tairhash.TairHashTest.exhmget,OD,,
https://github.com/alibaba/alibabacloud-tairjedis-sdk,f6215930b9e21a5252c95296d9924b3c4524d9f6,.,com.aliyun.tair.tests.tairhash.TairHashTest.exhmgetwithver,OD,,
https://github.com/alibaba/alibabacloud-tairjedis-sdk,f6215930b9e21a5252c95296d9924b3c4524d9f6,.,com.aliyun.tair.tests.tairhash.TairHashTest.exhmgetwithverPipeline,OD,,
https://github.com/alibaba/alibabacloud-tairjedis-sdk,f6215930b9e21a5252c95296d9924b3c4524d9f6,.,com.aliyun.tair.tests.tairhash.TairHashTest.exhmsetException,OD,,
https://github.com/alibaba/alibabacloud-tairjedis-sdk,f6215930b9e21a5252c95296d9924b3c4524d9f6,.,com.aliyun.tair.tests.tairhash.TairHashTest.exhmsetwithopts,OD,,
https://github.com/alibaba/alibabacloud-tairjedis-sdk,f6215930b9e21a5252c95296d9924b3c4524d9f6,.,com.aliyun.tair.tests.tairhash.TairHashTest.exhpexpireAtWithNoActive,OD,,
https://github.com/alibaba/alibabacloud-tairjedis-sdk,f6215930b9e21a5252c95296d9924b3c4524d9f6,.,com.aliyun.tair.tests.tairhash.TairHashTest.exhpttlException,OD,,
https://github.com/alibaba/alibabacloud-tairjedis-sdk,f6215930b9e21a5252c95296d9924b3c4524d9f6,.,com.aliyun.tair.tests.tairhash.TairHashTest.exhscanTest,OD,,
https://github.com/alibaba/alibabacloud-tairjedis-sdk,f6215930b9e21a5252c95296d9924b3c4524d9f6,.,com.aliyun.tair.tests.tairhash.TairHashTest.exhsetnxException,OD,,
https://github.com/alibaba/alibabacloud-tairjedis-sdk,f6215930b9e21a5252c95296d9924b3c4524d9f6,.,com.aliyun.tair.tests.tairhash.TairHashTest.exhsetparams,OD,,
https://github.com/alibaba/alibabacloud-tairjedis-sdk,f6215930b9e21a5252c95296d9924b3c4524d9f6,.,com.aliyun.tair.tests.tairhash.TairHashTest.exhsetverException,OD,,
https://github.com/alibaba/alibabacloud-tairjedis-sdk,f6215930b9e21a5252c95296d9924b3c4524d9f6,.,com.aliyun.tair.tests.tairhash.TairHashTest.exhsetwitnoactive,OD,,
https://github.com/alibaba/alibabacloud-tairjedis-sdk,f6215930b9e21a5252c95296d9924b3c4524d9f6,.,com.aliyun.tair.tests.tairhash.TairHashTest.exhverException,OD,,
https://github.com/alibaba/alibabacloud-tairjedis-sdk,f6215930b9e21a5252c95296d9924b3c4524d9f6,.,com.aliyun.tair.tests.tairroaring.TairRoaringClusterTest.trmultikeytest,OD,,
https://github.com/alibaba/alibabacloud-tairjedis-sdk,f6215930b9e21a5252c95296d9924b3c4524d9f6,.,com.aliyun.tair.tests.tairroaring.TairRoaringTest.trappendbitarryatest,OD,,
https://github.com/alibaba/alibabacloud-tairjedis-sdk,f6215930b9e21a5252c95296d9924b3c4524d9f6,.,com.aliyun.tair.tests.tairroaring.TairRoaringTest.tremptytest,OD,,
https://github.com/alibaba/alibabacloud-tairjedis-sdk,f6215930b9e21a5252c95296d9924b3c4524d9f6,.,com.aliyun.tair.tests.tairroaring.TairRoaringTest.trmultikeytest,OD,,
https://github.com/alibaba/alibabacloud-tairjedis-sdk,f6215930b9e21a5252c95296d9924b3c4524d9f6,.,com.aliyun.tair.tests.tairsearch.TairSearchClusterTest.tfdelall,OD,,
https://github.com/alibaba/alibabacloud-tairjedis-sdk,f6215930b9e21a5252c95296d9924b3c4524d9f6,.,com.aliyun.tair.tests.tairsearch.TairSearchClusterTest.tfscandocidwithcount,OD,,
https://github.com/alibaba/alibabacloud-tairjedis-sdk,f6215930b9e21a5252c95296d9924b3c4524d9f6,.,com.aliyun.tair.tests.tairsearch.TairSearchClusterTest.tftadddoc,OD,,
https://github.com/alibaba/alibabacloud-tairjedis-sdk,f6215930b9e21a5252c95296d9924b3c4524d9f6,.,com.aliyun.tair.tests.tairsearch.TairSearchClusterTest.tftmaddtestbyte,OD,,
https://github.com/alibaba/alibabacloud-tairjedis-sdk,f6215930b9e21a5252c95296d9924b3c4524d9f6,.,com.aliyun.tair.tests.tairsearch.TairSearchClusterTest.unicodetest,OD,,
https://github.com/alibaba/alibabacloud-tairjedis-sdk,f6215930b9e21a5252c95296d9924b3c4524d9f6,.,com.aliyun.tair.tests.tairsearch.TairSearchTest.tfincrfloatdocfield,OD,,
https://github.com/alibaba/alibabacloud-tairjedis-sdk,f6215930b9e21a5252c95296d9924b3c4524d9f6,.,com.aliyun.tair.tests.tairsearch.TairSearchTest.tfscandocidwithmatch,OD,,
https://github.com/alibaba/alibabacloud-tairjedis-sdk,f6215930b9e21a5252c95296d9924b3c4524d9f6,.,com.aliyun.tair.tests.tairsearch.TairSearchTest.tftadddoc,OD,,
https://github.com/alibaba/alibabacloud-tairjedis-sdk,f6215930b9e21a5252c95296d9924b3c4524d9f6,.,com.aliyun.tair.tests.tairsearch.TairSearchTest.tfupdatedocfield,OD,,
https://github.com/alibaba/alibabacloud-tairjedis-sdk,f6215930b9e21a5252c95296d9924b3c4524d9f6,.,com.aliyun.tair.tests.tairstring.TairStringClusterTest.exincrbyParamsTest,OD,,
https://github.com/alibaba/alibabacloud-tairjedis-sdk,f6215930b9e21a5252c95296d9924b3c4524d9f6,.,com.aliyun.tair.tests.tairstring.TairStringClusterTest.exsetverTest,OD,,
https://github.com/alibaba/alibabacloud-tairjedis-sdk,f6215930b9e21a5252c95296d9924b3c4524d9f6,.,com.aliyun.tair.tests.tairstring.TairStringPipelineTest.exincrbyPipelineTest,OD,,
https://github.com/alibaba/alibabacloud-tairjedis-sdk,f6215930b9e21a5252c95296d9924b3c4524d9f6,.,com.aliyun.tair.tests.tairstring.TairStringTest.exincrbyfloatTest,OD,,
https://github.com/alibaba/alibabacloud-tairjedis-sdk,f6215930b9e21a5252c95296d9924b3c4524d9f6,.,com.aliyun.tair.tests.tairstring.TairStringTest.exsetParamsTest,OD,,
https://github.com/alibaba/alibabacloud-tairjedis-sdk,f6215930b9e21a5252c95296d9924b3c4524d9f6,.,com.aliyun.tair.tests.tairstring.TairStringTest.exsetverTest,OD,,
https://github.com/alibaba/alibabacloud-tairjedis-sdk,f6215930b9e21a5252c95296d9924b3c4524d9f6,.,com.aliyun.tair.tests.tairts.TairTsClusterTest.extsaddTest,OD,,
https://github.com/alibaba/alibabacloud-tairjedis-sdk,f6215930b9e21a5252c95296d9924b3c4524d9f6,.,com.aliyun.tair.tests.tairts.TairTsStringTest.extsaddTest,OD,,
https://github.com/alibaba/alibabacloud-tairjedis-sdk,f6215930b9e21a5252c95296d9924b3c4524d9f6,.,com.aliyun.tair.tests.tairts.TairTsStringTest.extsgetTest,OD,,
https://github.com/alibaba/alibabacloud-tairjedis-sdk,f6215930b9e21a5252c95296d9924b3c4524d9f6,.,com.aliyun.tair.tests.tairts.TairTsTest.extsmrangeKeysLabelsTest,OD,,
https://github.com/alibaba/alibabacloud-tairjedis-sdk,f6215930b9e21a5252c95296d9924b3c4524d9f6,.,com.aliyun.tair.tests.tairts.TairTsTest.extsmrangeTest,OD,,
https://github.com/alibaba/alibabacloud-tairjedis-sdk,f6215930b9e21a5252c95296d9924b3c4524d9f6,.,com.aliyun.tair.tests.tairts.TairTsTest.extsprangeAggregationSkeyByteTest,OD,,
https://github.com/alibaba/alibabacloud-tairjedis-sdk,f6215930b9e21a5252c95296d9924b3c4524d9f6,.,com.aliyun.tair.tests.tairts.TairTsTest.extsprangeAggregationSkeyRevTest,OD,,
https://github.com/alibaba/alibabacloud-tairjedis-sdk,f6215930b9e21a5252c95296d9924b3c4524d9f6,.,com.aliyun.tair.tests.tairts.TairTsTest.extsprangeByteTest,OD,,
https://github.com/alibaba/alibabacloud-tairjedis-sdk,f6215930b9e21a5252c95296d9924b3c4524d9f6,.,com.aliyun.tair.tests.tairts.TairTsTest.extsrangeTest,OD,,
https://github.com/alibaba/alibabacloud-tairjedis-sdk,f6215930b9e21a5252c95296d9924b3c4524d9f6,.,com.aliyun.tair.tests.tairts.TairTsTest.extsRawMModifyTest,OD,,
https://github.com/alibaba/alibabacloud-tairjedis-sdk,f6215930b9e21a5252c95296d9924b3c4524d9f6,.,com.aliyun.tair.tests.tairts.TairTsTest.extsRawModifyTest,OD,,
https://github.com/alibaba/alibabacloud-tairjedis-sdk,f6215930b9e21a5252c95296d9924b3c4524d9f6,.,com.aliyun.tair.tests.tairvector.TairVectorClusterTest.tvs_knnsearch_filter,OD,,
https://github.com/alibaba/alibabacloud-tairjedis-sdk,f6215930b9e21a5252c95296d9924b3c4524d9f6,.,com.aliyun.tair.tests.tairvector.TairVectorClusterTest.tvs_knnsearch_with_params,OD,,
https://github.com/alibaba/alibabacloud-tairjedis-sdk,f6215930b9e21a5252c95296d9924b3c4524d9f6,.,com.aliyun.tair.tests.tairvector.TairVectorClusterTest.tvs_mknnsearch_filter,OD,,
https://github.com/alibaba/alibabacloud-tairjedis-sdk,f6215930b9e21a5252c95296d9924b3c4524d9f6,.,com.aliyun.tair.tests.tairvector.TairVectorPipelineTest.tvs_hset,OD,,
https://github.com/alibaba/alibabacloud-tairjedis-sdk,f6215930b9e21a5252c95296d9924b3c4524d9f6,.,com.aliyun.tair.tests.tairvector.TairVectorPipelineTest.tvs_knnsearch_with_params,OD,,
https://github.com/alibaba/alibabacloud-tairjedis-sdk,f6215930b9e21a5252c95296d9924b3c4524d9f6,.,com.aliyun.tair.tests.tairvector.TairVectorTest.tvs_create_index,OD,,
https://github.com/alibaba/alibabacloud-tairjedis-sdk,f6215930b9e21a5252c95296d9924b3c4524d9f6,.,com.aliyun.tair.tests.tairvector.TairVectorTest.tvs_create_index_withoption_args,OD,,
https://github.com/alibaba/alibabacloud-tairjedis-sdk,f6215930b9e21a5252c95296d9924b3c4524d9f6,.,com.aliyun.tair.tests.tairvector.TairVectorTest.tvs_create_index_with_datatype,OD,,
https://github.com/alibaba/alibabacloud-tairjedis-sdk,f6215930b9e21a5252c95296d9924b3c4524d9f6,.,com.aliyun.tair.tests.tairvector.TairVectorTest.tvs_del_index,OD,,
https://github.com/alibaba/alibabacloud-tairjedis-sdk,f6215930b9e21a5252c95296d9924b3c4524d9f6,.,com.aliyun.tair.tests.tairvector.TairVectorTest.tvs_hgetall,OD,,
https://github.com/alibaba/alibabacloud-tairjedis-sdk,f6215930b9e21a5252c95296d9924b3c4524d9f6,.,com.aliyun.tair.tests.tairvector.TairVectorTest.tvs_hgetall_data_bin,OD,,
https://github.com/alibaba/alibabacloud-tairjedis-sdk,f6215930b9e21a5252c95296d9924b3c4524d9f6,.,com.aliyun.tair.tests.tairvector.TairVectorTest.tvs_knnsearch_with_databin,OD,,
https://github.com/alibaba/alibabacloud-tairjedis-sdk,f6215930b9e21a5252c95296d9924b3c4524d9f6,.,com.aliyun.tair.tests.tairvector.TairVectorTest.tvs_knnsearch_with_params,OD,,
https://github.com/alibaba/alibabacloud-tairjedis-sdk,f6215930b9e21a5252c95296d9924b3c4524d9f6,.,com.aliyun.tair.tests.tairvector.TairVectorTest.tvs_mknnsearch,OD,,
https://github.com/alibaba/alibabacloud-tairjedis-sdk,f6215930b9e21a5252c95296d9924b3c4524d9f6,.,com.aliyun.tair.tests.tairzset.TairZsetTest.zincrby,OD,,
https://github.com/alibaba/alibabacloud-tairjedis-sdk,f6215930b9e21a5252c95296d9924b3c4524d9f6,.,com.aliyun.tair.tests.tairzset.TairZsetTest.zrank,OD,,
https://github.com/alibaba/alibabacloud-tairjedis-sdk,f6215930b9e21a5252c95296d9924b3c4524d9f6,.,com.aliyun.tair.tests.tairzset.TairZsetTest.zrem,OD,,
https://github.com/alibaba/asyncload,9891e7086bff81ebdd4991435d21b549e48e874d,.,com.alibaba.asyncload.AsyncLoadThreadLocalTest.testInheritableThreadLocalRunnerSet,OD-Vic,Unmaintained,
https://github.com/alibaba/easy-retry,16e0c4156347658c1fd701ad4bf53aeeb214ce50,easy-retry-extensions,com.alibaba.easyretry.extension.mybatis.access.MybatisRetryTaskAccessTest.finish,OD-Vic,Opened,https://github.com/alibaba/easy-retry/pull/28
https://github.com/alibaba/easy-retry,16e0c4156347658c1fd701ad4bf53aeeb214ce50,easy-retry-extensions,com.alibaba.easyretry.extension.mybatis.access.MybatisRetryTaskAccessTest.handle,OD-Vic,Opened,https://github.com/alibaba/easy-retry/pull/28
https://github.com/alibaba/easy-retry,16e0c4156347658c1fd701ad4bf53aeeb214ce50,easy-retry-extensions,com.alibaba.easyretry.extension.mybatis.access.MybatisRetryTaskAccessTest.stop,OD-Vic,Opened,https://github.com/alibaba/easy-retry/pull/28
https://github.com/alibaba/easy-retry,16e0c4156347658c1fd701ad4bf53aeeb214ce50,easy-retry-extensions,com.alibaba.easyretry.extension.mybatis.dao.RetryTaskDAOImplTest.deleteRetryTask,OD-Vic,Opened,https://github.com/alibaba/easy-retry/pull/28
https://github.com/alibaba/easy-retry,16e0c4156347658c1fd701ad4bf53aeeb214ce50,easy-retry-extensions,com.alibaba.easyretry.extension.mybatis.dao.RetryTaskDAOImplTest.listRetryTask,OD-Vic,Opened,https://github.com/alibaba/easy-retry/pull/28
https://github.com/alibaba/easyexcel,756f16e42fbd7bc5c7fa18426cbc02fc81a42057,.,com.alibaba.easyexcel.test.core.simple.SimpleDataTest.t03SynchronousRead07,OD,Accepted,https://github.com/alibaba/easyexcel/pull/1684
https://github.com/alibaba/easyexcel,756f16e42fbd7bc5c7fa18426cbc02fc81a42057,.,com.alibaba.easyexcel.test.core.simple.SimpleDataTest.t04SynchronousRead03,OD,Accepted,https://github.com/alibaba/easyexcel/pull/1684
https://github.com/alibaba/fastjson,a7f1f5c4ac52503cc95bf1d27498098b3093a0df,.,com.alibaba.fastjson.serializer.TestParse.testParse,OD,Opened,https://github.com/alibaba/fastjson/pull/4458
https://github.com/alibaba/fastjson,e05e9c5e4be580691cc55a59f3256595393203a1,.,com.alibaba.json.bvt.bug.Issue_717.test_for_issue,OD,RepoArchived,
https://github.com/alibaba/fastjson,e05e9c5e4be580691cc55a59f3256595393203a1,.,com.alibaba.json.bvt.date.DateTest.test_date,OD,Accepted,https://github.com/alibaba/fastjson/pull/2148
https://github.com/alibaba/fastjson,e05e9c5e4be580691cc55a59f3256595393203a1,.,com.alibaba.json.bvt.date.DateTest_tz.test_codec,OD,Accepted,https://github.com/alibaba/fastjson/pull/2148
https://github.com/alibaba/fastjson,e05e9c5e4be580691cc55a59f3256595393203a1,.,com.alibaba.json.bvt.issue_1200.Issue1298.test_for_issue,OD,Accepted,https://github.com/alibaba/fastjson/pull/2148
https://github.com/alibaba/fastjson,e05e9c5e4be580691cc55a59f3256595393203a1,.,com.alibaba.json.bvt.issue_1200.Issue1298.test_for_issue_1,OD,Accepted,https://github.com/alibaba/fastjson/pull/2148
https://github.com/alibaba/fastjson,e05e9c5e4be580691cc55a59f3256595393203a1,.,com.alibaba.json.bvt.issue_1600.Issue1679.test_for_issue,OD,Accepted,https://github.com/alibaba/fastjson/pull/2148
https://github.com/alibaba/fastjson,e05e9c5e4be580691cc55a59f3256595393203a1,.,com.alibaba.json.bvt.issue_1700.Issue1769.test_for_issue,OD,RepoArchived,
https://github.com/alibaba/fastjson,e05e9c5e4be580691cc55a59f3256595393203a1,.,com.alibaba.json.bvt.issue_1900.Issue1977.test_for_issue,OD,Accepted,https://github.com/alibaba/fastjson/pull/2148
https://github.com/alibaba/fastjson,e05e9c5e4be580691cc55a59f3256595393203a1,.,com.alibaba.json.bvt.parser.DefaultExtJSONParser_parseArray.test_7,OD,Accepted,https://github.com/alibaba/fastjson/pull/3291
https://github.com/alibaba/fastjson,e05e9c5e4be580691cc55a59f3256595393203a1,.,com.alibaba.json.bvt.parser.DefaultExtJSONParser_parseArray.test_8,OD,Accepted,https://github.com/alibaba/fastjson/pull/3291
https://github.com/alibaba/fastjson,e05e9c5e4be580691cc55a59f3256595393203a1,.,com.alibaba.json.bvt.serializer.date.DateTest4_indian.test_date,OD,Accepted,https://github.com/alibaba/fastjson/pull/2148
https://github.com/alibaba/fastjson,e05e9c5e4be580691cc55a59f3256595393203a1,.,com.alibaba.json.bvt.serializer.date.DateTest5_iso8601.test_date,OD,Accepted,https://github.com/alibaba/fastjson/pull/2148
https://github.com/alibaba/fastjson,e05e9c5e4be580691cc55a59f3256595393203a1,.,com.alibaba.json.bvt.serializer.JSONFieldTest5.test_jsonField,OD,RepoArchived,
https://github.com/alibaba/fastjson,e05e9c5e4be580691cc55a59f3256595393203a1,.,com.alibaba.json.bvt.serializer.JSONSerializerTest2.test_0,OD,Accepted,https://github.com/alibaba/fastjson/pull/2133
https://github.com/alibaba/fastjson,e05e9c5e4be580691cc55a59f3256595393203a1,.,com.alibaba.json.bvt.serializer.MaxBufSizeTest.test_max_buf,OD,Opened,https://github.com/alibaba/fastjson/pull/2291
https://github.com/alibaba/nacos,525672272ecb00cd769a13c7b21a8e51cf873f25,api,com.alibaba.nacos.api.naming.pojo.healthcheck.HealthCheckerFactoryTest.testDeserializeExtend,OD-Vic,Accepted,https://github.com/alibaba/nacos/pull/4384
https://github.com/alibaba/nacos,f136dde8fae27797156f0ecb9abbe80774beaea4,config,com.alibaba.nacos.config.server.configuration.ConditionDistributedEmbedStorageTest.testMatches,OD-Vic,DeveloperFixed,
https://github.com/alibaba/nacos,f136dde8fae27797156f0ecb9abbe80774beaea4,config,com.alibaba.nacos.config.server.configuration.ConditionOnEmbeddedStorageTest.testMatches,OD-Vic,DeveloperFixed,
https://github.com/alibaba/nacos,f136dde8fae27797156f0ecb9abbe80774beaea4,config,com.alibaba.nacos.config.server.configuration.ConditionOnExternalStorageTest.testMatches,OD-Vic,DeveloperFixed,
https://github.com/alibaba/nacos,f136dde8fae27797156f0ecb9abbe80774beaea4,config,com.alibaba.nacos.config.server.configuration.ConditionStandaloneEmbedStorageTest.testMatches,OD-Vic,DeveloperFixed,
https://github.com/alibaba/nacos,f136dde8fae27797156f0ecb9abbe80774beaea4,config,com.alibaba.nacos.config.server.controller.ConfigControllerTest.testDeleteConfig,OD-Vic,,
https://github.com/alibaba/nacos,f136dde8fae27797156f0ecb9abbe80774beaea4,config,com.alibaba.nacos.config.server.controller.ConfigControllerTest.testDetailConfigInfo,OD-Vic,,
https://github.com/alibaba/nacos,f136dde8fae27797156f0ecb9abbe80774beaea4,config,com.alibaba.nacos.config.server.controller.ConfigControllerTest.testGetConfig,OD-Vic,,
https://github.com/alibaba/nacos,f136dde8fae27797156f0ecb9abbe80774beaea4,config,com.alibaba.nacos.config.server.controller.ConfigControllerTest.testPublishConfig,OD-Vic,,
https://github.com/alibaba/nacos,f136dde8fae27797156f0ecb9abbe80774beaea4,config,com.alibaba.nacos.config.server.controller.ConfigOpsControllerTest.testDerbyOps,OD-Vic,,
https://github.com/alibaba/nacos,f136dde8fae27797156f0ecb9abbe80774beaea4,config,com.alibaba.nacos.config.server.controller.ConfigOpsControllerTest.testImportDerby,OD-Vic,,
https://github.com/alibaba/nacos,f136dde8fae27797156f0ecb9abbe80774beaea4,config,com.alibaba.nacos.config.server.controller.ConfigServletInnerTest.testDoGetConfigV1,OD-Vic,,
https://github.com/alibaba/nacos,f136dde8fae27797156f0ecb9abbe80774beaea4,config,com.alibaba.nacos.config.server.controller.ConfigServletInnerTest.testDoGetConfigV2,OD-Vic,,
https://github.com/alibaba/nacos,f136dde8fae27797156f0ecb9abbe80774beaea4,config,com.alibaba.nacos.config.server.controller.ConfigServletInnerTest.testDoGetConfigV3,OD-Vic,,
https://github.com/alibaba/nacos,f136dde8fae27797156f0ecb9abbe80774beaea4,config,com.alibaba.nacos.config.server.model.ConfigInfoTest.testPrecisionIssue,OD-Vic,,
https://github.com/alibaba/nacos,f136dde8fae27797156f0ecb9abbe80774beaea4,config,com.alibaba.nacos.config.server.remote.ConfigPublishRequestHandlerTest.testHandle,OD-Vic,,
https://github.com/alibaba/nacos,f136dde8fae27797156f0ecb9abbe80774beaea4,config,com.alibaba.nacos.config.server.remote.ConfigQueryRequestHandlerTest.testHandle,OD-Vic,,
https://github.com/alibaba/nacos,f136dde8fae27797156f0ecb9abbe80774beaea4,config,com.alibaba.nacos.config.server.service.ClientTrackServiceTest.testTrackClientMd5,OD-Vic,,
https://github.com/alibaba/nacos,f136dde8fae27797156f0ecb9abbe80774beaea4,config,com.alibaba.nacos.config.server.service.ConfigChangePublisherTest.testConfigChangeNotify,OD-Vic,,
https://github.com/alibaba/nacos,f136dde8fae27797156f0ecb9abbe80774beaea4,config,com.alibaba.nacos.config.server.service.DiskServiceUnitTest.testCreateConfig,OD-Vic,,
https://github.com/alibaba/nacos,f136dde8fae27797156f0ecb9abbe80774beaea4,config,com.alibaba.nacos.config.server.utils.DiskUtilsTest.testTargetBetaFile,OD-Vic,,
https://github.com/alibaba/nacos,f136dde8fae27797156f0ecb9abbe80774beaea4,config,com.alibaba.nacos.config.server.utils.MD5UtilTest.testCompareMd5,OD-Vic,,
https://github.com/alibaba/nacos,f136dde8fae27797156f0ecb9abbe80774beaea4,config,com.alibaba.nacos.config.server.utils.PropertyUtilTest.testGetPropertyV1,OD-Vic,,
https://github.com/alibaba/nacos,f136dde8fae27797156f0ecb9abbe80774beaea4,config,com.alibaba.nacos.config.server.utils.PropertyUtilTest.testGetPropertyV2,OD-Vic,,
https://github.com/alibaba/Sentinel,0a34fc4d11392f0587e7ba5bf2626f902b23c750,sentinel-adapter/sentinel-jax-rs-adapter,com.alibaba.csp.sentinel.adapter.jaxrs.ClientFilterTest.testClientFallback,OD-Vic,Opened,https://github.com/alibaba/Sentinel/pull/3272
https://github.com/alibaba/Sentinel,0a34fc4d11392f0587e7ba5bf2626f902b23c750,sentinel-adapter/sentinel-jax-rs-adapter,com.alibaba.csp.sentinel.adapter.jaxrs.ProviderFilterTest.testCustomRequestOriginParser,OD-Vic,Opened,https://github.com/alibaba/Sentinel/pull/3272
https://github.com/alibaba/Sentinel,0a34fc4d11392f0587e7ba5bf2626f902b23c750,sentinel-adapter/sentinel-jax-rs-adapter,com.alibaba.csp.sentinel.adapter.jaxrs.ProviderFilterTest.testDefaultFallback,OD-Vic,Opened,https://github.com/alibaba/Sentinel/pull/3272
https://github.com/alibaba/Sentinel,051d583fd89a8ecd509d182a1883335119f1a8bf,sentinel-adapter/sentinel-reactor-adapter,com.alibaba.csp.sentinel.adapter.reactor.MonoSentinelOperatorIntegrationTest.testTransformMonoWithSentinelContextEnter,OD-Vic,,
https://github.com/alibaba/Sentinel,051d583fd89a8ecd509d182a1883335119f1a8bf,sentinel-adapter/sentinel-reactor-adapter/sentinel-reactor-sofa-rpc-adatper,com.alibaba.csp.sentinel.adapter.sofa.rpc.fallback.SofaRpcFallbackRegistryTest.testDefaultfallback,OD-Vic,Opened,https://github.com/alibaba/Sentinel/pull/3282
https://github.com/alibaba/Sentinel,7e2fa454fa0546c04142a268454faabac79370d0,sentinel-core,com.alibaba.csp.sentinel.config.SentinelConfigTest.testDefaultConfig,OD,Accepted,https://github.com/alibaba/Sentinel/pull/1859
https://github.com/alibaba/Sentinel,7e2fa454fa0546c04142a268454faabac79370d0,sentinel-core,com.alibaba.csp.sentinel.TracerTest.setExceptionsToIgnore,OD,Accepted,https://github.com/alibaba/Sentinel/pull/1859
https://github.com/alibaba/Sentinel,7e2fa454fa0546c04142a268454faabac79370d0,sentinel-core,com.alibaba.csp.sentinel.TracerTest.setExceptionsToTrace,OD,Accepted,https://github.com/alibaba/Sentinel/pull/1859
https://github.com/alibaba/spring-cloud-alibaba,add08b6822cb7cf6b2a429dd30b0ed0e49a7db49,spring-cloud-alibaba-starters/spring-cloud-starter-alibaba-nacos-config,com.alibaba.cloud.nacos.configdata.NacosConfigDataLocationResolverTest.testDataIdMustBeSpecified,OD,Opened,https://github.com/alibaba/spring-cloud-alibaba/pull/3498
https://github.com/alibaba/spring-cloud-alibaba,add08b6822cb7cf6b2a429dd30b0ed0e49a7db49,spring-cloud-alibaba-starters/spring-cloud-starter-alibaba-nacos-config,com.alibaba.cloud.nacos.configdata.NacosConfigDataLocationResolverTest.testInvalidDataId,OD,Opened,https://github.com/alibaba/spring-cloud-alibaba/pull/3498
https://github.com/alibaba/spring-cloud-alibaba,add08b6822cb7cf6b2a429dd30b0ed0e49a7db49,spring-cloud-alibaba-starters/spring-cloud-starter-alibaba-nacos-config,com.alibaba.cloud.nacos.configdata.NacosConfigDataLocationResolverTest.testResolveProfileSpecific_givenNothing_thenReturnDefaultProfile,OD,Opened,https://github.com/alibaba/spring-cloud-alibaba/pull/3498
https://github.com/alibaba/spring-cloud-alibaba,add08b6822cb7cf6b2a429dd30b0ed0e49a7db49,spring-cloud-alibaba-starters/spring-cloud-starter-alibaba-nacos-config,com.alibaba.cloud.nacos.configdata.NacosConfigDataLocationResolverTest.testStartWithASlashIsOK,OD,Opened,https://github.com/alibaba/spring-cloud-alibaba/pull/3498
https://github.com/alibaba/spring-cloud-alibaba,add08b6822cb7cf6b2a429dd30b0ed0e49a7db49,spring-cloud-alibaba-starters/spring-cloud-starter-alibaba-nacos-config,com.alibaba.cloud.nacos.configdata.NacosConfigDataLocationResolverTest.testUrisInLocationShouldOverridesProperty,OD,Opened,https://github.com/alibaba/spring-cloud-alibaba/pull/3498
https://github.com/alibaba/spring-cloud-alibaba,add08b6822cb7cf6b2a429dd30b0ed0e49a7db49,spring-cloud-alibaba-starters/spring-cloud-starter-alibaba-nacos-config,com.alibaba.cloud.nacos.configdata.NacosConfigDataLocationResolverTest.whenCustomizeSuffix_thenOverrideDefault,OD,Opened,https://github.com/alibaba/spring-cloud-alibaba/pull/3498
https://github.com/alibaba/spring-cloud-alibaba,add08b6822cb7cf6b2a429dd30b0ed0e49a7db49,spring-cloud-alibaba-starters/spring-cloud-starter-alibaba-nacos-config,com.alibaba.cloud.nacos.configdata.NacosConfigDataLocationResolverTest.whenNoneInBootstrapContext_thenCreateNewConfigClientProperties,OD,Opened,https://github.com/alibaba/spring-cloud-alibaba/pull/3498
https://github.com/alibaba/spring-cloud-alibaba,add08b6822cb7cf6b2a429dd30b0ed0e49a7db49,spring-cloud-alibaba-starters/spring-cloud-starter-alibaba-sentinel,com.alibaba.cloud.sentinel.SentinelAutoConfigurationTests.contextLoads,OD,,
https://github.com/alibaba/spring-cloud-alibaba,add08b6822cb7cf6b2a429dd30b0ed0e49a7db49,spring-cloud-alibaba-starters/spring-cloud-starter-alibaba-sentinel,com.alibaba.cloud.sentinel.SentinelAutoConfigurationTests.testSentinelSystemProperties,OD,,
https://github.com/alibaba/wasp,b2593d8e4b31ca6da0cd2f3e18356338d9b6dace,.,com.alibaba.wasp.client.TestAdmin.testCloseEntityGroupWhenServerNameIsEmpty,OD,Unmaintained,
https://github.com/alibaba/wasp,b2593d8e4b31ca6da0cd2f3e18356338d9b6dace,.,com.alibaba.wasp.client.TestAdmin.testEmptyFTable,OD,Unmaintained,
https://github.com/alibaba/wasp,b2593d8e4b31ca6da0cd2f3e18356338d9b6dace,.,com.alibaba.wasp.client.TestAdmin.testGetTableEntityGroups,OD,Unmaintained,
https://github.com/alibaba/wasp,b2593d8e4b31ca6da0cd2f3e18356338d9b6dace,.,com.alibaba.wasp.client.TestAdmin.testSplitUnknownTable,OD,Unmaintained,
https://github.com/alibaba/wasp,b2593d8e4b31ca6da0cd2f3e18356338d9b6dace,.,com.alibaba.wasp.client.TestDataCorrectness.testSelectFromChildTableUsingRandomIndex,OD,Unmaintained,
https://github.com/alibaba/wasp,b2593d8e4b31ca6da0cd2f3e18356338d9b6dace,.,com.alibaba.wasp.client.TestFClientLoadBalance.testExecute,OD,Unmaintained,
https://github.com/alibaba/wasp,b2593d8e4b31ca6da0cd2f3e18356338d9b6dace,.,com.alibaba.wasp.client.TestFromClientSide.testCreateTable,OD,Unmaintained,
https://github.com/alibaba/wasp,b2593d8e4b31ca6da0cd2f3e18356338d9b6dace,.,com.alibaba.wasp.client.TestFromClientSide.testCreateTableAndIndex,OD,Unmaintained,
https://github.com/alibaba/wasp,b2593d8e4b31ca6da0cd2f3e18356338d9b6dace,.,com.alibaba.wasp.client.TestFromClientSide.testLoopCreateDropTable,OD,Unmaintained,
https://github.com/alibaba/wasp,b2593d8e4b31ca6da0cd2f3e18356338d9b6dace,.,com.alibaba.wasp.client.TestFromClientSide.testNormalSql,OD,Unmaintained,
https://github.com/alibaba/wasp,b2593d8e4b31ca6da0cd2f3e18356338d9b6dace,.,com.alibaba.wasp.client.TestFromClientSide.testScanSql,OD,Unmaintained,
https://github.com/alibaba/wasp,b2593d8e4b31ca6da0cd2f3e18356338d9b6dace,.,com.alibaba.wasp.client.TestFromClientSide.testSelectNotUseIndex,OD,Unmaintained,
https://github.com/alibaba/wasp,b2593d8e4b31ca6da0cd2f3e18356338d9b6dace,.,com.alibaba.wasp.client.TestFromClientSide.testSqlExecute,OD,Unmaintained,
https://github.com/alibaba/wasp,b2593d8e4b31ca6da0cd2f3e18356338d9b6dace,fserver,com.alibaba.wasp.fserver.TestEntityGroup.testSplitEntityGroup,OD,Unmaintained,
https://github.com/alibaba/wasp,b2593d8e4b31ca6da0cd2f3e18356338d9b6dace,fserver,com.alibaba.wasp.fserver.TestSplitTransactionOnCluster.testMasterRestartWhenSplittingIsPartial,OD,Unmaintained,
https://github.com/alibaba/wasp,b2593d8e4b31ca6da0cd2f3e18356338d9b6dace,jdbc,com.alibaba.wasp.jdbc.TestJdbcConnectionPool.testConnectionSize,OD,Unmaintained,
https://github.com/alibaba/wasp,b2593d8e4b31ca6da0cd2f3e18356338d9b6dace,jdbc,com.alibaba.wasp.jdbc.TestJdbcConnectionPool.testGetConnection,OD,Unmaintained,
https://github.com/alibaba/wasp,b2593d8e4b31ca6da0cd2f3e18356338d9b6dace,jdbc,com.alibaba.wasp.jdbc.TestJdbcResultSet.testIndexNameSameWithTableName,OD,Unmaintained,
https://github.com/alibaba/wasp,b2593d8e4b31ca6da0cd2f3e18356338d9b6dace,jdbc,com.alibaba.wasp.jdbc.TestPreparedStatement.testInsertQuery,OD,Unmaintained,
https://github.com/alibaba/wasp,b2593d8e4b31ca6da0cd2f3e18356338d9b6dace,master,com.alibaba.wasp.master.TestAssignmentManagerOnCluster.testMoveEntityGroup,OD,Unmaintained,
https://github.com/alibaba/wasp,b2593d8e4b31ca6da0cd2f3e18356338d9b6dace,master,com.alibaba.wasp.master.TestAssignmentManagerOnCluster.testOfflineEntityGroup,OD,Unmaintained,
https://github.com/alibaba/wasp,b2593d8e4b31ca6da0cd2f3e18356338d9b6dace,messagequeue,com.alibaba.wasp.messagequeue.TestPublisher.testPublisher,OD,Unmaintained,
https://github.com/alibaba/wasp,b2593d8e4b31ca6da0cd2f3e18356338d9b6dace,meta,com.alibaba.wasp.meta.TestFMetaStore.testCheckAndInit,OD,Unmaintained,
https://github.com/alibaba/wasp,b2593d8e4b31ca6da0cd2f3e18356338d9b6dace,meta,com.alibaba.wasp.meta.TestFMetaStore.testClean,OD,Unmaintained,
https://github.com/alibaba/wasp,b2593d8e4b31ca6da0cd2f3e18356338d9b6dace,meta,com.alibaba.wasp.meta.TestFMetaStore.testIndex,OD,Unmaintained,
https://github.com/alibaba/wasp,b2593d8e4b31ca6da0cd2f3e18356338d9b6dace,meta,com.alibaba.wasp.meta.TestFMetaStore.testIsTableAvailable,OD,Unmaintained,
https://github.com/alibaba/wasp,b2593d8e4b31ca6da0cd2f3e18356338d9b6dace,meta,com.alibaba.wasp.meta.TestStorageCleanChore.testCleanChore,OD,Unmaintained,
https://github.com/alibaba/wasp,b2593d8e4b31ca6da0cd2f3e18356338d9b6dace,plan,com.alibaba.wasp.plan.execute.TestExecutionEngine.testExecUpdatePlan,OD,Unmaintained,
https://github.com/alien4cloud/alien4cloud,eb57d0feca6c37e0a4aafc3feef494e43e02ecda,alien4cloud-security,alien4cloud.security.LdapAuthenticationProviderTest.testLdapUserImport,OD,Accepted,https://github.com/alien4cloud/alien4cloud/pull/182
https://github.com/apache/archiva,292dbe1bb4323dd299d36b78f37d9c1d55c889f8,archiva-modules/archiva-maven/archiva-maven-proxy,org.apache.archiva.proxy.CacheFailuresTransferTest.testGetWithCacheFailuresOn,OD,RepoArchived,
https://github.com/apache/archiva,292dbe1bb4323dd299d36b78f37d9c1d55c889f8,archiva-modules/archiva-base/archiva-repository-layer,org.apache.archiva.repository.base.managed.BasicManagedRepositoryValidatorTest.apply,OD,Accepted,https://github.com/apache/archiva/pull/82
https://github.com/apache/archiva,292dbe1bb4323dd299d36b78f37d9c1d55c889f8,archiva-modules/archiva-base/archiva-repository-layer,org.apache.archiva.repository.base.managed.BasicManagedRepositoryValidatorTest.applyForUpdate,OD,Accepted,https://github.com/apache/archiva/pull/82
https://github.com/apache/archiva,292dbe1bb4323dd299d36b78f37d9c1d55c889f8,archiva-modules/archiva-base/archiva-repository-layer,org.apache.archiva.repository.base.managed.BasicManagedRepositoryValidatorTest.applyUpdateWithExistingRepo,OD,Accepted,https://github.com/apache/archiva/pull/82
https://github.com/apache/archiva,292dbe1bb4323dd299d36b78f37d9c1d55c889f8,archiva-modules/archiva-base/archiva-repository-layer,org.apache.archiva.repository.base.managed.BasicManagedRepositoryValidatorTest.applyWithBadName,OD,Accepted,https://github.com/apache/archiva/pull/82
https://github.com/apache/archiva,292dbe1bb4323dd299d36b78f37d9c1d55c889f8,archiva-modules/archiva-base/archiva-repository-layer,org.apache.archiva.repository.base.managed.BasicManagedRepositoryValidatorTest.applyWithBadSchedulingExpression,OD,Accepted,https://github.com/apache/archiva/pull/82
https://github.com/apache/archiva,292dbe1bb4323dd299d36b78f37d9c1d55c889f8,archiva-modules/archiva-base/archiva-repository-layer,org.apache.archiva.repository.base.managed.BasicManagedRepositoryValidatorTest.applyWithEmptyId,OD,Accepted,https://github.com/apache/archiva/pull/82
https://github.com/apache/archiva,292dbe1bb4323dd299d36b78f37d9c1d55c889f8,archiva-modules/archiva-base/archiva-repository-layer,org.apache.archiva.repository.base.managed.BasicManagedRepositoryValidatorTest.applyWithExistingRepo,OD,Accepted,https://github.com/apache/archiva/pull/82
https://github.com/apache/archiva,292dbe1bb4323dd299d36b78f37d9c1d55c889f8,archiva-modules/archiva-base/archiva-repository-layer,org.apache.archiva.repository.base.managed.BasicManagedRepositoryValidatorTest.applyWithNullObject,OD,Accepted,https://github.com/apache/archiva/pull/82
https://github.com/apache/archiva,292dbe1bb4323dd299d36b78f37d9c1d55c889f8,archiva-modules/archiva-base/archiva-repository-layer,org.apache.archiva.repository.base.managed.BasicManagedRepositoryValidatorTest.getFlavour,OD,Accepted,https://github.com/apache/archiva/pull/82
https://github.com/apache/archiva,292dbe1bb4323dd299d36b78f37d9c1d55c889f8,archiva-modules/archiva-base/archiva-repository-layer,org.apache.archiva.repository.base.managed.BasicManagedRepositoryValidatorTest.isFlavour,OD,Accepted,https://github.com/apache/archiva/pull/82
https://github.com/apache/avro,efe9aa7fbe457805dc894a9186e1267603d82dd2,lang/java/ipc-jetty,org.apache.avro.ipc.jetty.TestProtocolHttp.testAdd,OD,,
https://github.com/apache/avro,efe9aa7fbe457805dc894a9186e1267603d82dd2,lang/java/ipc-jetty,org.apache.avro.ipc.jetty.TestProtocolHttp.testClassLoader,OD,,
https://github.com/apache/avro,efe9aa7fbe457805dc894a9186e1267603d82dd2,lang/java/ipc-jetty,org.apache.avro.ipc.jetty.TestProtocolHttp.testConnectionRefusedOneWay,OD,,
https://github.com/apache/avro,efe9aa7fbe457805dc894a9186e1267603d82dd2,lang/java/ipc-jetty,org.apache.avro.ipc.jetty.TestProtocolHttp.testEcho,OD,,
https://github.com/apache/avro,efe9aa7fbe457805dc894a9186e1267603d82dd2,lang/java/ipc-jetty,org.apache.avro.ipc.jetty.TestProtocolHttp.testEchoBytes,OD,,
https://github.com/apache/avro,efe9aa7fbe457805dc894a9186e1267603d82dd2,lang/java/ipc-jetty,org.apache.avro.ipc.jetty.TestProtocolHttp.testEmptyEchoBytes,OD,,
https://github.com/apache/avro,efe9aa7fbe457805dc894a9186e1267603d82dd2,lang/java/ipc-jetty,org.apache.avro.ipc.jetty.TestProtocolHttp.testError,OD,,
https://github.com/apache/avro,efe9aa7fbe457805dc894a9186e1267603d82dd2,lang/java/ipc-jetty,org.apache.avro.ipc.jetty.TestProtocolHttp.testGetRemote,OD,,
https://github.com/apache/avro,efe9aa7fbe457805dc894a9186e1267603d82dd2,lang/java/ipc-jetty,org.apache.avro.ipc.jetty.TestProtocolHttp.testHashCode,OD,,
https://github.com/apache/avro,efe9aa7fbe457805dc894a9186e1267603d82dd2,lang/java/ipc-jetty,org.apache.avro.ipc.jetty.TestProtocolHttp.testHello,OD,,
https://github.com/apache/avro,efe9aa7fbe457805dc894a9186e1267603d82dd2,lang/java/ipc-jetty,org.apache.avro.ipc.jetty.TestProtocolHttp.testOneWay,OD,,
https://github.com/apache/avro,efe9aa7fbe457805dc894a9186e1267603d82dd2,lang/java/ipc-jetty,org.apache.avro.ipc.jetty.TestProtocolHttp.testParamVariation,OD,,
https://github.com/apache/avro,efe9aa7fbe457805dc894a9186e1267603d82dd2,lang/java/ipc-jetty,org.apache.avro.ipc.jetty.TestProtocolHttp.testRepeatedAccess,OD,,
https://github.com/apache/avro,efe9aa7fbe457805dc894a9186e1267603d82dd2,lang/java/ipc-jetty,org.apache.avro.ipc.jetty.TestProtocolHttp.testStatelessOneway,OD,,
https://github.com/apache/avro,efe9aa7fbe457805dc894a9186e1267603d82dd2,lang/java/ipc-jetty,org.apache.avro.ipc.jetty.TestProtocolHttp.testTimeout,OD,,
https://github.com/apache/avro,efe9aa7fbe457805dc894a9186e1267603d82dd2,lang/java/ipc-jetty,org.apache.avro.ipc.jetty.TestProtocolHttp.testUndeclaredError,OD,,
https://github.com/apache/avro,efe9aa7fbe457805dc894a9186e1267603d82dd2,lang/java/ipc-jetty,org.apache.avro.ipc.jetty.TestProtocolHttps.testClassLoader,OD,,
https://github.com/apache/avro,efe9aa7fbe457805dc894a9186e1267603d82dd2,lang/java/ipc-jetty,org.apache.avro.ipc.jetty.TestProtocolHttps.testConnectionRefusedOneWay,OD,,
https://github.com/apache/avro,efe9aa7fbe457805dc894a9186e1267603d82dd2,lang/java/ipc-jetty,org.apache.avro.ipc.jetty.TestProtocolHttps.testGetRemote,OD,,
https://github.com/apache/avro,efe9aa7fbe457805dc894a9186e1267603d82dd2,lang/java/ipc-jetty,org.apache.avro.ipc.jetty.TestProtocolHttps.testHashCode,OD,,
https://github.com/apache/cayenne,5209b9f533ab5f2ac97d31eeb3d1dd2c4dbd64d8,cayenne-client,org.apache.cayenne.CayenneContextClientChannelEventsIT.testSyncToOneRelationship,OD,,
https://github.com/apache/cxf,69925893ed0e8a8fdfe1164b4e097a5cf5524027,core,org.apache.cxf.attachment.AttachmentUtilTest.bigIntAsAttachmentMaxSize,OD-Vic,Accepted,https://github.com/apache/cxf/pull/1528
https://github.com/apache/cxf,69925893ed0e8a8fdfe1164b4e097a5cf5524027,core,org.apache.cxf.attachment.AttachmentUtilTest.byteAsAttachmentMaxSize,OD-Vic,Accepted,https://github.com/apache/cxf/pull/1528
https://github.com/apache/cxf,69925893ed0e8a8fdfe1164b4e097a5cf5524027,core,org.apache.cxf.attachment.AttachmentUtilTest.fileAsAttachmentDirectory,OD-Vic,Accepted,https://github.com/apache/cxf/pull/1528
https://github.com/apache/cxf,69925893ed0e8a8fdfe1164b4e097a5cf5524027,core,org.apache.cxf.attachment.AttachmentUtilTest.integerAsAttachmentMaxSize,OD-Vic,Accepted,https://github.com/apache/cxf/pull/1528
https://github.com/apache/cxf,69925893ed0e8a8fdfe1164b4e097a5cf5524027,core,org.apache.cxf.attachment.AttachmentUtilTest.longAsAttachmentMaxSize,OD-Vic,Accepted,https://github.com/apache/cxf/pull/1528
https://github.com/apache/cxf,69925893ed0e8a8fdfe1164b4e097a5cf5524027,core,org.apache.cxf.attachment.AttachmentUtilTest.numberStringAsAttachmentMaxSize,OD-Vic,Accepted,https://github.com/apache/cxf/pull/1528
https://github.com/apache/cxf,69925893ed0e8a8fdfe1164b4e097a5cf5524027,core,org.apache.cxf.attachment.AttachmentUtilTest.shortAsAttachmentMaxSize,OD-Vic,Accepted,https://github.com/apache/cxf/pull/1528
https://github.com/apache/cxf,69925893ed0e8a8fdfe1164b4e097a5cf5524027,core,org.apache.cxf.attachment.AttachmentUtilTest.stringAsAttachmentDirectory,OD-Vic,Accepted,https://github.com/apache/cxf/pull/1528
https://github.com/apache/cxf,69925893ed0e8a8fdfe1164b4e097a5cf5524027,core,org.apache.cxf.feature.transform.XSLTInterceptorsTest.outWriterStreamTest,OD,,
https://github.com/apache/dubbo,5349c13a36d277a090e1dc68fbe7c3b46d78fc90,dubbo-common,org.apache.dubbo.common.beanutil.JavaBeanSerializeUtilTest.testDeserializeBean,OD-Vic,Accepted,https://github.com/apache/dubbo/pull/9987
https://github.com/apache/dubbo,5349c13a36d277a090e1dc68fbe7c3b46d78fc90,dubbo-common,org.apache.dubbo.common.beanutil.JavaBeanSerializeUtilTest.testDeserialize_Array,OD-Vic,Accepted,https://github.com/apache/dubbo/pull/9987
https://github.com/apache/dubbo,5349c13a36d277a090e1dc68fbe7c3b46d78fc90,dubbo-common,org.apache.dubbo.common.extension.ExtensionLoaderTest.testInjectExtension,OD-Vic,Opened,https://github.com/apache/dubbo/pull/15744
https://github.com/apache/dubbo,737f7a7ea67832d7f17517326fb2491d0a086dd7,dubbo-common,org.apache.dubbo.common.io.UnsafeByteArrayOutputStreamTest.testExtendLengthForBuffer,OD,,
https://github.com/apache/dubbo,737f7a7ea67832d7f17517326fb2491d0a086dd7,dubbo-common,org.apache.dubbo.common.logger.support.FailsafeLoggerTest.testFailSafeForLoggingMethod,OD,,
https://github.com/apache/dubbo,737f7a7ea67832d7f17517326fb2491d0a086dd7,dubbo-serialization/dubbo-serialization-fst,org.apache.dubbo.common.serialize.fst.FstObjectInputTest.testEmptyByteArrayForEmptyInput,OD-Vic,Accepted,https://github.com/apache/dubbo/pull/2815
https://github.com/apache/dubbo,1f84cdcfede5ec9843ecebf39a25d9b995b8098b,dubbo-common,org.apache.dubbo.common.threadlocal.InternalThreadLocalTest.testInternalThreadLocal,OD-Vic,Accepted,https://github.com/apache/dubbo/pull/13361
https://github.com/apache/dubbo,1f84cdcfede5ec9843ecebf39a25d9b995b8098b,dubbo-common,org.apache.dubbo.common.threadlocal.InternalThreadLocalTest.testInternalThreadLocalMapExpand,OD-Vic,Accepted,https://github.com/apache/dubbo/pull/13361
https://github.com/apache/dubbo,1f84cdcfede5ec9843ecebf39a25d9b995b8098b,dubbo-common,org.apache.dubbo.common.threadlocal.InternalThreadLocalTest.testMultiThreadSetAndGet,OD-Vic,Accepted,https://github.com/apache/dubbo/pull/13361
https://github.com/apache/dubbo,1f84cdcfede5ec9843ecebf39a25d9b995b8098b,dubbo-common,org.apache.dubbo.common.threadlocal.InternalThreadLocalTest.testOnRemove,OD-Vic,Accepted,https://github.com/apache/dubbo/pull/13361
https://github.com/apache/dubbo,1f84cdcfede5ec9843ecebf39a25d9b995b8098b,dubbo-common,org.apache.dubbo.common.threadlocal.InternalThreadLocalTest.testPerformance,OD-Vic,Accepted,https://github.com/apache/dubbo/pull/13361
https://github.com/apache/dubbo,1f84cdcfede5ec9843ecebf39a25d9b995b8098b,dubbo-common,org.apache.dubbo.common.threadlocal.InternalThreadLocalTest.testPerformanceTradition,OD-Vic,Accepted,https://github.com/apache/dubbo/pull/13361
https://github.com/apache/dubbo,1f84cdcfede5ec9843ecebf39a25d9b995b8098b,dubbo-common,org.apache.dubbo.common.threadlocal.InternalThreadLocalTest.testRemove,OD-Vic,Accepted,https://github.com/apache/dubbo/pull/13361
https://github.com/apache/dubbo,1f84cdcfede5ec9843ecebf39a25d9b995b8098b,dubbo-common,org.apache.dubbo.common.threadlocal.InternalThreadLocalTest.testRemoveAll,OD-Vic,Accepted,https://github.com/apache/dubbo/pull/13361
https://github.com/apache/dubbo,1f84cdcfede5ec9843ecebf39a25d9b995b8098b,dubbo-common,org.apache.dubbo.common.threadlocal.InternalThreadLocalTest.testSetAndGet,OD-Vic,Accepted,https://github.com/apache/dubbo/pull/13361
https://github.com/apache/dubbo,737f7a7ea67832d7f17517326fb2491d0a086dd7,dubbo-common,org.apache.dubbo.common.threadpool.support.eager.TaskQueueTest.testOffer2,OD,Accepted,https://github.com/apache/dubbo/pull/14896
https://github.com/apache/dubbo,737f7a7ea67832d7f17517326fb2491d0a086dd7,dubbo-common,org.apache.dubbo.common.threadpool.support.eager.TaskQueueTest.testOffer3,OD,Accepted,https://github.com/apache/dubbo/pull/14896
https://github.com/apache/dubbo,737f7a7ea67832d7f17517326fb2491d0a086dd7,dubbo-common,org.apache.dubbo.common.threadpool.support.eager.TaskQueueTest.testOffer4,OD,Accepted,https://github.com/apache/dubbo/pull/14896
https://github.com/apache/dubbo,737f7a7ea67832d7f17517326fb2491d0a086dd7,dubbo-common,org.apache.dubbo.common.threadpool.support.eager.TaskQueueTest.testRetryOffer1,OD,,
https://github.com/apache/dubbo,737f7a7ea67832d7f17517326fb2491d0a086dd7,dubbo-common,org.apache.dubbo.common.utils.DubboAppenderTest.testAppend,OD,Accepted,https://github.com/apache/dubbo/pull/14900
https://github.com/apache/dubbo,737f7a7ea67832d7f17517326fb2491d0a086dd7,dubbo-common,org.apache.dubbo.common.utils.ExecutorUtilTest.testGracefulShutdown2,OD,,
https://github.com/apache/dubbo,737f7a7ea67832d7f17517326fb2491d0a086dd7,dubbo-common,org.apache.dubbo.common.utils.LogHelperTest.testError,OD,,
https://github.com/apache/dubbo,737f7a7ea67832d7f17517326fb2491d0a086dd7,dubbo-common,org.apache.dubbo.common.utils.LogHelperTest.testWarn,OD,,
https://github.com/apache/dubbo,737f7a7ea67832d7f17517326fb2491d0a086dd7,dubbo-common,org.apache.dubbo.common.utils.LogUtilTest.testFindLevel,OD,,
https://github.com/apache/dubbo,737f7a7ea67832d7f17517326fb2491d0a086dd7,dubbo-common,org.apache.dubbo.common.utils.LogUtilTest.testFindLevelWithThreadName,OD,,
https://github.com/apache/dubbo,5349c13a36d277a090e1dc68fbe7c3b46d78fc90,dubbo-common,org.apache.dubbo.common.utils.PojoUtilsTest.testArrayToCollection,OD-Vic,Accepted,https://github.com/apache/dubbo/pull/9987
https://github.com/apache/dubbo,5349c13a36d277a090e1dc68fbe7c3b46d78fc90,dubbo-common,org.apache.dubbo.common.utils.PojoUtilsTest.testCollectionToArray,OD-Vic,Accepted,https://github.com/apache/dubbo/pull/9987
https://github.com/apache/dubbo,5349c13a36d277a090e1dc68fbe7c3b46d78fc90,dubbo-common,org.apache.dubbo.common.utils.PojoUtilsTest.testListPojoListPojo,OD-Vic,Accepted,https://github.com/apache/dubbo/pull/9987
https://github.com/apache/dubbo,5349c13a36d277a090e1dc68fbe7c3b46d78fc90,dubbo-common,org.apache.dubbo.common.utils.PojoUtilsTest.testMapField,OD-Vic,Accepted,https://github.com/apache/dubbo/pull/9987
https://github.com/apache/dubbo,5349c13a36d277a090e1dc68fbe7c3b46d78fc90,dubbo-common,org.apache.dubbo.common.utils.PojoUtilsTest.testPojoList,OD-Vic,Accepted,https://github.com/apache/dubbo/pull/9987
https://github.com/apache/dubbo,5349c13a36d277a090e1dc68fbe7c3b46d78fc90,dubbo-common,org.apache.dubbo.common.utils.PojoUtilsTest.testPublicField,OD-Vic,Accepted,https://github.com/apache/dubbo/pull/9987
https://github.com/apache/dubbo,5349c13a36d277a090e1dc68fbe7c3b46d78fc90,dubbo-common,org.apache.dubbo.common.utils.PojoUtilsTest.testRealizeLinkedList,OD-Vic,Accepted,https://github.com/apache/dubbo/pull/9987
https://github.com/apache/dubbo,5349c13a36d277a090e1dc68fbe7c3b46d78fc90,dubbo-common,org.apache.dubbo.common.utils.PojoUtilsTest.testStackOverflow,OD-Vic,Accepted,https://github.com/apache/dubbo/pull/9987
https://github.com/apache/dubbo,5349c13a36d277a090e1dc68fbe7c3b46d78fc90,dubbo-common,org.apache.dubbo.common.utils.PojoUtilsTest.test_has_no_nullary_constructor_pojo,OD-Vic,Accepted,https://github.com/apache/dubbo/pull/9987
https://github.com/apache/dubbo,5349c13a36d277a090e1dc68fbe7c3b46d78fc90,dubbo-common,org.apache.dubbo.common.utils.PojoUtilsTest.test_LoopPojoInList,OD-Vic,Accepted,https://github.com/apache/dubbo/pull/9987
https://github.com/apache/dubbo,5349c13a36d277a090e1dc68fbe7c3b46d78fc90,dubbo-common,org.apache.dubbo.common.utils.PojoUtilsTest.test_LoopPojoInMap,OD-Vic,Accepted,https://github.com/apache/dubbo/pull/9987
https://github.com/apache/dubbo,5349c13a36d277a090e1dc68fbe7c3b46d78fc90,dubbo-common,org.apache.dubbo.common.utils.PojoUtilsTest.test_Loop_pojo,OD-Vic,Accepted,https://github.com/apache/dubbo/pull/9987
https://github.com/apache/dubbo,5349c13a36d277a090e1dc68fbe7c3b46d78fc90,dubbo-common,org.apache.dubbo.common.utils.PojoUtilsTest.test_Map_List_pojo,OD-Vic,Accepted,https://github.com/apache/dubbo/pull/9987
https://github.com/apache/dubbo,5349c13a36d277a090e1dc68fbe7c3b46d78fc90,dubbo-common,org.apache.dubbo.common.utils.PojoUtilsTest.test_pojo,OD-Vic,Accepted,https://github.com/apache/dubbo/pull/9987
https://github.com/apache/dubbo,5349c13a36d277a090e1dc68fbe7c3b46d78fc90,dubbo-common,org.apache.dubbo.common.utils.PojoUtilsTest.test_PojoArray,OD-Vic,Accepted,https://github.com/apache/dubbo/pull/9987
https://github.com/apache/dubbo,5349c13a36d277a090e1dc68fbe7c3b46d78fc90,dubbo-common,org.apache.dubbo.common.utils.PojoUtilsTest.test_PojoInList,OD-Vic,Accepted,https://github.com/apache/dubbo/pull/9987
https://github.com/apache/dubbo,5349c13a36d277a090e1dc68fbe7c3b46d78fc90,dubbo-common,org.apache.dubbo.common.utils.PojoUtilsTest.test_simpleCollection,OD-Vic,Accepted,https://github.com/apache/dubbo/pull/9987
https://github.com/apache/dubbo,5349c13a36d277a090e1dc68fbe7c3b46d78fc90,dubbo-common,org.apache.dubbo.common.utils.PojoUtilsTest.test_total,OD-Vic,Accepted,https://github.com/apache/dubbo/pull/9987
https://github.com/apache/dubbo,5349c13a36d277a090e1dc68fbe7c3b46d78fc90,dubbo-common,org.apache.dubbo.common.utils.PojoUtilsTest.test_total_Array,OD-Vic,Accepted,https://github.com/apache/dubbo/pull/9987
https://github.com/apache/dubbo,737f7a7ea67832d7f17517326fb2491d0a086dd7,dubbo-config/dubbo-config-api,org.apache.dubbo.config.cache.CacheTest.testCache,OD-Vic,,
https://github.com/apache/dubbo,737f7a7ea67832d7f17517326fb2491d0a086dd7,dubbo-config/dubbo-config-api,org.apache.dubbo.config.ReferenceConfigTest.testInjvm,OD-Vic,,
https://github.com/apache/dubbo,737f7a7ea67832d7f17517326fb2491d0a086dd7,dubbo-compatible,org.apache.dubbo.echo.EchoServiceTest.testEcho,OD-Vic,,
https://github.com/apache/dubbo,737f7a7ea67832d7f17517326fb2491d0a086dd7,dubbo-registry/dubbo-registry-default,org.apache.dubbo.registry.dubbo.RegistryProtocolTest.testDestoryRegistry,OD,Accepted,https://github.com/apache/dubbo/pull/3849
https://github.com/apache/dubbo,737f7a7ea67832d7f17517326fb2491d0a086dd7,dubbo-registry/dubbo-registry-default,org.apache.dubbo.registry.dubbo.RegistryProtocolTest.testNotifyOverride,OD,Accepted,https://github.com/apache/dubbo/pull/3849
https://github.com/apache/dubbo,737f7a7ea67832d7f17517326fb2491d0a086dd7,dubbo-registry/dubbo-registry-default,org.apache.dubbo.registry.dubbo.RegistryProtocolTest.testNotifyOverride_notmatch,OD,Accepted,https://github.com/apache/dubbo/pull/3849
https://github.com/apache/dubbo,737f7a7ea67832d7f17517326fb2491d0a086dd7,dubbo-cluster,org.apache.dubbo.rpc.cluster.support.AbstractClusterInvokerTest.testBindingAttachment,OD-Vic,DeveloperFixed,
https://github.com/apache/dubbo,737f7a7ea67832d7f17517326fb2491d0a086dd7,dubbo-cluster,org.apache.dubbo.rpc.cluster.support.ForkingClusterInvokerTest.testClearRpcContext,OD-Vic,DeveloperFixed,
https://github.com/apache/dubbo,737f7a7ea67832d7f17517326fb2491d0a086dd7,dubbo-rpc/dubbo-rpc-dubbo,org.apache.dubbo.rpc.protocol.dubbo.DubboProtocolTest.testDubboProtocol,OD-Vic,,
https://github.com/apache/dubbo,737f7a7ea67832d7f17517326fb2491d0a086dd7,dubbo-rpc/dubbo-rpc-dubbo,org.apache.dubbo.rpc.protocol.dubbo.ReferenceCountExchangeClientTest.test_multi_destory,OD-Vic,,
https://github.com/apache/dubbo,737f7a7ea67832d7f17517326fb2491d0a086dd7,dubbo-rpc/dubbo-rpc-dubbo,org.apache.dubbo.rpc.protocol.dubbo.ReferenceCountExchangeClientTest.test_not_share_connect,OD-Vic,,
https://github.com/apache/dubbo,737f7a7ea67832d7f17517326fb2491d0a086dd7,dubbo-rpc/dubbo-rpc-dubbo,org.apache.dubbo.rpc.protocol.dubbo.ReferenceCountExchangeClientTest.test_share_connect,OD-Vic,,
https://github.com/apache/dubbo,737f7a7ea67832d7f17517326fb2491d0a086dd7,dubbo-rpc/dubbo-rpc-dubbo,org.apache.dubbo.rpc.protocol.dubbo.RpcFilterTest.testRpcFilter,OD-Vic,,
https://github.com/apache/dubbo,737f7a7ea67832d7f17517326fb2491d0a086dd7,dubbo-rpc/dubbo-rpc-dubbo,org.apache.dubbo.rpc.protocol.dubbo.telnet.ChangeTelnetHandlerTest.testChangeServiceNotExport,OD-Vic,Accepted,https://github.com/apache/dubbo/pull/2755
https://github.com/apache/dubbo,737f7a7ea67832d7f17517326fb2491d0a086dd7,dubbo-rpc/dubbo-rpc-dubbo,org.apache.dubbo.rpc.protocol.dubbo.telnet.PortTelnetHandlerTest.testListAllPort,OD-Vic,Accepted,https://github.com/apache/dubbo/pull/2906
https://github.com/apache/dubbo,737f7a7ea67832d7f17517326fb2491d0a086dd7,dubbo-rpc/dubbo-rpc-dubbo,org.apache.dubbo.rpc.protocol.dubbo.telnet.PortTelnetHandlerTest.testListDetail,OD-Vic,Accepted,https://github.com/apache/dubbo/pull/2906
https://github.com/apache/dubbo,737f7a7ea67832d7f17517326fb2491d0a086dd7,dubbo-rpc/dubbo-rpc-api,org.apache.dubbo.rpc.proxy.javassist.JavassistProxyFactoryTest.testGetInvoker,OD-Vic,Accepted,https://github.com/apache/dubbo/pull/6314
https://github.com/apache/dubbo,737f7a7ea67832d7f17517326fb2491d0a086dd7,dubbo-rpc/dubbo-rpc-api,org.apache.dubbo.rpc.proxy.jdk.JdkProxyFactoryTest.testGetInvoker,OD-Vic,Accepted,https://github.com/apache/dubbo/pull/6314
https://github.com/apache/geronimo-batchee,0071edabb6b340cc16f8e9d0e17ff25720b4d0fe,tools/cli,org.apache.batchee.cli.MainTest.executions,OD,FixedOrder,
https://github.com/apache/hadoop,a585a73c3e02ac62350c136643a5e7f6095a3dbb,hadoop-common-project/hadoop-kms,org.apache.hadoop.crypto.key.kms.server.TestKMS.testStartStopHttpPseudo,OD,,
https://github.com/apache/hadoop,a585a73c3e02ac62350c136643a5e7f6095a3dbb,hadoop-common-project/hadoop-kms,org.apache.hadoop.crypto.key.kms.server.TestKMSAudit.testAggregationUnauth,OD,,
https://github.com/apache/hadoop,a585a73c3e02ac62350c136643a5e7f6095a3dbb,hadoop-hdfs-project/hadoop-hdfs-httpfs,org.apache.hadoop.fs.http.server.TestHttpFSAccessControlled.testAcessControlledFS,OD,,
https://github.com/apache/hadoop,cc2babc1f75c93bf89a8f10da525f944c15d02ea,hadoop-hdfs-project/hadoop-hdfs-httpfs,org.apache.hadoop.fs.http.server.TestHttpFSServer.instrumentation,OD,,
https://github.com/apache/hadoop,a585a73c3e02ac62350c136643a5e7f6095a3dbb,hadoop-hdfs-project/hadoop-hdfs-httpfs,org.apache.hadoop.fs.http.server.TestHttpFSServer.testAccess,OD,,
https://github.com/apache/hadoop,a585a73c3e02ac62350c136643a5e7f6095a3dbb,hadoop-hdfs-project/hadoop-hdfs-httpfs,org.apache.hadoop.fs.http.server.TestHttpFSServer.testContentType,OD,,
https://github.com/apache/hadoop,cc2babc1f75c93bf89a8f10da525f944c15d02ea,hadoop-hdfs-project/hadoop-hdfs-httpfs,org.apache.hadoop.fs.http.server.TestHttpFSServer.testCreateFileWithUnmaskedPermissions,OD,,
https://github.com/apache/hadoop,cc2babc1f75c93bf89a8f10da525f944c15d02ea,hadoop-hdfs-project/hadoop-hdfs-httpfs,org.apache.hadoop.fs.http.server.TestHttpFSServer.testCreateSnapshotNoSnapshotName,OD,,
https://github.com/apache/hadoop,a585a73c3e02ac62350c136643a5e7f6095a3dbb,hadoop-hdfs-project/hadoop-hdfs-httpfs,org.apache.hadoop.fs.http.server.TestHttpFSServer.testCustomizedUserAndGroupNames,OD,,
https://github.com/apache/hadoop,cc2babc1f75c93bf89a8f10da525f944c15d02ea,hadoop-hdfs-project/hadoop-hdfs-httpfs,org.apache.hadoop.fs.http.server.TestHttpFSServer.testDelegationTokenOperations,OD,,
https://github.com/apache/hadoop,cc2babc1f75c93bf89a8f10da525f944c15d02ea,hadoop-hdfs-project/hadoop-hdfs-httpfs,org.apache.hadoop.fs.http.server.TestHttpFSServer.testDeleteSnapshot,OD,,
https://github.com/apache/hadoop,a585a73c3e02ac62350c136643a5e7f6095a3dbb,hadoop-hdfs-project/hadoop-hdfs-httpfs,org.apache.hadoop.fs.http.server.TestHttpFSServer.testECPolicy,OD,,
https://github.com/apache/hadoop,a585a73c3e02ac62350c136643a5e7f6095a3dbb,hadoop-hdfs-project/hadoop-hdfs-httpfs,org.apache.hadoop.fs.http.server.TestHttpFSServer.testErasureCodingPolicy,OD,,
https://github.com/apache/hadoop,cc2babc1f75c93bf89a8f10da525f944c15d02ea,hadoop-hdfs-project/hadoop-hdfs-httpfs,org.apache.hadoop.fs.http.server.TestHttpFSServer.testFileAcls,OD,,
https://github.com/apache/hadoop,a585a73c3e02ac62350c136643a5e7f6095a3dbb,hadoop-hdfs-project/hadoop-hdfs-httpfs,org.apache.hadoop.fs.http.server.TestHttpFSServer.testGetServerDefaults,OD,,
https://github.com/apache/hadoop,cc2babc1f75c93bf89a8f10da525f944c15d02ea,hadoop-hdfs-project/hadoop-hdfs-httpfs,org.apache.hadoop.fs.http.server.TestHttpFSServer.testGetSnapshotDiff,OD,,
https://github.com/apache/hadoop,a585a73c3e02ac62350c136643a5e7f6095a3dbb,hadoop-hdfs-project/hadoop-hdfs-httpfs,org.apache.hadoop.fs.http.server.TestHttpFSServer.testGetSnapshottableDirectoryList,OD,,
https://github.com/apache/hadoop,cc2babc1f75c93bf89a8f10da525f944c15d02ea,hadoop-hdfs-project/hadoop-hdfs-httpfs,org.apache.hadoop.fs.http.server.TestHttpFSServer.testGetTrashRoot,OD,,
https://github.com/apache/hadoop,a585a73c3e02ac62350c136643a5e7f6095a3dbb,hadoop-hdfs-project/hadoop-hdfs-httpfs,org.apache.hadoop.fs.http.server.TestHttpFSServer.testGlobFilter,OD,,
https://github.com/apache/hadoop,a585a73c3e02ac62350c136643a5e7f6095a3dbb,hadoop-hdfs-project/hadoop-hdfs-httpfs,org.apache.hadoop.fs.http.server.TestHttpFSServer.testHdfsAccess,OD,,
https://github.com/apache/hadoop,a585a73c3e02ac62350c136643a5e7f6095a3dbb,hadoop-hdfs-project/hadoop-hdfs-httpfs,org.apache.hadoop.fs.http.server.TestHttpFSServer.testMkdirs,OD,,
https://github.com/apache/hadoop,cc2babc1f75c93bf89a8f10da525f944c15d02ea,hadoop-hdfs-project/hadoop-hdfs-httpfs,org.apache.hadoop.fs.http.server.TestHttpFSServer.testMkdirWithUnmaskedPermissions,OD,,
https://github.com/apache/hadoop,a585a73c3e02ac62350c136643a5e7f6095a3dbb,hadoop-hdfs-project/hadoop-hdfs-httpfs,org.apache.hadoop.fs.http.server.TestHttpFSServer.testNoRedirect,OD,,
https://github.com/apache/hadoop,a585a73c3e02ac62350c136643a5e7f6095a3dbb,hadoop-hdfs-project/hadoop-hdfs-httpfs,org.apache.hadoop.fs.http.server.TestHttpFSServer.testNoRedirectWithData,OD,,
https://github.com/apache/hadoop,cc2babc1f75c93bf89a8f10da525f944c15d02ea,hadoop-hdfs-project/hadoop-hdfs-httpfs,org.apache.hadoop.fs.http.server.TestHttpFSServer.testOpenOffsetLength,OD,,
https://github.com/apache/hadoop,cc2babc1f75c93bf89a8f10da525f944c15d02ea,hadoop-hdfs-project/hadoop-hdfs-httpfs,org.apache.hadoop.fs.http.server.TestHttpFSServer.testPerms,OD,,
https://github.com/apache/hadoop,a585a73c3e02ac62350c136643a5e7f6095a3dbb,hadoop-hdfs-project/hadoop-hdfs-httpfs,org.apache.hadoop.fs.http.server.TestHttpFSServer.testPutNoOperation,OD,,
https://github.com/apache/hadoop,a585a73c3e02ac62350c136643a5e7f6095a3dbb,hadoop-hdfs-project/hadoop-hdfs-httpfs,org.apache.hadoop.fs.http.server.TestHttpFSServer.testStoragePolicySatisfier,OD,,
https://github.com/apache/hadoop,cc2babc1f75c93bf89a8f10da525f944c15d02ea,hadoop-hdfs-project/hadoop-hdfs-httpfs,org.apache.hadoop.fs.http.server.TestHttpFSServer.testXAttrs,OD,,
https://github.com/apache/hadoop,cc2babc1f75c93bf89a8f10da525f944c15d02ea,hadoop-hdfs-project/hadoop-hdfs-httpfs,org.apache.hadoop.fs.http.server.TestHttpFSServerNoACLs.testWithNoAcls,OD,,
https://github.com/apache/hadoop,cc2babc1f75c93bf89a8f10da525f944c15d02ea,hadoop-hdfs-project/hadoop-hdfs-httpfs,org.apache.hadoop.fs.http.server.TestHttpFSServerNoXAttrs.testWithXAttrs,OD,,
https://github.com/apache/hadoop,a585a73c3e02ac62350c136643a5e7f6095a3dbb,hadoop-hdfs-project/hadoop-hdfs-client,org.apache.hadoop.hdfs.client.impl.TestLeaseRenewer.testDaemonThreadLeak,OD,,
https://github.com/apache/hadoop,a585a73c3e02ac62350c136643a5e7f6095a3dbb,hadoop-hdfs-project/hadoop-hdfs-nfs,org.apache.hadoop.hdfs.nfs.nfs3.TestReaddir.testReaddirBasic,OD,,
https://github.com/apache/hadoop,a585a73c3e02ac62350c136643a5e7f6095a3dbb,hadoop-hdfs-project/hadoop-hdfs-nfs,org.apache.hadoop.hdfs.nfs.nfs3.TestReaddir.testReaddirPlus,OD,,
https://github.com/apache/hadoop,cc2babc1f75c93bf89a8f10da525f944c15d02ea,hadoop-hdfs-project/hadoop-hdfs-nfs,org.apache.hadoop.hdfs.nfs.nfs3.TestRpcProgramNfs3.testAccess,OD-Vic,Accepted,https://github.com/apache/hadoop/pull/6329
https://github.com/apache/hadoop,cc2babc1f75c93bf89a8f10da525f944c15d02ea,hadoop-hdfs-project/hadoop-hdfs-nfs,org.apache.hadoop.hdfs.nfs.nfs3.TestRpcProgramNfs3.testCommit,OD-Vic,Accepted,https://github.com/apache/hadoop/pull/6329
https://github.com/apache/hadoop,cc2babc1f75c93bf89a8f10da525f944c15d02ea,hadoop-hdfs-project/hadoop-hdfs-nfs,org.apache.hadoop.hdfs.nfs.nfs3.TestRpcProgramNfs3.testCreate,OD-Vic,Accepted,https://github.com/apache/hadoop/pull/6329
https://github.com/apache/hadoop,a585a73c3e02ac62350c136643a5e7f6095a3dbb,hadoop-hdfs-project/hadoop-hdfs-nfs,org.apache.hadoop.hdfs.nfs.nfs3.TestRpcProgramNfs3.testEncryptedReadWrite,OD,Accepted,https://github.com/apache/hadoop/pull/6329
https://github.com/apache/hadoop,cc2babc1f75c93bf89a8f10da525f944c15d02ea,hadoop-hdfs-project/hadoop-hdfs-nfs,org.apache.hadoop.hdfs.nfs.nfs3.TestRpcProgramNfs3.testFsinfo,OD-Vic,Accepted,https://github.com/apache/hadoop/pull/6329
https://github.com/apache/hadoop,cc2babc1f75c93bf89a8f10da525f944c15d02ea,hadoop-hdfs-project/hadoop-hdfs-nfs,org.apache.hadoop.hdfs.nfs.nfs3.TestRpcProgramNfs3.testFsstat,OD-Vic,Accepted,https://github.com/apache/hadoop/pull/6329
https://github.com/apache/hadoop,cc2babc1f75c93bf89a8f10da525f944c15d02ea,hadoop-hdfs-project/hadoop-hdfs-nfs,org.apache.hadoop.hdfs.nfs.nfs3.TestRpcProgramNfs3.testGetattr,OD-Vic,Accepted,https://github.com/apache/hadoop/pull/6329
https://github.com/apache/hadoop,cc2babc1f75c93bf89a8f10da525f944c15d02ea,hadoop-hdfs-project/hadoop-hdfs-nfs,org.apache.hadoop.hdfs.nfs.nfs3.TestRpcProgramNfs3.testLookup,OD-Vic,Accepted,https://github.com/apache/hadoop/pull/6329
https://github.com/apache/hadoop,cc2babc1f75c93bf89a8f10da525f944c15d02ea,hadoop-hdfs-project/hadoop-hdfs-nfs,org.apache.hadoop.hdfs.nfs.nfs3.TestRpcProgramNfs3.testMkdir,OD-Vic,Accepted,https://github.com/apache/hadoop/pull/6329
https://github.com/apache/hadoop,cc2babc1f75c93bf89a8f10da525f944c15d02ea,hadoop-hdfs-project/hadoop-hdfs-nfs,org.apache.hadoop.hdfs.nfs.nfs3.TestRpcProgramNfs3.testPathconf,OD-Vic,Accepted,https://github.com/apache/hadoop/pull/6329
https://github.com/apache/hadoop,cc2babc1f75c93bf89a8f10da525f944c15d02ea,hadoop-hdfs-project/hadoop-hdfs-nfs,org.apache.hadoop.hdfs.nfs.nfs3.TestRpcProgramNfs3.testRead,OD-Vic,Accepted,https://github.com/apache/hadoop/pull/6329
https://github.com/apache/hadoop,cc2babc1f75c93bf89a8f10da525f944c15d02ea,hadoop-hdfs-project/hadoop-hdfs-nfs,org.apache.hadoop.hdfs.nfs.nfs3.TestRpcProgramNfs3.testReaddir,OD-Vic,Accepted,https://github.com/apache/hadoop/pull/6329
https://github.com/apache/hadoop,cc2babc1f75c93bf89a8f10da525f944c15d02ea,hadoop-hdfs-project/hadoop-hdfs-nfs,org.apache.hadoop.hdfs.nfs.nfs3.TestRpcProgramNfs3.testReaddirplus,OD-Vic,Accepted,https://github.com/apache/hadoop/pull/6329
https://github.com/apache/hadoop,cc2babc1f75c93bf89a8f10da525f944c15d02ea,hadoop-hdfs-project/hadoop-hdfs-nfs,org.apache.hadoop.hdfs.nfs.nfs3.TestRpcProgramNfs3.testReadlink,OD-Vic,Accepted,https://github.com/apache/hadoop/pull/6329
https://github.com/apache/hadoop,cc2babc1f75c93bf89a8f10da525f944c15d02ea,hadoop-hdfs-project/hadoop-hdfs-nfs,org.apache.hadoop.hdfs.nfs.nfs3.TestRpcProgramNfs3.testRemove,OD-Vic,Accepted,https://github.com/apache/hadoop/pull/6329
https://github.com/apache/hadoop,cc2babc1f75c93bf89a8f10da525f944c15d02ea,hadoop-hdfs-project/hadoop-hdfs-nfs,org.apache.hadoop.hdfs.nfs.nfs3.TestRpcProgramNfs3.testRename,OD-Vic,Accepted,https://github.com/apache/hadoop/pull/6329
https://github.com/apache/hadoop,cc2babc1f75c93bf89a8f10da525f944c15d02ea,hadoop-hdfs-project/hadoop-hdfs-nfs,org.apache.hadoop.hdfs.nfs.nfs3.TestRpcProgramNfs3.testRmdir,OD-Vic,Accepted,https://github.com/apache/hadoop/pull/6329
https://github.com/apache/hadoop,cc2babc1f75c93bf89a8f10da525f944c15d02ea,hadoop-hdfs-project/hadoop-hdfs-nfs,org.apache.hadoop.hdfs.nfs.nfs3.TestRpcProgramNfs3.testSetattr,OD-Vic,Accepted,https://github.com/apache/hadoop/pull/6329
https://github.com/apache/hadoop,cc2babc1f75c93bf89a8f10da525f944c15d02ea,hadoop-hdfs-project/hadoop-hdfs-nfs,org.apache.hadoop.hdfs.nfs.nfs3.TestRpcProgramNfs3.testSymlink,OD-Vic,Accepted,https://github.com/apache/hadoop/pull/6329
https://github.com/apache/hadoop,cc2babc1f75c93bf89a8f10da525f944c15d02ea,hadoop-hdfs-project/hadoop-hdfs-nfs,org.apache.hadoop.hdfs.nfs.nfs3.TestRpcProgramNfs3.testWrite,OD-Vic,Accepted,https://github.com/apache/hadoop/pull/6329
https://github.com/apache/hadoop,cc2babc1f75c93bf89a8f10da525f944c15d02ea,hadoop-hdfs-project/hadoop-hdfs-nfs,org.apache.hadoop.hdfs.nfs.nfs3.TestViewfsWithNfs3.testNfsAccessNN1,OD-Vic,,
https://github.com/apache/hadoop,cc2babc1f75c93bf89a8f10da525f944c15d02ea,hadoop-hdfs-project/hadoop-hdfs-nfs,org.apache.hadoop.hdfs.nfs.nfs3.TestViewfsWithNfs3.testNfsAccessNN2,OD-Vic,,
https://github.com/apache/hadoop,cc2babc1f75c93bf89a8f10da525f944c15d02ea,hadoop-hdfs-project/hadoop-hdfs-nfs,org.apache.hadoop.hdfs.nfs.nfs3.TestViewfsWithNfs3.testNfsWriteNN1,OD-Vic,,
https://github.com/apache/hadoop,cc2babc1f75c93bf89a8f10da525f944c15d02ea,hadoop-hdfs-project/hadoop-hdfs-nfs,org.apache.hadoop.hdfs.nfs.nfs3.TestViewfsWithNfs3.testNfsWriteNN2,OD-Vic,,
https://github.com/apache/hadoop,cc2babc1f75c93bf89a8f10da525f944c15d02ea,hadoop-hdfs-project/hadoop-hdfs-nfs,org.apache.hadoop.hdfs.nfs.nfs3.TestViewfsWithNfs3.testWrongNfsAccess,OD-Vic,,
https://github.com/apache/hadoop,cc2babc1f75c93bf89a8f10da525f944c15d02ea,hadoop-hdfs-project/hadoop-hdfs-nfs,org.apache.hadoop.hdfs.nfs.nfs3.TestWrites.testOOOWrites,OD-Vic,,
https://github.com/apache/hadoop,cc2babc1f75c93bf89a8f10da525f944c15d02ea,hadoop-hdfs-project/hadoop-hdfs-nfs,org.apache.hadoop.hdfs.nfs.nfs3.TestWrites.testOverlappingWrites,OD-Vic,,
https://github.com/apache/hadoop,cc2babc1f75c93bf89a8f10da525f944c15d02ea,hadoop-hdfs-project/hadoop-hdfs-nfs,org.apache.hadoop.hdfs.nfs.nfs3.TestWrites.testWriteStableHow,OD-Vic,,
https://github.com/apache/hadoop,a585a73c3e02ac62350c136643a5e7f6095a3dbb,hadoop-hdfs-project/hadoop-hdfs-client,org.apache.hadoop.hdfs.web.TestURLConnectionFactory.testSSLFactoryCleanup,OD,,
https://github.com/apache/hadoop,cc2babc1f75c93bf89a8f10da525f944c15d02ea,hadoop-hdfs-project/hadoop-hdfs-httpfs,org.apache.hadoop.lib.service.hadoop.TestFileSystemAccessService.createFileSystem,OD,,
https://github.com/apache/hadoop,a585a73c3e02ac62350c136643a5e7f6095a3dbb,hadoop-hdfs-project/hadoop-hdfs-httpfs,org.apache.hadoop.lib.service.hadoop.TestFileSystemAccessService.fileSystemExecutorException,OD,,
https://github.com/apache/hadoop,a585a73c3e02ac62350c136643a5e7f6095a3dbb,hadoop-hdfs-project/hadoop-hdfs-httpfs,org.apache.hadoop.lib.service.hadoop.TestFileSystemAccessService.fileSystemExecutorNoNameNode,OD,,
https://github.com/apache/hadoop,a585a73c3e02ac62350c136643a5e7f6095a3dbb,hadoop-tools/hadoop-gridmix,org.apache.hadoop.mapred.gridmix.TestGridMixClasses.testLoadJobLoadRecordReader,OD,,
https://github.com/apache/hadoop,a585a73c3e02ac62350c136643a5e7f6095a3dbb,hadoop-mapreduce-project/hadoop-mapreduce-client/hadoop-mapreduce-client-nativetask,org.apache.hadoop.mapred.nativetask.buffer.TestBufferPushPull.testPull,OD,,
https://github.com/apache/hadoop,a585a73c3e02ac62350c136643a5e7f6095a3dbb,hadoop-mapreduce-project/hadoop-mapreduce-client/hadoop-mapreduce-client-nativetask,org.apache.hadoop.mapred.nativetask.serde.TestKVSerializer.testDeserializer,OD,,
https://github.com/apache/hadoop,a585a73c3e02ac62350c136643a5e7f6095a3dbb,hadoop-mapreduce-project/hadoop-mapreduce-client/hadoop-mapreduce-client-nativetask,org.apache.hadoop.mapred.nativetask.serde.TestKVSerializer.testSerializeKV,OD,,
https://github.com/apache/hadoop,a585a73c3e02ac62350c136643a5e7f6095a3dbb,hadoop-mapreduce-project/hadoop-mapreduce-client/hadoop-mapreduce-client-nativetask,org.apache.hadoop.mapred.nativetask.serde.TestKVSerializer.testSerializeNoFlush,OD,,
https://github.com/apache/hadoop,a585a73c3e02ac62350c136643a5e7f6095a3dbb,hadoop-mapreduce-project/hadoop-mapreduce-client/hadoop-mapreduce-client-nativetask,org.apache.hadoop.mapred.nativetask.serde.TestKVSerializer.testSerializePartitionKV,OD,,
https://github.com/apache/hadoop,a585a73c3e02ac62350c136643a5e7f6095a3dbb,hadoop-mapreduce-project/hadoop-mapreduce-client/hadoop-mapreduce-client-nativetask,org.apache.hadoop.mapred.nativetask.serde.TestKVSerializer.testUpdateLength,OD,,
https://github.com/apache/hadoop,a585a73c3e02ac62350c136643a5e7f6095a3dbb,hadoop-mapreduce-project/hadoop-mapreduce-client/hadoop-mapreduce-client-core,org.apache.hadoop.mapred.TestIndexCache.testBadIndex,OD,,
https://github.com/apache/hadoop,a585a73c3e02ac62350c136643a5e7f6095a3dbb,hadoop-mapreduce-project/hadoop-mapreduce-client/hadoop-mapreduce-client-core,org.apache.hadoop.mapred.TestIndexCache.testCreateRace,OD,,
https://github.com/apache/hadoop,a585a73c3e02ac62350c136643a5e7f6095a3dbb,hadoop-mapreduce-project/hadoop-mapreduce-client/hadoop-mapreduce-client-core,org.apache.hadoop.mapred.TestIndexCache.testInvalidReduceNumberOrLength,OD,,
https://github.com/apache/hadoop,a585a73c3e02ac62350c136643a5e7f6095a3dbb,hadoop-mapreduce-project/hadoop-mapreduce-client/hadoop-mapreduce-client-core,org.apache.hadoop.mapred.TestIndexCache.testLRCPolicy,OD,,
https://github.com/apache/hadoop,a585a73c3e02ac62350c136643a5e7f6095a3dbb,hadoop-mapreduce-project/hadoop-mapreduce-client/hadoop-mapreduce-client-core,org.apache.hadoop.mapred.TestIndexCache.testRemoveMap,OD,,
https://github.com/apache/hadoop,a585a73c3e02ac62350c136643a5e7f6095a3dbb,hadoop-mapreduce-project/hadoop-mapreduce-client/hadoop-mapreduce-client-core,org.apache.hadoop.mapred.TestLineRecordReader.testUncompressedInput,OD,,
https://github.com/apache/hadoop,a585a73c3e02ac62350c136643a5e7f6095a3dbb,hadoop-mapreduce-project/hadoop-mapreduce-client/hadoop-mapreduce-client-core,org.apache.hadoop.mapred.TestLineRecordReader.testUncompressedInputContainingCRLF,OD,,
https://github.com/apache/hadoop,a585a73c3e02ac62350c136643a5e7f6095a3dbb,hadoop-mapreduce-project/hadoop-mapreduce-client/hadoop-mapreduce-client-core,org.apache.hadoop.mapred.TestLineRecordReader.testUncompressedInputCustomDelimiterPosValue,OD,,
https://github.com/apache/hadoop,a585a73c3e02ac62350c136643a5e7f6095a3dbb,hadoop-mapreduce-project/hadoop-mapreduce-client/hadoop-mapreduce-client-core,org.apache.hadoop.mapred.TestLineRecordReader.testUncompressedInputDefaultDelimiterPosValue,OD,,
https://github.com/apache/hadoop,a585a73c3e02ac62350c136643a5e7f6095a3dbb,hadoop-mapreduce-project/hadoop-mapreduce-client/hadoop-mapreduce-client-core,org.apache.hadoop.mapred.TestLineRecordReader.testUncompressedInputWithLargeSplitSize,OD,,
https://github.com/apache/hadoop,a585a73c3e02ac62350c136643a5e7f6095a3dbb,hadoop-mapreduce-project/hadoop-mapreduce-client/hadoop-mapreduce-client-core,org.apache.hadoop.mapred.TestLocatedFileStatusFetcher.testExecutorsShutDown,OD,,
https://github.com/apache/hadoop,a585a73c3e02ac62350c136643a5e7f6095a3dbb,hadoop-mapreduce-project/hadoop-mapreduce-client/hadoop-mapreduce-client-shuffle,org.apache.hadoop.mapred.TestShuffleHandler.testSendMapCount,OD,,
https://github.com/apache/hadoop,a585a73c3e02ac62350c136643a5e7f6095a3dbb,hadoop-mapreduce-project/hadoop-mapreduce-client/hadoop-mapreduce-client-core,org.apache.hadoop.mapred.TestTaskLog.testTaskLog,OD,,
https://github.com/apache/hadoop,a585a73c3e02ac62350c136643a5e7f6095a3dbb,hadoop-mapreduce-project/hadoop-mapreduce-client/hadoop-mapreduce-client-core,org.apache.hadoop.mapred.TestTaskProgressReporter.testBytesWrittenExceedingLimit,OD,,
https://github.com/apache/hadoop,a585a73c3e02ac62350c136643a5e7f6095a3dbb,hadoop-mapreduce-project/hadoop-mapreduce-client/hadoop-mapreduce-client-core,org.apache.hadoop.mapred.TestTaskProgressReporter.testScratchDirSize,OD,,
https://github.com/apache/hadoop,a585a73c3e02ac62350c136643a5e7f6095a3dbb,hadoop-mapreduce-project/hadoop-mapreduce-client/hadoop-mapreduce-client-app,org.apache.hadoop.mapreduce.jobhistory.TestJobHistoryEventHandler.testAMStartedEvent,OD,,
https://github.com/apache/hadoop,a585a73c3e02ac62350c136643a5e7f6095a3dbb,hadoop-mapreduce-project/hadoop-mapreduce-client/hadoop-mapreduce-client-app,org.apache.hadoop.mapreduce.jobhistory.TestJobHistoryEventHandler.testBatchedFlushJobEndMultiplier,OD,,
https://github.com/apache/hadoop,a585a73c3e02ac62350c136643a5e7f6095a3dbb,hadoop-mapreduce-project/hadoop-mapreduce-client/hadoop-mapreduce-client-app,org.apache.hadoop.mapreduce.jobhistory.TestJobHistoryEventHandler.testCountersToJSON,OD,,
https://github.com/apache/hadoop,a585a73c3e02ac62350c136643a5e7f6095a3dbb,hadoop-mapreduce-project/hadoop-mapreduce-client/hadoop-mapreduce-client-app,org.apache.hadoop.mapreduce.jobhistory.TestJobHistoryEventHandler.testCountersToJSONEmpty,OD,,
https://github.com/apache/hadoop,a585a73c3e02ac62350c136643a5e7f6095a3dbb,hadoop-mapreduce-project/hadoop-mapreduce-client/hadoop-mapreduce-client-app,org.apache.hadoop.mapreduce.jobhistory.TestJobHistoryEventHandler.testDontSetTrackingURLIfHistoryWriteFailed,OD,,
https://github.com/apache/hadoop,a585a73c3e02ac62350c136643a5e7f6095a3dbb,hadoop-mapreduce-project/hadoop-mapreduce-client/hadoop-mapreduce-client-app,org.apache.hadoop.mapreduce.jobhistory.TestJobHistoryEventHandler.testDontSetTrackingURLIfHistoryWriteThrows,OD,,
https://github.com/apache/hadoop,a585a73c3e02ac62350c136643a5e7f6095a3dbb,hadoop-mapreduce-project/hadoop-mapreduce-client/hadoop-mapreduce-client-app,org.apache.hadoop.mapreduce.jobhistory.TestJobHistoryEventHandler.testFirstFlushOnCompletionEvent,OD,,
https://github.com/apache/hadoop,a585a73c3e02ac62350c136643a5e7f6095a3dbb,hadoop-mapreduce-project/hadoop-mapreduce-client/hadoop-mapreduce-client-app,org.apache.hadoop.mapreduce.jobhistory.TestJobHistoryEventHandler.testMaxUnflushedCompletionEvents,OD,,
https://github.com/apache/hadoop,a585a73c3e02ac62350c136643a5e7f6095a3dbb,hadoop-mapreduce-project/hadoop-mapreduce-client/hadoop-mapreduce-client-app,org.apache.hadoop.mapreduce.jobhistory.TestJobHistoryEventHandler.testProcessDoneFilesNotLastAMRetry,OD,,
https://github.com/apache/hadoop,a585a73c3e02ac62350c136643a5e7f6095a3dbb,hadoop-mapreduce-project/hadoop-mapreduce-client/hadoop-mapreduce-client-app,org.apache.hadoop.mapreduce.jobhistory.TestJobHistoryEventHandler.testProcessDoneFilesOnLastAMRetry,OD,,
https://github.com/apache/hadoop,a585a73c3e02ac62350c136643a5e7f6095a3dbb,hadoop-mapreduce-project/hadoop-mapreduce-client/hadoop-mapreduce-client-app,org.apache.hadoop.mapreduce.jobhistory.TestJobHistoryEventHandler.testPropertyRedactionForJHS,OD,,
https://github.com/apache/hadoop,a585a73c3e02ac62350c136643a5e7f6095a3dbb,hadoop-mapreduce-project/hadoop-mapreduce-client/hadoop-mapreduce-client-app,org.apache.hadoop.mapreduce.jobhistory.TestJobHistoryEventHandler.testSetTrackingURLAfterHistoryIsWritten,OD,,
https://github.com/apache/hadoop,a585a73c3e02ac62350c136643a5e7f6095a3dbb,hadoop-mapreduce-project/hadoop-mapreduce-client/hadoop-mapreduce-client-app,org.apache.hadoop.mapreduce.jobhistory.TestJobHistoryEventHandler.testUnflushedTimer,OD,,
https://github.com/apache/hadoop,a585a73c3e02ac62350c136643a5e7f6095a3dbb,hadoop-mapreduce-project/hadoop-mapreduce-client/hadoop-mapreduce-client-core,org.apache.hadoop.mapreduce.lib.db.TestSplitters.testBooleanSplitter,OD,,
https://github.com/apache/hadoop,cc2babc1f75c93bf89a8f10da525f944c15d02ea,hadoop-mapreduce-project/hadoop-mapreduce-client/hadoop-mapreduce-client-core,org.apache.hadoop.mapreduce.lib.input.TestLineRecordReader.testUncompressedInput,OD-Vic,,
https://github.com/apache/hadoop,cc2babc1f75c93bf89a8f10da525f944c15d02ea,hadoop-mapreduce-project/hadoop-mapreduce-client/hadoop-mapreduce-client-core,org.apache.hadoop.mapreduce.lib.input.TestLineRecordReader.testUncompressedInputContainingCRLF,OD-Vic,,
https://github.com/apache/hadoop,cc2babc1f75c93bf89a8f10da525f944c15d02ea,hadoop-mapreduce-project/hadoop-mapreduce-client/hadoop-mapreduce-client-core,org.apache.hadoop.mapreduce.lib.input.TestLineRecordReader.testUncompressedInputCustomDelimiterPosValue,OD-Vic,,
https://github.com/apache/hadoop,cc2babc1f75c93bf89a8f10da525f944c15d02ea,hadoop-mapreduce-project/hadoop-mapreduce-client/hadoop-mapreduce-client-core,org.apache.hadoop.mapreduce.lib.input.TestLineRecordReader.testUncompressedInputDefaultDelimiterPosValue,OD-Vic,,
https://github.com/apache/hadoop,a585a73c3e02ac62350c136643a5e7f6095a3dbb,hadoop-mapreduce-project/hadoop-mapreduce-client/hadoop-mapreduce-client-core,org.apache.hadoop.mapreduce.security.TestTokenCache.testBinaryCredentialsWithoutScheme,OD,,
https://github.com/apache/hadoop,a585a73c3e02ac62350c136643a5e7f6095a3dbb,hadoop-mapreduce-project/hadoop-mapreduce-client/hadoop-mapreduce-client-core,org.apache.hadoop.mapreduce.security.TestTokenCache.testBinaryCredentialsWithScheme,OD,,
https://github.com/apache/hadoop,a585a73c3e02ac62350c136643a5e7f6095a3dbb,hadoop-mapreduce-project/hadoop-mapreduce-client/hadoop-mapreduce-client-core,org.apache.hadoop.mapreduce.security.TestTokenCache.testGetTokensForNamenodes,OD,,
https://github.com/apache/hadoop,a585a73c3e02ac62350c136643a5e7f6095a3dbb,hadoop-mapreduce-project/hadoop-mapreduce-client/hadoop-mapreduce-client-core,org.apache.hadoop.mapreduce.split.TestJobSplitWriter.testMaxBlockLocationsNewSplits,OD,,
https://github.com/apache/hadoop,a585a73c3e02ac62350c136643a5e7f6095a3dbb,hadoop-mapreduce-project/hadoop-mapreduce-client/hadoop-mapreduce-client-core,org.apache.hadoop.mapreduce.split.TestJobSplitWriter.testMaxBlockLocationsOldSplits,OD,,
https://github.com/apache/hadoop,a585a73c3e02ac62350c136643a5e7f6095a3dbb,hadoop-mapreduce-project/hadoop-mapreduce-client/hadoop-mapreduce-client-core,org.apache.hadoop.mapreduce.split.TestJobSplitWriterWithEC.testMaxBlockLocationsNewSplitsWithErasureCoding,OD,,
https://github.com/apache/hadoop,a585a73c3e02ac62350c136643a5e7f6095a3dbb,hadoop-mapreduce-project/hadoop-mapreduce-client/hadoop-mapreduce-client-core,org.apache.hadoop.mapreduce.split.TestJobSplitWriterWithEC.testMaxBlockLocationsOldSplitsWithErasureCoding,OD,,
https://github.com/apache/hadoop,a585a73c3e02ac62350c136643a5e7f6095a3dbb,hadoop-mapreduce-project/hadoop-mapreduce-client/hadoop-mapreduce-client-core,org.apache.hadoop.mapreduce.task.reduce.TestFetcher.testCorruptedIFile,OD,,
https://github.com/apache/hadoop,a585a73c3e02ac62350c136643a5e7f6095a3dbb,hadoop-mapreduce-project/hadoop-mapreduce-client/hadoop-mapreduce-client-core,org.apache.hadoop.mapreduce.task.reduce.TestMergeManager.testLargeMemoryLimits,OD,,
https://github.com/apache/hadoop,a585a73c3e02ac62350c136643a5e7f6095a3dbb,hadoop-mapreduce-project/hadoop-mapreduce-client/hadoop-mapreduce-client-core,org.apache.hadoop.mapreduce.task.reduce.TestMergeManager.testOnDiskMerger,OD,,
https://github.com/apache/hadoop,a585a73c3e02ac62350c136643a5e7f6095a3dbb,hadoop-mapreduce-project/hadoop-mapreduce-client/hadoop-mapreduce-client-core,org.apache.hadoop.mapreduce.task.reduce.TestMergeManager.testZeroShuffleMemoryLimitPercent,OD,,
https://github.com/apache/hadoop,a585a73c3e02ac62350c136643a5e7f6095a3dbb,hadoop-mapreduce-project/hadoop-mapreduce-client/hadoop-mapreduce-client-core,org.apache.hadoop.mapreduce.task.reduce.TestMerger.testCompressed,OD,,
https://github.com/apache/hadoop,a585a73c3e02ac62350c136643a5e7f6095a3dbb,hadoop-mapreduce-project/hadoop-mapreduce-client/hadoop-mapreduce-client-core,org.apache.hadoop.mapreduce.task.reduce.TestMerger.testEncryptedMerger,OD,,
https://github.com/apache/hadoop,a585a73c3e02ac62350c136643a5e7f6095a3dbb,hadoop-mapreduce-project/hadoop-mapreduce-client/hadoop-mapreduce-client-core,org.apache.hadoop.mapreduce.task.reduce.TestMerger.testInMemoryAndOnDiskMerger,OD,,
https://github.com/apache/hadoop,a585a73c3e02ac62350c136643a5e7f6095a3dbb,hadoop-mapreduce-project/hadoop-mapreduce-client/hadoop-mapreduce-client-core,org.apache.hadoop.mapreduce.task.reduce.TestMerger.testUncompressed,OD,,
https://github.com/apache/hadoop,a585a73c3e02ac62350c136643a5e7f6095a3dbb,hadoop-mapreduce-project/hadoop-mapreduce-client/hadoop-mapreduce-client-core,org.apache.hadoop.mapreduce.TestJobResourceUploader.testAllDefaults,OD,,
https://github.com/apache/hadoop,a585a73c3e02ac62350c136643a5e7f6095a3dbb,hadoop-mapreduce-project/hadoop-mapreduce-client/hadoop-mapreduce-client-core,org.apache.hadoop.mapreduce.TestJobResourceUploader.testAtResourceLimit,OD,,
https://github.com/apache/hadoop,a585a73c3e02ac62350c136643a5e7f6095a3dbb,hadoop-mapreduce-project/hadoop-mapreduce-client/hadoop-mapreduce-client-core,org.apache.hadoop.mapreduce.TestJobResourceUploader.testAtResourcesMBLimit,OD,,
https://github.com/apache/hadoop,a585a73c3e02ac62350c136643a5e7f6095a3dbb,hadoop-mapreduce-project/hadoop-mapreduce-client/hadoop-mapreduce-client-core,org.apache.hadoop.mapreduce.TestJobResourceUploader.testAtSingleResourceMBLimit,OD,,
https://github.com/apache/hadoop,a585a73c3e02ac62350c136643a5e7f6095a3dbb,hadoop-mapreduce-project/hadoop-mapreduce-client/hadoop-mapreduce-client-core,org.apache.hadoop.mapreduce.TestJobResourceUploader.testNoLimitsWithResources,OD,,
https://github.com/apache/hadoop,a585a73c3e02ac62350c136643a5e7f6095a3dbb,hadoop-mapreduce-project/hadoop-mapreduce-client/hadoop-mapreduce-client-core,org.apache.hadoop.mapreduce.TestJobResourceUploader.testOverResourceLimit,OD,,
https://github.com/apache/hadoop,a585a73c3e02ac62350c136643a5e7f6095a3dbb,hadoop-mapreduce-project/hadoop-mapreduce-client/hadoop-mapreduce-client-core,org.apache.hadoop.mapreduce.TestJobResourceUploader.testOverResourcesMBLimit,OD,,
https://github.com/apache/hadoop,a585a73c3e02ac62350c136643a5e7f6095a3dbb,hadoop-mapreduce-project/hadoop-mapreduce-client/hadoop-mapreduce-client-core,org.apache.hadoop.mapreduce.TestJobResourceUploader.testOverSingleResourceMBLimit,OD,,
https://github.com/apache/hadoop,a585a73c3e02ac62350c136643a5e7f6095a3dbb,hadoop-mapreduce-project/hadoop-mapreduce-client/hadoop-mapreduce-client-core,org.apache.hadoop.mapreduce.TestJobResourceUploader.testPathsWithFragNoSchemeAbsolute,OD,,
https://github.com/apache/hadoop,a585a73c3e02ac62350c136643a5e7f6095a3dbb,hadoop-mapreduce-project/hadoop-mapreduce-client/hadoop-mapreduce-client-core,org.apache.hadoop.mapreduce.TestJobResourceUploader.testPathsWithFragNoSchemeRelative,OD,,
https://github.com/apache/hadoop,a585a73c3e02ac62350c136643a5e7f6095a3dbb,hadoop-mapreduce-project/hadoop-mapreduce-client/hadoop-mapreduce-client-core,org.apache.hadoop.mapreduce.TestJobResourceUploader.testPathsWithFragsAndWildCard,OD,,
https://github.com/apache/hadoop,a585a73c3e02ac62350c136643a5e7f6095a3dbb,hadoop-mapreduce-project/hadoop-mapreduce-client/hadoop-mapreduce-client-core,org.apache.hadoop.mapreduce.TestJobResourceUploader.testPathsWithFragSchemeAbsolute,OD,,
https://github.com/apache/hadoop,a585a73c3e02ac62350c136643a5e7f6095a3dbb,hadoop-mapreduce-project/hadoop-mapreduce-client/hadoop-mapreduce-client-core,org.apache.hadoop.mapreduce.TestJobResourceUploader.testPathsWithNoFragAndWildCard,OD,,
https://github.com/apache/hadoop,a585a73c3e02ac62350c136643a5e7f6095a3dbb,hadoop-mapreduce-project/hadoop-mapreduce-client/hadoop-mapreduce-client-core,org.apache.hadoop.mapreduce.TestJobResourceUploader.testPathsWithNoFragNoSchemeAbsolute,OD,,
https://github.com/apache/hadoop,a585a73c3e02ac62350c136643a5e7f6095a3dbb,hadoop-mapreduce-project/hadoop-mapreduce-client/hadoop-mapreduce-client-core,org.apache.hadoop.mapreduce.TestJobResourceUploader.testPathsWithNoFragNoSchemeRelative,OD,,
https://github.com/apache/hadoop,a585a73c3e02ac62350c136643a5e7f6095a3dbb,hadoop-mapreduce-project/hadoop-mapreduce-client/hadoop-mapreduce-client-core,org.apache.hadoop.mapreduce.TestJobResourceUploader.testPathsWithNoFragWithSchemeAbsolute,OD,,
https://github.com/apache/hadoop,a585a73c3e02ac62350c136643a5e7f6095a3dbb,hadoop-mapreduce-project/hadoop-mapreduce-client/hadoop-mapreduce-client-core,org.apache.hadoop.mapreduce.TestJobResourceUploader.testStringToPath,OD,,
https://github.com/apache/hadoop,a585a73c3e02ac62350c136643a5e7f6095a3dbb,hadoop-mapreduce-project/hadoop-mapreduce-client/hadoop-mapreduce-client-core,org.apache.hadoop.mapreduce.TestJobResourceUploaderWithSharedCache.testSharedCacheArchivesAndLibjarsEnabled,OD,,
https://github.com/apache/hadoop,a585a73c3e02ac62350c136643a5e7f6095a3dbb,hadoop-mapreduce-project/hadoop-mapreduce-client/hadoop-mapreduce-client-core,org.apache.hadoop.mapreduce.TestJobResourceUploaderWithSharedCache.testSharedCacheDisabled,OD,,
https://github.com/apache/hadoop,a585a73c3e02ac62350c136643a5e7f6095a3dbb,hadoop-mapreduce-project/hadoop-mapreduce-client/hadoop-mapreduce-client-core,org.apache.hadoop.mapreduce.TestJobResourceUploaderWithSharedCache.testSharedCacheEnabled,OD,,
https://github.com/apache/hadoop,a585a73c3e02ac62350c136643a5e7f6095a3dbb,hadoop-mapreduce-project/hadoop-mapreduce-client/hadoop-mapreduce-client-core,org.apache.hadoop.mapreduce.TestJobResourceUploaderWithSharedCache.testSharedCacheEnabledWithJobJarInSharedCache,OD,,
https://github.com/apache/hadoop,a585a73c3e02ac62350c136643a5e7f6095a3dbb,hadoop-mapreduce-project/hadoop-mapreduce-client/hadoop-mapreduce-client-app,org.apache.hadoop.mapreduce.v2.app.metrics.TestMRAppMetrics.testNames,OD,,
https://github.com/apache/hadoop,a585a73c3e02ac62350c136643a5e7f6095a3dbb,hadoop-mapreduce-project/hadoop-mapreduce-client/hadoop-mapreduce-client-app,org.apache.hadoop.mapreduce.v2.app.rm.TestRMContainerAllocator.testReportedAppProgress,OD,,
https://github.com/apache/hadoop,a585a73c3e02ac62350c136643a5e7f6095a3dbb,hadoop-mapreduce-project/hadoop-mapreduce-client/hadoop-mapreduce-client-app,org.apache.hadoop.mapreduce.v2.app.TestAMInfos.testAMInfosWithoutRecoveryEnabled,OD,,
https://github.com/apache/hadoop,a585a73c3e02ac62350c136643a5e7f6095a3dbb,hadoop-mapreduce-project/hadoop-mapreduce-client/hadoop-mapreduce-client-app,org.apache.hadoop.mapreduce.v2.app.TestFetchFailure.testFetchFailureWithRecovery,OD,,
https://github.com/apache/hadoop,a585a73c3e02ac62350c136643a5e7f6095a3dbb,hadoop-mapreduce-project/hadoop-mapreduce-client/hadoop-mapreduce-client-app,org.apache.hadoop.mapreduce.v2.app.TestMRAppComponentDependencies.testComponentStopOrder,OD,,
https://github.com/apache/hadoop,cc2babc1f75c93bf89a8f10da525f944c15d02ea,hadoop-mapreduce-project/hadoop-mapreduce-client/hadoop-mapreduce-client-app,org.apache.hadoop.mapreduce.v2.app.TestMRAppMaster.testMRAppMasterFailLock,OD-Vic,,
https://github.com/apache/hadoop,cc2babc1f75c93bf89a8f10da525f944c15d02ea,hadoop-mapreduce-project/hadoop-mapreduce-client/hadoop-mapreduce-client-app,org.apache.hadoop.mapreduce.v2.app.TestMRAppMaster.testMRAppMasterMidLock,OD-Vic,,
https://github.com/apache/hadoop,cc2babc1f75c93bf89a8f10da525f944c15d02ea,hadoop-mapreduce-project/hadoop-mapreduce-client/hadoop-mapreduce-client-app,org.apache.hadoop.mapreduce.v2.app.TestMRAppMaster.testMRAppMasterSuccessLock,OD-Vic,,
https://github.com/apache/hadoop,a585a73c3e02ac62350c136643a5e7f6095a3dbb,hadoop-mapreduce-project/hadoop-mapreduce-client/hadoop-mapreduce-client-app,org.apache.hadoop.mapreduce.v2.app.TestTaskHeartbeatHandler.testTaskStuck,OD,,
https://github.com/apache/hadoop,a585a73c3e02ac62350c136643a5e7f6095a3dbb,hadoop-mapreduce-project/hadoop-mapreduce-client/hadoop-mapreduce-client-app,org.apache.hadoop.mapreduce.v2.app.webapp.TestAMWebServicesJobConf.testJobConfXML,OD,,
https://github.com/apache/hadoop,a585a73c3e02ac62350c136643a5e7f6095a3dbb,hadoop-mapreduce-project/hadoop-mapreduce-client/hadoop-mapreduce-client-hs,org.apache.hadoop.mapreduce.v2.hs.TestHistoryFileManager.testCreateDirsWithFileSystem,OD,,
https://github.com/apache/hadoop,a585a73c3e02ac62350c136643a5e7f6095a3dbb,hadoop-mapreduce-project/hadoop-mapreduce-client/hadoop-mapreduce-client-hs,org.apache.hadoop.mapreduce.v2.hs.TestHistoryFileManager.testCreateDirsWithFileSystemBecomingAvailBeforeTimeout,OD,,
https://github.com/apache/hadoop,a585a73c3e02ac62350c136643a5e7f6095a3dbb,hadoop-mapreduce-project/hadoop-mapreduce-client/hadoop-mapreduce-client-hs,org.apache.hadoop.mapreduce.v2.hs.TestHistoryFileManager.testCreateDirsWithFileSystemInSafeMode,OD,,
https://github.com/apache/hadoop,a585a73c3e02ac62350c136643a5e7f6095a3dbb,hadoop-mapreduce-project/hadoop-mapreduce-client/hadoop-mapreduce-client-hs,org.apache.hadoop.mapreduce.v2.hs.TestHistoryFileManager.testCreateDirsWithFileSystemNotBecomingAvailBeforeTimeout,OD,,
https://github.com/apache/hadoop,a585a73c3e02ac62350c136643a5e7f6095a3dbb,hadoop-mapreduce-project/hadoop-mapreduce-client/hadoop-mapreduce-client-hs,org.apache.hadoop.mapreduce.v2.hs.TestHistoryFileManager.testCreateDirsWithoutFileSystem,OD,,
https://github.com/apache/hadoop,a585a73c3e02ac62350c136643a5e7f6095a3dbb,hadoop-mapreduce-project/hadoop-mapreduce-client/hadoop-mapreduce-client-hs,org.apache.hadoop.mapreduce.v2.hs.TestHistoryFileManager.testHistoryFileInfoLoadNormalSizedJobShouldReturnCompletedJob,OD,,
https://github.com/apache/hadoop,a585a73c3e02ac62350c136643a5e7f6095a3dbb,hadoop-mapreduce-project/hadoop-mapreduce-client/hadoop-mapreduce-client-hs,org.apache.hadoop.mapreduce.v2.hs.TestHistoryFileManager.testHistoryFileInfoLoadOversizedJobShouldReturnUnParsedJob,OD,,
https://github.com/apache/hadoop,a585a73c3e02ac62350c136643a5e7f6095a3dbb,hadoop-mapreduce-project/hadoop-mapreduce-client/hadoop-mapreduce-client-hs,org.apache.hadoop.mapreduce.v2.hs.TestHistoryFileManager.testHistoryFileInfoShouldReturnCompletedJobIfMaxNotConfiged,OD,,
https://github.com/apache/hadoop,a585a73c3e02ac62350c136643a5e7f6095a3dbb,hadoop-mapreduce-project/hadoop-mapreduce-client/hadoop-mapreduce-client-hs,org.apache.hadoop.mapreduce.v2.hs.TestHistoryFileManager.testHistoryFileInfoSummaryFileNotExist,OD,,
https://github.com/apache/hadoop,a585a73c3e02ac62350c136643a5e7f6095a3dbb,hadoop-mapreduce-project/hadoop-mapreduce-client/hadoop-mapreduce-client-hs,org.apache.hadoop.mapreduce.v2.hs.TestHistoryFileManager.testMoveToDoneAlreadyMovedSucceeds,OD,,
https://github.com/apache/hadoop,a585a73c3e02ac62350c136643a5e7f6095a3dbb,hadoop-mapreduce-project/hadoop-mapreduce-client/hadoop-mapreduce-client-hs,org.apache.hadoop.mapreduce.v2.hs.TestHistoryFileManager.testScanDirectory,OD,,
https://github.com/apache/hadoop,cc2babc1f75c93bf89a8f10da525f944c15d02ea,hadoop-mapreduce-project/hadoop-mapreduce-client/hadoop-mapreduce-client-hs,org.apache.hadoop.mapreduce.v2.hs.TestJobHistoryParsing.testHistoryParsing,OD-Vic,,
https://github.com/apache/hadoop,cc2babc1f75c93bf89a8f10da525f944c15d02ea,hadoop-mapreduce-project/hadoop-mapreduce-client/hadoop-mapreduce-client-hs,org.apache.hadoop.mapreduce.v2.hs.TestJobHistoryParsing.testHistoryParsingForFailedAttempts,OD-Vic,,
https://github.com/apache/hadoop,a585a73c3e02ac62350c136643a5e7f6095a3dbb,hadoop-common-project/hadoop-minikdc,org.apache.hadoop.minikdc.TestChangeOrgNameAndDomain.testKerberosLogin,OD,,
https://github.com/apache/hadoop,a585a73c3e02ac62350c136643a5e7f6095a3dbb,hadoop-common-project/hadoop-minikdc,org.apache.hadoop.minikdc.TestMiniKdc.testKerberosLogin,OD,,
https://github.com/apache/hadoop,a585a73c3e02ac62350c136643a5e7f6095a3dbb,hadoop-common-project/hadoop-registry,org.apache.hadoop.registry.cli.TestRegistryCli.testBadPath,OD,,
https://github.com/apache/hadoop,a585a73c3e02ac62350c136643a5e7f6095a3dbb,hadoop-common-project/hadoop-registry,org.apache.hadoop.registry.cli.TestRegistryCli.testNotExistingPaths,OD,,
https://github.com/apache/hadoop,a585a73c3e02ac62350c136643a5e7f6095a3dbb,hadoop-common-project/hadoop-registry,org.apache.hadoop.registry.cli.TestRegistryCli.testValidCommands,OD,,
https://github.com/apache/hadoop,cc2babc1f75c93bf89a8f10da525f944c15d02ea,hadoop-yarn-project/hadoop-yarn/hadoop-yarn-registry,org.apache.hadoop.registry.client.binding.TestRegistryOperationUtils.testUsernameExtractionEnvVarOverrride,OD,Opened,https://github.com/apache/hadoop/pull/3656
https://github.com/apache/hadoop,a585a73c3e02ac62350c136643a5e7f6095a3dbb,hadoop-common-project/hadoop-registry,org.apache.hadoop.registry.operations.TestRegistryOperations.testComplexUsernames,OD,,
https://github.com/apache/hadoop,a585a73c3e02ac62350c136643a5e7f6095a3dbb,hadoop-common-project/hadoop-registry,org.apache.hadoop.registry.operations.TestRegistryOperations.testDeleteNonEmpty,OD,,
https://github.com/apache/hadoop,a585a73c3e02ac62350c136643a5e7f6095a3dbb,hadoop-common-project/hadoop-registry,org.apache.hadoop.registry.operations.TestRegistryOperations.testDeleteNonexistentEntry,OD,,
https://github.com/apache/hadoop,a585a73c3e02ac62350c136643a5e7f6095a3dbb,hadoop-common-project/hadoop-registry,org.apache.hadoop.registry.operations.TestRegistryOperations.testDeleteServiceEntry,OD,,
https://github.com/apache/hadoop,a585a73c3e02ac62350c136643a5e7f6095a3dbb,hadoop-common-project/hadoop-registry,org.apache.hadoop.registry.operations.TestRegistryOperations.testDoubleMkdir,OD,,
https://github.com/apache/hadoop,a585a73c3e02ac62350c136643a5e7f6095a3dbb,hadoop-common-project/hadoop-registry,org.apache.hadoop.registry.operations.TestRegistryOperations.testLsEmptyPath,OD,,
https://github.com/apache/hadoop,a585a73c3e02ac62350c136643a5e7f6095a3dbb,hadoop-common-project/hadoop-registry,org.apache.hadoop.registry.operations.TestRegistryOperations.testLsParent,OD,,
https://github.com/apache/hadoop,a585a73c3e02ac62350c136643a5e7f6095a3dbb,hadoop-common-project/hadoop-registry,org.apache.hadoop.registry.operations.TestRegistryOperations.testMkdirNoParent,OD,,
https://github.com/apache/hadoop,a585a73c3e02ac62350c136643a5e7f6095a3dbb,hadoop-common-project/hadoop-registry,org.apache.hadoop.registry.operations.TestRegistryOperations.testOverwrite,OD,,
https://github.com/apache/hadoop,a585a73c3e02ac62350c136643a5e7f6095a3dbb,hadoop-common-project/hadoop-registry,org.apache.hadoop.registry.operations.TestRegistryOperations.testPutMinimalRecord,OD,,
https://github.com/apache/hadoop,a585a73c3e02ac62350c136643a5e7f6095a3dbb,hadoop-common-project/hadoop-registry,org.apache.hadoop.registry.operations.TestRegistryOperations.testStat,OD,,
https://github.com/apache/hadoop,a585a73c3e02ac62350c136643a5e7f6095a3dbb,hadoop-common-project/hadoop-registry,org.apache.hadoop.registry.operations.TestRegistryOperations.testStatOneLevelDown,OD,,
https://github.com/apache/hadoop,a585a73c3e02ac62350c136643a5e7f6095a3dbb,hadoop-common-project/hadoop-registry,org.apache.hadoop.registry.operations.TestRegistryOperations.testStatRootPath,OD,,
https://github.com/apache/hadoop,a585a73c3e02ac62350c136643a5e7f6095a3dbb,hadoop-common-project/hadoop-registry,org.apache.hadoop.registry.secure.TestSecureLogins.testClientLogin,OD,,
https://github.com/apache/hadoop,a585a73c3e02ac62350c136643a5e7f6095a3dbb,hadoop-common-project/hadoop-registry,org.apache.hadoop.registry.secure.TestSecureLogins.testHasRealm,OD,,
https://github.com/apache/hadoop,a585a73c3e02ac62350c136643a5e7f6095a3dbb,hadoop-common-project/hadoop-registry,org.apache.hadoop.registry.secure.TestSecureLogins.testJaasFileBinding,OD,,
https://github.com/apache/hadoop,a585a73c3e02ac62350c136643a5e7f6095a3dbb,hadoop-common-project/hadoop-registry,org.apache.hadoop.registry.secure.TestSecureLogins.testJaasFileSetup,OD,,
https://github.com/apache/hadoop,a585a73c3e02ac62350c136643a5e7f6095a3dbb,hadoop-common-project/hadoop-registry,org.apache.hadoop.registry.secure.TestSecureLogins.testKerberosAuth,OD,,
https://github.com/apache/hadoop,cc2babc1f75c93bf89a8f10da525f944c15d02ea,hadoop-yarn-project/hadoop-yarn/hadoop-yarn-registry,org.apache.hadoop.registry.secure.TestSecureLogins.testKerberosRulesValid,OD,,
https://github.com/apache/hadoop,a585a73c3e02ac62350c136643a5e7f6095a3dbb,hadoop-common-project/hadoop-registry,org.apache.hadoop.registry.secure.TestSecureLogins.testServerLogin,OD,,
https://github.com/apache/hadoop,a585a73c3e02ac62350c136643a5e7f6095a3dbb,hadoop-common-project/hadoop-registry,org.apache.hadoop.registry.secure.TestSecureLogins.testValidKerberosName,OD,,
https://github.com/apache/hadoop,a585a73c3e02ac62350c136643a5e7f6095a3dbb,hadoop-common-project/hadoop-registry,org.apache.hadoop.registry.secure.TestSecureLogins.testZKServerContextLogin,OD,,
https://github.com/apache/hadoop,a585a73c3e02ac62350c136643a5e7f6095a3dbb,hadoop-common-project/hadoop-registry,org.apache.hadoop.registry.secure.TestSecureRegistry.testCreateSecureZK,OD,,
https://github.com/apache/hadoop,a585a73c3e02ac62350c136643a5e7f6095a3dbb,hadoop-common-project/hadoop-registry,org.apache.hadoop.registry.secure.TestSecureRegistry.testInsecureClientToZK,OD,,
https://github.com/apache/hadoop,a585a73c3e02ac62350c136643a5e7f6095a3dbb,hadoop-common-project/hadoop-registry,org.apache.hadoop.registry.secure.TestSecureRegistry.testSystemPropertyOverwrite,OD,,
https://github.com/apache/hadoop,a585a73c3e02ac62350c136643a5e7f6095a3dbb,hadoop-common-project/hadoop-registry,org.apache.hadoop.registry.secure.TestSecureRegistry.testZookeeperCanWrite,OD,,
https://github.com/apache/hadoop,cc2babc1f75c93bf89a8f10da525f944c15d02ea,hadoop-common-project/hadoop-auth,org.apache.hadoop.security.authentication.util.TestKerberosName.testRules,OD-Vic,,
https://github.com/apache/hadoop,cc2babc1f75c93bf89a8f10da525f944c15d02ea,hadoop-hdfs-project/hadoop-hdfs-httpfs,org.apache.hadoop.test.TestHFSTestCase.testHadoopFileSystem,OD,,
https://github.com/apache/hadoop,a585a73c3e02ac62350c136643a5e7f6095a3dbb,hadoop-yarn-project/hadoop-yarn/hadoop-yarn-client,org.apache.hadoop.yarn.client.api.impl.TestAMRMClientContainerRequest.testDisableLocalityRelaxation,OD,,
https://github.com/apache/hadoop,a585a73c3e02ac62350c136643a5e7f6095a3dbb,hadoop-yarn-project/hadoop-yarn/hadoop-yarn-client,org.apache.hadoop.yarn.client.api.impl.TestAMRMClientContainerRequest.testFillInRacks,OD,,
https://github.com/apache/hadoop,a585a73c3e02ac62350c136643a5e7f6095a3dbb,hadoop-yarn-project/hadoop-yarn/hadoop-yarn-client,org.apache.hadoop.yarn.client.api.impl.TestAMRMClientContainerRequest.testOpportunisticAndGuaranteedRequests,OD,,
https://github.com/apache/hadoop,a585a73c3e02ac62350c136643a5e7f6095a3dbb,hadoop-yarn-project/hadoop-yarn/hadoop-yarn-client,org.apache.hadoop.yarn.client.api.impl.TestAMRMClientOnRMRestart.testAMRMClientResendsRequestsOnRMRestart,OD,,
https://github.com/apache/hadoop,a585a73c3e02ac62350c136643a5e7f6095a3dbb,hadoop-yarn-project/hadoop-yarn/hadoop-yarn-client,org.apache.hadoop.yarn.client.api.impl.TestOpportunisticContainerAllocationE2E.testDemotionFromAcquired,OD,,
https://github.com/apache/hadoop,a585a73c3e02ac62350c136643a5e7f6095a3dbb,hadoop-yarn-project/hadoop-yarn/hadoop-yarn-client,org.apache.hadoop.yarn.client.api.impl.TestOpportunisticContainerAllocationE2E.testMixedAllocationAndRelease,OD,,
https://github.com/apache/hadoop,a585a73c3e02ac62350c136643a5e7f6095a3dbb,hadoop-yarn-project/hadoop-yarn/hadoop-yarn-client,org.apache.hadoop.yarn.client.api.impl.TestOpportunisticContainerAllocationE2E.testOpportunisticAllocation,OD,,
https://github.com/apache/hadoop,a585a73c3e02ac62350c136643a5e7f6095a3dbb,hadoop-yarn-project/hadoop-yarn/hadoop-yarn-client,org.apache.hadoop.yarn.client.api.impl.TestOpportunisticContainerAllocationE2E.testPromotionFromAcquired,OD,,
https://github.com/apache/hadoop,a585a73c3e02ac62350c136643a5e7f6095a3dbb,hadoop-yarn-project/hadoop-yarn/hadoop-yarn-client,org.apache.hadoop.yarn.client.TestGetGroups.testExistingInterleavedWithNonExistentUsers,OD,,
https://github.com/apache/hadoop,a585a73c3e02ac62350c136643a5e7f6095a3dbb,hadoop-yarn-project/hadoop-yarn/hadoop-yarn-client,org.apache.hadoop.yarn.client.TestGetGroups.testExistingUser,OD,,
https://github.com/apache/hadoop,a585a73c3e02ac62350c136643a5e7f6095a3dbb,hadoop-yarn-project/hadoop-yarn/hadoop-yarn-client,org.apache.hadoop.yarn.client.TestGetGroups.testMultipleExistingUsers,OD,,
https://github.com/apache/hadoop,a585a73c3e02ac62350c136643a5e7f6095a3dbb,hadoop-yarn-project/hadoop-yarn/hadoop-yarn-client,org.apache.hadoop.yarn.client.TestGetGroups.testMultipleNonExistingUsers,OD,,
https://github.com/apache/hadoop,a585a73c3e02ac62350c136643a5e7f6095a3dbb,hadoop-yarn-project/hadoop-yarn/hadoop-yarn-client,org.apache.hadoop.yarn.client.TestGetGroups.testNonExistentUser,OD,,
https://github.com/apache/hadoop,a585a73c3e02ac62350c136643a5e7f6095a3dbb,hadoop-yarn-project/hadoop-yarn/hadoop-yarn-client,org.apache.hadoop.yarn.client.TestGetGroups.testNoUserGiven,OD,,
https://github.com/apache/hadoop,a585a73c3e02ac62350c136643a5e7f6095a3dbb,hadoop-yarn-project/hadoop-yarn/hadoop-yarn-client,org.apache.hadoop.yarn.client.TestResourceManagerAdministrationProtocolPBClientImpl.testRefreshAdminAcls,OD,,
https://github.com/apache/hadoop,a585a73c3e02ac62350c136643a5e7f6095a3dbb,hadoop-yarn-project/hadoop-yarn/hadoop-yarn-client,org.apache.hadoop.yarn.client.TestResourceManagerAdministrationProtocolPBClientImpl.testRefreshNodes,OD,,
https://github.com/apache/hadoop,a585a73c3e02ac62350c136643a5e7f6095a3dbb,hadoop-yarn-project/hadoop-yarn/hadoop-yarn-client,org.apache.hadoop.yarn.client.TestResourceManagerAdministrationProtocolPBClientImpl.testRefreshQueues,OD,,
https://github.com/apache/hadoop,a585a73c3e02ac62350c136643a5e7f6095a3dbb,hadoop-yarn-project/hadoop-yarn/hadoop-yarn-client,org.apache.hadoop.yarn.client.TestResourceManagerAdministrationProtocolPBClientImpl.testRefreshServiceAcls,OD,,
https://github.com/apache/hadoop,a585a73c3e02ac62350c136643a5e7f6095a3dbb,hadoop-yarn-project/hadoop-yarn/hadoop-yarn-client,org.apache.hadoop.yarn.client.TestResourceManagerAdministrationProtocolPBClientImpl.testRefreshSuperUserGroupsConfiguration,OD,,
https://github.com/apache/hadoop,a585a73c3e02ac62350c136643a5e7f6095a3dbb,hadoop-yarn-project/hadoop-yarn/hadoop-yarn-client,org.apache.hadoop.yarn.client.TestResourceManagerAdministrationProtocolPBClientImpl.testRefreshUserToGroupsMappings,OD,,
https://github.com/apache/hadoop,a585a73c3e02ac62350c136643a5e7f6095a3dbb,hadoop-yarn-project/hadoop-yarn/hadoop-yarn-client,org.apache.hadoop.yarn.client.TestResourceManagerAdministrationProtocolPBClientImpl.testUpdateNodeResource,OD,,
https://github.com/apache/hadoop,a585a73c3e02ac62350c136643a5e7f6095a3dbb,hadoop-yarn-project/hadoop-yarn/hadoop-yarn-common,org.apache.hadoop.yarn.event.TestAsyncDispatcher.testPrintDispatcherEventDetails,OD,,
https://github.com/apache/hadoop,a585a73c3e02ac62350c136643a5e7f6095a3dbb,hadoop-yarn-project/hadoop-yarn/hadoop-yarn-common,org.apache.hadoop.yarn.factories.impl.pb.TestRpcClientFactoryPBImpl.testToUseCustomClassloader,OD,,
https://github.com/apache/hadoop,a585a73c3e02ac62350c136643a5e7f6095a3dbb,hadoop-yarn-project/hadoop-yarn/hadoop-yarn-common,org.apache.hadoop.yarn.logaggregation.TestAggregatedLogFormat.testReadAcontainerLogs1,OD,,
https://github.com/apache/hadoop,a585a73c3e02ac62350c136643a5e7f6095a3dbb,hadoop-yarn-project/hadoop-yarn/hadoop-yarn-common,org.apache.hadoop.yarn.logaggregation.TestAggregatedLogFormat.testZeroLengthLog,OD,,
https://github.com/apache/hadoop,a585a73c3e02ac62350c136643a5e7f6095a3dbb,hadoop-yarn-project/hadoop-yarn/hadoop-yarn-common,org.apache.hadoop.yarn.logaggregation.TestAggregatedLogsBlock.testAggregatedLogsBlock,OD,,
https://github.com/apache/hadoop,a585a73c3e02ac62350c136643a5e7f6095a3dbb,hadoop-yarn-project/hadoop-yarn/hadoop-yarn-server/hadoop-yarn-server-common,org.apache.hadoop.yarn.server.federation.policies.amrmproxy.TestLocalityMulticastAMRMProxyPolicy.testStressPolicy,OD,,
https://github.com/apache/hadoop,a585a73c3e02ac62350c136643a5e7f6095a3dbb,hadoop-yarn-project/hadoop-yarn/hadoop-yarn-server/hadoop-yarn-server-common,org.apache.hadoop.yarn.server.federation.store.metrics.TestFederationStateStoreClientMetrics.testAggregateMetricInit,OD,,
https://github.com/apache/hadoop,a585a73c3e02ac62350c136643a5e7f6095a3dbb,hadoop-yarn-project/hadoop-yarn/hadoop-yarn-server/hadoop-yarn-server-common,org.apache.hadoop.yarn.server.federation.store.metrics.TestFederationStateStoreClientMetrics.testSuccessfulCalls,OD,,
https://github.com/apache/hadoop,a585a73c3e02ac62350c136643a5e7f6095a3dbb,hadoop-yarn-project/hadoop-yarn/hadoop-yarn-server/hadoop-yarn-server-router,org.apache.hadoop.yarn.server.router.TestRouterMetrics.testAppsFailedCreated,OD,Opened,https://github.com/apache/hadoop/pull/8133
https://github.com/apache/hadoop,a585a73c3e02ac62350c136643a5e7f6095a3dbb,hadoop-yarn-project/hadoop-yarn/hadoop-yarn-server/hadoop-yarn-server-router,org.apache.hadoop.yarn.server.router.TestRouterMetrics.testAppsFailedKilled,OD,Opened,https://github.com/apache/hadoop/pull/8133
https://github.com/apache/hadoop,a585a73c3e02ac62350c136643a5e7f6095a3dbb,hadoop-yarn-project/hadoop-yarn/hadoop-yarn-server/hadoop-yarn-server-router,org.apache.hadoop.yarn.server.router.TestRouterMetrics.testAppsFailedSubmitted,OD,Opened,https://github.com/apache/hadoop/pull/8133
https://github.com/apache/hadoop,a585a73c3e02ac62350c136643a5e7f6095a3dbb,hadoop-yarn-project/hadoop-yarn/hadoop-yarn-server/hadoop-yarn-server-router,org.apache.hadoop.yarn.server.router.TestRouterMetrics.testAppsReportFailed,OD,Opened,https://github.com/apache/hadoop/pull/8133
https://github.com/apache/hadoop,a585a73c3e02ac62350c136643a5e7f6095a3dbb,hadoop-yarn-project/hadoop-yarn/hadoop-yarn-server/hadoop-yarn-server-router,org.apache.hadoop.yarn.server.router.TestRouterMetrics.testMulipleAppsReportFailed,OD,Opened,https://github.com/apache/hadoop/pull/8133
https://github.com/apache/hadoop,a585a73c3e02ac62350c136643a5e7f6095a3dbb,hadoop-yarn-project/hadoop-yarn/hadoop-yarn-server/hadoop-yarn-server-router,org.apache.hadoop.yarn.server.router.TestRouterMetrics.testSucceededAppsCreated,OD,Opened,https://github.com/apache/hadoop/pull/8133
https://github.com/apache/hadoop,a585a73c3e02ac62350c136643a5e7f6095a3dbb,hadoop-yarn-project/hadoop-yarn/hadoop-yarn-server/hadoop-yarn-server-router,org.apache.hadoop.yarn.server.router.TestRouterMetrics.testSucceededAppsKilled,OD,Opened,https://github.com/apache/hadoop/pull/8133
https://github.com/apache/hadoop,a585a73c3e02ac62350c136643a5e7f6095a3dbb,hadoop-yarn-project/hadoop-yarn/hadoop-yarn-server/hadoop-yarn-server-router,org.apache.hadoop.yarn.server.router.TestRouterMetrics.testSucceededAppsReport,OD,Opened,https://github.com/apache/hadoop/pull/8133
https://github.com/apache/hadoop,a585a73c3e02ac62350c136643a5e7f6095a3dbb,hadoop-yarn-project/hadoop-yarn/hadoop-yarn-server/hadoop-yarn-server-router,org.apache.hadoop.yarn.server.router.TestRouterMetrics.testSucceededAppsSubmitted,OD,Opened,https://github.com/apache/hadoop/pull/8133
https://github.com/apache/hadoop,a585a73c3e02ac62350c136643a5e7f6095a3dbb,hadoop-yarn-project/hadoop-yarn/hadoop-yarn-server/hadoop-yarn-server-router,org.apache.hadoop.yarn.server.router.TestRouterMetrics.testSucceededMultipleAppsReport,OD,Opened,https://github.com/apache/hadoop/pull/8133
https://github.com/apache/hadoop,a585a73c3e02ac62350c136643a5e7f6095a3dbb,hadoop-yarn-project/hadoop-yarn/hadoop-yarn-server/hadoop-yarn-server-router,org.apache.hadoop.yarn.server.router.webapp.TestRouterWebServicesREST.testActiviesXML,OD,,
https://github.com/apache/hadoop,a585a73c3e02ac62350c136643a5e7f6095a3dbb,hadoop-yarn-project/hadoop-yarn/hadoop-yarn-server/hadoop-yarn-server-router,org.apache.hadoop.yarn.server.router.webapp.TestRouterWebServicesREST.testAddToClusterNodeLabelsXML,OD,,
https://github.com/apache/hadoop,a585a73c3e02ac62350c136643a5e7f6095a3dbb,hadoop-yarn-project/hadoop-yarn/hadoop-yarn-server/hadoop-yarn-server-router,org.apache.hadoop.yarn.server.router.webapp.TestRouterWebServicesREST.testAppActivitiesXML,OD,,
https://github.com/apache/hadoop,a585a73c3e02ac62350c136643a5e7f6095a3dbb,hadoop-yarn-project/hadoop-yarn/hadoop-yarn-server/hadoop-yarn-server-router,org.apache.hadoop.yarn.server.router.webapp.TestRouterWebServicesREST.testAppAttemptXML,OD,,
https://github.com/apache/hadoop,a585a73c3e02ac62350c136643a5e7f6095a3dbb,hadoop-yarn-project/hadoop-yarn/hadoop-yarn-server/hadoop-yarn-server-router,org.apache.hadoop.yarn.server.router.webapp.TestRouterWebServicesREST.testAppPriorityXML,OD,,
https://github.com/apache/hadoop,a585a73c3e02ac62350c136643a5e7f6095a3dbb,hadoop-yarn-project/hadoop-yarn/hadoop-yarn-server/hadoop-yarn-server-router,org.apache.hadoop.yarn.server.router.webapp.TestRouterWebServicesREST.testAppQueueXML,OD,,
https://github.com/apache/hadoop,a585a73c3e02ac62350c136643a5e7f6095a3dbb,hadoop-yarn-project/hadoop-yarn/hadoop-yarn-server/hadoop-yarn-server-router,org.apache.hadoop.yarn.server.router.webapp.TestRouterWebServicesREST.testAppStateXML,OD,,
https://github.com/apache/hadoop,a585a73c3e02ac62350c136643a5e7f6095a3dbb,hadoop-yarn-project/hadoop-yarn/hadoop-yarn-server/hadoop-yarn-server-router,org.apache.hadoop.yarn.server.router.webapp.TestRouterWebServicesREST.testAppStatisticsXML,OD,,
https://github.com/apache/hadoop,a585a73c3e02ac62350c136643a5e7f6095a3dbb,hadoop-yarn-project/hadoop-yarn/hadoop-yarn-server/hadoop-yarn-server-router,org.apache.hadoop.yarn.server.router.webapp.TestRouterWebServicesREST.testAppsXML,OD,,
https://github.com/apache/hadoop,a585a73c3e02ac62350c136643a5e7f6095a3dbb,hadoop-yarn-project/hadoop-yarn/hadoop-yarn-server/hadoop-yarn-server-router,org.apache.hadoop.yarn.server.router.webapp.TestRouterWebServicesREST.testAppTimeoutsXML,OD,,
https://github.com/apache/hadoop,a585a73c3e02ac62350c136643a5e7f6095a3dbb,hadoop-yarn-project/hadoop-yarn/hadoop-yarn-server/hadoop-yarn-server-router,org.apache.hadoop.yarn.server.router.webapp.TestRouterWebServicesREST.testAppTimeoutXML,OD,,
https://github.com/apache/hadoop,a585a73c3e02ac62350c136643a5e7f6095a3dbb,hadoop-yarn-project/hadoop-yarn/hadoop-yarn-server/hadoop-yarn-server-router,org.apache.hadoop.yarn.server.router.webapp.TestRouterWebServicesREST.testAppXML,OD,,
https://github.com/apache/hadoop,a585a73c3e02ac62350c136643a5e7f6095a3dbb,hadoop-yarn-project/hadoop-yarn/hadoop-yarn-server/hadoop-yarn-server-router,org.apache.hadoop.yarn.server.router.webapp.TestRouterWebServicesREST.testClusterInfoXML,OD,,
https://github.com/apache/hadoop,a585a73c3e02ac62350c136643a5e7f6095a3dbb,hadoop-yarn-project/hadoop-yarn/hadoop-yarn-server/hadoop-yarn-server-router,org.apache.hadoop.yarn.server.router.webapp.TestRouterWebServicesREST.testDeleteReservationXML,OD,,
https://github.com/apache/hadoop,a585a73c3e02ac62350c136643a5e7f6095a3dbb,hadoop-yarn-project/hadoop-yarn/hadoop-yarn-server/hadoop-yarn-server-router,org.apache.hadoop.yarn.server.router.webapp.TestRouterWebServicesREST.testDumpSchedulerLogsXML,OD,,
https://github.com/apache/hadoop,a585a73c3e02ac62350c136643a5e7f6095a3dbb,hadoop-yarn-project/hadoop-yarn/hadoop-yarn-server/hadoop-yarn-server-router,org.apache.hadoop.yarn.server.router.webapp.TestRouterWebServicesREST.testGetAppAttemptXML,OD,,
https://github.com/apache/hadoop,a585a73c3e02ac62350c136643a5e7f6095a3dbb,hadoop-yarn-project/hadoop-yarn/hadoop-yarn-server/hadoop-yarn-server-router,org.apache.hadoop.yarn.server.router.webapp.TestRouterWebServicesREST.testGetAppsMultiThread,OD,,
https://github.com/apache/hadoop,a585a73c3e02ac62350c136643a5e7f6095a3dbb,hadoop-yarn-project/hadoop-yarn/hadoop-yarn-server/hadoop-yarn-server-router,org.apache.hadoop.yarn.server.router.webapp.TestRouterWebServicesREST.testGetClusterNodeLabelsXML,OD,,
https://github.com/apache/hadoop,a585a73c3e02ac62350c136643a5e7f6095a3dbb,hadoop-yarn-project/hadoop-yarn/hadoop-yarn-server/hadoop-yarn-server-router,org.apache.hadoop.yarn.server.router.webapp.TestRouterWebServicesREST.testGetContainersXML,OD,,
https://github.com/apache/hadoop,a585a73c3e02ac62350c136643a5e7f6095a3dbb,hadoop-yarn-project/hadoop-yarn/hadoop-yarn-server/hadoop-yarn-server-router,org.apache.hadoop.yarn.server.router.webapp.TestRouterWebServicesREST.testGetLabelsMappingEmptyXML,OD,,
https://github.com/apache/hadoop,a585a73c3e02ac62350c136643a5e7f6095a3dbb,hadoop-yarn-project/hadoop-yarn/hadoop-yarn-server/hadoop-yarn-server-router,org.apache.hadoop.yarn.server.router.webapp.TestRouterWebServicesREST.testGetLabelsMappingXML,OD,,
https://github.com/apache/hadoop,a585a73c3e02ac62350c136643a5e7f6095a3dbb,hadoop-yarn-project/hadoop-yarn/hadoop-yarn-server/hadoop-yarn-server-router,org.apache.hadoop.yarn.server.router.webapp.TestRouterWebServicesREST.testGetLabelsOnNodeXML,OD,,
https://github.com/apache/hadoop,a585a73c3e02ac62350c136643a5e7f6095a3dbb,hadoop-yarn-project/hadoop-yarn/hadoop-yarn-server/hadoop-yarn-server-router,org.apache.hadoop.yarn.server.router.webapp.TestRouterWebServicesREST.testGetNodeToLabelsXML,OD,,
https://github.com/apache/hadoop,a585a73c3e02ac62350c136643a5e7f6095a3dbb,hadoop-yarn-project/hadoop-yarn/hadoop-yarn-server/hadoop-yarn-server-router,org.apache.hadoop.yarn.server.router.webapp.TestRouterWebServicesREST.testInfoXML,OD,,
https://github.com/apache/hadoop,a585a73c3e02ac62350c136643a5e7f6095a3dbb,hadoop-yarn-project/hadoop-yarn/hadoop-yarn-server/hadoop-yarn-server-router,org.apache.hadoop.yarn.server.router.webapp.TestRouterWebServicesREST.testMetricsInfoXML,OD,,
https://github.com/apache/hadoop,a585a73c3e02ac62350c136643a5e7f6095a3dbb,hadoop-yarn-project/hadoop-yarn/hadoop-yarn-server/hadoop-yarn-server-router,org.apache.hadoop.yarn.server.router.webapp.TestRouterWebServicesREST.testNewApplicationXML,OD,,
https://github.com/apache/hadoop,a585a73c3e02ac62350c136643a5e7f6095a3dbb,hadoop-yarn-project/hadoop-yarn/hadoop-yarn-server/hadoop-yarn-server-router,org.apache.hadoop.yarn.server.router.webapp.TestRouterWebServicesREST.testNewReservationXML,OD,,
https://github.com/apache/hadoop,a585a73c3e02ac62350c136643a5e7f6095a3dbb,hadoop-yarn-project/hadoop-yarn/hadoop-yarn-server/hadoop-yarn-server-router,org.apache.hadoop.yarn.server.router.webapp.TestRouterWebServicesREST.testNodesEmptyXML,OD,,
https://github.com/apache/hadoop,a585a73c3e02ac62350c136643a5e7f6095a3dbb,hadoop-yarn-project/hadoop-yarn/hadoop-yarn-server/hadoop-yarn-server-router,org.apache.hadoop.yarn.server.router.webapp.TestRouterWebServicesREST.testNodesXML,OD,,
https://github.com/apache/hadoop,a585a73c3e02ac62350c136643a5e7f6095a3dbb,hadoop-yarn-project/hadoop-yarn/hadoop-yarn-server/hadoop-yarn-server-router,org.apache.hadoop.yarn.server.router.webapp.TestRouterWebServicesREST.testNodeXML,OD,,
https://github.com/apache/hadoop,a585a73c3e02ac62350c136643a5e7f6095a3dbb,hadoop-yarn-project/hadoop-yarn/hadoop-yarn-server/hadoop-yarn-server-router,org.apache.hadoop.yarn.server.router.webapp.TestRouterWebServicesREST.testRemoveFromCluserNodeLabelsXML,OD,,
https://github.com/apache/hadoop,a585a73c3e02ac62350c136643a5e7f6095a3dbb,hadoop-yarn-project/hadoop-yarn/hadoop-yarn-server/hadoop-yarn-server-router,org.apache.hadoop.yarn.server.router.webapp.TestRouterWebServicesREST.testReplaceLabelsOnNodesXML,OD,,
https://github.com/apache/hadoop,a585a73c3e02ac62350c136643a5e7f6095a3dbb,hadoop-yarn-project/hadoop-yarn/hadoop-yarn-server/hadoop-yarn-server-router,org.apache.hadoop.yarn.server.router.webapp.TestRouterWebServicesREST.testReplaceLabelsOnNodeXML,OD,,
https://github.com/apache/hadoop,a585a73c3e02ac62350c136643a5e7f6095a3dbb,hadoop-yarn-project/hadoop-yarn/hadoop-yarn-server/hadoop-yarn-server-router,org.apache.hadoop.yarn.server.router.webapp.TestRouterWebServicesREST.testSchedulerInfoXML,OD,,
https://github.com/apache/hadoop,a585a73c3e02ac62350c136643a5e7f6095a3dbb,hadoop-yarn-project/hadoop-yarn/hadoop-yarn-server/hadoop-yarn-server-router,org.apache.hadoop.yarn.server.router.webapp.TestRouterWebServicesREST.testSubmitApplicationXML,OD,,
https://github.com/apache/hadoop,a585a73c3e02ac62350c136643a5e7f6095a3dbb,hadoop-yarn-project/hadoop-yarn/hadoop-yarn-server/hadoop-yarn-server-router,org.apache.hadoop.yarn.server.router.webapp.TestRouterWebServicesREST.testSubmitReservationXML,OD,,
https://github.com/apache/hadoop,a585a73c3e02ac62350c136643a5e7f6095a3dbb,hadoop-yarn-project/hadoop-yarn/hadoop-yarn-server/hadoop-yarn-server-router,org.apache.hadoop.yarn.server.router.webapp.TestRouterWebServicesREST.testUpdateAppPriorityXML,OD,,
https://github.com/apache/hadoop,a585a73c3e02ac62350c136643a5e7f6095a3dbb,hadoop-yarn-project/hadoop-yarn/hadoop-yarn-server/hadoop-yarn-server-router,org.apache.hadoop.yarn.server.router.webapp.TestRouterWebServicesREST.testUpdateAppQueueXML,OD,,
https://github.com/apache/hadoop,a585a73c3e02ac62350c136643a5e7f6095a3dbb,hadoop-yarn-project/hadoop-yarn/hadoop-yarn-server/hadoop-yarn-server-router,org.apache.hadoop.yarn.server.router.webapp.TestRouterWebServicesREST.testUpdateAppStateXML,OD,,
https://github.com/apache/hadoop,a585a73c3e02ac62350c136643a5e7f6095a3dbb,hadoop-yarn-project/hadoop-yarn/hadoop-yarn-server/hadoop-yarn-server-router,org.apache.hadoop.yarn.server.router.webapp.TestRouterWebServicesREST.testUpdateAppTimeoutsXML,OD,,
https://github.com/apache/hadoop,a585a73c3e02ac62350c136643a5e7f6095a3dbb,hadoop-yarn-project/hadoop-yarn/hadoop-yarn-server/hadoop-yarn-server-router,org.apache.hadoop.yarn.server.router.webapp.TestRouterWebServicesREST.testUpdateNodeResource,OD,,
https://github.com/apache/hadoop,a585a73c3e02ac62350c136643a5e7f6095a3dbb,hadoop-yarn-project/hadoop-yarn/hadoop-yarn-server/hadoop-yarn-server-router,org.apache.hadoop.yarn.server.router.webapp.TestRouterWebServicesREST.testUpdateReservationXML,OD,,
https://github.com/apache/hadoop,a585a73c3e02ac62350c136643a5e7f6095a3dbb,hadoop-yarn-project/hadoop-yarn/hadoop-yarn-server/hadoop-yarn-server-common,org.apache.hadoop.yarn.server.scheduler.TestDistributedOpportunisticContainerAllocator.testAllocationLatencyMetrics,OD,,
https://github.com/apache/hadoop,a585a73c3e02ac62350c136643a5e7f6095a3dbb,hadoop-yarn-project/hadoop-yarn/hadoop-yarn-server/hadoop-yarn-server-common,org.apache.hadoop.yarn.server.scheduler.TestDistributedOpportunisticContainerAllocator.testAllocationWithNodeLabels,OD,,
https://github.com/apache/hadoop,a585a73c3e02ac62350c136643a5e7f6095a3dbb,hadoop-yarn-project/hadoop-yarn/hadoop-yarn-server/hadoop-yarn-server-common,org.apache.hadoop.yarn.server.scheduler.TestDistributedOpportunisticContainerAllocator.testLotsOfContainersRackLocalAllocation,OD,,
https://github.com/apache/hadoop,a585a73c3e02ac62350c136643a5e7f6095a3dbb,hadoop-yarn-project/hadoop-yarn/hadoop-yarn-server/hadoop-yarn-server-common,org.apache.hadoop.yarn.server.scheduler.TestDistributedOpportunisticContainerAllocator.testLotsOfContainersRackLocalAllocationSameSchedKey,OD,,
https://github.com/apache/hadoop,a585a73c3e02ac62350c136643a5e7f6095a3dbb,hadoop-yarn-project/hadoop-yarn/hadoop-yarn-server/hadoop-yarn-server-common,org.apache.hadoop.yarn.server.scheduler.TestDistributedOpportunisticContainerAllocator.testMaxAllocationsPerAMHeartbeat,OD,,
https://github.com/apache/hadoop,a585a73c3e02ac62350c136643a5e7f6095a3dbb,hadoop-yarn-project/hadoop-yarn/hadoop-yarn-server/hadoop-yarn-server-common,org.apache.hadoop.yarn.server.scheduler.TestDistributedOpportunisticContainerAllocator.testMaxAllocationsPerAMHeartbeatDifferentSchedKey,OD,,
https://github.com/apache/hadoop,a585a73c3e02ac62350c136643a5e7f6095a3dbb,hadoop-yarn-project/hadoop-yarn/hadoop-yarn-server/hadoop-yarn-server-common,org.apache.hadoop.yarn.server.scheduler.TestDistributedOpportunisticContainerAllocator.testMaxAllocationsPerAMHeartbeatWithHighLimit,OD,,
https://github.com/apache/hadoop,a585a73c3e02ac62350c136643a5e7f6095a3dbb,hadoop-yarn-project/hadoop-yarn/hadoop-yarn-server/hadoop-yarn-server-common,org.apache.hadoop.yarn.server.scheduler.TestDistributedOpportunisticContainerAllocator.testMaxAllocationsPerAMHeartbeatWithNoLimit,OD,,
https://github.com/apache/hadoop,a585a73c3e02ac62350c136643a5e7f6095a3dbb,hadoop-yarn-project/hadoop-yarn/hadoop-yarn-server/hadoop-yarn-server-common,org.apache.hadoop.yarn.server.scheduler.TestDistributedOpportunisticContainerAllocator.testNodeLocalAllocation,OD,,
https://github.com/apache/hadoop,a585a73c3e02ac62350c136643a5e7f6095a3dbb,hadoop-yarn-project/hadoop-yarn/hadoop-yarn-server/hadoop-yarn-server-common,org.apache.hadoop.yarn.server.scheduler.TestDistributedOpportunisticContainerAllocator.testNodeLocalAllocationSameSchedKey,OD,,
https://github.com/apache/hadoop,a585a73c3e02ac62350c136643a5e7f6095a3dbb,hadoop-yarn-project/hadoop-yarn/hadoop-yarn-server/hadoop-yarn-server-common,org.apache.hadoop.yarn.server.scheduler.TestDistributedOpportunisticContainerAllocator.testOffSwitchAllocationWhenNoNodeOrRack,OD,,
https://github.com/apache/hadoop,a585a73c3e02ac62350c136643a5e7f6095a3dbb,hadoop-yarn-project/hadoop-yarn/hadoop-yarn-server/hadoop-yarn-server-common,org.apache.hadoop.yarn.server.scheduler.TestDistributedOpportunisticContainerAllocator.testRoundRobinRackLocalAllocation,OD,,
https://github.com/apache/hadoop,a585a73c3e02ac62350c136643a5e7f6095a3dbb,hadoop-yarn-project/hadoop-yarn/hadoop-yarn-server/hadoop-yarn-server-common,org.apache.hadoop.yarn.server.scheduler.TestDistributedOpportunisticContainerAllocator.testRoundRobinRackLocalAllocationSameSchedKey,OD,,
https://github.com/apache/hadoop,a585a73c3e02ac62350c136643a5e7f6095a3dbb,hadoop-yarn-project/hadoop-yarn/hadoop-yarn-server/hadoop-yarn-server-common,org.apache.hadoop.yarn.server.scheduler.TestDistributedOpportunisticContainerAllocator.testRoundRobinSimpleAllocation,OD,,
https://github.com/apache/hadoop,a585a73c3e02ac62350c136643a5e7f6095a3dbb,hadoop-yarn-project/hadoop-yarn/hadoop-yarn-server/hadoop-yarn-server-common,org.apache.hadoop.yarn.server.scheduler.TestDistributedOpportunisticContainerAllocator.testSimpleAllocation,OD,,
https://github.com/apache/hadoop,a585a73c3e02ac62350c136643a5e7f6095a3dbb,hadoop-yarn-project/hadoop-yarn/hadoop-yarn-server/hadoop-yarn-server-common,org.apache.hadoop.yarn.server.scheduler.TestDistributedOpportunisticContainerAllocator.testSimpleRackLocalAllocation,OD,,
https://github.com/apache/hadoop,cc2babc1f75c93bf89a8f10da525f944c15d02ea,hadoop-yarn-project/hadoop-yarn/hadoop-yarn-server/hadoop-yarn-server-timeline-pluginstorage,org.apache.hadoop.yarn.server.timeline.TestEntityGroupFSTimelineStore.testCleanLogs,OD,Opened,https://github.com/apache/hadoop/pull/438
https://github.com/apache/hadoop,cc2babc1f75c93bf89a8f10da525f944c15d02ea,hadoop-yarn-project/hadoop-yarn/hadoop-yarn-server/hadoop-yarn-server-timeline-pluginstorage,org.apache.hadoop.yarn.server.timeline.TestEntityGroupFSTimelineStore.testSummaryRead,OD,,
https://github.com/apache/hadoop,cc2babc1f75c93bf89a8f10da525f944c15d02ea,hadoop-yarn-project/hadoop-yarn/hadoop-yarn-server/hadoop-yarn-server-timeline-pluginstorage,org.apache.hadoop.yarn.server.timeline.TestLogInfo.testMatchesGroupId,OD,Opened,https://github.com/apache/hadoop/pull/8083
https://github.com/apache/hadoop,cc2babc1f75c93bf89a8f10da525f944c15d02ea,hadoop-yarn-project/hadoop-yarn/hadoop-yarn-server/hadoop-yarn-server-timeline-pluginstorage,org.apache.hadoop.yarn.server.timeline.TestLogInfo.testParseDomain,OD,Opened,https://github.com/apache/hadoop/pull/8083
https://github.com/apache/hadoop,cc2babc1f75c93bf89a8f10da525f944c15d02ea,hadoop-yarn-project/hadoop-yarn/hadoop-yarn-server/hadoop-yarn-server-timelineservice,org.apache.hadoop.yarn.server.timelineservice.reader.TestTimelineReaderWebServices.testAbout,OD,,
https://github.com/apache/hadoop,cc2babc1f75c93bf89a8f10da525f944c15d02ea,hadoop-yarn-project/hadoop-yarn/hadoop-yarn-server/hadoop-yarn-server-timelineservice,org.apache.hadoop.yarn.server.timelineservice.reader.TestTimelineReaderWebServices.testGetAppAttempt,OD,,
https://github.com/apache/hadoop,cc2babc1f75c93bf89a8f10da525f944c15d02ea,hadoop-yarn-project/hadoop-yarn/hadoop-yarn-server/hadoop-yarn-server-timelineservice,org.apache.hadoop.yarn.server.timelineservice.reader.TestTimelineReaderWebServices.testGetAppAttempts,OD,,
https://github.com/apache/hadoop,cc2babc1f75c93bf89a8f10da525f944c15d02ea,hadoop-yarn-project/hadoop-yarn/hadoop-yarn-server/hadoop-yarn-server-timelineservice,org.apache.hadoop.yarn.server.timelineservice.reader.TestTimelineReaderWebServices.testGetContainer,OD,,
https://github.com/apache/hadoop,cc2babc1f75c93bf89a8f10da525f944c15d02ea,hadoop-yarn-project/hadoop-yarn/hadoop-yarn-server/hadoop-yarn-server-timelineservice,org.apache.hadoop.yarn.server.timelineservice.reader.TestTimelineReaderWebServices.testGetContainers,OD,,
https://github.com/apache/hadoop,cc2babc1f75c93bf89a8f10da525f944c15d02ea,hadoop-yarn-project/hadoop-yarn/hadoop-yarn-server/hadoop-yarn-server-timelineservice,org.apache.hadoop.yarn.server.timelineservice.reader.TestTimelineReaderWebServices.testGetEntities,OD,,
https://github.com/apache/hadoop,cc2babc1f75c93bf89a8f10da525f944c15d02ea,hadoop-yarn-project/hadoop-yarn/hadoop-yarn-server/hadoop-yarn-server-timelineservice,org.apache.hadoop.yarn.server.timelineservice.reader.TestTimelineReaderWebServices.testGetEntitiesBasedOnCreatedTime,OD,,
https://github.com/apache/hadoop,cc2babc1f75c93bf89a8f10da525f944c15d02ea,hadoop-yarn-project/hadoop-yarn/hadoop-yarn-server/hadoop-yarn-server-timelineservice,org.apache.hadoop.yarn.server.timelineservice.reader.TestTimelineReaderWebServices.testGetEntitiesByConfigFilters,OD,,
https://github.com/apache/hadoop,cc2babc1f75c93bf89a8f10da525f944c15d02ea,hadoop-yarn-project/hadoop-yarn/hadoop-yarn-server/hadoop-yarn-server-timelineservice,org.apache.hadoop.yarn.server.timelineservice.reader.TestTimelineReaderWebServices.testGetEntitiesByEventFilters,OD,,
https://github.com/apache/hadoop,cc2babc1f75c93bf89a8f10da525f944c15d02ea,hadoop-yarn-project/hadoop-yarn/hadoop-yarn-server/hadoop-yarn-server-timelineservice,org.apache.hadoop.yarn.server.timelineservice.reader.TestTimelineReaderWebServices.testGetEntitiesByInfoFilters,OD,,
https://github.com/apache/hadoop,cc2babc1f75c93bf89a8f10da525f944c15d02ea,hadoop-yarn-project/hadoop-yarn/hadoop-yarn-server/hadoop-yarn-server-timelineservice,org.apache.hadoop.yarn.server.timelineservice.reader.TestTimelineReaderWebServices.testGetEntitiesByMetricFilters,OD,,
https://github.com/apache/hadoop,cc2babc1f75c93bf89a8f10da525f944c15d02ea,hadoop-yarn-project/hadoop-yarn/hadoop-yarn-server/hadoop-yarn-server-timelineservice,org.apache.hadoop.yarn.server.timelineservice.reader.TestTimelineReaderWebServices.testGetEntitiesByRelations,OD,,
https://github.com/apache/hadoop,cc2babc1f75c93bf89a8f10da525f944c15d02ea,hadoop-yarn-project/hadoop-yarn/hadoop-yarn-server/hadoop-yarn-server-timelineservice,org.apache.hadoop.yarn.server.timelineservice.reader.TestTimelineReaderWebServices.testGetEntitiesNoMatch,OD,,
https://github.com/apache/hadoop,cc2babc1f75c93bf89a8f10da525f944c15d02ea,hadoop-yarn-project/hadoop-yarn/hadoop-yarn-server/hadoop-yarn-server-timelineservice,org.apache.hadoop.yarn.server.timelineservice.reader.TestTimelineReaderWebServices.testGetEntitiesWithLimit,OD,,
https://github.com/apache/hadoop,cc2babc1f75c93bf89a8f10da525f944c15d02ea,hadoop-yarn-project/hadoop-yarn/hadoop-yarn-server/hadoop-yarn-server-timelineservice,org.apache.hadoop.yarn.server.timelineservice.reader.TestTimelineReaderWebServices.testGetEntityAllFields,OD,,
https://github.com/apache/hadoop,cc2babc1f75c93bf89a8f10da525f944c15d02ea,hadoop-yarn-project/hadoop-yarn/hadoop-yarn-server/hadoop-yarn-server-timelineservice,org.apache.hadoop.yarn.server.timelineservice.reader.TestTimelineReaderWebServices.testGetEntityCustomFields,OD,,
https://github.com/apache/hadoop,cc2babc1f75c93bf89a8f10da525f944c15d02ea,hadoop-yarn-project/hadoop-yarn/hadoop-yarn-server/hadoop-yarn-server-timelineservice,org.apache.hadoop.yarn.server.timelineservice.reader.TestTimelineReaderWebServices.testGetEntityNotPresent,OD,,
https://github.com/apache/hadoop,cc2babc1f75c93bf89a8f10da525f944c15d02ea,hadoop-yarn-project/hadoop-yarn/hadoop-yarn-server/hadoop-yarn-server-timelineservice,org.apache.hadoop.yarn.server.timelineservice.reader.TestTimelineReaderWebServices.testGetEntityWithUserAndFlowInfo,OD,,
https://github.com/apache/hadoop,a585a73c3e02ac62350c136643a5e7f6095a3dbb,hadoop-yarn-project/hadoop-yarn/hadoop-yarn-server/hadoop-yarn-server-timelineservice,org.apache.hadoop.yarn.server.timelineservice.reader.TestTimelineReaderWebServices.testHealthCheck,OD,,
https://github.com/apache/hadoop,cc2babc1f75c93bf89a8f10da525f944c15d02ea,hadoop-yarn-project/hadoop-yarn/hadoop-yarn-server/hadoop-yarn-server-timelineservice,org.apache.hadoop.yarn.server.timelineservice.reader.TestTimelineReaderWebServices.testInvalidValuesHandling,OD,,
https://github.com/apache/hadoop,cc2babc1f75c93bf89a8f10da525f944c15d02ea,hadoop-yarn-project/hadoop-yarn/hadoop-yarn-server/hadoop-yarn-server-timelineservice,org.apache.hadoop.yarn.server.timelineservice.reader.TestTimelineReaderWebServices.testQueryWithoutCluster,OD,,
https://github.com/apache/hadoop,a585a73c3e02ac62350c136643a5e7f6095a3dbb,hadoop-yarn-project/hadoop-yarn/hadoop-yarn-server/hadoop-yarn-server-timelineservice,org.apache.hadoop.yarn.server.timelineservice.reader.TestTimelineReaderWebServicesACL.testGetEntityTypes,OD,,
https://github.com/apache/hadoop,cc2babc1f75c93bf89a8f10da525f944c15d02ea,hadoop-yarn-project/hadoop-yarn/hadoop-yarn-server/hadoop-yarn-server-timelineservice,org.apache.hadoop.yarn.server.timelineservice.reader.TestTimelineReaderWebServicesBasicAcl.testTimelineReaderManagerAclsWhenDisabled,OD,,
https://github.com/apache/hadoop,cc2babc1f75c93bf89a8f10da525f944c15d02ea,hadoop-yarn-project/hadoop-yarn/hadoop-yarn-server/hadoop-yarn-server-timelineservice,org.apache.hadoop.yarn.server.timelineservice.reader.TestTimelineReaderWebServicesBasicAcl.testTimelineReaderManagerAclsWhenEnabled,OD,,
https://github.com/apache/hadoop,a585a73c3e02ac62350c136643a5e7f6095a3dbb,hadoop-yarn-project/hadoop-yarn/hadoop-yarn-server/hadoop-yarn-server-timelineservice-hbase-tests,org.apache.hadoop.yarn.server.timelineservice.reader.TestTimelineReaderWebServicesHBaseStorage.testForFlowAppsPagination,OD,,
https://github.com/apache/hadoop,a585a73c3e02ac62350c136643a5e7f6095a3dbb,hadoop-yarn-project/hadoop-yarn/hadoop-yarn-server/hadoop-yarn-server-timelineservice-hbase-tests,org.apache.hadoop.yarn.server.timelineservice.reader.TestTimelineReaderWebServicesHBaseStorage.testForFlowRunAppsPagination,OD,,
https://github.com/apache/hadoop,a585a73c3e02ac62350c136643a5e7f6095a3dbb,hadoop-yarn-project/hadoop-yarn/hadoop-yarn-server/hadoop-yarn-server-timelineservice-hbase-tests,org.apache.hadoop.yarn.server.timelineservice.reader.TestTimelineReaderWebServicesHBaseStorage.testForFlowRunsPagination,OD,,
https://github.com/apache/hadoop,a585a73c3e02ac62350c136643a5e7f6095a3dbb,hadoop-yarn-project/hadoop-yarn/hadoop-yarn-server/hadoop-yarn-server-timelineservice-hbase-tests,org.apache.hadoop.yarn.server.timelineservice.reader.TestTimelineReaderWebServicesHBaseStorage.testGenericEntitiesForPagination,OD,,
https://github.com/apache/hadoop,a585a73c3e02ac62350c136643a5e7f6095a3dbb,hadoop-yarn-project/hadoop-yarn/hadoop-yarn-server/hadoop-yarn-server-timelineservice-hbase-tests,org.apache.hadoop.yarn.server.timelineservice.reader.TestTimelineReaderWebServicesHBaseStorage.testGetApp,OD,,
https://github.com/apache/hadoop,a585a73c3e02ac62350c136643a5e7f6095a3dbb,hadoop-yarn-project/hadoop-yarn/hadoop-yarn-server/hadoop-yarn-server-timelineservice-hbase-tests,org.apache.hadoop.yarn.server.timelineservice.reader.TestTimelineReaderWebServicesHBaseStorage.testGetAppNotPresent,OD,,
https://github.com/apache/hadoop,a585a73c3e02ac62350c136643a5e7f6095a3dbb,hadoop-yarn-project/hadoop-yarn/hadoop-yarn-server/hadoop-yarn-server-timelineservice-hbase-tests,org.apache.hadoop.yarn.server.timelineservice.reader.TestTimelineReaderWebServicesHBaseStorage.testGetAppsMetricsRange,OD,,
https://github.com/apache/hadoop,a585a73c3e02ac62350c136643a5e7f6095a3dbb,hadoop-yarn-project/hadoop-yarn/hadoop-yarn-server/hadoop-yarn-server-timelineservice-hbase-tests,org.apache.hadoop.yarn.server.timelineservice.reader.TestTimelineReaderWebServicesHBaseStorage.testGetAppWithoutFlowInfo,OD,,
https://github.com/apache/hadoop,a585a73c3e02ac62350c136643a5e7f6095a3dbb,hadoop-yarn-project/hadoop-yarn/hadoop-yarn-server/hadoop-yarn-server-timelineservice-hbase-tests,org.apache.hadoop.yarn.server.timelineservice.reader.TestTimelineReaderWebServicesHBaseStorage.testGetEntitiesByUID,OD,,
https://github.com/apache/hadoop,a585a73c3e02ac62350c136643a5e7f6095a3dbb,hadoop-yarn-project/hadoop-yarn/hadoop-yarn-server/hadoop-yarn-server-timelineservice-hbase-tests,org.apache.hadoop.yarn.server.timelineservice.reader.TestTimelineReaderWebServicesHBaseStorage.testGetEntitiesConfigFilters,OD,,
https://github.com/apache/hadoop,a585a73c3e02ac62350c136643a5e7f6095a3dbb,hadoop-yarn-project/hadoop-yarn/hadoop-yarn-server/hadoop-yarn-server-timelineservice-hbase-tests,org.apache.hadoop.yarn.server.timelineservice.reader.TestTimelineReaderWebServicesHBaseStorage.testGetEntitiesDataToRetrieve,OD,,
https://github.com/apache/hadoop,a585a73c3e02ac62350c136643a5e7f6095a3dbb,hadoop-yarn-project/hadoop-yarn/hadoop-yarn-server/hadoop-yarn-server-timelineservice-hbase-tests,org.apache.hadoop.yarn.server.timelineservice.reader.TestTimelineReaderWebServicesHBaseStorage.testGetEntitiesEventFilters,OD,,
https://github.com/apache/hadoop,a585a73c3e02ac62350c136643a5e7f6095a3dbb,hadoop-yarn-project/hadoop-yarn/hadoop-yarn-server/hadoop-yarn-server-timelineservice-hbase-tests,org.apache.hadoop.yarn.server.timelineservice.reader.TestTimelineReaderWebServicesHBaseStorage.testGetEntitiesInfoFilters,OD,,
https://github.com/apache/hadoop,a585a73c3e02ac62350c136643a5e7f6095a3dbb,hadoop-yarn-project/hadoop-yarn/hadoop-yarn-server/hadoop-yarn-server-timelineservice-hbase-tests,org.apache.hadoop.yarn.server.timelineservice.reader.TestTimelineReaderWebServicesHBaseStorage.testGetEntitiesMetricFilters,OD,,
https://github.com/apache/hadoop,a585a73c3e02ac62350c136643a5e7f6095a3dbb,hadoop-yarn-project/hadoop-yarn/hadoop-yarn-server/hadoop-yarn-server-timelineservice-hbase-tests,org.apache.hadoop.yarn.server.timelineservice.reader.TestTimelineReaderWebServicesHBaseStorage.testGetEntitiesMetricsTimeRange,OD,,
https://github.com/apache/hadoop,a585a73c3e02ac62350c136643a5e7f6095a3dbb,hadoop-yarn-project/hadoop-yarn/hadoop-yarn-server/hadoop-yarn-server-timelineservice-hbase-tests,org.apache.hadoop.yarn.server.timelineservice.reader.TestTimelineReaderWebServicesHBaseStorage.testGetEntitiesRelationFilters,OD,,
https://github.com/apache/hadoop,a585a73c3e02ac62350c136643a5e7f6095a3dbb,hadoop-yarn-project/hadoop-yarn/hadoop-yarn-server/hadoop-yarn-server-timelineservice-hbase-tests,org.apache.hadoop.yarn.server.timelineservice.reader.TestTimelineReaderWebServicesHBaseStorage.testGetEntitiesWithoutFlowInfo,OD,,
https://github.com/apache/hadoop,a585a73c3e02ac62350c136643a5e7f6095a3dbb,hadoop-yarn-project/hadoop-yarn/hadoop-yarn-server/hadoop-yarn-server-timelineservice-hbase-tests,org.apache.hadoop.yarn.server.timelineservice.reader.TestTimelineReaderWebServicesHBaseStorage.testGetEntityDataToRetrieve,OD,,
https://github.com/apache/hadoop,a585a73c3e02ac62350c136643a5e7f6095a3dbb,hadoop-yarn-project/hadoop-yarn/hadoop-yarn-server/hadoop-yarn-server-timelineservice-hbase-tests,org.apache.hadoop.yarn.server.timelineservice.reader.TestTimelineReaderWebServicesHBaseStorage.testGetEntityWithoutFlowInfo,OD,,
https://github.com/apache/hadoop,a585a73c3e02ac62350c136643a5e7f6095a3dbb,hadoop-yarn-project/hadoop-yarn/hadoop-yarn-server/hadoop-yarn-server-timelineservice-hbase-tests,org.apache.hadoop.yarn.server.timelineservice.reader.TestTimelineReaderWebServicesHBaseStorage.testGetFlowApps,OD,,
https://github.com/apache/hadoop,a585a73c3e02ac62350c136643a5e7f6095a3dbb,hadoop-yarn-project/hadoop-yarn/hadoop-yarn-server/hadoop-yarn-server-timelineservice-hbase-tests,org.apache.hadoop.yarn.server.timelineservice.reader.TestTimelineReaderWebServicesHBaseStorage.testGetFlowAppsFilters,OD,,
https://github.com/apache/hadoop,a585a73c3e02ac62350c136643a5e7f6095a3dbb,hadoop-yarn-project/hadoop-yarn/hadoop-yarn-server/hadoop-yarn-server-timelineservice-hbase-tests,org.apache.hadoop.yarn.server.timelineservice.reader.TestTimelineReaderWebServicesHBaseStorage.testGetFlowAppsNotPresent,OD,,
https://github.com/apache/hadoop,a585a73c3e02ac62350c136643a5e7f6095a3dbb,hadoop-yarn-project/hadoop-yarn/hadoop-yarn-server/hadoop-yarn-server-timelineservice-hbase-tests,org.apache.hadoop.yarn.server.timelineservice.reader.TestTimelineReaderWebServicesHBaseStorage.testGetFlowRun,OD,,
https://github.com/apache/hadoop,a585a73c3e02ac62350c136643a5e7f6095a3dbb,hadoop-yarn-project/hadoop-yarn/hadoop-yarn-server/hadoop-yarn-server-timelineservice-hbase-tests,org.apache.hadoop.yarn.server.timelineservice.reader.TestTimelineReaderWebServicesHBaseStorage.testGetFlowRunApps,OD,,
https://github.com/apache/hadoop,a585a73c3e02ac62350c136643a5e7f6095a3dbb,hadoop-yarn-project/hadoop-yarn/hadoop-yarn-server/hadoop-yarn-server-timelineservice-hbase-tests,org.apache.hadoop.yarn.server.timelineservice.reader.TestTimelineReaderWebServicesHBaseStorage.testGetFlowRunAppsNotPresent,OD,,
https://github.com/apache/hadoop,a585a73c3e02ac62350c136643a5e7f6095a3dbb,hadoop-yarn-project/hadoop-yarn/hadoop-yarn-server/hadoop-yarn-server-timelineservice-hbase-tests,org.apache.hadoop.yarn.server.timelineservice.reader.TestTimelineReaderWebServicesHBaseStorage.testGetFlowRunNotPresent,OD,,
https://github.com/apache/hadoop,a585a73c3e02ac62350c136643a5e7f6095a3dbb,hadoop-yarn-project/hadoop-yarn/hadoop-yarn-server/hadoop-yarn-server-timelineservice-hbase-tests,org.apache.hadoop.yarn.server.timelineservice.reader.TestTimelineReaderWebServicesHBaseStorage.testGetFlowRuns,OD,,
https://github.com/apache/hadoop,a585a73c3e02ac62350c136643a5e7f6095a3dbb,hadoop-yarn-project/hadoop-yarn/hadoop-yarn-server/hadoop-yarn-server-timelineservice-hbase-tests,org.apache.hadoop.yarn.server.timelineservice.reader.TestTimelineReaderWebServicesHBaseStorage.testGetFlowRunsMetricsToRetrieve,OD,,
https://github.com/apache/hadoop,a585a73c3e02ac62350c136643a5e7f6095a3dbb,hadoop-yarn-project/hadoop-yarn/hadoop-yarn-server/hadoop-yarn-server-timelineservice-hbase-tests,org.apache.hadoop.yarn.server.timelineservice.reader.TestTimelineReaderWebServicesHBaseStorage.testGetFlows,OD,,
https://github.com/apache/hadoop,a585a73c3e02ac62350c136643a5e7f6095a3dbb,hadoop-yarn-project/hadoop-yarn/hadoop-yarn-server/hadoop-yarn-server-timelineservice-hbase-tests,org.apache.hadoop.yarn.server.timelineservice.reader.TestTimelineReaderWebServicesHBaseStorage.testGetFlowsForPagination,OD,,
https://github.com/apache/hadoop,a585a73c3e02ac62350c136643a5e7f6095a3dbb,hadoop-yarn-project/hadoop-yarn/hadoop-yarn-server/hadoop-yarn-server-timelineservice-hbase-tests,org.apache.hadoop.yarn.server.timelineservice.reader.TestTimelineReaderWebServicesHBaseStorage.testGetFlowsNotPresent,OD,,
https://github.com/apache/hadoop,a585a73c3e02ac62350c136643a5e7f6095a3dbb,hadoop-yarn-project/hadoop-yarn/hadoop-yarn-server/hadoop-yarn-server-timelineservice-hbase-tests,org.apache.hadoop.yarn.server.timelineservice.reader.TestTimelineReaderWebServicesHBaseStorage.testUIDNotProperlyEscaped,OD,,
https://github.com/apache/hadoop,a585a73c3e02ac62350c136643a5e7f6095a3dbb,hadoop-yarn-project/hadoop-yarn/hadoop-yarn-server/hadoop-yarn-server-timelineservice-hbase-tests,org.apache.hadoop.yarn.server.timelineservice.reader.TestTimelineReaderWebServicesHBaseStorage.testUIDQueryWithAndWithoutFlowContextInfo,OD,,
https://github.com/apache/hadoop,cc2babc1f75c93bf89a8f10da525f944c15d02ea,hadoop-yarn-project/hadoop-yarn/hadoop-yarn-server/hadoop-yarn-server-timelineservice-hbase-tests,org.apache.hadoop.yarn.server.timelineservice.storage.flow.TestHBaseStorageFlowRunCompaction.testWriteScanBatchLimit,OD,,
https://github.com/apache/hadoop,cc2babc1f75c93bf89a8f10da525f944c15d02ea,hadoop-yarn-project/hadoop-yarn/hadoop-yarn-server/hadoop-yarn-server-timelineservice-hbase-tests,org.apache.hadoop.yarn.server.timelineservice.storage.TestHBaseTimelineStorageEntities.testWriteEntityToHBase,OD,,
https://github.com/apache/hadoop,a585a73c3e02ac62350c136643a5e7f6095a3dbb,hadoop-yarn-project/hadoop-yarn/hadoop-yarn-server/hadoop-yarn-server-timelineservice-hbase-tests,org.apache.hadoop.yarn.server.timelineservice.storage.TestTimelineWriterHBaseDown.testTimelineWriterHBaseDown,OD,,
https://github.com/apache/hadoop,a585a73c3e02ac62350c136643a5e7f6095a3dbb,hadoop-yarn-project/hadoop-yarn/hadoop-yarn-server/hadoop-yarn-server-web-proxy,org.apache.hadoop.yarn.server.webproxy.amfilter.TestSecureAmFilter.testFindRedirectUrl,OD,,
https://github.com/apache/hadoop,a585a73c3e02ac62350c136643a5e7f6095a3dbb,hadoop-yarn-project/hadoop-yarn/hadoop-yarn-server/hadoop-yarn-server-web-proxy,org.apache.hadoop.yarn.server.webproxy.TestWebAppProxyServer.testStart,OD,,
https://github.com/apache/hadoop,a585a73c3e02ac62350c136643a5e7f6095a3dbb,hadoop-yarn-project/hadoop-yarn/hadoop-yarn-server/hadoop-yarn-server-web-proxy,org.apache.hadoop.yarn.server.webproxy.TestWebAppProxyServer.testStartWithBindHost,OD,,
https://github.com/apache/hadoop,a585a73c3e02ac62350c136643a5e7f6095a3dbb,hadoop-yarn-project/hadoop-yarn/hadoop-yarn-applications/hadoop-yarn-services/hadoop-yarn-services-api,org.apache.hadoop.yarn.service.client.TestApiServiceClient.testNoneSecureApiClient,OD,,
https://github.com/apache/hadoop,a585a73c3e02ac62350c136643a5e7f6095a3dbb,hadoop-yarn-project/hadoop-yarn/hadoop-yarn-applications/hadoop-yarn-services/hadoop-yarn-services-core,org.apache.hadoop.yarn.service.client.TestServiceClient.testActionCompInstanceUpgrade,OD,,
https://github.com/apache/hadoop,a585a73c3e02ac62350c136643a5e7f6095a3dbb,hadoop-yarn-project/hadoop-yarn/hadoop-yarn-applications/hadoop-yarn-services/hadoop-yarn-services-core,org.apache.hadoop.yarn.service.client.TestServiceClient.testActionServiceUpgrade,OD,,
https://github.com/apache/hadoop,a585a73c3e02ac62350c136643a5e7f6095a3dbb,hadoop-yarn-project/hadoop-yarn/hadoop-yarn-applications/hadoop-yarn-services/hadoop-yarn-services-core,org.apache.hadoop.yarn.service.client.TestServiceClient.testGetCompInstances,OD,,
https://github.com/apache/hadoop,a585a73c3e02ac62350c136643a5e7f6095a3dbb,hadoop-yarn-project/hadoop-yarn/hadoop-yarn-applications/hadoop-yarn-services/hadoop-yarn-services-core,org.apache.hadoop.yarn.service.client.TestServiceClient.testUpgradeDisabledWhenAllCompsHaveNeverRestartPolicy,OD,,
https://github.com/apache/hadoop,a585a73c3e02ac62350c136643a5e7f6095a3dbb,hadoop-yarn-project/hadoop-yarn/hadoop-yarn-applications/hadoop-yarn-services/hadoop-yarn-services-api,org.apache.hadoop.yarn.service.client.TestSystemServiceManagerImpl.testFileSystemCloseWhenCleanUpService,OD,,
https://github.com/apache/hadoop,a585a73c3e02ac62350c136643a5e7f6095a3dbb,hadoop-yarn-project/hadoop-yarn/hadoop-yarn-applications/hadoop-yarn-services/hadoop-yarn-services-core,org.apache.hadoop.yarn.service.monitor.TestServiceMonitor.testComponentDependency,OD,,
https://github.com/apache/hadoop,a585a73c3e02ac62350c136643a5e7f6095a3dbb,hadoop-yarn-project/hadoop-yarn/hadoop-yarn-applications/hadoop-yarn-services/hadoop-yarn-services-core,org.apache.hadoop.yarn.service.TestServiceAM.testContainersFromDifferentApp,OD,,
https://github.com/apache/hadoop,a585a73c3e02ac62350c136643a5e7f6095a3dbb,hadoop-yarn-project/hadoop-yarn/hadoop-yarn-applications/hadoop-yarn-services/hadoop-yarn-services-core,org.apache.hadoop.yarn.service.TestServiceAM.testContainersReleasedWhenPreLaunchFails,OD,,
https://github.com/apache/hadoop,a585a73c3e02ac62350c136643a5e7f6095a3dbb,hadoop-yarn-project/hadoop-yarn/hadoop-yarn-applications/hadoop-yarn-services/hadoop-yarn-services-core,org.apache.hadoop.yarn.service.TestServiceAM.testIPChange,OD,,
https://github.com/apache/hadoop,a585a73c3e02ac62350c136643a5e7f6095a3dbb,hadoop-yarn-project/hadoop-yarn/hadoop-yarn-applications/hadoop-yarn-services/hadoop-yarn-services-core,org.apache.hadoop.yarn.service.TestServiceManager.testAutoFinalize,OD,,
https://github.com/apache/hadoop,a585a73c3e02ac62350c136643a5e7f6095a3dbb,hadoop-yarn-project/hadoop-yarn/hadoop-yarn-applications/hadoop-yarn-services/hadoop-yarn-services-core,org.apache.hadoop.yarn.service.TestServiceManager.testAutoFinalizeNothingToUpgrade,OD,,
https://github.com/apache/hadoop,a585a73c3e02ac62350c136643a5e7f6095a3dbb,hadoop-yarn-project/hadoop-yarn/hadoop-yarn-applications/hadoop-yarn-services/hadoop-yarn-services-core,org.apache.hadoop.yarn.service.TestServiceManager.testCancelUpgrade,OD,,
https://github.com/apache/hadoop,a585a73c3e02ac62350c136643a5e7f6095a3dbb,hadoop-yarn-project/hadoop-yarn/hadoop-yarn-applications/hadoop-yarn-services/hadoop-yarn-services-core,org.apache.hadoop.yarn.service.TestServiceManager.testCancelUpgradeAfterInitiate,OD,,
https://github.com/apache/hadoop,a585a73c3e02ac62350c136643a5e7f6095a3dbb,hadoop-yarn-project/hadoop-yarn/hadoop-yarn-applications/hadoop-yarn-services/hadoop-yarn-services-core,org.apache.hadoop.yarn.service.TestServiceManager.testExpressUpgrade,OD,,
https://github.com/apache/hadoop,a585a73c3e02ac62350c136643a5e7f6095a3dbb,hadoop-yarn-project/hadoop-yarn/hadoop-yarn-applications/hadoop-yarn-services/hadoop-yarn-services-core,org.apache.hadoop.yarn.service.TestServiceManager.testFinalize,OD,,
https://github.com/apache/hadoop,a585a73c3e02ac62350c136643a5e7f6095a3dbb,hadoop-yarn-project/hadoop-yarn/hadoop-yarn-applications/hadoop-yarn-services/hadoop-yarn-services-core,org.apache.hadoop.yarn.service.TestServiceManager.testInvalidUpgrade,OD,,
https://github.com/apache/hadoop,a585a73c3e02ac62350c136643a5e7f6095a3dbb,hadoop-yarn-project/hadoop-yarn/hadoop-yarn-applications/hadoop-yarn-services/hadoop-yarn-services-core,org.apache.hadoop.yarn.service.TestServiceManager.testRestartNothingToUpgrade,OD,,
https://github.com/apache/hadoop,a585a73c3e02ac62350c136643a5e7f6095a3dbb,hadoop-yarn-project/hadoop-yarn/hadoop-yarn-applications/hadoop-yarn-services/hadoop-yarn-services-core,org.apache.hadoop.yarn.service.TestServiceManager.testRestartWithPendingUpgrade,OD,,
https://github.com/apache/hadoop,a585a73c3e02ac62350c136643a5e7f6095a3dbb,hadoop-yarn-project/hadoop-yarn/hadoop-yarn-applications/hadoop-yarn-services/hadoop-yarn-services-core,org.apache.hadoop.yarn.service.TestServiceManager.testUpgrade,OD,,
https://github.com/apache/hadoop,a585a73c3e02ac62350c136643a5e7f6095a3dbb,hadoop-yarn-project/hadoop-yarn/hadoop-yarn-common,org.apache.hadoop.yarn.TestContainerLaunchRPC.testHadoopProtoRPCTimeout,OD,,
https://github.com/apache/hadoop,a585a73c3e02ac62350c136643a5e7f6095a3dbb,hadoop-yarn-project/hadoop-yarn/hadoop-yarn-common,org.apache.hadoop.yarn.TestContainerResourceIncreaseRPC.testHadoopProtoRPCTimeout,OD,,
https://github.com/apache/hadoop,a585a73c3e02ac62350c136643a5e7f6095a3dbb,hadoop-yarn-project/hadoop-yarn/hadoop-yarn-common,org.apache.hadoop.yarn.util.resource.TestResources.testAdd,OD,Opened,https://github.com/apache/hadoop/pull/8049
https://github.com/apache/hadoop,a585a73c3e02ac62350c136643a5e7f6095a3dbb,hadoop-yarn-project/hadoop-yarn/hadoop-yarn-common,org.apache.hadoop.yarn.util.resource.TestResources.testClone,OD,Opened,https://github.com/apache/hadoop/pull/8049
https://github.com/apache/hadoop,a585a73c3e02ac62350c136643a5e7f6095a3dbb,hadoop-yarn-project/hadoop-yarn/hadoop-yarn-common,org.apache.hadoop.yarn.util.resource.TestResources.testCompareToWithNoneResource,OD,Opened,https://github.com/apache/hadoop/pull/8049
https://github.com/apache/hadoop,a585a73c3e02ac62350c136643a5e7f6095a3dbb,hadoop-yarn-project/hadoop-yarn/hadoop-yarn-common,org.apache.hadoop.yarn.util.resource.TestResources.testComponentwiseMax,OD,Opened,https://github.com/apache/hadoop/pull/8049
https://github.com/apache/hadoop,a585a73c3e02ac62350c136643a5e7f6095a3dbb,hadoop-yarn-project/hadoop-yarn/hadoop-yarn-common,org.apache.hadoop.yarn.util.resource.TestResources.testComponentwiseMin,OD,Opened,https://github.com/apache/hadoop/pull/8049
https://github.com/apache/hadoop,a585a73c3e02ac62350c136643a5e7f6095a3dbb,hadoop-yarn-project/hadoop-yarn/hadoop-yarn-common,org.apache.hadoop.yarn.util.resource.TestResources.testFitsIn,OD,Opened,https://github.com/apache/hadoop/pull/8049
https://github.com/apache/hadoop,a585a73c3e02ac62350c136643a5e7f6095a3dbb,hadoop-yarn-project/hadoop-yarn/hadoop-yarn-common,org.apache.hadoop.yarn.util.resource.TestResources.testMultiply,OD,Opened,https://github.com/apache/hadoop/pull/8049
https://github.com/apache/hadoop,a585a73c3e02ac62350c136643a5e7f6095a3dbb,hadoop-yarn-project/hadoop-yarn/hadoop-yarn-common,org.apache.hadoop.yarn.util.resource.TestResources.testMultiplyAndRoundDown,OD,Opened,https://github.com/apache/hadoop/pull/8049
https://github.com/apache/hadoop,a585a73c3e02ac62350c136643a5e7f6095a3dbb,hadoop-yarn-project/hadoop-yarn/hadoop-yarn-common,org.apache.hadoop.yarn.util.resource.TestResources.testMultiplyAndRoundUpCustomResources,OD,Opened,https://github.com/apache/hadoop/pull/8049
https://github.com/apache/hadoop,a585a73c3e02ac62350c136643a5e7f6095a3dbb,hadoop-yarn-project/hadoop-yarn/hadoop-yarn-common,org.apache.hadoop.yarn.util.resource.TestResources.testSubtract,OD,Opened,https://github.com/apache/hadoop/pull/8049
https://github.com/apache/hadoop,a585a73c3e02ac62350c136643a5e7f6095a3dbb,hadoop-yarn-project/hadoop-yarn/hadoop-yarn-common,org.apache.hadoop.yarn.util.resource.TestResourceUtils.testGetResourceTypes,OD,,
https://github.com/apache/hadoop,a585a73c3e02ac62350c136643a5e7f6095a3dbb,hadoop-yarn-project/hadoop-yarn/hadoop-yarn-common,org.apache.hadoop.yarn.util.TestRackResolverScriptBasedMapping.testScriptName,OD,,
https://github.com/apache/hadoop,a585a73c3e02ac62350c136643a5e7f6095a3dbb,hadoop-yarn-project/hadoop-yarn/hadoop-yarn-common,org.apache.hadoop.yarn.webapp.TestWebApp.testCustomRoutes,OD,Opened,https://github.com/apache/hadoop/pull/8045
https://github.com/apache/hadoop,a585a73c3e02ac62350c136643a5e7f6095a3dbb,hadoop-yarn-project/hadoop-yarn/hadoop-yarn-common,org.apache.hadoop.yarn.webapp.TestWebApp.testDefaultRoutes,OD,Opened,https://github.com/apache/hadoop/pull/8045
https://github.com/apache/hadoop,a585a73c3e02ac62350c136643a5e7f6095a3dbb,hadoop-yarn-project/hadoop-yarn/hadoop-yarn-common,org.apache.hadoop.yarn.webapp.TestWebApp.testYARNWebAppContext,OD,Opened,https://github.com/apache/hadoop/pull/8045
https://github.com/apache/hbase,881c92b892844be567d5f26b161a820ebf319f84,hbase-replication,org.apache.hadoop.hbase.replication.TestReplicationStateZKImpl.testHfileRefsReplicationQueues,OD,,
https://github.com/apache/hbase,881c92b892844be567d5f26b161a820ebf319f84,hbase-replication,org.apache.hadoop.hbase.replication.TestReplicationStateZKImpl.testPersistLogPositionAndSeqIdAtomically,OD,,
https://github.com/apache/hbase,881c92b892844be567d5f26b161a820ebf319f84,hbase-replication,org.apache.hadoop.hbase.replication.TestReplicationStateZKImpl.testRemovePeerForHFileRefs,OD,,
https://github.com/apache/hbase,881c92b892844be567d5f26b161a820ebf319f84,hbase-replication,org.apache.hadoop.hbase.replication.TestReplicationStateZKImpl.testReplicationPeers,OD,,
https://github.com/apache/hbase,881c92b892844be567d5f26b161a820ebf319f84,hbase-replication,org.apache.hadoop.hbase.replication.TestReplicationStateZKImpl.testReplicationQueues,OD,,
https://github.com/apache/hbase,881c92b892844be567d5f26b161a820ebf319f84,hbase-replication,org.apache.hadoop.hbase.replication.TestReplicationStateZKImpl.testReplicationQueueStorage,OD,,
https://github.com/apache/hbase,881c92b892844be567d5f26b161a820ebf319f84,hbase-replication,org.apache.hadoop.hbase.replication.TestZKReplicationPeerStorage.test,OD,,
https://github.com/apache/hbase,881c92b892844be567d5f26b161a820ebf319f84,hbase-zookeeper,org.apache.hadoop.hbase.zookeeper.TestInstancePending.test,OD,,
https://github.com/apache/hbase,881c92b892844be567d5f26b161a820ebf319f84,hbase-zookeeper,org.apache.hadoop.hbase.zookeeper.TestReadOnlyZKClient.testNotCloseZkWhenPending,OD,,
https://github.com/apache/hbase,881c92b892844be567d5f26b161a820ebf319f84,hbase-zookeeper,org.apache.hadoop.hbase.zookeeper.TestReadOnlyZKClient.testRead,OD,,
https://github.com/apache/hbase,881c92b892844be567d5f26b161a820ebf319f84,hbase-zookeeper,org.apache.hadoop.hbase.zookeeper.TestReadOnlyZKClient.testSessionExpire,OD,,
https://github.com/apache/hbase,881c92b892844be567d5f26b161a820ebf319f84,hbase-zookeeper,org.apache.hadoop.hbase.zookeeper.TestRecoverableZooKeeper.testSetDataVersionMismatchInLoop,OD,,
https://github.com/apache/hbase,881c92b892844be567d5f26b161a820ebf319f84,hbase-zookeeper,org.apache.hadoop.hbase.zookeeper.TestZKLeaderManager.testLeaderSelection,OD,,
https://github.com/apache/hbase,881c92b892844be567d5f26b161a820ebf319f84,hbase-zookeeper,org.apache.hadoop.hbase.zookeeper.TestZKMainServer.testCommandLineWorks,OD,,
https://github.com/apache/hbase,881c92b892844be567d5f26b161a820ebf319f84,hbase-zookeeper,org.apache.hadoop.hbase.zookeeper.TestZKMulti.testBatchedDeletesOfWideZNodes,OD,,
https://github.com/apache/hbase,881c92b892844be567d5f26b161a820ebf319f84,hbase-zookeeper,org.apache.hadoop.hbase.zookeeper.TestZKMulti.testComplexMulti,OD,,
https://github.com/apache/hbase,881c92b892844be567d5f26b161a820ebf319f84,hbase-zookeeper,org.apache.hadoop.hbase.zookeeper.TestZKMulti.testdeleteChildrenRecursivelyMulti,OD,,
https://github.com/apache/hbase,881c92b892844be567d5f26b161a820ebf319f84,hbase-zookeeper,org.apache.hadoop.hbase.zookeeper.TestZKMulti.testDeleteChildrenRecursivelyMultiOrSequential,OD,,
https://github.com/apache/hbase,881c92b892844be567d5f26b161a820ebf319f84,hbase-zookeeper,org.apache.hadoop.hbase.zookeeper.TestZKMulti.testDeleteNodeRecursivelyMulti,OD,,
https://github.com/apache/hbase,881c92b892844be567d5f26b161a820ebf319f84,hbase-zookeeper,org.apache.hadoop.hbase.zookeeper.TestZKMulti.testDeleteNodeRecursivelyMultiOrSequential,OD,,
https://github.com/apache/hbase,881c92b892844be567d5f26b161a820ebf319f84,hbase-zookeeper,org.apache.hadoop.hbase.zookeeper.TestZKMulti.testMultiFailure,OD,,
https://github.com/apache/hbase,881c92b892844be567d5f26b161a820ebf319f84,hbase-zookeeper,org.apache.hadoop.hbase.zookeeper.TestZKMulti.testRunSequentialOnMultiFailure,OD,,
https://github.com/apache/hbase,881c92b892844be567d5f26b161a820ebf319f84,hbase-zookeeper,org.apache.hadoop.hbase.zookeeper.TestZKMulti.testSimpleMulti,OD,,
https://github.com/apache/hbase,881c92b892844be567d5f26b161a820ebf319f84,hbase-zookeeper,org.apache.hadoop.hbase.zookeeper.TestZKMulti.testSingleFailure,OD,,
https://github.com/apache/hbase,881c92b892844be567d5f26b161a820ebf319f84,hbase-zookeeper,org.apache.hadoop.hbase.zookeeper.TestZKMulti.testSingleFailureInMulti,OD,,
https://github.com/apache/hbase,881c92b892844be567d5f26b161a820ebf319f84,hbase-zookeeper,org.apache.hadoop.hbase.zookeeper.TestZKNodeTracker.testCleanZNode,OD,,
https://github.com/apache/hbase,881c92b892844be567d5f26b161a820ebf319f84,hbase-zookeeper,org.apache.hadoop.hbase.zookeeper.TestZKNodeTracker.testInterruptible,OD,,
https://github.com/apache/hbase,881c92b892844be567d5f26b161a820ebf319f84,hbase-zookeeper,org.apache.hadoop.hbase.zookeeper.TestZKNodeTracker.testNodeTracker,OD,,
https://github.com/apache/hbase,881c92b892844be567d5f26b161a820ebf319f84,hbase-zookeeper,org.apache.hadoop.hbase.zookeeper.TestZKUtil.testCreateSilentIsReallySilent,OD,,
https://github.com/apache/hbase,881c92b892844be567d5f26b161a820ebf319f84,hbase-zookeeper,org.apache.hadoop.hbase.zookeeper.TestZKUtil.testCreateWithParents,OD,,
https://github.com/apache/hbase,881c92b892844be567d5f26b161a820ebf319f84,hbase-zookeeper,org.apache.hadoop.hbase.zookeeper.TestZKUtil.testGetChildDataAndWatchForNewChildrenShouldNotThrowNPE,OD,,
https://github.com/apache/hbase,881c92b892844be567d5f26b161a820ebf319f84,hbase-zookeeper,org.apache.hadoop.hbase.zookeeper.TestZKUtil.testSetDataWithVersion,OD,,
https://github.com/apache/hbase,881c92b892844be567d5f26b161a820ebf319f84,hbase-zookeeper,org.apache.hadoop.hbase.zookeeper.TestZKUtil.testZNodeDeletes,OD,,
https://github.com/apache/hive,54e43339dd671018fc70ebb5d9f0b292d70391a6,llap-tez,org.apache.hadoop.hive.llap.tezplugins.TestLlapTaskSchedulerService.testChangeGuaranteedTotal,OD,,
https://github.com/apache/hive,54e43339dd671018fc70ebb5d9f0b292d70391a6,llap-tez,org.apache.hadoop.hive.llap.tezplugins.TestLlapTaskSchedulerService.testConcurrentUpdates,OD,,
https://github.com/apache/hive,54e43339dd671018fc70ebb5d9f0b292d70391a6,llap-tez,org.apache.hadoop.hive.llap.tezplugins.TestLlapTaskSchedulerService.testConcurrentUpdateWithError,OD,,
https://github.com/apache/hive,54e43339dd671018fc70ebb5d9f0b292d70391a6,llap-tez,org.apache.hadoop.hive.llap.tezplugins.TestLlapTaskSchedulerService.testDelayedLocalityFallbackToNonLocal,OD,,
https://github.com/apache/hive,54e43339dd671018fc70ebb5d9f0b292d70391a6,llap-tez,org.apache.hadoop.hive.llap.tezplugins.TestLlapTaskSchedulerService.testDelayedLocalityNodeCommErrorDelayedAllocation,OD,,
https://github.com/apache/hive,54e43339dd671018fc70ebb5d9f0b292d70391a6,llap-tez,org.apache.hadoop.hive.llap.tezplugins.TestLlapTaskSchedulerService.testDelayedLocalityNodeCommErrorImmediateAllocation,OD,,
https://github.com/apache/hive,54e43339dd671018fc70ebb5d9f0b292d70391a6,llap-tez,org.apache.hadoop.hive.llap.tezplugins.TestLlapTaskSchedulerService.testDelayedQueeTaskSelectionAfterScheduled,OD,,
https://github.com/apache/hive,54e43339dd671018fc70ebb5d9f0b292d70391a6,llap-tez,org.apache.hadoop.hive.llap.tezplugins.TestLlapTaskSchedulerService.testForcedLocalityMultiplePreemptionsSameHost2,OD,,
https://github.com/apache/hive,54e43339dd671018fc70ebb5d9f0b292d70391a6,llap-tez,org.apache.hadoop.hive.llap.tezplugins.TestLlapTaskSchedulerService.testGuaranteedScheduling,OD,,
https://github.com/apache/hive,54e43339dd671018fc70ebb5d9f0b292d70391a6,llap-tez,org.apache.hadoop.hive.llap.tezplugins.TestLlapTaskSchedulerService.testHeartbeatInconsistency,OD,,
https://github.com/apache/hive,54e43339dd671018fc70ebb5d9f0b292d70391a6,llap-tez,org.apache.hadoop.hive.llap.tezplugins.TestLlapTaskSchedulerService.testHostPreferenceMissesConsistentPartialAlive,OD,,
https://github.com/apache/hive,54e43339dd671018fc70ebb5d9f0b292d70391a6,llap-tez,org.apache.hadoop.hive.llap.tezplugins.TestLlapTaskSchedulerService.testHostPreferenceMissesConsistentRollover,OD,,
https://github.com/apache/hive,54e43339dd671018fc70ebb5d9f0b292d70391a6,llap-tez,org.apache.hadoop.hive.llap.tezplugins.TestLlapTaskSchedulerService.testNodeReEnabled,OD,,
https://github.com/apache/hive,54e43339dd671018fc70ebb5d9f0b292d70391a6,llap-tez,org.apache.hadoop.hive.llap.tezplugins.TestLlapTaskSchedulerService.testPreemptionChoiceTimeOrdering,OD,,
https://github.com/apache/hive,54e43339dd671018fc70ebb5d9f0b292d70391a6,llap-tez,org.apache.hadoop.hive.llap.tezplugins.TestLlapTaskSchedulerService.testSimpleLocalAllocation,OD,,
https://github.com/apache/hive,54e43339dd671018fc70ebb5d9f0b292d70391a6,llap-tez,org.apache.hadoop.hive.llap.tezplugins.TestLlapTaskSchedulerService.testSimpleNoLocalityAllocation,OD,,
https://github.com/apache/hive,54e43339dd671018fc70ebb5d9f0b292d70391a6,llap-tez,org.apache.hadoop.hive.llap.tezplugins.TestLlapTaskSchedulerService.testUpdateWithError,OD,,
https://github.com/apache/hive,54e43339dd671018fc70ebb5d9f0b292d70391a6,serde,org.apache.hadoop.hive.serde2.avro.TestAvroDeserializer.canDeserializeTimestamps,OD,,
https://github.com/apache/hive,54e43339dd671018fc70ebb5d9f0b292d70391a6,serde,org.apache.hadoop.hive.serde2.objectinspector.TestObjectInspectorUtils.testBucketHashGeneration,OD,,
https://github.com/apache/incubator-ratis,bc9d7615d8ffa30e79a36b9fd1950af38f0f6a49,ratis-server,org.apache.ratis.server.impl.TestRetryCacheMetrics.testRetryCacheEntryCount,OD,Accepted,https://github.com/apache/incubator-ratis/pull/321
https://github.com/apache/incubator-ratis,bc9d7615d8ffa30e79a36b9fd1950af38f0f6a49,ratis-server,org.apache.ratis.server.metrics.TestLeaderElectionMetrics.testOnLeaderElectionCompletion,OD,Accepted,https://github.com/apache/incubator-ratis/pull/321
https://github.com/apache/incubator-seata,4959cfb49009d3e4c349fd2c95e590184bd5a9a8,common,org.apache.seata.common.rpc.RpcStatusTest.beginCount,OD,Opened,https://github.com/apache/incubator-seata/pull/7819
https://github.com/apache/incubator-seata,4959cfb49009d3e4c349fd2c95e590184bd5a9a8,common,org.apache.seata.common.rpc.RpcStatusTest.endCount,OD,Opened,https://github.com/apache/incubator-seata/pull/7819
https://github.com/apache/incubator-seata,4959cfb49009d3e4c349fd2c95e590184bd5a9a8,config,org.apache.seata.config.AbstractConfigurationTest.testGetConfigWithNull,OD,Accepted,https://github.com/apache/incubator-seata/pull/7815
https://github.com/apache/jackrabbit-oak,bd0526a24f221413976281ccbb0df95170fccc76,oak-blob-plugins,org.apache.jackrabbit.oak.plugins.blob.datastore.BlobIdTrackerClusterSharedTest.addRetrieveCluster,OD,,
https://github.com/apache/jackrabbit-oak,bd0526a24f221413976281ccbb0df95170fccc76,oak-blob-plugins,org.apache.jackrabbit.oak.plugins.blob.datastore.BlobIdTrackerClusterSharedTest.addRetrieveShared,OD,,
https://github.com/apache/jackrabbit-oak,bd0526a24f221413976281ccbb0df95170fccc76,oak-blob-plugins,org.apache.jackrabbit.oak.plugins.blob.datastore.BlobIdTrackerTest.addSnapshot,OD,,
https://github.com/apache/jackrabbit-oak,bd0526a24f221413976281ccbb0df95170fccc76,oak-blob-plugins,org.apache.jackrabbit.oak.plugins.blob.datastore.BlobIdTrackerTest.addSnapshotRemove,OD,,
https://github.com/apache/jackrabbit-oak,bd0526a24f221413976281ccbb0df95170fccc76,oak-blob-plugins,org.apache.jackrabbit.oak.plugins.blob.datastore.BlobIdTrackerTest.externalAddOffline,OD,,
https://github.com/apache/jackrabbit-oak,bd0526a24f221413976281ccbb0df95170fccc76,oak-blob-plugins,org.apache.jackrabbit.oak.plugins.blob.datastore.BlobIdTrackerTest.snapshotBeforeRemove,OD,,
https://github.com/apache/jackrabbit-oak,bd0526a24f221413976281ccbb0df95170fccc76,oak-blob-plugins,org.apache.jackrabbit.oak.plugins.blob.datastore.BlobIdTrackerTest.snapshotExecuteAfterRemove,OD,,
https://github.com/apache/jackrabbit-oak,bd0526a24f221413976281ccbb0df95170fccc76,oak-blob-plugins,org.apache.jackrabbit.oak.plugins.blob.datastore.BlobIdTrackerTest.snapshotIgnoreAfterRemove,OD,,
https://github.com/apache/jackrabbit-oak,bd0526a24f221413976281ccbb0df95170fccc76,oak-blob-plugins,org.apache.jackrabbit.oak.plugins.blob.datastore.DataStoreBlobStoreTest.testAddRepositoryId,OD,,
https://github.com/apache/jackrabbit-oak,bd0526a24f221413976281ccbb0df95170fccc76,oak-blob-plugins,org.apache.jackrabbit.oak.plugins.blob.SharedDataStoreUtilsTest.repoMarkerExistOnClose,OD,,
https://github.com/apache/jackrabbit-oak,bd0526a24f221413976281ccbb0df95170fccc76,oak-blob-plugins,org.apache.jackrabbit.oak.plugins.blob.SharedDataStoreUtilsTest.test,OD,,
https://github.com/apache/jackrabbit-oak,bd0526a24f221413976281ccbb0df95170fccc76,oak-blob-plugins,org.apache.jackrabbit.oak.plugins.blob.SharedDataStoreUtilsTest.testAddMetadata,OD,,
https://github.com/apache/jackrabbit-oak,bd0526a24f221413976281ccbb0df95170fccc76,oak-blob-plugins,org.apache.jackrabbit.oak.plugins.blob.SharedDataStoreUtilsTest.testAddMetadataWithConditionalExtraSuffix,OD,,
https://github.com/apache/jackrabbit-oak,bd0526a24f221413976281ccbb0df95170fccc76,oak-blob-plugins,org.apache.jackrabbit.oak.plugins.blob.SharedDataStoreUtilsTest.testAddMetadataWithExtraSuffix,OD,,
https://github.com/apache/jackrabbit-oak,bd0526a24f221413976281ccbb0df95170fccc76,oak-blob-plugins,org.apache.jackrabbit.oak.plugins.blob.SharedDataStoreUtilsTest.testRefsAvailableAllRepos,OD,,
https://github.com/apache/jackrabbit-oak,bd0526a24f221413976281ccbb0df95170fccc76,oak-blob-plugins,org.apache.jackrabbit.oak.plugins.blob.SharedDataStoreUtilsTest.testRefsNotAvailableAllRepos,OD,,
https://github.com/apache/jackrabbit-oak,bd0526a24f221413976281ccbb0df95170fccc76,oak-blob-plugins,org.apache.jackrabbit.oak.plugins.blob.SharedDataStoreUtilsTest.transientRepoMarkerDeleteOnClose,OD,,
https://github.com/apache/jackrabbit-oak,11985b3fbbd4f7f39dfaf368b01b5e0c67a32f0d,oak-core,org.apache.jackrabbit.oak.plugins.index.property.OrderedPropertyIndexProviderTest.multipleQueryRuns,OD,Opened,https://github.com/apache/jackrabbit-oak/pull/1220
https://github.com/apache/jackrabbit-oak,11985b3fbbd4f7f39dfaf368b01b5e0c67a32f0d,oak-core,org.apache.jackrabbit.oak.plugins.index.property.OrderedPropertyIndexProviderTest.singleQueryRun,OD,Opened,https://github.com/apache/jackrabbit-oak/pull/1220
https://github.com/apache/karaf,b368a87cba0f0e235d5dae72fd6c3559b50fb75c,.,org.apache.karaf.main.MainLockingTest.testLostMasterLockAfterThreshold,OD,Accepted,https://github.com/apache/karaf/pull/1792
https://github.com/apache/logging-log4j2,d6bf69a55c3c727f57ddf4dce5e71a8a3953f449,log4j-core,org.apache.logging.log4j.core.async.AsyncThreadContextTest.testStateLeakage,OD,Accepted,https://github.com/apache/logging-log4j2/pull/3945
https://github.com/apache/nifi,41ff6f076b2e5346cf695ff2064e5dcfe249c124,nifi-nar-bundles/nifi-framework-bundle/nifi-framework/nifi-framework-core,org.apache.nifi.controller.TestEncryptedFileSystemSwapManager.testSwapOutSwapIn,OD,,
https://github.com/apache/nifi,12015a17dd93a1d42c9d6ddab6cc5ce606fef16a,nifi-nar-bundles/nifi-framework-bundle/nifi-framework/nifi-web/nifi-web-api,org.apache.nifi.integration.accesscontrol.ITConnectionAccessControl.testReadUserGetConnection,OD,,
https://github.com/apache/nifi,12015a17dd93a1d42c9d6ddab6cc5ce606fef16a,nifi-nar-bundles/nifi-framework-bundle/nifi-framework/nifi-web/nifi-web-api,org.apache.nifi.integration.accesscontrol.ITCountersAccessControl.testUpdateCounters,OD,,
https://github.com/apache/nifi,12015a17dd93a1d42c9d6ddab6cc5ce606fef16a,nifi-nar-bundles/nifi-framework-bundle/nifi-framework/nifi-web/nifi-web-api,org.apache.nifi.integration.accesscontrol.ITFlowAccessControl.testGenerateClientId,OD,,
https://github.com/apache/nifi,12015a17dd93a1d42c9d6ddab6cc5ce606fef16a,nifi-nar-bundles/nifi-framework-bundle/nifi-framework/nifi-web/nifi-web-api,org.apache.nifi.integration.accesscontrol.ITFlowAccessControl.testSearch,OD,,
https://github.com/apache/nifi,12015a17dd93a1d42c9d6ddab6cc5ce606fef16a,nifi-nar-bundles/nifi-framework-bundle/nifi-framework/nifi-web/nifi-web-api,org.apache.nifi.integration.accesscontrol.ITFunnelAccessControl.testNoneUserPutFunnel,OD,,
https://github.com/apache/nifi,12015a17dd93a1d42c9d6ddab6cc5ce606fef16a,nifi-nar-bundles/nifi-framework-bundle/nifi-framework/nifi-web/nifi-web-api,org.apache.nifi.integration.accesscontrol.ITFunnelAccessControl.testWriteUserDeleteFunnel,OD,,
https://github.com/apache/nifi,12015a17dd93a1d42c9d6ddab6cc5ce606fef16a,nifi-nar-bundles/nifi-framework-bundle/nifi-framework/nifi-web/nifi-web-api,org.apache.nifi.integration.accesscontrol.ITInputPortAccessControl.testNoneUserGetInputPort,OD,,
https://github.com/apache/nifi,12015a17dd93a1d42c9d6ddab6cc5ce606fef16a,nifi-nar-bundles/nifi-framework-bundle/nifi-framework/nifi-web/nifi-web-api,org.apache.nifi.integration.accesscontrol.ITInputPortAccessControl.testReadWriteUserDeleteInputPort,OD,,
https://github.com/apache/nifi,12015a17dd93a1d42c9d6ddab6cc5ce606fef16a,nifi-nar-bundles/nifi-framework-bundle/nifi-framework/nifi-web/nifi-web-api,org.apache.nifi.integration.accesscontrol.ITLabelAccessControl.testWriteUserGetLabel,OD,,
https://github.com/apache/nifi,12015a17dd93a1d42c9d6ddab6cc5ce606fef16a,nifi-nar-bundles/nifi-framework-bundle/nifi-framework/nifi-web/nifi-web-api,org.apache.nifi.integration.accesscontrol.ITOutputPortAccessControl.testReadUserGetOutputPort,OD,,
https://github.com/apache/nifi,12015a17dd93a1d42c9d6ddab6cc5ce606fef16a,nifi-nar-bundles/nifi-framework-bundle/nifi-framework/nifi-web/nifi-web-api,org.apache.nifi.integration.accesscontrol.ITOutputPortAccessControl.testReadUserPutOutputPort,OD,,
https://github.com/apache/nifi,12015a17dd93a1d42c9d6ddab6cc5ce606fef16a,nifi-nar-bundles/nifi-framework-bundle/nifi-framework/nifi-web/nifi-web-api,org.apache.nifi.integration.accesscontrol.ITOutputPortAccessControl.testReadWriteUserGetOutputPort,OD,,
https://github.com/apache/nifi,12015a17dd93a1d42c9d6ddab6cc5ce606fef16a,nifi-nar-bundles/nifi-framework-bundle/nifi-framework/nifi-web/nifi-web-api,org.apache.nifi.integration.accesscontrol.ITOutputPortAccessControl.testWriteUserDeleteOutputPort,OD,,
https://github.com/apache/nifi,12015a17dd93a1d42c9d6ddab6cc5ce606fef16a,nifi-nar-bundles/nifi-framework-bundle/nifi-framework/nifi-web/nifi-web-api,org.apache.nifi.integration.accesscontrol.ITProcessGroupAccessControl.testNoneUserPutProcessGroup,OD,,
https://github.com/apache/nifi,12015a17dd93a1d42c9d6ddab6cc5ce606fef16a,nifi-nar-bundles/nifi-framework-bundle/nifi-framework/nifi-web/nifi-web-api,org.apache.nifi.integration.accesscontrol.ITProcessGroupAccessControl.testReadUserPutProcessGroup,OD,,
https://github.com/apache/nifi,12015a17dd93a1d42c9d6ddab6cc5ce606fef16a,nifi-nar-bundles/nifi-framework-bundle/nifi-framework/nifi-web/nifi-web-api,org.apache.nifi.integration.accesscontrol.ITProcessGroupAccessControl.testReadWriteUserDeleteProcessGroup,OD,,
https://github.com/apache/nifi,12015a17dd93a1d42c9d6ddab6cc5ce606fef16a,nifi-nar-bundles/nifi-framework-bundle/nifi-framework/nifi-web/nifi-web-api,org.apache.nifi.integration.accesscontrol.ITProcessGroupAccessControl.testReadWriteUserGetProcessGroup,OD,,
https://github.com/apache/nifi,12015a17dd93a1d42c9d6ddab6cc5ce606fef16a,nifi-nar-bundles/nifi-framework-bundle/nifi-framework/nifi-web/nifi-web-api,org.apache.nifi.integration.accesscontrol.ITProcessGroupAccessControl.testReadWriteUserPutProcessGroup,OD,,
https://github.com/apache/nifi,12015a17dd93a1d42c9d6ddab6cc5ce606fef16a,nifi-nar-bundles/nifi-framework-bundle/nifi-framework/nifi-web/nifi-web-api,org.apache.nifi.integration.accesscontrol.ITProcessorAccessControl.testNoneUserPutProcessor,OD,,
https://github.com/apache/nifi,12015a17dd93a1d42c9d6ddab6cc5ce606fef16a,nifi-nar-bundles/nifi-framework-bundle/nifi-framework/nifi-framework-nar-utils,org.apache.nifi.nar.NarUnpackerTest.testUnpackNars,OD,,
https://github.com/apache/ozone,eb7136df7b53c77e239e82ff9d9d8063774fc717,hadoop-hdds/server-scm,org.apache.hadoop.hdds.scm.pipeline.TestPipelineManagerImpl.testPipelineCreationFailedMetric,OD,,
https://github.com/apache/ozone,eb7136df7b53c77e239e82ff9d9d8063774fc717,hadoop-hdds/container-service,org.apache.hadoop.ozone.container.common.interfaces.TestHandler.testGetHandlerForInvalidContainerType,OD,,
https://github.com/apache/ozone,eb7136df7b53c77e239e82ff9d9d8063774fc717,hadoop-hdds/container-service,org.apache.hadoop.ozone.container.common.interfaces.TestHandler.testGetKeyValueHandler,OD,,
https://github.com/apache/ozone,eb7136df7b53c77e239e82ff9d9d8063774fc717,hadoop-hdds/container-service,org.apache.hadoop.ozone.container.common.report.TestReportPublisher.testPublishReport,OD,,
https://github.com/apache/ozone,eb7136df7b53c77e239e82ff9d9d8063774fc717,hadoop-hdds/container-service,org.apache.hadoop.ozone.container.common.TestContainerCache.testConcurrentDBGet,OD,,
https://github.com/apache/ozone,eb7136df7b53c77e239e82ff9d9d8063774fc717,hadoop-hdds/container-service,org.apache.hadoop.ozone.container.common.TestContainerCache.testContainerCacheEviction,OD,,
https://github.com/apache/ozone,eb7136df7b53c77e239e82ff9d9d8063774fc717,hadoop-hdds/container-service,org.apache.hadoop.ozone.container.common.TestDatanodeStateMachine.testDatanodeStateContext,OD,,
https://github.com/apache/ozone,eb7136df7b53c77e239e82ff9d9d8063774fc717,hadoop-hdds/container-service,org.apache.hadoop.ozone.container.common.TestDatanodeStateMachine.testDatanodeStateMachineWithIdWriteFail,OD,,
https://github.com/apache/ozone,eb7136df7b53c77e239e82ff9d9d8063774fc717,hadoop-hdds/container-service,org.apache.hadoop.ozone.container.common.TestDatanodeStateMachine.testDatanodeStateMachineWithInvalidConfiguration,OD,,
https://github.com/apache/ozone,eb7136df7b53c77e239e82ff9d9d8063774fc717,hadoop-hdds/container-service,org.apache.hadoop.ozone.container.common.TestDatanodeStateMachine.testStartStopDatanodeStateMachine,OD,,
https://github.com/apache/ozone,eb7136df7b53c77e239e82ff9d9d8063774fc717,hadoop-hdds/server-scm,org.apache.hadoop.ozone.container.common.TestEndPoint.testRegisterRpcTimeout,OD,,
https://github.com/apache/ozone,eb7136df7b53c77e239e82ff9d9d8063774fc717,hadoop-hdds/container-service,org.apache.hadoop.ozone.container.common.TestSchemaOneBackwardsCompatibility.testDelete,OD,,
https://github.com/apache/ozone,eb7136df7b53c77e239e82ff9d9d8063774fc717,hadoop-hdds/container-service,org.apache.hadoop.ozone.container.common.TestSchemaOneBackwardsCompatibility.testReadDeletedBlockChunkInfo,OD,,
https://github.com/apache/ozone,eb7136df7b53c77e239e82ff9d9d8063774fc717,hadoop-hdds/container-service,org.apache.hadoop.ozone.container.keyvalue.impl.TestChunkManagerDummyImpl.dummyManagerDoesNotWriteToFile,OD,,
https://github.com/apache/ozone,eb7136df7b53c77e239e82ff9d9d8063774fc717,hadoop-hdds/container-service,org.apache.hadoop.ozone.container.keyvalue.impl.TestChunkManagerDummyImpl.dummyManagerReadsAnyChunk,OD,,
https://github.com/apache/ozone,eb7136df7b53c77e239e82ff9d9d8063774fc717,hadoop-hdds/container-service,org.apache.hadoop.ozone.container.keyvalue.impl.TestFilePerBlockStrategy.testDeleteChunk,OD,,
https://github.com/apache/ozone,eb7136df7b53c77e239e82ff9d9d8063774fc717,hadoop-hdds/container-service,org.apache.hadoop.ozone.container.keyvalue.impl.TestFilePerBlockStrategy.testDeletePartialChunkUnsupportedRequest,OD,,
https://github.com/apache/ozone,eb7136df7b53c77e239e82ff9d9d8063774fc717,hadoop-hdds/container-service,org.apache.hadoop.ozone.container.keyvalue.impl.TestFilePerBlockStrategy.testDeletePartialChunkWithOffsetUnsupportedRequest,OD,,
https://github.com/apache/ozone,eb7136df7b53c77e239e82ff9d9d8063774fc717,hadoop-hdds/container-service,org.apache.hadoop.ozone.container.keyvalue.impl.TestFilePerBlockStrategy.testMultipleWriteSingleRead,OD,,
https://github.com/apache/ozone,eb7136df7b53c77e239e82ff9d9d8063774fc717,hadoop-hdds/container-service,org.apache.hadoop.ozone.container.keyvalue.impl.TestFilePerBlockStrategy.testPartialRead,OD,,
https://github.com/apache/ozone,eb7136df7b53c77e239e82ff9d9d8063774fc717,hadoop-hdds/container-service,org.apache.hadoop.ozone.container.keyvalue.impl.TestFilePerBlockStrategy.testReadChunkFileNotExists,OD,,
https://github.com/apache/ozone,eb7136df7b53c77e239e82ff9d9d8063774fc717,hadoop-hdds/container-service,org.apache.hadoop.ozone.container.keyvalue.impl.TestFilePerBlockStrategy.testReadOversizeChunk,OD,,
https://github.com/apache/ozone,eb7136df7b53c77e239e82ff9d9d8063774fc717,hadoop-hdds/container-service,org.apache.hadoop.ozone.container.keyvalue.impl.TestFilePerBlockStrategy.testWriteAndReadChunkMultipleTimes,OD,,
https://github.com/apache/ozone,eb7136df7b53c77e239e82ff9d9d8063774fc717,hadoop-hdds/container-service,org.apache.hadoop.ozone.container.keyvalue.impl.TestFilePerBlockStrategy.testWriteChunkIncorrectLength,OD,,
https://github.com/apache/ozone,eb7136df7b53c77e239e82ff9d9d8063774fc717,hadoop-hdds/container-service,org.apache.hadoop.ozone.container.keyvalue.impl.TestFilePerBlockStrategy.testWriteChunkStageCombinedData,OD,,
https://github.com/apache/ozone,eb7136df7b53c77e239e82ff9d9d8063774fc717,hadoop-hdds/container-service,org.apache.hadoop.ozone.container.keyvalue.impl.TestFilePerBlockStrategy.testWriteReadChunk,OD,,
https://github.com/apache/ozone,eb7136df7b53c77e239e82ff9d9d8063774fc717,hadoop-hdds/container-service,org.apache.hadoop.ozone.container.keyvalue.impl.TestFilePerChunkStrategy.deletesChunkFileWithLengthIncludingOffset,OD,,
https://github.com/apache/ozone,eb7136df7b53c77e239e82ff9d9d8063774fc717,hadoop-hdds/container-service,org.apache.hadoop.ozone.container.keyvalue.impl.TestFilePerChunkStrategy.testDeleteChunk,OD,,
https://github.com/apache/ozone,eb7136df7b53c77e239e82ff9d9d8063774fc717,hadoop-hdds/container-service,org.apache.hadoop.ozone.container.keyvalue.impl.TestFilePerChunkStrategy.testDeletePartialChunkUnsupportedRequest,OD,,
https://github.com/apache/ozone,eb7136df7b53c77e239e82ff9d9d8063774fc717,hadoop-hdds/container-service,org.apache.hadoop.ozone.container.keyvalue.impl.TestFilePerChunkStrategy.testReadChunkFileNotExists,OD,,
https://github.com/apache/ozone,eb7136df7b53c77e239e82ff9d9d8063774fc717,hadoop-hdds/container-service,org.apache.hadoop.ozone.container.keyvalue.impl.TestFilePerChunkStrategy.testReadOversizeChunk,OD,,
https://github.com/apache/ozone,eb7136df7b53c77e239e82ff9d9d8063774fc717,hadoop-hdds/container-service,org.apache.hadoop.ozone.container.keyvalue.impl.TestFilePerChunkStrategy.testWriteAndReadChunkMultipleTimes,OD,,
https://github.com/apache/ozone,eb7136df7b53c77e239e82ff9d9d8063774fc717,hadoop-hdds/container-service,org.apache.hadoop.ozone.container.keyvalue.impl.TestFilePerChunkStrategy.testWriteChunkIncorrectLength,OD,,
https://github.com/apache/ozone,eb7136df7b53c77e239e82ff9d9d8063774fc717,hadoop-hdds/container-service,org.apache.hadoop.ozone.container.keyvalue.impl.TestFilePerChunkStrategy.testWriteChunkStageCombinedData,OD,,
https://github.com/apache/ozone,eb7136df7b53c77e239e82ff9d9d8063774fc717,hadoop-hdds/container-service,org.apache.hadoop.ozone.container.keyvalue.impl.TestFilePerChunkStrategy.testWriteChunkStageWriteAndCommit,OD,,
https://github.com/apache/ozone,eb7136df7b53c77e239e82ff9d9d8063774fc717,hadoop-hdds/container-service,org.apache.hadoop.ozone.container.keyvalue.impl.TestFilePerChunkStrategy.testWriteReadChunk,OD,,
https://github.com/apache/ozone,eb7136df7b53c77e239e82ff9d9d8063774fc717,hadoop-hdds/container-service,org.apache.hadoop.ozone.container.ozoneimpl.TestContainerReader.testContainerReader,OD,,
https://github.com/apache/ozone,eb7136df7b53c77e239e82ff9d9d8063774fc717,hadoop-hdds/container-service,org.apache.hadoop.ozone.container.ozoneimpl.TestContainerReader.testContainerReaderWithLoadException,OD,,
https://github.com/apache/ozone,eb7136df7b53c77e239e82ff9d9d8063774fc717,hadoop-hdds/container-service,org.apache.hadoop.ozone.container.ozoneimpl.TestContainerReader.testMultipleContainerReader,OD,,
https://github.com/apache/ozone,eb7136df7b53c77e239e82ff9d9d8063774fc717,hadoop-hdds/container-service,org.apache.hadoop.ozone.container.replication.TestMeasuredReplicator.measureFailureSuccessAndBytes,OD,,
https://github.com/apache/ozone,eb7136df7b53c77e239e82ff9d9d8063774fc717,hadoop-hdds/container-service,org.apache.hadoop.ozone.container.replication.TestMeasuredReplicator.testSuccessTime,OD,,
https://github.com/apache/ozone,eb7136df7b53c77e239e82ff9d9d8063774fc717,hadoop-hdds/container-service,org.apache.hadoop.ozone.container.replication.TestMeasuredReplicator.testSuccessTimeFailureExcluded,OD,,
https://github.com/apache/ozone,eb7136df7b53c77e239e82ff9d9d8063774fc717,hadoop-hdds/container-service,org.apache.hadoop.ozone.TestHddsDatanodeService.testStartup,OD,,
https://github.com/apache/servicecomb-java-chassis,ec76b1a15704c15bab437e64739e6d483562850d,swagger/swagger-generator/generator-core,org.apache.servicecomb.swagger.generator.core.processor.annotation.OperationMethodAnnotationProcessorTest.testBlankMediaType,OD,Opened,https://github.com/apache/servicecomb-java-chassis/pull/5018
https://github.com/apache/servicecomb-java-chassis,ec76b1a15704c15bab437e64739e6d483562850d,swagger/swagger-generator/generator-core,org.apache.servicecomb.swagger.generator.core.processor.annotation.OperationMethodAnnotationProcessorTest.testBodyParam,OD,Opened,https://github.com/apache/servicecomb-java-chassis/pull/5018
https://github.com/apache/servicecomb-java-chassis,ec76b1a15704c15bab437e64739e6d483562850d,swagger/swagger-generator/generator-core,org.apache.servicecomb.swagger.generator.core.processor.annotation.OperationMethodAnnotationProcessorTest.testConvertTags,OD,Opened,https://github.com/apache/servicecomb-java-chassis/pull/5018
https://github.com/apache/servicecomb-java-chassis,ec76b1a15704c15bab437e64739e6d483562850d,swagger/swagger-generator/generator-core,org.apache.servicecomb.swagger.generator.core.processor.annotation.OperationMethodAnnotationProcessorTest.testConvertTagsOnMethodWithNoTag,OD,Opened,https://github.com/apache/servicecomb-java-chassis/pull/5018
https://github.com/apache/servicecomb-java-chassis,ec76b1a15704c15bab437e64739e6d483562850d,swagger/swagger-generator/generator-core,org.apache.servicecomb.swagger.generator.core.processor.annotation.OperationMethodAnnotationProcessorTest.testMultiMediaType,OD,Opened,https://github.com/apache/servicecomb-java-chassis/pull/5018
https://github.com/apache/servicecomb-java-chassis,ec76b1a15704c15bab437e64739e6d483562850d,swagger/swagger-generator/generator-core,org.apache.servicecomb.swagger.generator.core.processor.annotation.OperationMethodAnnotationProcessorTest.testSingleMediaType,OD,Opened,https://github.com/apache/servicecomb-java-chassis/pull/5018
https://github.com/apache/servicecomb-java-chassis,ec76b1a15704c15bab437e64739e6d483562850d,swagger/swagger-generator/generator-core,org.apache.servicecomb.swagger.generator.core.TestApiResponse.checkApiResponseHeader,OD,Opened,https://github.com/apache/servicecomb-java-chassis/pull/5018
https://github.com/apache/servicecomb-java-chassis,ec76b1a15704c15bab437e64739e6d483562850d,swagger/swagger-generator/generator-core,org.apache.servicecomb.swagger.generator.core.TestApiResponse.checkMulti,OD,Opened,https://github.com/apache/servicecomb-java-chassis/pull/5018
https://github.com/apache/servicecomb-java-chassis,ec76b1a15704c15bab437e64739e6d483562850d,swagger/swagger-generator/generator-core,org.apache.servicecomb.swagger.generator.core.TestApiResponse.checkResponseDesc,OD,Opened,https://github.com/apache/servicecomb-java-chassis/pull/5018
https://github.com/apache/servicecomb-java-chassis,ec76b1a15704c15bab437e64739e6d483562850d,swagger/swagger-generator/generator-core,org.apache.servicecomb.swagger.generator.core.TestApiResponse.checkResponseHeader,OD,Opened,https://github.com/apache/servicecomb-java-chassis/pull/5018
https://github.com/apache/servicecomb-java-chassis,ec76b1a15704c15bab437e64739e6d483562850d,swagger/swagger-generator/generator-core,org.apache.servicecomb.swagger.generator.core.TestApiResponse.checkSingle,OD,Opened,https://github.com/apache/servicecomb-java-chassis/pull/5018
https://github.com/apache/servicecomb-java-chassis,ec76b1a15704c15bab437e64739e6d483562850d,swagger/swagger-generator/generator-core,org.apache.servicecomb.swagger.generator.core.TestOperationGenerator.apiOperationNoTag,OD,Opened,https://github.com/apache/servicecomb-java-chassis/pull/5018
https://github.com/apache/servicecomb-java-chassis,ec76b1a15704c15bab437e64739e6d483562850d,swagger/swagger-generator/generator-core,org.apache.servicecomb.swagger.generator.core.TestOperationGenerator.apiOperationThenResponse,OD,Opened,https://github.com/apache/servicecomb-java-chassis/pull/5018
https://github.com/apache/servicecomb-java-chassis,ec76b1a15704c15bab437e64739e6d483562850d,swagger/swagger-generator/generator-core,org.apache.servicecomb.swagger.generator.core.TestOperationGenerator.noApiOperation,OD,Opened,https://github.com/apache/servicecomb-java-chassis/pull/5018
https://github.com/apache/servicecomb-java-chassis,ec76b1a15704c15bab437e64739e6d483562850d,swagger/swagger-generator/generator-core,org.apache.servicecomb.swagger.generator.core.TestOperationGenerator.responseThenApiOperation,OD,Opened,https://github.com/apache/servicecomb-java-chassis/pull/5018
https://github.com/apache/shardingsphere-elasticjob,b022898ef1b8c984e17efb2a422ee45f6b13e46e,elastic-job-lite-core,io.elasticjob.lite.internal.election.ElectionListenerManagerTest.assertLeaderElectionWhenRemoveLeaderInstancePathWithAvailableServerButJobInstanceIsShutdown,OD-Vic,,
https://github.com/apache/shardingsphere-elasticjob,b022898ef1b8c984e17efb2a422ee45f6b13e46e,elastic-job-lite-core,io.elasticjob.lite.internal.failover.FailoverServiceTest.assertGetLocalFailoverItemsIfShutdown,OD-Vic,Accepted,https://github.com/apache/shardingsphere-elasticjob/pull/592
https://github.com/apache/shardingsphere-elasticjob,b022898ef1b8c984e17efb2a422ee45f6b13e46e,elastic-job-lite-core,io.elasticjob.lite.internal.instance.ShutdownListenerManagerTest.assertIsShutdownAlready,OD-Vic,Accepted,https://github.com/apache/shardingsphere-elasticjob/pull/592
https://github.com/apache/shardingsphere-elasticjob,b022898ef1b8c984e17efb2a422ee45f6b13e46e,elastic-job-lite-core,io.elasticjob.lite.internal.instance.TriggerListenerManagerTest.assertTriggerWhenJobIsNotRunning,OD,Accepted,https://github.com/apache/shardingsphere-elasticjob/pull/625
https://github.com/apache/shardingsphere-elasticjob,b022898ef1b8c984e17efb2a422ee45f6b13e46e,elastic-job-lite-core,io.elasticjob.lite.internal.schedule.JobRegistryTest.assertGetCurrentShardingTotalCountIfNull,OD-Vic,Accepted,https://github.com/apache/shardingsphere-elasticjob/pull/625
https://github.com/apache/shardingsphere-elasticjob,b022898ef1b8c984e17efb2a422ee45f6b13e46e,elastic-job-lite-core,io.elasticjob.lite.internal.sharding.ShardingListenerManagerTest.assertListenServersChangedJobListenerWhenIsInstanceChangeButJobInstanceIsShutdown,OD,Accepted,https://github.com/apache/shardingsphere-elasticjob/pull/592
https://github.com/apache/shardingsphere-elasticjob,b022898ef1b8c984e17efb2a422ee45f6b13e46e,elastic-job-lite-core,io.elasticjob.lite.reg.zookeeper.ZookeeperRegistryCenterModifyTest.assertPersistEphemeralSequential,OD-Vic,Accepted,https://github.com/apache/shardingsphere-elasticjob/pull/636
https://github.com/apache/shardingsphere-elasticjob,bdfcaff0c1a702c3ecb44adf46d609a3f0e86c5e,elasticjob-lite/elasticjob-lite-core,org.apache.shardingsphere.elasticjob.lite.integrate.disable.OneOffDisabledJobIntegrateTest.assertJobRunning,OD,DeveloperFixed,
https://github.com/apache/shardingsphere-elasticjob,bdfcaff0c1a702c3ecb44adf46d609a3f0e86c5e,elasticjob-lite/elasticjob-lite-core,org.apache.shardingsphere.elasticjob.lite.integrate.disable.ScheduleDisabledJobIntegrateTest.assertJobRunning,OD,DeveloperFixed,
https://github.com/apache/shardingsphere-elasticjob,bdfcaff0c1a702c3ecb44adf46d609a3f0e86c5e,elasticjob-lite/elasticjob-lite-core,org.apache.shardingsphere.elasticjob.lite.integrate.enable.OneOffEnabledJobIntegrateTest.assertJobInit,OD,DeveloperFixed,
https://github.com/apache/shardingsphere-elasticjob,bdfcaff0c1a702c3ecb44adf46d609a3f0e86c5e,elasticjob-lite/elasticjob-lite-core,org.apache.shardingsphere.elasticjob.lite.integrate.enable.ScheduleEnabledJobIntegrateTest.assertJobInit,OD,DeveloperFixed,
https://github.com/apache/shardingsphere-elasticjob,bdfcaff0c1a702c3ecb44adf46d609a3f0e86c5e,elasticjob-lite/elasticjob-lite-core,org.apache.shardingsphere.elasticjob.lite.internal.snapshot.SnapshotServiceDisableTest.assertListenException,OD,DeveloperFixed,
https://github.com/apache/shardingsphere-elasticjob,bdfcaff0c1a702c3ecb44adf46d609a3f0e86c5e,elasticjob-lite/elasticjob-lite-core,org.apache.shardingsphere.elasticjob.lite.internal.snapshot.SnapshotServiceDisableTest.assertMonitorWithDumpCommand,OD,DeveloperFixed,
https://github.com/apache/shardingsphere-elasticjob,bdfcaff0c1a702c3ecb44adf46d609a3f0e86c5e,elasticjob-lite/elasticjob-lite-core,org.apache.shardingsphere.elasticjob.lite.internal.snapshot.SnapshotServiceDisableTest.assertPortInvalid,OD,DeveloperFixed,
https://github.com/apache/shardingsphere-elasticjob,bdfcaff0c1a702c3ecb44adf46d609a3f0e86c5e,elasticjob-lite/elasticjob-lite-core,org.apache.shardingsphere.elasticjob.lite.internal.snapshot.SnapshotServiceEnableTest.assertMonitorWithCommand,OD,DeveloperFixed,
https://github.com/apache/shenyu,10375c5204c67f9889235f19fe2d6e8eb0438a5a,shenyu-client/shenyu-client-http/shenyu-client-springmvc,org.apache.shenyu.client.springmvc.init.SpringMvcClientEventListenerTest.testNormalBeanProcess,OD,Accepted,https://github.com/apache/shenyu/pull/4252
https://github.com/apache/shenyu,10375c5204c67f9889235f19fe2d6e8eb0438a5a,shenyu-client/shenyu-client-http/shenyu-client-springmvc,org.apache.shenyu.client.springmvc.init.SpringMvcClientEventListenerTest.testOnApplicationEventError,OD,Accepted,https://github.com/apache/shenyu/pull/4252
https://github.com/apache/shenyu,10375c5204c67f9889235f19fe2d6e8eb0438a5a,shenyu-client/shenyu-client-http/shenyu-client-springmvc,org.apache.shenyu.client.springmvc.init.SpringMvcClientEventListenerTest.testShenyuBeanProcess,OD,Accepted,https://github.com/apache/shenyu/pull/4252
https://github.com/apache/shenyu,10375c5204c67f9889235f19fe2d6e8eb0438a5a,shenyu-client/shenyu-client-http/shenyu-client-springmvc,org.apache.shenyu.client.springmvc.init.SpringMvcClientEventListenerTest.testWithShenyuClientAnnotation,OD,Accepted,https://github.com/apache/shenyu/pull/4252
https://github.com/apache/shenyu,af0444f5d6efabedc565b29f7a7384b4e79f3fc7,shenyu-loadbalancer,org.apache.shenyu.loadbalancer.cache.UpstreamCacheManagerTest.findUpstreamListBySelectorIdTest,OD,FixedOrder,
https://github.com/apache/shenyu,6d6115a10c3c053e07c48eba15b6ccca78922982,shenyu-plugin,org.apache.shenyu.plugin.ai.prompt.handler.AiPromptPluginDataHandlerTest.testHandlerPluginWithNullData,OD,Accepted,https://github.com/apache/shenyu/pull/6245
https://github.com/apache/shenyu,6d6115a10c3c053e07c48eba15b6ccca78922982,shenyu-plugin,org.apache.shenyu.plugin.resilience4j.Resilience4JPluginTest.normalTest,OD,Opened,https://github.com/apache/shenyu/pull/6261
https://github.com/apache/shenyu,6d6115a10c3c053e07c48eba15b6ccca78922982,shenyu-protocol,org.apache.shenyu.protocol.grpc.message.JsonMessageTest.testCreateJsonMarshallerMethodDescriptor,OD,Accepted,https://github.com/apache/shenyu/pull/6244
https://github.com/apache/skywalking,edf0bce37f682c093d1ea5bcca0a6d2d1ecc2cc4,apm-commons/apm-datacarrier,org.apache.skywalking.apm.commons.datacarrier.consumer.testConsumerLessThanChannel,OD,Accepted,https://github.com/apache/skywalking/pull/5846
https://github.com/apache/skywalking,edf0bce37f682c093d1ea5bcca0a6d2d1ecc2cc4,apm-commons/apm-datacarrier,org.apache.skywalking.apm.commons.datacarrier.consumer.testConsumerMoreThanChannel,OD,Accepted,https://github.com/apache/skywalking/pull/5846
https://github.com/Apache/Struts,13d9053050c9e4fb2ef049db6a37d3f6eebf48fa,plugins/portlet,org.apache.struts2.portlet.dispatcher.Jsr168DispatcherTest.testProcessAction_ok,OD-Vic,Accepted,https://github.com/apache/struts/pull/263
https://github.com/Apache/Struts,13d9053050c9e4fb2ef049db6a37d3f6eebf48fa,plugins/portlet,org.apache.struts2.portlet.dispatcher.Jsr168DispatcherTest.testRender_ok,OD-Vic,Accepted,https://github.com/apache/struts/pull/263
https://github.com/Apache/Struts,13d9053050c9e4fb2ef049db6a37d3f6eebf48fa,plugins/portlet,org.apache.struts2.portlet.dispatcher.Jsr286DispatcherTest.testProcessAction_ok,OD-Vic,Accepted,https://github.com/apache/struts/pull/263
https://github.com/Apache/Struts,13d9053050c9e4fb2ef049db6a37d3f6eebf48fa,plugins/portlet,org.apache.struts2.portlet.dispatcher.Jsr286DispatcherTest.testRender_ok,OD-Vic,Accepted,https://github.com/apache/struts/pull/263
https://github.com/CloudSlang/cloud-slang,48923570780dd096e0cf17ef657b6b1fdc50dc31,cloudslang-entities,io.cloudslang.fortest.SensitiveValueTest.testEncryptedStringSensitiveValue,OD,Opened,https://github.com/CloudSlang/cloud-slang/pull/1466
https://github.com/CloudSlang/cloud-slang,48923570780dd096e0cf17ef657b6b1fdc50dc31,cloudslang-entities,io.cloudslang.fortest.SensitiveValueTest.testEncryptedStringSensitiveValuePreEncrypted,OD,Opened,https://github.com/CloudSlang/cloud-slang/pull/1466
https://github.com/CloudSlang/cloud-slang,48923570780dd096e0cf17ef657b6b1fdc50dc31,cloudslang-entities,io.cloudslang.fortest.SensitiveValueTest.testSensitiveValueEncryptDecrypt,OD,Opened,https://github.com/CloudSlang/cloud-slang/pull/1466
https://github.com/CloudSlang/cloud-slang,48923570780dd096e0cf17ef657b6b1fdc50dc31,cloudslang-entities,io.cloudslang.lang.entities.bindings.values.ValueFactoryTest.testCreatePyObjectValueFromValueSensitive,OD,Opened,https://github.com/CloudSlang/cloud-slang/pull/1466
https://github.com/CloudSlang/cloud-slang,48923570780dd096e0cf17ef657b6b1fdc50dc31,cloudslang-entities,io.cloudslang.lang.entities.DeserializeTest.testDeserializeInput,OD,Opened,https://github.com/CloudSlang/cloud-slang/pull/1466
https://github.com/CloudSlang/cloud-slang,2b5914c479984244f656af5c1eed0e081e988d6a,cloudslang-runtime,io.cloudslang.lang.runtime.bindings.ParallelLoopBindingTest.testEmptyExpressionThrowsException,OD,,
https://github.com/CloudSlang/cloud-slang,48923570780dd096e0cf17ef657b6b1fdc50dc31,cloudslang-runtime,io.cloudslang.lang.runtime.steps.ExecutableStepsTest.testBoundInputEvent,OD,Opened,https://github.com/CloudSlang/cloud-slang/pull/1462
https://github.com/CloudSlang/cloud-slang,2b5914c479984244f656af5c1eed0e081e988d6a,cloudslang-runtime,io.cloudslang.lang.runtime.steps.ParallelLoopStepsTest.testAddBranchesEventsAreFired,OD,,
https://github.com/CloudSlang/cloud-slang,2b5914c479984244f656af5c1eed0e081e988d6a,cloudslang-runtime,io.cloudslang.lang.runtime.steps.ParallelLoopStepsTest.testExceptionIsCapturedFromBranches,OD,,
https://github.com/CloudSlang/cloud-slang,2b5914c479984244f656af5c1eed0e081e988d6a,cloudslang-runtime,io.cloudslang.lang.runtime.steps.ParallelLoopStepsTest.testJoinBranchesNavigationAllBranchesSucced,OD,,
https://github.com/CloudSlang/cloud-slang,48923570780dd096e0cf17ef657b6b1fdc50dc31,cloudslang-content-verifier,io.cloudslang.lang.tools.build.SlangBuilderTest.testValidFlowNamespaceWithAllValidCharsTypes,OD,Opened,https://github.com/CloudSlang/cloud-slang/pull/1464
https://github.com/ConsenSys/tessera,ecdd1a2ce6412c11a8ae722d7a4527a4a66da688,tessera-partyinfo,com.quorum.tessera.discovery.DiscoveryFactoryTest.defaultConstructor,OD,Accepted,https://github.com/ConsenSys/tessera/pull/1194
https://github.com/ConsenSys/tessera,ecdd1a2ce6412c11a8ae722d7a4527a4a66da688,tessera-partyinfo,com.quorum.tessera.discovery.DiscoveryFactoryTest.provideAutoDiscovery,OD,Accepted,https://github.com/ConsenSys/tessera/pull/1194
https://github.com/ConsenSys/tessera,ecdd1a2ce6412c11a8ae722d7a4527a4a66da688,tessera-partyinfo,com.quorum.tessera.discovery.DiscoveryFactoryTest.provideDisabledAutoDiscovery,OD,Accepted,https://github.com/ConsenSys/tessera/pull/1194
https://github.com/ConsenSys/tessera,ecdd1a2ce6412c11a8ae722d7a4527a4a66da688,eclipselink-utils,com.quorum.tessera.eclipselink.AtomicLongSequenceTest.customisedWithDbLogin,OD,Accepted,https://github.com/ConsenSys/tessera/pull/1193
https://github.com/ConsenSys/tessera,ecdd1a2ce6412c11a8ae722d7a4527a4a66da688,eclipselink-utils,com.quorum.tessera.eclipselink.AtomicLongSequenceTest.customisedWithNullDbLogin,OD,Accepted,https://github.com/ConsenSys/tessera/pull/1193
https://github.com/ConsenSys/tessera,ecdd1a2ce6412c11a8ae722d7a4527a4a66da688,eclipselink-utils,com.quorum.tessera.eclipselink.AtomicLongSequenceTest.onDisconnectDoesNothing,OD,Accepted,https://github.com/ConsenSys/tessera/pull/1193
https://github.com/ctco/cukes,b483e1a8f261b80a66291a42fc455256b0b5059c,cukes-http,lv.ctco.cukes.http.facade.HttpAssertionFacadeImplTest.shouldReturnBodyWhenEnabledAndNoMax,OD-Vic,Accepted,https://github.com/ctco/cukes/pull/157
https://github.com/danfickle/openhtmltopdf,4a0612fab7b3a55e3e11d485233b063006d03b0f,openhtmltopdf-examples,com.openhtmltopdf.freemarker.FreeMarkerGeneratorTest.testFreeMarkerGenerator,OD,Unmaintained,
https://github.com/danfickle/openhtmltopdf,4a0612fab7b3a55e3e11d485233b063006d03b0f,openhtmltopdf-examples,com.openhtmltopdf.nonvisualregressiontests.NonVisualRegressionTest.testBookmarkBodySimple,OD,Unmaintained,
https://github.com/danfickle/openhtmltopdf,4a0612fab7b3a55e3e11d485233b063006d03b0f,openhtmltopdf-examples,com.openhtmltopdf.nonvisualregressiontests.NonVisualRegressionTest.testBookmarkHeadAfterOverflowPage,OD,Unmaintained,
https://github.com/danfickle/openhtmltopdf,4a0612fab7b3a55e3e11d485233b063006d03b0f,openhtmltopdf-examples,com.openhtmltopdf.nonvisualregressiontests.NonVisualRegressionTest.testBookmarkHeadNested,OD,Unmaintained,
https://github.com/danfickle/openhtmltopdf,4a0612fab7b3a55e3e11d485233b063006d03b0f,openhtmltopdf-examples,com.openhtmltopdf.nonvisualregressiontests.NonVisualRegressionTest.testBookmarkHeadOnOverflowPage,OD,Unmaintained,
https://github.com/danfickle/openhtmltopdf,4a0612fab7b3a55e3e11d485233b063006d03b0f,openhtmltopdf-examples,com.openhtmltopdf.nonvisualregressiontests.NonVisualRegressionTest.testBookmarkHeadSimple,OD,Unmaintained,
https://github.com/danfickle/openhtmltopdf,4a0612fab7b3a55e3e11d485233b063006d03b0f,openhtmltopdf-examples,com.openhtmltopdf.nonvisualregressiontests.NonVisualRegressionTest.testBookmarkHeadTransform,OD,Unmaintained,
https://github.com/danfickle/openhtmltopdf,4a0612fab7b3a55e3e11d485233b063006d03b0f,openhtmltopdf-examples,com.openhtmltopdf.nonvisualregressiontests.NonVisualRegressionTest.testFormControlAfterOverflowPage,OD,Unmaintained,
https://github.com/danfickle/openhtmltopdf,4a0612fab7b3a55e3e11d485233b063006d03b0f,openhtmltopdf-examples,com.openhtmltopdf.nonvisualregressiontests.NonVisualRegressionTest.testFormControlOverflowPage,OD,Unmaintained,
https://github.com/danfickle/openhtmltopdf,4a0612fab7b3a55e3e11d485233b063006d03b0f,openhtmltopdf-examples,com.openhtmltopdf.nonvisualregressiontests.NonVisualRegressionTest.testFormControlText,OD,Unmaintained,
https://github.com/danfickle/openhtmltopdf,4a0612fab7b3a55e3e11d485233b063006d03b0f,openhtmltopdf-examples,com.openhtmltopdf.nonvisualregressiontests.NonVisualRegressionTest.testInputWithoutNameAttribute,OD,Unmaintained,
https://github.com/danfickle/openhtmltopdf,4a0612fab7b3a55e3e11d485233b063006d03b0f,openhtmltopdf-examples,com.openhtmltopdf.nonvisualregressiontests.NonVisualRegressionTest.testIssue458PageContentRepeatedInMargin,OD,Unmaintained,
https://github.com/danfickle/openhtmltopdf,4a0612fab7b3a55e3e11d485233b063006d03b0f,openhtmltopdf-examples,com.openhtmltopdf.nonvisualregressiontests.NonVisualRegressionTest.testMetaInformation,OD,Unmaintained,
https://github.com/danfickle/openhtmltopdf,4a0612fab7b3a55e3e11d485233b063006d03b0f,openhtmltopdf-examples,com.openhtmltopdf.nonvisualregressiontests.NonVisualRegressionTest.testPR480LinkShapes,OD,Unmaintained,
https://github.com/danfickle/openhtmltopdf,4a0612fab7b3a55e3e11d485233b063006d03b0f,openhtmltopdf-examples,com.openhtmltopdf.nonvisualregressiontests.NonVisualRegressionTest.testPr489DiagnosticConsumer,OD,Unmaintained,
https://github.com/danfickle/openhtmltopdf,4a0612fab7b3a55e3e11d485233b063006d03b0f,openhtmltopdf-examples,com.openhtmltopdf.nonvisualregressiontests.NonVisualRegressionTest.testPr492InfiniteLoopBugsInLineBreakingFuzz,OD,Unmaintained,
https://github.com/danfickle/openhtmltopdf,4a0612fab7b3a55e3e11d485233b063006d03b0f,openhtmltopdf-slf4j,com.openhtmltopdf.slf4j.Slf4JLoggerTest.testLogger,OD,Unmaintained,
https://github.com/danfickle/openhtmltopdf,4a0612fab7b3a55e3e11d485233b063006d03b0f,openhtmltopdf-examples,com.openhtmltopdf.testcases.ConcateOutputTest.testConcateOutput,OD,Unmaintained,
https://github.com/danfickle/openhtmltopdf,4a0612fab7b3a55e3e11d485233b063006d03b0f,openhtmltopdf-examples,com.openhtmltopdf.testcases.TestcaseRunnerTest.runTestcaseRunner,OD,Unmaintained,
https://github.com/dromara/hutool,12969f248329f81f76eb5bece8c718ac1c63f7b1,hutool-core,cn.hutool.core.text.StrJoinerTest.joinMultiArrayTest,OD,Accepted,https://github.com/dromara/hutool/pull/1883
https://github.com/dromara/hutool,12969f248329f81f76eb5bece8c718ac1c63f7b1,hutool-core,cn.hutool.core.util.JAXBUtilTest.beanToXmlTest,OD,Accepted,https://github.com/dromara/hutool/pull/1851
https://github.com/dromara/hutool,12969f248329f81f76eb5bece8c718ac1c63f7b1,hutool-json,cn.hutool.json.xml.XMLTest.toXmlTest,OD,Accepted,https://github.com/dromara/hutool/pull/1874
https://github.com/dropwizard/dropwizard,07dfaed697427e208d65049f80a5d1949833b7cd,dropwizard-logging,io.dropwizard.logging.DefaultLoggingFactoryPrintErrorMessagesTest.testLogbackStatusPrinterPrintStreamIsRestoredToSystemOut,OD-Vic,Accepted,https://github.com/dropwizard/dropwizard/pull/2550
https://github.com/espertechinc/esper,590fa9c9eb854f1420b9d337b802aca19f963cc0,runtime,com.espertech.esper.runtime.internal.schedulesvcimpl.TestSchedulingServiceImpl.testTrigger,OD,,
https://github.com/FasterXML/jackson-databind,9b11650a6c3fee9ef9e3fb264d2244f65affc2ee,.,com.fasterxml.jackson.databind.introspect.TestNamingStrategyStd.testUpperSnakeCaseTranslations,OD,Accepted,https://github.com/FasterXML/jackson-databind/pull/3315
https://github.com/FasterXML/jackson-dataformat-xml,2d08f8d0b0248a00c2c79b9a07e936b3287edb07,.,com.fasterxml.jackson.dataformat.xml.jaxb.AttributesWithJAXBTest.testTwoAttributes,OD,Accepted,https://github.com/FasterXML/jackson-dataformat-xml/pull/499
https://github.com/FasterXML/jackson-dataformat-xml,2d08f8d0b0248a00c2c79b9a07e936b3287edb07,.,com.fasterxml.jackson.dataformat.xml.jaxb.WithJAXBAnnotationsTest.testPersonAsXml,OD,Accepted,https://github.com/FasterXML/jackson-dataformat-xml/pull/499
https://github.com/FasterXML/jackson-dataformat-xml,2d08f8d0b0248a00c2c79b9a07e936b3287edb07,.,com.fasterxml.jackson.dataformat.xml.lists.Issue101UnwrappedListAttributesTest.testWithTwoAttributes,OD,Accepted,https://github.com/FasterXML/jackson-dataformat-xml/pull/499
https://github.com/FasterXML/jackson-dataformat-xml,2d08f8d0b0248a00c2c79b9a07e936b3287edb07,.,com.fasterxml.jackson.dataformat.xml.lists.ListAnnotationSharingTest.testAnnotationSharing,OD,Accepted,https://github.com/FasterXML/jackson-dataformat-xml/pull/499
https://github.com/FasterXML/jackson-dataformat-xml,2d08f8d0b0248a00c2c79b9a07e936b3287edb07,.,com.fasterxml.jackson.dataformat.xml.misc.UnwrappingWithXMLTest.testUnwrappingWithAttribute,OD,Accepted,https://github.com/FasterXML/jackson-dataformat-xml/pull/499
https://github.com/FasterXML/jackson-dataformat-xml,2d08f8d0b0248a00c2c79b9a07e936b3287edb07,.,com.fasterxml.jackson.dataformat.xml.ser.TestIndentation.testMultiLevel172,OD,Accepted,https://github.com/FasterXML/jackson-dataformat-xml/pull/499
https://github.com/FasterXML/jackson-dataformat-xml,2d08f8d0b0248a00c2c79b9a07e936b3287edb07,.,com.fasterxml.jackson.dataformat.xml.ser.TestJDKSerializability.testMapper,OD,Accepted,https://github.com/FasterXML/jackson-dataformat-xml/pull/499
https://github.com/FasterXML/jackson-dataformat-xml,2d08f8d0b0248a00c2c79b9a07e936b3287edb07,.,com.fasterxml.jackson.dataformat.xml.ser.TestSerializationAttr.testIssue6,OD,Accepted,https://github.com/FasterXML/jackson-dataformat-xml/pull/499
https://github.com/funkygao/cp-ddd-framework,8c69f6a50db83459356a2ae66a910b1905fe4eb5,dddplus-test,io.github.dddplus.testing.LogAssertTest.contains,OD,,
https://github.com/gooddata/GoodData-CL,58728ec3e57ea9a4d689f38b0b385e8724af618c,connector,com.gooddata.csv.DataTypeGuessTest.testIsDate,OD,Opened,https://github.com/gooddata/GoodData-CL/pull/145
https://github.com/google/java-monitoring-client-library,3212364c3e535530c3d96e127c42d302e2c0064b,metrics,com.google.monitoring.metrics.MetricRegistryImplTest.testRegisterAndUnregister_tracksRegistrations,OD-Vic,Opened,https://github.com/google/java-monitoring-client-library/pull/21
https://github.com/j256/ormlite-core,632b87c2a455b8eab4a6c09324e1f166273588d8,.,com.j256.ormlite.dao.RuntimeExceptionDaoTest.testAssignEmptyForeignCollectionThrow,OD-Vic,Accepted,https://github.com/j256/ormlite-core/pull/310
https://github.com/j256/ormlite-core,632b87c2a455b8eab4a6c09324e1f166273588d8,.,com.j256.ormlite.dao.RuntimeExceptionDaoTest.testCallBatchTasksThrow,OD-Vic,Accepted,https://github.com/j256/ormlite-core/pull/310
https://github.com/j256/ormlite-core,632b87c2a455b8eab4a6c09324e1f166273588d8,.,com.j256.ormlite.dao.RuntimeExceptionDaoTest.testCloseLastIteratorThrow,OD-Vic,Accepted,https://github.com/j256/ormlite-core/pull/310
https://github.com/j256/ormlite-core,632b87c2a455b8eab4a6c09324e1f166273588d8,.,com.j256.ormlite.dao.RuntimeExceptionDaoTest.testCloseLastIteratorThrows,OD-Vic,Accepted,https://github.com/j256/ormlite-core/pull/310
https://github.com/j256/ormlite-core,632b87c2a455b8eab4a6c09324e1f166273588d8,.,com.j256.ormlite.dao.RuntimeExceptionDaoTest.testCommitThrows,OD-Vic,Accepted,https://github.com/j256/ormlite-core/pull/310
https://github.com/j256/ormlite-core,632b87c2a455b8eab4a6c09324e1f166273588d8,.,com.j256.ormlite.dao.RuntimeExceptionDaoTest.testCountOfPreparedThrow,OD-Vic,Accepted,https://github.com/j256/ormlite-core/pull/310
https://github.com/j256/ormlite-core,632b87c2a455b8eab4a6c09324e1f166273588d8,.,com.j256.ormlite.dao.RuntimeExceptionDaoTest.testCountOfThrow,OD-Vic,Accepted,https://github.com/j256/ormlite-core/pull/310
https://github.com/j256/ormlite-core,632b87c2a455b8eab4a6c09324e1f166273588d8,.,com.j256.ormlite.dao.RuntimeExceptionDaoTest.testCreateCollectionThrow,OD-Vic,Accepted,https://github.com/j256/ormlite-core/pull/310
https://github.com/j256/ormlite-core,632b87c2a455b8eab4a6c09324e1f166273588d8,.,com.j256.ormlite.dao.RuntimeExceptionDaoTest.testCreateIfNotExistsThrow,OD-Vic,Accepted,https://github.com/j256/ormlite-core/pull/310
https://github.com/j256/ormlite-core,632b87c2a455b8eab4a6c09324e1f166273588d8,.,com.j256.ormlite.dao.RuntimeExceptionDaoTest.testCreateObjectInstanceThrows,OD-Vic,Accepted,https://github.com/j256/ormlite-core/pull/310
https://github.com/j256/ormlite-core,632b87c2a455b8eab4a6c09324e1f166273588d8,.,com.j256.ormlite.dao.RuntimeExceptionDaoTest.testCreateOrUpdateThrow,OD-Vic,Accepted,https://github.com/j256/ormlite-core/pull/310
https://github.com/j256/ormlite-core,632b87c2a455b8eab4a6c09324e1f166273588d8,.,com.j256.ormlite.dao.RuntimeExceptionDaoTest.testCreateThrow,OD-Vic,Accepted,https://github.com/j256/ormlite-core/pull/310
https://github.com/j256/ormlite-core,632b87c2a455b8eab4a6c09324e1f166273588d8,.,com.j256.ormlite.dao.RuntimeExceptionDaoTest.testDeleteByIdThrow,OD-Vic,Accepted,https://github.com/j256/ormlite-core/pull/310
https://github.com/j256/ormlite-core,632b87c2a455b8eab4a6c09324e1f166273588d8,.,com.j256.ormlite.dao.RuntimeExceptionDaoTest.testDeleteCollectionThrow,OD-Vic,Accepted,https://github.com/j256/ormlite-core/pull/310
https://github.com/j256/ormlite-core,632b87c2a455b8eab4a6c09324e1f166273588d8,.,com.j256.ormlite.dao.RuntimeExceptionDaoTest.testDeleteIdsThrow,OD-Vic,Accepted,https://github.com/j256/ormlite-core/pull/310
https://github.com/j256/ormlite-core,632b87c2a455b8eab4a6c09324e1f166273588d8,.,com.j256.ormlite.dao.RuntimeExceptionDaoTest.testDeletePreparedThrow,OD-Vic,Accepted,https://github.com/j256/ormlite-core/pull/310
https://github.com/j256/ormlite-core,632b87c2a455b8eab4a6c09324e1f166273588d8,.,com.j256.ormlite.dao.RuntimeExceptionDaoTest.testDeleteThrow,OD-Vic,Accepted,https://github.com/j256/ormlite-core/pull/310
https://github.com/j256/ormlite-core,632b87c2a455b8eab4a6c09324e1f166273588d8,.,com.j256.ormlite.dao.RuntimeExceptionDaoTest.testEndThreadConnectionThrows,OD-Vic,Accepted,https://github.com/j256/ormlite-core/pull/310
https://github.com/j256/ormlite-core,632b87c2a455b8eab4a6c09324e1f166273588d8,.,com.j256.ormlite.dao.RuntimeExceptionDaoTest.testExecuteRawNoArgsThrow,OD-Vic,Accepted,https://github.com/j256/ormlite-core/pull/310
https://github.com/j256/ormlite-core,632b87c2a455b8eab4a6c09324e1f166273588d8,.,com.j256.ormlite.dao.RuntimeExceptionDaoTest.testExecuteRawThrow,OD-Vic,Accepted,https://github.com/j256/ormlite-core/pull/310
https://github.com/j256/ormlite-core,632b87c2a455b8eab4a6c09324e1f166273588d8,.,com.j256.ormlite.dao.RuntimeExceptionDaoTest.testExtractIdThrow,OD-Vic,Accepted,https://github.com/j256/ormlite-core/pull/310
https://github.com/j256/ormlite-core,632b87c2a455b8eab4a6c09324e1f166273588d8,.,com.j256.ormlite.dao.RuntimeExceptionDaoTest.testGetEmptyForeignCollectionThrow,OD-Vic,Accepted,https://github.com/j256/ormlite-core/pull/310
https://github.com/j256/ormlite-core,632b87c2a455b8eab4a6c09324e1f166273588d8,.,com.j256.ormlite.dao.RuntimeExceptionDaoTest.testGetSelectStarRowMapperThrow,OD-Vic,Accepted,https://github.com/j256/ormlite-core/pull/310
https://github.com/j256/ormlite-core,632b87c2a455b8eab4a6c09324e1f166273588d8,.,com.j256.ormlite.dao.RuntimeExceptionDaoTest.testIdExistsThrows,OD-Vic,Accepted,https://github.com/j256/ormlite-core/pull/310
https://github.com/j256/ormlite-core,632b87c2a455b8eab4a6c09324e1f166273588d8,.,com.j256.ormlite.dao.RuntimeExceptionDaoTest.testIsAutoCommitThrows,OD-Vic,Accepted,https://github.com/j256/ormlite-core/pull/310
https://github.com/j256/ormlite-core,632b87c2a455b8eab4a6c09324e1f166273588d8,.,com.j256.ormlite.dao.RuntimeExceptionDaoTest.testIsTableExistsThrow,OD-Vic,Accepted,https://github.com/j256/ormlite-core/pull/310
https://github.com/j256/ormlite-core,632b87c2a455b8eab4a6c09324e1f166273588d8,.,com.j256.ormlite.dao.RuntimeExceptionDaoTest.testIteratorQueryFlags,OD-Vic,Accepted,https://github.com/j256/ormlite-core/pull/310
https://github.com/j256/ormlite-core,632b87c2a455b8eab4a6c09324e1f166273588d8,.,com.j256.ormlite.dao.RuntimeExceptionDaoTest.testIteratorThrow,OD-Vic,Accepted,https://github.com/j256/ormlite-core/pull/310
https://github.com/j256/ormlite-core,632b87c2a455b8eab4a6c09324e1f166273588d8,.,com.j256.ormlite.dao.RuntimeExceptionDaoTest.testMapSelectStarRowThrow,OD-Vic,Accepted,https://github.com/j256/ormlite-core/pull/310
https://github.com/j256/ormlite-core,632b87c2a455b8eab4a6c09324e1f166273588d8,.,com.j256.ormlite.dao.RuntimeExceptionDaoTest.testObjectsEqualThrow,OD-Vic,Accepted,https://github.com/j256/ormlite-core/pull/310
https://github.com/j256/ormlite-core,632b87c2a455b8eab4a6c09324e1f166273588d8,.,com.j256.ormlite.dao.RuntimeExceptionDaoTest.testQueryForAllThrow,OD-Vic,Accepted,https://github.com/j256/ormlite-core/pull/310
https://github.com/j256/ormlite-core,632b87c2a455b8eab4a6c09324e1f166273588d8,.,com.j256.ormlite.dao.RuntimeExceptionDaoTest.testQueryForEqThrow,OD-Vic,Accepted,https://github.com/j256/ormlite-core/pull/310
https://github.com/j256/ormlite-core,632b87c2a455b8eab4a6c09324e1f166273588d8,.,com.j256.ormlite.dao.RuntimeExceptionDaoTest.testQueryForFieldsValuesArgsThrow,OD-Vic,Accepted,https://github.com/j256/ormlite-core/pull/310
https://github.com/j256/ormlite-core,632b87c2a455b8eab4a6c09324e1f166273588d8,.,com.j256.ormlite.dao.RuntimeExceptionDaoTest.testQueryForFieldsValuesThrow,OD-Vic,Accepted,https://github.com/j256/ormlite-core/pull/310
https://github.com/j256/ormlite-core,632b87c2a455b8eab4a6c09324e1f166273588d8,.,com.j256.ormlite.dao.RuntimeExceptionDaoTest.testQueryForFirstPreparedThrow,OD-Vic,Accepted,https://github.com/j256/ormlite-core/pull/310
https://github.com/j256/ormlite-core,632b87c2a455b8eab4a6c09324e1f166273588d8,.,com.j256.ormlite.dao.RuntimeExceptionDaoTest.testQueryForIdThrow,OD-Vic,Accepted,https://github.com/j256/ormlite-core/pull/310
https://github.com/j256/ormlite-core,632b87c2a455b8eab4a6c09324e1f166273588d8,.,com.j256.ormlite.dao.RuntimeExceptionDaoTest.testQueryForMatchingArgsThrow,OD-Vic,Accepted,https://github.com/j256/ormlite-core/pull/310
https://github.com/j256/ormlite-core,632b87c2a455b8eab4a6c09324e1f166273588d8,.,com.j256.ormlite.dao.RuntimeExceptionDaoTest.testQueryForMatchingThrow,OD-Vic,Accepted,https://github.com/j256/ormlite-core/pull/310
https://github.com/j256/ormlite-core,632b87c2a455b8eab4a6c09324e1f166273588d8,.,com.j256.ormlite.dao.RuntimeExceptionDaoTest.testQueryForSameIdThrow,OD-Vic,Accepted,https://github.com/j256/ormlite-core/pull/310
https://github.com/j256/ormlite-core,632b87c2a455b8eab4a6c09324e1f166273588d8,.,com.j256.ormlite.dao.RuntimeExceptionDaoTest.testQueryRawDatatypesThrows,OD-Vic,Accepted,https://github.com/j256/ormlite-core/pull/310
https://github.com/j256/ormlite-core,632b87c2a455b8eab4a6c09324e1f166273588d8,.,com.j256.ormlite.dao.RuntimeExceptionDaoTest.testQueryRawDateTypesThrow,OD-Vic,Accepted,https://github.com/j256/ormlite-core/pull/310
https://github.com/j256/ormlite-core,632b87c2a455b8eab4a6c09324e1f166273588d8,.,com.j256.ormlite.dao.RuntimeExceptionDaoTest.testQueryRawMapperThrows,OD-Vic,Accepted,https://github.com/j256/ormlite-core/pull/310
https://github.com/j256/ormlite-core,632b87c2a455b8eab4a6c09324e1f166273588d8,.,com.j256.ormlite.dao.RuntimeExceptionDaoTest.testQueryRawRowMapperThrow,OD-Vic,Accepted,https://github.com/j256/ormlite-core/pull/310
https://github.com/j256/ormlite-core,632b87c2a455b8eab4a6c09324e1f166273588d8,.,com.j256.ormlite.dao.RuntimeExceptionDaoTest.testQueryRawThrow,OD-Vic,Accepted,https://github.com/j256/ormlite-core/pull/310
https://github.com/j256/ormlite-core,632b87c2a455b8eab4a6c09324e1f166273588d8,.,com.j256.ormlite.dao.RuntimeExceptionDaoTest.testQueryRawValueThrow,OD-Vic,Accepted,https://github.com/j256/ormlite-core/pull/310
https://github.com/j256/ormlite-core,632b87c2a455b8eab4a6c09324e1f166273588d8,.,com.j256.ormlite.dao.RuntimeExceptionDaoTest.testQueryThrow,OD-Vic,Accepted,https://github.com/j256/ormlite-core/pull/310
https://github.com/j256/ormlite-core,632b87c2a455b8eab4a6c09324e1f166273588d8,.,com.j256.ormlite.dao.RuntimeExceptionDaoTest.testRefreshThrow,OD-Vic,Accepted,https://github.com/j256/ormlite-core/pull/310
https://github.com/j256/ormlite-core,632b87c2a455b8eab4a6c09324e1f166273588d8,.,com.j256.ormlite.dao.RuntimeExceptionDaoTest.testRollbackThrows,OD-Vic,Accepted,https://github.com/j256/ormlite-core/pull/310
https://github.com/j256/ormlite-core,632b87c2a455b8eab4a6c09324e1f166273588d8,.,com.j256.ormlite.dao.RuntimeExceptionDaoTest.testSetAutoCommitThrows,OD-Vic,Accepted,https://github.com/j256/ormlite-core/pull/310
https://github.com/j256/ormlite-core,632b87c2a455b8eab4a6c09324e1f166273588d8,.,com.j256.ormlite.dao.RuntimeExceptionDaoTest.testSetObjectCacheCacheThrow,OD-Vic,Accepted,https://github.com/j256/ormlite-core/pull/310
https://github.com/j256/ormlite-core,632b87c2a455b8eab4a6c09324e1f166273588d8,.,com.j256.ormlite.dao.RuntimeExceptionDaoTest.testSetObjectCacheThrow,OD-Vic,Accepted,https://github.com/j256/ormlite-core/pull/310
https://github.com/j256/ormlite-core,632b87c2a455b8eab4a6c09324e1f166273588d8,.,com.j256.ormlite.dao.RuntimeExceptionDaoTest.testStartThreadConnectionThrows,OD-Vic,Accepted,https://github.com/j256/ormlite-core/pull/310
https://github.com/j256/ormlite-core,632b87c2a455b8eab4a6c09324e1f166273588d8,.,com.j256.ormlite.dao.RuntimeExceptionDaoTest.testUpdateIdThrow,OD-Vic,Accepted,https://github.com/j256/ormlite-core/pull/310
https://github.com/j256/ormlite-core,632b87c2a455b8eab4a6c09324e1f166273588d8,.,com.j256.ormlite.dao.RuntimeExceptionDaoTest.testUpdatePreparedThrow,OD-Vic,Accepted,https://github.com/j256/ormlite-core/pull/310
https://github.com/j256/ormlite-core,632b87c2a455b8eab4a6c09324e1f166273588d8,.,com.j256.ormlite.dao.RuntimeExceptionDaoTest.testUpdateRawThrow,OD-Vic,Accepted,https://github.com/j256/ormlite-core/pull/310
https://github.com/j256/ormlite-core,632b87c2a455b8eab4a6c09324e1f166273588d8,.,com.j256.ormlite.dao.RuntimeExceptionDaoTest.testUpdateThrow,OD-Vic,Accepted,https://github.com/j256/ormlite-core/pull/310
https://github.com/j256/ormlite-core,632b87c2a455b8eab4a6c09324e1f166273588d8,.,com.j256.ormlite.db.BaseDatabaseTypeTest.testDriverNotFound,OD-Vic,Accepted,https://github.com/j256/ormlite-core/pull/310
https://github.com/j256/ormlite-core,632b87c2a455b8eab4a6c09324e1f166273588d8,.,com.j256.ormlite.misc.TransactionManagerTest.testConnectionLeakCreateList,OD-Vic,Accepted,https://github.com/j256/ormlite-core/pull/310
https://github.com/j256/ormlite-core,632b87c2a455b8eab4a6c09324e1f166273588d8,.,com.j256.ormlite.misc.TransactionManagerTest.testDaoTransactionManagerCommitted,OD-Vic,Accepted,https://github.com/j256/ormlite-core/pull/310
https://github.com/j256/ormlite-core,632b87c2a455b8eab4a6c09324e1f166273588d8,.,com.j256.ormlite.misc.TransactionManagerTest.testNestedTransactions,OD-Vic,Accepted,https://github.com/j256/ormlite-core/pull/310
https://github.com/j256/ormlite-core,632b87c2a455b8eab4a6c09324e1f166273588d8,.,com.j256.ormlite.misc.TransactionManagerTest.testNestedTransactionsReleaseFails,OD-Vic,Accepted,https://github.com/j256/ormlite-core/pull/310
https://github.com/j256/ormlite-core,632b87c2a455b8eab4a6c09324e1f166273588d8,.,com.j256.ormlite.misc.TransactionManagerTest.testNonRuntimeExceptionWiredRollBack,OD-Vic,Accepted,https://github.com/j256/ormlite-core/pull/310
https://github.com/j256/ormlite-core,632b87c2a455b8eab4a6c09324e1f166273588d8,.,com.j256.ormlite.misc.TransactionManagerTest.testRollBack,OD-Vic,Accepted,https://github.com/j256/ormlite-core/pull/310
https://github.com/j256/ormlite-core,632b87c2a455b8eab4a6c09324e1f166273588d8,.,com.j256.ormlite.misc.TransactionManagerTest.testSpringWiredRollBack,OD-Vic,Accepted,https://github.com/j256/ormlite-core/pull/310
https://github.com/j256/ormlite-core,632b87c2a455b8eab4a6c09324e1f166273588d8,.,com.j256.ormlite.misc.TransactionManagerTest.testTransactionManager,OD-Vic,Accepted,https://github.com/j256/ormlite-core/pull/310
https://github.com/j256/ormlite-core,632b87c2a455b8eab4a6c09324e1f166273588d8,.,com.j256.ormlite.misc.TransactionManagerTest.testTransactionManagerAutoCommitOn,OD-Vic,Accepted,https://github.com/j256/ormlite-core/pull/310
https://github.com/j256/ormlite-core,632b87c2a455b8eab4a6c09324e1f166273588d8,.,com.j256.ormlite.misc.TransactionManagerTest.testTransactionManagerAutoCommitSupported,OD-Vic,Accepted,https://github.com/j256/ormlite-core/pull/310
https://github.com/j256/ormlite-core,632b87c2a455b8eab4a6c09324e1f166273588d8,.,com.j256.ormlite.misc.TransactionManagerTest.testTransactionManagerRollback,OD-Vic,Accepted,https://github.com/j256/ormlite-core/pull/310
https://github.com/j256/ormlite-core,632b87c2a455b8eab4a6c09324e1f166273588d8,.,com.j256.ormlite.misc.TransactionManagerTest.testTransactionManagerRollbackNullSavePoint,OD-Vic,Accepted,https://github.com/j256/ormlite-core/pull/310
https://github.com/j256/ormlite-core,632b87c2a455b8eab4a6c09324e1f166273588d8,.,com.j256.ormlite.misc.TransactionManagerTest.testTransactionManagerRollbackOtherException,OD-Vic,Accepted,https://github.com/j256/ormlite-core/pull/310
https://github.com/j256/ormlite-core,632b87c2a455b8eab4a6c09324e1f166273588d8,.,com.j256.ormlite.misc.TransactionManagerTest.testTransactionManagerSavePointNull,OD-Vic,Accepted,https://github.com/j256/ormlite-core/pull/310
https://github.com/j256/ormlite-core,632b87c2a455b8eab4a6c09324e1f166273588d8,.,com.j256.ormlite.misc.TransactionManagerTest.testTransactionManagerTableName,OD-Vic,Accepted,https://github.com/j256/ormlite-core/pull/310
https://github.com/j256/ormlite-core,632b87c2a455b8eab4a6c09324e1f166273588d8,.,com.j256.ormlite.misc.TransactionManagerTest.testTransactionWithinTransaction,OD-Vic,Accepted,https://github.com/j256/ormlite-core/pull/310
https://github.com/j256/ormlite-core,632b87c2a455b8eab4a6c09324e1f166273588d8,.,com.j256.ormlite.misc.TransactionManagerTest.testTransactionWithinTransactionFails,OD-Vic,Accepted,https://github.com/j256/ormlite-core/pull/310
https://github.com/j256/ormlite-core,632b87c2a455b8eab4a6c09324e1f166273588d8,.,com.j256.ormlite.stmt.QueryBuilderWithSchemaTest.testQueryRawColumnsNotQuery,OD-Vic,Accepted,https://github.com/j256/ormlite-core/pull/310
https://github.com/j256/ormlite-core,632b87c2a455b8eab4a6c09324e1f166273588d8,.,com.j256.ormlite.stmt.StatementExecutorTest.testCallBatchTasksNestedInTransaction,OD-Vic,Accepted,https://github.com/j256/ormlite-core/pull/310
https://github.com/j256/ormlite-core,632b87c2a455b8eab4a6c09324e1f166273588d8,.,com.j256.ormlite.support.BaseConnectionSourceTest.testClearDifferentConnection,OD-Vic,Accepted,https://github.com/j256/ormlite-core/pull/310
https://github.com/j256/ormlite-core,632b87c2a455b8eab4a6c09324e1f166273588d8,.,com.j256.ormlite.support.BaseConnectionSourceTest.testClearNone,OD-Vic,Accepted,https://github.com/j256/ormlite-core/pull/310
https://github.com/j256/ormlite-core,632b87c2a455b8eab4a6c09324e1f166273588d8,.,com.j256.ormlite.support.DatabaseConnectionProxyFactoryTest.testBasic,OD-Vic,Accepted,https://github.com/j256/ormlite-core/pull/310
https://github.com/j256/ormlite-core,632b87c2a455b8eab4a6c09324e1f166273588d8,.,com.j256.ormlite.support.DatabaseConnectionProxyFactoryTest.testChangeInsertValue,OD-Vic,Accepted,https://github.com/j256/ormlite-core/pull/310
https://github.com/j256/ormlite-core,632b87c2a455b8eab4a6c09324e1f166273588d8,.,com.j256.ormlite.table.SchemaUtilsTest.testCreateIfNotExists,OD-Vic,Accepted,https://github.com/j256/ormlite-core/pull/310
https://github.com/j256/ormlite-core,632b87c2a455b8eab4a6c09324e1f166273588d8,.,com.j256.ormlite.table.SchemaUtilsTest.testCreateSchema,OD-Vic,Accepted,https://github.com/j256/ormlite-core/pull/310
https://github.com/j256/ormlite-core,632b87c2a455b8eab4a6c09324e1f166273588d8,.,com.j256.ormlite.table.SchemaUtilsTest.testCreateSchemaDao,OD-Vic,Accepted,https://github.com/j256/ormlite-core/pull/310
https://github.com/j256/ormlite-core,632b87c2a455b8eab4a6c09324e1f166273588d8,.,com.j256.ormlite.table.SchemaUtilsTest.testCreateSchemaName,OD-Vic,Accepted,https://github.com/j256/ormlite-core/pull/310
https://github.com/j256/ormlite-core,632b87c2a455b8eab4a6c09324e1f166273588d8,.,com.j256.ormlite.table.SchemaUtilsTest.testDropSchema,OD-Vic,Accepted,https://github.com/j256/ormlite-core/pull/310
https://github.com/j256/ormlite-core,632b87c2a455b8eab4a6c09324e1f166273588d8,.,com.j256.ormlite.table.SchemaUtilsTest.testDropSchemaThrow,OD-Vic,Accepted,https://github.com/j256/ormlite-core/pull/310
https://github.com/j256/ormlite-core,632b87c2a455b8eab4a6c09324e1f166273588d8,.,com.j256.ormlite.table.TableUtilsTest.testMissingCreate,OD-Vic,Accepted,https://github.com/j256/ormlite-core/pull/310
https://github.com/jenkinsci/remoting,abf0455a68ad6c52a57e912bb89d51f883f77542,.,hudson.remoting.ClassFilterTest.capabilityRead,OD,,
https://github.com/jenkinsci/remoting,abf0455a68ad6c52a57e912bb89d51f883f77542,.,hudson.remoting.ClassFilterTest.transport_chunking,OD,Opened,https://github.com/jenkinsci/remoting/pull/706
https://github.com/jenkinsci/remoting,abf0455a68ad6c52a57e912bb89d51f883f77542,.,hudson.remoting.ClassFilterTest.transport_nio,OD,Opened,https://github.com/jenkinsci/remoting/pull/706
https://github.com/jenkinsci/remoting,abf0455a68ad6c52a57e912bb89d51f883f77542,.,hudson.remoting.ClassFilterTest.transport_non_chunking,OD,Opened,https://github.com/jenkinsci/remoting/pull/706
https://github.com/jenkinsci/remoting,abf0455a68ad6c52a57e912bb89d51f883f77542,.,hudson.remoting.ClassFilterTest.userRequest,OD,Opened,https://github.com/jenkinsci/remoting/pull/706
https://github.com/jenkinsci/remoting,abf0455a68ad6c52a57e912bb89d51f883f77542,.,hudson.remoting.ClassFilterTest.userRequest_singleClassLoader,OD,Opened,https://github.com/jenkinsci/remoting/pull/706
https://github.com/jenkinsci/remoting,abf0455a68ad6c52a57e912bb89d51f883f77542,.,hudson.remoting.DefaultClassFilterTest.testDefaultsNoOverride,OD,Opened,https://github.com/jenkinsci/remoting/pull/706
https://github.com/jenkinsci/remoting,abf0455a68ad6c52a57e912bb89d51f883f77542,.,hudson.remoting.DefaultClassFilterTest.testDefaultsOverrideExists,OD,Opened,https://github.com/jenkinsci/remoting/pull/706
https://github.com/jenkinsci/remoting,abf0455a68ad6c52a57e912bb89d51f883f77542,.,hudson.remoting.DiagnosedStreamCorruptionExceptionTest.blockingStreamShouldNotPreventDiagnosis,OD,Opened,https://github.com/jenkinsci/remoting/pull/706
https://github.com/jenkinsci/remoting,abf0455a68ad6c52a57e912bb89d51f883f77542,.,hudson.remoting.DiagnosedStreamCorruptionExceptionTest.exercise,OD,Opened,https://github.com/jenkinsci/remoting/pull/706
https://github.com/jfree/jfreechart,520a4be69ba932061ab9b89f328842caf152e1d9,.,org.jfree.data.time.DayTest.testParseDay,OD-Vic,InspiredAFix,https://github.com/jfree/jfreechart/pull/103
https://github.com/jhipster/jhipster-registry,00db36611da5fc7aaf9d5372aa90f2465d80c0c4,.,io.github.jhipster.registry.web.rest.AccountResourceTest.testGetUnknownAccount,OD-Vic,DeveloperFixed,
https://github.com/jnr/jnr-posix,dbda72ce198a8dd766c30c591d63d726d2a28a7c,.,jnr.posix.GroupTest.getgroups,OD,Accepted,https://github.com/jnr/jnr-posix/pull/185
https://github.com/jnr/jnr-posix,dbda72ce198a8dd766c30c591d63d726d2a28a7c,.,jnr.posix.NlLanginfoTest.testNlLanginfo,OD,Accepted,https://github.com/jnr/jnr-posix/pull/185
https://github.com/jnr/jnr-posix,dbda72ce198a8dd766c30c591d63d726d2a28a7c,.,jnr.posix.SpawnTest.closeInput,OD,Accepted,https://github.com/jnr/jnr-posix/pull/185
https://github.com/jnr/jnr-posix,dbda72ce198a8dd766c30c591d63d726d2a28a7c,.,jnr.posix.SpawnTest.inputPipe,OD,Accepted,https://github.com/jnr/jnr-posix/pull/185
https://github.com/jnr/jnr-posix,dbda72ce198a8dd766c30c591d63d726d2a28a7c,.,jnr.posix.SpawnTest.outputPipe,OD,Accepted,https://github.com/jnr/jnr-posix/pull/185
https://github.com/jnr/jnr-posix,dbda72ce198a8dd766c30c591d63d726d2a28a7c,.,jnr.posix.SpawnTest.validPid,OD,Accepted,https://github.com/jnr/jnr-posix/pull/185
https://github.com/json-iterator/java,6925cf4c19d313504b416f58a349a36bf563e0e1,.,com.jsoniter.extra.TestPreciseFloat.test_direct_encode,OD,Unmaintained,
https://github.com/json-iterator/java,6925cf4c19d313504b416f58a349a36bf563e0e1,.,com.jsoniter.extra.TestPreciseFloat.test_indirect_encode,OD,Unmaintained,
https://github.com/json-iterator/java,6925cf4c19d313504b416f58a349a36bf563e0e1,.,com.jsoniter.IterImplForStreamingTest.testLoadMore,OD,Unmaintained,
https://github.com/json-iterator/java,6925cf4c19d313504b416f58a349a36bf563e0e1,.,com.jsoniter.output.TestObject.test_omit_selft_defined,OD,Unmaintained,
https://github.com/json-iterator/java,6925cf4c19d313504b416f58a349a36bf563e0e1,.,com.jsoniter.output.TestObject.test_transient_field_getter,OD,Unmaintained,
https://github.com/json-iterator/java,6925cf4c19d313504b416f58a349a36bf563e0e1,.,com.jsoniter.TestBoolean.test_streaming,OD,Unmaintained,
https://github.com/json-iterator/java,6925cf4c19d313504b416f58a349a36bf563e0e1,.,com.jsoniter.TestFloat.test_streaming,OD,Unmaintained,
https://github.com/json-iterator/java,6925cf4c19d313504b416f58a349a36bf563e0e1,.,com.jsoniter.TestInteger.test_streaming,OD,Unmaintained,
https://github.com/json-iterator/java,6925cf4c19d313504b416f58a349a36bf563e0e1,.,com.jsoniter.TestIO.test_read_byte,OD,Unmaintained,
https://github.com/json-iterator/java,6925cf4c19d313504b416f58a349a36bf563e0e1,.,com.jsoniter.TestIO.test_read_bytes,OD,Unmaintained,
https://github.com/json-iterator/java,6925cf4c19d313504b416f58a349a36bf563e0e1,.,com.jsoniter.TestIO.test_unread_byte,OD,Unmaintained,
https://github.com/json-iterator/java,6925cf4c19d313504b416f58a349a36bf563e0e1,.,com.jsoniter.TestMap.test_MapKeyCodec,OD,Unmaintained,
https://github.com/json-iterator/java,6925cf4c19d313504b416f58a349a36bf563e0e1,.,com.jsoniter.TestObject.test_inheritance,OD,Unmaintained,
https://github.com/json-iterator/java,6925cf4c19d313504b416f58a349a36bf563e0e1,.,com.jsoniter.TestReadAny.test_read_any_in_streaming,OD,Unmaintained,
https://github.com/json-iterator/java,6925cf4c19d313504b416f58a349a36bf563e0e1,.,com.jsoniter.TestSkip.test_skip_string_streaming,OD,Unmaintained,
https://github.com/json-iterator/java,6925cf4c19d313504b416f58a349a36bf563e0e1,.,com.jsoniter.TestString.test_long_string_in_streaming,OD,Unmaintained,
https://github.com/json-iterator/java,6925cf4c19d313504b416f58a349a36bf563e0e1,.,com.jsoniter.TestString.test_normal_escape,OD,Unmaintained,
https://github.com/json-iterator/java,6925cf4c19d313504b416f58a349a36bf563e0e1,.,com.jsoniter.TestString.test_string_across_buffer,OD,Unmaintained,
https://github.com/json-iterator/java,6925cf4c19d313504b416f58a349a36bf563e0e1,.,com.jsoniter.TestString.test_unicode_escape,OD,Unmaintained,
https://github.com/json-iterator/java,6925cf4c19d313504b416f58a349a36bf563e0e1,.,com.jsoniter.TestString.test_utf8,OD,Unmaintained,
https://github.com/kevinsawicki/http-request,2d62a3e9da726942a93cf16b6e91c0187e6c0136,lib,com.github.kevinsawicki.http.HttpRequestTest.basicProxyAuthentication,OD-Vic,Opened,https://github.com/kevinsawicki/http-request/pull/151
https://github.com/kevinsawicki/http-request,2d62a3e9da726942a93cf16b6e91c0187e6c0136,lib,com.github.kevinsawicki.http.HttpRequestTest.deleteWithEscapedMappedQueryParams,OD-Vic,Opened,https://github.com/kevinsawicki/http-request/pull/151
https://github.com/kevinsawicki/http-request,2d62a3e9da726942a93cf16b6e91c0187e6c0136,lib,com.github.kevinsawicki.http.HttpRequestTest.deleteWithEscapedVarargsQueryParams,OD-Vic,Opened,https://github.com/kevinsawicki/http-request/pull/151
https://github.com/kevinsawicki/http-request,2d62a3e9da726942a93cf16b6e91c0187e6c0136,lib,com.github.kevinsawicki.http.HttpRequestTest.deleteWithMappedQueryParams,OD-Vic,Opened,https://github.com/kevinsawicki/http-request/pull/151
https://github.com/kevinsawicki/http-request,2d62a3e9da726942a93cf16b6e91c0187e6c0136,lib,com.github.kevinsawicki.http.HttpRequestTest.deleteWithVarargsQueryParams,OD-Vic,Opened,https://github.com/kevinsawicki/http-request/pull/151
https://github.com/kevinsawicki/http-request,2d62a3e9da726942a93cf16b6e91c0187e6c0136,lib,com.github.kevinsawicki.http.HttpRequestTest.getUrlEncodedWithPercent,OD-Vic,Opened,https://github.com/kevinsawicki/http-request/pull/151
https://github.com/kevinsawicki/http-request,2d62a3e9da726942a93cf16b6e91c0187e6c0136,lib,com.github.kevinsawicki.http.HttpRequestTest.getUrlEncodedWithSpace,OD-Vic,Opened,https://github.com/kevinsawicki/http-request/pull/151
https://github.com/kevinsawicki/http-request,2d62a3e9da726942a93cf16b6e91c0187e6c0136,lib,com.github.kevinsawicki.http.HttpRequestTest.getUrlEncodedWithUnicode,OD-Vic,Opened,https://github.com/kevinsawicki/http-request/pull/151
https://github.com/kevinsawicki/http-request,2d62a3e9da726942a93cf16b6e91c0187e6c0136,lib,com.github.kevinsawicki.http.HttpRequestTest.getWithEscapedMappedQueryParams,OD-Vic,Opened,https://github.com/kevinsawicki/http-request/pull/151
https://github.com/kevinsawicki/http-request,2d62a3e9da726942a93cf16b6e91c0187e6c0136,lib,com.github.kevinsawicki.http.HttpRequestTest.getWithEscapedVarargsQueryParams,OD-Vic,Opened,https://github.com/kevinsawicki/http-request/pull/151
https://github.com/kevinsawicki/http-request,2d62a3e9da726942a93cf16b6e91c0187e6c0136,lib,com.github.kevinsawicki.http.HttpRequestTest.getWithMappedQueryParams,OD-Vic,Opened,https://github.com/kevinsawicki/http-request/pull/151
https://github.com/kevinsawicki/http-request,2d62a3e9da726942a93cf16b6e91c0187e6c0136,lib,com.github.kevinsawicki.http.HttpRequestTest.getWithVarargsQueryParams,OD-Vic,Opened,https://github.com/kevinsawicki/http-request/pull/151
https://github.com/kevinsawicki/http-request,2d62a3e9da726942a93cf16b6e91c0187e6c0136,lib,com.github.kevinsawicki.http.HttpRequestTest.headWithEscapedMappedQueryParams,OD-Vic,Opened,https://github.com/kevinsawicki/http-request/pull/177
https://github.com/kevinsawicki/http-request,2d62a3e9da726942a93cf16b6e91c0187e6c0136,lib,com.github.kevinsawicki.http.HttpRequestTest.headWithEscapedVarargsQueryParams,OD-Vic,Opened,https://github.com/kevinsawicki/http-request/pull/151
https://github.com/kevinsawicki/http-request,2d62a3e9da726942a93cf16b6e91c0187e6c0136,lib,com.github.kevinsawicki.http.HttpRequestTest.headWithMappedQueryParams,OD-Vic,Opened,https://github.com/kevinsawicki/http-request/pull/151
https://github.com/kevinsawicki/http-request,2d62a3e9da726942a93cf16b6e91c0187e6c0136,lib,com.github.kevinsawicki.http.HttpRequestTest.headWithVaragsQueryParams,OD-Vic,Opened,https://github.com/kevinsawicki/http-request/pull/151
https://github.com/kevinsawicki/http-request,2d62a3e9da726942a93cf16b6e91c0187e6c0136,lib,com.github.kevinsawicki.http.HttpRequestTest.postWithEscapedMappedQueryParams,OD-Vic,Opened,https://github.com/kevinsawicki/http-request/pull/151
https://github.com/kevinsawicki/http-request,2d62a3e9da726942a93cf16b6e91c0187e6c0136,lib,com.github.kevinsawicki.http.HttpRequestTest.postWithEscapedVarargsQueryParams,OD-Vic,Opened,https://github.com/kevinsawicki/http-request/pull/151
https://github.com/kevinsawicki/http-request,2d62a3e9da726942a93cf16b6e91c0187e6c0136,lib,com.github.kevinsawicki.http.HttpRequestTest.postWithMappedQueryParams,OD-Vic,Opened,https://github.com/kevinsawicki/http-request/pull/151
https://github.com/kevinsawicki/http-request,2d62a3e9da726942a93cf16b6e91c0187e6c0136,lib,com.github.kevinsawicki.http.HttpRequestTest.postWithNumericQueryParams,OD-Vic,Opened,https://github.com/kevinsawicki/http-request/pull/151
https://github.com/kevinsawicki/http-request,2d62a3e9da726942a93cf16b6e91c0187e6c0136,lib,com.github.kevinsawicki.http.HttpRequestTest.postWithVaragsQueryParams,OD-Vic,Opened,https://github.com/kevinsawicki/http-request/pull/151
https://github.com/kevinsawicki/http-request,2d62a3e9da726942a93cf16b6e91c0187e6c0136,lib,com.github.kevinsawicki.http.HttpRequestTest.putWithEscapedMappedQueryParams,OD-Vic,Opened,https://github.com/kevinsawicki/http-request/pull/151
https://github.com/kevinsawicki/http-request,2d62a3e9da726942a93cf16b6e91c0187e6c0136,lib,com.github.kevinsawicki.http.HttpRequestTest.putWithEscapedVarargsQueryParams,OD-Vic,Opened,https://github.com/kevinsawicki/http-request/pull/151
https://github.com/kevinsawicki/http-request,2d62a3e9da726942a93cf16b6e91c0187e6c0136,lib,com.github.kevinsawicki.http.HttpRequestTest.putWithMappedQueryParams,OD-Vic,Opened,https://github.com/kevinsawicki/http-request/pull/151
https://github.com/kevinsawicki/http-request,2d62a3e9da726942a93cf16b6e91c0187e6c0136,lib,com.github.kevinsawicki.http.HttpRequestTest.putWithVarargsQueryParams,OD-Vic,Opened,https://github.com/kevinsawicki/http-request/pull/151
https://github.com/kevinsawicki/http-request,2d62a3e9da726942a93cf16b6e91c0187e6c0136,lib,com.github.kevinsawicki.http.HttpRequestTest.singleSslSocketFactory,OD-Vic,Opened,https://github.com/kevinsawicki/http-request/pull/151
https://github.com/kevinsawicki/http-request,2d62a3e9da726942a93cf16b6e91c0187e6c0136,lib,com.github.kevinsawicki.http.HttpRequestTest.singleVerifier,OD-Vic,Opened,https://github.com/kevinsawicki/http-request/pull/151
https://github.com/kevinsawicki/http-request,2d62a3e9da726942a93cf16b6e91c0187e6c0136,lib,com.github.kevinsawicki.http.HttpRequestTest.verifierAccepts,OD-Vic,Opened,https://github.com/kevinsawicki/http-request/pull/151
https://github.com/ktuukkan/marine-api,af0003847db9ba822f67d4f1dceb8de3fe63250a,.,net.sf.marineapi.ais.event.AbstractAISMessageListenerTest.testBasicListenerWithUnexpectedMessage,OD-Vic,Accepted,https://github.com/ktuukkan/marine-api/pull/109
https://github.com/ktuukkan/marine-api,af0003847db9ba822f67d4f1dceb8de3fe63250a,.,net.sf.marineapi.ais.event.AbstractAISMessageListenerTest.testConstructor,OD-Vic,Accepted,https://github.com/ktuukkan/marine-api/pull/109
https://github.com/ktuukkan/marine-api,af0003847db9ba822f67d4f1dceb8de3fe63250a,.,net.sf.marineapi.ais.event.AbstractAISMessageListenerTest.testGenericsListener,OD-Vic,Accepted,https://github.com/ktuukkan/marine-api/pull/109
https://github.com/ktuukkan/marine-api,af0003847db9ba822f67d4f1dceb8de3fe63250a,.,net.sf.marineapi.ais.event.AbstractAISMessageListenerTest.testGenericsListenerDefaultConstructorThrows,OD-Vic,Accepted,https://github.com/ktuukkan/marine-api/pull/109
https://github.com/ktuukkan/marine-api,af0003847db9ba822f67d4f1dceb8de3fe63250a,.,net.sf.marineapi.ais.event.AbstractAISMessageListenerTest.testOnMessageWithExpectedMessage,OD-Vic,Accepted,https://github.com/ktuukkan/marine-api/pull/109
https://github.com/ktuukkan/marine-api,af0003847db9ba822f67d4f1dceb8de3fe63250a,.,net.sf.marineapi.ais.event.AbstractAISMessageListenerTest.testParametrizedConstructor,OD-Vic,Accepted,https://github.com/ktuukkan/marine-api/pull/109
https://github.com/ktuukkan/marine-api,af0003847db9ba822f67d4f1dceb8de3fe63250a,.,net.sf.marineapi.ais.event.AbstractAISMessageListenerTest.testSequenceListener,OD-Vic,Accepted,https://github.com/ktuukkan/marine-api/pull/109
https://github.com/ktuukkan/marine-api,af0003847db9ba822f67d4f1dceb8de3fe63250a,.,net.sf.marineapi.ais.event.AbstractAISMessageListenerTest.testSequenceListenerWithIncorrectOrder,OD-Vic,Accepted,https://github.com/ktuukkan/marine-api/pull/109
https://github.com/ktuukkan/marine-api,af0003847db9ba822f67d4f1dceb8de3fe63250a,.,net.sf.marineapi.ais.event.AbstractAISMessageListenerTest.testSequenceListenerWithMixedOrder,OD-Vic,Accepted,https://github.com/ktuukkan/marine-api/pull/109
https://github.com/ktuukkan/marine-api,af0003847db9ba822f67d4f1dceb8de3fe63250a,.,net.sf.marineapi.ais.parser.AISMessageFactoryTest.testCreate,OD-Vic,Accepted,https://github.com/ktuukkan/marine-api/pull/109
https://github.com/ktuukkan/marine-api,af0003847db9ba822f67d4f1dceb8de3fe63250a,.,net.sf.marineapi.ais.parser.AISMessageFactoryTest.testCreateWithIncorrectOrder,OD-Vic,Accepted,https://github.com/ktuukkan/marine-api/pull/109
https://github.com/ktuukkan/marine-api,af0003847db9ba822f67d4f1dceb8de3fe63250a,.,net.sf.marineapi.ais.parser.AISMessageFactoryTest.testCreateWithTwo,OD-Vic,Accepted,https://github.com/ktuukkan/marine-api/pull/109
https://github.com/kubernetes-client/java,e19a0ecbc9af258c43b486843df139c8ec8f117e,spring,io.kubernetes.client.spring.extended.controller.KubernetesInformerCreatorTest.testInformerInjection,OD,Accepted,https://github.com/kubernetes-client/java/pull/2897
https://github.com/neo4j/neo4j,c68156edf24164435ab1ac257ec633134c2887f7,community/lock,org.neo4j.kernel.impl.locking.forseti.LockingCompatibilityTest$RWLock.shouldIncludeDeadlockCycleForSimpleUpdateDeadlock,OD,Accepted,https://github.com/neo4j/neo4j/pull/13702
https://github.com/networknt/light-4j,fcded1683dcbd41a968e221494778aa6b71e7428,body,com.networknt.body.BodyHandlerTest.testPostInvalidJson,OD,,
https://github.com/networknt/light-4j,fcded1683dcbd41a968e221494778aa6b71e7428,body,com.networknt.body.BodyHandlerTest.testPostJsonMap,OD,,
https://github.com/networknt/light-4j,fcded1683dcbd41a968e221494778aa6b71e7428,body,com.networknt.body.BodyHandlerTest.testPostNonJson,OD,,
https://github.com/networknt/light-4j,fcded1683dcbd41a968e221494778aa6b71e7428,config,com.networknt.config.ConfigEscapeTest.testSql1,OD,DeveloperFixed,
https://github.com/networknt/light-4j,fcded1683dcbd41a968e221494778aa6b71e7428,config,com.networknt.config.ConfigEscapeTest.testSql2,OD,DeveloperFixed,
https://github.com/networknt/light-4j,fcded1683dcbd41a968e221494778aa6b71e7428,config,com.networknt.config.ConfigEscapeTest.testValuesEscape,OD,DeveloperFixed,
https://github.com/networknt/light-4j,fcded1683dcbd41a968e221494778aa6b71e7428,config,com.networknt.config.TestCentralizedManagement.testMap_allowEmptyStringOverwrite,OD,DeveloperFixed,
https://github.com/networknt/light-4j,fcded1683dcbd41a968e221494778aa6b71e7428,config,com.networknt.config.TestCentralizedManagement.testMap_allowNullOverwrite,OD,DeveloperFixed,
https://github.com/networknt/light-4j,fcded1683dcbd41a968e221494778aa6b71e7428,config,com.networknt.config.TestCentralizedManagement.testMap_mergeApplied_mutatesInPlaceCorrectly,OD,DeveloperFixed,
https://github.com/networknt/light-4j,fcded1683dcbd41a968e221494778aa6b71e7428,consul,com.networknt.consul.ConsulRegistryTest.discoverService,OD,Accepted,https://github.com/networknt/light-4j/pull/857
https://github.com/networknt/light-4j,fcded1683dcbd41a968e221494778aa6b71e7428,consul,com.networknt.consul.ConsulRegistryTest.doRegisterAndAvailable,OD,Accepted,https://github.com/networknt/light-4j/pull/857
https://github.com/networknt/light-4j,fcded1683dcbd41a968e221494778aa6b71e7428,correlation,com.networknt.correlation.CorrelationHandlerTest.testGetWithoutTid,OD,Accepted,https://github.com/networknt/light-4j/pull/2013
https://github.com/networknt/light-4j,fcded1683dcbd41a968e221494778aa6b71e7428,handler,com.networknt.handler.HandlerTest.validConfig_init_handlersCreated,OD,Accepted,https://github.com/networknt/light-4j/pull/1996
https://github.com/networknt/light-4j,fcded1683dcbd41a968e221494778aa6b71e7428,info,com.networknt.info.ServerInfoGetHandlerTest.testServerInfo,OD,,
https://github.com/networknt/light-4j,fcded1683dcbd41a968e221494778aa6b71e7428,portal-registry,com.networknt.portal.registry.PortalRegistryTest.discoverService,OD,Accepted,https://github.com/networknt/light-4j/pull/857
https://github.com/networknt/light-4j,fcded1683dcbd41a968e221494778aa6b71e7428,portal-registry,com.networknt.portal.registry.PortalRegistryTest.doRegisterAndAvailable,OD,Accepted,https://github.com/networknt/light-4j/pull/857
https://github.com/networknt/light-4j,fcded1683dcbd41a968e221494778aa6b71e7428,sanitizer,com.networknt.sanitizer.SanitizerHandlerWithEncodeTest.testPostBody,OD,,
https://github.com/networknt/light-4j,fcded1683dcbd41a968e221494778aa6b71e7428,sanitizer,com.networknt.sanitizer.SanitizerHandlerWithIgnoreTest.testPostBody,OD,,
https://github.com/networknt/light-4j,fcded1683dcbd41a968e221494778aa6b71e7428,metrics,io.dropwizard.metrics.SharedMetricRegistriesTest.hasASetOfNames,OD,Accepted,https://github.com/networknt/light-4j/pull/856
https://github.com/networknt/light-4j,fcded1683dcbd41a968e221494778aa6b71e7428,metrics,io.dropwizard.metrics.SharedMetricRegistriesTest.removesRegistries,OD,Accepted,https://github.com/networknt/light-4j/pull/856
https://github.com/openpojo/openpojo,00ed7a06b6403e7f64b298a94c63d7ac70735ff9,.,com.openpojo.reflection.java.packageloader.env.JavaClassPathClassLoaderTest.end2endLoadAllClassesInTheVM,OD,Unmaintained,
https://github.com/openpojo/openpojo,9badbcc4593e797accfed5e51bec9f2b843f0f67,.,com.openpojo.validation.test.impl.GetterTesterTest.shouldSuccessfullyValidateEvenIfLoggingFails,OD-Vic,Opened,https://github.com/OpenPojo/openpojo/pull/136
https://github.com/openpojo/openpojo,9badbcc4593e797accfed5e51bec9f2b843f0f67,.,com.openpojo.validation.test.impl.SerializableTesterTest.shouldSkipOverNonSerializableClass,OD-Vic,Opened,https://github.com/OpenPojo/openpojo/pull/136
https://github.com/openpojo/openpojo,9badbcc4593e797accfed5e51bec9f2b843f0f67,.,com.openpojo.validation.utils.ValidationHelperTest.shouldReportMissingASMProperly,OD-Vic,Opened,https://github.com/OpenPojo/openpojo/pull/136
https://github.com/pholser/junit-quickcheck,9361b6dae25b193782604d071754eb7fc566390a,guava,com.pholser.junit.quickcheck.guava.generator.FunctionPropertyParameterTypesTest.arrayOfFunction,OD,Accepted,https://github.com/pholser/junit-quickcheck/pull/257
https://github.com/pinterest/secor,a76fe9fedfa0571347d0b5465b3c40c83dd3c949,.,com.pinterest.secor.io.FileReaderWriterFactoryTest.testSequenceFileReader,OD,Opened,https://github.com/pinterest/secor/pull/2752
https://github.com/pinterest/secor,a76fe9fedfa0571347d0b5465b3c40c83dd3c949,.,com.pinterest.secor.io.FileReaderWriterFactoryTest.testSequenceFileWriter,OD,Opened,https://github.com/pinterest/secor/pull/2752
https://github.com/rest-assured/rest-assured,bbede9fff77d4f1b751cdada0bdf8fe8d928919a,spring-web-test-client,io.restassured.module.webtestclient.WebTestClientSpecificationMergingTest.web_test_client_factory_is_not_overwritten_when_not_defined_in_specification,OD,Accepted,https://github.com/rest-assured/rest-assured/pull/1424
https://github.com/rrd4j/rrd4j,5e0c9c7e138167388721a0620b95526e89fd6059,.,org.rrd4j.core.jrrd.ExportImport.testExport,OD-Vic,Accepted,https://github.com/rrd4j/rrd4j/pull/173
https://github.com/rrd4j/rrd4j,5e0c9c7e138167388721a0620b95526e89fd6059,.,org.rrd4j.core.jrrd.ExportImport.testImport,OD-Vic,Accepted,https://github.com/rrd4j/rrd4j/pull/173
https://github.com/rrd4j/rrd4j,5e0c9c7e138167388721a0620b95526e89fd6059,.,org.rrd4j.core.LongRunning.testVersion1,OD-Vic,Accepted,https://github.com/rrd4j/rrd4j/pull/173
https://github.com/rrd4j/rrd4j,5e0c9c7e138167388721a0620b95526e89fd6059,.,org.rrd4j.core.LongRunning.testVersion2,OD-Vic,Accepted,https://github.com/rrd4j/rrd4j/pull/173
https://github.com/rrd4j/rrd4j,5e0c9c7e138167388721a0620b95526e89fd6059,.,org.rrd4j.demo.RunDemo.runDemo,OD-Vic,Accepted,https://github.com/rrd4j/rrd4j/pull/173
https://github.com/rrd4j/rrd4j,5e0c9c7e138167388721a0620b95526e89fd6059,.,org.rrd4j.graph.FontTest.testClean,OD-Vic,Accepted,https://github.com/rrd4j/rrd4j/pull/160
https://github.com/sonatype-nexus-community/nexus-repository-helm,60a9e8de0d97bfa4e3f7ee6bb87d518e398f03f2,.,org.sonatype.repository.helm.internal.metadata.IndexYamlBuilderTest.testChartIndexPassedCorrectly,OD-Vic,RepoArchived,
https://github.com/spring-cloud/spring-cloud-aws,8d1675bd900071094ed92e638e8ff2ca093a6633,spring-cloud-aws-context,org.springframework.cloud.aws.context.annotation.OnAwsCloudEnvironmentConditionTest.condition_methodAnnotation_shouldCreateBeanFoo,OD,RepoArchived,
https://github.com/spring-cloud/spring-cloud-aws,8d1675bd900071094ed92e638e8ff2ca093a6633,spring-cloud-aws-context,org.springframework.cloud.aws.context.annotation.OnAwsCloudEnvironmentConditionTest.condition_methodAnnotation_shouldNotCreateBeanFoo,OD,RepoArchived,
https://github.com/spring-cloud/spring-cloud-aws,8d1675bd900071094ed92e638e8ff2ca093a6633,spring-cloud-aws-context,org.springframework.cloud.aws.context.annotation.OnAwsCloudEnvironmentConditionTest.condition_typeAnnotation_shouldCreateBeanFoo,OD,RepoArchived,
https://github.com/spring-cloud/spring-cloud-aws,8d1675bd900071094ed92e638e8ff2ca093a6633,spring-cloud-aws-context,org.springframework.cloud.aws.context.annotation.OnAwsCloudEnvironmentConditionTest.condition_typeAnnotation_shouldNotCreateBeanFoo,OD,RepoArchived,
https://github.com/spring-cloud/spring-cloud-config,a8f6955495d38f2dfab53c28def4cd6f4a2920d1,spring-cloud-config-client-tls-tests,org.springframework.cloud.config.client.tls.ConfigClientTlsTests.nonExistKeyStoreCauseFailure,OD,Irreproducible,
https://github.com/spring-cloud/spring-cloud-gcp,7ab8b2c249c825b499de5b66d080e64ddd0cced5,spring-cloud-gcp-secretmanager,org.springframework.cloud.gcp.secretmanager.it.SecretManagerPropertySourceIntegrationTests.testConfiguration,OD,RepoArchived,
https://github.com/spring-cloud/spring-cloud-gcp,7ab8b2c249c825b499de5b66d080e64ddd0cced5,spring-cloud-gcp-secretmanager,org.springframework.cloud.gcp.secretmanager.it.SecretManagerPropertySourceIntegrationTests.testMissingSecret,OD,RepoArchived,
https://github.com/spring-cloud/spring-cloud-gcp,7ab8b2c249c825b499de5b66d080e64ddd0cced5,spring-cloud-gcp-secretmanager,org.springframework.cloud.gcp.secretmanager.it.SecretManagerPropertySourceIntegrationTests.testValueAnnotation,OD,RepoArchived,
https://github.com/spring-cloud/spring-cloud-gcp,7ab8b2c249c825b499de5b66d080e64ddd0cced5,spring-cloud-gcp-storage,org.springframework.cloud.gcp.storage.GoogleStorageTests.testBucketNoBlobResourceStatuses,OD,RepoArchived,
https://github.com/spring-cloud/spring-cloud-gcp,7ab8b2c249c825b499de5b66d080e64ddd0cced5,spring-cloud-gcp-storage,org.springframework.cloud.gcp.storage.GoogleStorageTests.testValidBucket,OD,RepoArchived,
https://github.com/spring-cloud/spring-cloud-gcp,7ab8b2c249c825b499de5b66d080e64ddd0cced5,spring-cloud-gcp-storage,org.springframework.cloud.gcp.storage.GoogleStorageTests.testWritableOutputStream,OD,RepoArchived,
https://github.com/spring-cloud/spring-cloud-gcp,7ab8b2c249c825b499de5b66d080e64ddd0cced5,spring-cloud-gcp-storage,org.springframework.cloud.gcp.storage.GoogleStorageTests.testWritableOutputStreamWithAutoCreateOnNonExistantBlob,OD,RepoArchived,
https://github.com/spring-cloud/spring-cloud-gcp,7ab8b2c249c825b499de5b66d080e64ddd0cced5,spring-cloud-gcp-storage,org.springframework.cloud.gcp.storage.GoogleStorageTests.testWritableOutputStreamWithAutoCreateOnNullBlob,OD,RepoArchived,
https://github.com/spring-cloud/spring-cloud-kubernetes,3351926041a630aee0961ba0e1be8f035e4ba2ca,spring-cloud-kubernetes-controllers/spring-cloud-kubernetes-configserver,org.springframework.cloud.kubernetes.configserver.KubernetesEnvironmentRepositoryTests.testApplicationCase,OD,Accepted,https://github.com/spring-cloud/spring-cloud-kubernetes/pull/2089
https://github.com/spring-cloud/spring-cloud-kubernetes,3351926041a630aee0961ba0e1be8f035e4ba2ca,spring-cloud-kubernetes-controllers/spring-cloud-kubernetes-configserver,org.springframework.cloud.kubernetes.configserver.KubernetesEnvironmentRepositoryTests.testStoresCase,OD,Accepted,https://github.com/spring-cloud/spring-cloud-kubernetes/pull/2089
https://github.com/spring-cloud/spring-cloud-kubernetes,3351926041a630aee0961ba0e1be8f035e4ba2ca,spring-cloud-kubernetes-controllers/spring-cloud-kubernetes-configserver,org.springframework.cloud.kubernetes.configserver.KubernetesEnvironmentRepositoryTests.testStoresProfileCase,OD,Accepted,https://github.com/spring-cloud/spring-cloud-kubernetes/pull/2089
https://github.com/spring-cloud/spring-cloud-kubernetes,3351926041a630aee0961ba0e1be8f035e4ba2ca,spring-cloud-kubernetes-fabric8-config,org.springframework.cloud.kubernetes.fabric8.config.ConfigMapsFromFilePathsTests.farewellInputShouldReturnPropertyFromSecondFile,OD,,
https://github.com/spring-cloud/spring-cloud-kubernetes,3351926041a630aee0961ba0e1be8f035e4ba2ca,spring-cloud-kubernetes-fabric8-config,org.springframework.cloud.kubernetes.fabric8.config.ConfigMapsFromFilePathsTests.morningInputShouldReturnDefaultValue,OD,,
https://github.com/spring-cloud/spring-cloud-kubernetes,3351926041a630aee0961ba0e1be8f035e4ba2ca,spring-cloud-kubernetes-fabric8-config,org.springframework.cloud.kubernetes.fabric8.config.ConfigMapsTests.testConfig,OD,,
https://github.com/spring-cloud/spring-cloud-kubernetes,3351926041a630aee0961ba0e1be8f035e4ba2ca,spring-cloud-kubernetes-fabric8-config,org.springframework.cloud.kubernetes.fabric8.config.CoreTest.kubernetesClientConfigBeanShouldBeConfigurableViaSystemProperties,OD,,
https://github.com/spring-cloud/spring-cloud-kubernetes,3351926041a630aee0961ba0e1be8f035e4ba2ca,spring-cloud-kubernetes-fabric8-config,org.springframework.cloud.kubernetes.fabric8.config.MultipleConfigMapsTests.testCommonMessage,OD,,
https://github.com/spring-cloud/spring-cloud-kubernetes,3351926041a630aee0961ba0e1be8f035e4ba2ca,spring-cloud-kubernetes-fabric8-config,org.springframework.cloud.kubernetes.fabric8.config.MultipleConfigMapsTests.testMessage3,OD,,
https://github.com/spring-cloud/spring-cloud-kubernetes,3351926041a630aee0961ba0e1be8f035e4ba2ca,spring-cloud-kubernetes-fabric8-autoconfig,org.springframework.cloud.kubernetes.fabric8.Fabric8ClientUserAgentEnvPropertyTests.testUserAgent,OD,,
https://github.com/spring-cloud/spring-cloud-kubernetes,3351926041a630aee0961ba0e1be8f035e4ba2ca,spring-cloud-kubernetes-integration-tests/load-balancer,org.springframework.cloud.kubernetes.fabric8.loadbalancer.LoadBalancerTests.testLoadBalancerSameNamespace,OD-Vic,,
https://github.com/spring-cloud/spring-cloud-kubernetes,3351926041a630aee0961ba0e1be8f035e4ba2ca,spring-cloud-kubernetes-integration-tests/load-balancer,org.springframework.cloud.kubernetes.fabric8.loadbalancer.LoadBalancerWithServiceTests.testLoadBalancerSameNamespace,OD-Vic,,
https://github.com/spring-cloud/spring-cloud-netflix,dc67500445d3ce7382771e39b64ca93bbebc04c7,spring-cloud-netflix-eureka-server,org.springframework.cloud.netflix.eureka.server.ApplicationContextTests.catalogLoads,OD-Vic,,
https://github.com/spring-cloud/spring-cloud-netflix,dc67500445d3ce7382771e39b64ca93bbebc04c7,spring-cloud-netflix-eureka-server,org.springframework.cloud.netflix.eureka.server.ApplicationContextTests.dashboardLoads,OD-Vic,,
https://github.com/spring-cloud/spring-cloud-netflix,dc67500445d3ce7382771e39b64ca93bbebc04c7,spring-cloud-netflix-eureka-server,org.springframework.cloud.netflix.eureka.server.ApplicationDashboardDisabledTests.catalogLoads,OD-Vic,,
https://github.com/spring-cloud/spring-cloud-netflix,dc67500445d3ce7382771e39b64ca93bbebc04c7,spring-cloud-netflix-eureka-server,org.springframework.cloud.netflix.eureka.server.ApplicationDashboardPathTests.catalogLoads,OD-Vic,,
https://github.com/spring-cloud/spring-cloud-netflix,dc67500445d3ce7382771e39b64ca93bbebc04c7,spring-cloud-netflix-eureka-server,org.springframework.cloud.netflix.eureka.server.ApplicationDashboardPathTests.dashboardLoads,OD-Vic,,
https://github.com/spring-cloud/spring-cloud-netflix,dc67500445d3ce7382771e39b64ca93bbebc04c7,spring-cloud-netflix-eureka-server,org.springframework.cloud.netflix.eureka.server.ApplicationServletPathTests.catalogLoads,OD-Vic,,
https://github.com/spring-cloud/spring-cloud-netflix,dc67500445d3ce7382771e39b64ca93bbebc04c7,spring-cloud-netflix-eureka-server,org.springframework.cloud.netflix.eureka.server.ApplicationServletPathTests.dashboardLoads,OD-Vic,,
https://github.com/spring-cloud/spring-cloud-netflix,dc67500445d3ce7382771e39b64ca93bbebc04c7,spring-cloud-netflix-eureka-server,org.springframework.cloud.netflix.eureka.server.ApplicationTests.catalogLoads,OD-Vic,,
https://github.com/spring-cloud/spring-cloud-netflix,dc67500445d3ce7382771e39b64ca93bbebc04c7,spring-cloud-netflix-eureka-server,org.springframework.cloud.netflix.eureka.server.ApplicationTests.noDoubleSlashes,OD-Vic,,
https://github.com/spring-cloud/spring-cloud-netflix,dc67500445d3ce7382771e39b64ca93bbebc04c7,spring-cloud-netflix-eureka-server,org.springframework.cloud.netflix.eureka.server.RefreshablePeerEurekaNodesTests.dashboardUpdatedAsSoonAsRefreshed,OD-Vic,,
https://github.com/spring-projects/spring-boot,daa3d457b71896a758995c264977bdd1414ee4d4,spring-boot-project/spring-boot-actuator-autoconfigure,org.springframework.boot.actuate.autoconfigure.cloudfoundry.reactive.CloudFoundryWebFluxEndpointIntegrationTests.linksToOtherEndpointsWithFullAccess,OD-Vic,MovedToGradle,
https://github.com/spring-projects/spring-boot,daa3d457b71896a758995c264977bdd1414ee4d4,spring-boot-project/spring-boot-actuator-autoconfigure,org.springframework.boot.actuate.autoconfigure.cloudfoundry.reactive.CloudFoundryWebFluxEndpointIntegrationTests.linksToOtherEndpointsWithRestrictedAccess,OD-Vic,MovedToGradle,
https://github.com/spring-projects/spring-boot,daa3d457b71896a758995c264977bdd1414ee4d4,spring-boot-project/spring-boot-actuator-autoconfigure,org.springframework.boot.actuate.autoconfigure.cloudfoundry.reactive.CloudFoundryWebFluxEndpointIntegrationTests.operationWithSecurityInterceptorForbidden,OD-Vic,MovedToGradle,
https://github.com/spring-projects/spring-boot,daa3d457b71896a758995c264977bdd1414ee4d4,spring-boot-project/spring-boot-actuator-autoconfigure,org.springframework.boot.actuate.autoconfigure.cloudfoundry.reactive.CloudFoundryWebFluxEndpointIntegrationTests.operationWithSecurityInterceptorSuccess,OD-Vic,MovedToGradle,
https://github.com/spring-projects/spring-boot,daa3d457b71896a758995c264977bdd1414ee4d4,spring-boot-project/spring-boot-actuator-autoconfigure,org.springframework.boot.actuate.autoconfigure.cloudfoundry.servlet.CloudFoundryMvcWebEndpointIntegrationTests.linksToOtherEndpointsWithFullAccess,OD-Vic,MovedToGradle,
https://github.com/spring-projects/spring-boot,daa3d457b71896a758995c264977bdd1414ee4d4,spring-boot-project/spring-boot-actuator-autoconfigure,org.springframework.boot.actuate.autoconfigure.cloudfoundry.servlet.CloudFoundryMvcWebEndpointIntegrationTests.linksToOtherEndpointsWithRestrictedAccess,OD-Vic,MovedToGradle,
https://github.com/spring-projects/spring-boot,daa3d457b71896a758995c264977bdd1414ee4d4,spring-boot-project/spring-boot-actuator-autoconfigure,org.springframework.boot.actuate.autoconfigure.cloudfoundry.servlet.CloudFoundryMvcWebEndpointIntegrationTests.operationWithSecurityInterceptorForbidden,OD-Vic,MovedToGradle,
https://github.com/spring-projects/spring-boot,daa3d457b71896a758995c264977bdd1414ee4d4,spring-boot-project/spring-boot-actuator-autoconfigure,org.springframework.boot.actuate.autoconfigure.cloudfoundry.servlet.CloudFoundryMvcWebEndpointIntegrationTests.operationWithSecurityInterceptorSuccess,OD-Vic,MovedToGradle,
https://github.com/spring-projects/spring-boot,daa3d457b71896a758995c264977bdd1414ee4d4,spring-boot-project/spring-boot,org.springframework.boot.logging.java.JavaLoggingSystemTests.testCustomFormatter,OD-Vic,MovedToGradle,
https://github.com/spring-projects/spring-boot,daa3d457b71896a758995c264977bdd1414ee4d4,spring-boot-project/spring-boot,org.springframework.boot.logging.log4j2.Log4J2LoggingSystemTests.loggingThatUsesJulIsCaptured,OD-Vic,MovedToGradle,
https://github.com/spring-projects/spring-boot,daa3d457b71896a758995c264977bdd1414ee4d4,spring-boot-project/spring-boot,org.springframework.boot.logging.logback.LogbackLoggingSystemTests.bridgeHandlerLifecycle,OD-Vic,MovedToGradle,
https://github.com/spring-projects/spring-boot,daa3d457b71896a758995c264977bdd1414ee4d4,spring-boot-project/spring-boot,org.springframework.boot.logging.logback.LogbackLoggingSystemTests.loggingLevelIsPropagatedToJul,OD-Vic,MovedToGradle,
https://github.com/spring-projects/spring-boot,daa3d457b71896a758995c264977bdd1414ee4d4,spring-boot-project/spring-boot,org.springframework.boot.logging.logback.LogbackLoggingSystemTests.loggingThatUsesJulIsCaptured,OD-Vic,MovedToGradle,
https://github.com/spring-projects/spring-boot,daa3d457b71896a758995c264977bdd1414ee4d4,spring-boot-project/spring-boot,org.springframework.boot.SpringApplicationTests.customBanner,OD-Vic,MovedToGradle,
https://github.com/spring-projects/spring-boot,daa3d457b71896a758995c264977bdd1414ee4d4,spring-boot-project/spring-boot,org.springframework.boot.SpringApplicationTests.enableBannerInLogViaProperty,OD-Vic,MovedToGradle,
https://github.com/spring-projects/spring-boot,daa3d457b71896a758995c264977bdd1414ee4d4,spring-boot-project/spring-boot-test-autoconfigure,org.springframework.boot.test.autoconfigure.data.neo4j.DataNeo4jTestIntegrationTests.testRepository,OD-Vic,,
https://github.com/spring-projects/spring-boot,daa3d457b71896a758995c264977bdd1414ee4d4,spring-boot-project/spring-boot-test-autoconfigure,org.springframework.boot.test.autoconfigure.data.redis.DataRedisTestIntegrationTests.testRepository,OD-Vic,,
https://github.com/spring-projects/spring-boot,daa3d457b71896a758995c264977bdd1414ee4d4,spring-boot-project/spring-boot-test-autoconfigure,org.springframework.boot.test.autoconfigure.web.servlet.mockmvc.WebMvcTestWebDriverCustomScopeIntegrationTests.shouldBeTheSameWebClient,OD,,
https://github.com/spring-projects/spring-boot,daa3d457b71896a758995c264977bdd1414ee4d4,spring-boot-project/spring-boot-test-autoconfigure,org.springframework.boot.test.autoconfigure.web.servlet.mockmvc.WebMvcTestWebDriverIntegrationTests.shouldBeADifferentWebClient,OD,,
https://github.com/spring-projects/spring-data-envers,5637994be37747e82b2d6d5b34555e2bee791fe6,.,org.springframework.data.envers.repository.support.QueryDslRepositoryIntegrationTests.testWithQueryDsl,OD-Vic,DeveloperFixed,
https://github.com/spring-projects/spring-data-envers,5637994be37747e82b2d6d5b34555e2bee791fe6,.,org.springframework.data.envers.repository.support.QueryDslRepositoryIntegrationTests.testWithRevisions,OD-Vic,Accepted,https://github.com/spring-projects/spring-data-envers/pull/226
https://github.com/tbsalling/aismessages,7b0c4c708b6bb9a6da3d5737bcad1857ade8a931,.,dk.tbsalling.aismessages.nmea.NMEAMessageHandlerTest.canHandleFragmentedMessageReceived,OD-Vic,Accepted,https://github.com/tbsalling/aismessages/pull/41
https://github.com/tbsalling/aismessages,7b0c4c708b6bb9a6da3d5737bcad1857ade8a931,.,dk.tbsalling.aismessages.nmea.NMEAMessageHandlerTest.canHandleUnfragmentedMessageReceived,OD-Vic,Accepted,https://github.com/tbsalling/aismessages/pull/41
https://github.com/Thomas-S-B/visualee,88732d9dbe5031dad9c9f85a4c4b35e5f1551f95,visualee,de.strullerbaumann.visualee.dependency.boundary.DependencyContainerTest.testFindAllDependenciesWith,OD,Opened,https://github.com/Thomas-S-B/visualee/pull/8
https://github.com/Thomas-S-B/visualee,88732d9dbe5031dad9c9f85a4c4b35e5f1551f95,visualee,de.strullerbaumann.visualee.dependency.boundary.DependencyContainerTest.testGetRelevantClassesDirectlyConnected,OD,Opened,https://github.com/Thomas-S-B/visualee/pull/8
https://github.com/Thomas-S-B/visualee,88732d9dbe5031dad9c9f85a4c4b35e5f1551f95,visualee,de.strullerbaumann.visualee.dependency.boundary.DependencyContainerTest.testGetRelevantClassesFilter,OD,Opened,https://github.com/Thomas-S-B/visualee/pull/8
https://github.com/Thomas-S-B/visualee,88732d9dbe5031dad9c9f85a4c4b35e5f1551f95,visualee,de.strullerbaumann.visualee.examiner.cdi.ExaminerEJBTest.testFindAndSetAttributesEJBSetterWithAnnotations,OD,Opened,https://github.com/Thomas-S-B/visualee/pull/8
https://github.com/Thomas-S-B/visualee,88732d9dbe5031dad9c9f85a4c4b35e5f1551f95,visualee,de.strullerbaumann.visualee.examiner.cdi.ExaminerEJBTest.testFindAndSetAttributesEJBWithParameter,OD,Opened,https://github.com/Thomas-S-B/visualee/pull/8
https://github.com/Thomas-S-B/visualee,88732d9dbe5031dad9c9f85a4c4b35e5f1551f95,visualee,de.strullerbaumann.visualee.examiner.cdi.ExaminerEJBTest.testFindAndSetAttributesSetEJB,OD,Opened,https://github.com/Thomas-S-B/visualee/pull/8
https://github.com/Thomas-S-B/visualee,88732d9dbe5031dad9c9f85a4c4b35e5f1551f95,visualee,de.strullerbaumann.visualee.examiner.cdi.ExaminerEJBTest.testFindAndSetAttributesSetEJBPackageView,OD,Opened,https://github.com/Thomas-S-B/visualee/pull/8
https://github.com/Thomas-S-B/visualee,88732d9dbe5031dad9c9f85a4c4b35e5f1551f95,visualee,de.strullerbaumann.visualee.examiner.cdi.ExaminerEventTest.testFindAndSetAttributesSetInstance,OD,Opened,https://github.com/Thomas-S-B/visualee/pull/8
https://github.com/Thomas-S-B/visualee,88732d9dbe5031dad9c9f85a4c4b35e5f1551f95,visualee,de.strullerbaumann.visualee.examiner.cdi.ExaminerEventTest.testFindEvents,OD,Opened,https://github.com/Thomas-S-B/visualee/pull/8
https://github.com/Thomas-S-B/visualee,88732d9dbe5031dad9c9f85a4c4b35e5f1551f95,visualee,de.strullerbaumann.visualee.examiner.cdi.ExaminerInjectTest.testFindAndSetAttributesInjectSetterWithAnnotations,OD,Opened,https://github.com/Thomas-S-B/visualee/pull/8
https://github.com/Thomas-S-B/visualee,88732d9dbe5031dad9c9f85a4c4b35e5f1551f95,visualee,de.strullerbaumann.visualee.examiner.cdi.ExaminerInjectTest.testFindAndSetAttributesSetInject,OD,Opened,https://github.com/Thomas-S-B/visualee/pull/8
https://github.com/Thomas-S-B/visualee,88732d9dbe5031dad9c9f85a4c4b35e5f1551f95,visualee,de.strullerbaumann.visualee.examiner.cdi.ExaminerInjectTest.testFindEventNamedClass,OD,Opened,https://github.com/Thomas-S-B/visualee/pull/8
https://github.com/Thomas-S-B/visualee,88732d9dbe5031dad9c9f85a4c4b35e5f1551f95,visualee,de.strullerbaumann.visualee.examiner.cdi.ExaminerInstanceTest.testFindAndSetAttributesSetInstance,OD,Opened,https://github.com/Thomas-S-B/visualee/pull/8
https://github.com/Thomas-S-B/visualee,88732d9dbe5031dad9c9f85a4c4b35e5f1551f95,visualee,de.strullerbaumann.visualee.examiner.cdi.ExaminerInstanceTest.testFindAndSetAttributesSetInstanceGeneric,OD,Opened,https://github.com/Thomas-S-B/visualee/pull/8
https://github.com/Thomas-S-B/visualee,88732d9dbe5031dad9c9f85a4c4b35e5f1551f95,visualee,de.strullerbaumann.visualee.examiner.cdi.ExaminerObservesTest.testFindAndSetAttributesObserves,OD,Opened,https://github.com/Thomas-S-B/visualee/pull/8
https://github.com/Thomas-S-B/visualee,88732d9dbe5031dad9c9f85a4c4b35e5f1551f95,visualee,de.strullerbaumann.visualee.examiner.cdi.ExaminerObservesTest.testObservesAnnotated,OD,Opened,https://github.com/Thomas-S-B/visualee/pull/8
https://github.com/Thomas-S-B/visualee,88732d9dbe5031dad9c9f85a4c4b35e5f1551f95,visualee,de.strullerbaumann.visualee.examiner.cdi.ExaminerObservesTest.testObservesDuring,OD,Opened,https://github.com/Thomas-S-B/visualee/pull/8
https://github.com/Thomas-S-B/visualee,88732d9dbe5031dad9c9f85a4c4b35e5f1551f95,visualee,de.strullerbaumann.visualee.examiner.cdi.ExaminerObservesTest.testObservesNotify,OD,Opened,https://github.com/Thomas-S-B/visualee/pull/8
https://github.com/Thomas-S-B/visualee,88732d9dbe5031dad9c9f85a4c4b35e5f1551f95,visualee,de.strullerbaumann.visualee.examiner.cdi.ExaminerObservesTest.testObservesWithPhases,OD,Opened,https://github.com/Thomas-S-B/visualee/pull/8
https://github.com/Thomas-S-B/visualee,88732d9dbe5031dad9c9f85a4c4b35e5f1551f95,visualee,de.strullerbaumann.visualee.examiner.cdi.ExaminerProducesTest.testFindAndSetAttributesProduces,OD,Opened,https://github.com/Thomas-S-B/visualee/pull/8
https://github.com/Thomas-S-B/visualee,88732d9dbe5031dad9c9f85a4c4b35e5f1551f95,visualee,de.strullerbaumann.visualee.examiner.cdi.ExaminerProducesTest.testFindAndSetAttributesStaticProduces,OD,Opened,https://github.com/Thomas-S-B/visualee/pull/8
https://github.com/Thomas-S-B/visualee,88732d9dbe5031dad9c9f85a4c4b35e5f1551f95,visualee,de.strullerbaumann.visualee.examiner.cdi.ExaminerResourceTest.testFindAndSetAttributesResource,OD,Opened,https://github.com/Thomas-S-B/visualee/pull/8
https://github.com/Thomas-S-B/visualee,88732d9dbe5031dad9c9f85a4c4b35e5f1551f95,visualee,de.strullerbaumann.visualee.examiner.cdi.ExaminerResourceTest.testFindAndSetAttributesResourceInstance,OD,Opened,https://github.com/Thomas-S-B/visualee/pull/8
https://github.com/Thomas-S-B/visualee,88732d9dbe5031dad9c9f85a4c4b35e5f1551f95,visualee,de.strullerbaumann.visualee.examiner.cdi.ExaminerResourceTest.testFindAndSetAttributesResourceMappedName,OD,Opened,https://github.com/Thomas-S-B/visualee/pull/8
https://github.com/Thomas-S-B/visualee,88732d9dbe5031dad9c9f85a4c4b35e5f1551f95,visualee,de.strullerbaumann.visualee.examiner.JavaSourceInspectorTest.testFindAndSetAttributesIgnoreCommentBlocks,OD,Opened,https://github.com/Thomas-S-B/visualee/pull/8
https://github.com/Thomas-S-B/visualee,88732d9dbe5031dad9c9f85a4c4b35e5f1551f95,visualee,de.strullerbaumann.visualee.examiner.JavaSourceInspectorTest.testFindAndSetAttributesIgnoreComments,OD,Opened,https://github.com/Thomas-S-B/visualee/pull/8
https://github.com/Thomas-S-B/visualee,88732d9dbe5031dad9c9f85a4c4b35e5f1551f95,visualee,de.strullerbaumann.visualee.examiner.JavaSourceInspectorTest.testSetGroupNrs,OD,Opened,https://github.com/Thomas-S-B/visualee/pull/8
https://github.com/Thomas-S-B/visualee,88732d9dbe5031dad9c9f85a4c4b35e5f1551f95,visualee,de.strullerbaumann.visualee.examiner.jpa.JPAExaminerTest.testFindAndSetAttributesIgnoreCommentBlocks,OD,Opened,https://github.com/Thomas-S-B/visualee/pull/8
https://github.com/Thomas-S-B/visualee,88732d9dbe5031dad9c9f85a4c4b35e5f1551f95,visualee,de.strullerbaumann.visualee.examiner.jpa.JPAExaminerTest.testFindAndSetAttributesIgnoreComments,OD,Opened,https://github.com/Thomas-S-B/visualee/pull/8
https://github.com/Thomas-S-B/visualee,88732d9dbe5031dad9c9f85a4c4b35e5f1551f95,visualee,de.strullerbaumann.visualee.examiner.jpa.JPAExaminerTest.testFindAndSetAttributesManyToMany,OD,Opened,https://github.com/Thomas-S-B/visualee/pull/8
https://github.com/Thomas-S-B/visualee,88732d9dbe5031dad9c9f85a4c4b35e5f1551f95,visualee,de.strullerbaumann.visualee.examiner.jpa.JPAExaminerTest.testFindAndSetAttributesManyToOne,OD,Opened,https://github.com/Thomas-S-B/visualee/pull/8
https://github.com/Thomas-S-B/visualee,88732d9dbe5031dad9c9f85a4c4b35e5f1551f95,visualee,de.strullerbaumann.visualee.filter.boundary.FilterContainerTest.testIsOkExcludeFalse,OD,Opened,https://github.com/Thomas-S-B/visualee/pull/8
https://github.com/Thomas-S-B/visualee,88732d9dbe5031dad9c9f85a4c4b35e5f1551f95,visualee,de.strullerbaumann.visualee.filter.boundary.FilterContainerTest.testIsOkIncludeTrue,OD,Opened,https://github.com/Thomas-S-B/visualee/pull/8
https://github.com/Thomas-S-B/visualee,88732d9dbe5031dad9c9f85a4c4b35e5f1551f95,visualee,de.strullerbaumann.visualee.filter.entity.ClassFilterTest.testIsOkExcludeFalse,OD,Opened,https://github.com/Thomas-S-B/visualee/pull/8
https://github.com/Thomas-S-B/visualee,88732d9dbe5031dad9c9f85a4c4b35e5f1551f95,visualee,de.strullerbaumann.visualee.filter.entity.ClassFilterTest.testIsOkIncludeTrue,OD,Opened,https://github.com/Thomas-S-B/visualee/pull/8
https://github.com/Thomas-S-B/visualee,88732d9dbe5031dad9c9f85a4c4b35e5f1551f95,visualee,de.strullerbaumann.visualee.filter.entity.PackageFilterTest.testIsOkExcludeFalse,OD,Opened,https://github.com/Thomas-S-B/visualee/pull/8
https://github.com/Thomas-S-B/visualee,88732d9dbe5031dad9c9f85a4c4b35e5f1551f95,visualee,de.strullerbaumann.visualee.filter.entity.PackageFilterTest.testIsOkIncludeTrue,OD,Opened,https://github.com/Thomas-S-B/visualee/pull/8
https://github.com/Thomas-S-B/visualee,88732d9dbe5031dad9c9f85a4c4b35e5f1551f95,visualee,de.strullerbaumann.visualee.filter.entity.SourcecodeFilterTest.testIsOkExcludeFalse,OD,Opened,https://github.com/Thomas-S-B/visualee/pull/8
https://github.com/Thomas-S-B/visualee,88732d9dbe5031dad9c9f85a4c4b35e5f1551f95,visualee,de.strullerbaumann.visualee.filter.entity.SourcecodeFilterTest.testIsOkIncludeTrue,OD,Opened,https://github.com/Thomas-S-B/visualee/pull/8
https://github.com/Thomas-S-B/visualee,88732d9dbe5031dad9c9f85a4c4b35e5f1551f95,visualee,de.strullerbaumann.visualee.source.boundary.JavaSourceContainerTest.testAddJavaSourceDoublette,OD,Opened,https://github.com/Thomas-S-B/visualee/pull/8
https://github.com/Thomas-S-B/visualee,88732d9dbe5031dad9c9f85a4c4b35e5f1551f95,visualee,de.strullerbaumann.visualee.source.boundary.JavaSourceContainerTest.testGetJavaSourceByName,OD,Opened,https://github.com/Thomas-S-B/visualee/pull/8
https://github.com/Thomas-S-B/visualee,88732d9dbe5031dad9c9f85a4c4b35e5f1551f95,visualee,de.strullerbaumann.visualee.source.entity.JavaSourceTest.testGetDependenciesOfType,OD,Opened,https://github.com/Thomas-S-B/visualee/pull/8
https://github.com/Thomas-S-B/visualee,88732d9dbe5031dad9c9f85a4c4b35e5f1551f95,visualee,de.strullerbaumann.visualee.ui.graph.boundary.GraphCreatorTest.testBuildJSONLinks,OD,Opened,https://github.com/Thomas-S-B/visualee/pull/8
https://github.com/Thomas-S-B/visualee,88732d9dbe5031dad9c9f85a4c4b35e5f1551f95,visualee,de.strullerbaumann.visualee.ui.graph.boundary.GraphCreatorTest.testBuildJSONNode,OD,Opened,https://github.com/Thomas-S-B/visualee/pull/8
https://github.com/Thomas-S-B/visualee,88732d9dbe5031dad9c9f85a4c4b35e5f1551f95,visualee,de.strullerbaumann.visualee.ui.graph.boundary.GraphCreatorTest.testBuildJSONNodes,OD,Opened,https://github.com/Thomas-S-B/visualee/pull/8
https://github.com/Thomas-S-B/visualee,88732d9dbe5031dad9c9f85a4c4b35e5f1551f95,visualee,de.strullerbaumann.visualee.ui.graph.control.DescriptionTest.testGenerateDescription,OD,Opened,https://github.com/Thomas-S-B/visualee/pull/8
https://github.com/Thomas-S-B/visualee,88732d9dbe5031dad9c9f85a4c4b35e5f1551f95,visualee,de.strullerbaumann.visualee.ui.graph.control.DescriptionTest.testGenerateDescription2,OD,Opened,https://github.com/Thomas-S-B/visualee/pull/8
https://github.com/tools4j/unix4j,367da7d262e682a08577cdf19ebbbdd8a46870fe,unix4j-core/unix4j-command,org.unix4j.unix.FindFileTimeDependentTest.find_fileCreatedBeforeNow,OD-Vic,Accepted,https://github.com/tools4j/unix4j/pull/77
https://github.com/undertow-io/undertow,d0efffad5d2034bb07525cac9b299dac72c3045d,websockets-jsr,io.undertow.websockets.jsr.test.annotated.AnnotatedEndpointTest.testCloseReason,OD-Vic,Accepted,https://github.com/undertow-io/undertow/pull/684
https://github.com/vaadin/flow,ad39b063a657ce6728009a7184b1d8f012377194,flow-polymer-template,com.vaadin.flow.component.polymertemplate.NpmTemplateParserTest.should_FindCorrectDataInTemplate,OD-Vic,,
https://github.com/vaadin/flow,26aacd3cdf51c7e0a18ae21318d366ce7f91be8a,flow-data,com.vaadin.flow.data.validator.BeanValidatorTest.testInvalidDecimalsFailsInFrench,OD,Accepted,https://github.com/vaadin/flow/pull/9524
https://github.com/vaadin/flow,faae5c3b9d8b7199e500ec251eb0f24cd2ab4b7c,flow-server,com.vaadin.flow.server.communication.IndexHtmlRequestHandlerTest.should_export_usage_statistics_in_development_mode,OD-Vic,Accepted,https://github.com/vaadin/flow/pull/22802
https://github.com/vert-x3/vertx-mqtt,c8213e0f41150a1a02f4ad1185762494b52c6350,.,io.vertx.mqtt.test.server.MqttServerClientIdentifierTest.testValidClientIdentifier,OD,Opened,https://github.com/vert-x3/vertx-mqtt/pull/253
https://github.com/vert-x3/vertx-mqtt,c8213e0f41150a1a02f4ad1185762494b52c6350,.,io.vertx.mqtt.test.server.MqttServerClientPublishTest.publishQos0,OD,Opened,https://github.com/vert-x3/vertx-mqtt/pull/253
https://github.com/vert-x3/vertx-mqtt,c8213e0f41150a1a02f4ad1185762494b52c6350,.,io.vertx.mqtt.test.server.MqttServerConnectionTest.accepted,OD,Opened,https://github.com/vert-x3/vertx-mqtt/pull/253
https://github.com/vert-x3/vertx-mqtt,c8213e0f41150a1a02f4ad1185762494b52c6350,.,io.vertx.mqtt.test.server.MqttServerConnectionTest.connectionAlreadyAccepted,OD,Opened,https://github.com/vert-x3/vertx-mqtt/pull/253
https://github.com/vert-x3/vertx-mqtt,c8213e0f41150a1a02f4ad1185762494b52c6350,.,io.vertx.mqtt.test.server.MqttServerConnectionTest.noConnectSent,OD,Opened,https://github.com/vert-x3/vertx-mqtt/pull/253
https://github.com/vert-x3/vertx-mqtt,c8213e0f41150a1a02f4ad1185762494b52c6350,.,io.vertx.mqtt.test.server.MqttServerUnsubscribeTest.unsubscribe,OD,Opened,https://github.com/vert-x3/vertx-mqtt/pull/253
https://github.com/wikidata/wikidata-toolkit,20de6f7f12319f54eb962ff6e8357b3f5695d54d,wdtk-util,org.wikidata.wdtk.util.DirectoryManagerFactoryTest.createDefaultDirectoryManagerPath,OD-Vic,Accepted,https://github.com/Wikidata/Wikidata-Toolkit/pull/485
https://github.com/wikidata/wikidata-toolkit,20de6f7f12319f54eb962ff6e8357b3f5695d54d,wdtk-util,org.wikidata.wdtk.util.DirectoryManagerFactoryTest.createDirectoryManagerIoException,OD-Vic,Accepted,https://github.com/Wikidata/Wikidata-Toolkit/pull/485
https://github.com/wildfly/wildfly,b19048b72669fc0e96665b1b125dc1fda21f5993,naming,org.jboss.as.naming.InitialContextFactoryTestCase.testInitialFactory,OD-Vic,Accepted,https://github.com/wildfly/wildfly/pull/11833
https://github.com/wildfly/wildfly,b19048b72669fc0e96665b1b125dc1fda21f5993,naming,org.jboss.as.naming.InitialContextFactoryTestCase.testJavaContext,OD-Vic,Accepted,https://github.com/wildfly/wildfly/pull/11833
https://github.com/wildfly/wildfly,b19048b72669fc0e96665b1b125dc1fda21f5993,naming,org.jboss.as.naming.InitialContextTestCase.testRegisterURLSchemeHandler,OD-Vic,Accepted,https://github.com/wildfly/wildfly/pull/11833
https://github.com/wildfly/wildfly,b19048b72669fc0e96665b1b125dc1fda21f5993,naming,org.jboss.as.naming.NamingContextTestCase.testBind,OD-Vic,Accepted,https://github.com/wildfly/wildfly/pull/11833
https://github.com/wildfly/wildfly,b19048b72669fc0e96665b1b125dc1fda21f5993,naming,org.jboss.as.naming.NamingContextTestCase.testBindReferenceable,OD-Vic,Accepted,https://github.com/wildfly/wildfly/pull/11833
https://github.com/wildfly/wildfly,b19048b72669fc0e96665b1b125dc1fda21f5993,naming,org.jboss.as.naming.NamingContextTestCase.testCreateSubcontext,OD-Vic,Accepted,https://github.com/wildfly/wildfly/pull/11833
https://github.com/wildfly/wildfly,b19048b72669fc0e96665b1b125dc1fda21f5993,naming,org.jboss.as.naming.NamingContextTestCase.testList,OD-Vic,Accepted,https://github.com/wildfly/wildfly/pull/11833
https://github.com/wildfly/wildfly,b19048b72669fc0e96665b1b125dc1fda21f5993,naming,org.jboss.as.naming.NamingContextTestCase.testListBindings,OD-Vic,Accepted,https://github.com/wildfly/wildfly/pull/11833
https://github.com/wildfly/wildfly,b19048b72669fc0e96665b1b125dc1fda21f5993,naming,org.jboss.as.naming.NamingContextTestCase.testListBindingsNameNotFound,OD-Vic,Accepted,https://github.com/wildfly/wildfly/pull/11833
https://github.com/wildfly/wildfly,b19048b72669fc0e96665b1b125dc1fda21f5993,naming,org.jboss.as.naming.NamingContextTestCase.testListBindingsWithContinuation,OD-Vic,Accepted,https://github.com/wildfly/wildfly/pull/11833
https://github.com/wildfly/wildfly,b19048b72669fc0e96665b1b125dc1fda21f5993,naming,org.jboss.as.naming.NamingContextTestCase.testListNameNotFound,OD-Vic,Accepted,https://github.com/wildfly/wildfly/pull/11833
https://github.com/wildfly/wildfly,b19048b72669fc0e96665b1b125dc1fda21f5993,naming,org.jboss.as.naming.NamingContextTestCase.testListWithContinuation,OD-Vic,Accepted,https://github.com/wildfly/wildfly/pull/11833
https://github.com/wildfly/wildfly,b19048b72669fc0e96665b1b125dc1fda21f5993,naming,org.jboss.as.naming.NamingContextTestCase.testLookup,OD-Vic,Accepted,https://github.com/wildfly/wildfly/pull/11833
https://github.com/wildfly/wildfly,b19048b72669fc0e96665b1b125dc1fda21f5993,naming,org.jboss.as.naming.NamingContextTestCase.testLookupContextLink,OD-Vic,Accepted,https://github.com/wildfly/wildfly/pull/11833
https://github.com/wildfly/wildfly,b19048b72669fc0e96665b1b125dc1fda21f5993,naming,org.jboss.as.naming.NamingContextTestCase.testLookupEmptyName,OD-Vic,Accepted,https://github.com/wildfly/wildfly/pull/11833
https://github.com/wildfly/wildfly,b19048b72669fc0e96665b1b125dc1fda21f5993,naming,org.jboss.as.naming.NamingContextTestCase.testLookupLink,OD-Vic,Accepted,https://github.com/wildfly/wildfly/pull/11833
https://github.com/wildfly/wildfly,b19048b72669fc0e96665b1b125dc1fda21f5993,naming,org.jboss.as.naming.NamingContextTestCase.testLookupNameNotFound,OD-Vic,Accepted,https://github.com/wildfly/wildfly/pull/11833
https://github.com/wildfly/wildfly,b19048b72669fc0e96665b1b125dc1fda21f5993,naming,org.jboss.as.naming.NamingContextTestCase.testLookupReference,OD-Vic,Accepted,https://github.com/wildfly/wildfly/pull/11833
https://github.com/wildfly/wildfly,b19048b72669fc0e96665b1b125dc1fda21f5993,naming,org.jboss.as.naming.NamingContextTestCase.testLookupWithContinuation,OD-Vic,Accepted,https://github.com/wildfly/wildfly/pull/11833
https://github.com/wildfly/wildfly,b19048b72669fc0e96665b1b125dc1fda21f5993,naming,org.jboss.as.naming.NamingContextTestCase.testLookupWitResolveResult,OD-Vic,Accepted,https://github.com/wildfly/wildfly/pull/11833
https://github.com/wildfly/wildfly,b19048b72669fc0e96665b1b125dc1fda21f5993,naming,org.jboss.as.naming.NamingContextTestCase.testRebind,OD-Vic,Accepted,https://github.com/wildfly/wildfly/pull/11833
https://github.com/wildfly/wildfly,b19048b72669fc0e96665b1b125dc1fda21f5993,naming,org.jboss.as.naming.NamingContextTestCase.testRebindReferenceable,OD-Vic,Accepted,https://github.com/wildfly/wildfly/pull/11833
https://github.com/wildfly/wildfly,b19048b72669fc0e96665b1b125dc1fda21f5993,naming,org.jboss.as.naming.NamingContextTestCase.testUnbind,OD-Vic,Accepted,https://github.com/wildfly/wildfly/pull/11833
https://github.com/wildfly/wildfly,b19048b72669fc0e96665b1b125dc1fda21f5993,naming,org.jboss.as.naming.NamingEventCoordinatorTestCase.testFireAllEvent,OD-Vic,Accepted,https://github.com/wildfly/wildfly/pull/11833
https://github.com/wildfly/wildfly,b19048b72669fc0e96665b1b125dc1fda21f5993,naming,org.jboss.as.naming.NamingEventCoordinatorTestCase.testFireMultiLevelEvent,OD-Vic,Accepted,https://github.com/wildfly/wildfly/pull/11833
https://github.com/wildfly/wildfly,b19048b72669fc0e96665b1b125dc1fda21f5993,naming,org.jboss.as.naming.NamingEventCoordinatorTestCase.testFireObjectEvent,OD-Vic,Accepted,https://github.com/wildfly/wildfly/pull/11833
https://github.com/wildfly/wildfly,b19048b72669fc0e96665b1b125dc1fda21f5993,naming,org.jboss.as.naming.NamingEventCoordinatorTestCase.testFireOneLevelEvent,OD-Vic,Accepted,https://github.com/wildfly/wildfly/pull/11833
https://github.com/wildfly/wildfly,b19048b72669fc0e96665b1b125dc1fda21f5993,naming,org.jboss.as.naming.NamingEventCoordinatorTestCase.testFireSubTreeEvent,OD-Vic,Accepted,https://github.com/wildfly/wildfly/pull/11833
https://github.com/wildfly/wildfly,b19048b72669fc0e96665b1b125dc1fda21f5993,naming,org.jboss.as.naming.ObjectFactoryTestCase.testBindAndRetrieveObjectFactoryFromInitialContext,OD-Vic,Accepted,https://github.com/wildfly/wildfly/pull/11833
https://github.com/wildfly/wildfly,b19048b72669fc0e96665b1b125dc1fda21f5993,naming,org.jboss.as.naming.ObjectFactoryTestCase.testBindAndRetrieveObjectFactoryFromNamingContext,OD-Vic,Accepted,https://github.com/wildfly/wildfly/pull/11833
https://github.com/wildfly/wildfly,b19048b72669fc0e96665b1b125dc1fda21f5993,naming,org.jboss.as.naming.ServiceBasedNamingStoreTestCase.testListBindings,OD-Vic,Accepted,https://github.com/wildfly/wildfly/pull/11833
https://github.com/wildfly/wildfly,b19048b72669fc0e96665b1b125dc1fda21f5993,naming,org.jboss.as.naming.ServiceBasedNamingStoreTestCase.testLookupBinding,OD-Vic,Accepted,https://github.com/wildfly/wildfly/pull/11833
https://github.com/wildfly/wildfly,b19048b72669fc0e96665b1b125dc1fda21f5993,naming,org.jboss.as.naming.ServiceBasedNamingStoreTestCase.testLookupBindingUsingNestedContext,OD-Vic,Accepted,https://github.com/wildfly/wildfly/pull/11833
https://github.com/wildfly/wildfly,b19048b72669fc0e96665b1b125dc1fda21f5993,naming,org.jboss.as.naming.ServiceBasedNamingStoreTestCase.testStoredContext,OD-Vic,Accepted,https://github.com/wildfly/wildfly/pull/11833
https://github.com/wildfly/wildfly,b19048b72669fc0e96665b1b125dc1fda21f5993,naming,org.jboss.as.naming.subsystem.NamingSubsystemTestCase.testCompositeBindingOps,OD-Vic,Accepted,https://github.com/wildfly/wildfly/pull/11833
https://github.com/wildfly/wildfly,b19048b72669fc0e96665b1b125dc1fda21f5993,naming,org.jboss.as.naming.subsystem.NamingSubsystemTestCase.testCompositeBindingUpdate,OD-Vic,Accepted,https://github.com/wildfly/wildfly/pull/11833
https://github.com/wildfly/wildfly,b19048b72669fc0e96665b1b125dc1fda21f5993,naming,org.jboss.as.naming.subsystem.NamingSubsystemTestCase.testOnlyExternalContextAllowsCache,OD-Vic,Accepted,https://github.com/wildfly/wildfly/pull/11833
https://github.com/wildfly/wildfly,b19048b72669fc0e96665b1b125dc1fda21f5993,naming,org.jboss.as.naming.subsystem.NamingSubsystemTestCase.testRejectionsEAP6,OD-Vic,Accepted,https://github.com/wildfly/wildfly/pull/11833
https://github.com/wildfly/wildfly,b19048b72669fc0e96665b1b125dc1fda21f5993,naming,org.jboss.as.naming.subsystem.NamingSubsystemTestCase.testRejectionsEAP7,OD-Vic,Accepted,https://github.com/wildfly/wildfly/pull/11833
https://github.com/wildfly/wildfly,b19048b72669fc0e96665b1b125dc1fda21f5993,naming,org.jboss.as.naming.subsystem.NamingSubsystemTestCase.testSubsystem,OD-Vic,Accepted,https://github.com/wildfly/wildfly/pull/11833
https://github.com/wildfly/wildfly,b19048b72669fc0e96665b1b125dc1fda21f5993,naming,org.jboss.as.naming.WritableServiceBasedNamingStoreTestCase.testBind,OD-Vic,Accepted,https://github.com/wildfly/wildfly/pull/11833
https://github.com/wildfly/wildfly,b19048b72669fc0e96665b1b125dc1fda21f5993,naming,org.jboss.as.naming.WritableServiceBasedNamingStoreTestCase.testBindNested,OD-Vic,Accepted,https://github.com/wildfly/wildfly/pull/11833
https://github.com/wildfly/wildfly,b19048b72669fc0e96665b1b125dc1fda21f5993,naming,org.jboss.as.naming.WritableServiceBasedNamingStoreTestCase.testRebind,OD-Vic,Accepted,https://github.com/wildfly/wildfly/pull/11833
https://github.com/winder/Universal-G-Code-Sender,4426f71c900ddd4a1eeb3957f3275cedc6312534,ugs-platform/ugs-platform-plugin-cloud-storage,com.willwinder.ugs.nbp.S3FileSystemViewTest.testGetFiles,OD,,
https://github.com/winder/Universal-G-Code-Sender,4426f71c900ddd4a1eeb3957f3275cedc6312534,ugs-core,com.willwinder.universalgcodesender.GrblControllerTest.rawResponseHandlerOnErrorWithNoSentCommandsShouldSendMessageToConsole,OD,,
https://github.com/winder/Universal-G-Code-Sender,4426f71c900ddd4a1eeb3957f3275cedc6312534,ugs-core,com.willwinder.universalgcodesender.GrblControllerTest.rawResponseHandlerWithKnownErrorShouldWriteMessageToConsole,OD,,
https://github.com/winder/Universal-G-Code-Sender,4426f71c900ddd4a1eeb3957f3275cedc6312534,ugs-core,com.willwinder.universalgcodesender.GrblControllerTest.rawResponseHandlerWithUnknownErrorShouldWriteGenericMessageToConsole,OD,,
https://github.com/winder/Universal-G-Code-Sender,4426f71c900ddd4a1eeb3957f3275cedc6312534,ugs-core,com.willwinder.universalgcodesender.GrblControllerTest.testGetGrblVersion,OD,,
https://github.com/winder/Universal-G-Code-Sender,4426f71c900ddd4a1eeb3957f3275cedc6312534,ugs-core,com.willwinder.universalgcodesender.GrblControllerTest.testIsReadyToStreamFile,OD,,
https://github.com/wro4j/wro4j,185ab607f1d649ca38b4a772831ee754cd4649fb,wro4j-core,ro.isdc.wro.model.resource.processor.TestJsMinProcessor.shouldProcessRegexpContainingCurlyBraces,OD-Vic,,
https://github.com/wro4j/wro4j,185ab607f1d649ca38b4a772831ee754cd4649fb,wro4j-core,ro.isdc.wro.model.resource.support.change.TestResourceChangeInfo.cannotCheckChangeForNullGroupName,OD-Vic,,
https://github.com/wro4j/wro4j,185ab607f1d649ca38b4a772831ee754cd4649fb,wro4j-core,ro.isdc.wro.model.resource.support.change.TestResourceWatcher.cannotCheckNullCacheEntry,OD-Vic,,
https://github.com/wro4j/wro4j,185ab607f1d649ca38b4a772831ee754cd4649fb,wro4j-core,ro.isdc.wro.model.resource.support.hash.TestConfigurableHashStrategy.cannotConfigureInvalidAlias,OD-Vic,,
https://github.com/wro4j/wro4j,185ab607f1d649ca38b4a772831ee754cd4649fb,wro4j-core,ro.isdc.wro.model.resource.support.naming.TestConfigurableNamingStrategy.cannotConfigureInvalidAlias,OD-Vic,,
https://github.com/wro4j/wro4j,185ab607f1d649ca38b4a772831ee754cd4649fb,wro4j-core,ro.isdc.wro.model.resource.support.naming.TestDefaultHashEncoderNamingStrategy.cannotAcceptNullStream,OD-Vic,,
https://github.com/wro4j/wro4j,185ab607f1d649ca38b4a772831ee754cd4649fb,wro4j-core,ro.isdc.wro.model.resource.support.naming.TestDefaultHashEncoderNamingStrategy.shouldRenameResourceWithSomeContent,OD-Vic,,
https://github.com/wro4j/wro4j,185ab607f1d649ca38b4a772831ee754cd4649fb,wro4j-core,ro.isdc.wro.model.resource.support.naming.TestHashEncoderNamingStrategy.cannotAcceptNullStream,OD-Vic,,
https://github.com/wro4j/wro4j,185ab607f1d649ca38b4a772831ee754cd4649fb,wro4j-core,ro.isdc.wro.model.resource.support.naming.TestHashEncoderNamingStrategy.shouldRenameResourceWithSomeContent,OD-Vic,,
https://github.com/wro4j/wro4j,185ab607f1d649ca38b4a772831ee754cd4649fb,wro4j-core,ro.isdc.wro.model.resource.support.TestDefaultResourceAuthorizationManager.shouldContainOnlyOneResourceWhenSameIsAddedTwice,OD-Vic,,
https://github.com/wro4j/wro4j,185ab607f1d649ca38b4a772831ee754cd4649fb,wro4j-core,ro.isdc.wro.model.TestWroModel.shouldNotReturnDuplicatedResources,OD-Vic,,
https://github.com/wro4j/wro4j,185ab607f1d649ca38b4a772831ee754cd4649fb,wro4j-core,ro.isdc.wro.util.provider.TestProviderFinder.shouldFindConfigurableProviders,OD-Vic,,
https://github.com/wro4j/wro4j,185ab607f1d649ca38b4a772831ee754cd4649fb,wro4j-core,ro.isdc.wro.util.TestProxyFactory.cannotCreateProxyFromNullObjectFactory,OD-Vic,,
https://github.com/wro4j/wro4j,185ab607f1d649ca38b4a772831ee754cd4649fb,wro4j-core,ro.isdc.wro.util.TestSchedulerHelper.canAcceptNullRunnableWhenPeriodIsZero,OD-Vic,,
https://github.com/wro4j/wro4j,185ab607f1d649ca38b4a772831ee754cd4649fb,wro4j-core,ro.isdc.wro.util.TestWroUtil.shouldJoinTwoPaths,OD-Vic,,
https://github.com/wso2/carbon-apimgt,a82213e40e7e6aa529341fdd1d1c3de776949e64,components/apimgt/org.wso2.carbon.apimgt.core,org.wso2.carbon.apimgt.core.auth.ScopeRegistrationServiceStubFactoryTest.testGetScopeRegistration,OD-Vic,,
https://github.com/yangfuhai/jboot,4bffb4dff4ce5190917491a1b68f79efbfe99650,.,io.jboot.test.cache.caffeine.CaffeineTester.testDue,OD,Accepted,https://github.com/yangfuhai/jboot/pull/117
https://github.com/yangfuhai/jboot,4bffb4dff4ce5190917491a1b68f79efbfe99650,.,io.jboot.test.cache.caffeine.CaffeineTester.testGet,OD,Accepted,https://github.com/yangfuhai/jboot/pull/117
https://github.com/yangfuhai/jboot,4bffb4dff4ce5190917491a1b68f79efbfe99650,.,io.jboot.test.cache.caffeine.CaffeineTester.testPut,OD,Accepted,https://github.com/yangfuhai/jboot/pull/117
https://github.com/yangfuhai/jboot,4bffb4dff4ce5190917491a1b68f79efbfe99650,.,io.jboot.test.cache.caffeine.CaffeineTester.testTtl,OD,Accepted,https://github.com/yangfuhai/jboot/pull/117
https://github.com/yangfuhai/jboot,4bffb4dff4ce5190917491a1b68f79efbfe99650,.,io.jboot.test.cache.ehcache.EhCacheTester.testGet,OD,Accepted,https://github.com/yangfuhai/jboot/pull/117
https://github.com/yangfuhai/jboot,4bffb4dff4ce5190917491a1b68f79efbfe99650,.,io.jboot.test.cache.ehcache.EhCacheTester.testPut,OD,Accepted,https://github.com/yangfuhai/jboot/pull/117
https://github.com/yangfuhai/jboot,4bffb4dff4ce5190917491a1b68f79efbfe99650,.,io.jboot.test.cache.j2cache.J2CacheTester.testGet,OD,Opened,https://github.com/yangfuhai/jboot/pull/97
https://github.com/yangfuhai/jboot,4bffb4dff4ce5190917491a1b68f79efbfe99650,.,io.jboot.test.cache.j2cache.J2CacheTester.testPut,OD,Opened,https://github.com/yangfuhai/jboot/pull/97
https://github.com/yangfuhai/jboot,4bffb4dff4ce5190917491a1b68f79efbfe99650,.,io.jboot.test.cache.redis.RedisCacheTester.testCacheType,OD,Opened,https://github.com/yangfuhai/jboot/pull/97
https://github.com/yangfuhai/jboot,4bffb4dff4ce5190917491a1b68f79efbfe99650,.,io.jboot.test.cache.redis.RedisCacheTester.testGet,OD,Opened,https://github.com/yangfuhai/jboot/pull/97
https://github.com/yangfuhai/jboot,4bffb4dff4ce5190917491a1b68f79efbfe99650,.,io.jboot.test.cache.redis.RedisCacheTester.testPut,OD,Opened,https://github.com/yangfuhai/jboot/pull/97
