candidate,victim_status,exc,msg_norm,top_frame,signature,ms,cand_status,od_relevant
com.alibaba.json.bvt.parser.AEHuangliang2Test#test_for_issue,FAIL,java.lang.AssertionError,expected:<Sun Jan <N> <N>:<N>:<N> UTC <N>> but was:<Sun Jan <N> <N>:<N>:<N> UTC <N>>,com.alibaba.json.bvt.parser.DefaultExtJSONParser_parseArray.test_7,java.lang.AssertionError || expected:<Sun Jan <N> <N>:<N>:<N> UTC <N>> but was:<Sun Jan <N> <N>:<N>:<N> UTC <N>> || com.alibaba.json.bvt.parser.DefaultExtJSONParser_parseArray.test_7,20,PASS,NO
com.alibaba.json.bvt.parser.AETest#test_for_ae,FAIL,java.lang.AssertionError,expected:<Sun Jan <N> <N>:<N>:<N> UTC <N>> but was:<Sun Jan <N> <N>:<N>:<N> UTC <N>>,com.alibaba.json.bvt.parser.DefaultExtJSONParser_parseArray.test_7,java.lang.AssertionError || expected:<Sun Jan <N> <N>:<N>:<N> UTC <N>> but was:<Sun Jan <N> <N>:<N>:<N> UTC <N>> || com.alibaba.json.bvt.parser.DefaultExtJSONParser_parseArray.test_7,39,PASS,NO
com.alibaba.json.bvt.parser.Alipay1213#test_for_issue,FAIL,java.lang.AssertionError,expected:<Sun Jan <N> <N>:<N>:<N> UTC <N>> but was:<Sun Jan <N> <N>:<N>:<N> UTC <N>>,com.alibaba.json.bvt.parser.DefaultExtJSONParser_parseArray.test_7,java.lang.AssertionError || expected:<Sun Jan <N> <N>:<N>:<N> UTC <N>> but was:<Sun Jan <N> <N>:<N>:<N> UTC <N>> || com.alibaba.json.bvt.parser.DefaultExtJSONParser_parseArray.test_7,22,PASS,NO
com.alibaba.json.bvt.parser.AmbiguousTest#test_for_issue,FAIL,java.lang.AssertionError,expected:<Sun Jan <N> <N>:<N>:<N> UTC <N>> but was:<Sun Jan <N> <N>:<N>:<N> UTC <N>>,com.alibaba.json.bvt.parser.DefaultExtJSONParser_parseArray.test_7,java.lang.AssertionError || expected:<Sun Jan <N> <N>:<N>:<N> UTC <N>> but was:<Sun Jan <N> <N>:<N>:<N> UTC <N>> || com.alibaba.json.bvt.parser.DefaultExtJSONParser_parseArray.test_7,27,PASS,NO
com.alibaba.json.bvt.parser.AsmParserTest0#test_asm,FAIL,java.lang.AssertionError,expected:<Sun Jan <N> <N>:<N>:<N> UTC <N>> but was:<Sun Jan <N> <N>:<N>:<N> UTC <N>>,com.alibaba.json.bvt.parser.DefaultExtJSONParser_parseArray.test_7,java.lang.AssertionError || expected:<Sun Jan <N> <N>:<N>:<N> UTC <N>> but was:<Sun Jan <N> <N>:<N>:<N> UTC <N>> || com.alibaba.json.bvt.parser.DefaultExtJSONParser_parseArray.test_7,35,PASS,NO
com.alibaba.json.bvt.parser.AsmParserTest1#test_asm,FAIL,java.lang.AssertionError,expected:<Sun Jan <N> <N>:<N>:<N> UTC <N>> but was:<Sun Jan <N> <N>:<N>:<N> UTC <N>>,com.alibaba.json.bvt.parser.DefaultExtJSONParser_parseArray.test_7,java.lang.AssertionError || expected:<Sun Jan <N> <N>:<N>:<N> UTC <N>> but was:<Sun Jan <N> <N>:<N>:<N> UTC <N>> || com.alibaba.json.bvt.parser.DefaultExtJSONParser_parseArray.test_7,22,PASS,NO
com.alibaba.json.bvt.parser.AtomicIntegerComptableAndroidTest#test_for_compatible_five,FAIL,java.lang.AssertionError,expected:<Sun Jan <N> <N>:<N>:<N> UTC <N>> but was:<Sun Jan <N> <N>:<N>:<N> UTC <N>>,com.alibaba.json.bvt.parser.DefaultExtJSONParser_parseArray.test_7,java.lang.AssertionError || expected:<Sun Jan <N> <N>:<N>:<N> UTC <N>> but was:<Sun Jan <N> <N>:<N>:<N> UTC <N>> || com.alibaba.json.bvt.parser.DefaultExtJSONParser_parseArray.test_7,33,PASS,NO
com.alibaba.json.bvt.parser.AtomicIntegerComptableAndroidTest#test_for_compatible_six,FAIL,java.lang.AssertionError,expected:<Sun Jan <N> <N>:<N>:<N> UTC <N>> but was:<Sun Jan <N> <N>:<N>:<N> UTC <N>>,com.alibaba.json.bvt.parser.DefaultExtJSONParser_parseArray.test_7,java.lang.AssertionError || expected:<Sun Jan <N> <N>:<N>:<N> UTC <N>> but was:<Sun Jan <N> <N>:<N>:<N> UTC <N>> || com.alibaba.json.bvt.parser.DefaultExtJSONParser_parseArray.test_7,26,PASS,NO
com.alibaba.json.bvt.parser.AtomicIntegerComptableAndroidTest#test_for_compatible_zero,FAIL,java.lang.AssertionError,expected:<Sun Jan <N> <N>:<N>:<N> UTC <N>> but was:<Sun Jan <N> <N>:<N>:<N> UTC <N>>,com.alibaba.json.bvt.parser.DefaultExtJSONParser_parseArray.test_7,java.lang.AssertionError || expected:<Sun Jan <N> <N>:<N>:<N> UTC <N>> but was:<Sun Jan <N> <N>:<N>:<N> UTC <N>> || com.alibaba.json.bvt.parser.DefaultExtJSONParser_parseArray.test_7,17,PASS,NO
com.alibaba.json.bvt.parser.AtomicLongComptableAndroidTest#test_for_compatible_five,FAIL,java.lang.AssertionError,expected:<Sun Jan <N> <N>:<N>:<N> UTC <N>> but was:<Sun Jan <N> <N>:<N>:<N> UTC <N>>,com.alibaba.json.bvt.parser.DefaultExtJSONParser_parseArray.test_7,java.lang.AssertionError || expected:<Sun Jan <N> <N>:<N>:<N> UTC <N>> but was:<Sun Jan <N> <N>:<N>:<N> UTC <N>> || com.alibaba.json.bvt.parser.DefaultExtJSONParser_parseArray.test_7,28,PASS,NO
com.alibaba.json.bvt.parser.AtomicLongComptableAndroidTest#test_for_compatible_six,FAIL,java.lang.AssertionError,expected:<Sun Jan <N> <N>:<N>:<N> UTC <N>> but was:<Sun Jan <N> <N>:<N>:<N> UTC <N>>,com.alibaba.json.bvt.parser.DefaultExtJSONParser_parseArray.test_7,java.lang.AssertionError || expected:<Sun Jan <N> <N>:<N>:<N> UTC <N>> but was:<Sun Jan <N> <N>:<N>:<N> UTC <N>> || com.alibaba.json.bvt.parser.DefaultExtJSONParser_parseArray.test_7,35,PASS,NO
com.alibaba.json.bvt.parser.AtomicLongComptableAndroidTest#test_for_compatible_zero,FAIL,java.lang.AssertionError,expected:<Sun Jan <N> <N>:<N>:<N> UTC <N>> but was:<Sun Jan <N> <N>:<N>:<N> UTC <N>>,com.alibaba.json.bvt.parser.DefaultExtJSONParser_parseArray.test_7,java.lang.AssertionError || expected:<Sun Jan <N> <N>:<N>:<N> UTC <N>> but was:<Sun Jan <N> <N>:<N>:<N> UTC <N>> || com.alibaba.json.bvt.parser.DefaultExtJSONParser_parseArray.test_7,21,PASS,NO
com.alibaba.json.bvt.parser.BigDecimalKeyFieldTest#test_for_bigdecimal_key,FAIL,java.lang.AssertionError,expected:<Sun Jan <N> <N>:<N>:<N> UTC <N>> but was:<Sun Jan <N> <N>:<N>:<N> UTC <N>>,com.alibaba.json.bvt.parser.DefaultExtJSONParser_parseArray.test_7,java.lang.AssertionError || expected:<Sun Jan <N> <N>:<N>:<N> UTC <N>> but was:<Sun Jan <N> <N>:<N>:<N> UTC <N>> || com.alibaba.json.bvt.parser.DefaultExtJSONParser_parseArray.test_7,16,PASS,NO
com.alibaba.json.bvt.parser.BigListStringFieldTest#test_list,FAIL,java.lang.AssertionError,expected:<Sun Jan <N> <N>:<N>:<N> UTC <N>> but was:<Sun Jan <N> <N>:<N>:<N> UTC <N>>,com.alibaba.json.bvt.parser.DefaultExtJSONParser_parseArray.test_7,java.lang.AssertionError || expected:<Sun Jan <N> <N>:<N>:<N> UTC <N>> but was:<Sun Jan <N> <N>:<N>:<N> UTC <N>> || com.alibaba.json.bvt.parser.DefaultExtJSONParser_parseArray.test_7,39,PASS,NO
com.alibaba.json.bvt.parser.BigListStringFieldTest_private#test_list,FAIL,java.lang.AssertionError,expected:<Sun Jan <N> <N>:<N>:<N> UTC <N>> but was:<Sun Jan <N> <N>:<N>:<N> UTC <N>>,com.alibaba.json.bvt.parser.DefaultExtJSONParser_parseArray.test_7,java.lang.AssertionError || expected:<Sun Jan <N> <N>:<N>:<N> UTC <N>> but was:<Sun Jan <N> <N>:<N>:<N> UTC <N>> || com.alibaba.json.bvt.parser.DefaultExtJSONParser_parseArray.test_7,31,PASS,NO
com.alibaba.json.bvt.parser.BigListStringFieldTest_private#test_list_browserComptible,FAIL,java.lang.AssertionError,expected:<Sun Jan <N> <N>:<N>:<N> UTC <N>> but was:<Sun Jan <N> <N>:<N>:<N> UTC <N>>,com.alibaba.json.bvt.parser.DefaultExtJSONParser_parseArray.test_7,java.lang.AssertionError || expected:<Sun Jan <N> <N>:<N>:<N> UTC <N>> but was:<Sun Jan <N> <N>:<N>:<N> UTC <N>> || com.alibaba.json.bvt.parser.DefaultExtJSONParser_parseArray.test_7,24,PASS,NO
com.alibaba.json.bvt.parser.BigListStringFieldTest_private#test_list_browserSecure,FAIL,java.lang.AssertionError,expected:<Sun Jan <N> <N>:<N>:<N> UTC <N>> but was:<Sun Jan <N> <N>:<N>:<N> UTC <N>>,com.alibaba.json.bvt.parser.DefaultExtJSONParser_parseArray.test_7,java.lang.AssertionError || expected:<Sun Jan <N> <N>:<N>:<N> UTC <N>> but was:<Sun Jan <N> <N>:<N>:<N> UTC <N>> || com.alibaba.json.bvt.parser.DefaultExtJSONParser_parseArray.test_7,25,PASS,NO
com.alibaba.json.bvt.parser.BigSpecailKeyTest#test_big_special_key,FAIL,java.lang.AssertionError,expected:<Sun Jan <N> <N>:<N>:<N> UTC <N>> but was:<Sun Jan <N> <N>:<N>:<N> UTC <N>>,com.alibaba.json.bvt.parser.DefaultExtJSONParser_parseArray.test_7,java.lang.AssertionError || expected:<Sun Jan <N> <N>:<N>:<N> UTC <N>> but was:<Sun Jan <N> <N>:<N>:<N> UTC <N>> || com.alibaba.json.bvt.parser.DefaultExtJSONParser_parseArray.test_7,15,PASS,NO
com.alibaba.json.bvt.parser.BigSpecailKeyTest2#test_big_special_key,FAIL,java.lang.AssertionError,expected:<Sun Jan <N> <N>:<N>:<N> UTC <N>> but was:<Sun Jan <N> <N>:<N>:<N> UTC <N>>,com.alibaba.json.bvt.parser.DefaultExtJSONParser_parseArray.test_7,java.lang.AssertionError || expected:<Sun Jan <N> <N>:<N>:<N> UTC <N>> but was:<Sun Jan <N> <N>:<N>:<N> UTC <N>> || com.alibaba.json.bvt.parser.DefaultExtJSONParser_parseArray.test_7,17,PASS,NO
com.alibaba.json.bvt.parser.BigSpecailKeyTest2#test_big_special_key_2,FAIL,java.lang.AssertionError,expected:<Sun Jan <N> <N>:<N>:<N> UTC <N>> but was:<Sun Jan <N> <N>:<N>:<N> UTC <N>>,com.alibaba.json.bvt.parser.DefaultExtJSONParser_parseArray.test_7,java.lang.AssertionError || expected:<Sun Jan <N> <N>:<N>:<N> UTC <N>> but was:<Sun Jan <N> <N>:<N>:<N> UTC <N>> || com.alibaba.json.bvt.parser.DefaultExtJSONParser_parseArray.test_7,24,PASS,NO
com.alibaba.json.bvt.parser.BigSpecailStringTest#test_big_special_key,FAIL,java.lang.AssertionError,expected:<Sun Jan <N> <N>:<N>:<N> UTC <N>> but was:<Sun Jan <N> <N>:<N>:<N> UTC <N>>,com.alibaba.json.bvt.parser.DefaultExtJSONParser_parseArray.test_7,java.lang.AssertionError || expected:<Sun Jan <N> <N>:<N>:<N> UTC <N>> but was:<Sun Jan <N> <N>:<N>:<N> UTC <N>> || com.alibaba.json.bvt.parser.DefaultExtJSONParser_parseArray.test_7,27,PASS,NO
com.alibaba.json.bvt.parser.BigStringFieldTest#test_bigFieldString,FAIL,java.lang.AssertionError,expected:<Sun Jan <N> <N>:<N>:<N> UTC <N>> but was:<Sun Jan <N> <N>:<N>:<N> UTC <N>>,com.alibaba.json.bvt.parser.DefaultExtJSONParser_parseArray.test_7,java.lang.AssertionError || expected:<Sun Jan <N> <N>:<N>:<N> UTC <N>> but was:<Sun Jan <N> <N>:<N>:<N> UTC <N>> || com.alibaba.json.bvt.parser.DefaultExtJSONParser_parseArray.test_7,30,PASS,NO
com.alibaba.json.bvt.parser.BigStringFieldTest#test_list,FAIL,java.lang.AssertionError,expected:<Sun Jan <N> <N>:<N>:<N> UTC <N>> but was:<Sun Jan <N> <N>:<N>:<N> UTC <N>>,com.alibaba.json.bvt.parser.DefaultExtJSONParser_parseArray.test_7,java.lang.AssertionError || expected:<Sun Jan <N> <N>:<N>:<N> UTC <N>> but was:<Sun Jan <N> <N>:<N>:<N> UTC <N>> || com.alibaba.json.bvt.parser.DefaultExtJSONParser_parseArray.test_7,16,PASS,NO
com.alibaba.json.bvt.parser.BigStringFieldTest_private#test_bigFieldString,FAIL,java.lang.AssertionError,expected:<Sun Jan <N> <N>:<N>:<N> UTC <N>> but was:<Sun Jan <N> <N>:<N>:<N> UTC <N>>,com.alibaba.json.bvt.parser.DefaultExtJSONParser_parseArray.test_7,java.lang.AssertionError || expected:<Sun Jan <N> <N>:<N>:<N> UTC <N>> but was:<Sun Jan <N> <N>:<N>:<N> UTC <N>> || com.alibaba.json.bvt.parser.DefaultExtJSONParser_parseArray.test_7,33,PASS,NO
com.alibaba.json.bvt.parser.BigStringFieldTest_private#test_list,FAIL,java.lang.AssertionError,expected:<Sun Jan <N> <N>:<N>:<N> UTC <N>> but was:<Sun Jan <N> <N>:<N>:<N> UTC <N>>,com.alibaba.json.bvt.parser.DefaultExtJSONParser_parseArray.test_7,java.lang.AssertionError || expected:<Sun Jan <N> <N>:<N>:<N> UTC <N>> but was:<Sun Jan <N> <N>:<N>:<N> UTC <N>> || com.alibaba.json.bvt.parser.DefaultExtJSONParser_parseArray.test_7,17,PASS,NO
com.alibaba.json.bvt.parser.BigStringFieldTest_private#test_list_browserSecure,FAIL,java.lang.AssertionError,expected:<Sun Jan <N> <N>:<N>:<N> UTC <N>> but was:<Sun Jan <N> <N>:<N>:<N> UTC <N>>,com.alibaba.json.bvt.parser.DefaultExtJSONParser_parseArray.test_7,java.lang.AssertionError || expected:<Sun Jan <N> <N>:<N>:<N> UTC <N>> but was:<Sun Jan <N> <N>:<N>:<N> UTC <N>> || com.alibaba.json.bvt.parser.DefaultExtJSONParser_parseArray.test_7,23,PASS,NO
com.alibaba.json.bvt.parser.ClassTest#test_class,FAIL,java.lang.AssertionError,expected:<Sun Jan <N> <N>:<N>:<N> UTC <N>> but was:<Sun Jan <N> <N>:<N>:<N> UTC <N>>,com.alibaba.json.bvt.parser.DefaultExtJSONParser_parseArray.test_7,java.lang.AssertionError || expected:<Sun Jan <N> <N>:<N>:<N> UTC <N>> but was:<Sun Jan <N> <N>:<N>:<N> UTC <N>> || com.alibaba.json.bvt.parser.DefaultExtJSONParser_parseArray.test_7,16,PASS,NO
com.alibaba.json.bvt.parser.ClassTest#test_class_array,FAIL,java.lang.AssertionError,expected:<Sun Jan <N> <N>:<N>:<N> UTC <N>> but was:<Sun Jan <N> <N>:<N>:<N> UTC <N>>,com.alibaba.json.bvt.parser.DefaultExtJSONParser_parseArray.test_7,java.lang.AssertionError || expected:<Sun Jan <N> <N>:<N>:<N> UTC <N>> but was:<Sun Jan <N> <N>:<N>:<N> UTC <N>> || com.alibaba.json.bvt.parser.DefaultExtJSONParser_parseArray.test_7,31,PASS,NO
com.alibaba.json.bvt.parser.CommentTest#test_0,FAIL,java.lang.AssertionError,expected:<Sun Jan <N> <N>:<N>:<N> UTC <N>> but was:<Sun Jan <N> <N>:<N>:<N> UTC <N>>,com.alibaba.json.bvt.parser.DefaultExtJSONParser_parseArray.test_7,java.lang.AssertionError || expected:<Sun Jan <N> <N>:<N>:<N> UTC <N>> but was:<Sun Jan <N> <N>:<N>:<N> UTC <N>> || com.alibaba.json.bvt.parser.DefaultExtJSONParser_parseArray.test_7,35,PASS,NO
com.alibaba.json.bvt.parser.CommentTest#test_1,FAIL,java.lang.AssertionError,expected:<Sun Jan <N> <N>:<N>:<N> UTC <N>> but was:<Sun Jan <N> <N>:<N>:<N> UTC <N>>,com.alibaba.json.bvt.parser.DefaultExtJSONParser_parseArray.test_7,java.lang.AssertionError || expected:<Sun Jan <N> <N>:<N>:<N> UTC <N>> but was:<Sun Jan <N> <N>:<N>:<N> UTC <N>> || com.alibaba.json.bvt.parser.DefaultExtJSONParser_parseArray.test_7,14,PASS,NO
com.alibaba.json.bvt.parser.CommentTest#test_2,FAIL,java.lang.AssertionError,expected:<Sun Jan <N> <N>:<N>:<N> UTC <N>> but was:<Sun Jan <N> <N>:<N>:<N> UTC <N>>,com.alibaba.json.bvt.parser.DefaultExtJSONParser_parseArray.test_7,java.lang.AssertionError || expected:<Sun Jan <N> <N>:<N>:<N> UTC <N>> but was:<Sun Jan <N> <N>:<N>:<N> UTC <N>> || com.alibaba.json.bvt.parser.DefaultExtJSONParser_parseArray.test_7,29,PASS,NO
com.alibaba.json.bvt.parser.CommentTest#test_3,FAIL,java.lang.AssertionError,expected:<Sun Jan <N> <N>:<N>:<N> UTC <N>> but was:<Sun Jan <N> <N>:<N>:<N> UTC <N>>,com.alibaba.json.bvt.parser.DefaultExtJSONParser_parseArray.test_7,java.lang.AssertionError || expected:<Sun Jan <N> <N>:<N>:<N> UTC <N>> but was:<Sun Jan <N> <N>:<N>:<N> UTC <N>> || com.alibaba.json.bvt.parser.DefaultExtJSONParser_parseArray.test_7,18,PASS,NO
com.alibaba.json.bvt.parser.CommentTest#test_4,FAIL,java.lang.AssertionError,expected:<Sun Jan <N> <N>:<N>:<N> UTC <N>> but was:<Sun Jan <N> <N>:<N>:<N> UTC <N>>,com.alibaba.json.bvt.parser.DefaultExtJSONParser_parseArray.test_7,java.lang.AssertionError || expected:<Sun Jan <N> <N>:<N>:<N> UTC <N>> but was:<Sun Jan <N> <N>:<N>:<N> UTC <N>> || com.alibaba.json.bvt.parser.DefaultExtJSONParser_parseArray.test_7,20,PASS,NO
com.alibaba.json.bvt.parser.CommentTest#test_5,FAIL,java.lang.AssertionError,expected:<Sun Jan <N> <N>:<N>:<N> UTC <N>> but was:<Sun Jan <N> <N>:<N>:<N> UTC <N>>,com.alibaba.json.bvt.parser.DefaultExtJSONParser_parseArray.test_7,java.lang.AssertionError || expected:<Sun Jan <N> <N>:<N>:<N> UTC <N>> but was:<Sun Jan <N> <N>:<N>:<N> UTC <N>> || com.alibaba.json.bvt.parser.DefaultExtJSONParser_parseArray.test_7,19,PASS,NO
com.alibaba.json.bvt.parser.CommentTest#test_6,FAIL,java.lang.AssertionError,expected:<Sun Jan <N> <N>:<N>:<N> UTC <N>> but was:<Sun Jan <N> <N>:<N>:<N> UTC <N>>,com.alibaba.json.bvt.parser.DefaultExtJSONParser_parseArray.test_7,java.lang.AssertionError || expected:<Sun Jan <N> <N>:<N>:<N> UTC <N>> but was:<Sun Jan <N> <N>:<N>:<N> UTC <N>> || com.alibaba.json.bvt.parser.DefaultExtJSONParser_parseArray.test_7,28,PASS,NO
com.alibaba.json.bvt.parser.CommentTest#test_7,FAIL,java.lang.AssertionError,expected:<Sun Jan <N> <N>:<N>:<N> UTC <N>> but was:<Sun Jan <N> <N>:<N>:<N> UTC <N>>,com.alibaba.json.bvt.parser.DefaultExtJSONParser_parseArray.test_7,java.lang.AssertionError || expected:<Sun Jan <N> <N>:<N>:<N> UTC <N>> but was:<Sun Jan <N> <N>:<N>:<N> UTC <N>> || com.alibaba.json.bvt.parser.DefaultExtJSONParser_parseArray.test_7,16,PASS,NO
com.alibaba.json.bvt.parser.CreateInstanceErrorTest#test_ordered_field,FAIL,java.lang.AssertionError,expected:<Sun Jan <N> <N>:<N>:<N> UTC <N>> but was:<Sun Jan <N> <N>:<N>:<N> UTC <N>>,com.alibaba.json.bvt.parser.DefaultExtJSONParser_parseArray.test_7,java.lang.AssertionError || expected:<Sun Jan <N> <N>:<N>:<N> UTC <N>> but was:<Sun Jan <N> <N>:<N>:<N> UTC <N>> || com.alibaba.json.bvt.parser.DefaultExtJSONParser_parseArray.test_7,27,PASS,NO
com.alibaba.json.bvt.parser.CreateInstanceErrorTest2#test_ordered_field,FAIL,java.lang.AssertionError,expected:<Sun Jan <N> <N>:<N>:<N> UTC <N>> but was:<Sun Jan <N> <N>:<N>:<N> UTC <N>>,com.alibaba.json.bvt.parser.DefaultExtJSONParser_parseArray.test_7,java.lang.AssertionError || expected:<Sun Jan <N> <N>:<N>:<N> UTC <N>> but was:<Sun Jan <N> <N>:<N>:<N> UTC <N>> || com.alibaba.json.bvt.parser.DefaultExtJSONParser_parseArray.test_7,25,PASS,NO
com.alibaba.json.bvt.parser.DateParserTest#test_date_0,PASS,,,,,25,PASS,YES
com.alibaba.json.bvt.parser.DateParserTest#test_date_1,PASS,,,,,12,PASS,YES
com.alibaba.json.bvt.parser.DateParserTest#test_date_2,PASS,,,,,16,PASS,YES
com.alibaba.json.bvt.parser.DateParserTest#test_date_3,PASS,,,,,6,PASS,YES
com.alibaba.json.bvt.parser.DateParserTest#test_date_4,PASS,,,,,5,PASS,YES
com.alibaba.json.bvt.parser.DateParserTest#test_date_5,PASS,,,,,5,PASS,YES
com.alibaba.json.bvt.parser.DateParserTest#test_date_6,PASS,,,,,8,PASS,YES
com.alibaba.json.bvt.parser.DateParserTest#test_date_7,PASS,,,,,10,PASS,YES
com.alibaba.json.bvt.parser.DateParserTest#test_date_error_0,PASS,,,,,14,PASS,YES
com.alibaba.json.bvt.parser.DateParserTest#test_date_new,PASS,,,,,13,PASS,YES
com.alibaba.json.bvt.parser.DateParserTest#test_date_new_1,PASS,,,,,13,PASS,YES
com.alibaba.json.bvt.parser.DateParserTest_sql#test_date_1,FAIL,java.lang.AssertionError,expected:<Sun Jan <N> <N>:<N>:<N> UTC <N>> but was:<Sun Jan <N> <N>:<N>:<N> UTC <N>>,com.alibaba.json.bvt.parser.DefaultExtJSONParser_parseArray.test_7,java.lang.AssertionError || expected:<Sun Jan <N> <N>:<N>:<N> UTC <N>> but was:<Sun Jan <N> <N>:<N>:<N> UTC <N>> || com.alibaba.json.bvt.parser.DefaultExtJSONParser_parseArray.test_7,11,FAIL,NO
com.alibaba.json.bvt.parser.DateParserTest_sql#test_date_2,FAIL,java.lang.AssertionError,expected:<Sun Jan <N> <N>:<N>:<N> UTC <N>> but was:<Sun Jan <N> <N>:<N>:<N> UTC <N>>,com.alibaba.json.bvt.parser.DefaultExtJSONParser_parseArray.test_7,java.lang.AssertionError || expected:<Sun Jan <N> <N>:<N>:<N> UTC <N>> but was:<Sun Jan <N> <N>:<N>:<N> UTC <N>> || com.alibaba.json.bvt.parser.DefaultExtJSONParser_parseArray.test_7,24,PASS,NO
com.alibaba.json.bvt.parser.DateParserTest_sql#test_date_3,FAIL,java.lang.AssertionError,expected:<Sun Jan <N> <N>:<N>:<N> UTC <N>> but was:<Sun Jan <N> <N>:<N>:<N> UTC <N>>,com.alibaba.json.bvt.parser.DefaultExtJSONParser_parseArray.test_7,java.lang.AssertionError || expected:<Sun Jan <N> <N>:<N>:<N> UTC <N>> but was:<Sun Jan <N> <N>:<N>:<N> UTC <N>> || com.alibaba.json.bvt.parser.DefaultExtJSONParser_parseArray.test_7,12,FAIL,NO
com.alibaba.json.bvt.parser.DateParserTest_sql#test_date_4,FAIL,java.lang.AssertionError,expected:<Sun Jan <N> <N>:<N>:<N> UTC <N>> but was:<Sun Jan <N> <N>:<N>:<N> UTC <N>>,com.alibaba.json.bvt.parser.DefaultExtJSONParser_parseArray.test_7,java.lang.AssertionError || expected:<Sun Jan <N> <N>:<N>:<N> UTC <N>> but was:<Sun Jan <N> <N>:<N>:<N> UTC <N>> || com.alibaba.json.bvt.parser.DefaultExtJSONParser_parseArray.test_7,13,FAIL,NO
com.alibaba.json.bvt.parser.DateParserTest_sql_timestamp#test_date_1,PASS,,,,,14,PASS,YES
com.alibaba.json.bvt.parser.DateParserTest_sql_timestamp#test_date_2,PASS,,,,,14,PASS,YES
com.alibaba.json.bvt.parser.DateParserTest_sql_timestamp#test_date_3,PASS,,,,,5,PASS,YES
com.alibaba.json.bvt.parser.DateParserTest_sql_timestamp#test_date_4,PASS,,,,,5,PASS,YES
com.alibaba.json.bvt.parser.DateTest#test_0,FAIL,java.lang.AssertionError,expected:<Sun Jan <N> <N>:<N>:<N> UTC <N>> but was:<Sun Jan <N> <N>:<N>:<N> UTC <N>>,com.alibaba.json.bvt.parser.DefaultExtJSONParser_parseArray.test_7,java.lang.AssertionError || expected:<Sun Jan <N> <N>:<N>:<N> UTC <N>> but was:<Sun Jan <N> <N>:<N>:<N> UTC <N>> || com.alibaba.json.bvt.parser.DefaultExtJSONParser_parseArray.test_7,24,PASS,NO
com.alibaba.json.bvt.parser.DefaultExtJSONParserTest#testCast,FAIL,java.lang.AssertionError,expected:<Sun Jan <N> <N>:<N>:<N> UTC <N>> but was:<Sun Jan <N> <N>:<N>:<N> UTC <N>>,com.alibaba.json.bvt.parser.DefaultExtJSONParser_parseArray.test_7,java.lang.AssertionError || expected:<Sun Jan <N> <N>:<N>:<N> UTC <N>> but was:<Sun Jan <N> <N>:<N>:<N> UTC <N>> || com.alibaba.json.bvt.parser.DefaultExtJSONParser_parseArray.test_7,35,PASS,NO
com.alibaba.json.bvt.parser.DefaultExtJSONParserTest#testCastCalendar,FAIL,java.lang.AssertionError,expected:<Sun Jan <N> <N>:<N>:<N> UTC <N>> but was:<Sun Jan <N> <N>:<N>:<N> UTC <N>>,com.alibaba.json.bvt.parser.DefaultExtJSONParser_parseArray.test_7,java.lang.AssertionError || expected:<Sun Jan <N> <N>:<N>:<N> UTC <N>> but was:<Sun Jan <N> <N>:<N>:<N> UTC <N>> || com.alibaba.json.bvt.parser.DefaultExtJSONParser_parseArray.test_7,53,PASS,NO
com.alibaba.json.bvt.parser.DefaultExtJSONParserTest#test_casterror,FAIL,java.lang.AssertionError,expected:<Sun Jan <N> <N>:<N>:<N> UTC <N>> but was:<Sun Jan <N> <N>:<N>:<N> UTC <N>>,com.alibaba.json.bvt.parser.DefaultExtJSONParser_parseArray.test_7,java.lang.AssertionError || expected:<Sun Jan <N> <N>:<N>:<N> UTC <N>> but was:<Sun Jan <N> <N>:<N>:<N> UTC <N>> || com.alibaba.json.bvt.parser.DefaultExtJSONParser_parseArray.test_7,27,PASS,NO
com.alibaba.json.bvt.parser.DefaultExtJSONParserTest#test_casterror2,FAIL,java.lang.AssertionError,expected:<Sun Jan <N> <N>:<N>:<N> UTC <N>> but was:<Sun Jan <N> <N>:<N>:<N> UTC <N>>,com.alibaba.json.bvt.parser.DefaultExtJSONParser_parseArray.test_7,java.lang.AssertionError || expected:<Sun Jan <N> <N>:<N>:<N> UTC <N>> but was:<Sun Jan <N> <N>:<N>:<N> UTC <N>> || com.alibaba.json.bvt.parser.DefaultExtJSONParser_parseArray.test_7,19,PASS,NO
com.alibaba.json.bvt.parser.DefaultExtJSONParserTest#test_error,FAIL,java.lang.AssertionError,expected:<Sun Jan <N> <N>:<N>:<N> UTC <N>> but was:<Sun Jan <N> <N>:<N>:<N> UTC <N>>,com.alibaba.json.bvt.parser.DefaultExtJSONParser_parseArray.test_7,java.lang.AssertionError || expected:<Sun Jan <N> <N>:<N>:<N> UTC <N>> but was:<Sun Jan <N> <N>:<N>:<N> UTC <N>> || com.alibaba.json.bvt.parser.DefaultExtJSONParser_parseArray.test_7,33,PASS,NO
com.alibaba.json.bvt.parser.DefaultExtJSONParserTest#test_error2,FAIL,java.lang.AssertionError,expected:<Sun Jan <N> <N>:<N>:<N> UTC <N>> but was:<Sun Jan <N> <N>:<N>:<N> UTC <N>>,com.alibaba.json.bvt.parser.DefaultExtJSONParser_parseArray.test_7,java.lang.AssertionError || expected:<Sun Jan <N> <N>:<N>:<N> UTC <N>> but was:<Sun Jan <N> <N>:<N>:<N> UTC <N>> || com.alibaba.json.bvt.parser.DefaultExtJSONParser_parseArray.test_7,15,PASS,NO
com.alibaba.json.bvt.parser.DefaultExtJSONParserTest#test_not_match,FAIL,java.lang.AssertionError,expected:<Sun Jan <N> <N>:<N>:<N> UTC <N>> but was:<Sun Jan <N> <N>:<N>:<N> UTC <N>>,com.alibaba.json.bvt.parser.DefaultExtJSONParser_parseArray.test_7,java.lang.AssertionError || expected:<Sun Jan <N> <N>:<N>:<N> UTC <N>> but was:<Sun Jan <N> <N>:<N>:<N> UTC <N>> || com.alibaba.json.bvt.parser.DefaultExtJSONParser_parseArray.test_7,25,PASS,NO
com.alibaba.json.bvt.parser.DefaultExtJSONParserTest#test_not_match_error,FAIL,java.lang.AssertionError,expected:<Sun Jan <N> <N>:<N>:<N> UTC <N>> but was:<Sun Jan <N> <N>:<N>:<N> UTC <N>>,com.alibaba.json.bvt.parser.DefaultExtJSONParser_parseArray.test_7,java.lang.AssertionError || expected:<Sun Jan <N> <N>:<N>:<N> UTC <N>> but was:<Sun Jan <N> <N>:<N>:<N> UTC <N>> || com.alibaba.json.bvt.parser.DefaultExtJSONParser_parseArray.test_7,27,PASS,NO
com.alibaba.json.bvt.parser.DefaultExtJSONParserTest#test_parseArrayWithType,FAIL,java.lang.AssertionError,expected:<Sun Jan <N> <N>:<N>:<N> UTC <N>> but was:<Sun Jan <N> <N>:<N>:<N> UTC <N>>,com.alibaba.json.bvt.parser.DefaultExtJSONParser_parseArray.test_7,java.lang.AssertionError || expected:<Sun Jan <N> <N>:<N>:<N> UTC <N>> but was:<Sun Jan <N> <N>:<N>:<N> UTC <N>> || com.alibaba.json.bvt.parser.DefaultExtJSONParser_parseArray.test_7,14,PASS,NO
com.alibaba.json.bvt.parser.DefaultExtJSONParserTest#test_parseArrayWithType_error_1,FAIL,java.lang.AssertionError,expected:<Sun Jan <N> <N>:<N>:<N> UTC <N>> but was:<Sun Jan <N> <N>:<N>:<N> UTC <N>>,com.alibaba.json.bvt.parser.DefaultExtJSONParser_parseArray.test_7,java.lang.AssertionError || expected:<Sun Jan <N> <N>:<N>:<N> UTC <N>> but was:<Sun Jan <N> <N>:<N>:<N> UTC <N>> || com.alibaba.json.bvt.parser.DefaultExtJSONParser_parseArray.test_7,16,PASS,NO
com.alibaba.json.bvt.parser.DefaultExtJSONParserTest#test_parseObject,FAIL,java.lang.AssertionError,expected:<Sun Jan <N> <N>:<N>:<N> UTC <N>> but was:<Sun Jan <N> <N>:<N>:<N> UTC <N>>,com.alibaba.json.bvt.parser.DefaultExtJSONParser_parseArray.test_7,java.lang.AssertionError || expected:<Sun Jan <N> <N>:<N>:<N> UTC <N>> but was:<Sun Jan <N> <N>:<N>:<N> UTC <N>> || com.alibaba.json.bvt.parser.DefaultExtJSONParser_parseArray.test_7,26,PASS,NO
com.alibaba.json.bvt.parser.DefaultExtJSONParserTest_0#test_0,FAIL,java.lang.AssertionError,expected:<Sun Jan <N> <N>:<N>:<N> UTC <N>> but was:<Sun Jan <N> <N>:<N>:<N> UTC <N>>,com.alibaba.json.bvt.parser.DefaultExtJSONParser_parseArray.test_7,java.lang.AssertionError || expected:<Sun Jan <N> <N>:<N>:<N> UTC <N>> but was:<Sun Jan <N> <N>:<N>:<N> UTC <N>> || com.alibaba.json.bvt.parser.DefaultExtJSONParser_parseArray.test_7,14,PASS,NO
com.alibaba.json.bvt.parser.DefaultExtJSONParserTest_0#test_1,FAIL,java.lang.AssertionError,expected:<Sun Jan <N> <N>:<N>:<N> UTC <N>> but was:<Sun Jan <N> <N>:<N>:<N> UTC <N>>,com.alibaba.json.bvt.parser.DefaultExtJSONParser_parseArray.test_7,java.lang.AssertionError || expected:<Sun Jan <N> <N>:<N>:<N> UTC <N>> but was:<Sun Jan <N> <N>:<N>:<N> UTC <N>> || com.alibaba.json.bvt.parser.DefaultExtJSONParser_parseArray.test_7,24,PASS,NO
com.alibaba.json.bvt.parser.DefaultExtJSONParserTest_0#test_2,FAIL,java.lang.AssertionError,expected:<Sun Jan <N> <N>:<N>:<N> UTC <N>> but was:<Sun Jan <N> <N>:<N>:<N> UTC <N>>,com.alibaba.json.bvt.parser.DefaultExtJSONParser_parseArray.test_7,java.lang.AssertionError || expected:<Sun Jan <N> <N>:<N>:<N> UTC <N>> but was:<Sun Jan <N> <N>:<N>:<N> UTC <N>> || com.alibaba.json.bvt.parser.DefaultExtJSONParser_parseArray.test_7,15,PASS,NO
com.alibaba.json.bvt.parser.DefaultExtJSONParserTest_0#test_3,FAIL,java.lang.AssertionError,expected:<Sun Jan <N> <N>:<N>:<N> UTC <N>> but was:<Sun Jan <N> <N>:<N>:<N> UTC <N>>,com.alibaba.json.bvt.parser.DefaultExtJSONParser_parseArray.test_7,java.lang.AssertionError || expected:<Sun Jan <N> <N>:<N>:<N> UTC <N>> but was:<Sun Jan <N> <N>:<N>:<N> UTC <N>> || com.alibaba.json.bvt.parser.DefaultExtJSONParser_parseArray.test_7,31,PASS,NO
com.alibaba.json.bvt.parser.DefaultExtJSONParserTest_0#test_error_0,FAIL,java.lang.AssertionError,expected:<Sun Jan <N> <N>:<N>:<N> UTC <N>> but was:<Sun Jan <N> <N>:<N>:<N> UTC <N>>,com.alibaba.json.bvt.parser.DefaultExtJSONParser_parseArray.test_7,java.lang.AssertionError || expected:<Sun Jan <N> <N>:<N>:<N> UTC <N>> but was:<Sun Jan <N> <N>:<N>:<N> UTC <N>> || com.alibaba.json.bvt.parser.DefaultExtJSONParser_parseArray.test_7,35,PASS,NO
com.alibaba.json.bvt.parser.DefaultExtJSONParserTest_0#test_error_1,FAIL,java.lang.AssertionError,expected:<Sun Jan <N> <N>:<N>:<N> UTC <N>> but was:<Sun Jan <N> <N>:<N>:<N> UTC <N>>,com.alibaba.json.bvt.parser.DefaultExtJSONParser_parseArray.test_7,java.lang.AssertionError || expected:<Sun Jan <N> <N>:<N>:<N> UTC <N>> but was:<Sun Jan <N> <N>:<N>:<N> UTC <N>> || com.alibaba.json.bvt.parser.DefaultExtJSONParser_parseArray.test_7,21,PASS,NO
com.alibaba.json.bvt.parser.DefaultExtJSONParserTest_0#test_error_2,FAIL,java.lang.AssertionError,expected:<Sun Jan <N> <N>:<N>:<N> UTC <N>> but was:<Sun Jan <N> <N>:<N>:<N> UTC <N>>,com.alibaba.json.bvt.parser.DefaultExtJSONParser_parseArray.test_7,java.lang.AssertionError || expected:<Sun Jan <N> <N>:<N>:<N> UTC <N>> but was:<Sun Jan <N> <N>:<N>:<N> UTC <N>> || com.alibaba.json.bvt.parser.DefaultExtJSONParser_parseArray.test_7,32,PASS,NO
com.alibaba.json.bvt.parser.DefaultExtJSONParserTest_0#test_error_3,FAIL,java.lang.AssertionError,expected:<Sun Jan <N> <N>:<N>:<N> UTC <N>> but was:<Sun Jan <N> <N>:<N>:<N> UTC <N>>,com.alibaba.json.bvt.parser.DefaultExtJSONParser_parseArray.test_7,java.lang.AssertionError || expected:<Sun Jan <N> <N>:<N>:<N> UTC <N>> but was:<Sun Jan <N> <N>:<N>:<N> UTC <N>> || com.alibaba.json.bvt.parser.DefaultExtJSONParser_parseArray.test_7,22,PASS,NO
com.alibaba.json.bvt.parser.DefaultExtJSONParserTest_0#test_error_4,FAIL,java.lang.AssertionError,expected:<Sun Jan <N> <N>:<N>:<N> UTC <N>> but was:<Sun Jan <N> <N>:<N>:<N> UTC <N>>,com.alibaba.json.bvt.parser.DefaultExtJSONParser_parseArray.test_7,java.lang.AssertionError || expected:<Sun Jan <N> <N>:<N>:<N> UTC <N>> but was:<Sun Jan <N> <N>:<N>:<N> UTC <N>> || com.alibaba.json.bvt.parser.DefaultExtJSONParser_parseArray.test_7,29,PASS,NO
com.alibaba.json.bvt.parser.DefaultExtJSONParserTest_1#test_0,FAIL,java.lang.AssertionError,expected:<Sun Jan <N> <N>:<N>:<N> UTC <N>> but was:<Sun Jan <N> <N>:<N>:<N> UTC <N>>,com.alibaba.json.bvt.parser.DefaultExtJSONParser_parseArray.test_7,java.lang.AssertionError || expected:<Sun Jan <N> <N>:<N>:<N> UTC <N>> but was:<Sun Jan <N> <N>:<N>:<N> UTC <N>> || com.alibaba.json.bvt.parser.DefaultExtJSONParser_parseArray.test_7,17,PASS,NO
com.alibaba.json.bvt.parser.DefaultExtJSONParserTest_1#test_1,FAIL,java.lang.AssertionError,expected:<Sun Jan <N> <N>:<N>:<N> UTC <N>> but was:<Sun Jan <N> <N>:<N>:<N> UTC <N>>,com.alibaba.json.bvt.parser.DefaultExtJSONParser_parseArray.test_7,java.lang.AssertionError || expected:<Sun Jan <N> <N>:<N>:<N> UTC <N>> but was:<Sun Jan <N> <N>:<N>:<N> UTC <N>> || com.alibaba.json.bvt.parser.DefaultExtJSONParser_parseArray.test_7,27,PASS,NO
com.alibaba.json.bvt.parser.DefaultExtJSONParserTest_2#test_0,FAIL,java.lang.AssertionError,expected:<Sun Jan <N> <N>:<N>:<N> UTC <N>> but was:<Sun Jan <N> <N>:<N>:<N> UTC <N>>,com.alibaba.json.bvt.parser.DefaultExtJSONParser_parseArray.test_7,java.lang.AssertionError || expected:<Sun Jan <N> <N>:<N>:<N> UTC <N>> but was:<Sun Jan <N> <N>:<N>:<N> UTC <N>> || com.alibaba.json.bvt.parser.DefaultExtJSONParser_parseArray.test_7,34,PASS,NO
com.alibaba.json.bvt.parser.DefaultExtJSONParserTest_2#test_1,FAIL,java.lang.AssertionError,expected:<Sun Jan <N> <N>:<N>:<N> UTC <N>> but was:<Sun Jan <N> <N>:<N>:<N> UTC <N>>,com.alibaba.json.bvt.parser.DefaultExtJSONParser_parseArray.test_7,java.lang.AssertionError || expected:<Sun Jan <N> <N>:<N>:<N> UTC <N>> but was:<Sun Jan <N> <N>:<N>:<N> UTC <N>> || com.alibaba.json.bvt.parser.DefaultExtJSONParser_parseArray.test_7,19,PASS,NO
com.alibaba.json.bvt.parser.DefaultExtJSONParserTest_2#test_2,FAIL,java.lang.AssertionError,expected:<Sun Jan <N> <N>:<N>:<N> UTC <N>> but was:<Sun Jan <N> <N>:<N>:<N> UTC <N>>,com.alibaba.json.bvt.parser.DefaultExtJSONParser_parseArray.test_7,java.lang.AssertionError || expected:<Sun Jan <N> <N>:<N>:<N> UTC <N>> but was:<Sun Jan <N> <N>:<N>:<N> UTC <N>> || com.alibaba.json.bvt.parser.DefaultExtJSONParser_parseArray.test_7,17,PASS,NO
com.alibaba.json.bvt.parser.DefaultExtJSONParserTest_2#test_3,FAIL,java.lang.AssertionError,expected:<Sun Jan <N> <N>:<N>:<N> UTC <N>> but was:<Sun Jan <N> <N>:<N>:<N> UTC <N>>,com.alibaba.json.bvt.parser.DefaultExtJSONParser_parseArray.test_7,java.lang.AssertionError || expected:<Sun Jan <N> <N>:<N>:<N> UTC <N>> but was:<Sun Jan <N> <N>:<N>:<N> UTC <N>> || com.alibaba.json.bvt.parser.DefaultExtJSONParser_parseArray.test_7,14,PASS,NO
com.alibaba.json.bvt.parser.DefaultExtJSONParserTest_2#test_4,FAIL,java.lang.AssertionError,expected:<Sun Jan <N> <N>:<N>:<N> UTC <N>> but was:<Sun Jan <N> <N>:<N>:<N> UTC <N>>,com.alibaba.json.bvt.parser.DefaultExtJSONParser_parseArray.test_7,java.lang.AssertionError || expected:<Sun Jan <N> <N>:<N>:<N> UTC <N>> but was:<Sun Jan <N> <N>:<N>:<N> UTC <N>> || com.alibaba.json.bvt.parser.DefaultExtJSONParser_parseArray.test_7,14,PASS,NO
com.alibaba.json.bvt.parser.DefaultExtJSONParserTest_2#test_error_0,FAIL,java.lang.AssertionError,expected:<Sun Jan <N> <N>:<N>:<N> UTC <N>> but was:<Sun Jan <N> <N>:<N>:<N> UTC <N>>,com.alibaba.json.bvt.parser.DefaultExtJSONParser_parseArray.test_7,java.lang.AssertionError || expected:<Sun Jan <N> <N>:<N>:<N> UTC <N>> but was:<Sun Jan <N> <N>:<N>:<N> UTC <N>> || com.alibaba.json.bvt.parser.DefaultExtJSONParser_parseArray.test_7,21,PASS,NO
com.alibaba.json.bvt.parser.DefaultExtJSONParserTest_2#test_error_1,FAIL,java.lang.AssertionError,expected:<Sun Jan <N> <N>:<N>:<N> UTC <N>> but was:<Sun Jan <N> <N>:<N>:<N> UTC <N>>,com.alibaba.json.bvt.parser.DefaultExtJSONParser_parseArray.test_7,java.lang.AssertionError || expected:<Sun Jan <N> <N>:<N>:<N> UTC <N>> but was:<Sun Jan <N> <N>:<N>:<N> UTC <N>> || com.alibaba.json.bvt.parser.DefaultExtJSONParser_parseArray.test_7,27,PASS,NO
com.alibaba.json.bvt.parser.DefaultExtJSONParserTest_2#test_error_2,FAIL,java.lang.AssertionError,expected:<Sun Jan <N> <N>:<N>:<N> UTC <N>> but was:<Sun Jan <N> <N>:<N>:<N> UTC <N>>,com.alibaba.json.bvt.parser.DefaultExtJSONParser_parseArray.test_7,java.lang.AssertionError || expected:<Sun Jan <N> <N>:<N>:<N> UTC <N>> but was:<Sun Jan <N> <N>:<N>:<N> UTC <N>> || com.alibaba.json.bvt.parser.DefaultExtJSONParser_parseArray.test_7,17,PASS,NO
com.alibaba.json.bvt.parser.DefaultExtJSONParserTest_2#test_error_3,FAIL,java.lang.AssertionError,expected:<Sun Jan <N> <N>:<N>:<N> UTC <N>> but was:<Sun Jan <N> <N>:<N>:<N> UTC <N>>,com.alibaba.json.bvt.parser.DefaultExtJSONParser_parseArray.test_7,java.lang.AssertionError || expected:<Sun Jan <N> <N>:<N>:<N> UTC <N>> but was:<Sun Jan <N> <N>:<N>:<N> UTC <N>> || com.alibaba.json.bvt.parser.DefaultExtJSONParser_parseArray.test_7,19,PASS,NO
com.alibaba.json.bvt.parser.DefaultExtJSONParserTest_2#test_error_4,FAIL,java.lang.AssertionError,expected:<Sun Jan <N> <N>:<N>:<N> UTC <N>> but was:<Sun Jan <N> <N>:<N>:<N> UTC <N>>,com.alibaba.json.bvt.parser.DefaultExtJSONParser_parseArray.test_7,java.lang.AssertionError || expected:<Sun Jan <N> <N>:<N>:<N> UTC <N>> but was:<Sun Jan <N> <N>:<N>:<N> UTC <N>> || com.alibaba.json.bvt.parser.DefaultExtJSONParser_parseArray.test_7,22,PASS,NO
com.alibaba.json.bvt.parser.DefaultExtJSONParserTest_2#test_error_5,FAIL,java.lang.AssertionError,expected:<Sun Jan <N> <N>:<N>:<N> UTC <N>> but was:<Sun Jan <N> <N>:<N>:<N> UTC <N>>,com.alibaba.json.bvt.parser.DefaultExtJSONParser_parseArray.test_7,java.lang.AssertionError || expected:<Sun Jan <N> <N>:<N>:<N> UTC <N>> but was:<Sun Jan <N> <N>:<N>:<N> UTC <N>> || com.alibaba.json.bvt.parser.DefaultExtJSONParser_parseArray.test_7,22,PASS,NO
com.alibaba.json.bvt.parser.DefaultExtJSONParserTest_2#test_error_6,FAIL,java.lang.AssertionError,expected:<Sun Jan <N> <N>:<N>:<N> UTC <N>> but was:<Sun Jan <N> <N>:<N>:<N> UTC <N>>,com.alibaba.json.bvt.parser.DefaultExtJSONParser_parseArray.test_7,java.lang.AssertionError || expected:<Sun Jan <N> <N>:<N>:<N> UTC <N>> but was:<Sun Jan <N> <N>:<N>:<N> UTC <N>> || com.alibaba.json.bvt.parser.DefaultExtJSONParser_parseArray.test_7,33,PASS,NO
com.alibaba.json.bvt.parser.DefaultExtJSONParserTest_3#test_0,FAIL,java.lang.AssertionError,expected:<Sun Jan <N> <N>:<N>:<N> UTC <N>> but was:<Sun Jan <N> <N>:<N>:<N> UTC <N>>,com.alibaba.json.bvt.parser.DefaultExtJSONParser_parseArray.test_7,java.lang.AssertionError || expected:<Sun Jan <N> <N>:<N>:<N> UTC <N>> but was:<Sun Jan <N> <N>:<N>:<N> UTC <N>> || com.alibaba.json.bvt.parser.DefaultExtJSONParser_parseArray.test_7,30,PASS,NO
com.alibaba.json.bvt.parser.DefaultExtJSONParserTest_3#test_1,FAIL,java.lang.AssertionError,expected:<Sun Jan <N> <N>:<N>:<N> UTC <N>> but was:<Sun Jan <N> <N>:<N>:<N> UTC <N>>,com.alibaba.json.bvt.parser.DefaultExtJSONParser_parseArray.test_7,java.lang.AssertionError || expected:<Sun Jan <N> <N>:<N>:<N> UTC <N>> but was:<Sun Jan <N> <N>:<N>:<N> UTC <N>> || com.alibaba.json.bvt.parser.DefaultExtJSONParser_parseArray.test_7,18,PASS,NO
com.alibaba.json.bvt.parser.DefaultExtJSONParserTest_3#test_2,FAIL,java.lang.AssertionError,expected:<Sun Jan <N> <N>:<N>:<N> UTC <N>> but was:<Sun Jan <N> <N>:<N>:<N> UTC <N>>,com.alibaba.json.bvt.parser.DefaultExtJSONParser_parseArray.test_7,java.lang.AssertionError || expected:<Sun Jan <N> <N>:<N>:<N> UTC <N>> but was:<Sun Jan <N> <N>:<N>:<N> UTC <N>> || com.alibaba.json.bvt.parser.DefaultExtJSONParser_parseArray.test_7,16,PASS,NO
com.alibaba.json.bvt.parser.DefaultExtJSONParserTest_3#test_3,FAIL,java.lang.AssertionError,expected:<Sun Jan <N> <N>:<N>:<N> UTC <N>> but was:<Sun Jan <N> <N>:<N>:<N> UTC <N>>,com.alibaba.json.bvt.parser.DefaultExtJSONParser_parseArray.test_7,java.lang.AssertionError || expected:<Sun Jan <N> <N>:<N>:<N> UTC <N>> but was:<Sun Jan <N> <N>:<N>:<N> UTC <N>> || com.alibaba.json.bvt.parser.DefaultExtJSONParser_parseArray.test_7,27,PASS,NO
com.alibaba.json.bvt.parser.DefaultExtJSONParserTest_3#test_4,FAIL,java.lang.AssertionError,expected:<Sun Jan <N> <N>:<N>:<N> UTC <N>> but was:<Sun Jan <N> <N>:<N>:<N> UTC <N>>,com.alibaba.json.bvt.parser.DefaultExtJSONParser_parseArray.test_7,java.lang.AssertionError || expected:<Sun Jan <N> <N>:<N>:<N> UTC <N>> but was:<Sun Jan <N> <N>:<N>:<N> UTC <N>> || com.alibaba.json.bvt.parser.DefaultExtJSONParser_parseArray.test_7,20,PASS,NO
com.alibaba.json.bvt.parser.DefaultExtJSONParserTest_3#test_5,FAIL,java.lang.AssertionError,expected:<Sun Jan <N> <N>:<N>:<N> UTC <N>> but was:<Sun Jan <N> <N>:<N>:<N> UTC <N>>,com.alibaba.json.bvt.parser.DefaultExtJSONParser_parseArray.test_7,java.lang.AssertionError || expected:<Sun Jan <N> <N>:<N>:<N> UTC <N>> but was:<Sun Jan <N> <N>:<N>:<N> UTC <N>> || com.alibaba.json.bvt.parser.DefaultExtJSONParser_parseArray.test_7,24,PASS,NO
com.alibaba.json.bvt.parser.DefaultExtJSONParserTest_3#test_6,FAIL,java.lang.AssertionError,expected:<Sun Jan <N> <N>:<N>:<N> UTC <N>> but was:<Sun Jan <N> <N>:<N>:<N> UTC <N>>,com.alibaba.json.bvt.parser.DefaultExtJSONParser_parseArray.test_7,java.lang.AssertionError || expected:<Sun Jan <N> <N>:<N>:<N> UTC <N>> but was:<Sun Jan <N> <N>:<N>:<N> UTC <N>> || com.alibaba.json.bvt.parser.DefaultExtJSONParser_parseArray.test_7,29,PASS,NO
com.alibaba.json.bvt.parser.DefaultExtJSONParserTest_3#test_7,FAIL,java.lang.AssertionError,expected:<Sun Jan <N> <N>:<N>:<N> UTC <N>> but was:<Sun Jan <N> <N>:<N>:<N> UTC <N>>,com.alibaba.json.bvt.parser.DefaultExtJSONParser_parseArray.test_7,java.lang.AssertionError || expected:<Sun Jan <N> <N>:<N>:<N> UTC <N>> but was:<Sun Jan <N> <N>:<N>:<N> UTC <N>> || com.alibaba.json.bvt.parser.DefaultExtJSONParser_parseArray.test_7,30,PASS,NO
com.alibaba.json.bvt.parser.DefaultExtJSONParserTest_4#test_0,FAIL,java.lang.AssertionError,expected:<Sun Jan <N> <N>:<N>:<N> UTC <N>> but was:<Sun Jan <N> <N>:<N>:<N> UTC <N>>,com.alibaba.json.bvt.parser.DefaultExtJSONParser_parseArray.test_7,java.lang.AssertionError || expected:<Sun Jan <N> <N>:<N>:<N> UTC <N>> but was:<Sun Jan <N> <N>:<N>:<N> UTC <N>> || com.alibaba.json.bvt.parser.DefaultExtJSONParser_parseArray.test_7,34,PASS,NO
com.alibaba.json.bvt.parser.DefaultExtJSONParserTest_4#test_1,FAIL,java.lang.AssertionError,expected:<Sun Jan <N> <N>:<N>:<N> UTC <N>> but was:<Sun Jan <N> <N>:<N>:<N> UTC <N>>,com.alibaba.json.bvt.parser.DefaultExtJSONParser_parseArray.test_7,java.lang.AssertionError || expected:<Sun Jan <N> <N>:<N>:<N> UTC <N>> but was:<Sun Jan <N> <N>:<N>:<N> UTC <N>> || com.alibaba.json.bvt.parser.DefaultExtJSONParser_parseArray.test_7,27,PASS,NO
com.alibaba.json.bvt.parser.DefaultExtJSONParserTest_4#test_2,FAIL,java.lang.AssertionError,expected:<Sun Jan <N> <N>:<N>:<N> UTC <N>> but was:<Sun Jan <N> <N>:<N>:<N> UTC <N>>,com.alibaba.json.bvt.parser.DefaultExtJSONParser_parseArray.test_7,java.lang.AssertionError || expected:<Sun Jan <N> <N>:<N>:<N> UTC <N>> but was:<Sun Jan <N> <N>:<N>:<N> UTC <N>> || com.alibaba.json.bvt.parser.DefaultExtJSONParser_parseArray.test_7,13,PASS,NO
com.alibaba.json.bvt.parser.DefaultExtJSONParserTest_5#test_0,FAIL,java.lang.AssertionError,expected:<Sun Jan <N> <N>:<N>:<N> UTC <N>> but was:<Sun Jan <N> <N>:<N>:<N> UTC <N>>,com.alibaba.json.bvt.parser.DefaultExtJSONParser_parseArray.test_7,java.lang.AssertionError || expected:<Sun Jan <N> <N>:<N>:<N> UTC <N>> but was:<Sun Jan <N> <N>:<N>:<N> UTC <N>> || com.alibaba.json.bvt.parser.DefaultExtJSONParser_parseArray.test_7,20,PASS,NO
com.alibaba.json.bvt.parser.DefaultExtJSONParserTest_5#test_1,FAIL,java.lang.AssertionError,expected:<Sun Jan <N> <N>:<N>:<N> UTC <N>> but was:<Sun Jan <N> <N>:<N>:<N> UTC <N>>,com.alibaba.json.bvt.parser.DefaultExtJSONParser_parseArray.test_7,java.lang.AssertionError || expected:<Sun Jan <N> <N>:<N>:<N> UTC <N>> but was:<Sun Jan <N> <N>:<N>:<N> UTC <N>> || com.alibaba.json.bvt.parser.DefaultExtJSONParser_parseArray.test_7,15,PASS,NO
com.alibaba.json.bvt.parser.DefaultExtJSONParserTest_6#test_0,FAIL,java.lang.AssertionError,expected:<Sun Jan <N> <N>:<N>:<N> UTC <N>> but was:<Sun Jan <N> <N>:<N>:<N> UTC <N>>,com.alibaba.json.bvt.parser.DefaultExtJSONParser_parseArray.test_7,java.lang.AssertionError || expected:<Sun Jan <N> <N>:<N>:<N> UTC <N>> but was:<Sun Jan <N> <N>:<N>:<N> UTC <N>> || com.alibaba.json.bvt.parser.DefaultExtJSONParser_parseArray.test_7,31,PASS,NO
com.alibaba.json.bvt.parser.DefaultExtJSONParserTest_6#test_1,FAIL,java.lang.AssertionError,expected:<Sun Jan <N> <N>:<N>:<N> UTC <N>> but was:<Sun Jan <N> <N>:<N>:<N> UTC <N>>,com.alibaba.json.bvt.parser.DefaultExtJSONParser_parseArray.test_7,java.lang.AssertionError || expected:<Sun Jan <N> <N>:<N>:<N> UTC <N>> but was:<Sun Jan <N> <N>:<N>:<N> UTC <N>> || com.alibaba.json.bvt.parser.DefaultExtJSONParser_parseArray.test_7,17,PASS,NO
com.alibaba.json.bvt.parser.DefaultExtJSONParserTest_7#test_parse,FAIL,java.lang.AssertionError,expected:<Sun Jan <N> <N>:<N>:<N> UTC <N>> but was:<Sun Jan <N> <N>:<N>:<N> UTC <N>>,com.alibaba.json.bvt.parser.DefaultExtJSONParser_parseArray.test_7,java.lang.AssertionError || expected:<Sun Jan <N> <N>:<N>:<N> UTC <N>> but was:<Sun Jan <N> <N>:<N>:<N> UTC <N>> || com.alibaba.json.bvt.parser.DefaultExtJSONParser_parseArray.test_7,27,PASS,NO
com.alibaba.json.bvt.parser.DefaultExtJSONParserTest_7#test_parseArray,FAIL,java.lang.AssertionError,expected:<Sun Jan <N> <N>:<N>:<N> UTC <N>> but was:<Sun Jan <N> <N>:<N>:<N> UTC <N>>,com.alibaba.json.bvt.parser.DefaultExtJSONParser_parseArray.test_7,java.lang.AssertionError || expected:<Sun Jan <N> <N>:<N>:<N> UTC <N>> but was:<Sun Jan <N> <N>:<N>:<N> UTC <N>> || com.alibaba.json.bvt.parser.DefaultExtJSONParser_parseArray.test_7,22,PASS,NO
com.alibaba.json.bvt.parser.DefaultExtJSONParserTest_7#test_parseArray_error,FAIL,java.lang.AssertionError,expected:<Sun Jan <N> <N>:<N>:<N> UTC <N>> but was:<Sun Jan <N> <N>:<N>:<N> UTC <N>>,com.alibaba.json.bvt.parser.DefaultExtJSONParser_parseArray.test_7,java.lang.AssertionError || expected:<Sun Jan <N> <N>:<N>:<N> UTC <N>> but was:<Sun Jan <N> <N>:<N>:<N> UTC <N>> || com.alibaba.json.bvt.parser.DefaultExtJSONParser_parseArray.test_7,33,PASS,NO
com.alibaba.json.bvt.parser.DefaultExtJSONParserTest_7#test_parse_str,FAIL,java.lang.AssertionError,expected:<Sun Jan <N> <N>:<N>:<N> UTC <N>> but was:<Sun Jan <N> <N>:<N>:<N> UTC <N>>,com.alibaba.json.bvt.parser.DefaultExtJSONParser_parseArray.test_7,java.lang.AssertionError || expected:<Sun Jan <N> <N>:<N>:<N> UTC <N>> but was:<Sun Jan <N> <N>:<N>:<N> UTC <N>> || com.alibaba.json.bvt.parser.DefaultExtJSONParser_parseArray.test_7,16,PASS,NO
com.alibaba.json.bvt.parser.DefaultExtJSONParser_parseArray#test_0,FAIL,java.lang.AssertionError,expected:<Sun Jan <N> <N>:<N>:<N> UTC <N>> but was:<Sun Jan <N> <N>:<N>:<N> UTC <N>>,com.alibaba.json.bvt.parser.DefaultExtJSONParser_parseArray.test_7,java.lang.AssertionError || expected:<Sun Jan <N> <N>:<N>:<N> UTC <N>> but was:<Sun Jan <N> <N>:<N>:<N> UTC <N>> || com.alibaba.json.bvt.parser.DefaultExtJSONParser_parseArray.test_7,16,PASS,NO
com.alibaba.json.bvt.parser.DefaultExtJSONParser_parseArray#test_1,FAIL,java.lang.AssertionError,expected:<Sun Jan <N> <N>:<N>:<N> UTC <N>> but was:<Sun Jan <N> <N>:<N>:<N> UTC <N>>,com.alibaba.json.bvt.parser.DefaultExtJSONParser_parseArray.test_7,java.lang.AssertionError || expected:<Sun Jan <N> <N>:<N>:<N> UTC <N>> but was:<Sun Jan <N> <N>:<N>:<N> UTC <N>> || com.alibaba.json.bvt.parser.DefaultExtJSONParser_parseArray.test_7,25,PASS,NO
com.alibaba.json.bvt.parser.DefaultExtJSONParser_parseArray#test_10,FAIL,java.lang.AssertionError,expected:<Sun Jan <N> <N>:<N>:<N> UTC <N>> but was:<Sun Jan <N> <N>:<N>:<N> UTC <N>>,com.alibaba.json.bvt.parser.DefaultExtJSONParser_parseArray.test_7,java.lang.AssertionError || expected:<Sun Jan <N> <N>:<N>:<N> UTC <N>> but was:<Sun Jan <N> <N>:<N>:<N> UTC <N>> || com.alibaba.json.bvt.parser.DefaultExtJSONParser_parseArray.test_7,15,PASS,NO
com.alibaba.json.bvt.parser.DefaultExtJSONParser_parseArray#test_11,FAIL,java.lang.AssertionError,expected:<Sun Jan <N> <N>:<N>:<N> UTC <N>> but was:<Sun Jan <N> <N>:<N>:<N> UTC <N>>,com.alibaba.json.bvt.parser.DefaultExtJSONParser_parseArray.test_7,java.lang.AssertionError || expected:<Sun Jan <N> <N>:<N>:<N> UTC <N>> but was:<Sun Jan <N> <N>:<N>:<N> UTC <N>> || com.alibaba.json.bvt.parser.DefaultExtJSONParser_parseArray.test_7,17,PASS,NO
com.alibaba.json.bvt.parser.DefaultExtJSONParser_parseArray#test_12,FAIL,java.lang.AssertionError,expected:<Sun Jan <N> <N>:<N>:<N> UTC <N>> but was:<Sun Jan <N> <N>:<N>:<N> UTC <N>>,com.alibaba.json.bvt.parser.DefaultExtJSONParser_parseArray.test_7,java.lang.AssertionError || expected:<Sun Jan <N> <N>:<N>:<N> UTC <N>> but was:<Sun Jan <N> <N>:<N>:<N> UTC <N>> || com.alibaba.json.bvt.parser.DefaultExtJSONParser_parseArray.test_7,15,PASS,NO
com.alibaba.json.bvt.parser.DefaultExtJSONParser_parseArray#test_13,FAIL,java.lang.AssertionError,expected:<Sun Jan <N> <N>:<N>:<N> UTC <N>> but was:<Sun Jan <N> <N>:<N>:<N> UTC <N>>,com.alibaba.json.bvt.parser.DefaultExtJSONParser_parseArray.test_7,java.lang.AssertionError || expected:<Sun Jan <N> <N>:<N>:<N> UTC <N>> but was:<Sun Jan <N> <N>:<N>:<N> UTC <N>> || com.alibaba.json.bvt.parser.DefaultExtJSONParser_parseArray.test_7,28,PASS,NO
com.alibaba.json.bvt.parser.DefaultExtJSONParser_parseArray#test_14,FAIL,java.lang.AssertionError,expected:<Sun Jan <N> <N>:<N>:<N> UTC <N>> but was:<Sun Jan <N> <N>:<N>:<N> UTC <N>>,com.alibaba.json.bvt.parser.DefaultExtJSONParser_parseArray.test_7,java.lang.AssertionError || expected:<Sun Jan <N> <N>:<N>:<N> UTC <N>> but was:<Sun Jan <N> <N>:<N>:<N> UTC <N>> || com.alibaba.json.bvt.parser.DefaultExtJSONParser_parseArray.test_7,22,PASS,NO
com.alibaba.json.bvt.parser.DefaultExtJSONParser_parseArray#test_15,FAIL,java.lang.AssertionError,expected:<Sun Jan <N> <N>:<N>:<N> UTC <N>> but was:<Sun Jan <N> <N>:<N>:<N> UTC <N>>,com.alibaba.json.bvt.parser.DefaultExtJSONParser_parseArray.test_7,java.lang.AssertionError || expected:<Sun Jan <N> <N>:<N>:<N> UTC <N>> but was:<Sun Jan <N> <N>:<N>:<N> UTC <N>> || com.alibaba.json.bvt.parser.DefaultExtJSONParser_parseArray.test_7,24,PASS,NO
com.alibaba.json.bvt.parser.DefaultExtJSONParser_parseArray#test_16,FAIL,java.lang.AssertionError,expected:<Sun Jan <N> <N>:<N>:<N> UTC <N>> but was:<Sun Jan <N> <N>:<N>:<N> UTC <N>>,com.alibaba.json.bvt.parser.DefaultExtJSONParser_parseArray.test_7,java.lang.AssertionError || expected:<Sun Jan <N> <N>:<N>:<N> UTC <N>> but was:<Sun Jan <N> <N>:<N>:<N> UTC <N>> || com.alibaba.json.bvt.parser.DefaultExtJSONParser_parseArray.test_7,29,PASS,NO
com.alibaba.json.bvt.parser.DefaultExtJSONParser_parseArray#test_17,FAIL,java.lang.AssertionError,expected:<Sun Jan <N> <N>:<N>:<N> UTC <N>> but was:<Sun Jan <N> <N>:<N>:<N> UTC <N>>,com.alibaba.json.bvt.parser.DefaultExtJSONParser_parseArray.test_7,java.lang.AssertionError || expected:<Sun Jan <N> <N>:<N>:<N> UTC <N>> but was:<Sun Jan <N> <N>:<N>:<N> UTC <N>> || com.alibaba.json.bvt.parser.DefaultExtJSONParser_parseArray.test_7,11,PASS,NO
com.alibaba.json.bvt.parser.DefaultExtJSONParser_parseArray#test_18,FAIL,java.lang.AssertionError,expected:<Sun Jan <N> <N>:<N>:<N> UTC <N>> but was:<Sun Jan <N> <N>:<N>:<N> UTC <N>>,com.alibaba.json.bvt.parser.DefaultExtJSONParser_parseArray.test_7,java.lang.AssertionError || expected:<Sun Jan <N> <N>:<N>:<N> UTC <N>> but was:<Sun Jan <N> <N>:<N>:<N> UTC <N>> || com.alibaba.json.bvt.parser.DefaultExtJSONParser_parseArray.test_7,22,PASS,NO
com.alibaba.json.bvt.parser.DefaultExtJSONParser_parseArray#test_2,FAIL,java.lang.AssertionError,expected:<Sun Jan <N> <N>:<N>:<N> UTC <N>> but was:<Sun Jan <N> <N>:<N>:<N> UTC <N>>,com.alibaba.json.bvt.parser.DefaultExtJSONParser_parseArray.test_7,java.lang.AssertionError || expected:<Sun Jan <N> <N>:<N>:<N> UTC <N>> but was:<Sun Jan <N> <N>:<N>:<N> UTC <N>> || com.alibaba.json.bvt.parser.DefaultExtJSONParser_parseArray.test_7,31,PASS,NO
com.alibaba.json.bvt.parser.DefaultExtJSONParser_parseArray#test_3,FAIL,java.lang.AssertionError,expected:<Sun Jan <N> <N>:<N>:<N> UTC <N>> but was:<Sun Jan <N> <N>:<N>:<N> UTC <N>>,com.alibaba.json.bvt.parser.DefaultExtJSONParser_parseArray.test_7,java.lang.AssertionError || expected:<Sun Jan <N> <N>:<N>:<N> UTC <N>> but was:<Sun Jan <N> <N>:<N>:<N> UTC <N>> || com.alibaba.json.bvt.parser.DefaultExtJSONParser_parseArray.test_7,19,PASS,NO
com.alibaba.json.bvt.parser.DefaultExtJSONParser_parseArray#test_4,FAIL,java.lang.AssertionError,expected:<Sun Jan <N> <N>:<N>:<N> UTC <N>> but was:<Sun Jan <N> <N>:<N>:<N> UTC <N>>,com.alibaba.json.bvt.parser.DefaultExtJSONParser_parseArray.test_7,java.lang.AssertionError || expected:<Sun Jan <N> <N>:<N>:<N> UTC <N>> but was:<Sun Jan <N> <N>:<N>:<N> UTC <N>> || com.alibaba.json.bvt.parser.DefaultExtJSONParser_parseArray.test_7,33,PASS,NO
com.alibaba.json.bvt.parser.DefaultExtJSONParser_parseArray#test_5,FAIL,java.lang.AssertionError,expected:<Sun Jan <N> <N>:<N>:<N> UTC <N>> but was:<Sun Jan <N> <N>:<N>:<N> UTC <N>>,com.alibaba.json.bvt.parser.DefaultExtJSONParser_parseArray.test_7,java.lang.AssertionError || expected:<Sun Jan <N> <N>:<N>:<N> UTC <N>> but was:<Sun Jan <N> <N>:<N>:<N> UTC <N>> || com.alibaba.json.bvt.parser.DefaultExtJSONParser_parseArray.test_7,12,PASS,NO
com.alibaba.json.bvt.parser.DefaultExtJSONParser_parseArray#test_6,FAIL,java.lang.AssertionError,expected:<Sun Jan <N> <N>:<N>:<N> UTC <N>> but was:<Sun Jan <N> <N>:<N>:<N> UTC <N>>,com.alibaba.json.bvt.parser.DefaultExtJSONParser_parseArray.test_7,java.lang.AssertionError || expected:<Sun Jan <N> <N>:<N>:<N> UTC <N>> but was:<Sun Jan <N> <N>:<N>:<N> UTC <N>> || com.alibaba.json.bvt.parser.DefaultExtJSONParser_parseArray.test_7,25,PASS,NO
com.alibaba.json.bvt.parser.DefaultExtJSONParser_parseArray#test_8,FAIL,java.lang.AssertionError,expected:<Sun Jan <N> <N>:<N>:<N> UTC <N>> but was:<Sun Jan <N> <N>:<N>:<N> UTC <N>>,com.alibaba.json.bvt.parser.DefaultExtJSONParser_parseArray.test_7,java.lang.AssertionError || expected:<Sun Jan <N> <N>:<N>:<N> UTC <N>> but was:<Sun Jan <N> <N>:<N>:<N> UTC <N>> || com.alibaba.json.bvt.parser.DefaultExtJSONParser_parseArray.test_7,11,FAIL,NO
com.alibaba.json.bvt.parser.DefaultExtJSONParser_parseArray#test_9,FAIL,java.lang.AssertionError,expected:<Sun Jan <N> <N>:<N>:<N> UTC <N>> but was:<Sun Jan <N> <N>:<N>:<N> UTC <N>>,com.alibaba.json.bvt.parser.DefaultExtJSONParser_parseArray.test_7,java.lang.AssertionError || expected:<Sun Jan <N> <N>:<N>:<N> UTC <N>> but was:<Sun Jan <N> <N>:<N>:<N> UTC <N>> || com.alibaba.json.bvt.parser.DefaultExtJSONParser_parseArray.test_7,18,PASS,NO
com.alibaba.json.bvt.parser.DefaultExtJSONParser_parseArray#test_error,FAIL,java.lang.AssertionError,expected:<Sun Jan <N> <N>:<N>:<N> UTC <N>> but was:<Sun Jan <N> <N>:<N>:<N> UTC <N>>,com.alibaba.json.bvt.parser.DefaultExtJSONParser_parseArray.test_7,java.lang.AssertionError || expected:<Sun Jan <N> <N>:<N>:<N> UTC <N>> but was:<Sun Jan <N> <N>:<N>:<N> UTC <N>> || com.alibaba.json.bvt.parser.DefaultExtJSONParser_parseArray.test_7,25,PASS,NO
com.alibaba.json.bvt.parser.DefaultExtJSONParser_parseArray#test_error_2,FAIL,java.lang.AssertionError,expected:<Sun Jan <N> <N>:<N>:<N> UTC <N>> but was:<Sun Jan <N> <N>:<N>:<N> UTC <N>>,com.alibaba.json.bvt.parser.DefaultExtJSONParser_parseArray.test_7,java.lang.AssertionError || expected:<Sun Jan <N> <N>:<N>:<N> UTC <N>> but was:<Sun Jan <N> <N>:<N>:<N> UTC <N>> || com.alibaba.json.bvt.parser.DefaultExtJSONParser_parseArray.test_7,16,PASS,NO
com.alibaba.json.bvt.parser.DefaultExtJSONParser_parseArray#test_error_3,FAIL,java.lang.AssertionError,expected:<Sun Jan <N> <N>:<N>:<N> UTC <N>> but was:<Sun Jan <N> <N>:<N>:<N> UTC <N>>,com.alibaba.json.bvt.parser.DefaultExtJSONParser_parseArray.test_7,java.lang.AssertionError || expected:<Sun Jan <N> <N>:<N>:<N> UTC <N>> but was:<Sun Jan <N> <N>:<N>:<N> UTC <N>> || com.alibaba.json.bvt.parser.DefaultExtJSONParser_parseArray.test_7,20,PASS,NO
com.alibaba.json.bvt.parser.DefaultExtJSONParser_parseArray#test_error_4,FAIL,java.lang.AssertionError,expected:<Sun Jan <N> <N>:<N>:<N> UTC <N>> but was:<Sun Jan <N> <N>:<N>:<N> UTC <N>>,com.alibaba.json.bvt.parser.DefaultExtJSONParser_parseArray.test_7,java.lang.AssertionError || expected:<Sun Jan <N> <N>:<N>:<N> UTC <N>> but was:<Sun Jan <N> <N>:<N>:<N> UTC <N>> || com.alibaba.json.bvt.parser.DefaultExtJSONParser_parseArray.test_7,21,PASS,NO
com.alibaba.json.bvt.parser.DefaultExtJSONParser_parseArray#test_error_5,FAIL,java.lang.AssertionError,expected:<Sun Jan <N> <N>:<N>:<N> UTC <N>> but was:<Sun Jan <N> <N>:<N>:<N> UTC <N>>,com.alibaba.json.bvt.parser.DefaultExtJSONParser_parseArray.test_7,java.lang.AssertionError || expected:<Sun Jan <N> <N>:<N>:<N> UTC <N>> but was:<Sun Jan <N> <N>:<N>:<N> UTC <N>> || com.alibaba.json.bvt.parser.DefaultExtJSONParser_parseArray.test_7,20,PASS,NO
com.alibaba.json.bvt.parser.DefaultExtJSONParser_parseArray#test_error_6,FAIL,java.lang.AssertionError,expected:<Sun Jan <N> <N>:<N>:<N> UTC <N>> but was:<Sun Jan <N> <N>:<N>:<N> UTC <N>>,com.alibaba.json.bvt.parser.DefaultExtJSONParser_parseArray.test_7,java.lang.AssertionError || expected:<Sun Jan <N> <N>:<N>:<N> UTC <N>> but was:<Sun Jan <N> <N>:<N>:<N> UTC <N>> || com.alibaba.json.bvt.parser.DefaultExtJSONParser_parseArray.test_7,22,PASS,NO
com.alibaba.json.bvt.parser.DefaultExtJSONParser_parseArray#test_error_7,FAIL,java.lang.AssertionError,expected:<Sun Jan <N> <N>:<N>:<N> UTC <N>> but was:<Sun Jan <N> <N>:<N>:<N> UTC <N>>,com.alibaba.json.bvt.parser.DefaultExtJSONParser_parseArray.test_7,java.lang.AssertionError || expected:<Sun Jan <N> <N>:<N>:<N> UTC <N>> but was:<Sun Jan <N> <N>:<N>:<N> UTC <N>> || com.alibaba.json.bvt.parser.DefaultExtJSONParser_parseArray.test_7,28,PASS,NO
com.alibaba.json.bvt.parser.DefaultExtJSONParser_parseArray#test_error_8,FAIL,java.lang.AssertionError,expected:<Sun Jan <N> <N>:<N>:<N> UTC <N>> but was:<Sun Jan <N> <N>:<N>:<N> UTC <N>>,com.alibaba.json.bvt.parser.DefaultExtJSONParser_parseArray.test_7,java.lang.AssertionError || expected:<Sun Jan <N> <N>:<N>:<N> UTC <N>> but was:<Sun Jan <N> <N>:<N>:<N> UTC <N>> || com.alibaba.json.bvt.parser.DefaultExtJSONParser_parseArray.test_7,28,PASS,NO
com.alibaba.json.bvt.parser.DefaultExtJSONParser_parseArray#test_error_var,FAIL,java.lang.AssertionError,expected:<Sun Jan <N> <N>:<N>:<N> UTC <N>> but was:<Sun Jan <N> <N>:<N>:<N> UTC <N>>,com.alibaba.json.bvt.parser.DefaultExtJSONParser_parseArray.test_7,java.lang.AssertionError || expected:<Sun Jan <N> <N>:<N>:<N> UTC <N>> but was:<Sun Jan <N> <N>:<N>:<N> UTC <N>> || com.alibaba.json.bvt.parser.DefaultExtJSONParser_parseArray.test_7,26,PASS,NO
com.alibaba.json.bvt.parser.DefaultExtJSONParser_parseArray_2#test_0,FAIL,java.lang.AssertionError,expected:<Sun Jan <N> <N>:<N>:<N> UTC <N>> but was:<Sun Jan <N> <N>:<N>:<N> UTC <N>>,com.alibaba.json.bvt.parser.DefaultExtJSONParser_parseArray.test_7,java.lang.AssertionError || expected:<Sun Jan <N> <N>:<N>:<N> UTC <N>> but was:<Sun Jan <N> <N>:<N>:<N> UTC <N>> || com.alibaba.json.bvt.parser.DefaultExtJSONParser_parseArray.test_7,23,PASS,NO
com.alibaba.json.bvt.parser.DefaultExtJSONParser_parseArray_2#test_1,FAIL,java.lang.AssertionError,expected:<Sun Jan <N> <N>:<N>:<N> UTC <N>> but was:<Sun Jan <N> <N>:<N>:<N> UTC <N>>,com.alibaba.json.bvt.parser.DefaultExtJSONParser_parseArray.test_7,java.lang.AssertionError || expected:<Sun Jan <N> <N>:<N>:<N> UTC <N>> but was:<Sun Jan <N> <N>:<N>:<N> UTC <N>> || com.alibaba.json.bvt.parser.DefaultExtJSONParser_parseArray.test_7,14,PASS,NO
com.alibaba.json.bvt.parser.DefaultExtJSONParser_parseArray_2#test_error_0,FAIL,java.lang.AssertionError,expected:<Sun Jan <N> <N>:<N>:<N> UTC <N>> but was:<Sun Jan <N> <N>:<N>:<N> UTC <N>>,com.alibaba.json.bvt.parser.DefaultExtJSONParser_parseArray.test_7,java.lang.AssertionError || expected:<Sun Jan <N> <N>:<N>:<N> UTC <N>> but was:<Sun Jan <N> <N>:<N>:<N> UTC <N>> || com.alibaba.json.bvt.parser.DefaultExtJSONParser_parseArray.test_7,19,PASS,NO
com.alibaba.json.bvt.parser.DefaultExtJSONParser_parseArray_2#test_error_1,FAIL,java.lang.AssertionError,expected:<Sun Jan <N> <N>:<N>:<N> UTC <N>> but was:<Sun Jan <N> <N>:<N>:<N> UTC <N>>,com.alibaba.json.bvt.parser.DefaultExtJSONParser_parseArray.test_7,java.lang.AssertionError || expected:<Sun Jan <N> <N>:<N>:<N> UTC <N>> but was:<Sun Jan <N> <N>:<N>:<N> UTC <N>> || com.alibaba.json.bvt.parser.DefaultExtJSONParser_parseArray.test_7,27,PASS,NO
com.alibaba.json.bvt.parser.DefaultExtJSONParser_parseArray_2#test_error_2,FAIL,java.lang.AssertionError,expected:<Sun Jan <N> <N>:<N>:<N> UTC <N>> but was:<Sun Jan <N> <N>:<N>:<N> UTC <N>>,com.alibaba.json.bvt.parser.DefaultExtJSONParser_parseArray.test_7,java.lang.AssertionError || expected:<Sun Jan <N> <N>:<N>:<N> UTC <N>> but was:<Sun Jan <N> <N>:<N>:<N> UTC <N>> || com.alibaba.json.bvt.parser.DefaultExtJSONParser_parseArray.test_7,33,PASS,NO
com.alibaba.json.bvt.parser.DefaultExtJSONParser_parseArray_2#test_error_3,FAIL,java.lang.AssertionError,expected:<Sun Jan <N> <N>:<N>:<N> UTC <N>> but was:<Sun Jan <N> <N>:<N>:<N> UTC <N>>,com.alibaba.json.bvt.parser.DefaultExtJSONParser_parseArray.test_7,java.lang.AssertionError || expected:<Sun Jan <N> <N>:<N>:<N> UTC <N>> but was:<Sun Jan <N> <N>:<N>:<N> UTC <N>> || com.alibaba.json.bvt.parser.DefaultExtJSONParser_parseArray.test_7,16,PASS,NO
com.alibaba.json.bvt.parser.DefaultExtJSONParser_parseArray_2#test_error_4,FAIL,java.lang.AssertionError,expected:<Sun Jan <N> <N>:<N>:<N> UTC <N>> but was:<Sun Jan <N> <N>:<N>:<N> UTC <N>>,com.alibaba.json.bvt.parser.DefaultExtJSONParser_parseArray.test_7,java.lang.AssertionError || expected:<Sun Jan <N> <N>:<N>:<N> UTC <N>> but was:<Sun Jan <N> <N>:<N>:<N> UTC <N>> || com.alibaba.json.bvt.parser.DefaultExtJSONParser_parseArray.test_7,14,PASS,NO
com.alibaba.json.bvt.parser.DefaultExtJSONParser_parseArray_2#test_error_5,FAIL,java.lang.AssertionError,expected:<Sun Jan <N> <N>:<N>:<N> UTC <N>> but was:<Sun Jan <N> <N>:<N>:<N> UTC <N>>,com.alibaba.json.bvt.parser.DefaultExtJSONParser_parseArray.test_7,java.lang.AssertionError || expected:<Sun Jan <N> <N>:<N>:<N> UTC <N>> but was:<Sun Jan <N> <N>:<N>:<N> UTC <N>> || com.alibaba.json.bvt.parser.DefaultExtJSONParser_parseArray.test_7,31,PASS,NO
com.alibaba.json.bvt.parser.DefaultExtJSONParser_parseArray_2#test_error_6,FAIL,java.lang.AssertionError,expected:<Sun Jan <N> <N>:<N>:<N> UTC <N>> but was:<Sun Jan <N> <N>:<N>:<N> UTC <N>>,com.alibaba.json.bvt.parser.DefaultExtJSONParser_parseArray.test_7,java.lang.AssertionError || expected:<Sun Jan <N> <N>:<N>:<N> UTC <N>> but was:<Sun Jan <N> <N>:<N>:<N> UTC <N>> || com.alibaba.json.bvt.parser.DefaultExtJSONParser_parseArray.test_7,30,PASS,NO
com.alibaba.json.bvt.parser.DefaultJSONParserTest2#test_0,FAIL,java.lang.AssertionError,expected:<Sun Jan <N> <N>:<N>:<N> UTC <N>> but was:<Sun Jan <N> <N>:<N>:<N> UTC <N>>,com.alibaba.json.bvt.parser.DefaultExtJSONParser_parseArray.test_7,java.lang.AssertionError || expected:<Sun Jan <N> <N>:<N>:<N> UTC <N>> but was:<Sun Jan <N> <N>:<N>:<N> UTC <N>> || com.alibaba.json.bvt.parser.DefaultExtJSONParser_parseArray.test_7,28,PASS,NO
com.alibaba.json.bvt.parser.DefaultJSONParserTest2#test_1,FAIL,java.lang.AssertionError,expected:<Sun Jan <N> <N>:<N>:<N> UTC <N>> but was:<Sun Jan <N> <N>:<N>:<N> UTC <N>>,com.alibaba.json.bvt.parser.DefaultExtJSONParser_parseArray.test_7,java.lang.AssertionError || expected:<Sun Jan <N> <N>:<N>:<N> UTC <N>> but was:<Sun Jan <N> <N>:<N>:<N> UTC <N>> || com.alibaba.json.bvt.parser.DefaultExtJSONParser_parseArray.test_7,15,PASS,NO
com.alibaba.json.bvt.parser.DefaultJSONParserTest2#test_2,FAIL,java.lang.AssertionError,expected:<Sun Jan <N> <N>:<N>:<N> UTC <N>> but was:<Sun Jan <N> <N>:<N>:<N> UTC <N>>,com.alibaba.json.bvt.parser.DefaultExtJSONParser_parseArray.test_7,java.lang.AssertionError || expected:<Sun Jan <N> <N>:<N>:<N> UTC <N>> but was:<Sun Jan <N> <N>:<N>:<N> UTC <N>> || com.alibaba.json.bvt.parser.DefaultExtJSONParser_parseArray.test_7,21,PASS,NO
com.alibaba.json.bvt.parser.DefaultJSONParserTest2#test_3,FAIL,java.lang.AssertionError,expected:<Sun Jan <N> <N>:<N>:<N> UTC <N>> but was:<Sun Jan <N> <N>:<N>:<N> UTC <N>>,com.alibaba.json.bvt.parser.DefaultExtJSONParser_parseArray.test_7,java.lang.AssertionError || expected:<Sun Jan <N> <N>:<N>:<N> UTC <N>> but was:<Sun Jan <N> <N>:<N>:<N> UTC <N>> || com.alibaba.json.bvt.parser.DefaultExtJSONParser_parseArray.test_7,20,PASS,NO
com.alibaba.json.bvt.parser.DefaultJSONParserTest2#test_4,FAIL,java.lang.AssertionError,expected:<Sun Jan <N> <N>:<N>:<N> UTC <N>> but was:<Sun Jan <N> <N>:<N>:<N> UTC <N>>,com.alibaba.json.bvt.parser.DefaultExtJSONParser_parseArray.test_7,java.lang.AssertionError || expected:<Sun Jan <N> <N>:<N>:<N> UTC <N>> but was:<Sun Jan <N> <N>:<N>:<N> UTC <N>> || com.alibaba.json.bvt.parser.DefaultExtJSONParser_parseArray.test_7,15,PASS,NO
com.alibaba.json.bvt.parser.DefaultJSONParserTest2#test_5,FAIL,java.lang.AssertionError,expected:<Sun Jan <N> <N>:<N>:<N> UTC <N>> but was:<Sun Jan <N> <N>:<N>:<N> UTC <N>>,com.alibaba.json.bvt.parser.DefaultExtJSONParser_parseArray.test_7,java.lang.AssertionError || expected:<Sun Jan <N> <N>:<N>:<N> UTC <N>> but was:<Sun Jan <N> <N>:<N>:<N> UTC <N>> || com.alibaba.json.bvt.parser.DefaultExtJSONParser_parseArray.test_7,16,PASS,NO
com.alibaba.json.bvt.parser.DefaultJSONParserTest_charArray#test_getInput,FAIL,java.lang.AssertionError,expected:<Sun Jan <N> <N>:<N>:<N> UTC <N>> but was:<Sun Jan <N> <N>:<N>:<N> UTC <N>>,com.alibaba.json.bvt.parser.DefaultExtJSONParser_parseArray.test_7,java.lang.AssertionError || expected:<Sun Jan <N> <N>:<N>:<N> UTC <N>> but was:<Sun Jan <N> <N>:<N>:<N> UTC <N>> || com.alibaba.json.bvt.parser.DefaultExtJSONParser_parseArray.test_7,30,PASS,NO
com.alibaba.json.bvt.parser.DefaultJSONParserTest_comma#test_getInput,FAIL,java.lang.AssertionError,expected:<Sun Jan <N> <N>:<N>:<N> UTC <N>> but was:<Sun Jan <N> <N>:<N>:<N> UTC <N>>,com.alibaba.json.bvt.parser.DefaultExtJSONParser_parseArray.test_7,java.lang.AssertionError || expected:<Sun Jan <N> <N>:<N>:<N> UTC <N>> but was:<Sun Jan <N> <N>:<N>:<N> UTC <N>> || com.alibaba.json.bvt.parser.DefaultExtJSONParser_parseArray.test_7,15,PASS,NO
com.alibaba.json.bvt.parser.DefaultJSONParserTest_date#test_date,PASS,,,,,9,PASS,YES
com.alibaba.json.bvt.parser.DefaultJSONParserTest_date#test_date2,PASS,,,,,11,PASS,YES
com.alibaba.json.bvt.parser.DefaultJSONParserTest_date#test_date3,PASS,,,,,25,PASS,YES
com.alibaba.json.bvt.parser.DefaultJSONParserTest_date#test_date4,PASS,,,,,13,PASS,YES
com.alibaba.json.bvt.parser.DefaultJSONParserTest_date#test_dateFormat,PASS,,,,,7,PASS,YES
com.alibaba.json.bvt.parser.DefaultJSONParserTest_error#test_error_1,FAIL,java.lang.AssertionError,expected:<Sun Jan <N> <N>:<N>:<N> UTC <N>> but was:<Sun Jan <N> <N>:<N>:<N> UTC <N>>,com.alibaba.json.bvt.parser.DefaultExtJSONParser_parseArray.test_7,java.lang.AssertionError || expected:<Sun Jan <N> <N>:<N>:<N> UTC <N>> but was:<Sun Jan <N> <N>:<N>:<N> UTC <N>> || com.alibaba.json.bvt.parser.DefaultExtJSONParser_parseArray.test_7,31,PASS,NO
com.alibaba.json.bvt.parser.DefaultJSONParserTest_error#test_error_2,FAIL,java.lang.AssertionError,expected:<Sun Jan <N> <N>:<N>:<N> UTC <N>> but was:<Sun Jan <N> <N>:<N>:<N> UTC <N>>,com.alibaba.json.bvt.parser.DefaultExtJSONParser_parseArray.test_7,java.lang.AssertionError || expected:<Sun Jan <N> <N>:<N>:<N> UTC <N>> but was:<Sun Jan <N> <N>:<N>:<N> UTC <N>> || com.alibaba.json.bvt.parser.DefaultExtJSONParser_parseArray.test_7,21,PASS,NO
com.alibaba.json.bvt.parser.DefaultJSONParserTest_error#test_error_3,FAIL,java.lang.AssertionError,expected:<Sun Jan <N> <N>:<N>:<N> UTC <N>> but was:<Sun Jan <N> <N>:<N>:<N> UTC <N>>,com.alibaba.json.bvt.parser.DefaultExtJSONParser_parseArray.test_7,java.lang.AssertionError || expected:<Sun Jan <N> <N>:<N>:<N> UTC <N>> but was:<Sun Jan <N> <N>:<N>:<N> UTC <N>> || com.alibaba.json.bvt.parser.DefaultExtJSONParser_parseArray.test_7,18,PASS,NO
com.alibaba.json.bvt.parser.EnumParserTest#test_0,FAIL,java.lang.AssertionError,expected:<Sun Jan <N> <N>:<N>:<N> UTC <N>> but was:<Sun Jan <N> <N>:<N>:<N> UTC <N>>,com.alibaba.json.bvt.parser.DefaultExtJSONParser_parseArray.test_7,java.lang.AssertionError || expected:<Sun Jan <N> <N>:<N>:<N> UTC <N>> but was:<Sun Jan <N> <N>:<N>:<N> UTC <N>> || com.alibaba.json.bvt.parser.DefaultExtJSONParser_parseArray.test_7,32,PASS,NO
com.alibaba.json.bvt.parser.EnumParserTest#test_1,FAIL,java.lang.AssertionError,expected:<Sun Jan <N> <N>:<N>:<N> UTC <N>> but was:<Sun Jan <N> <N>:<N>:<N> UTC <N>>,com.alibaba.json.bvt.parser.DefaultExtJSONParser_parseArray.test_7,java.lang.AssertionError || expected:<Sun Jan <N> <N>:<N>:<N> UTC <N>> but was:<Sun Jan <N> <N>:<N>:<N> UTC <N>> || com.alibaba.json.bvt.parser.DefaultExtJSONParser_parseArray.test_7,16,PASS,NO
com.alibaba.json.bvt.parser.EnumParserTest#test_error,FAIL,java.lang.AssertionError,expected:<Sun Jan <N> <N>:<N>:<N> UTC <N>> but was:<Sun Jan <N> <N>:<N>:<N> UTC <N>>,com.alibaba.json.bvt.parser.DefaultExtJSONParser_parseArray.test_7,java.lang.AssertionError || expected:<Sun Jan <N> <N>:<N>:<N> UTC <N>> but was:<Sun Jan <N> <N>:<N>:<N> UTC <N>> || com.alibaba.json.bvt.parser.DefaultExtJSONParser_parseArray.test_7,17,PASS,NO
com.alibaba.json.bvt.parser.EnumParserTest#test_error_1,FAIL,java.lang.AssertionError,expected:<Sun Jan <N> <N>:<N>:<N> UTC <N>> but was:<Sun Jan <N> <N>:<N>:<N> UTC <N>>,com.alibaba.json.bvt.parser.DefaultExtJSONParser_parseArray.test_7,java.lang.AssertionError || expected:<Sun Jan <N> <N>:<N>:<N> UTC <N>> but was:<Sun Jan <N> <N>:<N>:<N> UTC <N>> || com.alibaba.json.bvt.parser.DefaultExtJSONParser_parseArray.test_7,22,PASS,NO
com.alibaba.json.bvt.parser.EnumParserTest#test_error_2,FAIL,java.lang.AssertionError,expected:<Sun Jan <N> <N>:<N>:<N> UTC <N>> but was:<Sun Jan <N> <N>:<N>:<N> UTC <N>>,com.alibaba.json.bvt.parser.DefaultExtJSONParser_parseArray.test_7,java.lang.AssertionError || expected:<Sun Jan <N> <N>:<N>:<N> UTC <N>> but was:<Sun Jan <N> <N>:<N>:<N> UTC <N>> || com.alibaba.json.bvt.parser.DefaultExtJSONParser_parseArray.test_7,33,PASS,NO
com.alibaba.json.bvt.parser.EnumParserTest#test_error_3,FAIL,java.lang.AssertionError,expected:<Sun Jan <N> <N>:<N>:<N> UTC <N>> but was:<Sun Jan <N> <N>:<N>:<N> UTC <N>>,com.alibaba.json.bvt.parser.DefaultExtJSONParser_parseArray.test_7,java.lang.AssertionError || expected:<Sun Jan <N> <N>:<N>:<N> UTC <N>> but was:<Sun Jan <N> <N>:<N>:<N> UTC <N>> || com.alibaba.json.bvt.parser.DefaultExtJSONParser_parseArray.test_7,29,PASS,NO
com.alibaba.json.bvt.parser.EnumParserTest#test_error_4,FAIL,java.lang.AssertionError,expected:<Sun Jan <N> <N>:<N>:<N> UTC <N>> but was:<Sun Jan <N> <N>:<N>:<N> UTC <N>>,com.alibaba.json.bvt.parser.DefaultExtJSONParser_parseArray.test_7,java.lang.AssertionError || expected:<Sun Jan <N> <N>:<N>:<N> UTC <N>> but was:<Sun Jan <N> <N>:<N>:<N> UTC <N>> || com.alibaba.json.bvt.parser.DefaultExtJSONParser_parseArray.test_7,16,PASS,NO
com.alibaba.json.bvt.parser.FastMatchCheckTest#test_match,FAIL,java.lang.AssertionError,expected:<Sun Jan <N> <N>:<N>:<N> UTC <N>> but was:<Sun Jan <N> <N>:<N>:<N> UTC <N>>,com.alibaba.json.bvt.parser.DefaultExtJSONParser_parseArray.test_7,java.lang.AssertionError || expected:<Sun Jan <N> <N>:<N>:<N> UTC <N>> but was:<Sun Jan <N> <N>:<N>:<N> UTC <N>> || com.alibaba.json.bvt.parser.DefaultExtJSONParser_parseArray.test_7,226,PASS,NO
com.alibaba.json.bvt.parser.FeatureCountTest#testZ_0,FAIL,java.lang.AssertionError,expected:<Sun Jan <N> <N>:<N>:<N> UTC <N>> but was:<Sun Jan <N> <N>:<N>:<N> UTC <N>>,com.alibaba.json.bvt.parser.DefaultExtJSONParser_parseArray.test_7,java.lang.AssertionError || expected:<Sun Jan <N> <N>:<N>:<N> UTC <N>> but was:<Sun Jan <N> <N>:<N>:<N> UTC <N>> || com.alibaba.json.bvt.parser.DefaultExtJSONParser_parseArray.test_7,283,PASS,NO
com.alibaba.json.bvt.parser.FeatureParserTest#test_AllowSingleQuotes_0,FAIL,java.lang.AssertionError,expected:<Sun Jan <N> <N>:<N>:<N> UTC <N>> but was:<Sun Jan <N> <N>:<N>:<N> UTC <N>>,com.alibaba.json.bvt.parser.DefaultExtJSONParser_parseArray.test_7,java.lang.AssertionError || expected:<Sun Jan <N> <N>:<N>:<N> UTC <N>> but was:<Sun Jan <N> <N>:<N>:<N> UTC <N>> || com.alibaba.json.bvt.parser.DefaultExtJSONParser_parseArray.test_7,25,PASS,NO
com.alibaba.json.bvt.parser.FeatureParserTest#test_AllowSingleQuotes_1,FAIL,java.lang.AssertionError,expected:<Sun Jan <N> <N>:<N>:<N> UTC <N>> but was:<Sun Jan <N> <N>:<N>:<N> UTC <N>>,com.alibaba.json.bvt.parser.DefaultExtJSONParser_parseArray.test_7,java.lang.AssertionError || expected:<Sun Jan <N> <N>:<N>:<N> UTC <N>> but was:<Sun Jan <N> <N>:<N>:<N> UTC <N>> || com.alibaba.json.bvt.parser.DefaultExtJSONParser_parseArray.test_7,26,PASS,NO
com.alibaba.json.bvt.parser.FeatureParserTest#test_AllowUnQuotedFieldNames_0,FAIL,java.lang.AssertionError,expected:<Sun Jan <N> <N>:<N>:<N> UTC <N>> but was:<Sun Jan <N> <N>:<N>:<N> UTC <N>>,com.alibaba.json.bvt.parser.DefaultExtJSONParser_parseArray.test_7,java.lang.AssertionError || expected:<Sun Jan <N> <N>:<N>:<N> UTC <N>> but was:<Sun Jan <N> <N>:<N>:<N> UTC <N>> || com.alibaba.json.bvt.parser.DefaultExtJSONParser_parseArray.test_7,14,PASS,NO
com.alibaba.json.bvt.parser.FeatureParserTest#test_error_0,FAIL,java.lang.AssertionError,expected:<Sun Jan <N> <N>:<N>:<N> UTC <N>> but was:<Sun Jan <N> <N>:<N>:<N> UTC <N>>,com.alibaba.json.bvt.parser.DefaultExtJSONParser_parseArray.test_7,java.lang.AssertionError || expected:<Sun Jan <N> <N>:<N>:<N> UTC <N>> but was:<Sun Jan <N> <N>:<N>:<N> UTC <N>> || com.alibaba.json.bvt.parser.DefaultExtJSONParser_parseArray.test_7,23,PASS,NO
com.alibaba.json.bvt.parser.FeatureParserTest#test_error_1,FAIL,java.lang.AssertionError,expected:<Sun Jan <N> <N>:<N>:<N> UTC <N>> but was:<Sun Jan <N> <N>:<N>:<N> UTC <N>>,com.alibaba.json.bvt.parser.DefaultExtJSONParser_parseArray.test_7,java.lang.AssertionError || expected:<Sun Jan <N> <N>:<N>:<N> UTC <N>> but was:<Sun Jan <N> <N>:<N>:<N> UTC <N>> || com.alibaba.json.bvt.parser.DefaultExtJSONParser_parseArray.test_7,13,PASS,NO
com.alibaba.json.bvt.parser.FeatureParserTest#test_error_2,FAIL,java.lang.AssertionError,expected:<Sun Jan <N> <N>:<N>:<N> UTC <N>> but was:<Sun Jan <N> <N>:<N>:<N> UTC <N>>,com.alibaba.json.bvt.parser.DefaultExtJSONParser_parseArray.test_7,java.lang.AssertionError || expected:<Sun Jan <N> <N>:<N>:<N> UTC <N>> but was:<Sun Jan <N> <N>:<N>:<N> UTC <N>> || com.alibaba.json.bvt.parser.DefaultExtJSONParser_parseArray.test_7,22,PASS,NO
com.alibaba.json.bvt.parser.FeatureTest#test_config,FAIL,java.lang.AssertionError,expected:<Sun Jan <N> <N>:<N>:<N> UTC <N>> but was:<Sun Jan <N> <N>:<N>:<N> UTC <N>>,com.alibaba.json.bvt.parser.DefaultExtJSONParser_parseArray.test_7,java.lang.AssertionError || expected:<Sun Jan <N> <N>:<N>:<N> UTC <N>> but was:<Sun Jan <N> <N>:<N>:<N> UTC <N>> || com.alibaba.json.bvt.parser.DefaultExtJSONParser_parseArray.test_7,26,PASS,NO
com.alibaba.json.bvt.parser.FeatureTest#test_default,FAIL,java.lang.AssertionError,expected:<Sun Jan <N> <N>:<N>:<N> UTC <N>> but was:<Sun Jan <N> <N>:<N>:<N> UTC <N>>,com.alibaba.json.bvt.parser.DefaultExtJSONParser_parseArray.test_7,java.lang.AssertionError || expected:<Sun Jan <N> <N>:<N>:<N> UTC <N>> but was:<Sun Jan <N> <N>:<N>:<N> UTC <N>> || com.alibaba.json.bvt.parser.DefaultExtJSONParser_parseArray.test_7,25,PASS,NO
com.alibaba.json.bvt.parser.InetSocketAddressTest#test_parse,FAIL,java.lang.AssertionError,expected:<Sun Jan <N> <N>:<N>:<N> UTC <N>> but was:<Sun Jan <N> <N>:<N>:<N> UTC <N>>,com.alibaba.json.bvt.parser.DefaultExtJSONParser_parseArray.test_7,java.lang.AssertionError || expected:<Sun Jan <N> <N>:<N>:<N> UTC <N>> but was:<Sun Jan <N> <N>:<N>:<N> UTC <N>> || com.alibaba.json.bvt.parser.DefaultExtJSONParser_parseArray.test_7,28,PASS,NO
com.alibaba.json.bvt.parser.InetSocketAddressTest#test_parse_error,FAIL,java.lang.AssertionError,expected:<Sun Jan <N> <N>:<N>:<N> UTC <N>> but was:<Sun Jan <N> <N>:<N>:<N> UTC <N>>,com.alibaba.json.bvt.parser.DefaultExtJSONParser_parseArray.test_7,java.lang.AssertionError || expected:<Sun Jan <N> <N>:<N>:<N> UTC <N>> but was:<Sun Jan <N> <N>:<N>:<N> UTC <N>> || com.alibaba.json.bvt.parser.DefaultExtJSONParser_parseArray.test_7,23,PASS,NO
com.alibaba.json.bvt.parser.JSONArrayParseTest#test_array,FAIL,java.lang.AssertionError,expected:<Sun Jan <N> <N>:<N>:<N> UTC <N>> but was:<Sun Jan <N> <N>:<N>:<N> UTC <N>>,com.alibaba.json.bvt.parser.DefaultExtJSONParser_parseArray.test_7,java.lang.AssertionError || expected:<Sun Jan <N> <N>:<N>:<N> UTC <N>> but was:<Sun Jan <N> <N>:<N>:<N> UTC <N>> || com.alibaba.json.bvt.parser.DefaultExtJSONParser_parseArray.test_7,32,PASS,NO
com.alibaba.json.bvt.parser.JSONLexerAllowCommentTest#test_0,FAIL,java.lang.AssertionError,expected:<Sun Jan <N> <N>:<N>:<N> UTC <N>> but was:<Sun Jan <N> <N>:<N>:<N> UTC <N>>,com.alibaba.json.bvt.parser.DefaultExtJSONParser_parseArray.test_7,java.lang.AssertionError || expected:<Sun Jan <N> <N>:<N>:<N> UTC <N>> but was:<Sun Jan <N> <N>:<N>:<N> UTC <N>> || com.alibaba.json.bvt.parser.DefaultExtJSONParser_parseArray.test_7,18,PASS,NO
com.alibaba.json.bvt.parser.JSONLexerAllowCommentTest#test_1,FAIL,java.lang.AssertionError,expected:<Sun Jan <N> <N>:<N>:<N> UTC <N>> but was:<Sun Jan <N> <N>:<N>:<N> UTC <N>>,com.alibaba.json.bvt.parser.DefaultExtJSONParser_parseArray.test_7,java.lang.AssertionError || expected:<Sun Jan <N> <N>:<N>:<N> UTC <N>> but was:<Sun Jan <N> <N>:<N>:<N> UTC <N>> || com.alibaba.json.bvt.parser.DefaultExtJSONParser_parseArray.test_7,14,PASS,NO
com.alibaba.json.bvt.parser.JSONLexerTest#test_0,FAIL,java.lang.AssertionError,expected:<Sun Jan <N> <N>:<N>:<N> UTC <N>> but was:<Sun Jan <N> <N>:<N>:<N> UTC <N>>,com.alibaba.json.bvt.parser.DefaultExtJSONParser_parseArray.test_7,java.lang.AssertionError || expected:<Sun Jan <N> <N>:<N>:<N> UTC <N>> but was:<Sun Jan <N> <N>:<N>:<N> UTC <N>> || com.alibaba.json.bvt.parser.DefaultExtJSONParser_parseArray.test_7,22,PASS,NO
com.alibaba.json.bvt.parser.JSONLexerTest_10#test_a,FAIL,java.lang.AssertionError,expected:<Sun Jan <N> <N>:<N>:<N> UTC <N>> but was:<Sun Jan <N> <N>:<N>:<N> UTC <N>>,com.alibaba.json.bvt.parser.DefaultExtJSONParser_parseArray.test_7,java.lang.AssertionError || expected:<Sun Jan <N> <N>:<N>:<N> UTC <N>> but was:<Sun Jan <N> <N>:<N>:<N> UTC <N>> || com.alibaba.json.bvt.parser.DefaultExtJSONParser_parseArray.test_7,19,PASS,NO
com.alibaba.json.bvt.parser.JSONLexerTest_11#test_a,FAIL,java.lang.AssertionError,expected:<Sun Jan <N> <N>:<N>:<N> UTC <N>> but was:<Sun Jan <N> <N>:<N>:<N> UTC <N>>,com.alibaba.json.bvt.parser.DefaultExtJSONParser_parseArray.test_7,java.lang.AssertionError || expected:<Sun Jan <N> <N>:<N>:<N> UTC <N>> but was:<Sun Jan <N> <N>:<N>:<N> UTC <N>> || com.alibaba.json.bvt.parser.DefaultExtJSONParser_parseArray.test_7,21,PASS,NO
com.alibaba.json.bvt.parser.JSONLexerTest_12#test_a,FAIL,java.lang.AssertionError,expected:<Sun Jan <N> <N>:<N>:<N> UTC <N>> but was:<Sun Jan <N> <N>:<N>:<N> UTC <N>>,com.alibaba.json.bvt.parser.DefaultExtJSONParser_parseArray.test_7,java.lang.AssertionError || expected:<Sun Jan <N> <N>:<N>:<N> UTC <N>> but was:<Sun Jan <N> <N>:<N>:<N> UTC <N>> || com.alibaba.json.bvt.parser.DefaultExtJSONParser_parseArray.test_7,34,PASS,NO
com.alibaba.json.bvt.parser.JSONLexerTest_12#test_error,FAIL,java.lang.AssertionError,expected:<Sun Jan <N> <N>:<N>:<N> UTC <N>> but was:<Sun Jan <N> <N>:<N>:<N> UTC <N>>,com.alibaba.json.bvt.parser.DefaultExtJSONParser_parseArray.test_7,java.lang.AssertionError || expected:<Sun Jan <N> <N>:<N>:<N> UTC <N>> but was:<Sun Jan <N> <N>:<N>:<N> UTC <N>> || com.alibaba.json.bvt.parser.DefaultExtJSONParser_parseArray.test_7,19,PASS,NO
com.alibaba.json.bvt.parser.JSONLexerTest_12#test_error_2,FAIL,java.lang.AssertionError,expected:<Sun Jan <N> <N>:<N>:<N> UTC <N>> but was:<Sun Jan <N> <N>:<N>:<N> UTC <N>>,com.alibaba.json.bvt.parser.DefaultExtJSONParser_parseArray.test_7,java.lang.AssertionError || expected:<Sun Jan <N> <N>:<N>:<N> UTC <N>> but was:<Sun Jan <N> <N>:<N>:<N> UTC <N>> || com.alibaba.json.bvt.parser.DefaultExtJSONParser_parseArray.test_7,21,PASS,NO
com.alibaba.json.bvt.parser.JSONLexerTest_12#test_error_3,FAIL,java.lang.AssertionError,expected:<Sun Jan <N> <N>:<N>:<N> UTC <N>> but was:<Sun Jan <N> <N>:<N>:<N> UTC <N>>,com.alibaba.json.bvt.parser.DefaultExtJSONParser_parseArray.test_7,java.lang.AssertionError || expected:<Sun Jan <N> <N>:<N>:<N> UTC <N>> but was:<Sun Jan <N> <N>:<N>:<N> UTC <N>> || com.alibaba.json.bvt.parser.DefaultExtJSONParser_parseArray.test_7,22,PASS,NO
com.alibaba.json.bvt.parser.JSONLexerTest_13#test_E,FAIL,java.lang.AssertionError,expected:<Sun Jan <N> <N>:<N>:<N> UTC <N>> but was:<Sun Jan <N> <N>:<N>:<N> UTC <N>>,com.alibaba.json.bvt.parser.DefaultExtJSONParser_parseArray.test_7,java.lang.AssertionError || expected:<Sun Jan <N> <N>:<N>:<N> UTC <N>> but was:<Sun Jan <N> <N>:<N>:<N> UTC <N>> || com.alibaba.json.bvt.parser.DefaultExtJSONParser_parseArray.test_7,37,PASS,NO
com.alibaba.json.bvt.parser.JSONLexerTest_13#test_E_minus,FAIL,java.lang.AssertionError,expected:<Sun Jan <N> <N>:<N>:<N> UTC <N>> but was:<Sun Jan <N> <N>:<N>:<N> UTC <N>>,com.alibaba.json.bvt.parser.DefaultExtJSONParser_parseArray.test_7,java.lang.AssertionError || expected:<Sun Jan <N> <N>:<N>:<N> UTC <N>> but was:<Sun Jan <N> <N>:<N>:<N> UTC <N>> || com.alibaba.json.bvt.parser.DefaultExtJSONParser_parseArray.test_7,36,PASS,NO
com.alibaba.json.bvt.parser.JSONLexerTest_13#test_E_plus,FAIL,java.lang.AssertionError,expected:<Sun Jan <N> <N>:<N>:<N> UTC <N>> but was:<Sun Jan <N> <N>:<N>:<N> UTC <N>>,com.alibaba.json.bvt.parser.DefaultExtJSONParser_parseArray.test_7,java.lang.AssertionError || expected:<Sun Jan <N> <N>:<N>:<N> UTC <N>> but was:<Sun Jan <N> <N>:<N>:<N> UTC <N>> || com.alibaba.json.bvt.parser.DefaultExtJSONParser_parseArray.test_7,18,PASS,NO
com.alibaba.json.bvt.parser.JSONLexerTest_13#test_e,FAIL,java.lang.AssertionError,expected:<Sun Jan <N> <N>:<N>:<N> UTC <N>> but was:<Sun Jan <N> <N>:<N>:<N> UTC <N>>,com.alibaba.json.bvt.parser.DefaultExtJSONParser_parseArray.test_7,java.lang.AssertionError || expected:<Sun Jan <N> <N>:<N>:<N> UTC <N>> but was:<Sun Jan <N> <N>:<N>:<N> UTC <N>> || com.alibaba.json.bvt.parser.DefaultExtJSONParser_parseArray.test_7,30,PASS,NO
com.alibaba.json.bvt.parser.JSONLexerTest_13#test_e_minus,FAIL,java.lang.AssertionError,expected:<Sun Jan <N> <N>:<N>:<N> UTC <N>> but was:<Sun Jan <N> <N>:<N>:<N> UTC <N>>,com.alibaba.json.bvt.parser.DefaultExtJSONParser_parseArray.test_7,java.lang.AssertionError || expected:<Sun Jan <N> <N>:<N>:<N> UTC <N>> but was:<Sun Jan <N> <N>:<N>:<N> UTC <N>> || com.alibaba.json.bvt.parser.DefaultExtJSONParser_parseArray.test_7,30,PASS,NO
com.alibaba.json.bvt.parser.JSONLexerTest_13#test_e_plus,FAIL,java.lang.AssertionError,expected:<Sun Jan <N> <N>:<N>:<N> UTC <N>> but was:<Sun Jan <N> <N>:<N>:<N> UTC <N>>,com.alibaba.json.bvt.parser.DefaultExtJSONParser_parseArray.test_7,java.lang.AssertionError || expected:<Sun Jan <N> <N>:<N>:<N> UTC <N>> but was:<Sun Jan <N> <N>:<N>:<N> UTC <N>> || com.alibaba.json.bvt.parser.DefaultExtJSONParser_parseArray.test_7,34,PASS,NO
com.alibaba.json.bvt.parser.JSONLexerTest_13#test_error_3,FAIL,java.lang.AssertionError,expected:<Sun Jan <N> <N>:<N>:<N> UTC <N>> but was:<Sun Jan <N> <N>:<N>:<N> UTC <N>>,com.alibaba.json.bvt.parser.DefaultExtJSONParser_parseArray.test_7,java.lang.AssertionError || expected:<Sun Jan <N> <N>:<N>:<N> UTC <N>> but was:<Sun Jan <N> <N>:<N>:<N> UTC <N>> || com.alibaba.json.bvt.parser.DefaultExtJSONParser_parseArray.test_7,27,PASS,NO
com.alibaba.json.bvt.parser.JSONLexerTest_14#test_e,FAIL,java.lang.AssertionError,expected:<Sun Jan <N> <N>:<N>:<N> UTC <N>> but was:<Sun Jan <N> <N>:<N>:<N> UTC <N>>,com.alibaba.json.bvt.parser.DefaultExtJSONParser_parseArray.test_7,java.lang.AssertionError || expected:<Sun Jan <N> <N>:<N>:<N> UTC <N>> but was:<Sun Jan <N> <N>:<N>:<N> UTC <N>> || com.alibaba.json.bvt.parser.DefaultExtJSONParser_parseArray.test_7,20,PASS,NO
com.alibaba.json.bvt.parser.JSONLexerTest_15#test_e,FAIL,java.lang.AssertionError,expected:<Sun Jan <N> <N>:<N>:<N> UTC <N>> but was:<Sun Jan <N> <N>:<N>:<N> UTC <N>>,com.alibaba.json.bvt.parser.DefaultExtJSONParser_parseArray.test_7,java.lang.AssertionError || expected:<Sun Jan <N> <N>:<N>:<N> UTC <N>> but was:<Sun Jan <N> <N>:<N>:<N> UTC <N>> || com.alibaba.json.bvt.parser.DefaultExtJSONParser_parseArray.test_7,19,PASS,NO
com.alibaba.json.bvt.parser.JSONLexerTest_16#test_0,FAIL,java.lang.AssertionError,expected:<Sun Jan <N> <N>:<N>:<N> UTC <N>> but was:<Sun Jan <N> <N>:<N>:<N> UTC <N>>,com.alibaba.json.bvt.parser.DefaultExtJSONParser_parseArray.test_7,java.lang.AssertionError || expected:<Sun Jan <N> <N>:<N>:<N> UTC <N>> but was:<Sun Jan <N> <N>:<N>:<N> UTC <N>> || com.alibaba.json.bvt.parser.DefaultExtJSONParser_parseArray.test_7,13,PASS,NO
com.alibaba.json.bvt.parser.JSONLexerTest_16#test_1,FAIL,java.lang.AssertionError,expected:<Sun Jan <N> <N>:<N>:<N> UTC <N>> but was:<Sun Jan <N> <N>:<N>:<N> UTC <N>>,com.alibaba.json.bvt.parser.DefaultExtJSONParser_parseArray.test_7,java.lang.AssertionError || expected:<Sun Jan <N> <N>:<N>:<N> UTC <N>> but was:<Sun Jan <N> <N>:<N>:<N> UTC <N>> || com.alibaba.json.bvt.parser.DefaultExtJSONParser_parseArray.test_7,27,PASS,NO
com.alibaba.json.bvt.parser.JSONLexerTest_16#test_10,FAIL,java.lang.AssertionError,expected:<Sun Jan <N> <N>:<N>:<N> UTC <N>> but was:<Sun Jan <N> <N>:<N>:<N> UTC <N>>,com.alibaba.json.bvt.parser.DefaultExtJSONParser_parseArray.test_7,java.lang.AssertionError || expected:<Sun Jan <N> <N>:<N>:<N> UTC <N>> but was:<Sun Jan <N> <N>:<N>:<N> UTC <N>> || com.alibaba.json.bvt.parser.DefaultExtJSONParser_parseArray.test_7,42,PASS,NO
com.alibaba.json.bvt.parser.JSONLexerTest_16#test_2,FAIL,java.lang.AssertionError,expected:<Sun Jan <N> <N>:<N>:<N> UTC <N>> but was:<Sun Jan <N> <N>:<N>:<N> UTC <N>>,com.alibaba.json.bvt.parser.DefaultExtJSONParser_parseArray.test_7,java.lang.AssertionError || expected:<Sun Jan <N> <N>:<N>:<N> UTC <N>> but was:<Sun Jan <N> <N>:<N>:<N> UTC <N>> || com.alibaba.json.bvt.parser.DefaultExtJSONParser_parseArray.test_7,19,PASS,NO
com.alibaba.json.bvt.parser.JSONLexerTest_16#test_3,FAIL,java.lang.AssertionError,expected:<Sun Jan <N> <N>:<N>:<N> UTC <N>> but was:<Sun Jan <N> <N>:<N>:<N> UTC <N>>,com.alibaba.json.bvt.parser.DefaultExtJSONParser_parseArray.test_7,java.lang.AssertionError || expected:<Sun Jan <N> <N>:<N>:<N> UTC <N>> but was:<Sun Jan <N> <N>:<N>:<N> UTC <N>> || com.alibaba.json.bvt.parser.DefaultExtJSONParser_parseArray.test_7,13,PASS,NO
com.alibaba.json.bvt.parser.JSONLexerTest_16#test_39,FAIL,java.lang.AssertionError,expected:<Sun Jan <N> <N>:<N>:<N> UTC <N>> but was:<Sun Jan <N> <N>:<N>:<N> UTC <N>>,com.alibaba.json.bvt.parser.DefaultExtJSONParser_parseArray.test_7,java.lang.AssertionError || expected:<Sun Jan <N> <N>:<N>:<N> UTC <N>> but was:<Sun Jan <N> <N>:<N>:<N> UTC <N>> || com.alibaba.json.bvt.parser.DefaultExtJSONParser_parseArray.test_7,23,PASS,NO
com.alibaba.json.bvt.parser.JSONLexerTest_16#test_4,FAIL,java.lang.AssertionError,expected:<Sun Jan <N> <N>:<N>:<N> UTC <N>> but was:<Sun Jan <N> <N>:<N>:<N> UTC <N>>,com.alibaba.json.bvt.parser.DefaultExtJSONParser_parseArray.test_7,java.lang.AssertionError || expected:<Sun Jan <N> <N>:<N>:<N> UTC <N>> but was:<Sun Jan <N> <N>:<N>:<N> UTC <N>> || com.alibaba.json.bvt.parser.DefaultExtJSONParser_parseArray.test_7,29,PASS,NO
com.alibaba.json.bvt.parser.JSONLexerTest_16#test_40,FAIL,java.lang.AssertionError,expected:<Sun Jan <N> <N>:<N>:<N> UTC <N>> but was:<Sun Jan <N> <N>:<N>:<N> UTC <N>>,com.alibaba.json.bvt.parser.DefaultExtJSONParser_parseArray.test_7,java.lang.AssertionError || expected:<Sun Jan <N> <N>:<N>:<N> UTC <N>> but was:<Sun Jan <N> <N>:<N>:<N> UTC <N>> || com.alibaba.json.bvt.parser.DefaultExtJSONParser_parseArray.test_7,14,PASS,NO
com.alibaba.json.bvt.parser.JSONLexerTest_16#test_5,FAIL,java.lang.AssertionError,expected:<Sun Jan <N> <N>:<N>:<N> UTC <N>> but was:<Sun Jan <N> <N>:<N>:<N> UTC <N>>,com.alibaba.json.bvt.parser.DefaultExtJSONParser_parseArray.test_7,java.lang.AssertionError || expected:<Sun Jan <N> <N>:<N>:<N> UTC <N>> but was:<Sun Jan <N> <N>:<N>:<N> UTC <N>> || com.alibaba.json.bvt.parser.DefaultExtJSONParser_parseArray.test_7,13,PASS,NO
com.alibaba.json.bvt.parser.JSONLexerTest_16#test_6,FAIL,java.lang.AssertionError,expected:<Sun Jan <N> <N>:<N>:<N> UTC <N>> but was:<Sun Jan <N> <N>:<N>:<N> UTC <N>>,com.alibaba.json.bvt.parser.DefaultExtJSONParser_parseArray.test_7,java.lang.AssertionError || expected:<Sun Jan <N> <N>:<N>:<N> UTC <N>> but was:<Sun Jan <N> <N>:<N>:<N> UTC <N>> || com.alibaba.json.bvt.parser.DefaultExtJSONParser_parseArray.test_7,16,PASS,NO
com.alibaba.json.bvt.parser.JSONLexerTest_16#test_7,FAIL,java.lang.AssertionError,expected:<Sun Jan <N> <N>:<N>:<N> UTC <N>> but was:<Sun Jan <N> <N>:<N>:<N> UTC <N>>,com.alibaba.json.bvt.parser.DefaultExtJSONParser_parseArray.test_7,java.lang.AssertionError || expected:<Sun Jan <N> <N>:<N>:<N> UTC <N>> but was:<Sun Jan <N> <N>:<N>:<N> UTC <N>> || com.alibaba.json.bvt.parser.DefaultExtJSONParser_parseArray.test_7,15,PASS,NO
com.alibaba.json.bvt.parser.JSONLexerTest_16#test_8,FAIL,java.lang.AssertionError,expected:<Sun Jan <N> <N>:<N>:<N> UTC <N>> but was:<Sun Jan <N> <N>:<N>:<N> UTC <N>>,com.alibaba.json.bvt.parser.DefaultExtJSONParser_parseArray.test_7,java.lang.AssertionError || expected:<Sun Jan <N> <N>:<N>:<N> UTC <N>> but was:<Sun Jan <N> <N>:<N>:<N> UTC <N>> || com.alibaba.json.bvt.parser.DefaultExtJSONParser_parseArray.test_7,19,PASS,NO
com.alibaba.json.bvt.parser.JSONLexerTest_16#test_9,FAIL,java.lang.AssertionError,expected:<Sun Jan <N> <N>:<N>:<N> UTC <N>> but was:<Sun Jan <N> <N>:<N>:<N> UTC <N>>,com.alibaba.json.bvt.parser.DefaultExtJSONParser_parseArray.test_7,java.lang.AssertionError || expected:<Sun Jan <N> <N>:<N>:<N> UTC <N>> but was:<Sun Jan <N> <N>:<N>:<N> UTC <N>> || com.alibaba.json.bvt.parser.DefaultExtJSONParser_parseArray.test_7,19,PASS,NO
com.alibaba.json.bvt.parser.JSONLexerTest_2#test_0,FAIL,java.lang.AssertionError,expected:<Sun Jan <N> <N>:<N>:<N> UTC <N>> but was:<Sun Jan <N> <N>:<N>:<N> UTC <N>>,com.alibaba.json.bvt.parser.DefaultExtJSONParser_parseArray.test_7,java.lang.AssertionError || expected:<Sun Jan <N> <N>:<N>:<N> UTC <N>> but was:<Sun Jan <N> <N>:<N>:<N> UTC <N>> || com.alibaba.json.bvt.parser.DefaultExtJSONParser_parseArray.test_7,15,PASS,NO
com.alibaba.json.bvt.parser.JSONLexerTest_2#test_1,FAIL,java.lang.AssertionError,expected:<Sun Jan <N> <N>:<N>:<N> UTC <N>> but was:<Sun Jan <N> <N>:<N>:<N> UTC <N>>,com.alibaba.json.bvt.parser.DefaultExtJSONParser_parseArray.test_7,java.lang.AssertionError || expected:<Sun Jan <N> <N>:<N>:<N> UTC <N>> but was:<Sun Jan <N> <N>:<N>:<N> UTC <N>> || com.alibaba.json.bvt.parser.DefaultExtJSONParser_parseArray.test_7,39,PASS,NO
com.alibaba.json.bvt.parser.JSONLexerTest_2#test_2,FAIL,java.lang.AssertionError,expected:<Sun Jan <N> <N>:<N>:<N> UTC <N>> but was:<Sun Jan <N> <N>:<N>:<N> UTC <N>>,com.alibaba.json.bvt.parser.DefaultExtJSONParser_parseArray.test_7,java.lang.AssertionError || expected:<Sun Jan <N> <N>:<N>:<N> UTC <N>> but was:<Sun Jan <N> <N>:<N>:<N> UTC <N>> || com.alibaba.json.bvt.parser.DefaultExtJSONParser_parseArray.test_7,28,PASS,NO
com.alibaba.json.bvt.parser.JSONLexerTest_2#test_a,FAIL,java.lang.AssertionError,expected:<Sun Jan <N> <N>:<N>:<N> UTC <N>> but was:<Sun Jan <N> <N>:<N>:<N> UTC <N>>,com.alibaba.json.bvt.parser.DefaultExtJSONParser_parseArray.test_7,java.lang.AssertionError || expected:<Sun Jan <N> <N>:<N>:<N> UTC <N>> but was:<Sun Jan <N> <N>:<N>:<N> UTC <N>> || com.alibaba.json.bvt.parser.DefaultExtJSONParser_parseArray.test_7,15,PASS,NO
com.alibaba.json.bvt.parser.JSONLexerTest_2#test_error,FAIL,java.lang.AssertionError,expected:<Sun Jan <N> <N>:<N>:<N> UTC <N>> but was:<Sun Jan <N> <N>:<N>:<N> UTC <N>>,com.alibaba.json.bvt.parser.DefaultExtJSONParser_parseArray.test_7,java.lang.AssertionError || expected:<Sun Jan <N> <N>:<N>:<N> UTC <N>> but was:<Sun Jan <N> <N>:<N>:<N> UTC <N>> || com.alibaba.json.bvt.parser.DefaultExtJSONParser_parseArray.test_7,15,PASS,NO
com.alibaba.json.bvt.parser.JSONLexerTest_2#test_list,FAIL,java.lang.AssertionError,expected:<Sun Jan <N> <N>:<N>:<N> UTC <N>> but was:<Sun Jan <N> <N>:<N>:<N> UTC <N>>,com.alibaba.json.bvt.parser.DefaultExtJSONParser_parseArray.test_7,java.lang.AssertionError || expected:<Sun Jan <N> <N>:<N>:<N> UTC <N>> but was:<Sun Jan <N> <N>:<N>:<N> UTC <N>> || com.alibaba.json.bvt.parser.DefaultExtJSONParser_parseArray.test_7,44,PASS,NO
com.alibaba.json.bvt.parser.JSONLexerTest_2#test_list_2,FAIL,java.lang.AssertionError,expected:<Sun Jan <N> <N>:<N>:<N> UTC <N>> but was:<Sun Jan <N> <N>:<N>:<N> UTC <N>>,com.alibaba.json.bvt.parser.DefaultExtJSONParser_parseArray.test_7,java.lang.AssertionError || expected:<Sun Jan <N> <N>:<N>:<N> UTC <N>> but was:<Sun Jan <N> <N>:<N>:<N> UTC <N>> || com.alibaba.json.bvt.parser.DefaultExtJSONParser_parseArray.test_7,27,PASS,NO
com.alibaba.json.bvt.parser.JSONLexerTest_3#test_matchField,FAIL,java.lang.AssertionError,expected:<Sun Jan <N> <N>:<N>:<N> UTC <N>> but was:<Sun Jan <N> <N>:<N>:<N> UTC <N>>,com.alibaba.json.bvt.parser.DefaultExtJSONParser_parseArray.test_7,java.lang.AssertionError || expected:<Sun Jan <N> <N>:<N>:<N> UTC <N>> but was:<Sun Jan <N> <N>:<N>:<N> UTC <N>> || com.alibaba.json.bvt.parser.DefaultExtJSONParser_parseArray.test_7,29,PASS,NO
com.alibaba.json.bvt.parser.JSONLexerTest_4#test_scanFieldString,FAIL,java.lang.AssertionError,expected:<Sun Jan <N> <N>:<N>:<N> UTC <N>> but was:<Sun Jan <N> <N>:<N>:<N> UTC <N>>,com.alibaba.json.bvt.parser.DefaultExtJSONParser_parseArray.test_7,java.lang.AssertionError || expected:<Sun Jan <N> <N>:<N>:<N> UTC <N>> but was:<Sun Jan <N> <N>:<N>:<N> UTC <N>> || com.alibaba.json.bvt.parser.DefaultExtJSONParser_parseArray.test_7,17,PASS,NO
com.alibaba.json.bvt.parser.JSONLexerTest_5#test_scanFieldString,FAIL,java.lang.AssertionError,expected:<Sun Jan <N> <N>:<N>:<N> UTC <N>> but was:<Sun Jan <N> <N>:<N>:<N> UTC <N>>,com.alibaba.json.bvt.parser.DefaultExtJSONParser_parseArray.test_7,java.lang.AssertionError || expected:<Sun Jan <N> <N>:<N>:<N> UTC <N>> but was:<Sun Jan <N> <N>:<N>:<N> UTC <N>> || com.alibaba.json.bvt.parser.DefaultExtJSONParser_parseArray.test_7,20,PASS,NO
com.alibaba.json.bvt.parser.JSONLexerTest_6#test_scanFieldString,FAIL,java.lang.AssertionError,expected:<Sun Jan <N> <N>:<N>:<N> UTC <N>> but was:<Sun Jan <N> <N>:<N>:<N> UTC <N>>,com.alibaba.json.bvt.parser.DefaultExtJSONParser_parseArray.test_7,java.lang.AssertionError || expected:<Sun Jan <N> <N>:<N>:<N> UTC <N>> but was:<Sun Jan <N> <N>:<N>:<N> UTC <N>> || com.alibaba.json.bvt.parser.DefaultExtJSONParser_parseArray.test_7,17,PASS,NO
com.alibaba.json.bvt.parser.JSONLexerTest_7#test_error,FAIL,java.lang.AssertionError,expected:<Sun Jan <N> <N>:<N>:<N> UTC <N>> but was:<Sun Jan <N> <N>:<N>:<N> UTC <N>>,com.alibaba.json.bvt.parser.DefaultExtJSONParser_parseArray.test_7,java.lang.AssertionError || expected:<Sun Jan <N> <N>:<N>:<N> UTC <N>> but was:<Sun Jan <N> <N>:<N>:<N> UTC <N>> || com.alibaba.json.bvt.parser.DefaultExtJSONParser_parseArray.test_7,20,PASS,NO
com.alibaba.json.bvt.parser.JSONLexerTest_7#test_error_1,FAIL,java.lang.AssertionError,expected:<Sun Jan <N> <N>:<N>:<N> UTC <N>> but was:<Sun Jan <N> <N>:<N>:<N> UTC <N>>,com.alibaba.json.bvt.parser.DefaultExtJSONParser_parseArray.test_7,java.lang.AssertionError || expected:<Sun Jan <N> <N>:<N>:<N> UTC <N>> but was:<Sun Jan <N> <N>:<N>:<N> UTC <N>> || com.alibaba.json.bvt.parser.DefaultExtJSONParser_parseArray.test_7,32,PASS,NO
com.alibaba.json.bvt.parser.JSONLexerTest_7#test_error_2,FAIL,java.lang.AssertionError,expected:<Sun Jan <N> <N>:<N>:<N> UTC <N>> but was:<Sun Jan <N> <N>:<N>:<N> UTC <N>>,com.alibaba.json.bvt.parser.DefaultExtJSONParser_parseArray.test_7,java.lang.AssertionError || expected:<Sun Jan <N> <N>:<N>:<N> UTC <N>> but was:<Sun Jan <N> <N>:<N>:<N> UTC <N>> || com.alibaba.json.bvt.parser.DefaultExtJSONParser_parseArray.test_7,20,PASS,NO
com.alibaba.json.bvt.parser.JSONLexerTest_7#test_error_3,FAIL,java.lang.AssertionError,expected:<Sun Jan <N> <N>:<N>:<N> UTC <N>> but was:<Sun Jan <N> <N>:<N>:<N> UTC <N>>,com.alibaba.json.bvt.parser.DefaultExtJSONParser_parseArray.test_7,java.lang.AssertionError || expected:<Sun Jan <N> <N>:<N>:<N> UTC <N>> but was:<Sun Jan <N> <N>:<N>:<N> UTC <N>> || com.alibaba.json.bvt.parser.DefaultExtJSONParser_parseArray.test_7,13,PASS,NO
com.alibaba.json.bvt.parser.JSONLexerTest_7#test_error_4,FAIL,java.lang.AssertionError,expected:<Sun Jan <N> <N>:<N>:<N> UTC <N>> but was:<Sun Jan <N> <N>:<N>:<N> UTC <N>>,com.alibaba.json.bvt.parser.DefaultExtJSONParser_parseArray.test_7,java.lang.AssertionError || expected:<Sun Jan <N> <N>:<N>:<N> UTC <N>> but was:<Sun Jan <N> <N>:<N>:<N> UTC <N>> || com.alibaba.json.bvt.parser.DefaultExtJSONParser_parseArray.test_7,20,PASS,NO
com.alibaba.json.bvt.parser.JSONLexerTest_7#test_error_5,FAIL,java.lang.AssertionError,expected:<Sun Jan <N> <N>:<N>:<N> UTC <N>> but was:<Sun Jan <N> <N>:<N>:<N> UTC <N>>,com.alibaba.json.bvt.parser.DefaultExtJSONParser_parseArray.test_7,java.lang.AssertionError || expected:<Sun Jan <N> <N>:<N>:<N> UTC <N>> but was:<Sun Jan <N> <N>:<N>:<N> UTC <N>> || com.alibaba.json.bvt.parser.DefaultExtJSONParser_parseArray.test_7,30,PASS,NO
com.alibaba.json.bvt.parser.JSONLexerTest_7#test_error_6,FAIL,java.lang.AssertionError,expected:<Sun Jan <N> <N>:<N>:<N> UTC <N>> but was:<Sun Jan <N> <N>:<N>:<N> UTC <N>>,com.alibaba.json.bvt.parser.DefaultExtJSONParser_parseArray.test_7,java.lang.AssertionError || expected:<Sun Jan <N> <N>:<N>:<N> UTC <N>> but was:<Sun Jan <N> <N>:<N>:<N> UTC <N>> || com.alibaba.json.bvt.parser.DefaultExtJSONParser_parseArray.test_7,22,PASS,NO
com.alibaba.json.bvt.parser.JSONLexerTest_7#test_error_7,FAIL,java.lang.AssertionError,expected:<Sun Jan <N> <N>:<N>:<N> UTC <N>> but was:<Sun Jan <N> <N>:<N>:<N> UTC <N>>,com.alibaba.json.bvt.parser.DefaultExtJSONParser_parseArray.test_7,java.lang.AssertionError || expected:<Sun Jan <N> <N>:<N>:<N> UTC <N>> but was:<Sun Jan <N> <N>:<N>:<N> UTC <N>> || com.alibaba.json.bvt.parser.DefaultExtJSONParser_parseArray.test_7,19,PASS,NO
com.alibaba.json.bvt.parser.JSONLexerTest_7#test_treeSet,FAIL,java.lang.AssertionError,expected:<Sun Jan <N> <N>:<N>:<N> UTC <N>> but was:<Sun Jan <N> <N>:<N>:<N> UTC <N>>,com.alibaba.json.bvt.parser.DefaultExtJSONParser_parseArray.test_7,java.lang.AssertionError || expected:<Sun Jan <N> <N>:<N>:<N> UTC <N>> but was:<Sun Jan <N> <N>:<N>:<N> UTC <N>> || com.alibaba.json.bvt.parser.DefaultExtJSONParser_parseArray.test_7,25,PASS,NO
com.alibaba.json.bvt.parser.JSONLexerTest_8#test_ident,FAIL,java.lang.AssertionError,expected:<Sun Jan <N> <N>:<N>:<N> UTC <N>> but was:<Sun Jan <N> <N>:<N>:<N> UTC <N>>,com.alibaba.json.bvt.parser.DefaultExtJSONParser_parseArray.test_7,java.lang.AssertionError || expected:<Sun Jan <N> <N>:<N>:<N> UTC <N>> but was:<Sun Jan <N> <N>:<N>:<N> UTC <N>> || com.alibaba.json.bvt.parser.DefaultExtJSONParser_parseArray.test_7,170,PASS,NO
com.alibaba.json.bvt.parser.JSONLexerTest_8#test_ident_2,FAIL,java.lang.AssertionError,expected:<Sun Jan <N> <N>:<N>:<N> UTC <N>> but was:<Sun Jan <N> <N>:<N>:<N> UTC <N>>,com.alibaba.json.bvt.parser.DefaultExtJSONParser_parseArray.test_7,java.lang.AssertionError || expected:<Sun Jan <N> <N>:<N>:<N> UTC <N>> but was:<Sun Jan <N> <N>:<N>:<N> UTC <N>> || com.alibaba.json.bvt.parser.DefaultExtJSONParser_parseArray.test_7,190,PASS,NO
com.alibaba.json.bvt.parser.JSONLexerTest_8#test_ident_3,FAIL,java.lang.AssertionError,expected:<Sun Jan <N> <N>:<N>:<N> UTC <N>> but was:<Sun Jan <N> <N>:<N>:<N> UTC <N>>,com.alibaba.json.bvt.parser.DefaultExtJSONParser_parseArray.test_7,java.lang.AssertionError || expected:<Sun Jan <N> <N>:<N>:<N> UTC <N>> but was:<Sun Jan <N> <N>:<N>:<N> UTC <N>> || com.alibaba.json.bvt.parser.DefaultExtJSONParser_parseArray.test_7,210,PASS,NO
com.alibaba.json.bvt.parser.JSONLexerTest_9#test_a,FAIL,java.lang.AssertionError,expected:<Sun Jan <N> <N>:<N>:<N> UTC <N>> but was:<Sun Jan <N> <N>:<N>:<N> UTC <N>>,com.alibaba.json.bvt.parser.DefaultExtJSONParser_parseArray.test_7,java.lang.AssertionError || expected:<Sun Jan <N> <N>:<N>:<N> UTC <N>> but was:<Sun Jan <N> <N>:<N>:<N> UTC <N>> || com.alibaba.json.bvt.parser.DefaultExtJSONParser_parseArray.test_7,32,PASS,NO
com.alibaba.json.bvt.parser.JSONLexerTest_9#test_b,FAIL,java.lang.AssertionError,expected:<Sun Jan <N> <N>:<N>:<N> UTC <N>> but was:<Sun Jan <N> <N>:<N>:<N> UTC <N>>,com.alibaba.json.bvt.parser.DefaultExtJSONParser_parseArray.test_7,java.lang.AssertionError || expected:<Sun Jan <N> <N>:<N>:<N> UTC <N>> but was:<Sun Jan <N> <N>:<N>:<N> UTC <N>> || com.alibaba.json.bvt.parser.DefaultExtJSONParser_parseArray.test_7,17,PASS,NO
com.alibaba.json.bvt.parser.JSONLexerTest_9#test_ident,FAIL,java.lang.AssertionError,expected:<Sun Jan <N> <N>:<N>:<N> UTC <N>> but was:<Sun Jan <N> <N>:<N>:<N> UTC <N>>,com.alibaba.json.bvt.parser.DefaultExtJSONParser_parseArray.test_7,java.lang.AssertionError || expected:<Sun Jan <N> <N>:<N>:<N> UTC <N>> but was:<Sun Jan <N> <N>:<N>:<N> UTC <N>> || com.alibaba.json.bvt.parser.DefaultExtJSONParser_parseArray.test_7,25,PASS,NO
com.alibaba.json.bvt.parser.JSONLexerTest_9#test_value,FAIL,java.lang.AssertionError,expected:<Sun Jan <N> <N>:<N>:<N> UTC <N>> but was:<Sun Jan <N> <N>:<N>:<N> UTC <N>>,com.alibaba.json.bvt.parser.DefaultExtJSONParser_parseArray.test_7,java.lang.AssertionError || expected:<Sun Jan <N> <N>:<N>:<N> UTC <N>> but was:<Sun Jan <N> <N>:<N>:<N> UTC <N>> || com.alibaba.json.bvt.parser.DefaultExtJSONParser_parseArray.test_7,29,PASS,NO
com.alibaba.json.bvt.parser.JSONLexerTest_9#test_value2,FAIL,java.lang.AssertionError,expected:<Sun Jan <N> <N>:<N>:<N> UTC <N>> but was:<Sun Jan <N> <N>:<N>:<N> UTC <N>>,com.alibaba.json.bvt.parser.DefaultExtJSONParser_parseArray.test_7,java.lang.AssertionError || expected:<Sun Jan <N> <N>:<N>:<N> UTC <N>> but was:<Sun Jan <N> <N>:<N>:<N> UTC <N>> || com.alibaba.json.bvt.parser.DefaultExtJSONParser_parseArray.test_7,24,PASS,NO
com.alibaba.json.bvt.parser.JSONLexerTest_set#test_error,FAIL,java.lang.AssertionError,expected:<Sun Jan <N> <N>:<N>:<N> UTC <N>> but was:<Sun Jan <N> <N>:<N>:<N> UTC <N>>,com.alibaba.json.bvt.parser.DefaultExtJSONParser_parseArray.test_7,java.lang.AssertionError || expected:<Sun Jan <N> <N>:<N>:<N> UTC <N>> but was:<Sun Jan <N> <N>:<N>:<N> UTC <N>> || com.alibaba.json.bvt.parser.DefaultExtJSONParser_parseArray.test_7,19,PASS,NO
com.alibaba.json.bvt.parser.JSONLexerTest_set#test_error_1,FAIL,java.lang.AssertionError,expected:<Sun Jan <N> <N>:<N>:<N> UTC <N>> but was:<Sun Jan <N> <N>:<N>:<N> UTC <N>>,com.alibaba.json.bvt.parser.DefaultExtJSONParser_parseArray.test_7,java.lang.AssertionError || expected:<Sun Jan <N> <N>:<N>:<N> UTC <N>> but was:<Sun Jan <N> <N>:<N>:<N> UTC <N>> || com.alibaba.json.bvt.parser.DefaultExtJSONParser_parseArray.test_7,20,PASS,NO
com.alibaba.json.bvt.parser.JSONLexerTest_set#test_error_2,FAIL,java.lang.AssertionError,expected:<Sun Jan <N> <N>:<N>:<N> UTC <N>> but was:<Sun Jan <N> <N>:<N>:<N> UTC <N>>,com.alibaba.json.bvt.parser.DefaultExtJSONParser_parseArray.test_7,java.lang.AssertionError || expected:<Sun Jan <N> <N>:<N>:<N> UTC <N>> but was:<Sun Jan <N> <N>:<N>:<N> UTC <N>> || com.alibaba.json.bvt.parser.DefaultExtJSONParser_parseArray.test_7,27,PASS,NO
com.alibaba.json.bvt.parser.JSONLexerTest_set#test_error_3,FAIL,java.lang.AssertionError,expected:<Sun Jan <N> <N>:<N>:<N> UTC <N>> but was:<Sun Jan <N> <N>:<N>:<N> UTC <N>>,com.alibaba.json.bvt.parser.DefaultExtJSONParser_parseArray.test_7,java.lang.AssertionError || expected:<Sun Jan <N> <N>:<N>:<N> UTC <N>> but was:<Sun Jan <N> <N>:<N>:<N> UTC <N>> || com.alibaba.json.bvt.parser.DefaultExtJSONParser_parseArray.test_7,16,PASS,NO
com.alibaba.json.bvt.parser.JSONLexerTest_set#test_treeSet,FAIL,java.lang.AssertionError,expected:<Sun Jan <N> <N>:<N>:<N> UTC <N>> but was:<Sun Jan <N> <N>:<N>:<N> UTC <N>>,com.alibaba.json.bvt.parser.DefaultExtJSONParser_parseArray.test_7,java.lang.AssertionError || expected:<Sun Jan <N> <N>:<N>:<N> UTC <N>> but was:<Sun Jan <N> <N>:<N>:<N> UTC <N>> || com.alibaba.json.bvt.parser.DefaultExtJSONParser_parseArray.test_7,26,PASS,NO
com.alibaba.json.bvt.parser.JSONReaderScannerTest__entity_boolean#test_scanInt,FAIL,java.lang.AssertionError,expected:<Sun Jan <N> <N>:<N>:<N> UTC <N>> but was:<Sun Jan <N> <N>:<N>:<N> UTC <N>>,com.alibaba.json.bvt.parser.DefaultExtJSONParser_parseArray.test_7,java.lang.AssertionError || expected:<Sun Jan <N> <N>:<N>:<N> UTC <N>> but was:<Sun Jan <N> <N>:<N>:<N> UTC <N>> || com.alibaba.json.bvt.parser.DefaultExtJSONParser_parseArray.test_7,17,PASS,NO
com.alibaba.json.bvt.parser.JSONReaderScannerTest__entity_double#test_scanFloat,FAIL,java.lang.AssertionError,expected:<Sun Jan <N> <N>:<N>:<N> UTC <N>> but was:<Sun Jan <N> <N>:<N>:<N> UTC <N>>,com.alibaba.json.bvt.parser.DefaultExtJSONParser_parseArray.test_7,java.lang.AssertionError || expected:<Sun Jan <N> <N>:<N>:<N> UTC <N>> but was:<Sun Jan <N> <N>:<N>:<N> UTC <N>> || com.alibaba.json.bvt.parser.DefaultExtJSONParser_parseArray.test_7,45,PASS,NO
com.alibaba.json.bvt.parser.JSONReaderScannerTest__entity_double_2#test_scanFloat,FAIL,java.lang.AssertionError,expected:<Sun Jan <N> <N>:<N>:<N> UTC <N>> but was:<Sun Jan <N> <N>:<N>:<N> UTC <N>>,com.alibaba.json.bvt.parser.DefaultExtJSONParser_parseArray.test_7,java.lang.AssertionError || expected:<Sun Jan <N> <N>:<N>:<N> UTC <N>> but was:<Sun Jan <N> <N>:<N>:<N> UTC <N>> || com.alibaba.json.bvt.parser.DefaultExtJSONParser_parseArray.test_7,29,PASS,NO
com.alibaba.json.bvt.parser.JSONReaderScannerTest__entity_enum#test_scanInt,FAIL,java.lang.AssertionError,expected:<Sun Jan <N> <N>:<N>:<N> UTC <N>> but was:<Sun Jan <N> <N>:<N>:<N> UTC <N>>,com.alibaba.json.bvt.parser.DefaultExtJSONParser_parseArray.test_7,java.lang.AssertionError || expected:<Sun Jan <N> <N>:<N>:<N> UTC <N>> but was:<Sun Jan <N> <N>:<N>:<N> UTC <N>> || com.alibaba.json.bvt.parser.DefaultExtJSONParser_parseArray.test_7,33,PASS,NO
com.alibaba.json.bvt.parser.JSONReaderScannerTest__entity_float#test_scanFloat,FAIL,java.lang.AssertionError,expected:<Sun Jan <N> <N>:<N>:<N> UTC <N>> but was:<Sun Jan <N> <N>:<N>:<N> UTC <N>>,com.alibaba.json.bvt.parser.DefaultExtJSONParser_parseArray.test_7,java.lang.AssertionError || expected:<Sun Jan <N> <N>:<N>:<N> UTC <N>> but was:<Sun Jan <N> <N>:<N>:<N> UTC <N>> || com.alibaba.json.bvt.parser.DefaultExtJSONParser_parseArray.test_7,17,PASS,NO
com.alibaba.json.bvt.parser.JSONReaderScannerTest__entity_int#test_scanInt,FAIL,java.lang.AssertionError,expected:<Sun Jan <N> <N>:<N>:<N> UTC <N>> but was:<Sun Jan <N> <N>:<N>:<N> UTC <N>>,com.alibaba.json.bvt.parser.DefaultExtJSONParser_parseArray.test_7,java.lang.AssertionError || expected:<Sun Jan <N> <N>:<N>:<N> UTC <N>> but was:<Sun Jan <N> <N>:<N>:<N> UTC <N>> || com.alibaba.json.bvt.parser.DefaultExtJSONParser_parseArray.test_7,34,PASS,NO
com.alibaba.json.bvt.parser.JSONReaderScannerTest__entity_long#test_scanInt,FAIL,java.lang.AssertionError,expected:<Sun Jan <N> <N>:<N>:<N> UTC <N>> but was:<Sun Jan <N> <N>:<N>:<N> UTC <N>>,com.alibaba.json.bvt.parser.DefaultExtJSONParser_parseArray.test_7,java.lang.AssertionError || expected:<Sun Jan <N> <N>:<N>:<N> UTC <N>> but was:<Sun Jan <N> <N>:<N>:<N> UTC <N>> || com.alibaba.json.bvt.parser.DefaultExtJSONParser_parseArray.test_7,37,PASS,NO
com.alibaba.json.bvt.parser.JSONReaderScannerTest__entity_string#test_scanInt,FAIL,java.lang.AssertionError,expected:<Sun Jan <N> <N>:<N>:<N> UTC <N>> but was:<Sun Jan <N> <N>:<N>:<N> UTC <N>>,com.alibaba.json.bvt.parser.DefaultExtJSONParser_parseArray.test_7,java.lang.AssertionError || expected:<Sun Jan <N> <N>:<N>:<N> UTC <N>> but was:<Sun Jan <N> <N>:<N>:<N> UTC <N>> || com.alibaba.json.bvt.parser.DefaultExtJSONParser_parseArray.test_7,31,PASS,NO
com.alibaba.json.bvt.parser.JSONReaderScannerTest__entity_stringList#test_scanInt,FAIL,java.lang.AssertionError,expected:<Sun Jan <N> <N>:<N>:<N> UTC <N>> but was:<Sun Jan <N> <N>:<N>:<N> UTC <N>>,com.alibaba.json.bvt.parser.DefaultExtJSONParser_parseArray.test_7,java.lang.AssertionError || expected:<Sun Jan <N> <N>:<N>:<N> UTC <N>> but was:<Sun Jan <N> <N>:<N>:<N> UTC <N>> || com.alibaba.json.bvt.parser.DefaultExtJSONParser_parseArray.test_7,18,PASS,NO
com.alibaba.json.bvt.parser.JSONReaderScannerTest__map_string#test_scanInt,FAIL,java.lang.AssertionError,expected:<Sun Jan <N> <N>:<N>:<N> UTC <N>> but was:<Sun Jan <N> <N>:<N>:<N> UTC <N>>,com.alibaba.json.bvt.parser.DefaultExtJSONParser_parseArray.test_7,java.lang.AssertionError || expected:<Sun Jan <N> <N>:<N>:<N> UTC <N>> but was:<Sun Jan <N> <N>:<N>:<N> UTC <N>> || com.alibaba.json.bvt.parser.DefaultExtJSONParser_parseArray.test_7,28,PASS,NO
com.alibaba.json.bvt.parser.JSONReaderScannerTest_array_string#test_scanInt,FAIL,java.lang.AssertionError,expected:<Sun Jan <N> <N>:<N>:<N> UTC <N>> but was:<Sun Jan <N> <N>:<N>:<N> UTC <N>>,com.alibaba.json.bvt.parser.DefaultExtJSONParser_parseArray.test_7,java.lang.AssertionError || expected:<Sun Jan <N> <N>:<N>:<N> UTC <N>> but was:<Sun Jan <N> <N>:<N>:<N> UTC <N>> || com.alibaba.json.bvt.parser.DefaultExtJSONParser_parseArray.test_7,29,PASS,NO
com.alibaba.json.bvt.parser.JSONReaderScannerTest_bytes#test_e,FAIL,java.lang.AssertionError,expected:<Sun Jan <N> <N>:<N>:<N> UTC <N>> but was:<Sun Jan <N> <N>:<N>:<N> UTC <N>>,com.alibaba.json.bvt.parser.DefaultExtJSONParser_parseArray.test_7,java.lang.AssertionError || expected:<Sun Jan <N> <N>:<N>:<N> UTC <N>> but was:<Sun Jan <N> <N>:<N>:<N> UTC <N>> || com.alibaba.json.bvt.parser.DefaultExtJSONParser_parseArray.test_7,24,PASS,NO
com.alibaba.json.bvt.parser.JSONReaderScannerTest_decimal#test_scanInt,FAIL,java.lang.AssertionError,expected:<Sun Jan <N> <N>:<N>:<N> UTC <N>> but was:<Sun Jan <N> <N>:<N>:<N> UTC <N>>,com.alibaba.json.bvt.parser.DefaultExtJSONParser_parseArray.test_7,java.lang.AssertionError || expected:<Sun Jan <N> <N>:<N>:<N> UTC <N>> but was:<Sun Jan <N> <N>:<N>:<N> UTC <N>> || com.alibaba.json.bvt.parser.DefaultExtJSONParser_parseArray.test_7,25,PASS,NO
com.alibaba.json.bvt.parser.JSONReaderScannerTest_enum#test_e,FAIL,java.lang.AssertionError,expected:<Sun Jan <N> <N>:<N>:<N> UTC <N>> but was:<Sun Jan <N> <N>:<N>:<N> UTC <N>>,com.alibaba.json.bvt.parser.DefaultExtJSONParser_parseArray.test_7,java.lang.AssertionError || expected:<Sun Jan <N> <N>:<N>:<N> UTC <N>> but was:<Sun Jan <N> <N>:<N>:<N> UTC <N>> || com.alibaba.json.bvt.parser.DefaultExtJSONParser_parseArray.test_7,15,PASS,NO
com.alibaba.json.bvt.parser.JSONReaderScannerTest_error#test_e,FAIL,java.lang.AssertionError,expected:<Sun Jan <N> <N>:<N>:<N> UTC <N>> but was:<Sun Jan <N> <N>:<N>:<N> UTC <N>>,com.alibaba.json.bvt.parser.DefaultExtJSONParser_parseArray.test_7,java.lang.AssertionError || expected:<Sun Jan <N> <N>:<N>:<N> UTC <N>> but was:<Sun Jan <N> <N>:<N>:<N> UTC <N>> || com.alibaba.json.bvt.parser.DefaultExtJSONParser_parseArray.test_7,185,PASS,NO
com.alibaba.json.bvt.parser.JSONReaderScannerTest_error2#test_e,FAIL,java.lang.AssertionError,expected:<Sun Jan <N> <N>:<N>:<N> UTC <N>> but was:<Sun Jan <N> <N>:<N>:<N> UTC <N>>,com.alibaba.json.bvt.parser.DefaultExtJSONParser_parseArray.test_7,java.lang.AssertionError || expected:<Sun Jan <N> <N>:<N>:<N> UTC <N>> but was:<Sun Jan <N> <N>:<N>:<N> UTC <N>> || com.alibaba.json.bvt.parser.DefaultExtJSONParser_parseArray.test_7,23,PASS,NO
com.alibaba.json.bvt.parser.JSONReaderScannerTest_error3#test_e,FAIL,java.lang.AssertionError,expected:<Sun Jan <N> <N>:<N>:<N> UTC <N>> but was:<Sun Jan <N> <N>:<N>:<N> UTC <N>>,com.alibaba.json.bvt.parser.DefaultExtJSONParser_parseArray.test_7,java.lang.AssertionError || expected:<Sun Jan <N> <N>:<N>:<N> UTC <N>> but was:<Sun Jan <N> <N>:<N>:<N> UTC <N>> || com.alibaba.json.bvt.parser.DefaultExtJSONParser_parseArray.test_7,39,PASS,NO
com.alibaba.json.bvt.parser.JSONReaderScannerTest_error4#test_e,FAIL,java.lang.AssertionError,expected:<Sun Jan <N> <N>:<N>:<N> UTC <N>> but was:<Sun Jan <N> <N>:<N>:<N> UTC <N>>,com.alibaba.json.bvt.parser.DefaultExtJSONParser_parseArray.test_7,java.lang.AssertionError || expected:<Sun Jan <N> <N>:<N>:<N> UTC <N>> but was:<Sun Jan <N> <N>:<N>:<N> UTC <N>> || com.alibaba.json.bvt.parser.DefaultExtJSONParser_parseArray.test_7,15,PASS,NO
com.alibaba.json.bvt.parser.JSONReaderScannerTest_error5#test_e,FAIL,java.lang.AssertionError,expected:<Sun Jan <N> <N>:<N>:<N> UTC <N>> but was:<Sun Jan <N> <N>:<N>:<N> UTC <N>>,com.alibaba.json.bvt.parser.DefaultExtJSONParser_parseArray.test_7,java.lang.AssertionError || expected:<Sun Jan <N> <N>:<N>:<N> UTC <N>> but was:<Sun Jan <N> <N>:<N>:<N> UTC <N>> || com.alibaba.json.bvt.parser.DefaultExtJSONParser_parseArray.test_7,17,PASS,NO
com.alibaba.json.bvt.parser.JSONReaderScannerTest_int#test_scanInt,FAIL,java.lang.AssertionError,expected:<Sun Jan <N> <N>:<N>:<N> UTC <N>> but was:<Sun Jan <N> <N>:<N>:<N> UTC <N>>,com.alibaba.json.bvt.parser.DefaultExtJSONParser_parseArray.test_7,java.lang.AssertionError || expected:<Sun Jan <N> <N>:<N>:<N> UTC <N>> but was:<Sun Jan <N> <N>:<N>:<N> UTC <N>> || com.alibaba.json.bvt.parser.DefaultExtJSONParser_parseArray.test_7,15,PASS,NO
com.alibaba.json.bvt.parser.JSONReaderScannerTest_jsonobject#test_e,FAIL,java.lang.AssertionError,expected:<Sun Jan <N> <N>:<N>:<N> UTC <N>> but was:<Sun Jan <N> <N>:<N>:<N> UTC <N>>,com.alibaba.json.bvt.parser.DefaultExtJSONParser_parseArray.test_7,java.lang.AssertionError || expected:<Sun Jan <N> <N>:<N>:<N> UTC <N>> but was:<Sun Jan <N> <N>:<N>:<N> UTC <N>> || com.alibaba.json.bvt.parser.DefaultExtJSONParser_parseArray.test_7,33,PASS,NO
com.alibaba.json.bvt.parser.JSONReaderScannerTest_long#test_scanInt,FAIL,java.lang.AssertionError,expected:<Sun Jan <N> <N>:<N>:<N> UTC <N>> but was:<Sun Jan <N> <N>:<N>:<N> UTC <N>>,com.alibaba.json.bvt.parser.DefaultExtJSONParser_parseArray.test_7,java.lang.AssertionError || expected:<Sun Jan <N> <N>:<N>:<N> UTC <N>> but was:<Sun Jan <N> <N>:<N>:<N> UTC <N>> || com.alibaba.json.bvt.parser.DefaultExtJSONParser_parseArray.test_7,23,PASS,NO
com.alibaba.json.bvt.parser.JSONReaderTest_array_array#test_read,FAIL,java.lang.AssertionError,expected:<Sun Jan <N> <N>:<N>:<N> UTC <N>> but was:<Sun Jan <N> <N>:<N>:<N> UTC <N>>,com.alibaba.json.bvt.parser.DefaultExtJSONParser_parseArray.test_7,java.lang.AssertionError || expected:<Sun Jan <N> <N>:<N>:<N> UTC <N>> but was:<Sun Jan <N> <N>:<N>:<N> UTC <N>> || com.alibaba.json.bvt.parser.DefaultExtJSONParser_parseArray.test_7,16,PASS,NO
com.alibaba.json.bvt.parser.JSONReaderTest_array_array#test_read_1,FAIL,java.lang.AssertionError,expected:<Sun Jan <N> <N>:<N>:<N> UTC <N>> but was:<Sun Jan <N> <N>:<N>:<N> UTC <N>>,com.alibaba.json.bvt.parser.DefaultExtJSONParser_parseArray.test_7,java.lang.AssertionError || expected:<Sun Jan <N> <N>:<N>:<N> UTC <N>> but was:<Sun Jan <N> <N>:<N>:<N> UTC <N>> || com.alibaba.json.bvt.parser.DefaultExtJSONParser_parseArray.test_7,17,PASS,NO
com.alibaba.json.bvt.parser.JSONReaderTest_array_array_2#test_read,FAIL,java.lang.AssertionError,expected:<Sun Jan <N> <N>:<N>:<N> UTC <N>> but was:<Sun Jan <N> <N>:<N>:<N> UTC <N>>,com.alibaba.json.bvt.parser.DefaultExtJSONParser_parseArray.test_7,java.lang.AssertionError || expected:<Sun Jan <N> <N>:<N>:<N> UTC <N>> but was:<Sun Jan <N> <N>:<N>:<N> UTC <N>> || com.alibaba.json.bvt.parser.DefaultExtJSONParser_parseArray.test_7,17,PASS,NO
com.alibaba.json.bvt.parser.JSONReaderTest_array_array_2#test_read_1,FAIL,java.lang.AssertionError,expected:<Sun Jan <N> <N>:<N>:<N> UTC <N>> but was:<Sun Jan <N> <N>:<N>:<N> UTC <N>>,com.alibaba.json.bvt.parser.DefaultExtJSONParser_parseArray.test_7,java.lang.AssertionError || expected:<Sun Jan <N> <N>:<N>:<N> UTC <N>> but was:<Sun Jan <N> <N>:<N>:<N> UTC <N>> || com.alibaba.json.bvt.parser.DefaultExtJSONParser_parseArray.test_7,28,PASS,NO
com.alibaba.json.bvt.parser.JSONReaderTest_array_object#test_read,FAIL,java.lang.AssertionError,expected:<Sun Jan <N> <N>:<N>:<N> UTC <N>> but was:<Sun Jan <N> <N>:<N>:<N> UTC <N>>,com.alibaba.json.bvt.parser.DefaultExtJSONParser_parseArray.test_7,java.lang.AssertionError || expected:<Sun Jan <N> <N>:<N>:<N> UTC <N>> but was:<Sun Jan <N> <N>:<N>:<N> UTC <N>> || com.alibaba.json.bvt.parser.DefaultExtJSONParser_parseArray.test_7,34,PASS,NO
com.alibaba.json.bvt.parser.JSONReaderTest_array_object#test_read_1,FAIL,java.lang.AssertionError,expected:<Sun Jan <N> <N>:<N>:<N> UTC <N>> but was:<Sun Jan <N> <N>:<N>:<N> UTC <N>>,com.alibaba.json.bvt.parser.DefaultExtJSONParser_parseArray.test_7,java.lang.AssertionError || expected:<Sun Jan <N> <N>:<N>:<N> UTC <N>> but was:<Sun Jan <N> <N>:<N>:<N> UTC <N>> || com.alibaba.json.bvt.parser.DefaultExtJSONParser_parseArray.test_7,25,PASS,NO
com.alibaba.json.bvt.parser.JSONReaderTest_array_object#test_read_3,FAIL,java.lang.AssertionError,expected:<Sun Jan <N> <N>:<N>:<N> UTC <N>> but was:<Sun Jan <N> <N>:<N>:<N> UTC <N>>,com.alibaba.json.bvt.parser.DefaultExtJSONParser_parseArray.test_7,java.lang.AssertionError || expected:<Sun Jan <N> <N>:<N>:<N> UTC <N>> but was:<Sun Jan <N> <N>:<N>:<N> UTC <N>> || com.alibaba.json.bvt.parser.DefaultExtJSONParser_parseArray.test_7,25,PASS,NO
com.alibaba.json.bvt.parser.JSONReaderTest_array_object_2#test_read,FAIL,java.lang.AssertionError,expected:<Sun Jan <N> <N>:<N>:<N> UTC <N>> but was:<Sun Jan <N> <N>:<N>:<N> UTC <N>>,com.alibaba.json.bvt.parser.DefaultExtJSONParser_parseArray.test_7,java.lang.AssertionError || expected:<Sun Jan <N> <N>:<N>:<N> UTC <N>> but was:<Sun Jan <N> <N>:<N>:<N> UTC <N>> || com.alibaba.json.bvt.parser.DefaultExtJSONParser_parseArray.test_7,34,PASS,NO
com.alibaba.json.bvt.parser.JSONReaderTest_array_object_2#test_read_1,FAIL,java.lang.AssertionError,expected:<Sun Jan <N> <N>:<N>:<N> UTC <N>> but was:<Sun Jan <N> <N>:<N>:<N> UTC <N>>,com.alibaba.json.bvt.parser.DefaultExtJSONParser_parseArray.test_7,java.lang.AssertionError || expected:<Sun Jan <N> <N>:<N>:<N> UTC <N>> but was:<Sun Jan <N> <N>:<N>:<N> UTC <N>> || com.alibaba.json.bvt.parser.DefaultExtJSONParser_parseArray.test_7,16,PASS,NO
com.alibaba.json.bvt.parser.JSONReaderTest_object_int#test_read,FAIL,java.lang.AssertionError,expected:<Sun Jan <N> <N>:<N>:<N> UTC <N>> but was:<Sun Jan <N> <N>:<N>:<N> UTC <N>>,com.alibaba.json.bvt.parser.DefaultExtJSONParser_parseArray.test_7,java.lang.AssertionError || expected:<Sun Jan <N> <N>:<N>:<N> UTC <N>> but was:<Sun Jan <N> <N>:<N>:<N> UTC <N>> || com.alibaba.json.bvt.parser.DefaultExtJSONParser_parseArray.test_7,36,PASS,NO
com.alibaba.json.bvt.parser.JSONReaderTest_object_int#test_read_1,FAIL,java.lang.AssertionError,expected:<Sun Jan <N> <N>:<N>:<N> UTC <N>> but was:<Sun Jan <N> <N>:<N>:<N> UTC <N>>,com.alibaba.json.bvt.parser.DefaultExtJSONParser_parseArray.test_7,java.lang.AssertionError || expected:<Sun Jan <N> <N>:<N>:<N> UTC <N>> but was:<Sun Jan <N> <N>:<N>:<N> UTC <N>> || com.alibaba.json.bvt.parser.DefaultExtJSONParser_parseArray.test_7,25,PASS,NO
com.alibaba.json.bvt.parser.JSONReaderTest_object_int_unquote#test_read,FAIL,java.lang.AssertionError,expected:<Sun Jan <N> <N>:<N>:<N> UTC <N>> but was:<Sun Jan <N> <N>:<N>:<N> UTC <N>>,com.alibaba.json.bvt.parser.DefaultExtJSONParser_parseArray.test_7,java.lang.AssertionError || expected:<Sun Jan <N> <N>:<N>:<N> UTC <N>> but was:<Sun Jan <N> <N>:<N>:<N> UTC <N>> || com.alibaba.json.bvt.parser.DefaultExtJSONParser_parseArray.test_7,37,PASS,NO
com.alibaba.json.bvt.parser.JSONReaderTest_object_int_unquote#test_read_1,FAIL,java.lang.AssertionError,expected:<Sun Jan <N> <N>:<N>:<N> UTC <N>> but was:<Sun Jan <N> <N>:<N>:<N> UTC <N>>,com.alibaba.json.bvt.parser.DefaultExtJSONParser_parseArray.test_7,java.lang.AssertionError || expected:<Sun Jan <N> <N>:<N>:<N> UTC <N>> but was:<Sun Jan <N> <N>:<N>:<N> UTC <N>> || com.alibaba.json.bvt.parser.DefaultExtJSONParser_parseArray.test_7,16,PASS,NO
com.alibaba.json.bvt.parser.JSONReaderTest_object_long#test_read,FAIL,java.lang.AssertionError,expected:<Sun Jan <N> <N>:<N>:<N> UTC <N>> but was:<Sun Jan <N> <N>:<N>:<N> UTC <N>>,com.alibaba.json.bvt.parser.DefaultExtJSONParser_parseArray.test_7,java.lang.AssertionError || expected:<Sun Jan <N> <N>:<N>:<N> UTC <N>> but was:<Sun Jan <N> <N>:<N>:<N> UTC <N>> || com.alibaba.json.bvt.parser.DefaultExtJSONParser_parseArray.test_7,24,PASS,NO
com.alibaba.json.bvt.parser.JSONReaderTest_object_long#test_read_1,FAIL,java.lang.AssertionError,expected:<Sun Jan <N> <N>:<N>:<N> UTC <N>> but was:<Sun Jan <N> <N>:<N>:<N> UTC <N>>,com.alibaba.json.bvt.parser.DefaultExtJSONParser_parseArray.test_7,java.lang.AssertionError || expected:<Sun Jan <N> <N>:<N>:<N> UTC <N>> but was:<Sun Jan <N> <N>:<N>:<N> UTC <N>> || com.alibaba.json.bvt.parser.DefaultExtJSONParser_parseArray.test_7,21,PASS,NO
com.alibaba.json.bvt.parser.JSONReaderTest_object_object#test_read,FAIL,java.lang.AssertionError,expected:<Sun Jan <N> <N>:<N>:<N> UTC <N>> but was:<Sun Jan <N> <N>:<N>:<N> UTC <N>>,com.alibaba.json.bvt.parser.DefaultExtJSONParser_parseArray.test_7,java.lang.AssertionError || expected:<Sun Jan <N> <N>:<N>:<N> UTC <N>> but was:<Sun Jan <N> <N>:<N>:<N> UTC <N>> || com.alibaba.json.bvt.parser.DefaultExtJSONParser_parseArray.test_7,34,PASS,NO
com.alibaba.json.bvt.parser.JSONReaderTest_object_object#test_read_1,FAIL,java.lang.AssertionError,expected:<Sun Jan <N> <N>:<N>:<N> UTC <N>> but was:<Sun Jan <N> <N>:<N>:<N> UTC <N>>,com.alibaba.json.bvt.parser.DefaultExtJSONParser_parseArray.test_7,java.lang.AssertionError || expected:<Sun Jan <N> <N>:<N>:<N> UTC <N>> but was:<Sun Jan <N> <N>:<N>:<N> UTC <N>> || com.alibaba.json.bvt.parser.DefaultExtJSONParser_parseArray.test_7,18,PASS,NO
com.alibaba.json.bvt.parser.JSONReaderTest_object_object#test_read_2,FAIL,java.lang.AssertionError,expected:<Sun Jan <N> <N>:<N>:<N> UTC <N>> but was:<Sun Jan <N> <N>:<N>:<N> UTC <N>>,com.alibaba.json.bvt.parser.DefaultExtJSONParser_parseArray.test_7,java.lang.AssertionError || expected:<Sun Jan <N> <N>:<N>:<N> UTC <N>> but was:<Sun Jan <N> <N>:<N>:<N> UTC <N>> || com.alibaba.json.bvt.parser.DefaultExtJSONParser_parseArray.test_7,18,PASS,NO
com.alibaba.json.bvt.parser.JSONReaderTest_object_string#test_read,FAIL,java.lang.AssertionError,expected:<Sun Jan <N> <N>:<N>:<N> UTC <N>> but was:<Sun Jan <N> <N>:<N>:<N> UTC <N>>,com.alibaba.json.bvt.parser.DefaultExtJSONParser_parseArray.test_7,java.lang.AssertionError || expected:<Sun Jan <N> <N>:<N>:<N> UTC <N>> but was:<Sun Jan <N> <N>:<N>:<N> UTC <N>> || com.alibaba.json.bvt.parser.DefaultExtJSONParser_parseArray.test_7,19,PASS,NO
com.alibaba.json.bvt.parser.JSONReaderTest_object_string#test_read_1,FAIL,java.lang.AssertionError,expected:<Sun Jan <N> <N>:<N>:<N> UTC <N>> but was:<Sun Jan <N> <N>:<N>:<N> UTC <N>>,com.alibaba.json.bvt.parser.DefaultExtJSONParser_parseArray.test_7,java.lang.AssertionError || expected:<Sun Jan <N> <N>:<N>:<N> UTC <N>> but was:<Sun Jan <N> <N>:<N>:<N> UTC <N>> || com.alibaba.json.bvt.parser.DefaultExtJSONParser_parseArray.test_7,17,PASS,NO
com.alibaba.json.bvt.parser.JSONReader_error#test_0,FAIL,java.lang.AssertionError,expected:<Sun Jan <N> <N>:<N>:<N> UTC <N>> but was:<Sun Jan <N> <N>:<N>:<N> UTC <N>>,com.alibaba.json.bvt.parser.DefaultExtJSONParser_parseArray.test_7,java.lang.AssertionError || expected:<Sun Jan <N> <N>:<N>:<N> UTC <N>> but was:<Sun Jan <N> <N>:<N>:<N> UTC <N>> || com.alibaba.json.bvt.parser.DefaultExtJSONParser_parseArray.test_7,26,PASS,NO
com.alibaba.json.bvt.parser.JSONReader_error#test_1,FAIL,java.lang.AssertionError,expected:<Sun Jan <N> <N>:<N>:<N> UTC <N>> but was:<Sun Jan <N> <N>:<N>:<N> UTC <N>>,com.alibaba.json.bvt.parser.DefaultExtJSONParser_parseArray.test_7,java.lang.AssertionError || expected:<Sun Jan <N> <N>:<N>:<N> UTC <N>> but was:<Sun Jan <N> <N>:<N>:<N> UTC <N>> || com.alibaba.json.bvt.parser.DefaultExtJSONParser_parseArray.test_7,25,PASS,NO
com.alibaba.json.bvt.parser.JSONReader_top#test_int,FAIL,java.lang.AssertionError,expected:<Sun Jan <N> <N>:<N>:<N> UTC <N>> but was:<Sun Jan <N> <N>:<N>:<N> UTC <N>>,com.alibaba.json.bvt.parser.DefaultExtJSONParser_parseArray.test_7,java.lang.AssertionError || expected:<Sun Jan <N> <N>:<N>:<N> UTC <N>> but was:<Sun Jan <N> <N>:<N>:<N> UTC <N>> || com.alibaba.json.bvt.parser.DefaultExtJSONParser_parseArray.test_7,17,PASS,NO
com.alibaba.json.bvt.parser.JSONReader_top#test_long,FAIL,java.lang.AssertionError,expected:<Sun Jan <N> <N>:<N>:<N> UTC <N>> but was:<Sun Jan <N> <N>:<N>:<N> UTC <N>>,com.alibaba.json.bvt.parser.DefaultExtJSONParser_parseArray.test_7,java.lang.AssertionError || expected:<Sun Jan <N> <N>:<N>:<N> UTC <N>> but was:<Sun Jan <N> <N>:<N>:<N> UTC <N>> || com.alibaba.json.bvt.parser.DefaultExtJSONParser_parseArray.test_7,32,PASS,NO
com.alibaba.json.bvt.parser.JSONScannerTest_ISO8601#test_0,FAIL,java.lang.AssertionError,expected:<Sun Jan <N> <N>:<N>:<N> UTC <N>> but was:<Sun Jan <N> <N>:<N>:<N> UTC <N>>,com.alibaba.json.bvt.parser.DefaultExtJSONParser_parseArray.test_7,java.lang.AssertionError || expected:<Sun Jan <N> <N>:<N>:<N> UTC <N>> but was:<Sun Jan <N> <N>:<N>:<N> UTC <N>> || com.alibaba.json.bvt.parser.DefaultExtJSONParser_parseArray.test_7,194,PASS,NO
com.alibaba.json.bvt.parser.JSONScannerTest_ISO8601#test_2,FAIL,java.lang.AssertionError,expected:<Sun Jan <N> <N>:<N>:<N> UTC <N>> but was:<Sun Jan <N> <N>:<N>:<N> UTC <N>>,com.alibaba.json.bvt.parser.DefaultExtJSONParser_parseArray.test_7,java.lang.AssertionError || expected:<Sun Jan <N> <N>:<N>:<N> UTC <N>> but was:<Sun Jan <N> <N>:<N>:<N> UTC <N>> || com.alibaba.json.bvt.parser.DefaultExtJSONParser_parseArray.test_7,193,PASS,NO
com.alibaba.json.bvt.parser.JSONScannerTest_ISO8601#test_3,FAIL,java.lang.AssertionError,expected:<Sun Jan <N> <N>:<N>:<N> UTC <N>> but was:<Sun Jan <N> <N>:<N>:<N> UTC <N>>,com.alibaba.json.bvt.parser.DefaultExtJSONParser_parseArray.test_7,java.lang.AssertionError || expected:<Sun Jan <N> <N>:<N>:<N> UTC <N>> but was:<Sun Jan <N> <N>:<N>:<N> UTC <N>> || com.alibaba.json.bvt.parser.DefaultExtJSONParser_parseArray.test_7,183,PASS,NO
com.alibaba.json.bvt.parser.JSONScannerTest__nextToken#test_next,FAIL,java.lang.AssertionError,expected:<Sun Jan <N> <N>:<N>:<N> UTC <N>> but was:<Sun Jan <N> <N>:<N>:<N> UTC <N>>,com.alibaba.json.bvt.parser.DefaultExtJSONParser_parseArray.test_7,java.lang.AssertionError || expected:<Sun Jan <N> <N>:<N>:<N> UTC <N>> but was:<Sun Jan <N> <N>:<N>:<N> UTC <N>> || com.alibaba.json.bvt.parser.DefaultExtJSONParser_parseArray.test_7,195,PASS,NO
com.alibaba.json.bvt.parser.JSONScannerTest__nextToken#test_next_1,FAIL,java.lang.AssertionError,expected:<Sun Jan <N> <N>:<N>:<N> UTC <N>> but was:<Sun Jan <N> <N>:<N>:<N> UTC <N>>,com.alibaba.json.bvt.parser.DefaultExtJSONParser_parseArray.test_7,java.lang.AssertionError || expected:<Sun Jan <N> <N>:<N>:<N> UTC <N>> but was:<Sun Jan <N> <N>:<N>:<N> UTC <N>> || com.alibaba.json.bvt.parser.DefaultExtJSONParser_parseArray.test_7,189,PASS,NO
com.alibaba.json.bvt.parser.JSONScannerTest__nextToken#test_next_10,FAIL,java.lang.AssertionError,expected:<Sun Jan <N> <N>:<N>:<N> UTC <N>> but was:<Sun Jan <N> <N>:<N>:<N> UTC <N>>,com.alibaba.json.bvt.parser.DefaultExtJSONParser_parseArray.test_7,java.lang.AssertionError || expected:<Sun Jan <N> <N>:<N>:<N> UTC <N>> but was:<Sun Jan <N> <N>:<N>:<N> UTC <N>> || com.alibaba.json.bvt.parser.DefaultExtJSONParser_parseArray.test_7,160,PASS,NO
com.alibaba.json.bvt.parser.JSONScannerTest__nextToken#test_next_11,FAIL,java.lang.AssertionError,expected:<Sun Jan <N> <N>:<N>:<N> UTC <N>> but was:<Sun Jan <N> <N>:<N>:<N> UTC <N>>,com.alibaba.json.bvt.parser.DefaultExtJSONParser_parseArray.test_7,java.lang.AssertionError || expected:<Sun Jan <N> <N>:<N>:<N> UTC <N>> but was:<Sun Jan <N> <N>:<N>:<N> UTC <N>> || com.alibaba.json.bvt.parser.DefaultExtJSONParser_parseArray.test_7,177,PASS,NO
com.alibaba.json.bvt.parser.JSONScannerTest__nextToken#test_next_12,FAIL,java.lang.AssertionError,expected:<Sun Jan <N> <N>:<N>:<N> UTC <N>> but was:<Sun Jan <N> <N>:<N>:<N> UTC <N>>,com.alibaba.json.bvt.parser.DefaultExtJSONParser_parseArray.test_7,java.lang.AssertionError || expected:<Sun Jan <N> <N>:<N>:<N> UTC <N>> but was:<Sun Jan <N> <N>:<N>:<N> UTC <N>> || com.alibaba.json.bvt.parser.DefaultExtJSONParser_parseArray.test_7,208,PASS,NO
com.alibaba.json.bvt.parser.JSONScannerTest__nextToken#test_next_13,FAIL,java.lang.AssertionError,expected:<Sun Jan <N> <N>:<N>:<N> UTC <N>> but was:<Sun Jan <N> <N>:<N>:<N> UTC <N>>,com.alibaba.json.bvt.parser.DefaultExtJSONParser_parseArray.test_7,java.lang.AssertionError || expected:<Sun Jan <N> <N>:<N>:<N> UTC <N>> but was:<Sun Jan <N> <N>:<N>:<N> UTC <N>> || com.alibaba.json.bvt.parser.DefaultExtJSONParser_parseArray.test_7,208,PASS,NO
com.alibaba.json.bvt.parser.JSONScannerTest__nextToken#test_next_2,FAIL,java.lang.AssertionError,expected:<Sun Jan <N> <N>:<N>:<N> UTC <N>> but was:<Sun Jan <N> <N>:<N>:<N> UTC <N>>,com.alibaba.json.bvt.parser.DefaultExtJSONParser_parseArray.test_7,java.lang.AssertionError || expected:<Sun Jan <N> <N>:<N>:<N> UTC <N>> but was:<Sun Jan <N> <N>:<N>:<N> UTC <N>> || com.alibaba.json.bvt.parser.DefaultExtJSONParser_parseArray.test_7,235,PASS,NO
com.alibaba.json.bvt.parser.JSONScannerTest__nextToken#test_next_3,FAIL,java.lang.AssertionError,expected:<Sun Jan <N> <N>:<N>:<N> UTC <N>> but was:<Sun Jan <N> <N>:<N>:<N> UTC <N>>,com.alibaba.json.bvt.parser.DefaultExtJSONParser_parseArray.test_7,java.lang.AssertionError || expected:<Sun Jan <N> <N>:<N>:<N> UTC <N>> but was:<Sun Jan <N> <N>:<N>:<N> UTC <N>> || com.alibaba.json.bvt.parser.DefaultExtJSONParser_parseArray.test_7,226,PASS,NO
com.alibaba.json.bvt.parser.JSONScannerTest__nextToken#test_next_4,FAIL,java.lang.AssertionError,expected:<Sun Jan <N> <N>:<N>:<N> UTC <N>> but was:<Sun Jan <N> <N>:<N>:<N> UTC <N>>,com.alibaba.json.bvt.parser.DefaultExtJSONParser_parseArray.test_7,java.lang.AssertionError || expected:<Sun Jan <N> <N>:<N>:<N> UTC <N>> but was:<Sun Jan <N> <N>:<N>:<N> UTC <N>> || com.alibaba.json.bvt.parser.DefaultExtJSONParser_parseArray.test_7,179,PASS,NO
com.alibaba.json.bvt.parser.JSONScannerTest__nextToken#test_next_5,FAIL,java.lang.AssertionError,expected:<Sun Jan <N> <N>:<N>:<N> UTC <N>> but was:<Sun Jan <N> <N>:<N>:<N> UTC <N>>,com.alibaba.json.bvt.parser.DefaultExtJSONParser_parseArray.test_7,java.lang.AssertionError || expected:<Sun Jan <N> <N>:<N>:<N> UTC <N>> but was:<Sun Jan <N> <N>:<N>:<N> UTC <N>> || com.alibaba.json.bvt.parser.DefaultExtJSONParser_parseArray.test_7,158,PASS,NO
com.alibaba.json.bvt.parser.JSONScannerTest__nextToken#test_next_6,FAIL,java.lang.AssertionError,expected:<Sun Jan <N> <N>:<N>:<N> UTC <N>> but was:<Sun Jan <N> <N>:<N>:<N> UTC <N>>,com.alibaba.json.bvt.parser.DefaultExtJSONParser_parseArray.test_7,java.lang.AssertionError || expected:<Sun Jan <N> <N>:<N>:<N> UTC <N>> but was:<Sun Jan <N> <N>:<N>:<N> UTC <N>> || com.alibaba.json.bvt.parser.DefaultExtJSONParser_parseArray.test_7,224,PASS,NO
com.alibaba.json.bvt.parser.JSONScannerTest__nextToken#test_next_7,FAIL,java.lang.AssertionError,expected:<Sun Jan <N> <N>:<N>:<N> UTC <N>> but was:<Sun Jan <N> <N>:<N>:<N> UTC <N>>,com.alibaba.json.bvt.parser.DefaultExtJSONParser_parseArray.test_7,java.lang.AssertionError || expected:<Sun Jan <N> <N>:<N>:<N> UTC <N>> but was:<Sun Jan <N> <N>:<N>:<N> UTC <N>> || com.alibaba.json.bvt.parser.DefaultExtJSONParser_parseArray.test_7,183,PASS,NO
com.alibaba.json.bvt.parser.JSONScannerTest__nextToken#test_next_8,FAIL,java.lang.AssertionError,expected:<Sun Jan <N> <N>:<N>:<N> UTC <N>> but was:<Sun Jan <N> <N>:<N>:<N> UTC <N>>,com.alibaba.json.bvt.parser.DefaultExtJSONParser_parseArray.test_7,java.lang.AssertionError || expected:<Sun Jan <N> <N>:<N>:<N> UTC <N>> but was:<Sun Jan <N> <N>:<N>:<N> UTC <N>> || com.alibaba.json.bvt.parser.DefaultExtJSONParser_parseArray.test_7,199,PASS,NO
com.alibaba.json.bvt.parser.JSONScannerTest__nextToken#test_next_9,FAIL,java.lang.AssertionError,expected:<Sun Jan <N> <N>:<N>:<N> UTC <N>> but was:<Sun Jan <N> <N>:<N>:<N> UTC <N>>,com.alibaba.json.bvt.parser.DefaultExtJSONParser_parseArray.test_7,java.lang.AssertionError || expected:<Sun Jan <N> <N>:<N>:<N> UTC <N>> but was:<Sun Jan <N> <N>:<N>:<N> UTC <N>> || com.alibaba.json.bvt.parser.DefaultExtJSONParser_parseArray.test_7,225,PASS,NO
com.alibaba.json.bvt.parser.JSONScannerTest__x#test_x,FAIL,java.lang.AssertionError,expected:<Sun Jan <N> <N>:<N>:<N> UTC <N>> but was:<Sun Jan <N> <N>:<N>:<N> UTC <N>>,com.alibaba.json.bvt.parser.DefaultExtJSONParser_parseArray.test_7,java.lang.AssertionError || expected:<Sun Jan <N> <N>:<N>:<N> UTC <N>> but was:<Sun Jan <N> <N>:<N>:<N> UTC <N>> || com.alibaba.json.bvt.parser.DefaultExtJSONParser_parseArray.test_7,19,PASS,NO
com.alibaba.json.bvt.parser.JSONScannerTest_colon#test_0,FAIL,java.lang.AssertionError,expected:<Sun Jan <N> <N>:<N>:<N> UTC <N>> but was:<Sun Jan <N> <N>:<N>:<N> UTC <N>>,com.alibaba.json.bvt.parser.DefaultExtJSONParser_parseArray.test_7,java.lang.AssertionError || expected:<Sun Jan <N> <N>:<N>:<N> UTC <N>> but was:<Sun Jan <N> <N>:<N>:<N> UTC <N>> || com.alibaba.json.bvt.parser.DefaultExtJSONParser_parseArray.test_7,175,PASS,NO
com.alibaba.json.bvt.parser.JSONScannerTest_colon#test_1,FAIL,java.lang.AssertionError,expected:<Sun Jan <N> <N>:<N>:<N> UTC <N>> but was:<Sun Jan <N> <N>:<N>:<N> UTC <N>>,com.alibaba.json.bvt.parser.DefaultExtJSONParser_parseArray.test_7,java.lang.AssertionError || expected:<Sun Jan <N> <N>:<N>:<N> UTC <N>> but was:<Sun Jan <N> <N>:<N>:<N> UTC <N>> || com.alibaba.json.bvt.parser.DefaultExtJSONParser_parseArray.test_7,180,PASS,NO
com.alibaba.json.bvt.parser.JSONScannerTest_colon#test_2,FAIL,java.lang.AssertionError,expected:<Sun Jan <N> <N>:<N>:<N> UTC <N>> but was:<Sun Jan <N> <N>:<N>:<N> UTC <N>>,com.alibaba.json.bvt.parser.DefaultExtJSONParser_parseArray.test_7,java.lang.AssertionError || expected:<Sun Jan <N> <N>:<N>:<N> UTC <N>> but was:<Sun Jan <N> <N>:<N>:<N> UTC <N>> || com.alibaba.json.bvt.parser.DefaultExtJSONParser_parseArray.test_7,209,PASS,NO
com.alibaba.json.bvt.parser.JSONScannerTest_colon#test_3,FAIL,java.lang.AssertionError,expected:<Sun Jan <N> <N>:<N>:<N> UTC <N>> but was:<Sun Jan <N> <N>:<N>:<N> UTC <N>>,com.alibaba.json.bvt.parser.DefaultExtJSONParser_parseArray.test_7,java.lang.AssertionError || expected:<Sun Jan <N> <N>:<N>:<N> UTC <N>> but was:<Sun Jan <N> <N>:<N>:<N> UTC <N>> || com.alibaba.json.bvt.parser.DefaultExtJSONParser_parseArray.test_7,212,PASS,NO
com.alibaba.json.bvt.parser.JSONScannerTest_colon#test_4,FAIL,java.lang.AssertionError,expected:<Sun Jan <N> <N>:<N>:<N> UTC <N>> but was:<Sun Jan <N> <N>:<N>:<N> UTC <N>>,com.alibaba.json.bvt.parser.DefaultExtJSONParser_parseArray.test_7,java.lang.AssertionError || expected:<Sun Jan <N> <N>:<N>:<N> UTC <N>> but was:<Sun Jan <N> <N>:<N>:<N> UTC <N>> || com.alibaba.json.bvt.parser.DefaultExtJSONParser_parseArray.test_7,218,PASS,NO
com.alibaba.json.bvt.parser.JSONScannerTest_colon#test_5,FAIL,java.lang.AssertionError,expected:<Sun Jan <N> <N>:<N>:<N> UTC <N>> but was:<Sun Jan <N> <N>:<N>:<N> UTC <N>>,com.alibaba.json.bvt.parser.DefaultExtJSONParser_parseArray.test_7,java.lang.AssertionError || expected:<Sun Jan <N> <N>:<N>:<N> UTC <N>> but was:<Sun Jan <N> <N>:<N>:<N> UTC <N>> || com.alibaba.json.bvt.parser.DefaultExtJSONParser_parseArray.test_7,199,PASS,NO
com.alibaba.json.bvt.parser.JSONScannerTest_colon#test_6,FAIL,java.lang.AssertionError,expected:<Sun Jan <N> <N>:<N>:<N> UTC <N>> but was:<Sun Jan <N> <N>:<N>:<N> UTC <N>>,com.alibaba.json.bvt.parser.DefaultExtJSONParser_parseArray.test_7,java.lang.AssertionError || expected:<Sun Jan <N> <N>:<N>:<N> UTC <N>> but was:<Sun Jan <N> <N>:<N>:<N> UTC <N>> || com.alibaba.json.bvt.parser.DefaultExtJSONParser_parseArray.test_7,223,PASS,NO
com.alibaba.json.bvt.parser.JSONScannerTest_colon#test_7,FAIL,java.lang.AssertionError,expected:<Sun Jan <N> <N>:<N>:<N> UTC <N>> but was:<Sun Jan <N> <N>:<N>:<N> UTC <N>>,com.alibaba.json.bvt.parser.DefaultExtJSONParser_parseArray.test_7,java.lang.AssertionError || expected:<Sun Jan <N> <N>:<N>:<N> UTC <N>> but was:<Sun Jan <N> <N>:<N>:<N> UTC <N>> || com.alibaba.json.bvt.parser.DefaultExtJSONParser_parseArray.test_7,170,PASS,NO
com.alibaba.json.bvt.parser.JSONScannerTest_colon#test_8,FAIL,java.lang.AssertionError,expected:<Sun Jan <N> <N>:<N>:<N> UTC <N>> but was:<Sun Jan <N> <N>:<N>:<N> UTC <N>>,com.alibaba.json.bvt.parser.DefaultExtJSONParser_parseArray.test_7,java.lang.AssertionError || expected:<Sun Jan <N> <N>:<N>:<N> UTC <N>> but was:<Sun Jan <N> <N>:<N>:<N> UTC <N>> || com.alibaba.json.bvt.parser.DefaultExtJSONParser_parseArray.test_7,224,PASS,NO
com.alibaba.json.bvt.parser.JSONScannerTest_colon#test_f,FAIL,java.lang.AssertionError,expected:<Sun Jan <N> <N>:<N>:<N> UTC <N>> but was:<Sun Jan <N> <N>:<N>:<N> UTC <N>>,com.alibaba.json.bvt.parser.DefaultExtJSONParser_parseArray.test_7,java.lang.AssertionError || expected:<Sun Jan <N> <N>:<N>:<N> UTC <N>> but was:<Sun Jan <N> <N>:<N>:<N> UTC <N>> || com.alibaba.json.bvt.parser.DefaultExtJSONParser_parseArray.test_7,216,PASS,NO
com.alibaba.json.bvt.parser.JSONScannerTest_false#test_scan_false_0,FAIL,java.lang.AssertionError,expected:<Sun Jan <N> <N>:<N>:<N> UTC <N>> but was:<Sun Jan <N> <N>:<N>:<N> UTC <N>>,com.alibaba.json.bvt.parser.DefaultExtJSONParser_parseArray.test_7,java.lang.AssertionError || expected:<Sun Jan <N> <N>:<N>:<N> UTC <N>> but was:<Sun Jan <N> <N>:<N>:<N> UTC <N>> || com.alibaba.json.bvt.parser.DefaultExtJSONParser_parseArray.test_7,180,PASS,NO
com.alibaba.json.bvt.parser.JSONScannerTest_false#test_scan_false_1,FAIL,java.lang.AssertionError,expected:<Sun Jan <N> <N>:<N>:<N> UTC <N>> but was:<Sun Jan <N> <N>:<N>:<N> UTC <N>>,com.alibaba.json.bvt.parser.DefaultExtJSONParser_parseArray.test_7,java.lang.AssertionError || expected:<Sun Jan <N> <N>:<N>:<N> UTC <N>> but was:<Sun Jan <N> <N>:<N>:<N> UTC <N>> || com.alibaba.json.bvt.parser.DefaultExtJSONParser_parseArray.test_7,199,PASS,NO
com.alibaba.json.bvt.parser.JSONScannerTest_false#test_scan_false_10,FAIL,java.lang.AssertionError,expected:<Sun Jan <N> <N>:<N>:<N> UTC <N>> but was:<Sun Jan <N> <N>:<N>:<N> UTC <N>>,com.alibaba.json.bvt.parser.DefaultExtJSONParser_parseArray.test_7,java.lang.AssertionError || expected:<Sun Jan <N> <N>:<N>:<N> UTC <N>> but was:<Sun Jan <N> <N>:<N>:<N> UTC <N>> || com.alibaba.json.bvt.parser.DefaultExtJSONParser_parseArray.test_7,177,PASS,NO
com.alibaba.json.bvt.parser.JSONScannerTest_false#test_scan_false_11,FAIL,java.lang.AssertionError,expected:<Sun Jan <N> <N>:<N>:<N> UTC <N>> but was:<Sun Jan <N> <N>:<N>:<N> UTC <N>>,com.alibaba.json.bvt.parser.DefaultExtJSONParser_parseArray.test_7,java.lang.AssertionError || expected:<Sun Jan <N> <N>:<N>:<N> UTC <N>> but was:<Sun Jan <N> <N>:<N>:<N> UTC <N>> || com.alibaba.json.bvt.parser.DefaultExtJSONParser_parseArray.test_7,221,PASS,NO
com.alibaba.json.bvt.parser.JSONScannerTest_false#test_scan_false_12,FAIL,java.lang.AssertionError,expected:<Sun Jan <N> <N>:<N>:<N> UTC <N>> but was:<Sun Jan <N> <N>:<N>:<N> UTC <N>>,com.alibaba.json.bvt.parser.DefaultExtJSONParser_parseArray.test_7,java.lang.AssertionError || expected:<Sun Jan <N> <N>:<N>:<N> UTC <N>> but was:<Sun Jan <N> <N>:<N>:<N> UTC <N>> || com.alibaba.json.bvt.parser.DefaultExtJSONParser_parseArray.test_7,226,PASS,NO
com.alibaba.json.bvt.parser.JSONScannerTest_false#test_scan_false_13,FAIL,java.lang.AssertionError,expected:<Sun Jan <N> <N>:<N>:<N> UTC <N>> but was:<Sun Jan <N> <N>:<N>:<N> UTC <N>>,com.alibaba.json.bvt.parser.DefaultExtJSONParser_parseArray.test_7,java.lang.AssertionError || expected:<Sun Jan <N> <N>:<N>:<N> UTC <N>> but was:<Sun Jan <N> <N>:<N>:<N> UTC <N>> || com.alibaba.json.bvt.parser.DefaultExtJSONParser_parseArray.test_7,203,PASS,NO
com.alibaba.json.bvt.parser.JSONScannerTest_false#test_scan_false_14,FAIL,java.lang.AssertionError,expected:<Sun Jan <N> <N>:<N>:<N> UTC <N>> but was:<Sun Jan <N> <N>:<N>:<N> UTC <N>>,com.alibaba.json.bvt.parser.DefaultExtJSONParser_parseArray.test_7,java.lang.AssertionError || expected:<Sun Jan <N> <N>:<N>:<N> UTC <N>> but was:<Sun Jan <N> <N>:<N>:<N> UTC <N>> || com.alibaba.json.bvt.parser.DefaultExtJSONParser_parseArray.test_7,203,PASS,NO
com.alibaba.json.bvt.parser.JSONScannerTest_false#test_scan_false_15,FAIL,java.lang.AssertionError,expected:<Sun Jan <N> <N>:<N>:<N> UTC <N>> but was:<Sun Jan <N> <N>:<N>:<N> UTC <N>>,com.alibaba.json.bvt.parser.DefaultExtJSONParser_parseArray.test_7,java.lang.AssertionError || expected:<Sun Jan <N> <N>:<N>:<N> UTC <N>> but was:<Sun Jan <N> <N>:<N>:<N> UTC <N>> || com.alibaba.json.bvt.parser.DefaultExtJSONParser_parseArray.test_7,172,PASS,NO
com.alibaba.json.bvt.parser.JSONScannerTest_false#test_scan_false_2,FAIL,java.lang.AssertionError,expected:<Sun Jan <N> <N>:<N>:<N> UTC <N>> but was:<Sun Jan <N> <N>:<N>:<N> UTC <N>>,com.alibaba.json.bvt.parser.DefaultExtJSONParser_parseArray.test_7,java.lang.AssertionError || expected:<Sun Jan <N> <N>:<N>:<N> UTC <N>> but was:<Sun Jan <N> <N>:<N>:<N> UTC <N>> || com.alibaba.json.bvt.parser.DefaultExtJSONParser_parseArray.test_7,191,PASS,NO
com.alibaba.json.bvt.parser.JSONScannerTest_false#test_scan_false_3,FAIL,java.lang.AssertionError,expected:<Sun Jan <N> <N>:<N>:<N> UTC <N>> but was:<Sun Jan <N> <N>:<N>:<N> UTC <N>>,com.alibaba.json.bvt.parser.DefaultExtJSONParser_parseArray.test_7,java.lang.AssertionError || expected:<Sun Jan <N> <N>:<N>:<N> UTC <N>> but was:<Sun Jan <N> <N>:<N>:<N> UTC <N>> || com.alibaba.json.bvt.parser.DefaultExtJSONParser_parseArray.test_7,198,PASS,NO
com.alibaba.json.bvt.parser.JSONScannerTest_false#test_scan_false_4,FAIL,java.lang.AssertionError,expected:<Sun Jan <N> <N>:<N>:<N> UTC <N>> but was:<Sun Jan <N> <N>:<N>:<N> UTC <N>>,com.alibaba.json.bvt.parser.DefaultExtJSONParser_parseArray.test_7,java.lang.AssertionError || expected:<Sun Jan <N> <N>:<N>:<N> UTC <N>> but was:<Sun Jan <N> <N>:<N>:<N> UTC <N>> || com.alibaba.json.bvt.parser.DefaultExtJSONParser_parseArray.test_7,207,PASS,NO
com.alibaba.json.bvt.parser.JSONScannerTest_false#test_scan_false_5,FAIL,java.lang.AssertionError,expected:<Sun Jan <N> <N>:<N>:<N> UTC <N>> but was:<Sun Jan <N> <N>:<N>:<N> UTC <N>>,com.alibaba.json.bvt.parser.DefaultExtJSONParser_parseArray.test_7,java.lang.AssertionError || expected:<Sun Jan <N> <N>:<N>:<N> UTC <N>> but was:<Sun Jan <N> <N>:<N>:<N> UTC <N>> || com.alibaba.json.bvt.parser.DefaultExtJSONParser_parseArray.test_7,211,PASS,NO
com.alibaba.json.bvt.parser.JSONScannerTest_false#test_scan_false_6,FAIL,java.lang.AssertionError,expected:<Sun Jan <N> <N>:<N>:<N> UTC <N>> but was:<Sun Jan <N> <N>:<N>:<N> UTC <N>>,com.alibaba.json.bvt.parser.DefaultExtJSONParser_parseArray.test_7,java.lang.AssertionError || expected:<Sun Jan <N> <N>:<N>:<N> UTC <N>> but was:<Sun Jan <N> <N>:<N>:<N> UTC <N>> || com.alibaba.json.bvt.parser.DefaultExtJSONParser_parseArray.test_7,224,PASS,NO
com.alibaba.json.bvt.parser.JSONScannerTest_false#test_scan_false_6_1,FAIL,java.lang.AssertionError,expected:<Sun Jan <N> <N>:<N>:<N> UTC <N>> but was:<Sun Jan <N> <N>:<N>:<N> UTC <N>>,com.alibaba.json.bvt.parser.DefaultExtJSONParser_parseArray.test_7,java.lang.AssertionError || expected:<Sun Jan <N> <N>:<N>:<N> UTC <N>> but was:<Sun Jan <N> <N>:<N>:<N> UTC <N>> || com.alibaba.json.bvt.parser.DefaultExtJSONParser_parseArray.test_7,207,PASS,NO
com.alibaba.json.bvt.parser.JSONScannerTest_false#test_scan_false_7,FAIL,java.lang.AssertionError,expected:<Sun Jan <N> <N>:<N>:<N> UTC <N>> but was:<Sun Jan <N> <N>:<N>:<N> UTC <N>>,com.alibaba.json.bvt.parser.DefaultExtJSONParser_parseArray.test_7,java.lang.AssertionError || expected:<Sun Jan <N> <N>:<N>:<N> UTC <N>> but was:<Sun Jan <N> <N>:<N>:<N> UTC <N>> || com.alibaba.json.bvt.parser.DefaultExtJSONParser_parseArray.test_7,196,PASS,NO
com.alibaba.json.bvt.parser.JSONScannerTest_false#test_scan_false_8,FAIL,java.lang.AssertionError,expected:<Sun Jan <N> <N>:<N>:<N> UTC <N>> but was:<Sun Jan <N> <N>:<N>:<N> UTC <N>>,com.alibaba.json.bvt.parser.DefaultExtJSONParser_parseArray.test_7,java.lang.AssertionError || expected:<Sun Jan <N> <N>:<N>:<N> UTC <N>> but was:<Sun Jan <N> <N>:<N>:<N> UTC <N>> || com.alibaba.json.bvt.parser.DefaultExtJSONParser_parseArray.test_7,163,PASS,NO
com.alibaba.json.bvt.parser.JSONScannerTest_false#test_scan_false_9,FAIL,java.lang.AssertionError,expected:<Sun Jan <N> <N>:<N>:<N> UTC <N>> but was:<Sun Jan <N> <N>:<N>:<N> UTC <N>>,com.alibaba.json.bvt.parser.DefaultExtJSONParser_parseArray.test_7,java.lang.AssertionError || expected:<Sun Jan <N> <N>:<N>:<N> UTC <N>> but was:<Sun Jan <N> <N>:<N>:<N> UTC <N>> || com.alibaba.json.bvt.parser.DefaultExtJSONParser_parseArray.test_7,182,PASS,NO
com.alibaba.json.bvt.parser.JSONScannerTest_ident#test_Date,FAIL,java.lang.AssertionError,expected:<Sun Jan <N> <N>:<N>:<N> UTC <N>> but was:<Sun Jan <N> <N>:<N>:<N> UTC <N>>,com.alibaba.json.bvt.parser.DefaultExtJSONParser_parseArray.test_7,java.lang.AssertionError || expected:<Sun Jan <N> <N>:<N>:<N> UTC <N>> but was:<Sun Jan <N> <N>:<N>:<N> UTC <N>> || com.alibaba.json.bvt.parser.DefaultExtJSONParser_parseArray.test_7,209,PASS,NO
com.alibaba.json.bvt.parser.JSONScannerTest_ident#test_false,FAIL,java.lang.AssertionError,expected:<Sun Jan <N> <N>:<N>:<N> UTC <N>> but was:<Sun Jan <N> <N>:<N>:<N> UTC <N>>,com.alibaba.json.bvt.parser.DefaultExtJSONParser_parseArray.test_7,java.lang.AssertionError || expected:<Sun Jan <N> <N>:<N>:<N> UTC <N>> but was:<Sun Jan <N> <N>:<N>:<N> UTC <N>> || com.alibaba.json.bvt.parser.DefaultExtJSONParser_parseArray.test_7,213,PASS,NO
com.alibaba.json.bvt.parser.JSONScannerTest_ident#test_new,FAIL,java.lang.AssertionError,expected:<Sun Jan <N> <N>:<N>:<N> UTC <N>> but was:<Sun Jan <N> <N>:<N>:<N> UTC <N>>,com.alibaba.json.bvt.parser.DefaultExtJSONParser_parseArray.test_7,java.lang.AssertionError || expected:<Sun Jan <N> <N>:<N>:<N> UTC <N>> but was:<Sun Jan <N> <N>:<N>:<N> UTC <N>> || com.alibaba.json.bvt.parser.DefaultExtJSONParser_parseArray.test_7,222,PASS,NO
com.alibaba.json.bvt.parser.JSONScannerTest_ident#test_null,FAIL,java.lang.AssertionError,expected:<Sun Jan <N> <N>:<N>:<N> UTC <N>> but was:<Sun Jan <N> <N>:<N>:<N> UTC <N>>,com.alibaba.json.bvt.parser.DefaultExtJSONParser_parseArray.test_7,java.lang.AssertionError || expected:<Sun Jan <N> <N>:<N>:<N> UTC <N>> but was:<Sun Jan <N> <N>:<N>:<N> UTC <N>> || com.alibaba.json.bvt.parser.DefaultExtJSONParser_parseArray.test_7,223,PASS,NO
com.alibaba.json.bvt.parser.JSONScannerTest_ident#test_true,FAIL,java.lang.AssertionError,expected:<Sun Jan <N> <N>:<N>:<N> UTC <N>> but was:<Sun Jan <N> <N>:<N>:<N> UTC <N>>,com.alibaba.json.bvt.parser.DefaultExtJSONParser_parseArray.test_7,java.lang.AssertionError || expected:<Sun Jan <N> <N>:<N>:<N> UTC <N>> but was:<Sun Jan <N> <N>:<N>:<N> UTC <N>> || com.alibaba.json.bvt.parser.DefaultExtJSONParser_parseArray.test_7,185,PASS,NO
com.alibaba.json.bvt.parser.JSONScannerTest_int#test_error_0,FAIL,java.lang.AssertionError,expected:<Sun Jan <N> <N>:<N>:<N> UTC <N>> but was:<Sun Jan <N> <N>:<N>:<N> UTC <N>>,com.alibaba.json.bvt.parser.DefaultExtJSONParser_parseArray.test_7,java.lang.AssertionError || expected:<Sun Jan <N> <N>:<N>:<N> UTC <N>> but was:<Sun Jan <N> <N>:<N>:<N> UTC <N>> || com.alibaba.json.bvt.parser.DefaultExtJSONParser_parseArray.test_7,200,PASS,NO
com.alibaba.json.bvt.parser.JSONScannerTest_int#test_error_1,FAIL,java.lang.AssertionError,expected:<Sun Jan <N> <N>:<N>:<N> UTC <N>> but was:<Sun Jan <N> <N>:<N>:<N> UTC <N>>,com.alibaba.json.bvt.parser.DefaultExtJSONParser_parseArray.test_7,java.lang.AssertionError || expected:<Sun Jan <N> <N>:<N>:<N> UTC <N>> but was:<Sun Jan <N> <N>:<N>:<N> UTC <N>> || com.alibaba.json.bvt.parser.DefaultExtJSONParser_parseArray.test_7,211,PASS,NO
com.alibaba.json.bvt.parser.JSONScannerTest_int#test_error_2,FAIL,java.lang.AssertionError,expected:<Sun Jan <N> <N>:<N>:<N> UTC <N>> but was:<Sun Jan <N> <N>:<N>:<N> UTC <N>>,com.alibaba.json.bvt.parser.DefaultExtJSONParser_parseArray.test_7,java.lang.AssertionError || expected:<Sun Jan <N> <N>:<N>:<N> UTC <N>> but was:<Sun Jan <N> <N>:<N>:<N> UTC <N>> || com.alibaba.json.bvt.parser.DefaultExtJSONParser_parseArray.test_7,160,PASS,NO
com.alibaba.json.bvt.parser.JSONScannerTest_int#test_error_3,FAIL,java.lang.AssertionError,expected:<Sun Jan <N> <N>:<N>:<N> UTC <N>> but was:<Sun Jan <N> <N>:<N>:<N> UTC <N>>,com.alibaba.json.bvt.parser.DefaultExtJSONParser_parseArray.test_7,java.lang.AssertionError || expected:<Sun Jan <N> <N>:<N>:<N> UTC <N>> but was:<Sun Jan <N> <N>:<N>:<N> UTC <N>> || com.alibaba.json.bvt.parser.DefaultExtJSONParser_parseArray.test_7,214,PASS,NO
com.alibaba.json.bvt.parser.JSONScannerTest_int#test_parse_long_2,FAIL,java.lang.AssertionError,expected:<Sun Jan <N> <N>:<N>:<N> UTC <N>> but was:<Sun Jan <N> <N>:<N>:<N> UTC <N>>,com.alibaba.json.bvt.parser.DefaultExtJSONParser_parseArray.test_7,java.lang.AssertionError || expected:<Sun Jan <N> <N>:<N>:<N> UTC <N>> but was:<Sun Jan <N> <N>:<N>:<N> UTC <N>> || com.alibaba.json.bvt.parser.DefaultExtJSONParser_parseArray.test_7,207,PASS,NO
com.alibaba.json.bvt.parser.JSONScannerTest_isEOF#test_0,FAIL,java.lang.AssertionError,expected:<Sun Jan <N> <N>:<N>:<N> UTC <N>> but was:<Sun Jan <N> <N>:<N>:<N> UTC <N>>,com.alibaba.json.bvt.parser.DefaultExtJSONParser_parseArray.test_7,java.lang.AssertionError || expected:<Sun Jan <N> <N>:<N>:<N> UTC <N>> but was:<Sun Jan <N> <N>:<N>:<N> UTC <N>> || com.alibaba.json.bvt.parser.DefaultExtJSONParser_parseArray.test_7,17,PASS,NO
com.alibaba.json.bvt.parser.JSONScannerTest_isEOF#test_1,FAIL,java.lang.AssertionError,expected:<Sun Jan <N> <N>:<N>:<N> UTC <N>> but was:<Sun Jan <N> <N>:<N>:<N> UTC <N>>,com.alibaba.json.bvt.parser.DefaultExtJSONParser_parseArray.test_7,java.lang.AssertionError || expected:<Sun Jan <N> <N>:<N>:<N> UTC <N>> but was:<Sun Jan <N> <N>:<N>:<N> UTC <N>> || com.alibaba.json.bvt.parser.DefaultExtJSONParser_parseArray.test_7,194,PASS,NO
com.alibaba.json.bvt.parser.JSONScannerTest_isEOF#test_2,FAIL,java.lang.AssertionError,expected:<Sun Jan <N> <N>:<N>:<N> UTC <N>> but was:<Sun Jan <N> <N>:<N>:<N> UTC <N>>,com.alibaba.json.bvt.parser.DefaultExtJSONParser_parseArray.test_7,java.lang.AssertionError || expected:<Sun Jan <N> <N>:<N>:<N> UTC <N>> but was:<Sun Jan <N> <N>:<N>:<N> UTC <N>> || com.alibaba.json.bvt.parser.DefaultExtJSONParser_parseArray.test_7,183,PASS,NO
com.alibaba.json.bvt.parser.JSONScannerTest_isEOF#test_3,FAIL,java.lang.AssertionError,expected:<Sun Jan <N> <N>:<N>:<N> UTC <N>> but was:<Sun Jan <N> <N>:<N>:<N> UTC <N>>,com.alibaba.json.bvt.parser.DefaultExtJSONParser_parseArray.test_7,java.lang.AssertionError || expected:<Sun Jan <N> <N>:<N>:<N> UTC <N>> but was:<Sun Jan <N> <N>:<N>:<N> UTC <N>> || com.alibaba.json.bvt.parser.DefaultExtJSONParser_parseArray.test_7,166,PASS,NO
com.alibaba.json.bvt.parser.JSONScannerTest_long#test_error_0,FAIL,java.lang.AssertionError,expected:<Sun Jan <N> <N>:<N>:<N> UTC <N>> but was:<Sun Jan <N> <N>:<N>:<N> UTC <N>>,com.alibaba.json.bvt.parser.DefaultExtJSONParser_parseArray.test_7,java.lang.AssertionError || expected:<Sun Jan <N> <N>:<N>:<N> UTC <N>> but was:<Sun Jan <N> <N>:<N>:<N> UTC <N>> || com.alibaba.json.bvt.parser.DefaultExtJSONParser_parseArray.test_7,197,PASS,NO
com.alibaba.json.bvt.parser.JSONScannerTest_long#test_error_1,FAIL,java.lang.AssertionError,expected:<Sun Jan <N> <N>:<N>:<N> UTC <N>> but was:<Sun Jan <N> <N>:<N>:<N> UTC <N>>,com.alibaba.json.bvt.parser.DefaultExtJSONParser_parseArray.test_7,java.lang.AssertionError || expected:<Sun Jan <N> <N>:<N>:<N> UTC <N>> but was:<Sun Jan <N> <N>:<N>:<N> UTC <N>> || com.alibaba.json.bvt.parser.DefaultExtJSONParser_parseArray.test_7,212,PASS,NO
com.alibaba.json.bvt.parser.JSONScannerTest_long#test_error_2,FAIL,java.lang.AssertionError,expected:<Sun Jan <N> <N>:<N>:<N> UTC <N>> but was:<Sun Jan <N> <N>:<N>:<N> UTC <N>>,com.alibaba.json.bvt.parser.DefaultExtJSONParser_parseArray.test_7,java.lang.AssertionError || expected:<Sun Jan <N> <N>:<N>:<N> UTC <N>> but was:<Sun Jan <N> <N>:<N>:<N> UTC <N>> || com.alibaba.json.bvt.parser.DefaultExtJSONParser_parseArray.test_7,182,PASS,NO
com.alibaba.json.bvt.parser.JSONScannerTest_long#test_error_3,FAIL,java.lang.AssertionError,expected:<Sun Jan <N> <N>:<N>:<N> UTC <N>> but was:<Sun Jan <N> <N>:<N>:<N> UTC <N>>,com.alibaba.json.bvt.parser.DefaultExtJSONParser_parseArray.test_7,java.lang.AssertionError || expected:<Sun Jan <N> <N>:<N>:<N> UTC <N>> but was:<Sun Jan <N> <N>:<N>:<N> UTC <N>> || com.alibaba.json.bvt.parser.DefaultExtJSONParser_parseArray.test_7,169,PASS,NO
com.alibaba.json.bvt.parser.JSONScannerTest_long#test_parse_long_2,FAIL,java.lang.AssertionError,expected:<Sun Jan <N> <N>:<N>:<N> UTC <N>> but was:<Sun Jan <N> <N>:<N>:<N> UTC <N>>,com.alibaba.json.bvt.parser.DefaultExtJSONParser_parseArray.test_7,java.lang.AssertionError || expected:<Sun Jan <N> <N>:<N>:<N> UTC <N>> but was:<Sun Jan <N> <N>:<N>:<N> UTC <N>> || com.alibaba.json.bvt.parser.DefaultExtJSONParser_parseArray.test_7,213,PASS,NO
com.alibaba.json.bvt.parser.JSONScannerTest_new#test_scan_new_0,FAIL,java.lang.AssertionError,expected:<Sun Jan <N> <N>:<N>:<N> UTC <N>> but was:<Sun Jan <N> <N>:<N>:<N> UTC <N>>,com.alibaba.json.bvt.parser.DefaultExtJSONParser_parseArray.test_7,java.lang.AssertionError || expected:<Sun Jan <N> <N>:<N>:<N> UTC <N>> but was:<Sun Jan <N> <N>:<N>:<N> UTC <N>> || com.alibaba.json.bvt.parser.DefaultExtJSONParser_parseArray.test_7,186,PASS,NO
com.alibaba.json.bvt.parser.JSONScannerTest_new#test_scan_new_1,FAIL,java.lang.AssertionError,expected:<Sun Jan <N> <N>:<N>:<N> UTC <N>> but was:<Sun Jan <N> <N>:<N>:<N> UTC <N>>,com.alibaba.json.bvt.parser.DefaultExtJSONParser_parseArray.test_7,java.lang.AssertionError || expected:<Sun Jan <N> <N>:<N>:<N> UTC <N>> but was:<Sun Jan <N> <N>:<N>:<N> UTC <N>> || com.alibaba.json.bvt.parser.DefaultExtJSONParser_parseArray.test_7,189,PASS,NO
com.alibaba.json.bvt.parser.JSONScannerTest_new#test_scan_new_10,FAIL,java.lang.AssertionError,expected:<Sun Jan <N> <N>:<N>:<N> UTC <N>> but was:<Sun Jan <N> <N>:<N>:<N> UTC <N>>,com.alibaba.json.bvt.parser.DefaultExtJSONParser_parseArray.test_7,java.lang.AssertionError || expected:<Sun Jan <N> <N>:<N>:<N> UTC <N>> but was:<Sun Jan <N> <N>:<N>:<N> UTC <N>> || com.alibaba.json.bvt.parser.DefaultExtJSONParser_parseArray.test_7,242,PASS,NO
com.alibaba.json.bvt.parser.JSONScannerTest_new#test_scan_new_11,FAIL,java.lang.AssertionError,expected:<Sun Jan <N> <N>:<N>:<N> UTC <N>> but was:<Sun Jan <N> <N>:<N>:<N> UTC <N>>,com.alibaba.json.bvt.parser.DefaultExtJSONParser_parseArray.test_7,java.lang.AssertionError || expected:<Sun Jan <N> <N>:<N>:<N> UTC <N>> but was:<Sun Jan <N> <N>:<N>:<N> UTC <N>> || com.alibaba.json.bvt.parser.DefaultExtJSONParser_parseArray.test_7,201,PASS,NO
com.alibaba.json.bvt.parser.JSONScannerTest_new#test_scan_new_12,FAIL,java.lang.AssertionError,expected:<Sun Jan <N> <N>:<N>:<N> UTC <N>> but was:<Sun Jan <N> <N>:<N>:<N> UTC <N>>,com.alibaba.json.bvt.parser.DefaultExtJSONParser_parseArray.test_7,java.lang.AssertionError || expected:<Sun Jan <N> <N>:<N>:<N> UTC <N>> but was:<Sun Jan <N> <N>:<N>:<N> UTC <N>> || com.alibaba.json.bvt.parser.DefaultExtJSONParser_parseArray.test_7,193,PASS,NO
com.alibaba.json.bvt.parser.JSONScannerTest_new#test_scan_new_13,FAIL,java.lang.AssertionError,expected:<Sun Jan <N> <N>:<N>:<N> UTC <N>> but was:<Sun Jan <N> <N>:<N>:<N> UTC <N>>,com.alibaba.json.bvt.parser.DefaultExtJSONParser_parseArray.test_7,java.lang.AssertionError || expected:<Sun Jan <N> <N>:<N>:<N> UTC <N>> but was:<Sun Jan <N> <N>:<N>:<N> UTC <N>> || com.alibaba.json.bvt.parser.DefaultExtJSONParser_parseArray.test_7,181,PASS,NO
com.alibaba.json.bvt.parser.JSONScannerTest_new#test_scan_new_14,FAIL,java.lang.AssertionError,expected:<Sun Jan <N> <N>:<N>:<N> UTC <N>> but was:<Sun Jan <N> <N>:<N>:<N> UTC <N>>,com.alibaba.json.bvt.parser.DefaultExtJSONParser_parseArray.test_7,java.lang.AssertionError || expected:<Sun Jan <N> <N>:<N>:<N> UTC <N>> but was:<Sun Jan <N> <N>:<N>:<N> UTC <N>> || com.alibaba.json.bvt.parser.DefaultExtJSONParser_parseArray.test_7,178,PASS,NO
com.alibaba.json.bvt.parser.JSONScannerTest_new#test_scan_new_15,FAIL,java.lang.AssertionError,expected:<Sun Jan <N> <N>:<N>:<N> UTC <N>> but was:<Sun Jan <N> <N>:<N>:<N> UTC <N>>,com.alibaba.json.bvt.parser.DefaultExtJSONParser_parseArray.test_7,java.lang.AssertionError || expected:<Sun Jan <N> <N>:<N>:<N> UTC <N>> but was:<Sun Jan <N> <N>:<N>:<N> UTC <N>> || com.alibaba.json.bvt.parser.DefaultExtJSONParser_parseArray.test_7,240,PASS,NO
com.alibaba.json.bvt.parser.JSONScannerTest_new#test_scan_new_2,FAIL,java.lang.AssertionError,expected:<Sun Jan <N> <N>:<N>:<N> UTC <N>> but was:<Sun Jan <N> <N>:<N>:<N> UTC <N>>,com.alibaba.json.bvt.parser.DefaultExtJSONParser_parseArray.test_7,java.lang.AssertionError || expected:<Sun Jan <N> <N>:<N>:<N> UTC <N>> but was:<Sun Jan <N> <N>:<N>:<N> UTC <N>> || com.alibaba.json.bvt.parser.DefaultExtJSONParser_parseArray.test_7,227,PASS,NO
com.alibaba.json.bvt.parser.JSONScannerTest_new#test_scan_new_3,FAIL,java.lang.AssertionError,expected:<Sun Jan <N> <N>:<N>:<N> UTC <N>> but was:<Sun Jan <N> <N>:<N>:<N> UTC <N>>,com.alibaba.json.bvt.parser.DefaultExtJSONParser_parseArray.test_7,java.lang.AssertionError || expected:<Sun Jan <N> <N>:<N>:<N> UTC <N>> but was:<Sun Jan <N> <N>:<N>:<N> UTC <N>> || com.alibaba.json.bvt.parser.DefaultExtJSONParser_parseArray.test_7,197,PASS,NO
com.alibaba.json.bvt.parser.JSONScannerTest_new#test_scan_new_4,FAIL,java.lang.AssertionError,expected:<Sun Jan <N> <N>:<N>:<N> UTC <N>> but was:<Sun Jan <N> <N>:<N>:<N> UTC <N>>,com.alibaba.json.bvt.parser.DefaultExtJSONParser_parseArray.test_7,java.lang.AssertionError || expected:<Sun Jan <N> <N>:<N>:<N> UTC <N>> but was:<Sun Jan <N> <N>:<N>:<N> UTC <N>> || com.alibaba.json.bvt.parser.DefaultExtJSONParser_parseArray.test_7,209,PASS,NO
com.alibaba.json.bvt.parser.JSONScannerTest_new#test_scan_new_5,FAIL,java.lang.AssertionError,expected:<Sun Jan <N> <N>:<N>:<N> UTC <N>> but was:<Sun Jan <N> <N>:<N>:<N> UTC <N>>,com.alibaba.json.bvt.parser.DefaultExtJSONParser_parseArray.test_7,java.lang.AssertionError || expected:<Sun Jan <N> <N>:<N>:<N> UTC <N>> but was:<Sun Jan <N> <N>:<N>:<N> UTC <N>> || com.alibaba.json.bvt.parser.DefaultExtJSONParser_parseArray.test_7,215,PASS,NO
com.alibaba.json.bvt.parser.JSONScannerTest_new#test_scan_new_6,FAIL,java.lang.AssertionError,expected:<Sun Jan <N> <N>:<N>:<N> UTC <N>> but was:<Sun Jan <N> <N>:<N>:<N> UTC <N>>,com.alibaba.json.bvt.parser.DefaultExtJSONParser_parseArray.test_7,java.lang.AssertionError || expected:<Sun Jan <N> <N>:<N>:<N> UTC <N>> but was:<Sun Jan <N> <N>:<N>:<N> UTC <N>> || com.alibaba.json.bvt.parser.DefaultExtJSONParser_parseArray.test_7,219,PASS,NO
com.alibaba.json.bvt.parser.JSONScannerTest_new#test_scan_new_7,FAIL,java.lang.AssertionError,expected:<Sun Jan <N> <N>:<N>:<N> UTC <N>> but was:<Sun Jan <N> <N>:<N>:<N> UTC <N>>,com.alibaba.json.bvt.parser.DefaultExtJSONParser_parseArray.test_7,java.lang.AssertionError || expected:<Sun Jan <N> <N>:<N>:<N> UTC <N>> but was:<Sun Jan <N> <N>:<N>:<N> UTC <N>> || com.alibaba.json.bvt.parser.DefaultExtJSONParser_parseArray.test_7,202,PASS,NO
com.alibaba.json.bvt.parser.JSONScannerTest_new#test_scan_new_8,FAIL,java.lang.AssertionError,expected:<Sun Jan <N> <N>:<N>:<N> UTC <N>> but was:<Sun Jan <N> <N>:<N>:<N> UTC <N>>,com.alibaba.json.bvt.parser.DefaultExtJSONParser_parseArray.test_7,java.lang.AssertionError || expected:<Sun Jan <N> <N>:<N>:<N> UTC <N>> but was:<Sun Jan <N> <N>:<N>:<N> UTC <N>> || com.alibaba.json.bvt.parser.DefaultExtJSONParser_parseArray.test_7,208,PASS,NO
com.alibaba.json.bvt.parser.JSONScannerTest_new#test_scan_new_9,FAIL,java.lang.AssertionError,expected:<Sun Jan <N> <N>:<N>:<N> UTC <N>> but was:<Sun Jan <N> <N>:<N>:<N> UTC <N>>,com.alibaba.json.bvt.parser.DefaultExtJSONParser_parseArray.test_7,java.lang.AssertionError || expected:<Sun Jan <N> <N>:<N>:<N> UTC <N>> but was:<Sun Jan <N> <N>:<N>:<N> UTC <N>> || com.alibaba.json.bvt.parser.DefaultExtJSONParser_parseArray.test_7,185,PASS,NO
com.alibaba.json.bvt.parser.JSONScannerTest_null#test_scan_false_14,FAIL,java.lang.AssertionError,expected:<Sun Jan <N> <N>:<N>:<N> UTC <N>> but was:<Sun Jan <N> <N>:<N>:<N> UTC <N>>,com.alibaba.json.bvt.parser.DefaultExtJSONParser_parseArray.test_7,java.lang.AssertionError || expected:<Sun Jan <N> <N>:<N>:<N> UTC <N>> but was:<Sun Jan <N> <N>:<N>:<N> UTC <N>> || com.alibaba.json.bvt.parser.DefaultExtJSONParser_parseArray.test_7,183,PASS,NO
com.alibaba.json.bvt.parser.JSONScannerTest_null#test_scan_false_15,FAIL,java.lang.AssertionError,expected:<Sun Jan <N> <N>:<N>:<N> UTC <N>> but was:<Sun Jan <N> <N>:<N>:<N> UTC <N>>,com.alibaba.json.bvt.parser.DefaultExtJSONParser_parseArray.test_7,java.lang.AssertionError || expected:<Sun Jan <N> <N>:<N>:<N> UTC <N>> but was:<Sun Jan <N> <N>:<N>:<N> UTC <N>> || com.alibaba.json.bvt.parser.DefaultExtJSONParser_parseArray.test_7,233,PASS,NO
com.alibaba.json.bvt.parser.JSONScannerTest_null#test_scan_null_0,FAIL,java.lang.AssertionError,expected:<Sun Jan <N> <N>:<N>:<N> UTC <N>> but was:<Sun Jan <N> <N>:<N>:<N> UTC <N>>,com.alibaba.json.bvt.parser.DefaultExtJSONParser_parseArray.test_7,java.lang.AssertionError || expected:<Sun Jan <N> <N>:<N>:<N> UTC <N>> but was:<Sun Jan <N> <N>:<N>:<N> UTC <N>> || com.alibaba.json.bvt.parser.DefaultExtJSONParser_parseArray.test_7,213,PASS,NO
com.alibaba.json.bvt.parser.JSONScannerTest_null#test_scan_null_1,FAIL,java.lang.AssertionError,expected:<Sun Jan <N> <N>:<N>:<N> UTC <N>> but was:<Sun Jan <N> <N>:<N>:<N> UTC <N>>,com.alibaba.json.bvt.parser.DefaultExtJSONParser_parseArray.test_7,java.lang.AssertionError || expected:<Sun Jan <N> <N>:<N>:<N> UTC <N>> but was:<Sun Jan <N> <N>:<N>:<N> UTC <N>> || com.alibaba.json.bvt.parser.DefaultExtJSONParser_parseArray.test_7,173,PASS,NO
com.alibaba.json.bvt.parser.JSONScannerTest_null#test_scan_null_10,FAIL,java.lang.AssertionError,expected:<Sun Jan <N> <N>:<N>:<N> UTC <N>> but was:<Sun Jan <N> <N>:<N>:<N> UTC <N>>,com.alibaba.json.bvt.parser.DefaultExtJSONParser_parseArray.test_7,java.lang.AssertionError || expected:<Sun Jan <N> <N>:<N>:<N> UTC <N>> but was:<Sun Jan <N> <N>:<N>:<N> UTC <N>> || com.alibaba.json.bvt.parser.DefaultExtJSONParser_parseArray.test_7,192,PASS,NO
com.alibaba.json.bvt.parser.JSONScannerTest_null#test_scan_null_11,FAIL,java.lang.AssertionError,expected:<Sun Jan <N> <N>:<N>:<N> UTC <N>> but was:<Sun Jan <N> <N>:<N>:<N> UTC <N>>,com.alibaba.json.bvt.parser.DefaultExtJSONParser_parseArray.test_7,java.lang.AssertionError || expected:<Sun Jan <N> <N>:<N>:<N> UTC <N>> but was:<Sun Jan <N> <N>:<N>:<N> UTC <N>> || com.alibaba.json.bvt.parser.DefaultExtJSONParser_parseArray.test_7,149,PASS,NO
com.alibaba.json.bvt.parser.JSONScannerTest_null#test_scan_null_12,FAIL,java.lang.AssertionError,expected:<Sun Jan <N> <N>:<N>:<N> UTC <N>> but was:<Sun Jan <N> <N>:<N>:<N> UTC <N>>,com.alibaba.json.bvt.parser.DefaultExtJSONParser_parseArray.test_7,java.lang.AssertionError || expected:<Sun Jan <N> <N>:<N>:<N> UTC <N>> but was:<Sun Jan <N> <N>:<N>:<N> UTC <N>> || com.alibaba.json.bvt.parser.DefaultExtJSONParser_parseArray.test_7,188,PASS,NO
com.alibaba.json.bvt.parser.JSONScannerTest_null#test_scan_null_13,FAIL,java.lang.AssertionError,expected:<Sun Jan <N> <N>:<N>:<N> UTC <N>> but was:<Sun Jan <N> <N>:<N>:<N> UTC <N>>,com.alibaba.json.bvt.parser.DefaultExtJSONParser_parseArray.test_7,java.lang.AssertionError || expected:<Sun Jan <N> <N>:<N>:<N> UTC <N>> but was:<Sun Jan <N> <N>:<N>:<N> UTC <N>> || com.alibaba.json.bvt.parser.DefaultExtJSONParser_parseArray.test_7,206,PASS,NO
com.alibaba.json.bvt.parser.JSONScannerTest_null#test_scan_null_2,FAIL,java.lang.AssertionError,expected:<Sun Jan <N> <N>:<N>:<N> UTC <N>> but was:<Sun Jan <N> <N>:<N>:<N> UTC <N>>,com.alibaba.json.bvt.parser.DefaultExtJSONParser_parseArray.test_7,java.lang.AssertionError || expected:<Sun Jan <N> <N>:<N>:<N> UTC <N>> but was:<Sun Jan <N> <N>:<N>:<N> UTC <N>> || com.alibaba.json.bvt.parser.DefaultExtJSONParser_parseArray.test_7,180,PASS,NO
com.alibaba.json.bvt.parser.JSONScannerTest_null#test_scan_null_3,FAIL,java.lang.AssertionError,expected:<Sun Jan <N> <N>:<N>:<N> UTC <N>> but was:<Sun Jan <N> <N>:<N>:<N> UTC <N>>,com.alibaba.json.bvt.parser.DefaultExtJSONParser_parseArray.test_7,java.lang.AssertionError || expected:<Sun Jan <N> <N>:<N>:<N> UTC <N>> but was:<Sun Jan <N> <N>:<N>:<N> UTC <N>> || com.alibaba.json.bvt.parser.DefaultExtJSONParser_parseArray.test_7,188,PASS,NO
com.alibaba.json.bvt.parser.JSONScannerTest_null#test_scan_null_4,FAIL,java.lang.AssertionError,expected:<Sun Jan <N> <N>:<N>:<N> UTC <N>> but was:<Sun Jan <N> <N>:<N>:<N> UTC <N>>,com.alibaba.json.bvt.parser.DefaultExtJSONParser_parseArray.test_7,java.lang.AssertionError || expected:<Sun Jan <N> <N>:<N>:<N> UTC <N>> but was:<Sun Jan <N> <N>:<N>:<N> UTC <N>> || com.alibaba.json.bvt.parser.DefaultExtJSONParser_parseArray.test_7,176,PASS,NO
com.alibaba.json.bvt.parser.JSONScannerTest_null#test_scan_null_5,FAIL,java.lang.AssertionError,expected:<Sun Jan <N> <N>:<N>:<N> UTC <N>> but was:<Sun Jan <N> <N>:<N>:<N> UTC <N>>,com.alibaba.json.bvt.parser.DefaultExtJSONParser_parseArray.test_7,java.lang.AssertionError || expected:<Sun Jan <N> <N>:<N>:<N> UTC <N>> but was:<Sun Jan <N> <N>:<N>:<N> UTC <N>> || com.alibaba.json.bvt.parser.DefaultExtJSONParser_parseArray.test_7,167,PASS,NO
com.alibaba.json.bvt.parser.JSONScannerTest_null#test_scan_null_6,FAIL,java.lang.AssertionError,expected:<Sun Jan <N> <N>:<N>:<N> UTC <N>> but was:<Sun Jan <N> <N>:<N>:<N> UTC <N>>,com.alibaba.json.bvt.parser.DefaultExtJSONParser_parseArray.test_7,java.lang.AssertionError || expected:<Sun Jan <N> <N>:<N>:<N> UTC <N>> but was:<Sun Jan <N> <N>:<N>:<N> UTC <N>> || com.alibaba.json.bvt.parser.DefaultExtJSONParser_parseArray.test_7,192,PASS,NO
com.alibaba.json.bvt.parser.JSONScannerTest_null#test_scan_null_7,FAIL,java.lang.AssertionError,expected:<Sun Jan <N> <N>:<N>:<N> UTC <N>> but was:<Sun Jan <N> <N>:<N>:<N> UTC <N>>,com.alibaba.json.bvt.parser.DefaultExtJSONParser_parseArray.test_7,java.lang.AssertionError || expected:<Sun Jan <N> <N>:<N>:<N> UTC <N>> but was:<Sun Jan <N> <N>:<N>:<N> UTC <N>> || com.alibaba.json.bvt.parser.DefaultExtJSONParser_parseArray.test_7,154,PASS,NO
com.alibaba.json.bvt.parser.JSONScannerTest_null#test_scan_null_8,FAIL,java.lang.AssertionError,expected:<Sun Jan <N> <N>:<N>:<N> UTC <N>> but was:<Sun Jan <N> <N>:<N>:<N> UTC <N>>,com.alibaba.json.bvt.parser.DefaultExtJSONParser_parseArray.test_7,java.lang.AssertionError || expected:<Sun Jan <N> <N>:<N>:<N> UTC <N>> but was:<Sun Jan <N> <N>:<N>:<N> UTC <N>> || com.alibaba.json.bvt.parser.DefaultExtJSONParser_parseArray.test_7,176,PASS,NO
com.alibaba.json.bvt.parser.JSONScannerTest_null#test_scan_null_9,FAIL,java.lang.AssertionError,expected:<Sun Jan <N> <N>:<N>:<N> UTC <N>> but was:<Sun Jan <N> <N>:<N>:<N> UTC <N>>,com.alibaba.json.bvt.parser.DefaultExtJSONParser_parseArray.test_7,java.lang.AssertionError || expected:<Sun Jan <N> <N>:<N>:<N> UTC <N>> but was:<Sun Jan <N> <N>:<N>:<N> UTC <N>> || com.alibaba.json.bvt.parser.DefaultExtJSONParser_parseArray.test_7,160,PASS,NO
com.alibaba.json.bvt.parser.JSONScannerTest_scanFieldBoolean#test_1,FAIL,java.lang.AssertionError,expected:<Sun Jan <N> <N>:<N>:<N> UTC <N>> but was:<Sun Jan <N> <N>:<N>:<N> UTC <N>>,com.alibaba.json.bvt.parser.DefaultExtJSONParser_parseArray.test_7,java.lang.AssertionError || expected:<Sun Jan <N> <N>:<N>:<N> UTC <N>> but was:<Sun Jan <N> <N>:<N>:<N> UTC <N>> || com.alibaba.json.bvt.parser.DefaultExtJSONParser_parseArray.test_7,18,PASS,NO
com.alibaba.json.bvt.parser.JSONScannerTest_scanFieldBoolean#test_2,FAIL,java.lang.AssertionError,expected:<Sun Jan <N> <N>:<N>:<N> UTC <N>> but was:<Sun Jan <N> <N>:<N>:<N> UTC <N>>,com.alibaba.json.bvt.parser.DefaultExtJSONParser_parseArray.test_7,java.lang.AssertionError || expected:<Sun Jan <N> <N>:<N>:<N> UTC <N>> but was:<Sun Jan <N> <N>:<N>:<N> UTC <N>> || com.alibaba.json.bvt.parser.DefaultExtJSONParser_parseArray.test_7,22,PASS,NO
com.alibaba.json.bvt.parser.JSONScannerTest_scanFieldBoolean#test_3,FAIL,java.lang.AssertionError,expected:<Sun Jan <N> <N>:<N>:<N> UTC <N>> but was:<Sun Jan <N> <N>:<N>:<N> UTC <N>>,com.alibaba.json.bvt.parser.DefaultExtJSONParser_parseArray.test_7,java.lang.AssertionError || expected:<Sun Jan <N> <N>:<N>:<N> UTC <N>> but was:<Sun Jan <N> <N>:<N>:<N> UTC <N>> || com.alibaba.json.bvt.parser.DefaultExtJSONParser_parseArray.test_7,17,PASS,NO
com.alibaba.json.bvt.parser.JSONScannerTest_scanFieldBoolean#test_5,FAIL,java.lang.AssertionError,expected:<Sun Jan <N> <N>:<N>:<N> UTC <N>> but was:<Sun Jan <N> <N>:<N>:<N> UTC <N>>,com.alibaba.json.bvt.parser.DefaultExtJSONParser_parseArray.test_7,java.lang.AssertionError || expected:<Sun Jan <N> <N>:<N>:<N> UTC <N>> but was:<Sun Jan <N> <N>:<N>:<N> UTC <N>> || com.alibaba.json.bvt.parser.DefaultExtJSONParser_parseArray.test_7,20,PASS,NO
com.alibaba.json.bvt.parser.JSONScannerTest_scanFieldBoolean#test_error_0,FAIL,java.lang.AssertionError,expected:<Sun Jan <N> <N>:<N>:<N> UTC <N>> but was:<Sun Jan <N> <N>:<N>:<N> UTC <N>>,com.alibaba.json.bvt.parser.DefaultExtJSONParser_parseArray.test_7,java.lang.AssertionError || expected:<Sun Jan <N> <N>:<N>:<N> UTC <N>> but was:<Sun Jan <N> <N>:<N>:<N> UTC <N>> || com.alibaba.json.bvt.parser.DefaultExtJSONParser_parseArray.test_7,21,PASS,NO
com.alibaba.json.bvt.parser.JSONScannerTest_scanFieldBoolean#test_error_1,FAIL,java.lang.AssertionError,expected:<Sun Jan <N> <N>:<N>:<N> UTC <N>> but was:<Sun Jan <N> <N>:<N>:<N> UTC <N>>,com.alibaba.json.bvt.parser.DefaultExtJSONParser_parseArray.test_7,java.lang.AssertionError || expected:<Sun Jan <N> <N>:<N>:<N> UTC <N>> but was:<Sun Jan <N> <N>:<N>:<N> UTC <N>> || com.alibaba.json.bvt.parser.DefaultExtJSONParser_parseArray.test_7,19,PASS,NO
com.alibaba.json.bvt.parser.JSONScannerTest_scanFieldBoolean#test_error_10,FAIL,java.lang.AssertionError,expected:<Sun Jan <N> <N>:<N>:<N> UTC <N>> but was:<Sun Jan <N> <N>:<N>:<N> UTC <N>>,com.alibaba.json.bvt.parser.DefaultExtJSONParser_parseArray.test_7,java.lang.AssertionError || expected:<Sun Jan <N> <N>:<N>:<N> UTC <N>> but was:<Sun Jan <N> <N>:<N>:<N> UTC <N>> || com.alibaba.json.bvt.parser.DefaultExtJSONParser_parseArray.test_7,23,PASS,NO
com.alibaba.json.bvt.parser.JSONScannerTest_scanFieldBoolean#test_error_11,FAIL,java.lang.AssertionError,expected:<Sun Jan <N> <N>:<N>:<N> UTC <N>> but was:<Sun Jan <N> <N>:<N>:<N> UTC <N>>,com.alibaba.json.bvt.parser.DefaultExtJSONParser_parseArray.test_7,java.lang.AssertionError || expected:<Sun Jan <N> <N>:<N>:<N> UTC <N>> but was:<Sun Jan <N> <N>:<N>:<N> UTC <N>> || com.alibaba.json.bvt.parser.DefaultExtJSONParser_parseArray.test_7,18,PASS,NO
com.alibaba.json.bvt.parser.JSONScannerTest_scanFieldBoolean#test_error_12,FAIL,java.lang.AssertionError,expected:<Sun Jan <N> <N>:<N>:<N> UTC <N>> but was:<Sun Jan <N> <N>:<N>:<N> UTC <N>>,com.alibaba.json.bvt.parser.DefaultExtJSONParser_parseArray.test_7,java.lang.AssertionError || expected:<Sun Jan <N> <N>:<N>:<N> UTC <N>> but was:<Sun Jan <N> <N>:<N>:<N> UTC <N>> || com.alibaba.json.bvt.parser.DefaultExtJSONParser_parseArray.test_7,21,PASS,NO
com.alibaba.json.bvt.parser.JSONScannerTest_scanFieldBoolean#test_error_13,FAIL,java.lang.AssertionError,expected:<Sun Jan <N> <N>:<N>:<N> UTC <N>> but was:<Sun Jan <N> <N>:<N>:<N> UTC <N>>,com.alibaba.json.bvt.parser.DefaultExtJSONParser_parseArray.test_7,java.lang.AssertionError || expected:<Sun Jan <N> <N>:<N>:<N> UTC <N>> but was:<Sun Jan <N> <N>:<N>:<N> UTC <N>> || com.alibaba.json.bvt.parser.DefaultExtJSONParser_parseArray.test_7,17,PASS,NO
com.alibaba.json.bvt.parser.JSONScannerTest_scanFieldBoolean#test_error_2,FAIL,java.lang.AssertionError,expected:<Sun Jan <N> <N>:<N>:<N> UTC <N>> but was:<Sun Jan <N> <N>:<N>:<N> UTC <N>>,com.alibaba.json.bvt.parser.DefaultExtJSONParser_parseArray.test_7,java.lang.AssertionError || expected:<Sun Jan <N> <N>:<N>:<N> UTC <N>> but was:<Sun Jan <N> <N>:<N>:<N> UTC <N>> || com.alibaba.json.bvt.parser.DefaultExtJSONParser_parseArray.test_7,19,PASS,NO
com.alibaba.json.bvt.parser.JSONScannerTest_scanFieldBoolean#test_error_3,FAIL,java.lang.AssertionError,expected:<Sun Jan <N> <N>:<N>:<N> UTC <N>> but was:<Sun Jan <N> <N>:<N>:<N> UTC <N>>,com.alibaba.json.bvt.parser.DefaultExtJSONParser_parseArray.test_7,java.lang.AssertionError || expected:<Sun Jan <N> <N>:<N>:<N> UTC <N>> but was:<Sun Jan <N> <N>:<N>:<N> UTC <N>> || com.alibaba.json.bvt.parser.DefaultExtJSONParser_parseArray.test_7,20,PASS,NO
com.alibaba.json.bvt.parser.JSONScannerTest_scanFieldBoolean#test_error_4,FAIL,java.lang.AssertionError,expected:<Sun Jan <N> <N>:<N>:<N> UTC <N>> but was:<Sun Jan <N> <N>:<N>:<N> UTC <N>>,com.alibaba.json.bvt.parser.DefaultExtJSONParser_parseArray.test_7,java.lang.AssertionError || expected:<Sun Jan <N> <N>:<N>:<N> UTC <N>> but was:<Sun Jan <N> <N>:<N>:<N> UTC <N>> || com.alibaba.json.bvt.parser.DefaultExtJSONParser_parseArray.test_7,27,PASS,NO
com.alibaba.json.bvt.parser.JSONScannerTest_scanFieldBoolean#test_error_5,FAIL,java.lang.AssertionError,expected:<Sun Jan <N> <N>:<N>:<N> UTC <N>> but was:<Sun Jan <N> <N>:<N>:<N> UTC <N>>,com.alibaba.json.bvt.parser.DefaultExtJSONParser_parseArray.test_7,java.lang.AssertionError || expected:<Sun Jan <N> <N>:<N>:<N> UTC <N>> but was:<Sun Jan <N> <N>:<N>:<N> UTC <N>> || com.alibaba.json.bvt.parser.DefaultExtJSONParser_parseArray.test_7,30,PASS,NO
com.alibaba.json.bvt.parser.JSONScannerTest_scanFieldBoolean#test_error_6,FAIL,java.lang.AssertionError,expected:<Sun Jan <N> <N>:<N>:<N> UTC <N>> but was:<Sun Jan <N> <N>:<N>:<N> UTC <N>>,com.alibaba.json.bvt.parser.DefaultExtJSONParser_parseArray.test_7,java.lang.AssertionError || expected:<Sun Jan <N> <N>:<N>:<N> UTC <N>> but was:<Sun Jan <N> <N>:<N>:<N> UTC <N>> || com.alibaba.json.bvt.parser.DefaultExtJSONParser_parseArray.test_7,19,PASS,NO
com.alibaba.json.bvt.parser.JSONScannerTest_scanFieldBoolean#test_error_7,FAIL,java.lang.AssertionError,expected:<Sun Jan <N> <N>:<N>:<N> UTC <N>> but was:<Sun Jan <N> <N>:<N>:<N> UTC <N>>,com.alibaba.json.bvt.parser.DefaultExtJSONParser_parseArray.test_7,java.lang.AssertionError || expected:<Sun Jan <N> <N>:<N>:<N> UTC <N>> but was:<Sun Jan <N> <N>:<N>:<N> UTC <N>> || com.alibaba.json.bvt.parser.DefaultExtJSONParser_parseArray.test_7,14,PASS,NO
com.alibaba.json.bvt.parser.JSONScannerTest_scanFieldBoolean#test_error_8,FAIL,java.lang.AssertionError,expected:<Sun Jan <N> <N>:<N>:<N> UTC <N>> but was:<Sun Jan <N> <N>:<N>:<N> UTC <N>>,com.alibaba.json.bvt.parser.DefaultExtJSONParser_parseArray.test_7,java.lang.AssertionError || expected:<Sun Jan <N> <N>:<N>:<N> UTC <N>> but was:<Sun Jan <N> <N>:<N>:<N> UTC <N>> || com.alibaba.json.bvt.parser.DefaultExtJSONParser_parseArray.test_7,15,PASS,NO
com.alibaba.json.bvt.parser.JSONScannerTest_scanFieldBoolean#test_error_9,FAIL,java.lang.AssertionError,expected:<Sun Jan <N> <N>:<N>:<N> UTC <N>> but was:<Sun Jan <N> <N>:<N>:<N> UTC <N>>,com.alibaba.json.bvt.parser.DefaultExtJSONParser_parseArray.test_7,java.lang.AssertionError || expected:<Sun Jan <N> <N>:<N>:<N> UTC <N>> but was:<Sun Jan <N> <N>:<N>:<N> UTC <N>> || com.alibaba.json.bvt.parser.DefaultExtJSONParser_parseArray.test_7,28,PASS,NO
com.alibaba.json.bvt.parser.JSONScannerTest_scanFieldBoolean#test_false,FAIL,java.lang.AssertionError,expected:<Sun Jan <N> <N>:<N>:<N> UTC <N>> but was:<Sun Jan <N> <N>:<N>:<N> UTC <N>>,com.alibaba.json.bvt.parser.DefaultExtJSONParser_parseArray.test_7,java.lang.AssertionError || expected:<Sun Jan <N> <N>:<N>:<N> UTC <N>> but was:<Sun Jan <N> <N>:<N>:<N> UTC <N>> || com.alibaba.json.bvt.parser.DefaultExtJSONParser_parseArray.test_7,20,PASS,NO
com.alibaba.json.bvt.parser.JSONScannerTest_scanFieldBoolean#test_true,FAIL,java.lang.AssertionError,expected:<Sun Jan <N> <N>:<N>:<N> UTC <N>> but was:<Sun Jan <N> <N>:<N>:<N> UTC <N>>,com.alibaba.json.bvt.parser.DefaultExtJSONParser_parseArray.test_7,java.lang.AssertionError || expected:<Sun Jan <N> <N>:<N>:<N> UTC <N>> but was:<Sun Jan <N> <N>:<N>:<N> UTC <N>> || com.alibaba.json.bvt.parser.DefaultExtJSONParser_parseArray.test_7,22,PASS,NO
com.alibaba.json.bvt.parser.JSONScannerTest_scanFieldBoolean_unquote#test_4,FAIL,java.lang.AssertionError,expected:<Sun Jan <N> <N>:<N>:<N> UTC <N>> but was:<Sun Jan <N> <N>:<N>:<N> UTC <N>>,com.alibaba.json.bvt.parser.DefaultExtJSONParser_parseArray.test_7,java.lang.AssertionError || expected:<Sun Jan <N> <N>:<N>:<N> UTC <N>> but was:<Sun Jan <N> <N>:<N>:<N> UTC <N>> || com.alibaba.json.bvt.parser.DefaultExtJSONParser_parseArray.test_7,22,PASS,NO
com.alibaba.json.bvt.parser.JSONScannerTest_scanFieldDouble#test_0,FAIL,java.lang.AssertionError,expected:<Sun Jan <N> <N>:<N>:<N> UTC <N>> but was:<Sun Jan <N> <N>:<N>:<N> UTC <N>>,com.alibaba.json.bvt.parser.DefaultExtJSONParser_parseArray.test_7,java.lang.AssertionError || expected:<Sun Jan <N> <N>:<N>:<N> UTC <N>> but was:<Sun Jan <N> <N>:<N>:<N> UTC <N>> || com.alibaba.json.bvt.parser.DefaultExtJSONParser_parseArray.test_7,34,PASS,NO
com.alibaba.json.bvt.parser.JSONScannerTest_scanFieldDouble#test_1,FAIL,java.lang.AssertionError,expected:<Sun Jan <N> <N>:<N>:<N> UTC <N>> but was:<Sun Jan <N> <N>:<N>:<N> UTC <N>>,com.alibaba.json.bvt.parser.DefaultExtJSONParser_parseArray.test_7,java.lang.AssertionError || expected:<Sun Jan <N> <N>:<N>:<N> UTC <N>> but was:<Sun Jan <N> <N>:<N>:<N> UTC <N>> || com.alibaba.json.bvt.parser.DefaultExtJSONParser_parseArray.test_7,18,PASS,NO
com.alibaba.json.bvt.parser.JSONScannerTest_scanFieldDouble#test_2,FAIL,java.lang.AssertionError,expected:<Sun Jan <N> <N>:<N>:<N> UTC <N>> but was:<Sun Jan <N> <N>:<N>:<N> UTC <N>>,com.alibaba.json.bvt.parser.DefaultExtJSONParser_parseArray.test_7,java.lang.AssertionError || expected:<Sun Jan <N> <N>:<N>:<N> UTC <N>> but was:<Sun Jan <N> <N>:<N>:<N> UTC <N>> || com.alibaba.json.bvt.parser.DefaultExtJSONParser_parseArray.test_7,25,PASS,NO
com.alibaba.json.bvt.parser.JSONScannerTest_scanFieldDouble#test_3,FAIL,java.lang.AssertionError,expected:<Sun Jan <N> <N>:<N>:<N> UTC <N>> but was:<Sun Jan <N> <N>:<N>:<N> UTC <N>>,com.alibaba.json.bvt.parser.DefaultExtJSONParser_parseArray.test_7,java.lang.AssertionError || expected:<Sun Jan <N> <N>:<N>:<N> UTC <N>> but was:<Sun Jan <N> <N>:<N>:<N> UTC <N>> || com.alibaba.json.bvt.parser.DefaultExtJSONParser_parseArray.test_7,24,PASS,NO
com.alibaba.json.bvt.parser.JSONScannerTest_scanFieldDouble#test_4,FAIL,java.lang.AssertionError,expected:<Sun Jan <N> <N>:<N>:<N> UTC <N>> but was:<Sun Jan <N> <N>:<N>:<N> UTC <N>>,com.alibaba.json.bvt.parser.DefaultExtJSONParser_parseArray.test_7,java.lang.AssertionError || expected:<Sun Jan <N> <N>:<N>:<N> UTC <N>> but was:<Sun Jan <N> <N>:<N>:<N> UTC <N>> || com.alibaba.json.bvt.parser.DefaultExtJSONParser_parseArray.test_7,16,PASS,NO
com.alibaba.json.bvt.parser.JSONScannerTest_scanFieldDouble#test_5,FAIL,java.lang.AssertionError,expected:<Sun Jan <N> <N>:<N>:<N> UTC <N>> but was:<Sun Jan <N> <N>:<N>:<N> UTC <N>>,com.alibaba.json.bvt.parser.DefaultExtJSONParser_parseArray.test_7,java.lang.AssertionError || expected:<Sun Jan <N> <N>:<N>:<N> UTC <N>> but was:<Sun Jan <N> <N>:<N>:<N> UTC <N>> || com.alibaba.json.bvt.parser.DefaultExtJSONParser_parseArray.test_7,15,PASS,NO
com.alibaba.json.bvt.parser.JSONScannerTest_scanFieldDouble#test_error_10,FAIL,java.lang.AssertionError,expected:<Sun Jan <N> <N>:<N>:<N> UTC <N>> but was:<Sun Jan <N> <N>:<N>:<N> UTC <N>>,com.alibaba.json.bvt.parser.DefaultExtJSONParser_parseArray.test_7,java.lang.AssertionError || expected:<Sun Jan <N> <N>:<N>:<N> UTC <N>> but was:<Sun Jan <N> <N>:<N>:<N> UTC <N>> || com.alibaba.json.bvt.parser.DefaultExtJSONParser_parseArray.test_7,31,PASS,NO
com.alibaba.json.bvt.parser.JSONScannerTest_scanFieldDouble#test_error_11,FAIL,java.lang.AssertionError,expected:<Sun Jan <N> <N>:<N>:<N> UTC <N>> but was:<Sun Jan <N> <N>:<N>:<N> UTC <N>>,com.alibaba.json.bvt.parser.DefaultExtJSONParser_parseArray.test_7,java.lang.AssertionError || expected:<Sun Jan <N> <N>:<N>:<N> UTC <N>> but was:<Sun Jan <N> <N>:<N>:<N> UTC <N>> || com.alibaba.json.bvt.parser.DefaultExtJSONParser_parseArray.test_7,29,PASS,NO
com.alibaba.json.bvt.parser.JSONScannerTest_scanFieldDouble#test_error_2,FAIL,java.lang.AssertionError,expected:<Sun Jan <N> <N>:<N>:<N> UTC <N>> but was:<Sun Jan <N> <N>:<N>:<N> UTC <N>>,com.alibaba.json.bvt.parser.DefaultExtJSONParser_parseArray.test_7,java.lang.AssertionError || expected:<Sun Jan <N> <N>:<N>:<N> UTC <N>> but was:<Sun Jan <N> <N>:<N>:<N> UTC <N>> || com.alibaba.json.bvt.parser.DefaultExtJSONParser_parseArray.test_7,25,PASS,NO
com.alibaba.json.bvt.parser.JSONScannerTest_scanFieldDouble#test_error_3,FAIL,java.lang.AssertionError,expected:<Sun Jan <N> <N>:<N>:<N> UTC <N>> but was:<Sun Jan <N> <N>:<N>:<N> UTC <N>>,com.alibaba.json.bvt.parser.DefaultExtJSONParser_parseArray.test_7,java.lang.AssertionError || expected:<Sun Jan <N> <N>:<N>:<N> UTC <N>> but was:<Sun Jan <N> <N>:<N>:<N> UTC <N>> || com.alibaba.json.bvt.parser.DefaultExtJSONParser_parseArray.test_7,32,PASS,NO
com.alibaba.json.bvt.parser.JSONScannerTest_scanFieldDouble#test_error_4,FAIL,java.lang.AssertionError,expected:<Sun Jan <N> <N>:<N>:<N> UTC <N>> but was:<Sun Jan <N> <N>:<N>:<N> UTC <N>>,com.alibaba.json.bvt.parser.DefaultExtJSONParser_parseArray.test_7,java.lang.AssertionError || expected:<Sun Jan <N> <N>:<N>:<N> UTC <N>> but was:<Sun Jan <N> <N>:<N>:<N> UTC <N>> || com.alibaba.json.bvt.parser.DefaultExtJSONParser_parseArray.test_7,17,PASS,NO
com.alibaba.json.bvt.parser.JSONScannerTest_scanFieldDouble#test_error_5,FAIL,java.lang.AssertionError,expected:<Sun Jan <N> <N>:<N>:<N> UTC <N>> but was:<Sun Jan <N> <N>:<N>:<N> UTC <N>>,com.alibaba.json.bvt.parser.DefaultExtJSONParser_parseArray.test_7,java.lang.AssertionError || expected:<Sun Jan <N> <N>:<N>:<N> UTC <N>> but was:<Sun Jan <N> <N>:<N>:<N> UTC <N>> || com.alibaba.json.bvt.parser.DefaultExtJSONParser_parseArray.test_7,23,PASS,NO
com.alibaba.json.bvt.parser.JSONScannerTest_scanFieldDouble#test_error_6,FAIL,java.lang.AssertionError,expected:<Sun Jan <N> <N>:<N>:<N> UTC <N>> but was:<Sun Jan <N> <N>:<N>:<N> UTC <N>>,com.alibaba.json.bvt.parser.DefaultExtJSONParser_parseArray.test_7,java.lang.AssertionError || expected:<Sun Jan <N> <N>:<N>:<N> UTC <N>> but was:<Sun Jan <N> <N>:<N>:<N> UTC <N>> || com.alibaba.json.bvt.parser.DefaultExtJSONParser_parseArray.test_7,19,PASS,NO
com.alibaba.json.bvt.parser.JSONScannerTest_scanFieldDouble#test_error_7,FAIL,java.lang.AssertionError,expected:<Sun Jan <N> <N>:<N>:<N> UTC <N>> but was:<Sun Jan <N> <N>:<N>:<N> UTC <N>>,com.alibaba.json.bvt.parser.DefaultExtJSONParser_parseArray.test_7,java.lang.AssertionError || expected:<Sun Jan <N> <N>:<N>:<N> UTC <N>> but was:<Sun Jan <N> <N>:<N>:<N> UTC <N>> || com.alibaba.json.bvt.parser.DefaultExtJSONParser_parseArray.test_7,30,PASS,NO
com.alibaba.json.bvt.parser.JSONScannerTest_scanFieldDouble#test_error_8,FAIL,java.lang.AssertionError,expected:<Sun Jan <N> <N>:<N>:<N> UTC <N>> but was:<Sun Jan <N> <N>:<N>:<N> UTC <N>>,com.alibaba.json.bvt.parser.DefaultExtJSONParser_parseArray.test_7,java.lang.AssertionError || expected:<Sun Jan <N> <N>:<N>:<N> UTC <N>> but was:<Sun Jan <N> <N>:<N>:<N> UTC <N>> || com.alibaba.json.bvt.parser.DefaultExtJSONParser_parseArray.test_7,35,PASS,NO
com.alibaba.json.bvt.parser.JSONScannerTest_scanFieldDouble#test_error_9,FAIL,java.lang.AssertionError,expected:<Sun Jan <N> <N>:<N>:<N> UTC <N>> but was:<Sun Jan <N> <N>:<N>:<N> UTC <N>>,com.alibaba.json.bvt.parser.DefaultExtJSONParser_parseArray.test_7,java.lang.AssertionError || expected:<Sun Jan <N> <N>:<N>:<N> UTC <N>> but was:<Sun Jan <N> <N>:<N>:<N> UTC <N>> || com.alibaba.json.bvt.parser.DefaultExtJSONParser_parseArray.test_7,33,PASS,NO
com.alibaba.json.bvt.parser.JSONScannerTest_scanFieldFloat#test_0,FAIL,java.lang.AssertionError,expected:<Sun Jan <N> <N>:<N>:<N> UTC <N>> but was:<Sun Jan <N> <N>:<N>:<N> UTC <N>>,com.alibaba.json.bvt.parser.DefaultExtJSONParser_parseArray.test_7,java.lang.AssertionError || expected:<Sun Jan <N> <N>:<N>:<N> UTC <N>> but was:<Sun Jan <N> <N>:<N>:<N> UTC <N>> || com.alibaba.json.bvt.parser.DefaultExtJSONParser_parseArray.test_7,31,PASS,NO
com.alibaba.json.bvt.parser.JSONScannerTest_scanFieldFloat#test_1,FAIL,java.lang.AssertionError,expected:<Sun Jan <N> <N>:<N>:<N> UTC <N>> but was:<Sun Jan <N> <N>:<N>:<N> UTC <N>>,com.alibaba.json.bvt.parser.DefaultExtJSONParser_parseArray.test_7,java.lang.AssertionError || expected:<Sun Jan <N> <N>:<N>:<N> UTC <N>> but was:<Sun Jan <N> <N>:<N>:<N> UTC <N>> || com.alibaba.json.bvt.parser.DefaultExtJSONParser_parseArray.test_7,26,PASS,NO
com.alibaba.json.bvt.parser.JSONScannerTest_scanFieldFloat#test_2,FAIL,java.lang.AssertionError,expected:<Sun Jan <N> <N>:<N>:<N> UTC <N>> but was:<Sun Jan <N> <N>:<N>:<N> UTC <N>>,com.alibaba.json.bvt.parser.DefaultExtJSONParser_parseArray.test_7,java.lang.AssertionError || expected:<Sun Jan <N> <N>:<N>:<N> UTC <N>> but was:<Sun Jan <N> <N>:<N>:<N> UTC <N>> || com.alibaba.json.bvt.parser.DefaultExtJSONParser_parseArray.test_7,23,PASS,NO
com.alibaba.json.bvt.parser.JSONScannerTest_scanFieldFloat#test_3,FAIL,java.lang.AssertionError,expected:<Sun Jan <N> <N>:<N>:<N> UTC <N>> but was:<Sun Jan <N> <N>:<N>:<N> UTC <N>>,com.alibaba.json.bvt.parser.DefaultExtJSONParser_parseArray.test_7,java.lang.AssertionError || expected:<Sun Jan <N> <N>:<N>:<N> UTC <N>> but was:<Sun Jan <N> <N>:<N>:<N> UTC <N>> || com.alibaba.json.bvt.parser.DefaultExtJSONParser_parseArray.test_7,30,PASS,NO
com.alibaba.json.bvt.parser.JSONScannerTest_scanFieldFloat#test_4,FAIL,java.lang.AssertionError,expected:<Sun Jan <N> <N>:<N>:<N> UTC <N>> but was:<Sun Jan <N> <N>:<N>:<N> UTC <N>>,com.alibaba.json.bvt.parser.DefaultExtJSONParser_parseArray.test_7,java.lang.AssertionError || expected:<Sun Jan <N> <N>:<N>:<N> UTC <N>> but was:<Sun Jan <N> <N>:<N>:<N> UTC <N>> || com.alibaba.json.bvt.parser.DefaultExtJSONParser_parseArray.test_7,34,PASS,NO
com.alibaba.json.bvt.parser.JSONScannerTest_scanFieldFloat#test_error_1,FAIL,java.lang.AssertionError,expected:<Sun Jan <N> <N>:<N>:<N> UTC <N>> but was:<Sun Jan <N> <N>:<N>:<N> UTC <N>>,com.alibaba.json.bvt.parser.DefaultExtJSONParser_parseArray.test_7,java.lang.AssertionError || expected:<Sun Jan <N> <N>:<N>:<N> UTC <N>> but was:<Sun Jan <N> <N>:<N>:<N> UTC <N>> || com.alibaba.json.bvt.parser.DefaultExtJSONParser_parseArray.test_7,31,PASS,NO
com.alibaba.json.bvt.parser.JSONScannerTest_scanFieldFloat#test_error_10,FAIL,java.lang.AssertionError,expected:<Sun Jan <N> <N>:<N>:<N> UTC <N>> but was:<Sun Jan <N> <N>:<N>:<N> UTC <N>>,com.alibaba.json.bvt.parser.DefaultExtJSONParser_parseArray.test_7,java.lang.AssertionError || expected:<Sun Jan <N> <N>:<N>:<N> UTC <N>> but was:<Sun Jan <N> <N>:<N>:<N> UTC <N>> || com.alibaba.json.bvt.parser.DefaultExtJSONParser_parseArray.test_7,27,PASS,NO
com.alibaba.json.bvt.parser.JSONScannerTest_scanFieldFloat#test_error_11,FAIL,java.lang.AssertionError,expected:<Sun Jan <N> <N>:<N>:<N> UTC <N>> but was:<Sun Jan <N> <N>:<N>:<N> UTC <N>>,com.alibaba.json.bvt.parser.DefaultExtJSONParser_parseArray.test_7,java.lang.AssertionError || expected:<Sun Jan <N> <N>:<N>:<N> UTC <N>> but was:<Sun Jan <N> <N>:<N>:<N> UTC <N>> || com.alibaba.json.bvt.parser.DefaultExtJSONParser_parseArray.test_7,30,PASS,NO
com.alibaba.json.bvt.parser.JSONScannerTest_scanFieldFloat#test_error_2,FAIL,java.lang.AssertionError,expected:<Sun Jan <N> <N>:<N>:<N> UTC <N>> but was:<Sun Jan <N> <N>:<N>:<N> UTC <N>>,com.alibaba.json.bvt.parser.DefaultExtJSONParser_parseArray.test_7,java.lang.AssertionError || expected:<Sun Jan <N> <N>:<N>:<N> UTC <N>> but was:<Sun Jan <N> <N>:<N>:<N> UTC <N>> || com.alibaba.json.bvt.parser.DefaultExtJSONParser_parseArray.test_7,15,PASS,NO
com.alibaba.json.bvt.parser.JSONScannerTest_scanFieldFloat#test_error_3,FAIL,java.lang.AssertionError,expected:<Sun Jan <N> <N>:<N>:<N> UTC <N>> but was:<Sun Jan <N> <N>:<N>:<N> UTC <N>>,com.alibaba.json.bvt.parser.DefaultExtJSONParser_parseArray.test_7,java.lang.AssertionError || expected:<Sun Jan <N> <N>:<N>:<N> UTC <N>> but was:<Sun Jan <N> <N>:<N>:<N> UTC <N>> || com.alibaba.json.bvt.parser.DefaultExtJSONParser_parseArray.test_7,20,PASS,NO
com.alibaba.json.bvt.parser.JSONScannerTest_scanFieldFloat#test_error_4,FAIL,java.lang.AssertionError,expected:<Sun Jan <N> <N>:<N>:<N> UTC <N>> but was:<Sun Jan <N> <N>:<N>:<N> UTC <N>>,com.alibaba.json.bvt.parser.DefaultExtJSONParser_parseArray.test_7,java.lang.AssertionError || expected:<Sun Jan <N> <N>:<N>:<N> UTC <N>> but was:<Sun Jan <N> <N>:<N>:<N> UTC <N>> || com.alibaba.json.bvt.parser.DefaultExtJSONParser_parseArray.test_7,16,PASS,NO
com.alibaba.json.bvt.parser.JSONScannerTest_scanFieldFloat#test_error_5,FAIL,java.lang.AssertionError,expected:<Sun Jan <N> <N>:<N>:<N> UTC <N>> but was:<Sun Jan <N> <N>:<N>:<N> UTC <N>>,com.alibaba.json.bvt.parser.DefaultExtJSONParser_parseArray.test_7,java.lang.AssertionError || expected:<Sun Jan <N> <N>:<N>:<N> UTC <N>> but was:<Sun Jan <N> <N>:<N>:<N> UTC <N>> || com.alibaba.json.bvt.parser.DefaultExtJSONParser_parseArray.test_7,25,PASS,NO
com.alibaba.json.bvt.parser.JSONScannerTest_scanFieldFloat#test_error_6,FAIL,java.lang.AssertionError,expected:<Sun Jan <N> <N>:<N>:<N> UTC <N>> but was:<Sun Jan <N> <N>:<N>:<N> UTC <N>>,com.alibaba.json.bvt.parser.DefaultExtJSONParser_parseArray.test_7,java.lang.AssertionError || expected:<Sun Jan <N> <N>:<N>:<N> UTC <N>> but was:<Sun Jan <N> <N>:<N>:<N> UTC <N>> || com.alibaba.json.bvt.parser.DefaultExtJSONParser_parseArray.test_7,24,PASS,NO
com.alibaba.json.bvt.parser.JSONScannerTest_scanFieldFloat#test_error_7,FAIL,java.lang.AssertionError,expected:<Sun Jan <N> <N>:<N>:<N> UTC <N>> but was:<Sun Jan <N> <N>:<N>:<N> UTC <N>>,com.alibaba.json.bvt.parser.DefaultExtJSONParser_parseArray.test_7,java.lang.AssertionError || expected:<Sun Jan <N> <N>:<N>:<N> UTC <N>> but was:<Sun Jan <N> <N>:<N>:<N> UTC <N>> || com.alibaba.json.bvt.parser.DefaultExtJSONParser_parseArray.test_7,25,PASS,NO
com.alibaba.json.bvt.parser.JSONScannerTest_scanFieldFloat#test_error_8,FAIL,java.lang.AssertionError,expected:<Sun Jan <N> <N>:<N>:<N> UTC <N>> but was:<Sun Jan <N> <N>:<N>:<N> UTC <N>>,com.alibaba.json.bvt.parser.DefaultExtJSONParser_parseArray.test_7,java.lang.AssertionError || expected:<Sun Jan <N> <N>:<N>:<N> UTC <N>> but was:<Sun Jan <N> <N>:<N>:<N> UTC <N>> || com.alibaba.json.bvt.parser.DefaultExtJSONParser_parseArray.test_7,31,PASS,NO
com.alibaba.json.bvt.parser.JSONScannerTest_scanFieldFloat#test_error_9,FAIL,java.lang.AssertionError,expected:<Sun Jan <N> <N>:<N>:<N> UTC <N>> but was:<Sun Jan <N> <N>:<N>:<N> UTC <N>>,com.alibaba.json.bvt.parser.DefaultExtJSONParser_parseArray.test_7,java.lang.AssertionError || expected:<Sun Jan <N> <N>:<N>:<N> UTC <N>> but was:<Sun Jan <N> <N>:<N>:<N> UTC <N>> || com.alibaba.json.bvt.parser.DefaultExtJSONParser_parseArray.test_7,17,PASS,NO
com.alibaba.json.bvt.parser.JSONScannerTest_scanFieldFloat#test_isBlank,FAIL,java.lang.AssertionError,expected:<Sun Jan <N> <N>:<N>:<N> UTC <N>> but was:<Sun Jan <N> <N>:<N>:<N> UTC <N>>,com.alibaba.json.bvt.parser.DefaultExtJSONParser_parseArray.test_7,java.lang.AssertionError || expected:<Sun Jan <N> <N>:<N>:<N> UTC <N>> but was:<Sun Jan <N> <N>:<N>:<N> UTC <N>> || com.alibaba.json.bvt.parser.DefaultExtJSONParser_parseArray.test_7,212,PASS,NO
com.alibaba.json.bvt.parser.JSONScannerTest_scanFieldInt#test_0,FAIL,java.lang.AssertionError,expected:<Sun Jan <N> <N>:<N>:<N> UTC <N>> but was:<Sun Jan <N> <N>:<N>:<N> UTC <N>>,com.alibaba.json.bvt.parser.DefaultExtJSONParser_parseArray.test_7,java.lang.AssertionError || expected:<Sun Jan <N> <N>:<N>:<N> UTC <N>> but was:<Sun Jan <N> <N>:<N>:<N> UTC <N>> || com.alibaba.json.bvt.parser.DefaultExtJSONParser_parseArray.test_7,19,PASS,NO
com.alibaba.json.bvt.parser.JSONScannerTest_scanFieldInt#test_1,FAIL,java.lang.AssertionError,expected:<Sun Jan <N> <N>:<N>:<N> UTC <N>> but was:<Sun Jan <N> <N>:<N>:<N> UTC <N>>,com.alibaba.json.bvt.parser.DefaultExtJSONParser_parseArray.test_7,java.lang.AssertionError || expected:<Sun Jan <N> <N>:<N>:<N> UTC <N>> but was:<Sun Jan <N> <N>:<N>:<N> UTC <N>> || com.alibaba.json.bvt.parser.DefaultExtJSONParser_parseArray.test_7,38,PASS,NO
com.alibaba.json.bvt.parser.JSONScannerTest_scanFieldInt#test_error_1,FAIL,java.lang.AssertionError,expected:<Sun Jan <N> <N>:<N>:<N> UTC <N>> but was:<Sun Jan <N> <N>:<N>:<N> UTC <N>>,com.alibaba.json.bvt.parser.DefaultExtJSONParser_parseArray.test_7,java.lang.AssertionError || expected:<Sun Jan <N> <N>:<N>:<N> UTC <N>> but was:<Sun Jan <N> <N>:<N>:<N> UTC <N>> || com.alibaba.json.bvt.parser.DefaultExtJSONParser_parseArray.test_7,38,PASS,NO
com.alibaba.json.bvt.parser.JSONScannerTest_scanFieldInt#test_error_2,FAIL,java.lang.AssertionError,expected:<Sun Jan <N> <N>:<N>:<N> UTC <N>> but was:<Sun Jan <N> <N>:<N>:<N> UTC <N>>,com.alibaba.json.bvt.parser.DefaultExtJSONParser_parseArray.test_7,java.lang.AssertionError || expected:<Sun Jan <N> <N>:<N>:<N> UTC <N>> but was:<Sun Jan <N> <N>:<N>:<N> UTC <N>> || com.alibaba.json.bvt.parser.DefaultExtJSONParser_parseArray.test_7,34,PASS,NO
com.alibaba.json.bvt.parser.JSONScannerTest_scanFieldInt#test_error_3,FAIL,java.lang.AssertionError,expected:<Sun Jan <N> <N>:<N>:<N> UTC <N>> but was:<Sun Jan <N> <N>:<N>:<N> UTC <N>>,com.alibaba.json.bvt.parser.DefaultExtJSONParser_parseArray.test_7,java.lang.AssertionError || expected:<Sun Jan <N> <N>:<N>:<N> UTC <N>> but was:<Sun Jan <N> <N>:<N>:<N> UTC <N>> || com.alibaba.json.bvt.parser.DefaultExtJSONParser_parseArray.test_7,24,PASS,NO
com.alibaba.json.bvt.parser.JSONScannerTest_scanFieldInt#test_error_4,FAIL,java.lang.AssertionError,expected:<Sun Jan <N> <N>:<N>:<N> UTC <N>> but was:<Sun Jan <N> <N>:<N>:<N> UTC <N>>,com.alibaba.json.bvt.parser.DefaultExtJSONParser_parseArray.test_7,java.lang.AssertionError || expected:<Sun Jan <N> <N>:<N>:<N> UTC <N>> but was:<Sun Jan <N> <N>:<N>:<N> UTC <N>> || com.alibaba.json.bvt.parser.DefaultExtJSONParser_parseArray.test_7,25,PASS,NO
com.alibaba.json.bvt.parser.JSONScannerTest_scanFieldInt#test_error_5,FAIL,java.lang.AssertionError,expected:<Sun Jan <N> <N>:<N>:<N> UTC <N>> but was:<Sun Jan <N> <N>:<N>:<N> UTC <N>>,com.alibaba.json.bvt.parser.DefaultExtJSONParser_parseArray.test_7,java.lang.AssertionError || expected:<Sun Jan <N> <N>:<N>:<N> UTC <N>> but was:<Sun Jan <N> <N>:<N>:<N> UTC <N>> || com.alibaba.json.bvt.parser.DefaultExtJSONParser_parseArray.test_7,47,PASS,NO
com.alibaba.json.bvt.parser.JSONScannerTest_scanFieldLong#test_0,FAIL,java.lang.AssertionError,expected:<Sun Jan <N> <N>:<N>:<N> UTC <N>> but was:<Sun Jan <N> <N>:<N>:<N> UTC <N>>,com.alibaba.json.bvt.parser.DefaultExtJSONParser_parseArray.test_7,java.lang.AssertionError || expected:<Sun Jan <N> <N>:<N>:<N> UTC <N>> but was:<Sun Jan <N> <N>:<N>:<N> UTC <N>> || com.alibaba.json.bvt.parser.DefaultExtJSONParser_parseArray.test_7,23,PASS,NO
com.alibaba.json.bvt.parser.JSONScannerTest_scanFieldString#test_0,FAIL,java.lang.AssertionError,expected:<Sun Jan <N> <N>:<N>:<N> UTC <N>> but was:<Sun Jan <N> <N>:<N>:<N> UTC <N>>,com.alibaba.json.bvt.parser.DefaultExtJSONParser_parseArray.test_7,java.lang.AssertionError || expected:<Sun Jan <N> <N>:<N>:<N> UTC <N>> but was:<Sun Jan <N> <N>:<N>:<N> UTC <N>> || com.alibaba.json.bvt.parser.DefaultExtJSONParser_parseArray.test_7,21,PASS,NO
com.alibaba.json.bvt.parser.JSONScannerTest_scanFieldString#test_1,FAIL,java.lang.AssertionError,expected:<Sun Jan <N> <N>:<N>:<N> UTC <N>> but was:<Sun Jan <N> <N>:<N>:<N> UTC <N>>,com.alibaba.json.bvt.parser.DefaultExtJSONParser_parseArray.test_7,java.lang.AssertionError || expected:<Sun Jan <N> <N>:<N>:<N> UTC <N>> but was:<Sun Jan <N> <N>:<N>:<N> UTC <N>> || com.alibaba.json.bvt.parser.DefaultExtJSONParser_parseArray.test_7,35,PASS,NO
com.alibaba.json.bvt.parser.JSONScannerTest_scanFieldString#test_2,FAIL,java.lang.AssertionError,expected:<Sun Jan <N> <N>:<N>:<N> UTC <N>> but was:<Sun Jan <N> <N>:<N>:<N> UTC <N>>,com.alibaba.json.bvt.parser.DefaultExtJSONParser_parseArray.test_7,java.lang.AssertionError || expected:<Sun Jan <N> <N>:<N>:<N> UTC <N>> but was:<Sun Jan <N> <N>:<N>:<N> UTC <N>> || com.alibaba.json.bvt.parser.DefaultExtJSONParser_parseArray.test_7,18,PASS,NO
com.alibaba.json.bvt.parser.JSONScannerTest_scanFieldString#test_3,FAIL,java.lang.AssertionError,expected:<Sun Jan <N> <N>:<N>:<N> UTC <N>> but was:<Sun Jan <N> <N>:<N>:<N> UTC <N>>,com.alibaba.json.bvt.parser.DefaultExtJSONParser_parseArray.test_7,java.lang.AssertionError || expected:<Sun Jan <N> <N>:<N>:<N> UTC <N>> but was:<Sun Jan <N> <N>:<N>:<N> UTC <N>> || com.alibaba.json.bvt.parser.DefaultExtJSONParser_parseArray.test_7,29,PASS,NO
com.alibaba.json.bvt.parser.JSONScannerTest_scanFieldString#test_error_0,FAIL,java.lang.AssertionError,expected:<Sun Jan <N> <N>:<N>:<N> UTC <N>> but was:<Sun Jan <N> <N>:<N>:<N> UTC <N>>,com.alibaba.json.bvt.parser.DefaultExtJSONParser_parseArray.test_7,java.lang.AssertionError || expected:<Sun Jan <N> <N>:<N>:<N> UTC <N>> but was:<Sun Jan <N> <N>:<N>:<N> UTC <N>> || com.alibaba.json.bvt.parser.DefaultExtJSONParser_parseArray.test_7,20,PASS,NO
com.alibaba.json.bvt.parser.JSONScannerTest_scanFieldStringArray#test_string,FAIL,java.lang.AssertionError,expected:<Sun Jan <N> <N>:<N>:<N> UTC <N>> but was:<Sun Jan <N> <N>:<N>:<N> UTC <N>>,com.alibaba.json.bvt.parser.DefaultExtJSONParser_parseArray.test_7,java.lang.AssertionError || expected:<Sun Jan <N> <N>:<N>:<N> UTC <N>> but was:<Sun Jan <N> <N>:<N>:<N> UTC <N>> || com.alibaba.json.bvt.parser.DefaultExtJSONParser_parseArray.test_7,33,PASS,NO
com.alibaba.json.bvt.parser.JSONScannerTest_scanFieldStringArray#test_string_1,FAIL,java.lang.AssertionError,expected:<Sun Jan <N> <N>:<N>:<N> UTC <N>> but was:<Sun Jan <N> <N>:<N>:<N> UTC <N>>,com.alibaba.json.bvt.parser.DefaultExtJSONParser_parseArray.test_7,java.lang.AssertionError || expected:<Sun Jan <N> <N>:<N>:<N> UTC <N>> but was:<Sun Jan <N> <N>:<N>:<N> UTC <N>> || com.alibaba.json.bvt.parser.DefaultExtJSONParser_parseArray.test_7,31,PASS,NO
com.alibaba.json.bvt.parser.JSONScannerTest_scanFieldStringArray#test_string_2,FAIL,java.lang.AssertionError,expected:<Sun Jan <N> <N>:<N>:<N> UTC <N>> but was:<Sun Jan <N> <N>:<N>:<N> UTC <N>>,com.alibaba.json.bvt.parser.DefaultExtJSONParser_parseArray.test_7,java.lang.AssertionError || expected:<Sun Jan <N> <N>:<N>:<N> UTC <N>> but was:<Sun Jan <N> <N>:<N>:<N> UTC <N>> || com.alibaba.json.bvt.parser.DefaultExtJSONParser_parseArray.test_7,20,PASS,NO
com.alibaba.json.bvt.parser.JSONScannerTest_scanFieldStringArray#test_string_3,FAIL,java.lang.AssertionError,expected:<Sun Jan <N> <N>:<N>:<N> UTC <N>> but was:<Sun Jan <N> <N>:<N>:<N> UTC <N>>,com.alibaba.json.bvt.parser.DefaultExtJSONParser_parseArray.test_7,java.lang.AssertionError || expected:<Sun Jan <N> <N>:<N>:<N> UTC <N>> but was:<Sun Jan <N> <N>:<N>:<N> UTC <N>> || com.alibaba.json.bvt.parser.DefaultExtJSONParser_parseArray.test_7,17,PASS,NO
com.alibaba.json.bvt.parser.JSONScannerTest_scanFieldStringArray#test_string_4,FAIL,java.lang.AssertionError,expected:<Sun Jan <N> <N>:<N>:<N> UTC <N>> but was:<Sun Jan <N> <N>:<N>:<N> UTC <N>>,com.alibaba.json.bvt.parser.DefaultExtJSONParser_parseArray.test_7,java.lang.AssertionError || expected:<Sun Jan <N> <N>:<N>:<N> UTC <N>> but was:<Sun Jan <N> <N>:<N>:<N> UTC <N>> || com.alibaba.json.bvt.parser.DefaultExtJSONParser_parseArray.test_7,17,PASS,NO
com.alibaba.json.bvt.parser.JSONScannerTest_scanFieldStringArray#test_string_5,FAIL,java.lang.AssertionError,expected:<Sun Jan <N> <N>:<N>:<N> UTC <N>> but was:<Sun Jan <N> <N>:<N>:<N> UTC <N>>,com.alibaba.json.bvt.parser.DefaultExtJSONParser_parseArray.test_7,java.lang.AssertionError || expected:<Sun Jan <N> <N>:<N>:<N> UTC <N>> but was:<Sun Jan <N> <N>:<N>:<N> UTC <N>> || com.alibaba.json.bvt.parser.DefaultExtJSONParser_parseArray.test_7,36,PASS,NO
com.alibaba.json.bvt.parser.JSONScannerTest_scanFieldStringArray#test_string_error,FAIL,java.lang.AssertionError,expected:<Sun Jan <N> <N>:<N>:<N> UTC <N>> but was:<Sun Jan <N> <N>:<N>:<N> UTC <N>>,com.alibaba.json.bvt.parser.DefaultExtJSONParser_parseArray.test_7,java.lang.AssertionError || expected:<Sun Jan <N> <N>:<N>:<N> UTC <N>> but was:<Sun Jan <N> <N>:<N>:<N> UTC <N>> || com.alibaba.json.bvt.parser.DefaultExtJSONParser_parseArray.test_7,24,PASS,NO
com.alibaba.json.bvt.parser.JSONScannerTest_scanFieldStringArray#test_string_error_2,FAIL,java.lang.AssertionError,expected:<Sun Jan <N> <N>:<N>:<N> UTC <N>> but was:<Sun Jan <N> <N>:<N>:<N> UTC <N>>,com.alibaba.json.bvt.parser.DefaultExtJSONParser_parseArray.test_7,java.lang.AssertionError || expected:<Sun Jan <N> <N>:<N>:<N> UTC <N>> but was:<Sun Jan <N> <N>:<N>:<N> UTC <N>> || com.alibaba.json.bvt.parser.DefaultExtJSONParser_parseArray.test_7,25,PASS,NO
com.alibaba.json.bvt.parser.JSONScannerTest_scanFieldStringArray#test_string_error_3,FAIL,java.lang.AssertionError,expected:<Sun Jan <N> <N>:<N>:<N> UTC <N>> but was:<Sun Jan <N> <N>:<N>:<N> UTC <N>>,com.alibaba.json.bvt.parser.DefaultExtJSONParser_parseArray.test_7,java.lang.AssertionError || expected:<Sun Jan <N> <N>:<N>:<N> UTC <N>> but was:<Sun Jan <N> <N>:<N>:<N> UTC <N>> || com.alibaba.json.bvt.parser.DefaultExtJSONParser_parseArray.test_7,35,PASS,NO
com.alibaba.json.bvt.parser.JSONScannerTest_scanFieldStringArray#test_string_error_4,FAIL,java.lang.AssertionError,expected:<Sun Jan <N> <N>:<N>:<N> UTC <N>> but was:<Sun Jan <N> <N>:<N>:<N> UTC <N>>,com.alibaba.json.bvt.parser.DefaultExtJSONParser_parseArray.test_7,java.lang.AssertionError || expected:<Sun Jan <N> <N>:<N>:<N> UTC <N>> but was:<Sun Jan <N> <N>:<N>:<N> UTC <N>> || com.alibaba.json.bvt.parser.DefaultExtJSONParser_parseArray.test_7,30,PASS,NO
com.alibaba.json.bvt.parser.JSONScannerTest_scanFieldStringArray#test_string_error_5,FAIL,java.lang.AssertionError,expected:<Sun Jan <N> <N>:<N>:<N> UTC <N>> but was:<Sun Jan <N> <N>:<N>:<N> UTC <N>>,com.alibaba.json.bvt.parser.DefaultExtJSONParser_parseArray.test_7,java.lang.AssertionError || expected:<Sun Jan <N> <N>:<N>:<N> UTC <N>> but was:<Sun Jan <N> <N>:<N>:<N> UTC <N>> || com.alibaba.json.bvt.parser.DefaultExtJSONParser_parseArray.test_7,17,PASS,NO
com.alibaba.json.bvt.parser.JSONScannerTest_scanFieldString_error#test_error_2,FAIL,java.lang.AssertionError,expected:<Sun Jan <N> <N>:<N>:<N> UTC <N>> but was:<Sun Jan <N> <N>:<N>:<N> UTC <N>>,com.alibaba.json.bvt.parser.DefaultExtJSONParser_parseArray.test_7,java.lang.AssertionError || expected:<Sun Jan <N> <N>:<N>:<N> UTC <N>> but was:<Sun Jan <N> <N>:<N>:<N> UTC <N>> || com.alibaba.json.bvt.parser.DefaultExtJSONParser_parseArray.test_7,31,PASS,NO
com.alibaba.json.bvt.parser.JSONScannerTest_scanFieldString_error#test_error_3,FAIL,java.lang.AssertionError,expected:<Sun Jan <N> <N>:<N>:<N> UTC <N>> but was:<Sun Jan <N> <N>:<N>:<N> UTC <N>>,com.alibaba.json.bvt.parser.DefaultExtJSONParser_parseArray.test_7,java.lang.AssertionError || expected:<Sun Jan <N> <N>:<N>:<N> UTC <N>> but was:<Sun Jan <N> <N>:<N>:<N> UTC <N>> || com.alibaba.json.bvt.parser.DefaultExtJSONParser_parseArray.test_7,22,PASS,NO
com.alibaba.json.bvt.parser.JSONScannerTest_scanSymbol#test_0,FAIL,java.lang.AssertionError,expected:<Sun Jan <N> <N>:<N>:<N> UTC <N>> but was:<Sun Jan <N> <N>:<N>:<N> UTC <N>>,com.alibaba.json.bvt.parser.DefaultExtJSONParser_parseArray.test_7,java.lang.AssertionError || expected:<Sun Jan <N> <N>:<N>:<N> UTC <N>> but was:<Sun Jan <N> <N>:<N>:<N> UTC <N>> || com.alibaba.json.bvt.parser.DefaultExtJSONParser_parseArray.test_7,208,PASS,NO
com.alibaba.json.bvt.parser.JSONScannerTest_scanSymbol#test_1,FAIL,java.lang.AssertionError,expected:<Sun Jan <N> <N>:<N>:<N> UTC <N>> but was:<Sun Jan <N> <N>:<N>:<N> UTC <N>>,com.alibaba.json.bvt.parser.DefaultExtJSONParser_parseArray.test_7,java.lang.AssertionError || expected:<Sun Jan <N> <N>:<N>:<N> UTC <N>> but was:<Sun Jan <N> <N>:<N>:<N> UTC <N>> || com.alibaba.json.bvt.parser.DefaultExtJSONParser_parseArray.test_7,211,PASS,NO
com.alibaba.json.bvt.parser.JSONScannerTest_scanSymbol#test_2,FAIL,java.lang.AssertionError,expected:<Sun Jan <N> <N>:<N>:<N> UTC <N>> but was:<Sun Jan <N> <N>:<N>:<N> UTC <N>>,com.alibaba.json.bvt.parser.DefaultExtJSONParser_parseArray.test_7,java.lang.AssertionError || expected:<Sun Jan <N> <N>:<N>:<N> UTC <N>> but was:<Sun Jan <N> <N>:<N>:<N> UTC <N>> || com.alibaba.json.bvt.parser.DefaultExtJSONParser_parseArray.test_7,200,PASS,NO
com.alibaba.json.bvt.parser.JSONScannerTest_scanSymbol#test_3,FAIL,java.lang.AssertionError,expected:<Sun Jan <N> <N>:<N>:<N> UTC <N>> but was:<Sun Jan <N> <N>:<N>:<N> UTC <N>>,com.alibaba.json.bvt.parser.DefaultExtJSONParser_parseArray.test_7,java.lang.AssertionError || expected:<Sun Jan <N> <N>:<N>:<N> UTC <N>> but was:<Sun Jan <N> <N>:<N>:<N> UTC <N>> || com.alibaba.json.bvt.parser.DefaultExtJSONParser_parseArray.test_7,183,PASS,NO
com.alibaba.json.bvt.parser.JSONScannerTest_scanSymbol#test_4,FAIL,java.lang.AssertionError,expected:<Sun Jan <N> <N>:<N>:<N> UTC <N>> but was:<Sun Jan <N> <N>:<N>:<N> UTC <N>>,com.alibaba.json.bvt.parser.DefaultExtJSONParser_parseArray.test_7,java.lang.AssertionError || expected:<Sun Jan <N> <N>:<N>:<N> UTC <N>> but was:<Sun Jan <N> <N>:<N>:<N> UTC <N>> || com.alibaba.json.bvt.parser.DefaultExtJSONParser_parseArray.test_7,224,PASS,NO
com.alibaba.json.bvt.parser.JSONScannerTest_scanSymbol#test_6,FAIL,java.lang.AssertionError,expected:<Sun Jan <N> <N>:<N>:<N> UTC <N>> but was:<Sun Jan <N> <N>:<N>:<N> UTC <N>>,com.alibaba.json.bvt.parser.DefaultExtJSONParser_parseArray.test_7,java.lang.AssertionError || expected:<Sun Jan <N> <N>:<N>:<N> UTC <N>> but was:<Sun Jan <N> <N>:<N>:<N> UTC <N>> || com.alibaba.json.bvt.parser.DefaultExtJSONParser_parseArray.test_7,194,PASS,NO
com.alibaba.json.bvt.parser.JSONScannerTest_scanSymbol#test_7,FAIL,java.lang.AssertionError,expected:<Sun Jan <N> <N>:<N>:<N> UTC <N>> but was:<Sun Jan <N> <N>:<N>:<N> UTC <N>>,com.alibaba.json.bvt.parser.DefaultExtJSONParser_parseArray.test_7,java.lang.AssertionError || expected:<Sun Jan <N> <N>:<N>:<N> UTC <N>> but was:<Sun Jan <N> <N>:<N>:<N> UTC <N>> || com.alibaba.json.bvt.parser.DefaultExtJSONParser_parseArray.test_7,234,PASS,NO
com.alibaba.json.bvt.parser.JSONScannerTest_singQuoteString#test_error,FAIL,java.lang.AssertionError,expected:<Sun Jan <N> <N>:<N>:<N> UTC <N>> but was:<Sun Jan <N> <N>:<N>:<N> UTC <N>>,com.alibaba.json.bvt.parser.DefaultExtJSONParser_parseArray.test_7,java.lang.AssertionError || expected:<Sun Jan <N> <N>:<N>:<N> UTC <N>> but was:<Sun Jan <N> <N>:<N>:<N> UTC <N>> || com.alibaba.json.bvt.parser.DefaultExtJSONParser_parseArray.test_7,202,PASS,NO
com.alibaba.json.bvt.parser.JSONScannerTest_singQuoteString#test_error_1,FAIL,java.lang.AssertionError,expected:<Sun Jan <N> <N>:<N>:<N> UTC <N>> but was:<Sun Jan <N> <N>:<N>:<N> UTC <N>>,com.alibaba.json.bvt.parser.DefaultExtJSONParser_parseArray.test_7,java.lang.AssertionError || expected:<Sun Jan <N> <N>:<N>:<N> UTC <N>> but was:<Sun Jan <N> <N>:<N>:<N> UTC <N>> || com.alibaba.json.bvt.parser.DefaultExtJSONParser_parseArray.test_7,204,PASS,NO
com.alibaba.json.bvt.parser.JSONScannerTest_singQuoteString#test_string,FAIL,java.lang.AssertionError,expected:<Sun Jan <N> <N>:<N>:<N> UTC <N>> but was:<Sun Jan <N> <N>:<N>:<N> UTC <N>>,com.alibaba.json.bvt.parser.DefaultExtJSONParser_parseArray.test_7,java.lang.AssertionError || expected:<Sun Jan <N> <N>:<N>:<N> UTC <N>> but was:<Sun Jan <N> <N>:<N>:<N> UTC <N>> || com.alibaba.json.bvt.parser.DefaultExtJSONParser_parseArray.test_7,194,PASS,NO
com.alibaba.json.bvt.parser.JSONScannerTest_singQuoteString#test_string2,FAIL,java.lang.AssertionError,expected:<Sun Jan <N> <N>:<N>:<N> UTC <N>> but was:<Sun Jan <N> <N>:<N>:<N> UTC <N>>,com.alibaba.json.bvt.parser.DefaultExtJSONParser_parseArray.test_7,java.lang.AssertionError || expected:<Sun Jan <N> <N>:<N>:<N> UTC <N>> but was:<Sun Jan <N> <N>:<N>:<N> UTC <N>> || com.alibaba.json.bvt.parser.DefaultExtJSONParser_parseArray.test_7,147,PASS,NO
com.alibaba.json.bvt.parser.JSONScannerTest_singQuoteString#test_string3,FAIL,java.lang.AssertionError,expected:<Sun Jan <N> <N>:<N>:<N> UTC <N>> but was:<Sun Jan <N> <N>:<N>:<N> UTC <N>>,com.alibaba.json.bvt.parser.DefaultExtJSONParser_parseArray.test_7,java.lang.AssertionError || expected:<Sun Jan <N> <N>:<N>:<N> UTC <N>> but was:<Sun Jan <N> <N>:<N>:<N> UTC <N>> || com.alibaba.json.bvt.parser.DefaultExtJSONParser_parseArray.test_7,176,PASS,NO
com.alibaba.json.bvt.parser.JSONScannerTest_singQuoteString#test_string4,FAIL,java.lang.AssertionError,expected:<Sun Jan <N> <N>:<N>:<N> UTC <N>> but was:<Sun Jan <N> <N>:<N>:<N> UTC <N>>,com.alibaba.json.bvt.parser.DefaultExtJSONParser_parseArray.test_7,java.lang.AssertionError || expected:<Sun Jan <N> <N>:<N>:<N> UTC <N>> but was:<Sun Jan <N> <N>:<N>:<N> UTC <N>> || com.alibaba.json.bvt.parser.DefaultExtJSONParser_parseArray.test_7,160,PASS,NO
com.alibaba.json.bvt.parser.JSONScannerTest_symbol#test_0,FAIL,java.lang.AssertionError,expected:<Sun Jan <N> <N>:<N>:<N> UTC <N>> but was:<Sun Jan <N> <N>:<N>:<N> UTC <N>>,com.alibaba.json.bvt.parser.DefaultExtJSONParser_parseArray.test_7,java.lang.AssertionError || expected:<Sun Jan <N> <N>:<N>:<N> UTC <N>> but was:<Sun Jan <N> <N>:<N>:<N> UTC <N>> || com.alibaba.json.bvt.parser.DefaultExtJSONParser_parseArray.test_7,238,PASS,NO
com.alibaba.json.bvt.parser.JSONScannerTest_symbol#test_1,FAIL,java.lang.AssertionError,expected:<Sun Jan <N> <N>:<N>:<N> UTC <N>> but was:<Sun Jan <N> <N>:<N>:<N> UTC <N>>,com.alibaba.json.bvt.parser.DefaultExtJSONParser_parseArray.test_7,java.lang.AssertionError || expected:<Sun Jan <N> <N>:<N>:<N> UTC <N>> but was:<Sun Jan <N> <N>:<N>:<N> UTC <N>> || com.alibaba.json.bvt.parser.DefaultExtJSONParser_parseArray.test_7,212,PASS,NO
com.alibaba.json.bvt.parser.JSONScannerTest_symbol#test_10,FAIL,java.lang.AssertionError,expected:<Sun Jan <N> <N>:<N>:<N> UTC <N>> but was:<Sun Jan <N> <N>:<N>:<N> UTC <N>>,com.alibaba.json.bvt.parser.DefaultExtJSONParser_parseArray.test_7,java.lang.AssertionError || expected:<Sun Jan <N> <N>:<N>:<N> UTC <N>> but was:<Sun Jan <N> <N>:<N>:<N> UTC <N>> || com.alibaba.json.bvt.parser.DefaultExtJSONParser_parseArray.test_7,179,PASS,NO
com.alibaba.json.bvt.parser.JSONScannerTest_symbol#test_11,FAIL,java.lang.AssertionError,expected:<Sun Jan <N> <N>:<N>:<N> UTC <N>> but was:<Sun Jan <N> <N>:<N>:<N> UTC <N>>,com.alibaba.json.bvt.parser.DefaultExtJSONParser_parseArray.test_7,java.lang.AssertionError || expected:<Sun Jan <N> <N>:<N>:<N> UTC <N>> but was:<Sun Jan <N> <N>:<N>:<N> UTC <N>> || com.alibaba.json.bvt.parser.DefaultExtJSONParser_parseArray.test_7,224,PASS,NO
com.alibaba.json.bvt.parser.JSONScannerTest_symbol#test_12,FAIL,java.lang.AssertionError,expected:<Sun Jan <N> <N>:<N>:<N> UTC <N>> but was:<Sun Jan <N> <N>:<N>:<N> UTC <N>>,com.alibaba.json.bvt.parser.DefaultExtJSONParser_parseArray.test_7,java.lang.AssertionError || expected:<Sun Jan <N> <N>:<N>:<N> UTC <N>> but was:<Sun Jan <N> <N>:<N>:<N> UTC <N>> || com.alibaba.json.bvt.parser.DefaultExtJSONParser_parseArray.test_7,174,PASS,NO
com.alibaba.json.bvt.parser.JSONScannerTest_symbol#test_2,FAIL,java.lang.AssertionError,expected:<Sun Jan <N> <N>:<N>:<N> UTC <N>> but was:<Sun Jan <N> <N>:<N>:<N> UTC <N>>,com.alibaba.json.bvt.parser.DefaultExtJSONParser_parseArray.test_7,java.lang.AssertionError || expected:<Sun Jan <N> <N>:<N>:<N> UTC <N>> but was:<Sun Jan <N> <N>:<N>:<N> UTC <N>> || com.alibaba.json.bvt.parser.DefaultExtJSONParser_parseArray.test_7,203,PASS,NO
com.alibaba.json.bvt.parser.JSONScannerTest_symbol#test_3,FAIL,java.lang.AssertionError,expected:<Sun Jan <N> <N>:<N>:<N> UTC <N>> but was:<Sun Jan <N> <N>:<N>:<N> UTC <N>>,com.alibaba.json.bvt.parser.DefaultExtJSONParser_parseArray.test_7,java.lang.AssertionError || expected:<Sun Jan <N> <N>:<N>:<N> UTC <N>> but was:<Sun Jan <N> <N>:<N>:<N> UTC <N>> || com.alibaba.json.bvt.parser.DefaultExtJSONParser_parseArray.test_7,222,PASS,NO
com.alibaba.json.bvt.parser.JSONScannerTest_symbol#test_4,FAIL,java.lang.AssertionError,expected:<Sun Jan <N> <N>:<N>:<N> UTC <N>> but was:<Sun Jan <N> <N>:<N>:<N> UTC <N>>,com.alibaba.json.bvt.parser.DefaultExtJSONParser_parseArray.test_7,java.lang.AssertionError || expected:<Sun Jan <N> <N>:<N>:<N> UTC <N>> but was:<Sun Jan <N> <N>:<N>:<N> UTC <N>> || com.alibaba.json.bvt.parser.DefaultExtJSONParser_parseArray.test_7,205,PASS,NO
com.alibaba.json.bvt.parser.JSONScannerTest_symbol#test_5,FAIL,java.lang.AssertionError,expected:<Sun Jan <N> <N>:<N>:<N> UTC <N>> but was:<Sun Jan <N> <N>:<N>:<N> UTC <N>>,com.alibaba.json.bvt.parser.DefaultExtJSONParser_parseArray.test_7,java.lang.AssertionError || expected:<Sun Jan <N> <N>:<N>:<N> UTC <N>> but was:<Sun Jan <N> <N>:<N>:<N> UTC <N>> || com.alibaba.json.bvt.parser.DefaultExtJSONParser_parseArray.test_7,210,PASS,NO
com.alibaba.json.bvt.parser.JSONScannerTest_symbol#test_6,FAIL,java.lang.AssertionError,expected:<Sun Jan <N> <N>:<N>:<N> UTC <N>> but was:<Sun Jan <N> <N>:<N>:<N> UTC <N>>,com.alibaba.json.bvt.parser.DefaultExtJSONParser_parseArray.test_7,java.lang.AssertionError || expected:<Sun Jan <N> <N>:<N>:<N> UTC <N>> but was:<Sun Jan <N> <N>:<N>:<N> UTC <N>> || com.alibaba.json.bvt.parser.DefaultExtJSONParser_parseArray.test_7,207,PASS,NO
com.alibaba.json.bvt.parser.JSONScannerTest_symbol#test_7,FAIL,java.lang.AssertionError,expected:<Sun Jan <N> <N>:<N>:<N> UTC <N>> but was:<Sun Jan <N> <N>:<N>:<N> UTC <N>>,com.alibaba.json.bvt.parser.DefaultExtJSONParser_parseArray.test_7,java.lang.AssertionError || expected:<Sun Jan <N> <N>:<N>:<N> UTC <N>> but was:<Sun Jan <N> <N>:<N>:<N> UTC <N>> || com.alibaba.json.bvt.parser.DefaultExtJSONParser_parseArray.test_7,182,PASS,NO
com.alibaba.json.bvt.parser.JSONScannerTest_symbol#test_8,FAIL,java.lang.AssertionError,expected:<Sun Jan <N> <N>:<N>:<N> UTC <N>> but was:<Sun Jan <N> <N>:<N>:<N> UTC <N>>,com.alibaba.json.bvt.parser.DefaultExtJSONParser_parseArray.test_7,java.lang.AssertionError || expected:<Sun Jan <N> <N>:<N>:<N> UTC <N>> but was:<Sun Jan <N> <N>:<N>:<N> UTC <N>> || com.alibaba.json.bvt.parser.DefaultExtJSONParser_parseArray.test_7,179,PASS,NO
com.alibaba.json.bvt.parser.JSONScannerTest_symbol#test_9,FAIL,java.lang.AssertionError,expected:<Sun Jan <N> <N>:<N>:<N> UTC <N>> but was:<Sun Jan <N> <N>:<N>:<N> UTC <N>>,com.alibaba.json.bvt.parser.DefaultExtJSONParser_parseArray.test_7,java.lang.AssertionError || expected:<Sun Jan <N> <N>:<N>:<N> UTC <N>> but was:<Sun Jan <N> <N>:<N>:<N> UTC <N>> || com.alibaba.json.bvt.parser.DefaultExtJSONParser_parseArray.test_7,154,PASS,NO
com.alibaba.json.bvt.parser.JSONScannerTest_symbol#test_error,FAIL,java.lang.AssertionError,expected:<Sun Jan <N> <N>:<N>:<N> UTC <N>> but was:<Sun Jan <N> <N>:<N>:<N> UTC <N>>,com.alibaba.json.bvt.parser.DefaultExtJSONParser_parseArray.test_7,java.lang.AssertionError || expected:<Sun Jan <N> <N>:<N>:<N> UTC <N>> but was:<Sun Jan <N> <N>:<N>:<N> UTC <N>> || com.alibaba.json.bvt.parser.DefaultExtJSONParser_parseArray.test_7,204,PASS,NO
com.alibaba.json.bvt.parser.JSONScannerTest_symbol#test_error_2,FAIL,java.lang.AssertionError,expected:<Sun Jan <N> <N>:<N>:<N> UTC <N>> but was:<Sun Jan <N> <N>:<N>:<N> UTC <N>>,com.alibaba.json.bvt.parser.DefaultExtJSONParser_parseArray.test_7,java.lang.AssertionError || expected:<Sun Jan <N> <N>:<N>:<N> UTC <N>> but was:<Sun Jan <N> <N>:<N>:<N> UTC <N>> || com.alibaba.json.bvt.parser.DefaultExtJSONParser_parseArray.test_7,218,PASS,NO
com.alibaba.json.bvt.parser.JSONScannerTest_true#test_scan_false_14,FAIL,java.lang.AssertionError,expected:<Sun Jan <N> <N>:<N>:<N> UTC <N>> but was:<Sun Jan <N> <N>:<N>:<N> UTC <N>>,com.alibaba.json.bvt.parser.DefaultExtJSONParser_parseArray.test_7,java.lang.AssertionError || expected:<Sun Jan <N> <N>:<N>:<N> UTC <N>> but was:<Sun Jan <N> <N>:<N>:<N> UTC <N>> || com.alibaba.json.bvt.parser.DefaultExtJSONParser_parseArray.test_7,199,PASS,NO
com.alibaba.json.bvt.parser.JSONScannerTest_true#test_scan_false_15,FAIL,java.lang.AssertionError,expected:<Sun Jan <N> <N>:<N>:<N> UTC <N>> but was:<Sun Jan <N> <N>:<N>:<N> UTC <N>>,com.alibaba.json.bvt.parser.DefaultExtJSONParser_parseArray.test_7,java.lang.AssertionError || expected:<Sun Jan <N> <N>:<N>:<N> UTC <N>> but was:<Sun Jan <N> <N>:<N>:<N> UTC <N>> || com.alibaba.json.bvt.parser.DefaultExtJSONParser_parseArray.test_7,247,PASS,NO
com.alibaba.json.bvt.parser.JSONScannerTest_true#test_scan_true_0,FAIL,java.lang.AssertionError,expected:<Sun Jan <N> <N>:<N>:<N> UTC <N>> but was:<Sun Jan <N> <N>:<N>:<N> UTC <N>>,com.alibaba.json.bvt.parser.DefaultExtJSONParser_parseArray.test_7,java.lang.AssertionError || expected:<Sun Jan <N> <N>:<N>:<N> UTC <N>> but was:<Sun Jan <N> <N>:<N>:<N> UTC <N>> || com.alibaba.json.bvt.parser.DefaultExtJSONParser_parseArray.test_7,196,PASS,NO
com.alibaba.json.bvt.parser.JSONScannerTest_true#test_scan_true_1,FAIL,java.lang.AssertionError,expected:<Sun Jan <N> <N>:<N>:<N> UTC <N>> but was:<Sun Jan <N> <N>:<N>:<N> UTC <N>>,com.alibaba.json.bvt.parser.DefaultExtJSONParser_parseArray.test_7,java.lang.AssertionError || expected:<Sun Jan <N> <N>:<N>:<N> UTC <N>> but was:<Sun Jan <N> <N>:<N>:<N> UTC <N>> || com.alibaba.json.bvt.parser.DefaultExtJSONParser_parseArray.test_7,159,PASS,NO
com.alibaba.json.bvt.parser.JSONScannerTest_true#test_scan_true_10,FAIL,java.lang.AssertionError,expected:<Sun Jan <N> <N>:<N>:<N> UTC <N>> but was:<Sun Jan <N> <N>:<N>:<N> UTC <N>>,com.alibaba.json.bvt.parser.DefaultExtJSONParser_parseArray.test_7,java.lang.AssertionError || expected:<Sun Jan <N> <N>:<N>:<N> UTC <N>> but was:<Sun Jan <N> <N>:<N>:<N> UTC <N>> || com.alibaba.json.bvt.parser.DefaultExtJSONParser_parseArray.test_7,202,PASS,NO
com.alibaba.json.bvt.parser.JSONScannerTest_true#test_scan_true_11,FAIL,java.lang.AssertionError,expected:<Sun Jan <N> <N>:<N>:<N> UTC <N>> but was:<Sun Jan <N> <N>:<N>:<N> UTC <N>>,com.alibaba.json.bvt.parser.DefaultExtJSONParser_parseArray.test_7,java.lang.AssertionError || expected:<Sun Jan <N> <N>:<N>:<N> UTC <N>> but was:<Sun Jan <N> <N>:<N>:<N> UTC <N>> || com.alibaba.json.bvt.parser.DefaultExtJSONParser_parseArray.test_7,232,PASS,NO
com.alibaba.json.bvt.parser.JSONScannerTest_true#test_scan_true_12,FAIL,java.lang.AssertionError,expected:<Sun Jan <N> <N>:<N>:<N> UTC <N>> but was:<Sun Jan <N> <N>:<N>:<N> UTC <N>>,com.alibaba.json.bvt.parser.DefaultExtJSONParser_parseArray.test_7,java.lang.AssertionError || expected:<Sun Jan <N> <N>:<N>:<N> UTC <N>> but was:<Sun Jan <N> <N>:<N>:<N> UTC <N>> || com.alibaba.json.bvt.parser.DefaultExtJSONParser_parseArray.test_7,213,PASS,NO
com.alibaba.json.bvt.parser.JSONScannerTest_true#test_scan_true_13,FAIL,java.lang.AssertionError,expected:<Sun Jan <N> <N>:<N>:<N> UTC <N>> but was:<Sun Jan <N> <N>:<N>:<N> UTC <N>>,com.alibaba.json.bvt.parser.DefaultExtJSONParser_parseArray.test_7,java.lang.AssertionError || expected:<Sun Jan <N> <N>:<N>:<N> UTC <N>> but was:<Sun Jan <N> <N>:<N>:<N> UTC <N>> || com.alibaba.json.bvt.parser.DefaultExtJSONParser_parseArray.test_7,244,PASS,NO
com.alibaba.json.bvt.parser.JSONScannerTest_true#test_scan_true_2,FAIL,java.lang.AssertionError,expected:<Sun Jan <N> <N>:<N>:<N> UTC <N>> but was:<Sun Jan <N> <N>:<N>:<N> UTC <N>>,com.alibaba.json.bvt.parser.DefaultExtJSONParser_parseArray.test_7,java.lang.AssertionError || expected:<Sun Jan <N> <N>:<N>:<N> UTC <N>> but was:<Sun Jan <N> <N>:<N>:<N> UTC <N>> || com.alibaba.json.bvt.parser.DefaultExtJSONParser_parseArray.test_7,204,PASS,NO
com.alibaba.json.bvt.parser.JSONScannerTest_true#test_scan_true_3,FAIL,java.lang.AssertionError,expected:<Sun Jan <N> <N>:<N>:<N> UTC <N>> but was:<Sun Jan <N> <N>:<N>:<N> UTC <N>>,com.alibaba.json.bvt.parser.DefaultExtJSONParser_parseArray.test_7,java.lang.AssertionError || expected:<Sun Jan <N> <N>:<N>:<N> UTC <N>> but was:<Sun Jan <N> <N>:<N>:<N> UTC <N>> || com.alibaba.json.bvt.parser.DefaultExtJSONParser_parseArray.test_7,224,PASS,NO
com.alibaba.json.bvt.parser.JSONScannerTest_true#test_scan_true_4,FAIL,java.lang.AssertionError,expected:<Sun Jan <N> <N>:<N>:<N> UTC <N>> but was:<Sun Jan <N> <N>:<N>:<N> UTC <N>>,com.alibaba.json.bvt.parser.DefaultExtJSONParser_parseArray.test_7,java.lang.AssertionError || expected:<Sun Jan <N> <N>:<N>:<N> UTC <N>> but was:<Sun Jan <N> <N>:<N>:<N> UTC <N>> || com.alibaba.json.bvt.parser.DefaultExtJSONParser_parseArray.test_7,219,PASS,NO
com.alibaba.json.bvt.parser.JSONScannerTest_true#test_scan_true_5,FAIL,java.lang.AssertionError,expected:<Sun Jan <N> <N>:<N>:<N> UTC <N>> but was:<Sun Jan <N> <N>:<N>:<N> UTC <N>>,com.alibaba.json.bvt.parser.DefaultExtJSONParser_parseArray.test_7,java.lang.AssertionError || expected:<Sun Jan <N> <N>:<N>:<N> UTC <N>> but was:<Sun Jan <N> <N>:<N>:<N> UTC <N>> || com.alibaba.json.bvt.parser.DefaultExtJSONParser_parseArray.test_7,179,PASS,NO
com.alibaba.json.bvt.parser.JSONScannerTest_true#test_scan_true_6,FAIL,java.lang.AssertionError,expected:<Sun Jan <N> <N>:<N>:<N> UTC <N>> but was:<Sun Jan <N> <N>:<N>:<N> UTC <N>>,com.alibaba.json.bvt.parser.DefaultExtJSONParser_parseArray.test_7,java.lang.AssertionError || expected:<Sun Jan <N> <N>:<N>:<N> UTC <N>> but was:<Sun Jan <N> <N>:<N>:<N> UTC <N>> || com.alibaba.json.bvt.parser.DefaultExtJSONParser_parseArray.test_7,222,PASS,NO
com.alibaba.json.bvt.parser.JSONScannerTest_true#test_scan_true_7,FAIL,java.lang.AssertionError,expected:<Sun Jan <N> <N>:<N>:<N> UTC <N>> but was:<Sun Jan <N> <N>:<N>:<N> UTC <N>>,com.alibaba.json.bvt.parser.DefaultExtJSONParser_parseArray.test_7,java.lang.AssertionError || expected:<Sun Jan <N> <N>:<N>:<N> UTC <N>> but was:<Sun Jan <N> <N>:<N>:<N> UTC <N>> || com.alibaba.json.bvt.parser.DefaultExtJSONParser_parseArray.test_7,181,PASS,NO
com.alibaba.json.bvt.parser.JSONScannerTest_true#test_scan_true_8,FAIL,java.lang.AssertionError,expected:<Sun Jan <N> <N>:<N>:<N> UTC <N>> but was:<Sun Jan <N> <N>:<N>:<N> UTC <N>>,com.alibaba.json.bvt.parser.DefaultExtJSONParser_parseArray.test_7,java.lang.AssertionError || expected:<Sun Jan <N> <N>:<N>:<N> UTC <N>> but was:<Sun Jan <N> <N>:<N>:<N> UTC <N>> || com.alibaba.json.bvt.parser.DefaultExtJSONParser_parseArray.test_7,256,PASS,NO
com.alibaba.json.bvt.parser.JSONScannerTest_true#test_scan_true_9,FAIL,java.lang.AssertionError,expected:<Sun Jan <N> <N>:<N>:<N> UTC <N>> but was:<Sun Jan <N> <N>:<N>:<N> UTC <N>>,com.alibaba.json.bvt.parser.DefaultExtJSONParser_parseArray.test_7,java.lang.AssertionError || expected:<Sun Jan <N> <N>:<N>:<N> UTC <N>> but was:<Sun Jan <N> <N>:<N>:<N> UTC <N>> || com.alibaba.json.bvt.parser.DefaultExtJSONParser_parseArray.test_7,234,PASS,NO
com.alibaba.json.bvt.parser.MapResetTest#test_0,FAIL,java.lang.AssertionError,expected:<Sun Jan <N> <N>:<N>:<N> UTC <N>> but was:<Sun Jan <N> <N>:<N>:<N> UTC <N>>,com.alibaba.json.bvt.parser.DefaultExtJSONParser_parseArray.test_7,java.lang.AssertionError || expected:<Sun Jan <N> <N>:<N>:<N> UTC <N>> but was:<Sun Jan <N> <N>:<N>:<N> UTC <N>> || com.alibaba.json.bvt.parser.DefaultExtJSONParser_parseArray.test_7,36,PASS,NO
com.alibaba.json.bvt.parser.NullCheckTest#test_0,FAIL,java.lang.AssertionError,expected:<Sun Jan <N> <N>:<N>:<N> UTC <N>> but was:<Sun Jan <N> <N>:<N>:<N> UTC <N>>,com.alibaba.json.bvt.parser.DefaultExtJSONParser_parseArray.test_7,java.lang.AssertionError || expected:<Sun Jan <N> <N>:<N>:<N> UTC <N>> but was:<Sun Jan <N> <N>:<N>:<N> UTC <N>> || com.alibaba.json.bvt.parser.DefaultExtJSONParser_parseArray.test_7,17,PASS,NO
com.alibaba.json.bvt.parser.OrderedFieldTest#test_ordered_field,FAIL,java.lang.AssertionError,expected:<Sun Jan <N> <N>:<N>:<N> UTC <N>> but was:<Sun Jan <N> <N>:<N>:<N> UTC <N>>,com.alibaba.json.bvt.parser.DefaultExtJSONParser_parseArray.test_7,java.lang.AssertionError || expected:<Sun Jan <N> <N>:<N>:<N> UTC <N>> but was:<Sun Jan <N> <N>:<N>:<N> UTC <N>> || com.alibaba.json.bvt.parser.DefaultExtJSONParser_parseArray.test_7,32,PASS,NO
com.alibaba.json.bvt.parser.ParseContextTest#test_toString,FAIL,java.lang.AssertionError,expected:<Sun Jan <N> <N>:<N>:<N> UTC <N>> but was:<Sun Jan <N> <N>:<N>:<N> UTC <N>>,com.alibaba.json.bvt.parser.DefaultExtJSONParser_parseArray.test_7,java.lang.AssertionError || expected:<Sun Jan <N> <N>:<N>:<N> UTC <N>> but was:<Sun Jan <N> <N>:<N>:<N> UTC <N>> || com.alibaba.json.bvt.parser.DefaultExtJSONParser_parseArray.test_7,220,PASS,NO
com.alibaba.json.bvt.parser.ParseRestTest#test_parseRest_0,FAIL,java.lang.AssertionError,expected:<Sun Jan <N> <N>:<N>:<N> UTC <N>> but was:<Sun Jan <N> <N>:<N>:<N> UTC <N>>,com.alibaba.json.bvt.parser.DefaultExtJSONParser_parseArray.test_7,java.lang.AssertionError || expected:<Sun Jan <N> <N>:<N>:<N> UTC <N>> but was:<Sun Jan <N> <N>:<N>:<N> UTC <N>> || com.alibaba.json.bvt.parser.DefaultExtJSONParser_parseArray.test_7,19,PASS,NO
com.alibaba.json.bvt.parser.ParserSpecialCharTest#test_0,FAIL,java.lang.AssertionError,expected:<Sun Jan <N> <N>:<N>:<N> UTC <N>> but was:<Sun Jan <N> <N>:<N>:<N> UTC <N>>,com.alibaba.json.bvt.parser.DefaultExtJSONParser_parseArray.test_7,java.lang.AssertionError || expected:<Sun Jan <N> <N>:<N>:<N> UTC <N>> but was:<Sun Jan <N> <N>:<N>:<N> UTC <N>> || com.alibaba.json.bvt.parser.DefaultExtJSONParser_parseArray.test_7,21,PASS,NO
com.alibaba.json.bvt.parser.ParserSpecialCharTest#test_1,FAIL,java.lang.AssertionError,expected:<Sun Jan <N> <N>:<N>:<N> UTC <N>> but was:<Sun Jan <N> <N>:<N>:<N> UTC <N>>,com.alibaba.json.bvt.parser.DefaultExtJSONParser_parseArray.test_7,java.lang.AssertionError || expected:<Sun Jan <N> <N>:<N>:<N> UTC <N>> but was:<Sun Jan <N> <N>:<N>:<N> UTC <N>> || com.alibaba.json.bvt.parser.DefaultExtJSONParser_parseArray.test_7,17,PASS,NO
com.alibaba.json.bvt.parser.ParserSpecialCharTest#test_10,FAIL,java.lang.AssertionError,expected:<Sun Jan <N> <N>:<N>:<N> UTC <N>> but was:<Sun Jan <N> <N>:<N>:<N> UTC <N>>,com.alibaba.json.bvt.parser.DefaultExtJSONParser_parseArray.test_7,java.lang.AssertionError || expected:<Sun Jan <N> <N>:<N>:<N> UTC <N>> but was:<Sun Jan <N> <N>:<N>:<N> UTC <N>> || com.alibaba.json.bvt.parser.DefaultExtJSONParser_parseArray.test_7,31,PASS,NO
com.alibaba.json.bvt.parser.ParserSpecialCharTest#test_11,FAIL,java.lang.AssertionError,expected:<Sun Jan <N> <N>:<N>:<N> UTC <N>> but was:<Sun Jan <N> <N>:<N>:<N> UTC <N>>,com.alibaba.json.bvt.parser.DefaultExtJSONParser_parseArray.test_7,java.lang.AssertionError || expected:<Sun Jan <N> <N>:<N>:<N> UTC <N>> but was:<Sun Jan <N> <N>:<N>:<N> UTC <N>> || com.alibaba.json.bvt.parser.DefaultExtJSONParser_parseArray.test_7,24,PASS,NO
com.alibaba.json.bvt.parser.ParserSpecialCharTest#test_12,FAIL,java.lang.AssertionError,expected:<Sun Jan <N> <N>:<N>:<N> UTC <N>> but was:<Sun Jan <N> <N>:<N>:<N> UTC <N>>,com.alibaba.json.bvt.parser.DefaultExtJSONParser_parseArray.test_7,java.lang.AssertionError || expected:<Sun Jan <N> <N>:<N>:<N> UTC <N>> but was:<Sun Jan <N> <N>:<N>:<N> UTC <N>> || com.alibaba.json.bvt.parser.DefaultExtJSONParser_parseArray.test_7,23,PASS,NO
com.alibaba.json.bvt.parser.ParserSpecialCharTest#test_13,FAIL,java.lang.AssertionError,expected:<Sun Jan <N> <N>:<N>:<N> UTC <N>> but was:<Sun Jan <N> <N>:<N>:<N> UTC <N>>,com.alibaba.json.bvt.parser.DefaultExtJSONParser_parseArray.test_7,java.lang.AssertionError || expected:<Sun Jan <N> <N>:<N>:<N> UTC <N>> but was:<Sun Jan <N> <N>:<N>:<N> UTC <N>> || com.alibaba.json.bvt.parser.DefaultExtJSONParser_parseArray.test_7,38,PASS,NO
com.alibaba.json.bvt.parser.ParserSpecialCharTest#test_2,FAIL,java.lang.AssertionError,expected:<Sun Jan <N> <N>:<N>:<N> UTC <N>> but was:<Sun Jan <N> <N>:<N>:<N> UTC <N>>,com.alibaba.json.bvt.parser.DefaultExtJSONParser_parseArray.test_7,java.lang.AssertionError || expected:<Sun Jan <N> <N>:<N>:<N> UTC <N>> but was:<Sun Jan <N> <N>:<N>:<N> UTC <N>> || com.alibaba.json.bvt.parser.DefaultExtJSONParser_parseArray.test_7,30,PASS,NO
com.alibaba.json.bvt.parser.ParserSpecialCharTest#test_3,FAIL,java.lang.AssertionError,expected:<Sun Jan <N> <N>:<N>:<N> UTC <N>> but was:<Sun Jan <N> <N>:<N>:<N> UTC <N>>,com.alibaba.json.bvt.parser.DefaultExtJSONParser_parseArray.test_7,java.lang.AssertionError || expected:<Sun Jan <N> <N>:<N>:<N> UTC <N>> but was:<Sun Jan <N> <N>:<N>:<N> UTC <N>> || com.alibaba.json.bvt.parser.DefaultExtJSONParser_parseArray.test_7,20,PASS,NO
com.alibaba.json.bvt.parser.ParserSpecialCharTest#test_34,FAIL,java.lang.AssertionError,expected:<Sun Jan <N> <N>:<N>:<N> UTC <N>> but was:<Sun Jan <N> <N>:<N>:<N> UTC <N>>,com.alibaba.json.bvt.parser.DefaultExtJSONParser_parseArray.test_7,java.lang.AssertionError || expected:<Sun Jan <N> <N>:<N>:<N> UTC <N>> but was:<Sun Jan <N> <N>:<N>:<N> UTC <N>> || com.alibaba.json.bvt.parser.DefaultExtJSONParser_parseArray.test_7,22,PASS,NO
com.alibaba.json.bvt.parser.ParserSpecialCharTest#test_39,FAIL,java.lang.AssertionError,expected:<Sun Jan <N> <N>:<N>:<N> UTC <N>> but was:<Sun Jan <N> <N>:<N>:<N> UTC <N>>,com.alibaba.json.bvt.parser.DefaultExtJSONParser_parseArray.test_7,java.lang.AssertionError || expected:<Sun Jan <N> <N>:<N>:<N> UTC <N>> but was:<Sun Jan <N> <N>:<N>:<N> UTC <N>> || com.alibaba.json.bvt.parser.DefaultExtJSONParser_parseArray.test_7,26,PASS,NO
com.alibaba.json.bvt.parser.ParserSpecialCharTest#test_4,FAIL,java.lang.AssertionError,expected:<Sun Jan <N> <N>:<N>:<N> UTC <N>> but was:<Sun Jan <N> <N>:<N>:<N> UTC <N>>,com.alibaba.json.bvt.parser.DefaultExtJSONParser_parseArray.test_7,java.lang.AssertionError || expected:<Sun Jan <N> <N>:<N>:<N> UTC <N>> but was:<Sun Jan <N> <N>:<N>:<N> UTC <N>> || com.alibaba.json.bvt.parser.DefaultExtJSONParser_parseArray.test_7,19,PASS,NO
com.alibaba.json.bvt.parser.ParserSpecialCharTest#test_47,FAIL,java.lang.AssertionError,expected:<Sun Jan <N> <N>:<N>:<N> UTC <N>> but was:<Sun Jan <N> <N>:<N>:<N> UTC <N>>,com.alibaba.json.bvt.parser.DefaultExtJSONParser_parseArray.test_7,java.lang.AssertionError || expected:<Sun Jan <N> <N>:<N>:<N> UTC <N>> but was:<Sun Jan <N> <N>:<N>:<N> UTC <N>> || com.alibaba.json.bvt.parser.DefaultExtJSONParser_parseArray.test_7,17,PASS,NO
com.alibaba.json.bvt.parser.ParserSpecialCharTest#test_5,FAIL,java.lang.AssertionError,expected:<Sun Jan <N> <N>:<N>:<N> UTC <N>> but was:<Sun Jan <N> <N>:<N>:<N> UTC <N>>,com.alibaba.json.bvt.parser.DefaultExtJSONParser_parseArray.test_7,java.lang.AssertionError || expected:<Sun Jan <N> <N>:<N>:<N> UTC <N>> but was:<Sun Jan <N> <N>:<N>:<N> UTC <N>> || com.alibaba.json.bvt.parser.DefaultExtJSONParser_parseArray.test_7,17,PASS,NO
com.alibaba.json.bvt.parser.ParserSpecialCharTest#test_6,FAIL,java.lang.AssertionError,expected:<Sun Jan <N> <N>:<N>:<N> UTC <N>> but was:<Sun Jan <N> <N>:<N>:<N> UTC <N>>,com.alibaba.json.bvt.parser.DefaultExtJSONParser_parseArray.test_7,java.lang.AssertionError || expected:<Sun Jan <N> <N>:<N>:<N> UTC <N>> but was:<Sun Jan <N> <N>:<N>:<N> UTC <N>> || com.alibaba.json.bvt.parser.DefaultExtJSONParser_parseArray.test_7,36,PASS,NO
com.alibaba.json.bvt.parser.ParserSpecialCharTest#test_7,FAIL,java.lang.AssertionError,expected:<Sun Jan <N> <N>:<N>:<N> UTC <N>> but was:<Sun Jan <N> <N>:<N>:<N> UTC <N>>,com.alibaba.json.bvt.parser.DefaultExtJSONParser_parseArray.test_7,java.lang.AssertionError || expected:<Sun Jan <N> <N>:<N>:<N> UTC <N>> but was:<Sun Jan <N> <N>:<N>:<N> UTC <N>> || com.alibaba.json.bvt.parser.DefaultExtJSONParser_parseArray.test_7,18,PASS,NO
com.alibaba.json.bvt.parser.ParserSpecialCharTest#test_8,FAIL,java.lang.AssertionError,expected:<Sun Jan <N> <N>:<N>:<N> UTC <N>> but was:<Sun Jan <N> <N>:<N>:<N> UTC <N>>,com.alibaba.json.bvt.parser.DefaultExtJSONParser_parseArray.test_7,java.lang.AssertionError || expected:<Sun Jan <N> <N>:<N>:<N> UTC <N>> but was:<Sun Jan <N> <N>:<N>:<N> UTC <N>> || com.alibaba.json.bvt.parser.DefaultExtJSONParser_parseArray.test_7,29,PASS,NO
com.alibaba.json.bvt.parser.ParserSpecialCharTest#test_9,FAIL,java.lang.AssertionError,expected:<Sun Jan <N> <N>:<N>:<N> UTC <N>> but was:<Sun Jan <N> <N>:<N>:<N> UTC <N>>,com.alibaba.json.bvt.parser.DefaultExtJSONParser_parseArray.test_7,java.lang.AssertionError || expected:<Sun Jan <N> <N>:<N>:<N> UTC <N>> but was:<Sun Jan <N> <N>:<N>:<N> UTC <N>> || com.alibaba.json.bvt.parser.DefaultExtJSONParser_parseArray.test_7,30,PASS,NO
com.alibaba.json.bvt.parser.ParserSpecialCharTest#test_92,FAIL,java.lang.AssertionError,expected:<Sun Jan <N> <N>:<N>:<N> UTC <N>> but was:<Sun Jan <N> <N>:<N>:<N> UTC <N>>,com.alibaba.json.bvt.parser.DefaultExtJSONParser_parseArray.test_7,java.lang.AssertionError || expected:<Sun Jan <N> <N>:<N>:<N> UTC <N>> but was:<Sun Jan <N> <N>:<N>:<N> UTC <N>> || com.alibaba.json.bvt.parser.DefaultExtJSONParser_parseArray.test_7,31,PASS,NO
com.alibaba.json.bvt.parser.ParserSpecialCharTest_map#test_0,FAIL,java.lang.AssertionError,expected:<Sun Jan <N> <N>:<N>:<N> UTC <N>> but was:<Sun Jan <N> <N>:<N>:<N> UTC <N>>,com.alibaba.json.bvt.parser.DefaultExtJSONParser_parseArray.test_7,java.lang.AssertionError || expected:<Sun Jan <N> <N>:<N>:<N> UTC <N>> but was:<Sun Jan <N> <N>:<N>:<N> UTC <N>> || com.alibaba.json.bvt.parser.DefaultExtJSONParser_parseArray.test_7,28,PASS,NO
com.alibaba.json.bvt.parser.ParserSpecialCharTest_map#test_1,FAIL,java.lang.AssertionError,expected:<Sun Jan <N> <N>:<N>:<N> UTC <N>> but was:<Sun Jan <N> <N>:<N>:<N> UTC <N>>,com.alibaba.json.bvt.parser.DefaultExtJSONParser_parseArray.test_7,java.lang.AssertionError || expected:<Sun Jan <N> <N>:<N>:<N> UTC <N>> but was:<Sun Jan <N> <N>:<N>:<N> UTC <N>> || com.alibaba.json.bvt.parser.DefaultExtJSONParser_parseArray.test_7,26,PASS,NO
com.alibaba.json.bvt.parser.ParserSpecialCharTest_map#test_10,FAIL,java.lang.AssertionError,expected:<Sun Jan <N> <N>:<N>:<N> UTC <N>> but was:<Sun Jan <N> <N>:<N>:<N> UTC <N>>,com.alibaba.json.bvt.parser.DefaultExtJSONParser_parseArray.test_7,java.lang.AssertionError || expected:<Sun Jan <N> <N>:<N>:<N> UTC <N>> but was:<Sun Jan <N> <N>:<N>:<N> UTC <N>> || com.alibaba.json.bvt.parser.DefaultExtJSONParser_parseArray.test_7,19,PASS,NO
com.alibaba.json.bvt.parser.ParserSpecialCharTest_map#test_11,FAIL,java.lang.AssertionError,expected:<Sun Jan <N> <N>:<N>:<N> UTC <N>> but was:<Sun Jan <N> <N>:<N>:<N> UTC <N>>,com.alibaba.json.bvt.parser.DefaultExtJSONParser_parseArray.test_7,java.lang.AssertionError || expected:<Sun Jan <N> <N>:<N>:<N> UTC <N>> but was:<Sun Jan <N> <N>:<N>:<N> UTC <N>> || com.alibaba.json.bvt.parser.DefaultExtJSONParser_parseArray.test_7,26,PASS,NO
com.alibaba.json.bvt.parser.ParserSpecialCharTest_map#test_12,FAIL,java.lang.AssertionError,expected:<Sun Jan <N> <N>:<N>:<N> UTC <N>> but was:<Sun Jan <N> <N>:<N>:<N> UTC <N>>,com.alibaba.json.bvt.parser.DefaultExtJSONParser_parseArray.test_7,java.lang.AssertionError || expected:<Sun Jan <N> <N>:<N>:<N> UTC <N>> but was:<Sun Jan <N> <N>:<N>:<N> UTC <N>> || com.alibaba.json.bvt.parser.DefaultExtJSONParser_parseArray.test_7,20,PASS,NO
com.alibaba.json.bvt.parser.ParserSpecialCharTest_map#test_13,FAIL,java.lang.AssertionError,expected:<Sun Jan <N> <N>:<N>:<N> UTC <N>> but was:<Sun Jan <N> <N>:<N>:<N> UTC <N>>,com.alibaba.json.bvt.parser.DefaultExtJSONParser_parseArray.test_7,java.lang.AssertionError || expected:<Sun Jan <N> <N>:<N>:<N> UTC <N>> but was:<Sun Jan <N> <N>:<N>:<N> UTC <N>> || com.alibaba.json.bvt.parser.DefaultExtJSONParser_parseArray.test_7,18,PASS,NO
com.alibaba.json.bvt.parser.ParserSpecialCharTest_map#test_2,FAIL,java.lang.AssertionError,expected:<Sun Jan <N> <N>:<N>:<N> UTC <N>> but was:<Sun Jan <N> <N>:<N>:<N> UTC <N>>,com.alibaba.json.bvt.parser.DefaultExtJSONParser_parseArray.test_7,java.lang.AssertionError || expected:<Sun Jan <N> <N>:<N>:<N> UTC <N>> but was:<Sun Jan <N> <N>:<N>:<N> UTC <N>> || com.alibaba.json.bvt.parser.DefaultExtJSONParser_parseArray.test_7,16,PASS,NO
com.alibaba.json.bvt.parser.ParserSpecialCharTest_map#test_3,FAIL,java.lang.AssertionError,expected:<Sun Jan <N> <N>:<N>:<N> UTC <N>> but was:<Sun Jan <N> <N>:<N>:<N> UTC <N>>,com.alibaba.json.bvt.parser.DefaultExtJSONParser_parseArray.test_7,java.lang.AssertionError || expected:<Sun Jan <N> <N>:<N>:<N> UTC <N>> but was:<Sun Jan <N> <N>:<N>:<N> UTC <N>> || com.alibaba.json.bvt.parser.DefaultExtJSONParser_parseArray.test_7,26,PASS,NO
com.alibaba.json.bvt.parser.ParserSpecialCharTest_map#test_34,FAIL,java.lang.AssertionError,expected:<Sun Jan <N> <N>:<N>:<N> UTC <N>> but was:<Sun Jan <N> <N>:<N>:<N> UTC <N>>,com.alibaba.json.bvt.parser.DefaultExtJSONParser_parseArray.test_7,java.lang.AssertionError || expected:<Sun Jan <N> <N>:<N>:<N> UTC <N>> but was:<Sun Jan <N> <N>:<N>:<N> UTC <N>> || com.alibaba.json.bvt.parser.DefaultExtJSONParser_parseArray.test_7,16,PASS,NO
com.alibaba.json.bvt.parser.ParserSpecialCharTest_map#test_39,FAIL,java.lang.AssertionError,expected:<Sun Jan <N> <N>:<N>:<N> UTC <N>> but was:<Sun Jan <N> <N>:<N>:<N> UTC <N>>,com.alibaba.json.bvt.parser.DefaultExtJSONParser_parseArray.test_7,java.lang.AssertionError || expected:<Sun Jan <N> <N>:<N>:<N> UTC <N>> but was:<Sun Jan <N> <N>:<N>:<N> UTC <N>> || com.alibaba.json.bvt.parser.DefaultExtJSONParser_parseArray.test_7,28,PASS,NO
com.alibaba.json.bvt.parser.ParserSpecialCharTest_map#test_4,FAIL,java.lang.AssertionError,expected:<Sun Jan <N> <N>:<N>:<N> UTC <N>> but was:<Sun Jan <N> <N>:<N>:<N> UTC <N>>,com.alibaba.json.bvt.parser.DefaultExtJSONParser_parseArray.test_7,java.lang.AssertionError || expected:<Sun Jan <N> <N>:<N>:<N> UTC <N>> but was:<Sun Jan <N> <N>:<N>:<N> UTC <N>> || com.alibaba.json.bvt.parser.DefaultExtJSONParser_parseArray.test_7,26,PASS,NO
com.alibaba.json.bvt.parser.ParserSpecialCharTest_map#test_47,FAIL,java.lang.AssertionError,expected:<Sun Jan <N> <N>:<N>:<N> UTC <N>> but was:<Sun Jan <N> <N>:<N>:<N> UTC <N>>,com.alibaba.json.bvt.parser.DefaultExtJSONParser_parseArray.test_7,java.lang.AssertionError || expected:<Sun Jan <N> <N>:<N>:<N> UTC <N>> but was:<Sun Jan <N> <N>:<N>:<N> UTC <N>> || com.alibaba.json.bvt.parser.DefaultExtJSONParser_parseArray.test_7,15,PASS,NO
com.alibaba.json.bvt.parser.ParserSpecialCharTest_map#test_5,FAIL,java.lang.AssertionError,expected:<Sun Jan <N> <N>:<N>:<N> UTC <N>> but was:<Sun Jan <N> <N>:<N>:<N> UTC <N>>,com.alibaba.json.bvt.parser.DefaultExtJSONParser_parseArray.test_7,java.lang.AssertionError || expected:<Sun Jan <N> <N>:<N>:<N> UTC <N>> but was:<Sun Jan <N> <N>:<N>:<N> UTC <N>> || com.alibaba.json.bvt.parser.DefaultExtJSONParser_parseArray.test_7,14,PASS,NO
com.alibaba.json.bvt.parser.ParserSpecialCharTest_map#test_6,FAIL,java.lang.AssertionError,expected:<Sun Jan <N> <N>:<N>:<N> UTC <N>> but was:<Sun Jan <N> <N>:<N>:<N> UTC <N>>,com.alibaba.json.bvt.parser.DefaultExtJSONParser_parseArray.test_7,java.lang.AssertionError || expected:<Sun Jan <N> <N>:<N>:<N> UTC <N>> but was:<Sun Jan <N> <N>:<N>:<N> UTC <N>> || com.alibaba.json.bvt.parser.DefaultExtJSONParser_parseArray.test_7,27,PASS,NO
com.alibaba.json.bvt.parser.ParserSpecialCharTest_map#test_7,FAIL,java.lang.AssertionError,expected:<Sun Jan <N> <N>:<N>:<N> UTC <N>> but was:<Sun Jan <N> <N>:<N>:<N> UTC <N>>,com.alibaba.json.bvt.parser.DefaultExtJSONParser_parseArray.test_7,java.lang.AssertionError || expected:<Sun Jan <N> <N>:<N>:<N> UTC <N>> but was:<Sun Jan <N> <N>:<N>:<N> UTC <N>> || com.alibaba.json.bvt.parser.DefaultExtJSONParser_parseArray.test_7,34,PASS,NO
com.alibaba.json.bvt.parser.ParserSpecialCharTest_map#test_8,FAIL,java.lang.AssertionError,expected:<Sun Jan <N> <N>:<N>:<N> UTC <N>> but was:<Sun Jan <N> <N>:<N>:<N> UTC <N>>,com.alibaba.json.bvt.parser.DefaultExtJSONParser_parseArray.test_7,java.lang.AssertionError || expected:<Sun Jan <N> <N>:<N>:<N> UTC <N>> but was:<Sun Jan <N> <N>:<N>:<N> UTC <N>> || com.alibaba.json.bvt.parser.DefaultExtJSONParser_parseArray.test_7,18,PASS,NO
com.alibaba.json.bvt.parser.ParserSpecialCharTest_map#test_9,FAIL,java.lang.AssertionError,expected:<Sun Jan <N> <N>:<N>:<N> UTC <N>> but was:<Sun Jan <N> <N>:<N>:<N> UTC <N>>,com.alibaba.json.bvt.parser.DefaultExtJSONParser_parseArray.test_7,java.lang.AssertionError || expected:<Sun Jan <N> <N>:<N>:<N> UTC <N>> but was:<Sun Jan <N> <N>:<N>:<N> UTC <N>> || com.alibaba.json.bvt.parser.DefaultExtJSONParser_parseArray.test_7,28,PASS,NO
com.alibaba.json.bvt.parser.ParserSpecialCharTest_map#test_92,FAIL,java.lang.AssertionError,expected:<Sun Jan <N> <N>:<N>:<N> UTC <N>> but was:<Sun Jan <N> <N>:<N>:<N> UTC <N>>,com.alibaba.json.bvt.parser.DefaultExtJSONParser_parseArray.test_7,java.lang.AssertionError || expected:<Sun Jan <N> <N>:<N>:<N> UTC <N>> but was:<Sun Jan <N> <N>:<N>:<N> UTC <N>> || com.alibaba.json.bvt.parser.DefaultExtJSONParser_parseArray.test_7,22,PASS,NO
com.alibaba.json.bvt.parser.ParserSpecialCharTest_map_singleQuote#test_0,FAIL,java.lang.AssertionError,expected:<Sun Jan <N> <N>:<N>:<N> UTC <N>> but was:<Sun Jan <N> <N>:<N>:<N> UTC <N>>,com.alibaba.json.bvt.parser.DefaultExtJSONParser_parseArray.test_7,java.lang.AssertionError || expected:<Sun Jan <N> <N>:<N>:<N> UTC <N>> but was:<Sun Jan <N> <N>:<N>:<N> UTC <N>> || com.alibaba.json.bvt.parser.DefaultExtJSONParser_parseArray.test_7,16,PASS,NO
com.alibaba.json.bvt.parser.ParserSpecialCharTest_map_singleQuote#test_1,FAIL,java.lang.AssertionError,expected:<Sun Jan <N> <N>:<N>:<N> UTC <N>> but was:<Sun Jan <N> <N>:<N>:<N> UTC <N>>,com.alibaba.json.bvt.parser.DefaultExtJSONParser_parseArray.test_7,java.lang.AssertionError || expected:<Sun Jan <N> <N>:<N>:<N> UTC <N>> but was:<Sun Jan <N> <N>:<N>:<N> UTC <N>> || com.alibaba.json.bvt.parser.DefaultExtJSONParser_parseArray.test_7,28,PASS,NO
com.alibaba.json.bvt.parser.ParserSpecialCharTest_map_singleQuote#test_10,FAIL,java.lang.AssertionError,expected:<Sun Jan <N> <N>:<N>:<N> UTC <N>> but was:<Sun Jan <N> <N>:<N>:<N> UTC <N>>,com.alibaba.json.bvt.parser.DefaultExtJSONParser_parseArray.test_7,java.lang.AssertionError || expected:<Sun Jan <N> <N>:<N>:<N> UTC <N>> but was:<Sun Jan <N> <N>:<N>:<N> UTC <N>> || com.alibaba.json.bvt.parser.DefaultExtJSONParser_parseArray.test_7,16,PASS,NO
com.alibaba.json.bvt.parser.ParserSpecialCharTest_map_singleQuote#test_11,FAIL,java.lang.AssertionError,expected:<Sun Jan <N> <N>:<N>:<N> UTC <N>> but was:<Sun Jan <N> <N>:<N>:<N> UTC <N>>,com.alibaba.json.bvt.parser.DefaultExtJSONParser_parseArray.test_7,java.lang.AssertionError || expected:<Sun Jan <N> <N>:<N>:<N> UTC <N>> but was:<Sun Jan <N> <N>:<N>:<N> UTC <N>> || com.alibaba.json.bvt.parser.DefaultExtJSONParser_parseArray.test_7,19,PASS,NO
com.alibaba.json.bvt.parser.ParserSpecialCharTest_map_singleQuote#test_12,FAIL,java.lang.AssertionError,expected:<Sun Jan <N> <N>:<N>:<N> UTC <N>> but was:<Sun Jan <N> <N>:<N>:<N> UTC <N>>,com.alibaba.json.bvt.parser.DefaultExtJSONParser_parseArray.test_7,java.lang.AssertionError || expected:<Sun Jan <N> <N>:<N>:<N> UTC <N>> but was:<Sun Jan <N> <N>:<N>:<N> UTC <N>> || com.alibaba.json.bvt.parser.DefaultExtJSONParser_parseArray.test_7,25,PASS,NO
com.alibaba.json.bvt.parser.ParserSpecialCharTest_map_singleQuote#test_13,FAIL,java.lang.AssertionError,expected:<Sun Jan <N> <N>:<N>:<N> UTC <N>> but was:<Sun Jan <N> <N>:<N>:<N> UTC <N>>,com.alibaba.json.bvt.parser.DefaultExtJSONParser_parseArray.test_7,java.lang.AssertionError || expected:<Sun Jan <N> <N>:<N>:<N> UTC <N>> but was:<Sun Jan <N> <N>:<N>:<N> UTC <N>> || com.alibaba.json.bvt.parser.DefaultExtJSONParser_parseArray.test_7,16,PASS,NO
com.alibaba.json.bvt.parser.ParserSpecialCharTest_map_singleQuote#test_2,FAIL,java.lang.AssertionError,expected:<Sun Jan <N> <N>:<N>:<N> UTC <N>> but was:<Sun Jan <N> <N>:<N>:<N> UTC <N>>,com.alibaba.json.bvt.parser.DefaultExtJSONParser_parseArray.test_7,java.lang.AssertionError || expected:<Sun Jan <N> <N>:<N>:<N> UTC <N>> but was:<Sun Jan <N> <N>:<N>:<N> UTC <N>> || com.alibaba.json.bvt.parser.DefaultExtJSONParser_parseArray.test_7,20,PASS,NO
com.alibaba.json.bvt.parser.ParserSpecialCharTest_map_singleQuote#test_3,FAIL,java.lang.AssertionError,expected:<Sun Jan <N> <N>:<N>:<N> UTC <N>> but was:<Sun Jan <N> <N>:<N>:<N> UTC <N>>,com.alibaba.json.bvt.parser.DefaultExtJSONParser_parseArray.test_7,java.lang.AssertionError || expected:<Sun Jan <N> <N>:<N>:<N> UTC <N>> but was:<Sun Jan <N> <N>:<N>:<N> UTC <N>> || com.alibaba.json.bvt.parser.DefaultExtJSONParser_parseArray.test_7,34,PASS,NO
com.alibaba.json.bvt.parser.ParserSpecialCharTest_map_singleQuote#test_34,FAIL,java.lang.AssertionError,expected:<Sun Jan <N> <N>:<N>:<N> UTC <N>> but was:<Sun Jan <N> <N>:<N>:<N> UTC <N>>,com.alibaba.json.bvt.parser.DefaultExtJSONParser_parseArray.test_7,java.lang.AssertionError || expected:<Sun Jan <N> <N>:<N>:<N> UTC <N>> but was:<Sun Jan <N> <N>:<N>:<N> UTC <N>> || com.alibaba.json.bvt.parser.DefaultExtJSONParser_parseArray.test_7,26,PASS,NO
com.alibaba.json.bvt.parser.ParserSpecialCharTest_map_singleQuote#test_39,FAIL,java.lang.AssertionError,expected:<Sun Jan <N> <N>:<N>:<N> UTC <N>> but was:<Sun Jan <N> <N>:<N>:<N> UTC <N>>,com.alibaba.json.bvt.parser.DefaultExtJSONParser_parseArray.test_7,java.lang.AssertionError || expected:<Sun Jan <N> <N>:<N>:<N> UTC <N>> but was:<Sun Jan <N> <N>:<N>:<N> UTC <N>> || com.alibaba.json.bvt.parser.DefaultExtJSONParser_parseArray.test_7,18,PASS,NO
com.alibaba.json.bvt.parser.ParserSpecialCharTest_map_singleQuote#test_4,FAIL,java.lang.AssertionError,expected:<Sun Jan <N> <N>:<N>:<N> UTC <N>> but was:<Sun Jan <N> <N>:<N>:<N> UTC <N>>,com.alibaba.json.bvt.parser.DefaultExtJSONParser_parseArray.test_7,java.lang.AssertionError || expected:<Sun Jan <N> <N>:<N>:<N> UTC <N>> but was:<Sun Jan <N> <N>:<N>:<N> UTC <N>> || com.alibaba.json.bvt.parser.DefaultExtJSONParser_parseArray.test_7,25,PASS,NO
com.alibaba.json.bvt.parser.ParserSpecialCharTest_map_singleQuote#test_47,FAIL,java.lang.AssertionError,expected:<Sun Jan <N> <N>:<N>:<N> UTC <N>> but was:<Sun Jan <N> <N>:<N>:<N> UTC <N>>,com.alibaba.json.bvt.parser.DefaultExtJSONParser_parseArray.test_7,java.lang.AssertionError || expected:<Sun Jan <N> <N>:<N>:<N> UTC <N>> but was:<Sun Jan <N> <N>:<N>:<N> UTC <N>> || com.alibaba.json.bvt.parser.DefaultExtJSONParser_parseArray.test_7,29,PASS,NO
com.alibaba.json.bvt.parser.ParserSpecialCharTest_map_singleQuote#test_5,FAIL,java.lang.AssertionError,expected:<Sun Jan <N> <N>:<N>:<N> UTC <N>> but was:<Sun Jan <N> <N>:<N>:<N> UTC <N>>,com.alibaba.json.bvt.parser.DefaultExtJSONParser_parseArray.test_7,java.lang.AssertionError || expected:<Sun Jan <N> <N>:<N>:<N> UTC <N>> but was:<Sun Jan <N> <N>:<N>:<N> UTC <N>> || com.alibaba.json.bvt.parser.DefaultExtJSONParser_parseArray.test_7,19,PASS,NO
com.alibaba.json.bvt.parser.ParserSpecialCharTest_map_singleQuote#test_6,FAIL,java.lang.AssertionError,expected:<Sun Jan <N> <N>:<N>:<N> UTC <N>> but was:<Sun Jan <N> <N>:<N>:<N> UTC <N>>,com.alibaba.json.bvt.parser.DefaultExtJSONParser_parseArray.test_7,java.lang.AssertionError || expected:<Sun Jan <N> <N>:<N>:<N> UTC <N>> but was:<Sun Jan <N> <N>:<N>:<N> UTC <N>> || com.alibaba.json.bvt.parser.DefaultExtJSONParser_parseArray.test_7,16,PASS,NO
com.alibaba.json.bvt.parser.ParserSpecialCharTest_map_singleQuote#test_7,FAIL,java.lang.AssertionError,expected:<Sun Jan <N> <N>:<N>:<N> UTC <N>> but was:<Sun Jan <N> <N>:<N>:<N> UTC <N>>,com.alibaba.json.bvt.parser.DefaultExtJSONParser_parseArray.test_7,java.lang.AssertionError || expected:<Sun Jan <N> <N>:<N>:<N> UTC <N>> but was:<Sun Jan <N> <N>:<N>:<N> UTC <N>> || com.alibaba.json.bvt.parser.DefaultExtJSONParser_parseArray.test_7,17,PASS,NO
com.alibaba.json.bvt.parser.ParserSpecialCharTest_map_singleQuote#test_8,FAIL,java.lang.AssertionError,expected:<Sun Jan <N> <N>:<N>:<N> UTC <N>> but was:<Sun Jan <N> <N>:<N>:<N> UTC <N>>,com.alibaba.json.bvt.parser.DefaultExtJSONParser_parseArray.test_7,java.lang.AssertionError || expected:<Sun Jan <N> <N>:<N>:<N> UTC <N>> but was:<Sun Jan <N> <N>:<N>:<N> UTC <N>> || com.alibaba.json.bvt.parser.DefaultExtJSONParser_parseArray.test_7,23,PASS,NO
com.alibaba.json.bvt.parser.ParserSpecialCharTest_map_singleQuote#test_9,FAIL,java.lang.AssertionError,expected:<Sun Jan <N> <N>:<N>:<N> UTC <N>> but was:<Sun Jan <N> <N>:<N>:<N> UTC <N>>,com.alibaba.json.bvt.parser.DefaultExtJSONParser_parseArray.test_7,java.lang.AssertionError || expected:<Sun Jan <N> <N>:<N>:<N> UTC <N>> but was:<Sun Jan <N> <N>:<N>:<N> UTC <N>> || com.alibaba.json.bvt.parser.DefaultExtJSONParser_parseArray.test_7,31,PASS,NO
com.alibaba.json.bvt.parser.ParserSpecialCharTest_map_singleQuote#test_92,FAIL,java.lang.AssertionError,expected:<Sun Jan <N> <N>:<N>:<N> UTC <N>> but was:<Sun Jan <N> <N>:<N>:<N> UTC <N>>,com.alibaba.json.bvt.parser.DefaultExtJSONParser_parseArray.test_7,java.lang.AssertionError || expected:<Sun Jan <N> <N>:<N>:<N> UTC <N>> but was:<Sun Jan <N> <N>:<N>:<N> UTC <N>> || com.alibaba.json.bvt.parser.DefaultExtJSONParser_parseArray.test_7,17,PASS,NO
com.alibaba.json.bvt.parser.PrivateConstrunctorTest#test_parse,FAIL,java.lang.AssertionError,expected:<Sun Jan <N> <N>:<N>:<N> UTC <N>> but was:<Sun Jan <N> <N>:<N>:<N> UTC <N>>,com.alibaba.json.bvt.parser.DefaultExtJSONParser_parseArray.test_7,java.lang.AssertionError || expected:<Sun Jan <N> <N>:<N>:<N> UTC <N>> but was:<Sun Jan <N> <N>:<N>:<N> UTC <N>> || com.alibaba.json.bvt.parser.DefaultExtJSONParser_parseArray.test_7,21,PASS,NO
com.alibaba.json.bvt.parser.ProductViewTest#test_parse,FAIL,java.lang.AssertionError,expected:<Sun Jan <N> <N>:<N>:<N> UTC <N>> but was:<Sun Jan <N> <N>:<N>:<N> UTC <N>>,com.alibaba.json.bvt.parser.DefaultExtJSONParser_parseArray.test_7,java.lang.AssertionError || expected:<Sun Jan <N> <N>:<N>:<N> UTC <N>> but was:<Sun Jan <N> <N>:<N>:<N> UTC <N>> || com.alibaba.json.bvt.parser.DefaultExtJSONParser_parseArray.test_7,20,PASS,NO
com.alibaba.json.bvt.parser.ReadOnlyAtomicBooleanTest#test_readOnly,FAIL,java.lang.AssertionError,expected:<Sun Jan <N> <N>:<N>:<N> UTC <N>> but was:<Sun Jan <N> <N>:<N>:<N> UTC <N>>,com.alibaba.json.bvt.parser.DefaultExtJSONParser_parseArray.test_7,java.lang.AssertionError || expected:<Sun Jan <N> <N>:<N>:<N> UTC <N>> but was:<Sun Jan <N> <N>:<N>:<N> UTC <N>> || com.alibaba.json.bvt.parser.DefaultExtJSONParser_parseArray.test_7,17,PASS,NO
com.alibaba.json.bvt.parser.ReadOnlyAtomicBooleanTest_field#test_readOnly,FAIL,java.lang.AssertionError,expected:<Sun Jan <N> <N>:<N>:<N> UTC <N>> but was:<Sun Jan <N> <N>:<N>:<N> UTC <N>>,com.alibaba.json.bvt.parser.DefaultExtJSONParser_parseArray.test_7,java.lang.AssertionError || expected:<Sun Jan <N> <N>:<N>:<N> UTC <N>> but was:<Sun Jan <N> <N>:<N>:<N> UTC <N>> || com.alibaba.json.bvt.parser.DefaultExtJSONParser_parseArray.test_7,21,PASS,NO
com.alibaba.json.bvt.parser.ReadOnlyAtomicIntegerTest#test_readOnly,FAIL,java.lang.AssertionError,expected:<Sun Jan <N> <N>:<N>:<N> UTC <N>> but was:<Sun Jan <N> <N>:<N>:<N> UTC <N>>,com.alibaba.json.bvt.parser.DefaultExtJSONParser_parseArray.test_7,java.lang.AssertionError || expected:<Sun Jan <N> <N>:<N>:<N> UTC <N>> but was:<Sun Jan <N> <N>:<N>:<N> UTC <N>> || com.alibaba.json.bvt.parser.DefaultExtJSONParser_parseArray.test_7,18,PASS,NO
com.alibaba.json.bvt.parser.ReadOnlyAtomicIntegerTest_field#test_readOnly,FAIL,java.lang.AssertionError,expected:<Sun Jan <N> <N>:<N>:<N> UTC <N>> but was:<Sun Jan <N> <N>:<N>:<N> UTC <N>>,com.alibaba.json.bvt.parser.DefaultExtJSONParser_parseArray.test_7,java.lang.AssertionError || expected:<Sun Jan <N> <N>:<N>:<N> UTC <N>> but was:<Sun Jan <N> <N>:<N>:<N> UTC <N>> || com.alibaba.json.bvt.parser.DefaultExtJSONParser_parseArray.test_7,31,PASS,NO
com.alibaba.json.bvt.parser.ReadOnlyAtomicLongTest#test_readOnly,FAIL,java.lang.AssertionError,expected:<Sun Jan <N> <N>:<N>:<N> UTC <N>> but was:<Sun Jan <N> <N>:<N>:<N> UTC <N>>,com.alibaba.json.bvt.parser.DefaultExtJSONParser_parseArray.test_7,java.lang.AssertionError || expected:<Sun Jan <N> <N>:<N>:<N> UTC <N>> but was:<Sun Jan <N> <N>:<N>:<N> UTC <N>> || com.alibaba.json.bvt.parser.DefaultExtJSONParser_parseArray.test_7,17,PASS,NO
com.alibaba.json.bvt.parser.ReadOnlyAtomicLongTest_field#test_readOnly,FAIL,java.lang.AssertionError,expected:<Sun Jan <N> <N>:<N>:<N> UTC <N>> but was:<Sun Jan <N> <N>:<N>:<N> UTC <N>>,com.alibaba.json.bvt.parser.DefaultExtJSONParser_parseArray.test_7,java.lang.AssertionError || expected:<Sun Jan <N> <N>:<N>:<N> UTC <N>> but was:<Sun Jan <N> <N>:<N>:<N> UTC <N>> || com.alibaba.json.bvt.parser.DefaultExtJSONParser_parseArray.test_7,17,PASS,NO
com.alibaba.json.bvt.parser.ReadOnlyCollectionTest#test_readOnlyNullList,FAIL,java.lang.AssertionError,expected:<Sun Jan <N> <N>:<N>:<N> UTC <N>> but was:<Sun Jan <N> <N>:<N>:<N> UTC <N>>,com.alibaba.json.bvt.parser.DefaultExtJSONParser_parseArray.test_7,java.lang.AssertionError || expected:<Sun Jan <N> <N>:<N>:<N> UTC <N>> but was:<Sun Jan <N> <N>:<N>:<N> UTC <N>> || com.alibaba.json.bvt.parser.DefaultExtJSONParser_parseArray.test_7,20,PASS,NO
com.alibaba.json.bvt.parser.ReadOnlyCollectionTest_final_field#test_readOnlyNullList,FAIL,java.lang.AssertionError,expected:<Sun Jan <N> <N>:<N>:<N> UTC <N>> but was:<Sun Jan <N> <N>:<N>:<N> UTC <N>>,com.alibaba.json.bvt.parser.DefaultExtJSONParser_parseArray.test_7,java.lang.AssertionError || expected:<Sun Jan <N> <N>:<N>:<N> UTC <N>> but was:<Sun Jan <N> <N>:<N>:<N> UTC <N>> || com.alibaba.json.bvt.parser.DefaultExtJSONParser_parseArray.test_7,18,PASS,NO
com.alibaba.json.bvt.parser.ReadOnlyCollectionTest_final_field_null#test_readOnlyNullList,FAIL,java.lang.AssertionError,expected:<Sun Jan <N> <N>:<N>:<N> UTC <N>> but was:<Sun Jan <N> <N>:<N>:<N> UTC <N>>,com.alibaba.json.bvt.parser.DefaultExtJSONParser_parseArray.test_7,java.lang.AssertionError || expected:<Sun Jan <N> <N>:<N>:<N> UTC <N>> but was:<Sun Jan <N> <N>:<N>:<N> UTC <N>> || com.alibaba.json.bvt.parser.DefaultExtJSONParser_parseArray.test_7,19,PASS,NO
com.alibaba.json.bvt.parser.ReadOnlyMapTest#test_readOnlyNullList,FAIL,java.lang.AssertionError,expected:<Sun Jan <N> <N>:<N>:<N> UTC <N>> but was:<Sun Jan <N> <N>:<N>:<N> UTC <N>>,com.alibaba.json.bvt.parser.DefaultExtJSONParser_parseArray.test_7,java.lang.AssertionError || expected:<Sun Jan <N> <N>:<N>:<N> UTC <N>> but was:<Sun Jan <N> <N>:<N>:<N> UTC <N>> || com.alibaba.json.bvt.parser.DefaultExtJSONParser_parseArray.test_7,15,PASS,NO
com.alibaba.json.bvt.parser.ReadOnlyMapTest2#test_readOnlyNullList,FAIL,java.lang.AssertionError,expected:<Sun Jan <N> <N>:<N>:<N> UTC <N>> but was:<Sun Jan <N> <N>:<N>:<N> UTC <N>>,com.alibaba.json.bvt.parser.DefaultExtJSONParser_parseArray.test_7,java.lang.AssertionError || expected:<Sun Jan <N> <N>:<N>:<N> UTC <N>> but was:<Sun Jan <N> <N>:<N>:<N> UTC <N>> || com.alibaba.json.bvt.parser.DefaultExtJSONParser_parseArray.test_7,17,PASS,NO
com.alibaba.json.bvt.parser.ReadOnlyMapTest2_final_field#test_readOnlyNullList,FAIL,java.lang.AssertionError,expected:<Sun Jan <N> <N>:<N>:<N> UTC <N>> but was:<Sun Jan <N> <N>:<N>:<N> UTC <N>>,com.alibaba.json.bvt.parser.DefaultExtJSONParser_parseArray.test_7,java.lang.AssertionError || expected:<Sun Jan <N> <N>:<N>:<N> UTC <N>> but was:<Sun Jan <N> <N>:<N>:<N> UTC <N>> || com.alibaba.json.bvt.parser.DefaultExtJSONParser_parseArray.test_7,28,PASS,NO
com.alibaba.json.bvt.parser.ReadOnlyMapTest_final_field#test_readOnlyNullList,FAIL,java.lang.AssertionError,expected:<Sun Jan <N> <N>:<N>:<N> UTC <N>> but was:<Sun Jan <N> <N>:<N>:<N> UTC <N>>,com.alibaba.json.bvt.parser.DefaultExtJSONParser_parseArray.test_7,java.lang.AssertionError || expected:<Sun Jan <N> <N>:<N>:<N> UTC <N>> but was:<Sun Jan <N> <N>:<N>:<N> UTC <N>> || com.alibaba.json.bvt.parser.DefaultExtJSONParser_parseArray.test_7,22,PASS,NO
com.alibaba.json.bvt.parser.RedundantTest#test_extra,FAIL,java.lang.AssertionError,expected:<Sun Jan <N> <N>:<N>:<N> UTC <N>> but was:<Sun Jan <N> <N>:<N>:<N> UTC <N>>,com.alibaba.json.bvt.parser.DefaultExtJSONParser_parseArray.test_7,java.lang.AssertionError || expected:<Sun Jan <N> <N>:<N>:<N> UTC <N>> but was:<Sun Jan <N> <N>:<N>:<N> UTC <N>> || com.alibaba.json.bvt.parser.DefaultExtJSONParser_parseArray.test_7,18,PASS,NO
com.alibaba.json.bvt.parser.RedundantTest#test_extraWithType,FAIL,java.lang.AssertionError,expected:<Sun Jan <N> <N>:<N>:<N> UTC <N>> but was:<Sun Jan <N> <N>:<N>:<N> UTC <N>>,com.alibaba.json.bvt.parser.DefaultExtJSONParser_parseArray.test_7,java.lang.AssertionError || expected:<Sun Jan <N> <N>:<N>:<N> UTC <N>> but was:<Sun Jan <N> <N>:<N>:<N> UTC <N>> || com.alibaba.json.bvt.parser.DefaultExtJSONParser_parseArray.test_7,20,PASS,NO
com.alibaba.json.bvt.parser.TestException#test_0,FAIL,java.lang.AssertionError,expected:<Sun Jan <N> <N>:<N>:<N> UTC <N>> but was:<Sun Jan <N> <N>:<N>:<N> UTC <N>>,com.alibaba.json.bvt.parser.DefaultExtJSONParser_parseArray.test_7,java.lang.AssertionError || expected:<Sun Jan <N> <N>:<N>:<N> UTC <N>> but was:<Sun Jan <N> <N>:<N>:<N> UTC <N>> || com.alibaba.json.bvt.parser.DefaultExtJSONParser_parseArray.test_7,16,PASS,NO
com.alibaba.json.bvt.parser.TestInitStringFieldAsEmpty#test_private,FAIL,java.lang.AssertionError,expected:<Sun Jan <N> <N>:<N>:<N> UTC <N>> but was:<Sun Jan <N> <N>:<N>:<N> UTC <N>>,com.alibaba.json.bvt.parser.DefaultExtJSONParser_parseArray.test_7,java.lang.AssertionError || expected:<Sun Jan <N> <N>:<N>:<N> UTC <N>> but was:<Sun Jan <N> <N>:<N>:<N> UTC <N>> || com.alibaba.json.bvt.parser.DefaultExtJSONParser_parseArray.test_7,19,PASS,NO
com.alibaba.json.bvt.parser.TestInitStringFieldAsEmpty#test_public,FAIL,java.lang.AssertionError,expected:<Sun Jan <N> <N>:<N>:<N> UTC <N>> but was:<Sun Jan <N> <N>:<N>:<N> UTC <N>>,com.alibaba.json.bvt.parser.DefaultExtJSONParser_parseArray.test_7,java.lang.AssertionError || expected:<Sun Jan <N> <N>:<N>:<N> UTC <N>> but was:<Sun Jan <N> <N>:<N>:<N> UTC <N>> || com.alibaba.json.bvt.parser.DefaultExtJSONParser_parseArray.test_7,17,PASS,NO
com.alibaba.json.bvt.parser.TestInitStringFieldAsEmpty2#test_public,FAIL,java.lang.AssertionError,expected:<Sun Jan <N> <N>:<N>:<N> UTC <N>> but was:<Sun Jan <N> <N>:<N>:<N> UTC <N>>,com.alibaba.json.bvt.parser.DefaultExtJSONParser_parseArray.test_7,java.lang.AssertionError || expected:<Sun Jan <N> <N>:<N>:<N> UTC <N>> but was:<Sun Jan <N> <N>:<N>:<N> UTC <N>> || com.alibaba.json.bvt.parser.DefaultExtJSONParser_parseArray.test_7,19,PASS,NO
com.alibaba.json.bvt.parser.TestUTF8#test_utf,FAIL,java.lang.AssertionError,expected:<Sun Jan <N> <N>:<N>:<N> UTC <N>> but was:<Sun Jan <N> <N>:<N>:<N> UTC <N>>,com.alibaba.json.bvt.parser.DefaultExtJSONParser_parseArray.test_7,java.lang.AssertionError || expected:<Sun Jan <N> <N>:<N>:<N> UTC <N>> but was:<Sun Jan <N> <N>:<N>:<N> UTC <N>> || com.alibaba.json.bvt.parser.DefaultExtJSONParser_parseArray.test_7,17,PASS,NO
com.alibaba.json.bvt.parser.TestUTF8#test_utf_,FAIL,java.lang.AssertionError,expected:<Sun Jan <N> <N>:<N>:<N> UTC <N>> but was:<Sun Jan <N> <N>:<N>:<N> UTC <N>>,com.alibaba.json.bvt.parser.DefaultExtJSONParser_parseArray.test_7,java.lang.AssertionError || expected:<Sun Jan <N> <N>:<N>:<N> UTC <N>> but was:<Sun Jan <N> <N>:<N>:<N> UTC <N>> || com.alibaba.json.bvt.parser.DefaultExtJSONParser_parseArray.test_7,20,PASS,NO
com.alibaba.json.bvt.parser.TestUTF8#test_utf_7,FAIL,java.lang.AssertionError,expected:<Sun Jan <N> <N>:<N>:<N> UTC <N>> but was:<Sun Jan <N> <N>:<N>:<N> UTC <N>>,com.alibaba.json.bvt.parser.DefaultExtJSONParser_parseArray.test_7,java.lang.AssertionError || expected:<Sun Jan <N> <N>:<N>:<N> UTC <N>> but was:<Sun Jan <N> <N>:<N>:<N> UTC <N>> || com.alibaba.json.bvt.parser.DefaultExtJSONParser_parseArray.test_7,19,PASS,NO
com.alibaba.json.bvt.parser.TestUTF8#test_utf_cn,FAIL,java.lang.AssertionError,expected:<Sun Jan <N> <N>:<N>:<N> UTC <N>> but was:<Sun Jan <N> <N>:<N>:<N> UTC <N>>,com.alibaba.json.bvt.parser.DefaultExtJSONParser_parseArray.test_7,java.lang.AssertionError || expected:<Sun Jan <N> <N>:<N>:<N> UTC <N>> but was:<Sun Jan <N> <N>:<N>:<N> UTC <N>> || com.alibaba.json.bvt.parser.DefaultExtJSONParser_parseArray.test_7,20,PASS,NO
com.alibaba.json.bvt.parser.TestUTF8#test_utf_de,FAIL,java.lang.AssertionError,expected:<Sun Jan <N> <N>:<N>:<N> UTC <N>> but was:<Sun Jan <N> <N>:<N>:<N> UTC <N>>,com.alibaba.json.bvt.parser.DefaultExtJSONParser_parseArray.test_7,java.lang.AssertionError || expected:<Sun Jan <N> <N>:<N>:<N> UTC <N>> but was:<Sun Jan <N> <N>:<N>:<N> UTC <N>> || com.alibaba.json.bvt.parser.DefaultExtJSONParser_parseArray.test_7,30,PASS,NO
com.alibaba.json.bvt.parser.TestUTF8#test_utf_jp,FAIL,java.lang.AssertionError,expected:<Sun Jan <N> <N>:<N>:<N> UTC <N>> but was:<Sun Jan <N> <N>:<N>:<N> UTC <N>>,com.alibaba.json.bvt.parser.DefaultExtJSONParser_parseArray.test_7,java.lang.AssertionError || expected:<Sun Jan <N> <N>:<N>:<N> UTC <N>> but was:<Sun Jan <N> <N>:<N>:<N> UTC <N>> || com.alibaba.json.bvt.parser.DefaultExtJSONParser_parseArray.test_7,22,PASS,NO
com.alibaba.json.bvt.parser.TestUTF8_2#test_utf_1,FAIL,java.lang.AssertionError,expected:<Sun Jan <N> <N>:<N>:<N> UTC <N>> but was:<Sun Jan <N> <N>:<N>:<N> UTC <N>>,com.alibaba.json.bvt.parser.DefaultExtJSONParser_parseArray.test_7,java.lang.AssertionError || expected:<Sun Jan <N> <N>:<N>:<N> UTC <N>> but was:<Sun Jan <N> <N>:<N>:<N> UTC <N>> || com.alibaba.json.bvt.parser.DefaultExtJSONParser_parseArray.test_7,21,PASS,NO
com.alibaba.json.bvt.parser.TestUTF8_2#test_utf_2,FAIL,java.lang.AssertionError,expected:<Sun Jan <N> <N>:<N>:<N> UTC <N>> but was:<Sun Jan <N> <N>:<N>:<N> UTC <N>>,com.alibaba.json.bvt.parser.DefaultExtJSONParser_parseArray.test_7,java.lang.AssertionError || expected:<Sun Jan <N> <N>:<N>:<N> UTC <N>> but was:<Sun Jan <N> <N>:<N>:<N> UTC <N>> || com.alibaba.json.bvt.parser.DefaultExtJSONParser_parseArray.test_7,16,PASS,NO
com.alibaba.json.bvt.parser.TestUTF8_2#test_utf_3,FAIL,java.lang.AssertionError,expected:<Sun Jan <N> <N>:<N>:<N> UTC <N>> but was:<Sun Jan <N> <N>:<N>:<N> UTC <N>>,com.alibaba.json.bvt.parser.DefaultExtJSONParser_parseArray.test_7,java.lang.AssertionError || expected:<Sun Jan <N> <N>:<N>:<N> UTC <N>> but was:<Sun Jan <N> <N>:<N>:<N> UTC <N>> || com.alibaba.json.bvt.parser.DefaultExtJSONParser_parseArray.test_7,18,PASS,NO
com.alibaba.json.bvt.parser.TestUTF8_2#test_utf_4,FAIL,java.lang.AssertionError,expected:<Sun Jan <N> <N>:<N>:<N> UTC <N>> but was:<Sun Jan <N> <N>:<N>:<N> UTC <N>>,com.alibaba.json.bvt.parser.DefaultExtJSONParser_parseArray.test_7,java.lang.AssertionError || expected:<Sun Jan <N> <N>:<N>:<N> UTC <N>> but was:<Sun Jan <N> <N>:<N>:<N> UTC <N>> || com.alibaba.json.bvt.parser.DefaultExtJSONParser_parseArray.test_7,18,PASS,NO
com.alibaba.json.bvt.parser.TypeReferenceTest#test_list,FAIL,java.lang.AssertionError,expected:<Sun Jan <N> <N>:<N>:<N> UTC <N>> but was:<Sun Jan <N> <N>:<N>:<N> UTC <N>>,com.alibaba.json.bvt.parser.DefaultExtJSONParser_parseArray.test_7,java.lang.AssertionError || expected:<Sun Jan <N> <N>:<N>:<N> UTC <N>> but was:<Sun Jan <N> <N>:<N>:<N> UTC <N>> || com.alibaba.json.bvt.parser.DefaultExtJSONParser_parseArray.test_7,16,PASS,NO
com.alibaba.json.bvt.parser.TypeUtilsTest#test_0,FAIL,java.lang.AssertionError,expected:<Sun Jan <N> <N>:<N>:<N> UTC <N>> but was:<Sun Jan <N> <N>:<N>:<N> UTC <N>>,com.alibaba.json.bvt.parser.DefaultExtJSONParser_parseArray.test_7,java.lang.AssertionError || expected:<Sun Jan <N> <N>:<N>:<N> UTC <N>> but was:<Sun Jan <N> <N>:<N>:<N> UTC <N>> || com.alibaba.json.bvt.parser.DefaultExtJSONParser_parseArray.test_7,44,PASS,NO
com.alibaba.json.bvt.parser.TypeUtilsTest#test_1,FAIL,java.lang.AssertionError,expected:<Sun Jan <N> <N>:<N>:<N> UTC <N>> but was:<Sun Jan <N> <N>:<N>:<N> UTC <N>>,com.alibaba.json.bvt.parser.DefaultExtJSONParser_parseArray.test_7,java.lang.AssertionError || expected:<Sun Jan <N> <N>:<N>:<N> UTC <N>> but was:<Sun Jan <N> <N>:<N>:<N> UTC <N>> || com.alibaba.json.bvt.parser.DefaultExtJSONParser_parseArray.test_7,33,PASS,NO
com.alibaba.json.bvt.parser.TypeUtilsTest#test_2,FAIL,java.lang.AssertionError,expected:<Sun Jan <N> <N>:<N>:<N> UTC <N>> but was:<Sun Jan <N> <N>:<N>:<N> UTC <N>>,com.alibaba.json.bvt.parser.DefaultExtJSONParser_parseArray.test_7,java.lang.AssertionError || expected:<Sun Jan <N> <N>:<N>:<N> UTC <N>> but was:<Sun Jan <N> <N>:<N>:<N> UTC <N>> || com.alibaba.json.bvt.parser.DefaultExtJSONParser_parseArray.test_7,22,PASS,NO
com.alibaba.json.bvt.parser.TypeUtilsTest#test_3,FAIL,java.lang.AssertionError,expected:<Sun Jan <N> <N>:<N>:<N> UTC <N>> but was:<Sun Jan <N> <N>:<N>:<N> UTC <N>>,com.alibaba.json.bvt.parser.DefaultExtJSONParser_parseArray.test_7,java.lang.AssertionError || expected:<Sun Jan <N> <N>:<N>:<N> UTC <N>> but was:<Sun Jan <N> <N>:<N>:<N> UTC <N>> || com.alibaba.json.bvt.parser.DefaultExtJSONParser_parseArray.test_7,42,PASS,NO
com.alibaba.json.bvt.parser.TypeUtilsTest#test_cast_Array,FAIL,java.lang.AssertionError,expected:<Sun Jan <N> <N>:<N>:<N> UTC <N>> but was:<Sun Jan <N> <N>:<N>:<N> UTC <N>>,com.alibaba.json.bvt.parser.DefaultExtJSONParser_parseArray.test_7,java.lang.AssertionError || expected:<Sun Jan <N> <N>:<N>:<N> UTC <N>> but was:<Sun Jan <N> <N>:<N>:<N> UTC <N>> || com.alibaba.json.bvt.parser.DefaultExtJSONParser_parseArray.test_7,73,PASS,NO
com.alibaba.json.bvt.parser.TypeUtilsTest#test_cast_Integer,FAIL,java.lang.AssertionError,expected:<Sun Jan <N> <N>:<N>:<N> UTC <N>> but was:<Sun Jan <N> <N>:<N>:<N> UTC <N>>,com.alibaba.json.bvt.parser.DefaultExtJSONParser_parseArray.test_7,java.lang.AssertionError || expected:<Sun Jan <N> <N>:<N>:<N> UTC <N>> but was:<Sun Jan <N> <N>:<N>:<N> UTC <N>> || com.alibaba.json.bvt.parser.DefaultExtJSONParser_parseArray.test_7,36,PASS,NO
com.alibaba.json.bvt.parser.TypeUtilsTest#test_cast_Integer_2,FAIL,java.lang.AssertionError,expected:<Sun Jan <N> <N>:<N>:<N> UTC <N>> but was:<Sun Jan <N> <N>:<N>:<N> UTC <N>>,com.alibaba.json.bvt.parser.DefaultExtJSONParser_parseArray.test_7,java.lang.AssertionError || expected:<Sun Jan <N> <N>:<N>:<N> UTC <N>> but was:<Sun Jan <N> <N>:<N>:<N> UTC <N>> || com.alibaba.json.bvt.parser.DefaultExtJSONParser_parseArray.test_7,45,PASS,NO
com.alibaba.json.bvt.parser.TypeUtilsTest#test_cast_ab,FAIL,java.lang.AssertionError,expected:<Sun Jan <N> <N>:<N>:<N> UTC <N>> but was:<Sun Jan <N> <N>:<N>:<N> UTC <N>>,com.alibaba.json.bvt.parser.DefaultExtJSONParser_parseArray.test_7,java.lang.AssertionError || expected:<Sun Jan <N> <N>:<N>:<N> UTC <N>> but was:<Sun Jan <N> <N>:<N>:<N> UTC <N>> || com.alibaba.json.bvt.parser.DefaultExtJSONParser_parseArray.test_7,48,PASS,NO
com.alibaba.json.bvt.parser.TypeUtilsTest#test_cast_ab_1,FAIL,java.lang.AssertionError,expected:<Sun Jan <N> <N>:<N>:<N> UTC <N>> but was:<Sun Jan <N> <N>:<N>:<N> UTC <N>>,com.alibaba.json.bvt.parser.DefaultExtJSONParser_parseArray.test_7,java.lang.AssertionError || expected:<Sun Jan <N> <N>:<N>:<N> UTC <N>> but was:<Sun Jan <N> <N>:<N>:<N> UTC <N>> || com.alibaba.json.bvt.parser.DefaultExtJSONParser_parseArray.test_7,35,PASS,NO
com.alibaba.json.bvt.parser.TypeUtilsTest#test_cast_ab_error,FAIL,java.lang.AssertionError,expected:<Sun Jan <N> <N>:<N>:<N> UTC <N>> but was:<Sun Jan <N> <N>:<N>:<N> UTC <N>>,com.alibaba.json.bvt.parser.DefaultExtJSONParser_parseArray.test_7,java.lang.AssertionError || expected:<Sun Jan <N> <N>:<N>:<N> UTC <N>> but was:<Sun Jan <N> <N>:<N>:<N> UTC <N>> || com.alibaba.json.bvt.parser.DefaultExtJSONParser_parseArray.test_7,24,PASS,NO
com.alibaba.json.bvt.parser.TypeUtilsTest#test_cast_null,FAIL,java.lang.AssertionError,expected:<Sun Jan <N> <N>:<N>:<N> UTC <N>> but was:<Sun Jan <N> <N>:<N>:<N> UTC <N>>,com.alibaba.json.bvt.parser.DefaultExtJSONParser_parseArray.test_7,java.lang.AssertionError || expected:<Sun Jan <N> <N>:<N>:<N> UTC <N>> but was:<Sun Jan <N> <N>:<N>:<N> UTC <N>> || com.alibaba.json.bvt.parser.DefaultExtJSONParser_parseArray.test_7,46,PASS,NO
com.alibaba.json.bvt.parser.TypeUtilsTest#test_cast_to_BigDecimal,FAIL,java.lang.AssertionError,expected:<Sun Jan <N> <N>:<N>:<N> UTC <N>> but was:<Sun Jan <N> <N>:<N>:<N> UTC <N>>,com.alibaba.json.bvt.parser.DefaultExtJSONParser_parseArray.test_7,java.lang.AssertionError || expected:<Sun Jan <N> <N>:<N>:<N> UTC <N>> but was:<Sun Jan <N> <N>:<N>:<N> UTC <N>> || com.alibaba.json.bvt.parser.DefaultExtJSONParser_parseArray.test_7,41,PASS,NO
com.alibaba.json.bvt.parser.TypeUtilsTest#test_cast_to_BigDecimal_same,FAIL,java.lang.AssertionError,expected:<Sun Jan <N> <N>:<N>:<N> UTC <N>> but was:<Sun Jan <N> <N>:<N>:<N> UTC <N>>,com.alibaba.json.bvt.parser.DefaultExtJSONParser_parseArray.test_7,java.lang.AssertionError || expected:<Sun Jan <N> <N>:<N>:<N> UTC <N>> but was:<Sun Jan <N> <N>:<N>:<N> UTC <N>> || com.alibaba.json.bvt.parser.DefaultExtJSONParser_parseArray.test_7,85,PASS,NO
com.alibaba.json.bvt.parser.TypeUtilsTest#test_cast_to_BigInteger,FAIL,java.lang.AssertionError,expected:<Sun Jan <N> <N>:<N>:<N> UTC <N>> but was:<Sun Jan <N> <N>:<N>:<N> UTC <N>>,com.alibaba.json.bvt.parser.DefaultExtJSONParser_parseArray.test_7,java.lang.AssertionError || expected:<Sun Jan <N> <N>:<N>:<N> UTC <N>> but was:<Sun Jan <N> <N>:<N>:<N> UTC <N>> || com.alibaba.json.bvt.parser.DefaultExtJSONParser_parseArray.test_7,27,PASS,NO
com.alibaba.json.bvt.parser.TypeUtilsTest#test_cast_to_BigInteger_same,FAIL,java.lang.AssertionError,expected:<Sun Jan <N> <N>:<N>:<N> UTC <N>> but was:<Sun Jan <N> <N>:<N>:<N> UTC <N>>,com.alibaba.json.bvt.parser.DefaultExtJSONParser_parseArray.test_7,java.lang.AssertionError || expected:<Sun Jan <N> <N>:<N>:<N> UTC <N>> but was:<Sun Jan <N> <N>:<N>:<N> UTC <N>> || com.alibaba.json.bvt.parser.DefaultExtJSONParser_parseArray.test_7,98,PASS,NO
com.alibaba.json.bvt.parser.TypeUtilsTest#test_cast_to_Boolean,FAIL,java.lang.AssertionError,expected:<Sun Jan <N> <N>:<N>:<N> UTC <N>> but was:<Sun Jan <N> <N>:<N>:<N> UTC <N>>,com.alibaba.json.bvt.parser.DefaultExtJSONParser_parseArray.test_7,java.lang.AssertionError || expected:<Sun Jan <N> <N>:<N>:<N> UTC <N>> but was:<Sun Jan <N> <N>:<N>:<N> UTC <N>> || com.alibaba.json.bvt.parser.DefaultExtJSONParser_parseArray.test_7,54,PASS,NO
com.alibaba.json.bvt.parser.TypeUtilsTest#test_cast_to_Byte,FAIL,java.lang.AssertionError,expected:<Sun Jan <N> <N>:<N>:<N> UTC <N>> but was:<Sun Jan <N> <N>:<N>:<N> UTC <N>>,com.alibaba.json.bvt.parser.DefaultExtJSONParser_parseArray.test_7,java.lang.AssertionError || expected:<Sun Jan <N> <N>:<N>:<N> UTC <N>> but was:<Sun Jan <N> <N>:<N>:<N> UTC <N>> || com.alibaba.json.bvt.parser.DefaultExtJSONParser_parseArray.test_7,28,PASS,NO
com.alibaba.json.bvt.parser.TypeUtilsTest#test_cast_to_Date,FAIL,java.lang.AssertionError,expected:<Sun Jan <N> <N>:<N>:<N> UTC <N>> but was:<Sun Jan <N> <N>:<N>:<N> UTC <N>>,com.alibaba.json.bvt.parser.DefaultExtJSONParser_parseArray.test_7,java.lang.AssertionError || expected:<Sun Jan <N> <N>:<N>:<N> UTC <N>> but was:<Sun Jan <N> <N>:<N>:<N> UTC <N>> || com.alibaba.json.bvt.parser.DefaultExtJSONParser_parseArray.test_7,45,PASS,NO
com.alibaba.json.bvt.parser.TypeUtilsTest#test_cast_to_Long,FAIL,java.lang.AssertionError,expected:<Sun Jan <N> <N>:<N>:<N> UTC <N>> but was:<Sun Jan <N> <N>:<N>:<N> UTC <N>>,com.alibaba.json.bvt.parser.DefaultExtJSONParser_parseArray.test_7,java.lang.AssertionError || expected:<Sun Jan <N> <N>:<N>:<N> UTC <N>> but was:<Sun Jan <N> <N>:<N>:<N> UTC <N>> || com.alibaba.json.bvt.parser.DefaultExtJSONParser_parseArray.test_7,46,PASS,NO
com.alibaba.json.bvt.parser.TypeUtilsTest#test_cast_to_Short,FAIL,java.lang.AssertionError,expected:<Sun Jan <N> <N>:<N>:<N> UTC <N>> but was:<Sun Jan <N> <N>:<N>:<N> UTC <N>>,com.alibaba.json.bvt.parser.DefaultExtJSONParser_parseArray.test_7,java.lang.AssertionError || expected:<Sun Jan <N> <N>:<N>:<N> UTC <N>> but was:<Sun Jan <N> <N>:<N>:<N> UTC <N>> || com.alibaba.json.bvt.parser.DefaultExtJSONParser_parseArray.test_7,43,PASS,NO
com.alibaba.json.bvt.parser.TypeUtilsTest#test_cast_to_SqlDate,FAIL,java.lang.AssertionError,expected:<Sun Jan <N> <N>:<N>:<N> UTC <N>> but was:<Sun Jan <N> <N>:<N>:<N> UTC <N>>,com.alibaba.json.bvt.parser.DefaultExtJSONParser_parseArray.test_7,java.lang.AssertionError || expected:<Sun Jan <N> <N>:<N>:<N> UTC <N>> but was:<Sun Jan <N> <N>:<N>:<N> UTC <N>> || com.alibaba.json.bvt.parser.DefaultExtJSONParser_parseArray.test_7,26,PASS,NO
com.alibaba.json.bvt.parser.TypeUtilsTest#test_cast_to_SqlDate_calendar,FAIL,java.lang.AssertionError,expected:<Sun Jan <N> <N>:<N>:<N> UTC <N>> but was:<Sun Jan <N> <N>:<N>:<N> UTC <N>>,com.alibaba.json.bvt.parser.DefaultExtJSONParser_parseArray.test_7,java.lang.AssertionError || expected:<Sun Jan <N> <N>:<N>:<N> UTC <N>> but was:<Sun Jan <N> <N>:<N>:<N> UTC <N>> || com.alibaba.json.bvt.parser.DefaultExtJSONParser_parseArray.test_7,31,PASS,NO
com.alibaba.json.bvt.parser.TypeUtilsTest#test_cast_to_SqlDate_error,FAIL,java.lang.AssertionError,expected:<Sun Jan <N> <N>:<N>:<N> UTC <N>> but was:<Sun Jan <N> <N>:<N>:<N> UTC <N>>,com.alibaba.json.bvt.parser.DefaultExtJSONParser_parseArray.test_7,java.lang.AssertionError || expected:<Sun Jan <N> <N>:<N>:<N> UTC <N>> but was:<Sun Jan <N> <N>:<N>:<N> UTC <N>> || com.alibaba.json.bvt.parser.DefaultExtJSONParser_parseArray.test_7,32,PASS,NO
com.alibaba.json.bvt.parser.TypeUtilsTest#test_cast_to_SqlDate_null,FAIL,java.lang.AssertionError,expected:<Sun Jan <N> <N>:<N>:<N> UTC <N>> but was:<Sun Jan <N> <N>:<N>:<N> UTC <N>>,com.alibaba.json.bvt.parser.DefaultExtJSONParser_parseArray.test_7,java.lang.AssertionError || expected:<Sun Jan <N> <N>:<N>:<N> UTC <N>> but was:<Sun Jan <N> <N>:<N>:<N> UTC <N>> || com.alibaba.json.bvt.parser.DefaultExtJSONParser_parseArray.test_7,42,PASS,NO
com.alibaba.json.bvt.parser.TypeUtilsTest#test_cast_to_SqlDate_null2,FAIL,java.lang.AssertionError,expected:<Sun Jan <N> <N>:<N>:<N> UTC <N>> but was:<Sun Jan <N> <N>:<N>:<N> UTC <N>>,com.alibaba.json.bvt.parser.DefaultExtJSONParser_parseArray.test_7,java.lang.AssertionError || expected:<Sun Jan <N> <N>:<N>:<N> UTC <N>> but was:<Sun Jan <N> <N>:<N>:<N> UTC <N>> || com.alibaba.json.bvt.parser.DefaultExtJSONParser_parseArray.test_7,70,PASS,NO
com.alibaba.json.bvt.parser.TypeUtilsTest#test_cast_to_SqlDate_sql_Date,FAIL,java.lang.AssertionError,expected:<Sun Jan <N> <N>:<N>:<N> UTC <N>> but was:<Sun Jan <N> <N>:<N>:<N> UTC <N>>,com.alibaba.json.bvt.parser.DefaultExtJSONParser_parseArray.test_7,java.lang.AssertionError || expected:<Sun Jan <N> <N>:<N>:<N> UTC <N>> but was:<Sun Jan <N> <N>:<N>:<N> UTC <N>> || com.alibaba.json.bvt.parser.DefaultExtJSONParser_parseArray.test_7,32,PASS,NO
com.alibaba.json.bvt.parser.TypeUtilsTest#test_cast_to_SqlDate_sql_Date2,FAIL,java.lang.AssertionError,expected:<Sun Jan <N> <N>:<N>:<N> UTC <N>> but was:<Sun Jan <N> <N>:<N>:<N> UTC <N>>,com.alibaba.json.bvt.parser.DefaultExtJSONParser_parseArray.test_7,java.lang.AssertionError || expected:<Sun Jan <N> <N>:<N>:<N> UTC <N>> but was:<Sun Jan <N> <N>:<N>:<N> UTC <N>> || com.alibaba.json.bvt.parser.DefaultExtJSONParser_parseArray.test_7,78,PASS,NO
com.alibaba.json.bvt.parser.TypeUtilsTest#test_cast_to_SqlDate_string,FAIL,java.lang.AssertionError,expected:<Sun Jan <N> <N>:<N>:<N> UTC <N>> but was:<Sun Jan <N> <N>:<N>:<N> UTC <N>>,com.alibaba.json.bvt.parser.DefaultExtJSONParser_parseArray.test_7,java.lang.AssertionError || expected:<Sun Jan <N> <N>:<N>:<N> UTC <N>> but was:<Sun Jan <N> <N>:<N>:<N> UTC <N>> || com.alibaba.json.bvt.parser.DefaultExtJSONParser_parseArray.test_7,34,PASS,NO
com.alibaba.json.bvt.parser.TypeUtilsTest#test_cast_to_SqlDate_util_Date,FAIL,java.lang.AssertionError,expected:<Sun Jan <N> <N>:<N>:<N> UTC <N>> but was:<Sun Jan <N> <N>:<N>:<N> UTC <N>>,com.alibaba.json.bvt.parser.DefaultExtJSONParser_parseArray.test_7,java.lang.AssertionError || expected:<Sun Jan <N> <N>:<N>:<N> UTC <N>> but was:<Sun Jan <N> <N>:<N>:<N> UTC <N>> || com.alibaba.json.bvt.parser.DefaultExtJSONParser_parseArray.test_7,42,PASS,NO
com.alibaba.json.bvt.parser.TypeUtilsTest#test_cast_to_String,FAIL,java.lang.AssertionError,expected:<Sun Jan <N> <N>:<N>:<N> UTC <N>> but was:<Sun Jan <N> <N>:<N>:<N> UTC <N>>,com.alibaba.json.bvt.parser.DefaultExtJSONParser_parseArray.test_7,java.lang.AssertionError || expected:<Sun Jan <N> <N>:<N>:<N> UTC <N>> but was:<Sun Jan <N> <N>:<N>:<N> UTC <N>> || com.alibaba.json.bvt.parser.DefaultExtJSONParser_parseArray.test_7,24,PASS,NO
com.alibaba.json.bvt.parser.TypeUtilsTest#test_cast_to_Timestamp,FAIL,java.lang.AssertionError,expected:<Sun Jan <N> <N>:<N>:<N> UTC <N>> but was:<Sun Jan <N> <N>:<N>:<N> UTC <N>>,com.alibaba.json.bvt.parser.DefaultExtJSONParser_parseArray.test_7,java.lang.AssertionError || expected:<Sun Jan <N> <N>:<N>:<N> UTC <N>> but was:<Sun Jan <N> <N>:<N>:<N> UTC <N>> || com.alibaba.json.bvt.parser.DefaultExtJSONParser_parseArray.test_7,21,PASS,NO
com.alibaba.json.bvt.parser.TypeUtilsTest#test_cast_to_Timestamp_calendar,FAIL,java.lang.AssertionError,expected:<Sun Jan <N> <N>:<N>:<N> UTC <N>> but was:<Sun Jan <N> <N>:<N>:<N> UTC <N>>,com.alibaba.json.bvt.parser.DefaultExtJSONParser_parseArray.test_7,java.lang.AssertionError || expected:<Sun Jan <N> <N>:<N>:<N> UTC <N>> but was:<Sun Jan <N> <N>:<N>:<N> UTC <N>> || com.alibaba.json.bvt.parser.DefaultExtJSONParser_parseArray.test_7,22,PASS,NO
com.alibaba.json.bvt.parser.TypeUtilsTest#test_cast_to_Timestamp_error,FAIL,java.lang.AssertionError,expected:<Sun Jan <N> <N>:<N>:<N> UTC <N>> but was:<Sun Jan <N> <N>:<N>:<N> UTC <N>>,com.alibaba.json.bvt.parser.DefaultExtJSONParser_parseArray.test_7,java.lang.AssertionError || expected:<Sun Jan <N> <N>:<N>:<N> UTC <N>> but was:<Sun Jan <N> <N>:<N>:<N> UTC <N>> || com.alibaba.json.bvt.parser.DefaultExtJSONParser_parseArray.test_7,42,PASS,NO
com.alibaba.json.bvt.parser.TypeUtilsTest#test_cast_to_Timestamp_null,FAIL,java.lang.AssertionError,expected:<Sun Jan <N> <N>:<N>:<N> UTC <N>> but was:<Sun Jan <N> <N>:<N>:<N> UTC <N>>,com.alibaba.json.bvt.parser.DefaultExtJSONParser_parseArray.test_7,java.lang.AssertionError || expected:<Sun Jan <N> <N>:<N>:<N> UTC <N>> but was:<Sun Jan <N> <N>:<N>:<N> UTC <N>> || com.alibaba.json.bvt.parser.DefaultExtJSONParser_parseArray.test_7,51,PASS,NO
com.alibaba.json.bvt.parser.TypeUtilsTest#test_cast_to_Timestamp_null2,FAIL,java.lang.AssertionError,expected:<Sun Jan <N> <N>:<N>:<N> UTC <N>> but was:<Sun Jan <N> <N>:<N>:<N> UTC <N>>,com.alibaba.json.bvt.parser.DefaultExtJSONParser_parseArray.test_7,java.lang.AssertionError || expected:<Sun Jan <N> <N>:<N>:<N> UTC <N>> but was:<Sun Jan <N> <N>:<N>:<N> UTC <N>> || com.alibaba.json.bvt.parser.DefaultExtJSONParser_parseArray.test_7,107,PASS,NO
com.alibaba.json.bvt.parser.TypeUtilsTest#test_cast_to_Timestamp_number,FAIL,java.lang.AssertionError,expected:<Sun Jan <N> <N>:<N>:<N> UTC <N>> but was:<Sun Jan <N> <N>:<N>:<N> UTC <N>>,com.alibaba.json.bvt.parser.DefaultExtJSONParser_parseArray.test_7,java.lang.AssertionError || expected:<Sun Jan <N> <N>:<N>:<N> UTC <N>> but was:<Sun Jan <N> <N>:<N>:<N> UTC <N>> || com.alibaba.json.bvt.parser.DefaultExtJSONParser_parseArray.test_7,47,PASS,NO
com.alibaba.json.bvt.parser.TypeUtilsTest#test_cast_to_Timestamp_sql_Date,FAIL,java.lang.AssertionError,expected:<Sun Jan <N> <N>:<N>:<N> UTC <N>> but was:<Sun Jan <N> <N>:<N>:<N> UTC <N>>,com.alibaba.json.bvt.parser.DefaultExtJSONParser_parseArray.test_7,java.lang.AssertionError || expected:<Sun Jan <N> <N>:<N>:<N> UTC <N>> but was:<Sun Jan <N> <N>:<N>:<N> UTC <N>> || com.alibaba.json.bvt.parser.DefaultExtJSONParser_parseArray.test_7,24,PASS,NO
com.alibaba.json.bvt.parser.TypeUtilsTest#test_cast_to_Timestamp_sql_Timestamp,FAIL,java.lang.AssertionError,expected:<Sun Jan <N> <N>:<N>:<N> UTC <N>> but was:<Sun Jan <N> <N>:<N>:<N> UTC <N>>,com.alibaba.json.bvt.parser.DefaultExtJSONParser_parseArray.test_7,java.lang.AssertionError || expected:<Sun Jan <N> <N>:<N>:<N> UTC <N>> but was:<Sun Jan <N> <N>:<N>:<N> UTC <N>> || com.alibaba.json.bvt.parser.DefaultExtJSONParser_parseArray.test_7,88,PASS,NO
com.alibaba.json.bvt.parser.TypeUtilsTest#test_cast_to_Timestamp_string,FAIL,java.lang.AssertionError,expected:<Sun Jan <N> <N>:<N>:<N> UTC <N>> but was:<Sun Jan <N> <N>:<N>:<N> UTC <N>>,com.alibaba.json.bvt.parser.DefaultExtJSONParser_parseArray.test_7,java.lang.AssertionError || expected:<Sun Jan <N> <N>:<N>:<N> UTC <N>> but was:<Sun Jan <N> <N>:<N>:<N> UTC <N>> || com.alibaba.json.bvt.parser.DefaultExtJSONParser_parseArray.test_7,29,PASS,NO
com.alibaba.json.bvt.parser.TypeUtilsTest#test_cast_to_Timestamp_util_Date,FAIL,java.lang.AssertionError,expected:<Sun Jan <N> <N>:<N>:<N> UTC <N>> but was:<Sun Jan <N> <N>:<N>:<N> UTC <N>>,com.alibaba.json.bvt.parser.DefaultExtJSONParser_parseArray.test_7,java.lang.AssertionError || expected:<Sun Jan <N> <N>:<N>:<N> UTC <N>> but was:<Sun Jan <N> <N>:<N>:<N> UTC <N>> || com.alibaba.json.bvt.parser.DefaultExtJSONParser_parseArray.test_7,32,PASS,NO
com.alibaba.json.bvt.parser.TypeUtilsTest#test_cast_to_boolean,FAIL,java.lang.AssertionError,expected:<Sun Jan <N> <N>:<N>:<N> UTC <N>> but was:<Sun Jan <N> <N>:<N>:<N> UTC <N>>,com.alibaba.json.bvt.parser.DefaultExtJSONParser_parseArray.test_7,java.lang.AssertionError || expected:<Sun Jan <N> <N>:<N>:<N> UTC <N>> but was:<Sun Jan <N> <N>:<N>:<N> UTC <N>> || com.alibaba.json.bvt.parser.DefaultExtJSONParser_parseArray.test_7,24,PASS,NO
com.alibaba.json.bvt.parser.TypeUtilsTest#test_cast_to_byte,FAIL,java.lang.AssertionError,expected:<Sun Jan <N> <N>:<N>:<N> UTC <N>> but was:<Sun Jan <N> <N>:<N>:<N> UTC <N>>,com.alibaba.json.bvt.parser.DefaultExtJSONParser_parseArray.test_7,java.lang.AssertionError || expected:<Sun Jan <N> <N>:<N>:<N> UTC <N>> but was:<Sun Jan <N> <N>:<N>:<N> UTC <N>> || com.alibaba.json.bvt.parser.DefaultExtJSONParser_parseArray.test_7,20,PASS,NO
com.alibaba.json.bvt.parser.TypeUtilsTest#test_cast_to_long,FAIL,java.lang.AssertionError,expected:<Sun Jan <N> <N>:<N>:<N> UTC <N>> but was:<Sun Jan <N> <N>:<N>:<N> UTC <N>>,com.alibaba.json.bvt.parser.DefaultExtJSONParser_parseArray.test_7,java.lang.AssertionError || expected:<Sun Jan <N> <N>:<N>:<N> UTC <N>> but was:<Sun Jan <N> <N>:<N>:<N> UTC <N>> || com.alibaba.json.bvt.parser.DefaultExtJSONParser_parseArray.test_7,43,PASS,NO
com.alibaba.json.bvt.parser.TypeUtilsTest#test_cast_to_short,FAIL,java.lang.AssertionError,expected:<Sun Jan <N> <N>:<N>:<N> UTC <N>> but was:<Sun Jan <N> <N>:<N>:<N> UTC <N>>,com.alibaba.json.bvt.parser.DefaultExtJSONParser_parseArray.test_7,java.lang.AssertionError || expected:<Sun Jan <N> <N>:<N>:<N> UTC <N>> but was:<Sun Jan <N> <N>:<N>:<N> UTC <N>> || com.alibaba.json.bvt.parser.DefaultExtJSONParser_parseArray.test_7,38,PASS,NO
com.alibaba.json.bvt.parser.TypeUtilsTest#test_error,FAIL,java.lang.AssertionError,expected:<Sun Jan <N> <N>:<N>:<N> UTC <N>> but was:<Sun Jan <N> <N>:<N>:<N> UTC <N>>,com.alibaba.json.bvt.parser.DefaultExtJSONParser_parseArray.test_7,java.lang.AssertionError || expected:<Sun Jan <N> <N>:<N>:<N> UTC <N>> but was:<Sun Jan <N> <N>:<N>:<N> UTC <N>> || com.alibaba.json.bvt.parser.DefaultExtJSONParser_parseArray.test_7,23,PASS,NO
com.alibaba.json.bvt.parser.TypeUtilsTest#test_error_2,FAIL,java.lang.AssertionError,expected:<Sun Jan <N> <N>:<N>:<N> UTC <N>> but was:<Sun Jan <N> <N>:<N>:<N> UTC <N>>,com.alibaba.json.bvt.parser.DefaultExtJSONParser_parseArray.test_7,java.lang.AssertionError || expected:<Sun Jan <N> <N>:<N>:<N> UTC <N>> but was:<Sun Jan <N> <N>:<N>:<N> UTC <N>> || com.alibaba.json.bvt.parser.DefaultExtJSONParser_parseArray.test_7,33,PASS,NO
com.alibaba.json.bvt.parser.TypeUtilsTest2#test_0,FAIL,java.lang.AssertionError,expected:<Sun Jan <N> <N>:<N>:<N> UTC <N>> but was:<Sun Jan <N> <N>:<N>:<N> UTC <N>>,com.alibaba.json.bvt.parser.DefaultExtJSONParser_parseArray.test_7,java.lang.AssertionError || expected:<Sun Jan <N> <N>:<N>:<N> UTC <N>> but was:<Sun Jan <N> <N>:<N>:<N> UTC <N>> || com.alibaba.json.bvt.parser.DefaultExtJSONParser_parseArray.test_7,46,PASS,NO
com.alibaba.json.bvt.parser.TypeUtilsTest2#test_1,FAIL,java.lang.AssertionError,expected:<Sun Jan <N> <N>:<N>:<N> UTC <N>> but was:<Sun Jan <N> <N>:<N>:<N> UTC <N>>,com.alibaba.json.bvt.parser.DefaultExtJSONParser_parseArray.test_7,java.lang.AssertionError || expected:<Sun Jan <N> <N>:<N>:<N> UTC <N>> but was:<Sun Jan <N> <N>:<N>:<N> UTC <N>> || com.alibaba.json.bvt.parser.DefaultExtJSONParser_parseArray.test_7,99,PASS,NO
com.alibaba.json.bvt.parser.TypeUtilsTest2#test_error_0,FAIL,java.lang.AssertionError,expected:<Sun Jan <N> <N>:<N>:<N> UTC <N>> but was:<Sun Jan <N> <N>:<N>:<N> UTC <N>>,com.alibaba.json.bvt.parser.DefaultExtJSONParser_parseArray.test_7,java.lang.AssertionError || expected:<Sun Jan <N> <N>:<N>:<N> UTC <N>> but was:<Sun Jan <N> <N>:<N>:<N> UTC <N>> || com.alibaba.json.bvt.parser.DefaultExtJSONParser_parseArray.test_7,71,PASS,NO
com.alibaba.json.bvt.parser.TypeUtilsTest2#test_error_1,FAIL,java.lang.AssertionError,expected:<Sun Jan <N> <N>:<N>:<N> UTC <N>> but was:<Sun Jan <N> <N>:<N>:<N> UTC <N>>,com.alibaba.json.bvt.parser.DefaultExtJSONParser_parseArray.test_7,java.lang.AssertionError || expected:<Sun Jan <N> <N>:<N>:<N> UTC <N>> but was:<Sun Jan <N> <N>:<N>:<N> UTC <N>> || com.alibaba.json.bvt.parser.DefaultExtJSONParser_parseArray.test_7,87,PASS,NO
com.alibaba.json.bvt.parser.TypeUtilsTest2#test_error_2,FAIL,java.lang.AssertionError,expected:<Sun Jan <N> <N>:<N>:<N> UTC <N>> but was:<Sun Jan <N> <N>:<N>:<N> UTC <N>>,com.alibaba.json.bvt.parser.DefaultExtJSONParser_parseArray.test_7,java.lang.AssertionError || expected:<Sun Jan <N> <N>:<N>:<N> UTC <N>> but was:<Sun Jan <N> <N>:<N>:<N> UTC <N>> || com.alibaba.json.bvt.parser.DefaultExtJSONParser_parseArray.test_7,34,PASS,NO
com.alibaba.json.bvt.parser.TypeUtilsTest2#test_error_3,FAIL,java.lang.AssertionError,expected:<Sun Jan <N> <N>:<N>:<N> UTC <N>> but was:<Sun Jan <N> <N>:<N>:<N> UTC <N>>,com.alibaba.json.bvt.parser.DefaultExtJSONParser_parseArray.test_7,java.lang.AssertionError || expected:<Sun Jan <N> <N>:<N>:<N> UTC <N>> but was:<Sun Jan <N> <N>:<N>:<N> UTC <N>> || com.alibaba.json.bvt.parser.DefaultExtJSONParser_parseArray.test_7,39,PASS,NO
com.alibaba.json.bvt.parser.TypeUtilsTest2#test_error_4,FAIL,java.lang.AssertionError,expected:<Sun Jan <N> <N>:<N>:<N> UTC <N>> but was:<Sun Jan <N> <N>:<N>:<N> UTC <N>>,com.alibaba.json.bvt.parser.DefaultExtJSONParser_parseArray.test_7,java.lang.AssertionError || expected:<Sun Jan <N> <N>:<N>:<N> UTC <N>> but was:<Sun Jan <N> <N>:<N>:<N> UTC <N>> || com.alibaba.json.bvt.parser.DefaultExtJSONParser_parseArray.test_7,68,PASS,NO
com.alibaba.json.bvt.parser.TypeUtilsTest3#test_enum,FAIL,java.lang.AssertionError,expected:<Sun Jan <N> <N>:<N>:<N> UTC <N>> but was:<Sun Jan <N> <N>:<N>:<N> UTC <N>>,com.alibaba.json.bvt.parser.DefaultExtJSONParser_parseArray.test_7,java.lang.AssertionError || expected:<Sun Jan <N> <N>:<N>:<N> UTC <N>> but was:<Sun Jan <N> <N>:<N>:<N> UTC <N>> || com.alibaba.json.bvt.parser.DefaultExtJSONParser_parseArray.test_7,23,PASS,NO
com.alibaba.json.bvt.parser.TypeUtilsTest3#test_enum_2,FAIL,java.lang.AssertionError,expected:<Sun Jan <N> <N>:<N>:<N> UTC <N>> but was:<Sun Jan <N> <N>:<N>:<N> UTC <N>>,com.alibaba.json.bvt.parser.DefaultExtJSONParser_parseArray.test_7,java.lang.AssertionError || expected:<Sun Jan <N> <N>:<N>:<N> UTC <N>> but was:<Sun Jan <N> <N>:<N>:<N> UTC <N>> || com.alibaba.json.bvt.parser.DefaultExtJSONParser_parseArray.test_7,46,PASS,NO
com.alibaba.json.bvt.parser.TypeUtilsTest3#test_error,FAIL,java.lang.AssertionError,expected:<Sun Jan <N> <N>:<N>:<N> UTC <N>> but was:<Sun Jan <N> <N>:<N>:<N> UTC <N>>,com.alibaba.json.bvt.parser.DefaultExtJSONParser_parseArray.test_7,java.lang.AssertionError || expected:<Sun Jan <N> <N>:<N>:<N> UTC <N>> but was:<Sun Jan <N> <N>:<N>:<N> UTC <N>> || com.alibaba.json.bvt.parser.DefaultExtJSONParser_parseArray.test_7,54,PASS,NO
com.alibaba.json.bvt.parser.TypeUtilsTest3#test_error_1,FAIL,java.lang.AssertionError,expected:<Sun Jan <N> <N>:<N>:<N> UTC <N>> but was:<Sun Jan <N> <N>:<N>:<N> UTC <N>>,com.alibaba.json.bvt.parser.DefaultExtJSONParser_parseArray.test_7,java.lang.AssertionError || expected:<Sun Jan <N> <N>:<N>:<N> UTC <N>> but was:<Sun Jan <N> <N>:<N>:<N> UTC <N>> || com.alibaba.json.bvt.parser.DefaultExtJSONParser_parseArray.test_7,70,PASS,NO
com.alibaba.json.bvt.parser.TypeUtilsTest3#test_error_2,FAIL,java.lang.AssertionError,expected:<Sun Jan <N> <N>:<N>:<N> UTC <N>> but was:<Sun Jan <N> <N>:<N>:<N> UTC <N>>,com.alibaba.json.bvt.parser.DefaultExtJSONParser_parseArray.test_7,java.lang.AssertionError || expected:<Sun Jan <N> <N>:<N>:<N> UTC <N>> but was:<Sun Jan <N> <N>:<N>:<N> UTC <N>> || com.alibaba.json.bvt.parser.DefaultExtJSONParser_parseArray.test_7,86,PASS,NO
com.alibaba.json.bvt.parser.TypeUtilsTest3#test_error_3,FAIL,java.lang.AssertionError,expected:<Sun Jan <N> <N>:<N>:<N> UTC <N>> but was:<Sun Jan <N> <N>:<N>:<N> UTC <N>>,com.alibaba.json.bvt.parser.DefaultExtJSONParser_parseArray.test_7,java.lang.AssertionError || expected:<Sun Jan <N> <N>:<N>:<N> UTC <N>> but was:<Sun Jan <N> <N>:<N>:<N> UTC <N>> || com.alibaba.json.bvt.parser.DefaultExtJSONParser_parseArray.test_7,96,PASS,NO
com.alibaba.json.bvt.parser.TypeUtilsTest3#test_ex,FAIL,java.lang.AssertionError,expected:<Sun Jan <N> <N>:<N>:<N> UTC <N>> but was:<Sun Jan <N> <N>:<N>:<N> UTC <N>>,com.alibaba.json.bvt.parser.DefaultExtJSONParser_parseArray.test_7,java.lang.AssertionError || expected:<Sun Jan <N> <N>:<N>:<N> UTC <N>> but was:<Sun Jan <N> <N>:<N>:<N> UTC <N>> || com.alibaba.json.bvt.parser.DefaultExtJSONParser_parseArray.test_7,36,PASS,NO
com.alibaba.json.bvt.parser.TypeUtilsTest3#test_null,FAIL,java.lang.AssertionError,expected:<Sun Jan <N> <N>:<N>:<N> UTC <N>> but was:<Sun Jan <N> <N>:<N>:<N> UTC <N>>,com.alibaba.json.bvt.parser.DefaultExtJSONParser_parseArray.test_7,java.lang.AssertionError || expected:<Sun Jan <N> <N>:<N>:<N> UTC <N>> but was:<Sun Jan <N> <N>:<N>:<N> UTC <N>> || com.alibaba.json.bvt.parser.DefaultExtJSONParser_parseArray.test_7,103,PASS,NO
com.alibaba.json.bvt.parser.TypeUtilsTest3#test_null_1,FAIL,java.lang.AssertionError,expected:<Sun Jan <N> <N>:<N>:<N> UTC <N>> but was:<Sun Jan <N> <N>:<N>:<N> UTC <N>>,com.alibaba.json.bvt.parser.DefaultExtJSONParser_parseArray.test_7,java.lang.AssertionError || expected:<Sun Jan <N> <N>:<N>:<N> UTC <N>> but was:<Sun Jan <N> <N>:<N>:<N> UTC <N>> || com.alibaba.json.bvt.parser.DefaultExtJSONParser_parseArray.test_7,93,PASS,NO
com.alibaba.json.bvt.parser.TypeUtilsTest3#test_null_2,FAIL,java.lang.AssertionError,expected:<Sun Jan <N> <N>:<N>:<N> UTC <N>> but was:<Sun Jan <N> <N>:<N>:<N> UTC <N>>,com.alibaba.json.bvt.parser.DefaultExtJSONParser_parseArray.test_7,java.lang.AssertionError || expected:<Sun Jan <N> <N>:<N>:<N> UTC <N>> but was:<Sun Jan <N> <N>:<N>:<N> UTC <N>> || com.alibaba.json.bvt.parser.DefaultExtJSONParser_parseArray.test_7,56,PASS,NO
com.alibaba.json.bvt.parser.TypeUtilsTest4#test_ParameterizedType,FAIL,java.lang.AssertionError,expected:<Sun Jan <N> <N>:<N>:<N> UTC <N>> but was:<Sun Jan <N> <N>:<N>:<N> UTC <N>>,com.alibaba.json.bvt.parser.DefaultExtJSONParser_parseArray.test_7,java.lang.AssertionError || expected:<Sun Jan <N> <N>:<N>:<N> UTC <N>> but was:<Sun Jan <N> <N>:<N>:<N> UTC <N>> || com.alibaba.json.bvt.parser.DefaultExtJSONParser_parseArray.test_7,112,PASS,NO
com.alibaba.json.bvt.parser.TypeUtilsTest4#test_ParameterizedType2,FAIL,java.lang.AssertionError,expected:<Sun Jan <N> <N>:<N>:<N> UTC <N>> but was:<Sun Jan <N> <N>:<N>:<N> UTC <N>>,com.alibaba.json.bvt.parser.DefaultExtJSONParser_parseArray.test_7,java.lang.AssertionError || expected:<Sun Jan <N> <N>:<N>:<N> UTC <N>> but was:<Sun Jan <N> <N>:<N>:<N> UTC <N>> || com.alibaba.json.bvt.parser.DefaultExtJSONParser_parseArray.test_7,116,PASS,NO
com.alibaba.json.bvt.parser.TypeUtilsTest4#test_ParameterizedType_error,FAIL,java.lang.AssertionError,expected:<Sun Jan <N> <N>:<N>:<N> UTC <N>> but was:<Sun Jan <N> <N>:<N>:<N> UTC <N>>,com.alibaba.json.bvt.parser.DefaultExtJSONParser_parseArray.test_7,java.lang.AssertionError || expected:<Sun Jan <N> <N>:<N>:<N> UTC <N>> but was:<Sun Jan <N> <N>:<N>:<N> UTC <N>> || com.alibaba.json.bvt.parser.DefaultExtJSONParser_parseArray.test_7,19,PASS,NO
com.alibaba.json.bvt.parser.TypeUtilsTest4#test_array,FAIL,java.lang.AssertionError,expected:<Sun Jan <N> <N>:<N>:<N> UTC <N>> but was:<Sun Jan <N> <N>:<N>:<N> UTC <N>>,com.alibaba.json.bvt.parser.DefaultExtJSONParser_parseArray.test_7,java.lang.AssertionError || expected:<Sun Jan <N> <N>:<N>:<N> UTC <N>> but was:<Sun Jan <N> <N>:<N>:<N> UTC <N>> || com.alibaba.json.bvt.parser.DefaultExtJSONParser_parseArray.test_7,111,PASS,NO
com.alibaba.json.bvt.parser.TypeUtilsTest4#test_error,FAIL,java.lang.AssertionError,expected:<Sun Jan <N> <N>:<N>:<N> UTC <N>> but was:<Sun Jan <N> <N>:<N>:<N> UTC <N>>,com.alibaba.json.bvt.parser.DefaultExtJSONParser_parseArray.test_7,java.lang.AssertionError || expected:<Sun Jan <N> <N>:<N>:<N> UTC <N>> but was:<Sun Jan <N> <N>:<N>:<N> UTC <N>> || com.alibaba.json.bvt.parser.DefaultExtJSONParser_parseArray.test_7,84,PASS,NO
com.alibaba.json.bvt.parser.TypeUtilsTest4#test_error_2,FAIL,java.lang.AssertionError,expected:<Sun Jan <N> <N>:<N>:<N> UTC <N>> but was:<Sun Jan <N> <N>:<N>:<N> UTC <N>>,com.alibaba.json.bvt.parser.DefaultExtJSONParser_parseArray.test_7,java.lang.AssertionError || expected:<Sun Jan <N> <N>:<N>:<N> UTC <N>> but was:<Sun Jan <N> <N>:<N>:<N> UTC <N>> || com.alibaba.json.bvt.parser.DefaultExtJSONParser_parseArray.test_7,106,PASS,NO
com.alibaba.json.bvt.parser.TypeUtilsTest4#test_exception,FAIL,java.lang.AssertionError,expected:<Sun Jan <N> <N>:<N>:<N> UTC <N>> but was:<Sun Jan <N> <N>:<N>:<N> UTC <N>>,com.alibaba.json.bvt.parser.DefaultExtJSONParser_parseArray.test_7,java.lang.AssertionError || expected:<Sun Jan <N> <N>:<N>:<N> UTC <N>> but was:<Sun Jan <N> <N>:<N>:<N> UTC <N>> || com.alibaba.json.bvt.parser.DefaultExtJSONParser_parseArray.test_7,19,PASS,NO
com.alibaba.json.bvt.parser.TypeUtilsTest_cast#test_castToDate_error,FAIL,java.lang.AssertionError,expected:<Sun Jan <N> <N>:<N>:<N> UTC <N>> but was:<Sun Jan <N> <N>:<N>:<N> UTC <N>>,com.alibaba.json.bvt.parser.DefaultExtJSONParser_parseArray.test_7,java.lang.AssertionError || expected:<Sun Jan <N> <N>:<N>:<N> UTC <N>> but was:<Sun Jan <N> <N>:<N>:<N> UTC <N>> || com.alibaba.json.bvt.parser.DefaultExtJSONParser_parseArray.test_7,91,PASS,NO
com.alibaba.json.bvt.parser.TypeUtilsTest_cast#test_castToDate_error_nullClass,FAIL,java.lang.AssertionError,expected:<Sun Jan <N> <N>:<N>:<N> UTC <N>> but was:<Sun Jan <N> <N>:<N>:<N> UTC <N>>,com.alibaba.json.bvt.parser.DefaultExtJSONParser_parseArray.test_7,java.lang.AssertionError || expected:<Sun Jan <N> <N>:<N>:<N> UTC <N>> but was:<Sun Jan <N> <N>:<N>:<N> UTC <N>> || com.alibaba.json.bvt.parser.DefaultExtJSONParser_parseArray.test_7,92,PASS,NO
com.alibaba.json.bvt.parser.TypeUtilsTest_cast#test_cast_0,FAIL,java.lang.AssertionError,expected:<Sun Jan <N> <N>:<N>:<N> UTC <N>> but was:<Sun Jan <N> <N>:<N>:<N> UTC <N>>,com.alibaba.json.bvt.parser.DefaultExtJSONParser_parseArray.test_7,java.lang.AssertionError || expected:<Sun Jan <N> <N>:<N>:<N> UTC <N>> but was:<Sun Jan <N> <N>:<N>:<N> UTC <N>> || com.alibaba.json.bvt.parser.DefaultExtJSONParser_parseArray.test_7,84,PASS,NO
com.alibaba.json.bvt.parser.TypeUtilsTest_cast#test_cast_1,FAIL,java.lang.AssertionError,expected:<Sun Jan <N> <N>:<N>:<N> UTC <N>> but was:<Sun Jan <N> <N>:<N>:<N> UTC <N>>,com.alibaba.json.bvt.parser.DefaultExtJSONParser_parseArray.test_7,java.lang.AssertionError || expected:<Sun Jan <N> <N>:<N>:<N> UTC <N>> but was:<Sun Jan <N> <N>:<N>:<N> UTC <N>> || com.alibaba.json.bvt.parser.DefaultExtJSONParser_parseArray.test_7,76,PASS,NO
com.alibaba.json.bvt.parser.TypeUtilsTest_castToBytes#test_castToDate,FAIL,java.lang.AssertionError,expected:<Sun Jan <N> <N>:<N>:<N> UTC <N>> but was:<Sun Jan <N> <N>:<N>:<N> UTC <N>>,com.alibaba.json.bvt.parser.DefaultExtJSONParser_parseArray.test_7,java.lang.AssertionError || expected:<Sun Jan <N> <N>:<N>:<N> UTC <N>> but was:<Sun Jan <N> <N>:<N>:<N> UTC <N>> || com.alibaba.json.bvt.parser.DefaultExtJSONParser_parseArray.test_7,81,PASS,NO
com.alibaba.json.bvt.parser.TypeUtilsTest_castToBytes#test_castToDate_error,FAIL,java.lang.AssertionError,expected:<Sun Jan <N> <N>:<N>:<N> UTC <N>> but was:<Sun Jan <N> <N>:<N>:<N> UTC <N>>,com.alibaba.json.bvt.parser.DefaultExtJSONParser_parseArray.test_7,java.lang.AssertionError || expected:<Sun Jan <N> <N>:<N>:<N> UTC <N>> but was:<Sun Jan <N> <N>:<N>:<N> UTC <N>> || com.alibaba.json.bvt.parser.DefaultExtJSONParser_parseArray.test_7,64,PASS,NO
com.alibaba.json.bvt.parser.TypeUtilsTest_castToDate#test_castToDate,PASS,,,,,58,PASS,YES
com.alibaba.json.bvt.parser.TypeUtilsTest_castToDate#test_castToDate_error,PASS,,,,,70,PASS,YES
com.alibaba.json.bvt.parser.TypeUtilsTest_castToDate#test_castToDate_negative,PASS,,,,,77,PASS,YES
com.alibaba.json.bvt.parser.TypeUtilsTest_castToDate#test_castToDate_zero,PASS,,,,,44,PASS,YES
com.alibaba.json.bvt.parser.TypeUtilsTest_castToJavaBean#test_bean,FAIL,java.lang.AssertionError,expected:<Sun Jan <N> <N>:<N>:<N> UTC <N>> but was:<Sun Jan <N> <N>:<N>:<N> UTC <N>>,com.alibaba.json.bvt.parser.DefaultExtJSONParser_parseArray.test_7,java.lang.AssertionError || expected:<Sun Jan <N> <N>:<N>:<N> UTC <N>> but was:<Sun Jan <N> <N>:<N>:<N> UTC <N>> || com.alibaba.json.bvt.parser.DefaultExtJSONParser_parseArray.test_7,44,PASS,NO
com.alibaba.json.bvt.parser.TypeUtilsTest_castToJavaBean#test_bean_2,FAIL,java.lang.AssertionError,expected:<Sun Jan <N> <N>:<N>:<N> UTC <N>> but was:<Sun Jan <N> <N>:<N>:<N> UTC <N>>,com.alibaba.json.bvt.parser.DefaultExtJSONParser_parseArray.test_7,java.lang.AssertionError || expected:<Sun Jan <N> <N>:<N>:<N> UTC <N>> but was:<Sun Jan <N> <N>:<N>:<N> UTC <N>> || com.alibaba.json.bvt.parser.DefaultExtJSONParser_parseArray.test_7,42,PASS,NO
com.alibaba.json.bvt.parser.TypeUtilsTest_castToJavaBean#test_bean_3,FAIL,java.lang.AssertionError,expected:<Sun Jan <N> <N>:<N>:<N> UTC <N>> but was:<Sun Jan <N> <N>:<N>:<N> UTC <N>>,com.alibaba.json.bvt.parser.DefaultExtJSONParser_parseArray.test_7,java.lang.AssertionError || expected:<Sun Jan <N> <N>:<N>:<N> UTC <N>> but was:<Sun Jan <N> <N>:<N>:<N> UTC <N>> || com.alibaba.json.bvt.parser.DefaultExtJSONParser_parseArray.test_7,50,PASS,NO
com.alibaba.json.bvt.parser.TypeUtilsTest_castToJavaBean#test_castToJavaBean_StackTraceElement,FAIL,java.lang.AssertionError,expected:<Sun Jan <N> <N>:<N>:<N> UTC <N>> but was:<Sun Jan <N> <N>:<N>:<N> UTC <N>>,com.alibaba.json.bvt.parser.DefaultExtJSONParser_parseArray.test_7,java.lang.AssertionError || expected:<Sun Jan <N> <N>:<N>:<N> UTC <N>> but was:<Sun Jan <N> <N>:<N>:<N> UTC <N>> || com.alibaba.json.bvt.parser.DefaultExtJSONParser_parseArray.test_7,28,PASS,NO
com.alibaba.json.bvt.parser.TypeUtilsTest_castToJavaBean#test_castToJavaBean_StackTraceElement_1,FAIL,java.lang.AssertionError,expected:<Sun Jan <N> <N>:<N>:<N> UTC <N>> but was:<Sun Jan <N> <N>:<N>:<N> UTC <N>>,com.alibaba.json.bvt.parser.DefaultExtJSONParser_parseArray.test_7,java.lang.AssertionError || expected:<Sun Jan <N> <N>:<N>:<N> UTC <N>> but was:<Sun Jan <N> <N>:<N>:<N> UTC <N>> || com.alibaba.json.bvt.parser.DefaultExtJSONParser_parseArray.test_7,29,PASS,NO
com.alibaba.json.bvt.parser.TypeUtilsTest_castToJavaBean#test_castToJavaBean_type,FAIL,java.lang.AssertionError,expected:<Sun Jan <N> <N>:<N>:<N> UTC <N>> but was:<Sun Jan <N> <N>:<N>:<N> UTC <N>>,com.alibaba.json.bvt.parser.DefaultExtJSONParser_parseArray.test_7,java.lang.AssertionError || expected:<Sun Jan <N> <N>:<N>:<N> UTC <N>> but was:<Sun Jan <N> <N>:<N>:<N> UTC <N>> || com.alibaba.json.bvt.parser.DefaultExtJSONParser_parseArray.test_7,31,PASS,NO
com.alibaba.json.bvt.parser.TypeUtilsTest_castToJavaBean#test_error,FAIL,java.lang.AssertionError,expected:<Sun Jan <N> <N>:<N>:<N> UTC <N>> but was:<Sun Jan <N> <N>:<N>:<N> UTC <N>>,com.alibaba.json.bvt.parser.DefaultExtJSONParser_parseArray.test_7,java.lang.AssertionError || expected:<Sun Jan <N> <N>:<N>:<N> UTC <N>> but was:<Sun Jan <N> <N>:<N>:<N> UTC <N>> || com.alibaba.json.bvt.parser.DefaultExtJSONParser_parseArray.test_7,56,PASS,NO
com.alibaba.json.bvt.parser.TypeUtilsTest_castToJavaBean#test_error2,FAIL,java.lang.AssertionError,expected:<Sun Jan <N> <N>:<N>:<N> UTC <N>> but was:<Sun Jan <N> <N>:<N>:<N> UTC <N>>,com.alibaba.json.bvt.parser.DefaultExtJSONParser_parseArray.test_7,java.lang.AssertionError || expected:<Sun Jan <N> <N>:<N>:<N> UTC <N>> but was:<Sun Jan <N> <N>:<N>:<N> UTC <N>> || com.alibaba.json.bvt.parser.DefaultExtJSONParser_parseArray.test_7,45,PASS,NO
com.alibaba.json.bvt.parser.TypeUtilsTest_castToJavaBean#test_interface,FAIL,java.lang.AssertionError,expected:<Sun Jan <N> <N>:<N>:<N> UTC <N>> but was:<Sun Jan <N> <N>:<N>:<N> UTC <N>>,com.alibaba.json.bvt.parser.DefaultExtJSONParser_parseArray.test_7,java.lang.AssertionError || expected:<Sun Jan <N> <N>:<N>:<N> UTC <N>> but was:<Sun Jan <N> <N>:<N>:<N> UTC <N>> || com.alibaba.json.bvt.parser.DefaultExtJSONParser_parseArray.test_7,44,PASS,NO
com.alibaba.json.bvt.parser.TypeUtilsTest_castToJavaBean#test_loadClass,FAIL,java.lang.AssertionError,expected:<Sun Jan <N> <N>:<N>:<N> UTC <N>> but was:<Sun Jan <N> <N>:<N>:<N> UTC <N>>,com.alibaba.json.bvt.parser.DefaultExtJSONParser_parseArray.test_7,java.lang.AssertionError || expected:<Sun Jan <N> <N>:<N>:<N> UTC <N>> but was:<Sun Jan <N> <N>:<N>:<N> UTC <N>> || com.alibaba.json.bvt.parser.DefaultExtJSONParser_parseArray.test_7,34,PASS,NO
com.alibaba.json.bvt.parser.TypeUtilsTest_castToJavaBean#test_loadClass_1,FAIL,java.lang.AssertionError,expected:<Sun Jan <N> <N>:<N>:<N> UTC <N>> but was:<Sun Jan <N> <N>:<N>:<N> UTC <N>>,com.alibaba.json.bvt.parser.DefaultExtJSONParser_parseArray.test_7,java.lang.AssertionError || expected:<Sun Jan <N> <N>:<N>:<N> UTC <N>> but was:<Sun Jan <N> <N>:<N>:<N> UTC <N>> || com.alibaba.json.bvt.parser.DefaultExtJSONParser_parseArray.test_7,41,PASS,NO
com.alibaba.json.bvt.parser.TypeUtilsTest_castToJavaBean#test_loadClass_2,FAIL,java.lang.AssertionError,expected:<Sun Jan <N> <N>:<N>:<N> UTC <N>> but was:<Sun Jan <N> <N>:<N>:<N> UTC <N>>,com.alibaba.json.bvt.parser.DefaultExtJSONParser_parseArray.test_7,java.lang.AssertionError || expected:<Sun Jan <N> <N>:<N>:<N> UTC <N>> but was:<Sun Jan <N> <N>:<N>:<N> UTC <N>> || com.alibaba.json.bvt.parser.DefaultExtJSONParser_parseArray.test_7,34,PASS,NO
com.alibaba.json.bvt.parser.TypeUtilsTest_castToJavaBean#test_mapping,FAIL,java.lang.AssertionError,expected:<Sun Jan <N> <N>:<N>:<N> UTC <N>> but was:<Sun Jan <N> <N>:<N>:<N> UTC <N>>,com.alibaba.json.bvt.parser.DefaultExtJSONParser_parseArray.test_7,java.lang.AssertionError || expected:<Sun Jan <N> <N>:<N>:<N> UTC <N>> but was:<Sun Jan <N> <N>:<N>:<N> UTC <N>> || com.alibaba.json.bvt.parser.DefaultExtJSONParser_parseArray.test_7,26,PASS,NO
com.alibaba.json.bvt.parser.TypeUtilsTest_castToJavaBean_JSONType#test_castToJavaBean,FAIL,java.lang.AssertionError,expected:<Sun Jan <N> <N>:<N>:<N> UTC <N>> but was:<Sun Jan <N> <N>:<N>:<N> UTC <N>>,com.alibaba.json.bvt.parser.DefaultExtJSONParser_parseArray.test_7,java.lang.AssertionError || expected:<Sun Jan <N> <N>:<N>:<N> UTC <N>> but was:<Sun Jan <N> <N>:<N>:<N> UTC <N>> || com.alibaba.json.bvt.parser.DefaultExtJSONParser_parseArray.test_7,46,PASS,NO
com.alibaba.json.bvt.parser.TypeUtilsTest_castToJavaBean_JSONType#test_castToJavaBean_v2,FAIL,java.lang.AssertionError,expected:<Sun Jan <N> <N>:<N>:<N> UTC <N>> but was:<Sun Jan <N> <N>:<N>:<N> UTC <N>>,com.alibaba.json.bvt.parser.DefaultExtJSONParser_parseArray.test_7,java.lang.AssertionError || expected:<Sun Jan <N> <N>:<N>:<N> UTC <N>> but was:<Sun Jan <N> <N>:<N>:<N> UTC <N>> || com.alibaba.json.bvt.parser.DefaultExtJSONParser_parseArray.test_7,34,PASS,NO
com.alibaba.json.bvt.parser.TypeUtilsTest_castToJavaBean_JSONType#test_castToJavaBean_v3,FAIL,java.lang.AssertionError,expected:<Sun Jan <N> <N>:<N>:<N> UTC <N>> but was:<Sun Jan <N> <N>:<N>:<N> UTC <N>>,com.alibaba.json.bvt.parser.DefaultExtJSONParser_parseArray.test_7,java.lang.AssertionError || expected:<Sun Jan <N> <N>:<N>:<N> UTC <N>> but was:<Sun Jan <N> <N>:<N>:<N> UTC <N>> || com.alibaba.json.bvt.parser.DefaultExtJSONParser_parseArray.test_7,23,PASS,NO
com.alibaba.json.bvt.parser.TypeUtilsTest_compatibleWithJavaBean#test_true,FAIL,java.lang.AssertionError,expected:<Sun Jan <N> <N>:<N>:<N> UTC <N>> but was:<Sun Jan <N> <N>:<N>:<N> UTC <N>>,com.alibaba.json.bvt.parser.DefaultExtJSONParser_parseArray.test_7,java.lang.AssertionError || expected:<Sun Jan <N> <N>:<N>:<N> UTC <N>> but was:<Sun Jan <N> <N>:<N>:<N> UTC <N>> || com.alibaba.json.bvt.parser.DefaultExtJSONParser_parseArray.test_7,20,PASS,NO
com.alibaba.json.bvt.parser.TypeUtilsTest_compatibleWithJavaBean_boolean#test_true,FAIL,java.lang.AssertionError,expected:<Sun Jan <N> <N>:<N>:<N> UTC <N>> but was:<Sun Jan <N> <N>:<N>:<N> UTC <N>>,com.alibaba.json.bvt.parser.DefaultExtJSONParser_parseArray.test_7,java.lang.AssertionError || expected:<Sun Jan <N> <N>:<N>:<N> UTC <N>> but was:<Sun Jan <N> <N>:<N>:<N> UTC <N>> || com.alibaba.json.bvt.parser.DefaultExtJSONParser_parseArray.test_7,35,PASS,NO
com.alibaba.json.bvt.parser.TypeUtilsTest_interface#test_castToJavaBean,FAIL,java.lang.AssertionError,expected:<Sun Jan <N> <N>:<N>:<N> UTC <N>> but was:<Sun Jan <N> <N>:<N>:<N> UTC <N>>,com.alibaba.json.bvt.parser.DefaultExtJSONParser_parseArray.test_7,java.lang.AssertionError || expected:<Sun Jan <N> <N>:<N>:<N> UTC <N>> but was:<Sun Jan <N> <N>:<N>:<N> UTC <N>> || com.alibaba.json.bvt.parser.DefaultExtJSONParser_parseArray.test_7,23,PASS,NO
com.alibaba.json.bvt.parser.TypeUtilsTest_interface#test_deser,FAIL,java.lang.AssertionError,expected:<Sun Jan <N> <N>:<N>:<N> UTC <N>> but was:<Sun Jan <N> <N>:<N>:<N> UTC <N>>,com.alibaba.json.bvt.parser.DefaultExtJSONParser_parseArray.test_7,java.lang.AssertionError || expected:<Sun Jan <N> <N>:<N>:<N> UTC <N>> but was:<Sun Jan <N> <N>:<N>:<N> UTC <N>> || com.alibaba.json.bvt.parser.DefaultExtJSONParser_parseArray.test_7,24,PASS,NO
com.alibaba.json.bvt.parser.TypeUtilsTest_interface#test_deser2,FAIL,java.lang.AssertionError,expected:<Sun Jan <N> <N>:<N>:<N> UTC <N>> but was:<Sun Jan <N> <N>:<N>:<N> UTC <N>>,com.alibaba.json.bvt.parser.DefaultExtJSONParser_parseArray.test_7,java.lang.AssertionError || expected:<Sun Jan <N> <N>:<N>:<N> UTC <N>> but was:<Sun Jan <N> <N>:<N>:<N> UTC <N>> || com.alibaba.json.bvt.parser.DefaultExtJSONParser_parseArray.test_7,31,PASS,NO
com.alibaba.json.bvt.parser.TypeUtilsTest_interface#test_deser2_x,FAIL,java.lang.AssertionError,expected:<Sun Jan <N> <N>:<N>:<N> UTC <N>> but was:<Sun Jan <N> <N>:<N>:<N> UTC <N>>,com.alibaba.json.bvt.parser.DefaultExtJSONParser_parseArray.test_7,java.lang.AssertionError || expected:<Sun Jan <N> <N>:<N>:<N> UTC <N>> but was:<Sun Jan <N> <N>:<N>:<N> UTC <N>> || com.alibaba.json.bvt.parser.DefaultExtJSONParser_parseArray.test_7,27,PASS,NO
com.alibaba.json.bvt.parser.TypeUtilsTest_interface#test_parse,FAIL,java.lang.AssertionError,expected:<Sun Jan <N> <N>:<N>:<N> UTC <N>> but was:<Sun Jan <N> <N>:<N>:<N> UTC <N>>,com.alibaba.json.bvt.parser.DefaultExtJSONParser_parseArray.test_7,java.lang.AssertionError || expected:<Sun Jan <N> <N>:<N>:<N> UTC <N>> but was:<Sun Jan <N> <N>:<N>:<N> UTC <N>> || com.alibaba.json.bvt.parser.DefaultExtJSONParser_parseArray.test_7,17,PASS,NO
com.alibaba.json.bvt.parser.TypeUtilsTest_interface#test_parse_var,FAIL,java.lang.AssertionError,expected:<Sun Jan <N> <N>:<N>:<N> UTC <N>> but was:<Sun Jan <N> <N>:<N>:<N> UTC <N>>,com.alibaba.json.bvt.parser.DefaultExtJSONParser_parseArray.test_7,java.lang.AssertionError || expected:<Sun Jan <N> <N>:<N>:<N> UTC <N>> but was:<Sun Jan <N> <N>:<N>:<N> UTC <N>> || com.alibaba.json.bvt.parser.DefaultExtJSONParser_parseArray.test_7,23,PASS,NO
com.alibaba.json.bvt.parser.TypeUtilsTest_loadClass#test_error,FAIL,java.lang.AssertionError,expected:<Sun Jan <N> <N>:<N>:<N> UTC <N>> but was:<Sun Jan <N> <N>:<N>:<N> UTC <N>>,com.alibaba.json.bvt.parser.DefaultExtJSONParser_parseArray.test_7,java.lang.AssertionError || expected:<Sun Jan <N> <N>:<N>:<N> UTC <N>> but was:<Sun Jan <N> <N>:<N>:<N> UTC <N>> || com.alibaba.json.bvt.parser.DefaultExtJSONParser_parseArray.test_7,97,PASS,NO
com.alibaba.json.bvt.parser.TypeUtilsTest_loadClass#test_loadClass,FAIL,java.lang.AssertionError,expected:<Sun Jan <N> <N>:<N>:<N> UTC <N>> but was:<Sun Jan <N> <N>:<N>:<N> UTC <N>>,com.alibaba.json.bvt.parser.DefaultExtJSONParser_parseArray.test_7,java.lang.AssertionError || expected:<Sun Jan <N> <N>:<N>:<N> UTC <N>> but was:<Sun Jan <N> <N>:<N>:<N> UTC <N>> || com.alibaba.json.bvt.parser.DefaultExtJSONParser_parseArray.test_7,82,PASS,NO
com.alibaba.json.bvt.parser.TypeUtilsToJSONTest#test_0,FAIL,java.lang.AssertionError,expected:<Sun Jan <N> <N>:<N>:<N> UTC <N>> but was:<Sun Jan <N> <N>:<N>:<N> UTC <N>>,com.alibaba.json.bvt.parser.DefaultExtJSONParser_parseArray.test_7,java.lang.AssertionError || expected:<Sun Jan <N> <N>:<N>:<N> UTC <N>> but was:<Sun Jan <N> <N>:<N>:<N> UTC <N>> || com.alibaba.json.bvt.parser.DefaultExtJSONParser_parseArray.test_7,218,PASS,NO
com.alibaba.json.bvt.parser.TypeUtilsToJSONTest#test_1,FAIL,java.lang.AssertionError,expected:<Sun Jan <N> <N>:<N>:<N> UTC <N>> but was:<Sun Jan <N> <N>:<N>:<N> UTC <N>>,com.alibaba.json.bvt.parser.DefaultExtJSONParser_parseArray.test_7,java.lang.AssertionError || expected:<Sun Jan <N> <N>:<N>:<N> UTC <N>> but was:<Sun Jan <N> <N>:<N>:<N> UTC <N>> || com.alibaba.json.bvt.parser.DefaultExtJSONParser_parseArray.test_7,183,PASS,NO
com.alibaba.json.bvt.parser.TypeUtilsToJSONTest#test_null,FAIL,java.lang.AssertionError,expected:<Sun Jan <N> <N>:<N>:<N> UTC <N>> but was:<Sun Jan <N> <N>:<N>:<N> UTC <N>>,com.alibaba.json.bvt.parser.DefaultExtJSONParser_parseArray.test_7,java.lang.AssertionError || expected:<Sun Jan <N> <N>:<N>:<N> UTC <N>> but was:<Sun Jan <N> <N>:<N>:<N> UTC <N>> || com.alibaba.json.bvt.parser.DefaultExtJSONParser_parseArray.test_7,183,PASS,NO
com.alibaba.json.bvt.parser.UTF8ByteArrayLexerTest_symbol#test_utf8,FAIL,java.lang.AssertionError,expected:<Sun Jan <N> <N>:<N>:<N> UTC <N>> but was:<Sun Jan <N> <N>:<N>:<N> UTC <N>>,com.alibaba.json.bvt.parser.DefaultExtJSONParser_parseArray.test_7,java.lang.AssertionError || expected:<Sun Jan <N> <N>:<N>:<N> UTC <N>> but was:<Sun Jan <N> <N>:<N>:<N> UTC <N>> || com.alibaba.json.bvt.parser.DefaultExtJSONParser_parseArray.test_7,16,PASS,NO
com.alibaba.json.bvt.parser.UTF8ByteArrayParseTest#test_utf8,FAIL,java.lang.AssertionError,expected:<Sun Jan <N> <N>:<N>:<N> UTC <N>> but was:<Sun Jan <N> <N>:<N>:<N> UTC <N>>,com.alibaba.json.bvt.parser.DefaultExtJSONParser_parseArray.test_7,java.lang.AssertionError || expected:<Sun Jan <N> <N>:<N>:<N> UTC <N>> but was:<Sun Jan <N> <N>:<N>:<N> UTC <N>> || com.alibaba.json.bvt.parser.DefaultExtJSONParser_parseArray.test_7,21,PASS,NO
com.alibaba.json.bvt.parser.UnquoteNameTest#test_obj,FAIL,java.lang.AssertionError,expected:<Sun Jan <N> <N>:<N>:<N> UTC <N>> but was:<Sun Jan <N> <N>:<N>:<N> UTC <N>>,com.alibaba.json.bvt.parser.DefaultExtJSONParser_parseArray.test_7,java.lang.AssertionError || expected:<Sun Jan <N> <N>:<N>:<N> UTC <N>> but was:<Sun Jan <N> <N>:<N>:<N> UTC <N>> || com.alibaba.json.bvt.parser.DefaultExtJSONParser_parseArray.test_7,24,PASS,NO
com.alibaba.json.bvt.parser.UnquoteNameTest#test_obj_1,FAIL,java.lang.AssertionError,expected:<Sun Jan <N> <N>:<N>:<N> UTC <N>> but was:<Sun Jan <N> <N>:<N>:<N> UTC <N>>,com.alibaba.json.bvt.parser.DefaultExtJSONParser_parseArray.test_7,java.lang.AssertionError || expected:<Sun Jan <N> <N>:<N>:<N> UTC <N>> but was:<Sun Jan <N> <N>:<N>:<N> UTC <N>> || com.alibaba.json.bvt.parser.DefaultExtJSONParser_parseArray.test_7,27,PASS,NO
com.alibaba.json.bvt.parser.UnquoteNameTest#test_unquote,FAIL,java.lang.AssertionError,expected:<Sun Jan <N> <N>:<N>:<N> UTC <N>> but was:<Sun Jan <N> <N>:<N>:<N> UTC <N>>,com.alibaba.json.bvt.parser.DefaultExtJSONParser_parseArray.test_7,java.lang.AssertionError || expected:<Sun Jan <N> <N>:<N>:<N> UTC <N>> but was:<Sun Jan <N> <N>:<N>:<N> UTC <N>> || com.alibaba.json.bvt.parser.DefaultExtJSONParser_parseArray.test_7,24,PASS,NO
com.alibaba.json.bvt.parser.UnquoteNameTest#test_unquote_parse,FAIL,java.lang.AssertionError,expected:<Sun Jan <N> <N>:<N>:<N> UTC <N>> but was:<Sun Jan <N> <N>:<N>:<N> UTC <N>>,com.alibaba.json.bvt.parser.DefaultExtJSONParser_parseArray.test_7,java.lang.AssertionError || expected:<Sun Jan <N> <N>:<N>:<N> UTC <N>> but was:<Sun Jan <N> <N>:<N>:<N> UTC <N>> || com.alibaba.json.bvt.parser.DefaultExtJSONParser_parseArray.test_7,16,PASS,NO
com.alibaba.json.bvt.parser.UnquoteNameTest#test_unquote_parse_1,FAIL,java.lang.AssertionError,expected:<Sun Jan <N> <N>:<N>:<N> UTC <N>> but was:<Sun Jan <N> <N>:<N>:<N> UTC <N>>,com.alibaba.json.bvt.parser.DefaultExtJSONParser_parseArray.test_7,java.lang.AssertionError || expected:<Sun Jan <N> <N>:<N>:<N> UTC <N>> but was:<Sun Jan <N> <N>:<N>:<N> UTC <N>> || com.alibaba.json.bvt.parser.DefaultExtJSONParser_parseArray.test_7,37,PASS,NO
com.alibaba.json.bvt.parser.UnquoteNameTest#test_unquote_reader,FAIL,java.lang.AssertionError,expected:<Sun Jan <N> <N>:<N>:<N> UTC <N>> but was:<Sun Jan <N> <N>:<N>:<N> UTC <N>>,com.alibaba.json.bvt.parser.DefaultExtJSONParser_parseArray.test_7,java.lang.AssertionError || expected:<Sun Jan <N> <N>:<N>:<N> UTC <N>> but was:<Sun Jan <N> <N>:<N>:<N> UTC <N>> || com.alibaba.json.bvt.parser.DefaultExtJSONParser_parseArray.test_7,19,PASS,NO
com.alibaba.json.bvt.parser.UnquoteNameTest#test_unquote_reader_parse,FAIL,java.lang.AssertionError,expected:<Sun Jan <N> <N>:<N>:<N> UTC <N>> but was:<Sun Jan <N> <N>:<N>:<N> UTC <N>>,com.alibaba.json.bvt.parser.DefaultExtJSONParser_parseArray.test_7,java.lang.AssertionError || expected:<Sun Jan <N> <N>:<N>:<N> UTC <N>> but was:<Sun Jan <N> <N>:<N>:<N> UTC <N>> || com.alibaba.json.bvt.parser.DefaultExtJSONParser_parseArray.test_7,34,PASS,NO
