candidate,victim_status,od_relevant
com.alibaba.json.ArrayRefTest2#test_0,FAIL,NO
com.alibaba.json.SerializerFeatureDistinctTest#test_allfeatures,FAIL,NO
com.alibaba.json.TestGC#test_0,NOT_RUN,NO
com.alibaba.json.bvt.AnnotationTest#test_codec,FAIL,NO
com.alibaba.json.bvt.AnnotationTest2#test_codec,FAIL,NO
com.alibaba.json.bvt.AnnotationTest3#test_supperField,FAIL,NO
com.alibaba.json.bvt.AppendableFieldTest#test_codec_null,FAIL,NO
com.alibaba.json.bvt.AppendableFieldTest#test_codec_null_1,FAIL,NO
com.alibaba.json.bvt.ArmoryTest#test_0,FAIL,NO
com.alibaba.json.bvt.ArmoryTest#test_item,FAIL,NO
com.alibaba.json.bvt.ArrayListFieldTest#test_codec_null,FAIL,NO
com.alibaba.json.bvt.ArrayListFieldTest_1#test_var,FAIL,NO
com.alibaba.json.bvt.ArrayListFloatFieldTest#test_codec,FAIL,NO
com.alibaba.json.bvt.ArrayRefTest#test_0,FAIL,NO
com.alibaba.json.bvt.Base64Test#test_base64,FAIL,NO
com.alibaba.json.bvt.Base64Test2#test_base64_2,FAIL,NO
com.alibaba.json.bvt.Base64Test2#test_illegal,FAIL,NO
com.alibaba.json.bvt.BigDecimalFieldTest#test_codec_null,FAIL,NO
com.alibaba.json.bvt.BigDecimalFieldTest#test_codec_null_1,FAIL,NO
com.alibaba.json.bvt.BigIntegerFieldTest#test_codec_null,FAIL,NO
com.alibaba.json.bvt.BigIntegerFieldTest#test_codec_null_1,FAIL,NO
com.alibaba.json.bvt.BooleanArrayFieldTest#test_codec_null,FAIL,NO
com.alibaba.json.bvt.BooleanArrayFieldTest#test_codec_null_1,FAIL,NO
com.alibaba.json.bvt.BooleanArrayFieldTest_primitive#test_array,FAIL,NO
com.alibaba.json.bvt.BooleanArrayFieldTest_primitive#test_codec_null,FAIL,NO
com.alibaba.json.bvt.BooleanArrayFieldTest_primitive#test_codec_null_1,FAIL,NO
com.alibaba.json.bvt.BooleanArrayFieldTest_primitive_private#test_array,FAIL,NO
com.alibaba.json.bvt.BooleanArrayFieldTest_primitive_private#test_codec_null,FAIL,NO
com.alibaba.json.bvt.BooleanArrayFieldTest_primitive_private#test_codec_null_1,FAIL,NO
com.alibaba.json.bvt.Bug12#test_0,FAIL,NO
com.alibaba.json.bvt.BuilderTest#test_builder,FAIL,NO
com.alibaba.json.bvt.ByteArrayFieldTest_1#test_array,FAIL,NO
com.alibaba.json.bvt.ByteArrayFieldTest_1#test_codec_null,FAIL,NO
com.alibaba.json.bvt.ByteArrayFieldTest_1#test_codec_null_1,FAIL,NO
com.alibaba.json.bvt.ByteArrayFieldTest_2#test_0,FAIL,NO
com.alibaba.json.bvt.ByteArrayFieldTest_3#test_0,FAIL,NO
com.alibaba.json.bvt.ByteArrayFieldTest_4#test_0,FAIL,NO
com.alibaba.json.bvt.ByteArrayFieldTest_5_base64#test_0,FAIL,NO
com.alibaba.json.bvt.ByteArrayFieldTest_6_gzip#test_0,FAIL,NO
com.alibaba.json.bvt.ByteArrayFieldTest_7_gzip_hex#test_0,FAIL,NO
com.alibaba.json.bvt.ByteFieldTest#test_codec,FAIL,NO
com.alibaba.json.bvt.ByteFieldTest#test_codec_null,FAIL,NO
com.alibaba.json.bvt.ByteFieldTest#test_codec_null_1,FAIL,NO
com.alibaba.json.bvt.ByteFieldTest#test_codec_null_asm,FAIL,NO
com.alibaba.json.bvt.CastTest#test_0,FAIL,NO
com.alibaba.json.bvt.CastTest2#test_0,FAIL,NO
com.alibaba.json.bvt.CharTypesTest#test_0,FAIL,NO
com.alibaba.json.bvt.CharsetFieldTest#test_codec,FAIL,NO
com.alibaba.json.bvt.CharsetFieldTest#test_codec_null,FAIL,NO
com.alibaba.json.bvt.ChineseSpaceTest#test_for_chinese_space,FAIL,NO
com.alibaba.json.bvt.CircularReferenceTest#test_0,FAIL,NO
com.alibaba.json.bvt.ClassFieldTest#test_codec,FAIL,NO
com.alibaba.json.bvt.ClassFieldTest#test_error,FAIL,NO
com.alibaba.json.bvt.CurrencyTest#test_0,FAIL,NO
com.alibaba.json.bvt.CurrencyTest3#testJson,FAIL,NO
com.alibaba.json.bvt.CurrencyTest4#test_0,FAIL,NO
com.alibaba.json.bvt.CurrencyTest4#test_1,FAIL,NO
com.alibaba.json.bvt.CurrencyTest5#test_0,FAIL,NO
com.alibaba.json.bvt.CurrencyTest_2#test_0,FAIL,NO
com.alibaba.json.bvt.DefaultJSONParserTest#test_double,FAIL,NO
com.alibaba.json.bvt.DefaultJSONParserTest#test_double_in_object,FAIL,NO
com.alibaba.json.bvt.DefaultJSONParserTest#test_error,FAIL,NO
com.alibaba.json.bvt.DefaultJSONParserTest#test_error11,FAIL,NO
com.alibaba.json.bvt.DefaultJSONParserTest#test_error2,FAIL,NO
com.alibaba.json.bvt.DefaultJSONParserTest#test_error3,FAIL,NO
com.alibaba.json.bvt.DefaultJSONParserTest#test_error4,FAIL,NO
com.alibaba.json.bvt.DefaultJSONParserTest#test_error6,FAIL,NO
com.alibaba.json.bvt.DefaultJSONParserTest#test_error7,FAIL,NO
com.alibaba.json.bvt.DefaultJSONParserTest_ref#test_ref,FAIL,NO
com.alibaba.json.bvt.DeprecatedClassTest#test_0,FAIL,NO
com.alibaba.json.bvt.DeprecatedClassTest#test_1,FAIL,NO
com.alibaba.json.bvt.DisableSpecialKeyDetectTest#test_0,FAIL,NO
com.alibaba.json.bvt.DisableSpecialKeyDetectTest#test_1,FAIL,NO
com.alibaba.json.bvt.DisableSpecialKeyDetectTest#test_2,FAIL,NO
com.alibaba.json.bvt.DoubleArrayFieldTest_primitive#test_codec_null,FAIL,NO
com.alibaba.json.bvt.DoubleArrayFieldTest_primitive#test_codec_null_1,FAIL,NO
com.alibaba.json.bvt.DoubleFieldTest_A#test_codec,FAIL,NO
com.alibaba.json.bvt.DoubleFieldTest_A#test_codec_null,FAIL,NO
com.alibaba.json.bvt.EmptyArrayAsNullTest#test_emtpyAsNull,FAIL,NO
com.alibaba.json.bvt.EmptyObjectTest#test_codec_null,FAIL,NO
com.alibaba.json.bvt.EmptyObjectTest#test_codec_null_1,FAIL,NO
com.alibaba.json.bvt.EnumFieldTest#test_1,FAIL,NO
com.alibaba.json.bvt.EnumFieldTest#test_error,FAIL,NO
com.alibaba.json.bvt.EnumFieldTest#test_error_1,FAIL,NO
com.alibaba.json.bvt.EnumFieldTest#test_error_2,FAIL,NO
com.alibaba.json.bvt.EnumFieldTest#test_map,FAIL,NO
com.alibaba.json.bvt.EnumFieldTest#test_special,FAIL,NO
com.alibaba.json.bvt.EnumFieldTest2#test_0,FAIL,NO
com.alibaba.json.bvt.EnumFieldTest2#test_1,FAIL,NO
com.alibaba.json.bvt.EnumFieldTest2#test_2,FAIL,NO
com.alibaba.json.bvt.EnumFieldTest2#test_error_1,FAIL,NO
com.alibaba.json.bvt.EnumFieldTest2#test_error_n,FAIL,NO
com.alibaba.json.bvt.EnumFieldTest2#test_error_nu,FAIL,NO
com.alibaba.json.bvt.EnumFieldTest2#test_error_nul,FAIL,NO
com.alibaba.json.bvt.EnumFieldTest2_private#test_0,FAIL,NO
com.alibaba.json.bvt.EnumFieldTest2_private#test_1,FAIL,NO
com.alibaba.json.bvt.EnumFieldTest2_private#test_2,FAIL,NO
com.alibaba.json.bvt.EnumFieldTest2_private#test_error_1,FAIL,NO
com.alibaba.json.bvt.EnumFieldTest2_private#test_error_n,FAIL,NO
com.alibaba.json.bvt.EnumFieldTest2_private#test_error_nu,FAIL,NO
com.alibaba.json.bvt.EnumFieldTest2_private#test_error_nul,FAIL,NO
com.alibaba.json.bvt.EnumFieldTest3#test_1,FAIL,NO
com.alibaba.json.bvt.EnumFieldTest3#test_1_writer,FAIL,NO
com.alibaba.json.bvt.EnumFieldTest3#test_null,FAIL,NO
com.alibaba.json.bvt.EnumFieldTest3_private#test_1,FAIL,NO
com.alibaba.json.bvt.EnumFieldTest3_private#test_1_writer,FAIL,NO
com.alibaba.json.bvt.EnumFieldTest3_private#test_null,FAIL,NO
com.alibaba.json.bvt.EnumerationTest#test_enumeration,FAIL,NO
com.alibaba.json.bvt.FastJsonBigClassTest#test_big_class,FAIL,NO
com.alibaba.json.bvt.FileFieldTest#test_codec_null,FAIL,NO
com.alibaba.json.bvt.FileFieldTest#test_codec_null_1,FAIL,NO
com.alibaba.json.bvt.FinalTest#test_final,FAIL,NO
com.alibaba.json.bvt.FloatArrayFieldTest_primitive#test_codec_null,FAIL,NO
com.alibaba.json.bvt.FloatArrayFieldTest_primitive#test_codec_null_1,FAIL,NO
com.alibaba.json.bvt.FloatFieldTest#test_codec,FAIL,NO
com.alibaba.json.bvt.FloatFieldTest_A#test_codec,FAIL,NO
com.alibaba.json.bvt.FloatFieldTest_A#test_codec_null,FAIL,NO
com.alibaba.json.bvt.FluentSetterTest#test_fluent,FAIL,NO
com.alibaba.json.bvt.GetSetNotMatchTest#test_0,FAIL,NO
com.alibaba.json.bvt.GroovyTest#test_groovy,FAIL,NO
com.alibaba.json.bvt.IncomingDataPointTest#test_0,FAIL,NO
com.alibaba.json.bvt.IncomingDataPointTest#test_for_IncomingDataPoint,FAIL,NO
com.alibaba.json.bvt.InetAddressFieldTest#test_codec,FAIL,NO
com.alibaba.json.bvt.InetAddressFieldTest#test_codec_null,FAIL,NO
com.alibaba.json.bvt.InetSocketAddressFieldTest#test_codec,FAIL,NO
com.alibaba.json.bvt.InetSocketAddressFieldTest#test_codec_null,FAIL,NO
com.alibaba.json.bvt.InetSocketAddressFieldTest#test_codec_null_2,FAIL,NO
com.alibaba.json.bvt.IntArrayFieldTest_primitive#test_array,FAIL,NO
com.alibaba.json.bvt.IntArrayFieldTest_primitive#test_codec_null,FAIL,NO
com.alibaba.json.bvt.IntArrayFieldTest_primitive#test_codec_null_1,FAIL,NO
com.alibaba.json.bvt.IntKeyMapTest#test_0,FAIL,NO
com.alibaba.json.bvt.IntegerArrayFieldTest#test_codec,FAIL,NO
com.alibaba.json.bvt.IntegerArrayFieldTest#test_codec_null,FAIL,NO
com.alibaba.json.bvt.IntegerArrayFieldTest#test_codec_null_1,FAIL,NO
com.alibaba.json.bvt.Issue213Test#test_0,FAIL,NO
com.alibaba.json.bvt.JSONArrayTest#test_1,FAIL,NO
com.alibaba.json.bvt.JSONArrayTest#test_2,FAIL,NO
com.alibaba.json.bvt.JSONArrayTest#test_constructor,FAIL,NO
com.alibaba.json.bvt.JSONArrayTest#test_getArray,FAIL,NO
com.alibaba.json.bvt.JSONArrayTest#test_getArray_1,FAIL,NO
com.alibaba.json.bvt.JSONArrayTest#test_getJavaBean,FAIL,NO
com.alibaba.json.bvt.JSONArrayTest#test_getObject,FAIL,NO
com.alibaba.json.bvt.JSONArrayTest#test_getObject_map,FAIL,NO
com.alibaba.json.bvt.JSONArrayTest#test_getObject_null,FAIL,NO
com.alibaba.json.bvt.JSONArrayTest#test_toJSONString,FAIL,NO
com.alibaba.json.bvt.JSONArrayTest#test_toString,FAIL,NO
com.alibaba.json.bvt.JSONArrayTest2#test_0,FAIL,NO
com.alibaba.json.bvt.JSONArrayTest3#test_0,FAIL,NO
com.alibaba.json.bvt.JSONArrayTest_hashCode#test_hashCode,FAIL,NO
com.alibaba.json.bvt.JSONArrayTest_hashCode#test_hashCode_1,FAIL,NO
com.alibaba.json.bvt.JSONBytesTest#test_codec,FAIL,NO
com.alibaba.json.bvt.JSONBytesTest2#test_codec,FAIL,NO
com.alibaba.json.bvt.JSONBytesTest3#test_codec,FAIL,NO
com.alibaba.json.bvt.JSONExceptionTest#test_all,FAIL,NO
com.alibaba.json.bvt.JSONFeidDemo2#test_0,FAIL,NO
com.alibaba.json.bvt.JSONFeidDemo2#test_1,FAIL,NO
com.alibaba.json.bvt.JSONFieldTest#test_field,FAIL,NO
com.alibaba.json.bvt.JSONFromObjectTest#test_0,FAIL,NO
com.alibaba.json.bvt.JSONFromObjectTest#test_1,FAIL,NO
com.alibaba.json.bvt.JSONFromObjectTest#test_2,FAIL,NO
com.alibaba.json.bvt.JSONFromObjectTest#test_3,FAIL,NO
com.alibaba.json.bvt.JSONFromObjectTest#test_error,FAIL,NO
com.alibaba.json.bvt.JSONObjectFluentTest#test_fluent,FAIL,NO
com.alibaba.json.bvt.JSONObjectTest#test_all,FAIL,NO
com.alibaba.json.bvt.JSONObjectTest#test_all_2,FAIL,NO
com.alibaba.json.bvt.JSONObjectTest#test_bytes,FAIL,NO
com.alibaba.json.bvt.JSONObjectTest#test_getBoolean,FAIL,NO
com.alibaba.json.bvt.JSONObjectTest#test_getDate,FAIL,NO
com.alibaba.json.bvt.JSONObjectTest#test_getInt,FAIL,NO
com.alibaba.json.bvt.JSONObjectTest#test_getLong,FAIL,NO
com.alibaba.json.bvt.JSONObjectTest#test_getLong_1,FAIL,NO
com.alibaba.json.bvt.JSONObjectTest#test_getObject,FAIL,NO
com.alibaba.json.bvt.JSONObjectTest#test_getObject_map,FAIL,NO
com.alibaba.json.bvt.JSONObjectTest#test_getObject_null,FAIL,NO
com.alibaba.json.bvt.JSONObjectTest#test_order,FAIL,NO
com.alibaba.json.bvt.JSONObjectTest#test_toJSONObject,FAIL,NO
com.alibaba.json.bvt.JSONObjectTest#test_writeJSONString,FAIL,NO
com.alibaba.json.bvt.JSONObjectTest2#test_0,FAIL,NO
com.alibaba.json.bvt.JSONObjectTest3#test_0,FAIL,NO
com.alibaba.json.bvt.JSONObjectTest3#test_error_0,FAIL,NO
com.alibaba.json.bvt.JSONObjectTest3#test_error_1,FAIL,NO
com.alibaba.json.bvt.JSONObjectTest3#test_error_2,FAIL,NO
com.alibaba.json.bvt.JSONObjectTest3#test_error_3,FAIL,NO
com.alibaba.json.bvt.JSONObjectTest3#test_error_4,FAIL,NO
com.alibaba.json.bvt.JSONObjectTest3#test_error_5,FAIL,NO
com.alibaba.json.bvt.JSONObjectTest3#test_error_6,FAIL,NO
com.alibaba.json.bvt.JSONObjectTest3#test_error_7,FAIL,NO
com.alibaba.json.bvt.JSONObjectTest3#test_error_8,FAIL,NO
com.alibaba.json.bvt.JSONObjectTest4#test_interface,FAIL,NO
com.alibaba.json.bvt.JSONObjectTest5#test,FAIL,NO
com.alibaba.json.bvt.JSONObjectTest6#test,FAIL,NO
com.alibaba.json.bvt.JSONObjectTest7#test,FAIL,NO
com.alibaba.json.bvt.JSONObjectTest_get#test_get,FAIL,NO
com.alibaba.json.bvt.JSONObjectTest_getBigInteger#test_get_double,FAIL,NO
com.alibaba.json.bvt.JSONObjectTest_getBigInteger#test_get_empty,FAIL,NO
com.alibaba.json.bvt.JSONObjectTest_getBigInteger#test_get_float,FAIL,NO
com.alibaba.json.bvt.JSONObjectTest_getDate#test_get_empty,FAIL,NO
com.alibaba.json.bvt.JSONObjectTest_getObj#test_get_empty,FAIL,NO
com.alibaba.json.bvt.JSONObjectTest_getObj#test_get_null,FAIL,NO
com.alibaba.json.bvt.JSONObjectTest_getObj_2#test_get_empty,FAIL,NO
com.alibaba.json.bvt.JSONObjectTest_getObj_2#test_get_null,FAIL,NO
com.alibaba.json.bvt.JSONObjectTest_get_2#test_get,FAIL,NO
com.alibaba.json.bvt.JSONObjectTest_get_2#test_get_obj,FAIL,NO
com.alibaba.json.bvt.JSONObjectTest_hashCode#test_hashCode,FAIL,NO
com.alibaba.json.bvt.JSONObjectTest_hashCode#test_hashCode_1,FAIL,NO
com.alibaba.json.bvt.JSONObjectTest_readObject#test_0,FAIL,NO
com.alibaba.json.bvt.JSONObjectTest_readObject#test_2,FAIL,NO
com.alibaba.json.bvt.JSONObjectTest_readObject#test_3,FAIL,NO
com.alibaba.json.bvt.JSONParseTest#test_0,FAIL,NO
com.alibaba.json.bvt.JSONTest#test_all,FAIL,NO
com.alibaba.json.bvt.JSONTest#test_array,FAIL,NO
com.alibaba.json.bvt.JSONTest#test_for_jh,FAIL,NO
com.alibaba.json.bvt.JSONTest#test_fromJavaObject_null,FAIL,NO
com.alibaba.json.bvt.JSONTest#test_number,FAIL,NO
com.alibaba.json.bvt.JSONTest#test_object,FAIL,NO
com.alibaba.json.bvt.JSONTest#test_string,FAIL,NO
com.alibaba.json.bvt.JSONTest#test_value,FAIL,NO
com.alibaba.json.bvt.JSONTest#test_writeTo_0,FAIL,NO
com.alibaba.json.bvt.JSONTest#test_writeTo_1,FAIL,NO
com.alibaba.json.bvt.JSONTest#test_writeTo_2,FAIL,NO
com.alibaba.json.bvt.JSONTest#test_writeTo_error,FAIL,NO
com.alibaba.json.bvt.JSONTest2#test_0,FAIL,NO
com.alibaba.json.bvt.JSONTest2#test_1,FAIL,NO
com.alibaba.json.bvt.JSONTest2#test_2,FAIL,NO
com.alibaba.json.bvt.JSONTest2#test_3,FAIL,NO
com.alibaba.json.bvt.JSONTest2#test_4,FAIL,NO
com.alibaba.json.bvt.JSONTest2#test_5,FAIL,NO
com.alibaba.json.bvt.JSONTest2#test_6,FAIL,NO
com.alibaba.json.bvt.JSONTest2#test_7,FAIL,NO
com.alibaba.json.bvt.JSONTest3#test_json,FAIL,NO
com.alibaba.json.bvt.JSONTest_Bytes#test_bytes,FAIL,NO
com.alibaba.json.bvt.JSONTest_Bytes_1#test_bytes,FAIL,NO
com.alibaba.json.bvt.JSONTest_Bytes_1#test_bytes_2,FAIL,NO
com.alibaba.json.bvt.JSONTest_null#test_0,FAIL,NO
com.alibaba.json.bvt.JSONTest_overflow#test_overflow,FAIL,NO
com.alibaba.json.bvt.JSONTest_overflow#test_overflow_1,FAIL,NO
com.alibaba.json.bvt.JSONTokenTest#test_0,FAIL,NO
com.alibaba.json.bvt.JSONTypeTest#test_0,FAIL,NO
com.alibaba.json.bvt.JSONTypeTest#test_1,FAIL,NO
com.alibaba.json.bvt.JSONTypeTest#test_2,FAIL,NO
com.alibaba.json.bvt.JSONTypeTest1#test_ignores,FAIL,NO
com.alibaba.json.bvt.JSONTypeTest1#test_ignoresParent,FAIL,NO
com.alibaba.json.bvt.JSONTypeTest1#test_ignoresParent2,FAIL,NO
com.alibaba.json.bvt.JSONTypeTest1#test_ignoresParent3,FAIL,NO
com.alibaba.json.bvt.JSONTypeTest_orders_arrayMapping#test_1,FAIL,NO
com.alibaba.json.bvt.JSONTypeTest_orders_arrayMapping_2#test_1,FAIL,NO
com.alibaba.json.bvt.JSON_toJSONStringTest#test_0,FAIL,NO
com.alibaba.json.bvt.JSON_toJSONStringTest#test_1,FAIL,NO
com.alibaba.json.bvt.JSON_toJavaObject_test#test_0,FAIL,NO
com.alibaba.json.bvt.JSON_toJavaObject_test#test_1,FAIL,NO
com.alibaba.json.bvt.JavaBeanMappingTest#test_0,FAIL,NO
com.alibaba.json.bvt.JavaBeanTest#test_toJSON_List,FAIL,NO
com.alibaba.json.bvt.JsonValueTest#test_bug_0,FAIL,NO
com.alibaba.json.bvt.JsonValueTest#test_bug_1,FAIL,NO
com.alibaba.json.bvt.JsonValueTest#test_toJSONString,FAIL,NO
com.alibaba.json.bvt.LexerTest#test_big_integer_1,FAIL,NO
com.alibaba.json.bvt.LexerTest#test_big_integer_2,FAIL,NO
com.alibaba.json.bvt.LexerTest#test_big_integer_3,FAIL,NO
com.alibaba.json.bvt.LexerTest#test_empty,FAIL,NO
com.alibaba.json.bvt.LexerTest#test_error,FAIL,NO
com.alibaba.json.bvt.LexerTest#test_error1,FAIL,NO
com.alibaba.json.bvt.LexerTest#test_error2,FAIL,NO
com.alibaba.json.bvt.LexerTest#test_error3,FAIL,NO
com.alibaba.json.bvt.LexerTest#test_float,FAIL,NO
com.alibaba.json.bvt.LexerTest#test_isWhitespace,FAIL,NO
com.alibaba.json.bvt.LexerTest#test_number,FAIL,NO
com.alibaba.json.bvt.LexerTest#test_string,FAIL,NO
com.alibaba.json.bvt.LexerTest#test_string2,FAIL,NO
com.alibaba.json.bvt.LexerTest#test_string3,FAIL,NO
com.alibaba.json.bvt.LexerTest#test_string4,FAIL,NO
com.alibaba.json.bvt.LinkedListFieldTest#test_codec_null,FAIL,NO
com.alibaba.json.bvt.LinkedListFieldTest#test_codec_null_1,FAIL,NO
com.alibaba.json.bvt.ListFieldTest#test_codec_null,FAIL,NO
com.alibaba.json.bvt.ListFieldTest2#test_codec_null,FAIL,NO
com.alibaba.json.bvt.ListFieldTest3#test_typeRef,FAIL,NO
com.alibaba.json.bvt.ListFloatFieldTest#test_codec,FAIL,NO
com.alibaba.json.bvt.LocaleFieldTest#test_codec,FAIL,NO
com.alibaba.json.bvt.LocaleFieldTest#test_codec_null,FAIL,NO
com.alibaba.json.bvt.LongArrayFieldTest#test_codec_null,FAIL,NO
com.alibaba.json.bvt.LongArrayFieldTest#test_codec_null_1,FAIL,NO
com.alibaba.json.bvt.LongArrayFieldTest_primitive#test_codec_null,FAIL,NO
com.alibaba.json.bvt.LongArrayFieldTest_primitive#test_codec_null_1,FAIL,NO
com.alibaba.json.bvt.LongFieldTest#test_codec,FAIL,NO
com.alibaba.json.bvt.LongFieldTest#test_codec_null,FAIL,NO
com.alibaba.json.bvt.LongFieldTest#test_codec_null_1,FAIL,NO
com.alibaba.json.bvt.LongFieldTest#test_codec_null_asm,FAIL,NO
com.alibaba.json.bvt.LongFieldTest_2#test_max,FAIL,NO
com.alibaba.json.bvt.LongFieldTest_2#test_max_array,FAIL,NO
com.alibaba.json.bvt.LongFieldTest_2#test_max_array_reader,FAIL,NO
com.alibaba.json.bvt.LongFieldTest_2#test_max_reader,FAIL,NO
com.alibaba.json.bvt.LongFieldTest_2#test_min,FAIL,NO
com.alibaba.json.bvt.LongFieldTest_2#test_min_array,FAIL,NO
com.alibaba.json.bvt.LongFieldTest_2#test_min_array_reader,FAIL,NO
com.alibaba.json.bvt.LongFieldTest_2#test_min_reader,FAIL,NO
com.alibaba.json.bvt.LongFieldTest_2_private#test_max,FAIL,NO
com.alibaba.json.bvt.LongFieldTest_2_private#test_max_array,FAIL,NO
com.alibaba.json.bvt.LongFieldTest_2_private#test_min,FAIL,NO
com.alibaba.json.bvt.LongFieldTest_2_private#test_min_array,FAIL,NO
com.alibaba.json.bvt.LongFieldTest_2_stream#test_max,FAIL,NO
com.alibaba.json.bvt.LongFieldTest_2_stream#test_max_array,FAIL,NO
com.alibaba.json.bvt.LongFieldTest_2_stream#test_min,FAIL,NO
com.alibaba.json.bvt.LongFieldTest_2_stream#test_min_array,FAIL,NO
com.alibaba.json.bvt.LongFieldTest_3#test_min,FAIL,NO
com.alibaba.json.bvt.LongFieldTest_3_private#test_min,FAIL,NO
com.alibaba.json.bvt.LongFieldTest_3_stream#test_min,FAIL,NO
com.alibaba.json.bvt.LongFieldTest_4#test_min,FAIL,NO
com.alibaba.json.bvt.LongFieldTest_4_stream#test_min,FAIL,NO
com.alibaba.json.bvt.LongFieldTest_primitive#test_codec,FAIL,NO
com.alibaba.json.bvt.LongFieldTest_primitive#test_codec_null,FAIL,NO
com.alibaba.json.bvt.LongFieldTest_primitive#test_codec_null_1,FAIL,NO
com.alibaba.json.bvt.LongFieldTest_primitive#test_codec_null_asm,FAIL,NO
com.alibaba.json.bvt.MapRefTest#test_0,FAIL,NO
com.alibaba.json.bvt.MapRefTest1#test_0,FAIL,NO
com.alibaba.json.bvt.MapRefTest2#test_0,FAIL,NO
com.alibaba.json.bvt.MapRefTest3#test_0,FAIL,NO
com.alibaba.json.bvt.MapRefTest4#test_0,FAIL,NO
com.alibaba.json.bvt.MapRefTest5#test_0,FAIL,NO
com.alibaba.json.bvt.MapRefTest6#test_0,FAIL,NO
com.alibaba.json.bvt.MapTest#test_null,FAIL,NO
com.alibaba.json.bvt.MapTest2#test_map,FAIL,NO
com.alibaba.json.bvt.MaterializedInterfaceTest#test_parse,FAIL,NO
com.alibaba.json.bvt.MaterializedInterfaceTest2#test_parse,FAIL,NO
com.alibaba.json.bvt.NotWriteRootClassNameTest#test_NotWriteRootClassName,FAIL,NO
com.alibaba.json.bvt.NumberFieldTest#test_codec,FAIL,NO
com.alibaba.json.bvt.NumberFieldTest#test_codec_2_asm,FAIL,NO
com.alibaba.json.bvt.NumberFieldTest#test_codec_2_no_asm,FAIL,NO
com.alibaba.json.bvt.NumberFieldTest#test_codec_3_asm,FAIL,NO
com.alibaba.json.bvt.NumberFieldTest#test_codec_3_no_asm,FAIL,NO
com.alibaba.json.bvt.NumberFieldTest#test_codec_cast,FAIL,NO
com.alibaba.json.bvt.NumberFieldTest#test_codec_min_asm,FAIL,NO
com.alibaba.json.bvt.NumberFieldTest#test_codec_min_no_asm,FAIL,NO
com.alibaba.json.bvt.NumberFieldTest#test_codec_no_asm,FAIL,NO
com.alibaba.json.bvt.NumberFieldTest#test_codec_null,FAIL,NO
com.alibaba.json.bvt.NumberFieldTest#test_codec_null_1,FAIL,NO
com.alibaba.json.bvt.NumberFieldTest#test_codec_null_1_asm,FAIL,NO
com.alibaba.json.bvt.OOMTest#test_oom,FAIL,NO
com.alibaba.json.bvt.ObjectArrayFieldTest#test_codec_null,FAIL,NO
com.alibaba.json.bvt.ObjectArrayFieldTest#test_codec_null_1,FAIL,NO
com.alibaba.json.bvt.ObjectFieldTest#test_codec_null,FAIL,NO
com.alibaba.json.bvt.ObjectFieldTest#test_codec_null_1,FAIL,NO
com.alibaba.json.bvt.OverriadeTest#test_override,FAIL,NO
com.alibaba.json.bvt.ParseArrayTest#test_0,FAIL,NO
com.alibaba.json.bvt.ParseArrayTest#test_1,FAIL,NO
com.alibaba.json.bvt.ParseArrayTest#test_2,FAIL,NO
com.alibaba.json.bvt.PatternFieldTest#test_codec,FAIL,NO
com.alibaba.json.bvt.PatternFieldTest#test_codec_null,FAIL,NO
com.alibaba.json.bvt.PointTest#test_color,FAIL,NO
com.alibaba.json.bvt.PointTest#test_color_2,FAIL,NO
com.alibaba.json.bvt.PointTest2#test_point,FAIL,NO
com.alibaba.json.bvt.PointTest2#test_point2,FAIL,NO
com.alibaba.json.bvt.PublicFieldDoubleTest#test_codec,FAIL,NO
com.alibaba.json.bvt.PublicFieldDoubleTest#test_nan,FAIL,NO
com.alibaba.json.bvt.PublicFieldFloatTest#test_codec,FAIL,NO
com.alibaba.json.bvt.PublicFieldLongTest#test_codec,FAIL,NO
com.alibaba.json.bvt.PublicFieldStringTest#test_codec,FAIL,NO
com.alibaba.json.bvt.RectangleTest#test_color,FAIL,NO
com.alibaba.json.bvt.SerializeEnumAsJavaBeanTest#test_field,FAIL,NO
com.alibaba.json.bvt.SerializeEnumAsJavaBeanTest#test_field_2,FAIL,NO
com.alibaba.json.bvt.SerializeEnumAsJavaBeanTest#test_serializeEnumAsJavaBean,FAIL,NO
com.alibaba.json.bvt.SerializeEnumAsJavaBeanTest_manual#test_field,FAIL,NO
com.alibaba.json.bvt.SerializeEnumAsJavaBeanTest_manual#test_serializeEnumAsJavaBean,FAIL,NO
com.alibaba.json.bvt.SerializeEnumAsJavaBeanTest_private#test_field,FAIL,NO
com.alibaba.json.bvt.SerializeEnumAsJavaBeanTest_private#test_field_2,FAIL,NO
com.alibaba.json.bvt.SerializeEnumAsJavaBeanTest_private#test_serializeEnumAsJavaBean,FAIL,NO
com.alibaba.json.bvt.SerializeWriterTest#test_0,FAIL,NO
com.alibaba.json.bvt.SerializeWriterTest#test_1,FAIL,NO
com.alibaba.json.bvt.SerializeWriterTest#test_4,FAIL,NO
com.alibaba.json.bvt.SerializeWriterTest#test_5,FAIL,NO
com.alibaba.json.bvt.SerializeWriterTest#test_6,FAIL,NO
com.alibaba.json.bvt.ServiceLoaderTest#test_0,FAIL,NO
com.alibaba.json.bvt.ShortArrayFieldTest_primitive#test_array,FAIL,NO
com.alibaba.json.bvt.ShortArrayFieldTest_primitive#test_codec_null,FAIL,NO
com.alibaba.json.bvt.ShortArrayFieldTest_primitive#test_codec_null_1,FAIL,NO
com.alibaba.json.bvt.SlashTest#test_0,FAIL,NO
com.alibaba.json.bvt.SpecialKeyTest#test_0,FAIL,NO
com.alibaba.json.bvt.SpecialKeyTest2#test_0,FAIL,NO
com.alibaba.json.bvt.SqlDateTest1#test_date,PASS,YES
com.alibaba.json.bvt.StringBufferFieldTest#test_codec_null,FAIL,NO
com.alibaba.json.bvt.StringBufferFieldTest#test_codec_null_1,FAIL,NO
com.alibaba.json.bvt.StringBufferFieldTest#test_deserialize_1,FAIL,NO
com.alibaba.json.bvt.StringBufferFieldTest#test_deserialize_2,FAIL,NO
com.alibaba.json.bvt.StringBufferFieldTest#test_deserialize_3,FAIL,NO
com.alibaba.json.bvt.StringBufferFieldTest#test_deserialize_4,FAIL,NO
com.alibaba.json.bvt.StringBuilderFieldTest#test_codec_null,FAIL,NO
com.alibaba.json.bvt.StringBuilderFieldTest#test_codec_null_1,FAIL,NO
com.alibaba.json.bvt.StringBuilderFieldTest#test_deserialize_1,FAIL,NO
com.alibaba.json.bvt.StringBuilderFieldTest#test_deserialize_2,FAIL,NO
com.alibaba.json.bvt.StringBuilderFieldTest#test_deserialize_3,FAIL,NO
com.alibaba.json.bvt.StringBuilderFieldTest#test_deserialize_4,FAIL,NO
com.alibaba.json.bvt.StringDeserializerTest#test_0,FAIL,NO
com.alibaba.json.bvt.StringDeserializerTest#test_StringBuffer,FAIL,NO
com.alibaba.json.bvt.StringDeserializerTest#test_StringBuilder,FAIL,NO
com.alibaba.json.bvt.StringFieldTest#test_codec_null,FAIL,NO
com.alibaba.json.bvt.StringFieldTest#test_codec_null_1,FAIL,NO
com.alibaba.json.bvt.StringFieldTest2#test_codec_null_1,FAIL,NO
com.alibaba.json.bvt.StringFieldTest_special#test_special,FAIL,NO
com.alibaba.json.bvt.StringFieldTest_special#test_special_2,FAIL,NO
com.alibaba.json.bvt.StringFieldTest_special_1#test_special,FAIL,NO
com.alibaba.json.bvt.StringFieldTest_special_1#test_special_browsecompatible,FAIL,NO
com.alibaba.json.bvt.StringFieldTest_special_1#test_special_browsecue,FAIL,NO
com.alibaba.json.bvt.StringFieldTest_special_2#test_special,FAIL,NO
com.alibaba.json.bvt.StringFieldTest_special_2#test_special_browsecompatible,FAIL,NO
com.alibaba.json.bvt.StringFieldTest_special_2#test_special_browsecue,FAIL,NO
com.alibaba.json.bvt.StringFieldTest_special_3#test_special,FAIL,NO
com.alibaba.json.bvt.StringFieldTest_special_3#test_special_browsecompatible,FAIL,NO
com.alibaba.json.bvt.StringFieldTest_special_3#test_special_browsecue,FAIL,NO
com.alibaba.json.bvt.StringFieldTest_special_reader#test_special,FAIL,NO
com.alibaba.json.bvt.StringFieldTest_special_reader#test_special_2,FAIL,NO
com.alibaba.json.bvt.StringFieldTest_special_singquote#test_special,FAIL,NO
com.alibaba.json.bvt.StringFieldTest_special_singquote#test_special_browsecompatible,FAIL,NO
com.alibaba.json.bvt.StringFieldTest_special_singquote#test_special_browsecue,FAIL,NO
com.alibaba.json.bvt.SymbolTableTest#test_symbol,FAIL,NO
com.alibaba.json.bvt.TabCharTest#test_0,FAIL,NO
com.alibaba.json.bvt.TestDeprecate#test_0,FAIL,NO
com.alibaba.json.bvt.TestExternal#test_0,FAIL,NO
com.alibaba.json.bvt.TestExternal2#test_0,FAIL,NO
com.alibaba.json.bvt.TestExternal3#test_0,FAIL,NO
com.alibaba.json.bvt.TestExternal4#test_0,FAIL,NO
com.alibaba.json.bvt.TestExternal5#test_0,FAIL,NO
com.alibaba.json.bvt.TestExternal6#test_0,FAIL,NO
com.alibaba.json.bvt.TestFlase#test_0,FAIL,NO
com.alibaba.json.bvt.TestForEmoji#test_0,FAIL,NO
com.alibaba.json.bvt.TestForEmoji#test_zh,FAIL,NO
com.alibaba.json.bvt.TestForPascalStyle#test_for_pascal_style,FAIL,NO
com.alibaba.json.bvt.TestMultiLevelClass#test_codec,FAIL,NO
com.alibaba.json.bvt.TestMultiLevelClass2#test_codec,FAIL,NO
com.alibaba.json.bvt.TestNullKeyMap#test_0,FAIL,NO
com.alibaba.json.bvt.TestSerializable#test_codec,FAIL,NO
com.alibaba.json.bvt.TestTimeUnit#test_0,FAIL,NO
com.alibaba.json.bvt.TimeZoneFieldTest#test_codec,FAIL,NO
com.alibaba.json.bvt.TimeZoneFieldTest#test_codec_null,FAIL,NO
com.alibaba.json.bvt.TimestampTest#test_0,PASS,YES
com.alibaba.json.bvt.TypeUtilstTest#test_0,FAIL,NO
com.alibaba.json.bvt.URIFieldTest#test_codec,FAIL,NO
com.alibaba.json.bvt.URIFieldTest#test_codec_null,FAIL,NO
com.alibaba.json.bvt.URLFieldTest#test_codec,FAIL,NO
com.alibaba.json.bvt.URLFieldTest#test_codec_null,FAIL,NO
com.alibaba.json.bvt.UUIDFieldTest#test_codec,FAIL,NO
com.alibaba.json.bvt.UUIDFieldTest#test_codec_null,FAIL,NO
com.alibaba.json.bvt.UnQuoteFieldNamesTest#test_for_issue,FAIL,NO
com.alibaba.json.bvt.WildcardTypeTest#test_for_wildcardType,FAIL,NO
com.alibaba.json.bvt.WriteClassNameTest#test_0,FAIL,NO
com.alibaba.json.bvt.WriteClassNameTest2#test_0,FAIL,NO
com.alibaba.json.bvt.XX01#test_for_xx,FAIL,NO
com.alibaba.json.bvt.annotation.AnnotationTest#test_annoation,FAIL,NO
com.alibaba.json.bvt.annotation.CustomDeserializerTest#test_0,FAIL,NO
com.alibaba.json.bvt.annotation.CustomSerializerTest#test_0,FAIL,NO
com.alibaba.json.bvt.annotation.CustomSerializerTest_enum#test_0,FAIL,NO
com.alibaba.json.bvt.annotation.DeserializeUsingTest#test_deserializeUsing,FAIL,NO
com.alibaba.json.bvt.annotation.JSONTypejsonType_alphabetic_Test#test_alphabetic_notSet,FAIL,NO
com.alibaba.json.bvt.annotation.JSONTypejsonType_alphabetic_Test#test_alphabetic_true,FAIL,NO
com.alibaba.json.bvt.annotation.JsonSeeAlsoTest#test_seeAlso_cat,FAIL,NO
com.alibaba.json.bvt.annotation.JsonSeeAlsoTest#test_seeAlso_dog,FAIL,NO
com.alibaba.json.bvt.annotation.JsonSeeAlsoTest#test_seeAlso_tidy,FAIL,NO
com.alibaba.json.bvt.annotation.SerializeUsingTest#test_annotation,FAIL,NO
com.alibaba.json.bvt.annotation.SerializeUsingWhenString#test_annotation,FAIL,NO
com.alibaba.json.bvt.asm.ASMDeserTest#test_ArrayList,FAIL,NO
com.alibaba.json.bvt.asm.ASMDeserTest#test_codec,FAIL,NO
com.alibaba.json.bvt.asm.ASMDeserTest#test_codec_1,FAIL,NO
com.alibaba.json.bvt.asm.ASMDeserTest#test_error,FAIL,NO
com.alibaba.json.bvt.asm.ASMDeserTest2#test_codec_1,FAIL,NO
com.alibaba.json.bvt.asm.ASMUtilsTest#test_getDescs,FAIL,NO
com.alibaba.json.bvt.asm.ASMUtilsTest#test_getType_null,FAIL,NO
com.alibaba.json.bvt.asm.ASMUtilsTest#test_isAnroid,FAIL,NO
com.alibaba.json.bvt.asm.Case0#test_0,FAIL,NO
com.alibaba.json.bvt.asm.Case_Eishay#test_0,FAIL,NO
com.alibaba.json.bvt.asm.ClassReaderTest#test_read,FAIL,NO
com.alibaba.json.bvt.asm.Huge_200_ClassTest#test_huge,FAIL,NO
com.alibaba.json.bvt.asm.Huge_300_ClassTest#test_huge,FAIL,NO
com.alibaba.json.bvt.asm.JSONASMUtilTest#test_1,FAIL,NO
com.alibaba.json.bvt.asm.JSONASMUtilTest#test_error_1,FAIL,NO
com.alibaba.json.bvt.asm.LoopTest#test_loop,FAIL,NO
com.alibaba.json.bvt.asm.SortFieldTest#test_0,FAIL,NO
com.alibaba.json.bvt.asm.SortFieldTest#test_1,FAIL,NO
com.alibaba.json.bvt.asm.TestList#test_0,FAIL,NO
com.alibaba.json.bvt.asm.TestNonASM#test_error,FAIL,NO
com.alibaba.json.bvt.asm.TestNonASM#test_no_asm,FAIL,NO
com.alibaba.json.bvt.asm.TestType#test_getType,FAIL,NO
com.alibaba.json.bvt.atomic.AtomicBooleanReadOnlyTest#test_codec_null,FAIL,NO
com.alibaba.json.bvt.atomic.AtomicIntegerArrayFieldTest#test_codec_null,FAIL,NO
com.alibaba.json.bvt.atomic.AtomicIntegerArrayFieldTest#test_codec_null_1,FAIL,NO
com.alibaba.json.bvt.atomic.AtomicIntegerArrayFieldTest#test_codec_null_2,FAIL,NO
com.alibaba.json.bvt.atomic.AtomicIntegerReadOnlyTest#test_codec_null,FAIL,NO
com.alibaba.json.bvt.atomic.AtomicLongArrayFieldTest#test_codec_null,FAIL,NO
com.alibaba.json.bvt.atomic.AtomicLongArrayFieldTest#test_codec_null_1,FAIL,NO
com.alibaba.json.bvt.atomic.AtomicLongArrayFieldTest#test_codec_null_2,FAIL,NO
com.alibaba.json.bvt.atomic.AtomicLongReadOnlyTest#test_codec_null,FAIL,NO
com.alibaba.json.bvt.awt.ColorTest#test_color,FAIL,NO
com.alibaba.json.bvt.awt.ColorTest2#test_color,FAIL,NO
com.alibaba.json.bvt.awt.FontTest#test_color,FAIL,NO
com.alibaba.json.bvt.awt.FontTest2#test_color,FAIL,NO
com.alibaba.json.bvt.basicType.DoubleNullTest#test_null,FAIL,NO
com.alibaba.json.bvt.basicType.DoubleNullTest#test_null_1,FAIL,NO
com.alibaba.json.bvt.basicType.DoubleNullTest#test_null_1_quote,FAIL,NO
com.alibaba.json.bvt.basicType.DoubleNullTest#test_null_array,FAIL,NO
com.alibaba.json.bvt.basicType.DoubleNullTest#test_null_array_reader,FAIL,NO
com.alibaba.json.bvt.basicType.DoubleNullTest#test_null_quote,FAIL,NO
com.alibaba.json.bvt.basicType.DoubleNullTest_primitive#test_null,FAIL,NO
com.alibaba.json.bvt.basicType.DoubleNullTest_primitive#test_null_1,FAIL,NO
com.alibaba.json.bvt.basicType.DoubleNullTest_primitive#test_null_2,FAIL,NO
com.alibaba.json.bvt.basicType.DoubleTest#test_array_mapping,FAIL,NO
com.alibaba.json.bvt.basicType.DoubleTest#test_obj,FAIL,NO
com.alibaba.json.bvt.basicType.DoubleTest2_obj#test_array_mapping,FAIL,NO
com.alibaba.json.bvt.basicType.DoubleTest2_obj#test_obj,FAIL,NO
com.alibaba.json.bvt.basicType.FloatNullTest#test_null,FAIL,NO
com.alibaba.json.bvt.basicType.FloatNullTest#test_null_1,FAIL,NO
com.alibaba.json.bvt.basicType.FloatNullTest#test_null_1_quote,FAIL,NO
com.alibaba.json.bvt.basicType.FloatNullTest#test_null_array,FAIL,NO
com.alibaba.json.bvt.basicType.FloatNullTest#test_null_array_reader,FAIL,NO
com.alibaba.json.bvt.basicType.FloatNullTest#test_null_quote,FAIL,NO
com.alibaba.json.bvt.basicType.FloatNullTest_primitive#test_null,FAIL,NO
com.alibaba.json.bvt.basicType.FloatNullTest_primitive#test_null_1,FAIL,NO
com.alibaba.json.bvt.basicType.FloatNullTest_primitive#test_null_2,FAIL,NO
com.alibaba.json.bvt.basicType.FloatTest#test_0,FAIL,NO
com.alibaba.json.bvt.basicType.FloatTest#test_array_mapping,FAIL,NO
com.alibaba.json.bvt.basicType.FloatTest2_obj#test_0,FAIL,NO
com.alibaba.json.bvt.basicType.FloatTest2_obj#test_array_mapping,FAIL,NO
com.alibaba.json.bvt.basicType.IntNullTest_primitive#test_null,FAIL,NO
com.alibaba.json.bvt.basicType.IntNullTest_primitive#test_null_1,FAIL,NO
com.alibaba.json.bvt.basicType.IntNullTest_primitive#test_null_2,FAIL,NO
com.alibaba.json.bvt.basicType.IntTest#test_array,FAIL,NO
com.alibaba.json.bvt.basicType.IntTest#test_map,FAIL,NO
com.alibaba.json.bvt.basicType.IntegerNullTest#test_null,FAIL,NO
com.alibaba.json.bvt.basicType.IntegerNullTest#test_null_1,FAIL,NO
com.alibaba.json.bvt.basicType.IntegerNullTest#test_null_1_quote,FAIL,NO
com.alibaba.json.bvt.basicType.IntegerNullTest#test_null_array,FAIL,NO
com.alibaba.json.bvt.basicType.IntegerNullTest#test_null_array_reader,FAIL,NO
com.alibaba.json.bvt.basicType.IntegerNullTest#test_null_array_reader_1,FAIL,NO
com.alibaba.json.bvt.basicType.IntegerNullTest#test_null_quote,FAIL,NO
com.alibaba.json.bvt.basicType.LongNullTest#test_null,FAIL,NO
com.alibaba.json.bvt.basicType.LongNullTest#test_null_1,FAIL,NO
com.alibaba.json.bvt.basicType.LongNullTest#test_null_1_quote,FAIL,NO
com.alibaba.json.bvt.basicType.LongNullTest#test_null_array,FAIL,NO
com.alibaba.json.bvt.basicType.LongNullTest#test_null_array_reader,FAIL,NO
com.alibaba.json.bvt.basicType.LongNullTest#test_null_array_reader_1,FAIL,NO
com.alibaba.json.bvt.basicType.LongNullTest#test_null_quote,FAIL,NO
com.alibaba.json.bvt.basicType.LongNullTest_primitive#test_null,FAIL,NO
com.alibaba.json.bvt.basicType.LongNullTest_primitive#test_null_1,FAIL,NO
com.alibaba.json.bvt.basicType.LongNullTest_primitive#test_null_2,FAIL,NO
com.alibaba.json.bvt.basicType.LongTest#test_array,FAIL,NO
com.alibaba.json.bvt.basicType.LongTest#test_map,FAIL,NO
com.alibaba.json.bvt.basicType.LongTest2#test_0,FAIL,NO
com.alibaba.json.bvt.basicType.LongTest2#test_1,FAIL,NO
com.alibaba.json.bvt.basicType.LongTest2#test_2,FAIL,NO
com.alibaba.json.bvt.basicType.LongTest2_obj#test_0,FAIL,NO
com.alibaba.json.bvt.basicType.LongTest2_obj#test_1,FAIL,NO
com.alibaba.json.bvt.basicType.LongTest2_obj#test_2,FAIL,NO
com.alibaba.json.bvt.basicType.LongTest_browserCompatible#test_array,FAIL,NO
com.alibaba.json.bvt.basicType.LongTest_browserCompatible#test_array_writer,FAIL,NO
com.alibaba.json.bvt.basicType.LongTest_browserCompatible#test_array_writer_2,FAIL,NO
com.alibaba.json.bvt.basicType.LongTest_browserCompatible#test_map,FAIL,NO
com.alibaba.json.bvt.bug.Bug1#testToEntry2,FAIL,NO
com.alibaba.json.bvt.bug.Bug11#test_bug11,FAIL,NO
com.alibaba.json.bvt.bug.Bug13#test_0,FAIL,NO
com.alibaba.json.bvt.bug.Bug14#test_0,FAIL,NO
com.alibaba.json.bvt.bug.Bug2#test_0,FAIL,NO
com.alibaba.json.bvt.bug.Bug_10#test_0,FAIL,NO
com.alibaba.json.bvt.bug.Bug_10#test_1,FAIL,NO
com.alibaba.json.bvt.bug.Bug_101_for_rongganlin#test_for_bug,FAIL,NO
com.alibaba.json.bvt.bug.Bug_101_for_rongganlin_case2#test_for_bug,FAIL,NO
com.alibaba.json.bvt.bug.Bug_101_for_rongganlin_case3#test_for_bug,FAIL,NO
com.alibaba.json.bvt.bug.Bug_102_for_rongganlin#test_bug,FAIL,NO
com.alibaba.json.bvt.bug.Bug_105_for_SpitFire#test_listErrorTest,FAIL,NO
com.alibaba.json.bvt.bug.Bug_127_for_qiuyan81#test_parserError,FAIL,NO
com.alibaba.json.bvt.bug.Bug_127_for_qiuyan81#test_parserUndefined,FAIL,NO
com.alibaba.json.bvt.bug.Bug_127_for_qiuyan81#test_parserUndefined_array,FAIL,NO
com.alibaba.json.bvt.bug.Bug_127_for_qiuyan81#test_parserUndefined_b,FAIL,NO
com.alibaba.json.bvt.bug.Bug_127_for_qiuyan81#test_parserUndefined_comma,FAIL,NO
com.alibaba.json.bvt.bug.Bug_127_for_qiuyan81#test_parserUndefined_f,FAIL,NO
com.alibaba.json.bvt.bug.Bug_127_for_qiuyan81#test_parserUndefined_field,FAIL,NO
com.alibaba.json.bvt.bug.Bug_127_for_qiuyan81#test_parserUndefined_n,FAIL,NO
com.alibaba.json.bvt.bug.Bug_127_for_qiuyan81#test_parserUndefined_r,FAIL,NO
com.alibaba.json.bvt.bug.Bug_127_for_qiuyan81#test_parserUndefined_single,FAIL,NO
com.alibaba.json.bvt.bug.Bug_127_for_qiuyan81#test_parserUndefined_space,FAIL,NO
com.alibaba.json.bvt.bug.Bug_127_for_qiuyan81#test_parserUndefined_t,FAIL,NO
com.alibaba.json.bvt.bug.Bug_376_for_iso8601#test_fix,FAIL,NO
com.alibaba.json.bvt.bug.Bug_6#test_bug6,FAIL,NO
com.alibaba.json.bvt.bug.Bug_7#test_AtomicIntegerArray,FAIL,NO
com.alibaba.json.bvt.bug.Bug_7#test_AtomicLongArray,FAIL,NO
com.alibaba.json.bvt.bug.Bug_7#test_bigintegerArray,FAIL,NO
com.alibaba.json.bvt.bug.Bug_7#test_doubleArray,FAIL,NO
com.alibaba.json.bvt.bug.Bug_7#test_floatArray,FAIL,NO
com.alibaba.json.bvt.bug.Bug_8#test_0,FAIL,NO
com.alibaba.json.bvt.bug.Bug_KimShen#test_0,FAIL,NO
com.alibaba.json.bvt.bug.Bug_for_42283905#test_0,FAIL,NO
com.alibaba.json.bvt.bug.Bug_for_42283905_1#test_0,FAIL,NO
com.alibaba.json.bvt.bug.Bug_for_80108116#test_for_dateFormat,PASS,YES
com.alibaba.json.bvt.bug.Bug_for_ArrayMember#test_arrayMember,FAIL,NO
com.alibaba.json.bvt.bug.Bug_for_BlankRain_Issue_502#test_for_issue,FAIL,NO
com.alibaba.json.bvt.bug.Bug_for_DiffType#test_for_diff_type,FAIL,NO
com.alibaba.json.bvt.bug.Bug_for_Double2Tag#test_double,FAIL,NO
com.alibaba.json.bvt.bug.Bug_for_Exception#test_exception,FAIL,NO
com.alibaba.json.bvt.bug.Bug_for_Issue_519#test_issue,FAIL,NO
com.alibaba.json.bvt.bug.Bug_for_Issue_534#test_for_issue,FAIL,NO
com.alibaba.json.bvt.bug.Bug_for_Issue_534#test_for_issue_1,FAIL,NO
com.alibaba.json.bvt.bug.Bug_for_Issue_535#test_for_issue,FAIL,NO
com.alibaba.json.bvt.bug.Bug_for_Issue_603#test_for_issue,FAIL,NO
com.alibaba.json.bvt.bug.Bug_for_JSONObject#test_0,FAIL,NO
com.alibaba.json.bvt.bug.Bug_for_Jay#test_for_jay,FAIL,NO
com.alibaba.json.bvt.bug.Bug_for_Jay_1#test_bug,FAIL,NO
com.alibaba.json.bvt.bug.Bug_for_JeryZeng#test_0,FAIL,NO
com.alibaba.json.bvt.bug.Bug_for_Johnny#test_bug,FAIL,NO
com.alibaba.json.bvt.bug.Bug_for_Next#testPrimitiveArray,FAIL,NO
com.alibaba.json.bvt.bug.Bug_for_NonStringKeyMap#test_1,FAIL,NO
com.alibaba.json.bvt.bug.Bug_for_NonStringKeyMap#test_bug,FAIL,NO
com.alibaba.json.bvt.bug.Bug_for_O_I_See_you#test_bug,FAIL,NO
com.alibaba.json.bvt.bug.Bug_for_SpitFire#test_for_spitFire,FAIL,NO
com.alibaba.json.bvt.bug.Bug_for_SpitFire_2#test_for_SpringFire,FAIL,NO
com.alibaba.json.bvt.bug.Bug_for_SpitFire_3#test_for_SpitFire,FAIL,NO
com.alibaba.json.bvt.bug.Bug_for_SpitFire_4#test_for_SpitFire,FAIL,NO
com.alibaba.json.bvt.bug.Bug_for_SpitFire_5#test_for_SpitFire,FAIL,NO
com.alibaba.json.bvt.bug.Bug_for_SpitFire_6#test_ref,FAIL,NO
com.alibaba.json.bvt.bug.Bug_for_agapple#test_for_agapple,FAIL,NO
com.alibaba.json.bvt.bug.Bug_for_agapple_2#test_bug,FAIL,NO
com.alibaba.json.bvt.bug.Bug_for_akvadrako#testNakedFields,FAIL,NO
com.alibaba.json.bvt.bug.Bug_for_alibank#test_bug,FAIL,NO
com.alibaba.json.bvt.bug.Bug_for_apollo0317#test_for_apollo0317,FAIL,NO
com.alibaba.json.bvt.bug.Bug_for_array#test_array,FAIL,NO
com.alibaba.json.bvt.bug.Bug_for_ascii_0_31#test_0,FAIL,NO
com.alibaba.json.bvt.bug.Bug_for_bbl#test_bug,FAIL,NO
com.alibaba.json.bvt.bug.Bug_for_booleanField#test_boolean,FAIL,NO
com.alibaba.json.bvt.bug.Bug_for_builder#test_for_longBuilderMethod,FAIL,NO
com.alibaba.json.bvt.bug.Bug_for_cduym#test0,FAIL,NO
com.alibaba.json.bvt.bug.Bug_for_cduym#test1,FAIL,NO
com.alibaba.json.bvt.bug.Bug_for_chengchao#test_0,FAIL,NO
com.alibaba.json.bvt.bug.Bug_for_chengyi#test_0,FAIL,NO
com.alibaba.json.bvt.bug.Bug_for_cnhans#test_0,PASS,YES
com.alibaba.json.bvt.bug.Bug_for_cnhans#test_format,PASS,YES
com.alibaba.json.bvt.bug.Bug_for_cnhans#test_iso_format,PASS,YES
com.alibaba.json.bvt.bug.Bug_for_cnhans#test_toJavaObject,PASS,YES
com.alibaba.json.bvt.bug.Bug_for_dargoner#test_0,FAIL,NO
com.alibaba.json.bvt.bug.Bug_for_divde_zero#test_divideZero,FAIL,NO
com.alibaba.json.bvt.bug.Bug_for_dongqi#test_bug,FAIL,NO
com.alibaba.json.bvt.bug.Bug_for_dragoon#test_for_dragoon,FAIL,NO
com.alibaba.json.bvt.bug.Bug_for_dragoon26#test_0,FAIL,NO
com.alibaba.json.bvt.bug.Bug_for_dragoon26_1#test_0,FAIL,NO
com.alibaba.json.bvt.bug.Bug_for_dubbo#test_0,FAIL,NO
com.alibaba.json.bvt.bug.Bug_for_dubbo1#test_0,FAIL,NO
com.alibaba.json.bvt.bug.Bug_for_dubbo2#test_emptyHashMap,FAIL,NO
com.alibaba.json.bvt.bug.Bug_for_dubbo3#test_0,FAIL,NO
com.alibaba.json.bvt.bug.Bug_for_dubbo_long#test_0,FAIL,NO
com.alibaba.json.bvt.bug.Bug_for_field#test_annotation,FAIL,NO
com.alibaba.json.bvt.bug.Bug_for_franklee77#test_0,FAIL,NO
com.alibaba.json.bvt.bug.Bug_for_fushou#test_case1,FAIL,NO
com.alibaba.json.bvt.bug.Bug_for_fushou#test_case2,FAIL,NO
com.alibaba.json.bvt.bug.Bug_for_generic#test,FAIL,NO
com.alibaba.json.bvt.bug.Bug_for_generic_1#test,FAIL,NO
com.alibaba.json.bvt.bug.Bug_for_generic_huansi#test_for_issue,FAIL,NO
com.alibaba.json.bvt.bug.Bug_for_gongwenhua#test_0,FAIL,NO
com.alibaba.json.bvt.bug.Bug_for_hifor_issue_511#test_for_issue,FAIL,NO
com.alibaba.json.bvt.bug.Bug_for_hmy8#test_ser,FAIL,NO
com.alibaba.json.bvt.bug.Bug_for_huangchun#test_serialize_url,FAIL,NO
com.alibaba.json.bvt.bug.Bug_for_huling#test_for_0,FAIL,NO
com.alibaba.json.bvt.bug.Bug_for_huling#test_for_1,FAIL,NO
com.alibaba.json.bvt.bug.Bug_for_huling#test_for_2028,FAIL,NO
com.alibaba.json.bvt.bug.Bug_for_huling#test_for_2029,FAIL,NO
com.alibaba.json.bvt.bug.Bug_for_issue_184#test_for_issue,FAIL,NO
com.alibaba.json.bvt.bug.Bug_for_issue_229#test_for_issue,FAIL,NO
com.alibaba.json.bvt.bug.Bug_for_issue_232#test_for_issue,FAIL,NO
com.alibaba.json.bvt.bug.Bug_for_issue_236#test_for_issue,FAIL,NO
com.alibaba.json.bvt.bug.Bug_for_issue_242#test_true,FAIL,NO
com.alibaba.json.bvt.bug.Bug_for_issue_252#test_for_issue,FAIL,NO
com.alibaba.json.bvt.bug.Bug_for_issue_253#test_for_issue,FAIL,NO
com.alibaba.json.bvt.bug.Bug_for_issue_256#test_for_issue,FAIL,NO
com.alibaba.json.bvt.bug.Bug_for_issue_262#test_for_issue,FAIL,NO
com.alibaba.json.bvt.bug.Bug_for_issue_265#test_for_issue,FAIL,NO
com.alibaba.json.bvt.bug.Bug_for_issue_265#test_for_issue_decode,FAIL,NO
com.alibaba.json.bvt.bug.Bug_for_issue_268#test_for_issue,FAIL,NO
com.alibaba.json.bvt.bug.Bug_for_issue_268#test_for_issue_private,FAIL,NO
com.alibaba.json.bvt.bug.Bug_for_issue_269#test_for_issue,FAIL,NO
com.alibaba.json.bvt.bug.Bug_for_issue_273#test_for_issue,FAIL,NO
com.alibaba.json.bvt.bug.Bug_for_issue_278#test_for_issue,FAIL,NO
com.alibaba.json.bvt.bug.Bug_for_issue_278#test_for_issue_decode,FAIL,NO
com.alibaba.json.bvt.bug.Bug_for_issue_280#test_for_issue,FAIL,NO
com.alibaba.json.bvt.bug.Bug_for_issue_283#test_for_issue,FAIL,NO
com.alibaba.json.bvt.bug.Bug_for_issue_285#test_for_issue,FAIL,NO
com.alibaba.json.bvt.bug.Bug_for_issue_291#test_for_issue,FAIL,NO
com.alibaba.json.bvt.bug.Bug_for_issue_291#test_for_issue_private,FAIL,NO
com.alibaba.json.bvt.bug.Bug_for_issue_296#test_for_issue,FAIL,NO
com.alibaba.json.bvt.bug.Bug_for_issue_296#test_for_issue_127,FAIL,NO
com.alibaba.json.bvt.bug.Bug_for_issue_296#test_for_issue_space,FAIL,NO
com.alibaba.json.bvt.bug.Bug_for_issue_297#test_for_issue,FAIL,NO
com.alibaba.json.bvt.bug.Bug_for_issue_304#test_doubleQuote,FAIL,NO
com.alibaba.json.bvt.bug.Bug_for_issue_304#test_doubleQuote_vo,FAIL,NO
com.alibaba.json.bvt.bug.Bug_for_issue_304#test_doubleQuote_vo_private,FAIL,NO
com.alibaba.json.bvt.bug.Bug_for_issue_304#test_singleQuote,FAIL,NO
com.alibaba.json.bvt.bug.Bug_for_issue_304#test_singleQuote_vo,FAIL,NO
com.alibaba.json.bvt.bug.Bug_for_issue_316#test_for_issue,PASS,YES
com.alibaba.json.bvt.bug.Bug_for_issue_318#test_for_issue,FAIL,NO
com.alibaba.json.bvt.bug.Bug_for_issue_320#test_for_issue,FAIL,NO
com.alibaba.json.bvt.bug.Bug_for_issue_330#test_for_issue,FAIL,NO
com.alibaba.json.bvt.bug.Bug_for_issue_331#test_for_issue,PASS,YES
com.alibaba.json.bvt.bug.Bug_for_issue_336#test_for_issue,FAIL,NO
com.alibaba.json.bvt.bug.Bug_for_issue_349#test_for_issue,FAIL,NO
com.alibaba.json.bvt.bug.Bug_for_issue_352#test_for_issue,FAIL,NO
com.alibaba.json.bvt.bug.Bug_for_issue_364#test_for_issue,FAIL,NO
com.alibaba.json.bvt.bug.Bug_for_issue_372#test_for_issue,FAIL,NO
com.alibaba.json.bvt.bug.Bug_for_issue_383#test_for_issue,FAIL,NO
com.alibaba.json.bvt.bug.Bug_for_issue_389#test_for_issue,FAIL,NO
com.alibaba.json.bvt.bug.Bug_for_issue_389#test_for_issue_1,FAIL,NO
com.alibaba.json.bvt.bug.Bug_for_issue_414#test_for_issue,FAIL,NO
com.alibaba.json.bvt.bug.Bug_for_issue_415#test_for_issue,FAIL,NO
com.alibaba.json.bvt.bug.Bug_for_issue_423#test_for_issue,FAIL,NO
com.alibaba.json.bvt.bug.Bug_for_issue_426#test_for_issue,FAIL,NO
com.alibaba.json.bvt.bug.Bug_for_issue_426#test_for_issue_float,FAIL,NO
com.alibaba.json.bvt.bug.Bug_for_issue_426#test_for_issue_int,FAIL,NO
com.alibaba.json.bvt.bug.Bug_for_issue_426#test_for_issue_long,FAIL,NO
com.alibaba.json.bvt.bug.Bug_for_issue_427#test_for_issue,FAIL,NO
com.alibaba.json.bvt.bug.Bug_for_issue_430#test_for_issue,FAIL,NO
com.alibaba.json.bvt.bug.Bug_for_issue_430#test_for_issue_1,FAIL,NO
com.alibaba.json.bvt.bug.Bug_for_issue_434#test_for_issue,FAIL,NO
com.alibaba.json.bvt.bug.Bug_for_issue_435#test_for_issue,FAIL,NO
com.alibaba.json.bvt.bug.Bug_for_issue_435#test_for_issue_Float,FAIL,NO
com.alibaba.json.bvt.bug.Bug_for_issue_439#test_for_issue,FAIL,NO
com.alibaba.json.bvt.bug.Bug_for_issue_446#test_for_issue,FAIL,NO
com.alibaba.json.bvt.bug.Bug_for_issue_447#test_for_issue,PASS,YES
com.alibaba.json.bvt.bug.Bug_for_issue_448#test_0,FAIL,NO
com.alibaba.json.bvt.bug.Bug_for_issue_448#test_for_issue,FAIL,NO
com.alibaba.json.bvt.bug.Bug_for_issue_449#test_for_issue,FAIL,NO
com.alibaba.json.bvt.bug.Bug_for_issue_457#test_for_issue,FAIL,NO
com.alibaba.json.bvt.bug.Bug_for_issue_462#test_bigint,FAIL,NO
com.alibaba.json.bvt.bug.Bug_for_issue_462#test_int,FAIL,NO
com.alibaba.json.bvt.bug.Bug_for_issue_462#test_long,FAIL,NO
com.alibaba.json.bvt.bug.Bug_for_issue_465#test_for_issue,FAIL,NO
com.alibaba.json.bvt.bug.Bug_for_issue_469#test_for_issue,FAIL,NO
com.alibaba.json.bvt.bug.Bug_for_issue_470#test_for_issue,FAIL,NO
com.alibaba.json.bvt.bug.Bug_for_issue_470#test_for_issue_method,FAIL,NO
com.alibaba.json.bvt.bug.Bug_for_issue_470#test_for_issue_private,FAIL,NO
com.alibaba.json.bvt.bug.Bug_for_issue_479#test_for_issue,FAIL,NO
com.alibaba.json.bvt.bug.Bug_for_issue_479#test_for_issue_blankinput,FAIL,NO
com.alibaba.json.bvt.bug.Bug_for_issue_479#test_for_issue_private,FAIL,NO
com.alibaba.json.bvt.bug.Bug_for_issue_489#test_for_issue,FAIL,NO
com.alibaba.json.bvt.bug.Bug_for_issue_491#test_for_issue,FAIL,NO
com.alibaba.json.bvt.bug.Bug_for_issue_491#test_for_issue_2,FAIL,NO
com.alibaba.json.bvt.bug.Bug_for_issue_492#test_for_issue,FAIL,NO
com.alibaba.json.bvt.bug.Bug_for_issue_537#test_for_issue,FAIL,NO
com.alibaba.json.bvt.bug.Bug_for_issue_537#test_for_issue_method,FAIL,NO
com.alibaba.json.bvt.bug.Bug_for_issue_537#test_for_issue_private,FAIL,NO
com.alibaba.json.bvt.bug.Bug_for_issue_545#test_for_issue,FAIL,NO
com.alibaba.json.bvt.bug.Bug_for_issue_555#test_for_issue,FAIL,NO
com.alibaba.json.bvt.bug.Bug_for_issue_555_setter#test_for_issue,FAIL,NO
com.alibaba.json.bvt.bug.Bug_for_issue_555_setter2#test_for_issue,FAIL,NO
com.alibaba.json.bvt.bug.Bug_for_issue_569#test_for_issue,FAIL,NO
com.alibaba.json.bvt.bug.Bug_for_issue_569_1#test_for_issue,FAIL,NO
com.alibaba.json.bvt.bug.Bug_for_issue_572#test_for_issue,FAIL,NO
com.alibaba.json.bvt.bug.Bug_for_issue_572_field#test_for_issue,FAIL,NO
com.alibaba.json.bvt.bug.Bug_for_issue_572_field2#test_for_issue,FAIL,NO
com.alibaba.json.bvt.bug.Bug_for_issue_572_private#test_for_issue,FAIL,NO
com.alibaba.json.bvt.bug.Bug_for_issue_572_private#test_for_issue_1,FAIL,NO
com.alibaba.json.bvt.bug.Bug_for_issue_630#test_for_issue_empty,FAIL,NO
com.alibaba.json.bvt.bug.Bug_for_issue_630#test_for_issue_null,FAIL,NO
com.alibaba.json.bvt.bug.Bug_for_issue_630#test_for_issue_one,FAIL,NO
com.alibaba.json.bvt.bug.Bug_for_issue_676#test_for_issue,FAIL,NO
com.alibaba.json.bvt.bug.Bug_for_issue_694#test_for_issue,FAIL,NO
com.alibaba.json.bvt.bug.Bug_for_issue_729#test_for_issue,FAIL,NO
com.alibaba.json.bvt.bug.Bug_for_issue_807#test_for_issue,FAIL,NO
com.alibaba.json.bvt.bug.Bug_for_issue_937#test_for_issue,FAIL,NO
com.alibaba.json.bvt.bug.Bug_for_jared1#test_for_jared1,FAIL,NO
com.alibaba.json.bvt.bug.Bug_for_javaeye_litterJava#test_for_bug,FAIL,NO
com.alibaba.json.bvt.bug.Bug_for_jial10802#test_for_jial10802,FAIL,NO
com.alibaba.json.bvt.bug.Bug_for_jiangwei#test_0,FAIL,NO
com.alibaba.json.bvt.bug.Bug_for_jiangwei1#test_JSONArray_double,FAIL,NO
com.alibaba.json.bvt.bug.Bug_for_jiangwei1#test_double,FAIL,NO
com.alibaba.json.bvt.bug.Bug_for_jiangwei2#test_for_jiangwei,FAIL,NO
com.alibaba.json.bvt.bug.Bug_for_jinghui70#test_generic,FAIL,NO
com.alibaba.json.bvt.bug.Bug_for_jinguwei#test_null,FAIL,NO
com.alibaba.json.bvt.bug.Bug_for_json_array#test_bug,FAIL,NO
com.alibaba.json.bvt.bug.Bug_for_jsonobj_null#test_parseObjectNull,FAIL,NO
com.alibaba.json.bvt.bug.Bug_for_juewu#test_str,FAIL,NO
com.alibaba.json.bvt.bug.Bug_for_lenolix#test_FieldMap,FAIL,NO
com.alibaba.json.bvt.bug.Bug_for_lenolix_1#test_0,FAIL,NO
com.alibaba.json.bvt.bug.Bug_for_lenolix_10#test_for_objectKey,FAIL,NO
com.alibaba.json.bvt.bug.Bug_for_lenolix_11#test_for_objectKey,PASS,YES
com.alibaba.json.bvt.bug.Bug_for_lenolix_2#test_0,FAIL,NO
com.alibaba.json.bvt.bug.Bug_for_lenolix_3#test_0,FAIL,NO
com.alibaba.json.bvt.bug.Bug_for_lenolix_4#test_for_arrayKey,FAIL,NO
com.alibaba.json.bvt.bug.Bug_for_lenolix_4#test_for_objectKey,FAIL,NO
com.alibaba.json.bvt.bug.Bug_for_lenolix_5#test_for_objectKey,FAIL,NO
com.alibaba.json.bvt.bug.Bug_for_lenolix_6#test_for_objectKey,FAIL,NO
com.alibaba.json.bvt.bug.Bug_for_lenolix_7#test_for_objectKey,PASS,YES
com.alibaba.json.bvt.bug.Bug_for_lenolix_8#test_for_objectKey,PASS,YES
com.alibaba.json.bvt.bug.Bug_for_lenolix_9#test_for_objectKey,FAIL,NO
com.alibaba.json.bvt.bug.Bug_for_leupom#test_bug,FAIL,NO
com.alibaba.json.bvt.bug.Bug_for_leupom_2#test_0,FAIL,NO
com.alibaba.json.bvt.bug.Bug_for_leupom_3#test_bug,FAIL,NO
com.alibaba.json.bvt.bug.Bug_for_liqing#test_for_issue,FAIL,NO
com.alibaba.json.bvt.bug.Bug_for_liuwanzhen_ren#test_0,FAIL,NO
com.alibaba.json.bvt.bug.Bug_for_liuying#test_for_bug,FAIL,NO
com.alibaba.json.bvt.bug.Bug_for_long_whitespace#test,FAIL,NO
com.alibaba.json.bvt.bug.Bug_for_ludong#test_for_ludong,FAIL,NO
com.alibaba.json.bvt.bug.Bug_for_luogongwu#test_for_issue,FAIL,NO
com.alibaba.json.bvt.bug.Bug_for_maiksagill#test_for_maiksagill,FAIL,NO
com.alibaba.json.bvt.bug.Bug_for_melin#test_for_melin,FAIL,NO
com.alibaba.json.bvt.bug.Bug_for_melin#test_for_melin_,FAIL,NO
com.alibaba.json.bvt.bug.Bug_for_primitive_boolean#test_emptyStr,FAIL,NO
com.alibaba.json.bvt.bug.Bug_for_primitive_boolean#test_null,FAIL,NO
com.alibaba.json.bvt.bug.Bug_for_primitive_boolean#test_strNull,FAIL,NO
com.alibaba.json.bvt.bug.Bug_for_primitive_byte#test_emptyStr,FAIL,NO
com.alibaba.json.bvt.bug.Bug_for_primitive_byte#test_null,FAIL,NO
com.alibaba.json.bvt.bug.Bug_for_primitive_byte#test_strNull,FAIL,NO
com.alibaba.json.bvt.bug.Bug_for_primitive_double#test_emptyStr,FAIL,NO
com.alibaba.json.bvt.bug.Bug_for_primitive_double#test_null,FAIL,NO
com.alibaba.json.bvt.bug.Bug_for_primitive_double#test_strNull,FAIL,NO
com.alibaba.json.bvt.bug.Bug_for_primitive_float#test_emptyStr,FAIL,NO
com.alibaba.json.bvt.bug.Bug_for_primitive_float#test_null,FAIL,NO
com.alibaba.json.bvt.bug.Bug_for_primitive_float#test_strNull,FAIL,NO
com.alibaba.json.bvt.bug.Bug_for_primitive_int#test_emptyStr,FAIL,NO
com.alibaba.json.bvt.bug.Bug_for_primitive_int#test_null,FAIL,NO
com.alibaba.json.bvt.bug.Bug_for_primitive_int#test_strNull,FAIL,NO
com.alibaba.json.bvt.bug.Bug_for_primitive_long#test_emptyStr,FAIL,NO
com.alibaba.json.bvt.bug.Bug_for_primitive_long#test_null,FAIL,NO
com.alibaba.json.bvt.bug.Bug_for_primitive_long#test_strNull,FAIL,NO
com.alibaba.json.bvt.bug.Bug_for_primitive_short#test_emptyStr,FAIL,NO
com.alibaba.json.bvt.bug.Bug_for_primitive_short#test_null,FAIL,NO
com.alibaba.json.bvt.bug.Bug_for_primitive_short#test_strNull,FAIL,NO
com.alibaba.json.bvt.bug.Bug_for_qianbi#test_for_bug,FAIL,NO
com.alibaba.json.bvt.bug.Bug_for_qqdwll2012#test_for_x,FAIL,NO
com.alibaba.json.bvt.bug.Bug_for_rendong#test_0,FAIL,NO
com.alibaba.json.bvt.bug.Bug_for_ruiqi#test_0,FAIL,NO
com.alibaba.json.bvt.bug.Bug_for_sankun#test_sankun,FAIL,NO
com.alibaba.json.bvt.bug.Bug_for_sanxiao#test_0,FAIL,NO
com.alibaba.json.bvt.bug.Bug_for_set#test_set,FAIL,NO
com.alibaba.json.bvt.bug.Bug_for_set#test_treeset,FAIL,NO
com.alibaba.json.bvt.bug.Bug_for_shortArray#test_for_shor_array,FAIL,NO
com.alibaba.json.bvt.bug.Bug_for_smoothrat#test_0,FAIL,NO
com.alibaba.json.bvt.bug.Bug_for_smoothrat2#test_0,FAIL,NO
com.alibaba.json.bvt.bug.Bug_for_smoothrat3#test_0,FAIL,NO
com.alibaba.json.bvt.bug.Bug_for_smoothrat4#test_byte,FAIL,NO
com.alibaba.json.bvt.bug.Bug_for_smoothrat4#test_double,FAIL,NO
com.alibaba.json.bvt.bug.Bug_for_smoothrat4#test_float,FAIL,NO
com.alibaba.json.bvt.bug.Bug_for_smoothrat4#test_int,FAIL,NO
com.alibaba.json.bvt.bug.Bug_for_smoothrat4#test_long,FAIL,NO
com.alibaba.json.bvt.bug.Bug_for_smoothrat4#test_short,FAIL,NO
com.alibaba.json.bvt.bug.Bug_for_smoothrat5#test_map,FAIL,NO
com.alibaba.json.bvt.bug.Bug_for_smoothrat5#test_treemap,FAIL,NO
com.alibaba.json.bvt.bug.Bug_for_smoothrat6#test_set,FAIL,NO
com.alibaba.json.bvt.bug.Bug_for_smoothrat7#test_self,FAIL,NO
com.alibaba.json.bvt.bug.Bug_for_smoothrat8#test_set,FAIL,NO
com.alibaba.json.bvt.bug.Bug_for_smoothrat9#test_set,FAIL,NO
com.alibaba.json.bvt.bug.Bug_for_stv_liu#test,FAIL,NO
com.alibaba.json.bvt.bug.Bug_for_sunai#test_for_sunai,FAIL,NO
com.alibaba.json.bvt.bug.Bug_for_taolei0628#test_bug,FAIL,NO
com.alibaba.json.bvt.bug.Bug_for_typeReference#test_0,FAIL,NO
com.alibaba.json.bvt.bug.Bug_for_uin57#test_multiArray,FAIL,NO
com.alibaba.json.bvt.bug.Bug_for_vikingschow#test_for_vikingschow,FAIL,NO
com.alibaba.json.bvt.bug.Bug_for_wangran#test_for_wangran,FAIL,NO
com.alibaba.json.bvt.bug.Bug_for_wangran1#test_0,FAIL,NO
com.alibaba.json.bvt.bug.Bug_for_wangran2#test_for_wangran,FAIL,NO
com.alibaba.json.bvt.bug.Bug_for_wsky#test_writeMapNull,FAIL,NO
com.alibaba.json.bvt.bug.Bug_for_wtusmchen#test_0,FAIL,NO
com.alibaba.json.bvt.bug.Bug_for_wuyexiong#test_for_wuyexiong,FAIL,NO
com.alibaba.json.bvt.bug.Bug_for_wuzhengmao#test_0,FAIL,NO
com.alibaba.json.bvt.bug.Bug_for_xiayucai2012#test_for_xiayucai2012,PASS,YES
com.alibaba.json.bvt.bug.Bug_for_xiedun#test_for_issue,FAIL,NO
com.alibaba.json.bvt.bug.Bug_for_xujin#test_for_xujin,FAIL,NO
com.alibaba.json.bvt.bug.Bug_for_xujin2#test_for_bug,FAIL,NO
com.alibaba.json.bvt.bug.Bug_for_xujin_int#test_for_xujin,FAIL,NO
com.alibaba.json.bvt.bug.Bug_for_xuzebin#testMap,FAIL,NO
com.alibaba.json.bvt.bug.Bug_for_xuzebin#testMap2,FAIL,NO
com.alibaba.json.bvt.bug.Bug_for_yangqi#test_for_bug,FAIL,NO
com.alibaba.json.bvt.bug.Bug_for_yannywang#test_for_wangran,FAIL,NO
com.alibaba.json.bvt.bug.Bug_for_yanpei#test_for_sepcial_chars,FAIL,NO
com.alibaba.json.bvt.bug.Bug_for_yanpei2#test_for_sepcial_chars,FAIL,NO
com.alibaba.json.bvt.bug.Bug_for_yanpei3#test_for_issue,FAIL,NO
com.alibaba.json.bvt.bug.Bug_for_yanpei4#test_for_issue,FAIL,NO
com.alibaba.json.bvt.bug.Bug_for_yaoming#test_bug,FAIL,NO
com.alibaba.json.bvt.bug.Bug_for_yaoming_1#test_0,FAIL,NO
com.alibaba.json.bvt.bug.Bug_for_yuanmomo_Issue_504#test_for_issue,FAIL,NO
com.alibaba.json.bvt.bug.Bug_for_yuanmomo_Issue_504#test_for_issue_1,FAIL,NO
com.alibaba.json.bvt.bug.Bug_for_yuanmomo_Issue_504#test_for_issue_2,FAIL,NO
com.alibaba.json.bvt.bug.Bug_for_yuanmomo_Issue_505_1#test_for_issue,FAIL,NO
com.alibaba.json.bvt.bug.Bug_for_yuanmomo_Issue_505_1#test_for_issue_1,FAIL,NO
com.alibaba.json.bvt.bug.Bug_for_yuanmomo_Issue_505_1#test_for_issue_2,FAIL,NO
com.alibaba.json.bvt.bug.Bug_for_yunban#test_for_issue,FAIL,NO
com.alibaba.json.bvt.bug.Bug_for_zengjie#test_0,FAIL,NO
com.alibaba.json.bvt.bug.Bug_for_zhaoyao#test_FieldMap,FAIL,NO
com.alibaba.json.bvt.bug.Bug_for_zhongyin#test_0,FAIL,NO
com.alibaba.json.bvt.bug.Bug_for_zhongyin#test_entity,FAIL,NO
com.alibaba.json.bvt.bug.Bug_for_zhongyin#test_map,FAIL,NO
com.alibaba.json.bvt.bug.Bug_for_zhuangzaowen#test_for_zhuangzaowen,FAIL,NO
com.alibaba.json.bvt.bug.Bug_for_zhuel#test_for_zhuel,FAIL,NO
com.alibaba.json.bvt.bug.CollectionEmptyMapTest#test_0,FAIL,NO
com.alibaba.json.bvt.bug.Issue1005#test_for_List,FAIL,NO
com.alibaba.json.bvt.bug.Issue1005#test_for_issue,FAIL,NO
com.alibaba.json.bvt.bug.Issue101#test_for_issure,FAIL,NO
com.alibaba.json.bvt.bug.Issue1013#test_for_issue,FAIL,NO
com.alibaba.json.bvt.bug.Issue1013#test_for_issue3,FAIL,NO
com.alibaba.json.bvt.bug.Issue1013#test_for_issue_1,FAIL,NO
com.alibaba.json.bvt.bug.Issue1013#test_for_issue_2,FAIL,NO
com.alibaba.json.bvt.bug.Issue1013#test_for_issue_4,FAIL,NO
com.alibaba.json.bvt.bug.Issue1013#test_for_issue_5,FAIL,NO
com.alibaba.json.bvt.bug.Issue1013#test_for_issue_6,FAIL,NO
com.alibaba.json.bvt.bug.Issue1017#test_for_issue,FAIL,NO
com.alibaba.json.bvt.bug.Issue101_NoneASM#test_for_issure,FAIL,NO
com.alibaba.json.bvt.bug.Issue101_field#test_for_issure,FAIL,NO
com.alibaba.json.bvt.bug.Issue101_field_NoneASM#test_for_issure,FAIL,NO
com.alibaba.json.bvt.bug.Issue1020#test_empty,FAIL,NO
com.alibaba.json.bvt.bug.Issue1020#test_null,FAIL,NO
com.alibaba.json.bvt.bug.Issue1023#test_for_issue,FAIL,NO
com.alibaba.json.bvt.bug.Issue1030#test_for_issue,FAIL,NO
com.alibaba.json.bvt.bug.Issue1036#test_for_issue,FAIL,NO
com.alibaba.json.bvt.bug.Issue1063#test_for_issue,FAIL,NO
com.alibaba.json.bvt.bug.Issue1063_date#test_for_issue,FAIL,NO
com.alibaba.json.bvt.bug.Issue1074#test_for_issue,FAIL,NO
com.alibaba.json.bvt.bug.Issue1075#test_for_issue,FAIL,NO
com.alibaba.json.bvt.bug.Issue109#test_for_issue,FAIL,NO
com.alibaba.json.bvt.bug.Issue115#test_for_issue_115,FAIL,NO
com.alibaba.json.bvt.bug.Issue117#test_for_issue,FAIL,NO
com.alibaba.json.bvt.bug.Issue118#test_for_issue,FAIL,NO
com.alibaba.json.bvt.bug.Issue119#test_for_issue,FAIL,NO
com.alibaba.json.bvt.bug.Issue119#test_for_issue_b,FAIL,NO
com.alibaba.json.bvt.bug.Issue124#test_for_issue,FAIL,NO
com.alibaba.json.bvt.bug.Issue125#test_for_issue,FAIL,NO
com.alibaba.json.bvt.bug.Issue126#test_for_issue,FAIL,NO
com.alibaba.json.bvt.bug.Issue127#test_for_issue_127,FAIL,NO
com.alibaba.json.bvt.bug.Issue1296#test_for_issue,FAIL,NO
com.alibaba.json.bvt.bug.Issue141#test_for_issue,FAIL,NO
com.alibaba.json.bvt.bug.Issue143#test_for_issue,FAIL,NO
com.alibaba.json.bvt.bug.Issue146#test_for_issue,FAIL,NO
com.alibaba.json.bvt.bug.Issue153#test_for_issue,FAIL,NO
com.alibaba.json.bvt.bug.Issue157#test_for_issue,FAIL,NO
com.alibaba.json.bvt.bug.Issue166#test_for_issue,FAIL,NO
com.alibaba.json.bvt.bug.Issue169#test_for_issue,FAIL,NO
com.alibaba.json.bvt.bug.Issue171#test_for_issue,FAIL,NO
com.alibaba.json.bvt.bug.Issue176#test_for_parent,FAIL,NO
com.alibaba.json.bvt.bug.Issue176#test_for_sub,FAIL,NO
com.alibaba.json.bvt.bug.Issue177#test_for_issue_177,FAIL,NO
com.alibaba.json.bvt.bug.Issue179#test_for_issue_179,FAIL,NO
com.alibaba.json.bvt.bug.Issue183#test_issue_183,FAIL,NO
com.alibaba.json.bvt.bug.Issue184#test_for_issue,FAIL,NO
com.alibaba.json.bvt.bug.Issue190#test_for_issue,FAIL,NO
com.alibaba.json.bvt.bug.Issue199#test_for_issue,FAIL,NO
com.alibaba.json.bvt.bug.Issue204#test_for_issue,FAIL,NO
com.alibaba.json.bvt.bug.Issue208#test_for_issue,FAIL,NO
com.alibaba.json.bvt.bug.Issue208#test_for_issue_1,FAIL,NO
com.alibaba.json.bvt.bug.Issue215#test_for_issue,FAIL,NO
com.alibaba.json.bvt.bug.Issue215_boolean_array#test_for_issue,FAIL,NO
com.alibaba.json.bvt.bug.Issue215_char_array#test_for_issue,FAIL,NO
com.alibaba.json.bvt.bug.Issue215_double_array#test_for_issue,FAIL,NO
com.alibaba.json.bvt.bug.Issue215_float_array#test_for_issue,FAIL,NO
com.alibaba.json.bvt.bug.Issue215_int_array#test_for_issue,FAIL,NO
com.alibaba.json.bvt.bug.Issue215_long_array#test_for_issue,FAIL,NO
com.alibaba.json.bvt.bug.Issue215_short_array#test_for_issue,FAIL,NO
com.alibaba.json.bvt.bug.Issue220#test_for_issue,FAIL,NO
com.alibaba.json.bvt.bug.Issue243#testSerialize,FAIL,NO
com.alibaba.json.bvt.bug.Issue248_orderedField#test_0,FAIL,NO
com.alibaba.json.bvt.bug.Issue248_orderedField#test_1,FAIL,NO
com.alibaba.json.bvt.bug.Issue248_orderedField#test_2,FAIL,NO
com.alibaba.json.bvt.bug.Issue248_orderedField#test_3,FAIL,NO
com.alibaba.json.bvt.bug.Issue274#test,FAIL,NO
com.alibaba.json.bvt.bug.Issue363#test_for_issue,FAIL,NO
com.alibaba.json.bvt.bug.Issue408#test_for_issue,FAIL,NO
com.alibaba.json.bvt.bug.Issue569#test_for_issue,FAIL,NO
com.alibaba.json.bvt.bug.Issue569_1#test_for_issue,FAIL,NO
com.alibaba.json.bvt.bug.Issue585#test_for_issue,FAIL,NO
com.alibaba.json.bvt.bug.Issue62#test_for_issue,FAIL,NO
com.alibaba.json.bvt.bug.Issue64#test_for_issue,FAIL,NO
com.alibaba.json.bvt.bug.Issue688#test_for_issue,FAIL,NO
com.alibaba.json.bvt.bug.Issue689#test_0,FAIL,NO
com.alibaba.json.bvt.bug.Issue69#test_for_issue,FAIL,NO
com.alibaba.json.bvt.bug.Issue72#test_for_issue,FAIL,NO
com.alibaba.json.bvt.bug.Issue74#test_for_issue,FAIL,NO
com.alibaba.json.bvt.bug.Issue743#test_for_issue,FAIL,NO
com.alibaba.json.bvt.bug.Issue744#test,FAIL,NO
com.alibaba.json.bvt.bug.Issue744#test_reader,FAIL,NO
com.alibaba.json.bvt.bug.Issue744_1#test_for_issue,FAIL,NO
com.alibaba.json.bvt.bug.Issue763#test_0,FAIL,NO
com.alibaba.json.bvt.bug.Issue771#test_for_issue,FAIL,NO
com.alibaba.json.bvt.bug.Issue776#test_for_issue,FAIL,NO
com.alibaba.json.bvt.bug.Issue779#test_for_issue,FAIL,NO
com.alibaba.json.bvt.bug.Issue779#test_for_issue_deser,FAIL,NO
com.alibaba.json.bvt.bug.Issue780#test_for_issue,FAIL,NO
com.alibaba.json.bvt.bug.Issue780#test_for_issue_array,FAIL,NO
com.alibaba.json.bvt.bug.Issue784#test_for_issue,FAIL,NO
com.alibaba.json.bvt.bug.Issue79#test_for_issue_79,FAIL,NO
com.alibaba.json.bvt.bug.Issue793#test_for_issue,FAIL,NO
com.alibaba.json.bvt.bug.Issue798#test_for_issue,FAIL,NO
com.alibaba.json.bvt.bug.Issue798_1#test_for_issue,FAIL,NO
com.alibaba.json.bvt.bug.Issue799#test_for_issue,FAIL,NO
com.alibaba.json.bvt.bug.Issue801#test_for_issue,FAIL,NO
com.alibaba.json.bvt.bug.Issue804#test_issue,FAIL,NO
com.alibaba.json.bvt.bug.Issue821#test_for_issue,FAIL,NO
com.alibaba.json.bvt.bug.Issue859#test_for_issue,FAIL,NO
com.alibaba.json.bvt.bug.Issue868#test_byte,FAIL,NO
com.alibaba.json.bvt.bug.Issue868#test_byte_min,FAIL,NO
com.alibaba.json.bvt.bug.Issue868#test_float_max,FAIL,NO
com.alibaba.json.bvt.bug.Issue868#test_float_min,FAIL,NO
com.alibaba.json.bvt.bug.Issue868#test_int,FAIL,NO
com.alibaba.json.bvt.bug.Issue868#test_int_min,FAIL,NO
com.alibaba.json.bvt.bug.Issue868#test_short,FAIL,NO
com.alibaba.json.bvt.bug.Issue868#test_short_min,FAIL,NO
com.alibaba.json.bvt.bug.Issue869#test_for_issue,FAIL,NO
com.alibaba.json.bvt.bug.Issue869#test_for_issue_parse,FAIL,NO
com.alibaba.json.bvt.bug.Issue869_1#test_for_issue,FAIL,NO
com.alibaba.json.bvt.bug.Issue869_1#test_for_issue_parse,FAIL,NO
com.alibaba.json.bvt.bug.Issue87#test_for_issue,FAIL,NO
com.alibaba.json.bvt.bug.Issue878#test_for_issue,FAIL,NO
com.alibaba.json.bvt.bug.Issue87_hashset#test_for_issue,FAIL,NO
com.alibaba.json.bvt.bug.Issue87_treeset#test_for_issue,FAIL,NO
com.alibaba.json.bvt.bug.Issue887#test_for_issue,FAIL,NO
com.alibaba.json.bvt.bug.Issue89#test_for_issue,FAIL,NO
com.alibaba.json.bvt.bug.Issue894#test_for_issue,FAIL,NO
com.alibaba.json.bvt.bug.Issue900#test_for_issue,FAIL,NO
com.alibaba.json.bvt.bug.Issue900_1#test_for_issue,FAIL,NO
com.alibaba.json.bvt.bug.Issue912#test_for_issue,FAIL,NO
com.alibaba.json.bvt.bug.Issue922#test_for_issue,FAIL,NO
com.alibaba.json.bvt.bug.Issue923#test_for_issue,FAIL,NO
com.alibaba.json.bvt.bug.Issue939#test_for_issue_false,FAIL,NO
com.alibaba.json.bvt.bug.Issue939#test_for_issue_true,FAIL,NO
com.alibaba.json.bvt.bug.Issue94#test_for_issue,FAIL,NO
com.alibaba.json.bvt.bug.Issue942#test_for_issue,FAIL,NO
com.alibaba.json.bvt.bug.Issue943#test_for_issue,FAIL,NO
com.alibaba.json.bvt.bug.Issue944#test_for_issue,FAIL,NO
com.alibaba.json.bvt.bug.Issue952#test_for_issue,FAIL,NO
com.alibaba.json.bvt.bug.Issue955#test_checkArray,FAIL,NO
com.alibaba.json.bvt.bug.Issue955#test_checkObject,FAIL,NO
com.alibaba.json.bvt.bug.Issue96#test_for_issue,FAIL,NO
com.alibaba.json.bvt.bug.Issue963#test_for_issue,FAIL,NO
com.alibaba.json.bvt.bug.Issue978#test_for_issue,PASS,YES
com.alibaba.json.bvt.bug.Issue983#test_for_issue,FAIL,NO
com.alibaba.json.bvt.bug.Issue983_1#test_for_issue,FAIL,NO
com.alibaba.json.bvt.bug.Issue983_1#test_for_issue_int,FAIL,NO
com.alibaba.json.bvt.bug.Issue983_1#test_for_issue_int_int,FAIL,NO
com.alibaba.json.bvt.bug.Issue987#test_for_issue,FAIL,NO
com.alibaba.json.bvt.bug.Issue989#test_for_issue,FAIL,NO
com.alibaba.json.bvt.bug.Issue993#test_for_issue,FAIL,NO
com.alibaba.json.bvt.bug.Issue995#test_for_issue,FAIL,NO
com.alibaba.json.bvt.bug.Issue997#test_for_issue,FAIL,NO
com.alibaba.json.bvt.bug.Issue998#test_for_issue,FAIL,NO
com.alibaba.json.bvt.bug.Issue998#test_for_issue_1,FAIL,NO
com.alibaba.json.bvt.bug.Issue998_private#test_for_issue,FAIL,NO
com.alibaba.json.bvt.bug.Issue998_private#test_for_issue_1,FAIL,NO
com.alibaba.json.bvt.bug.Issue_611#test_for_issue,FAIL,NO
com.alibaba.json.bvt.bug.Issue_717#test_for_issue,FAIL,NO
com.alibaba.json.bvt.bug.Issue_748#testJsonObjectWithClassName,FAIL,NO
com.alibaba.json.bvt.bug.Issue_for_huangfeng#test_for_huangfeng,FAIL,NO
com.alibaba.json.bvt.bug.Issue_for_huangfeng#test_for_huangfeng_false,FAIL,NO
com.alibaba.json.bvt.bug.Issue_for_huangfeng#test_for_huangfeng_false_f,FAIL,NO
com.alibaba.json.bvt.bug.Issue_for_huangfeng#test_for_huangfeng_is_t,FAIL,NO
com.alibaba.json.bvt.bug.Issue_for_huangfeng#test_for_huangfeng_t,FAIL,NO
com.alibaba.json.bvt.bug.Issue_for_jiongxiong#test_for_jiongxiong,FAIL,NO
com.alibaba.json.bvt.bug.Issue_for_oschina_3087749_2215732#test_for_issue,FAIL,NO
com.alibaba.json.bvt.bug.Issue_for_zuojing#test_for_zuojing,FAIL,NO
com.alibaba.json.bvt.bug.KeyBug_for_zhongl#testCustomedKey,FAIL,NO
com.alibaba.json.bvt.bug.KeyBug_for_zhongl#testCustomedKey_static,FAIL,NO
com.alibaba.json.bvt.bug.KeyBug_for_zhongl#testDeserialize,FAIL,NO
com.alibaba.json.bvt.bug.KeyBug_for_zhongl#testDeserialize_static,FAIL,NO
com.alibaba.json.bvt.bug.Mogujie_01#test_for_issue,FAIL,NO
com.alibaba.json.bvt.bug.Mogujie_02#test_for_issue,FAIL,NO
com.alibaba.json.bvt.bug.SerDeserTest#test_for_yaolei,FAIL,NO
com.alibaba.json.bvt.bug.StackTraceElementTest#test_stackTrace,FAIL,NO
com.alibaba.json.bvt.bug.StackTraceElementTest2#test_stackTrace2,FAIL,NO
com.alibaba.json.bvt.bug.TestDouble#test_doubleArray_2,FAIL,NO
com.alibaba.json.bvt.bug.TestJSONMap#test_0,FAIL,NO
com.alibaba.json.bvt.bug.WuqiTest#test_for_wuqi,FAIL,NO
com.alibaba.json.bvt.bug.bug201806.Bug_for_weiqiang#test_for_bug,FAIL,NO
com.alibaba.json.bvt.bug.bug_for_caoyaojun1988#test_for_bug,FAIL,NO
com.alibaba.json.bvt.bug.bug_for_pengsong0302#test_0,FAIL,NO
com.alibaba.json.bvt.bug.bug_for_pengsong0302#test_1,FAIL,NO
com.alibaba.json.bvt.bug.bug_for_pengsong0302#test_2029,FAIL,NO
com.alibaba.json.bvt.bug.bug_for_pengsong0302#test_2029_1,FAIL,NO
com.alibaba.json.bvt.builder.BuilderTest0#test_0,FAIL,NO
com.alibaba.json.bvt.builder.BuilderTest0_private#test_0,FAIL,NO
com.alibaba.json.bvt.builder.BuilderTest1#test_create,FAIL,NO
com.alibaba.json.bvt.builder.BuilderTest1_private#test_create,FAIL,NO
com.alibaba.json.bvt.builder.BuilderTest2#test_create,FAIL,NO
com.alibaba.json.bvt.builder.BuilderTest2_private#test_create,FAIL,NO
com.alibaba.json.bvt.builder.BuilderTest3#test_create,FAIL,NO
com.alibaba.json.bvt.builder.BuilderTest3_private#test_create,FAIL,NO
com.alibaba.json.bvt.builder.BuilderTest_error#test_0,FAIL,NO
com.alibaba.json.bvt.builder.BuilderTest_error_private#test_0,FAIL,NO
com.alibaba.json.bvt.cglib.TestCglib#test_cglib,FAIL,NO
com.alibaba.json.bvt.comparing_json_modules.ComplexAndDecimalTest#test_3_1,FAIL,NO
com.alibaba.json.bvt.comparing_json_modules.ComplexAndDecimalTest#test_3_2,FAIL,NO
com.alibaba.json.bvt.comparing_json_modules.ComplexAndDecimalTest#test_3_4,FAIL,NO
com.alibaba.json.bvt.comparing_json_modules.ComplexAndDecimalTest#test_3_5,FAIL,NO
com.alibaba.json.bvt.comparing_json_modules.ComplexAndDecimalTest#test_3_6,FAIL,NO
com.alibaba.json.bvt.comparing_json_modules.ComplexAndDecimalTest#test_3_7,FAIL,NO
com.alibaba.json.bvt.comparing_json_modules.Floating_point_Test#test_2_1,FAIL,NO
com.alibaba.json.bvt.comparing_json_modules.Floating_point_Test#test_2_2,FAIL,NO
com.alibaba.json.bvt.comparing_json_modules.Floating_point_Test#test_2_3,FAIL,NO
com.alibaba.json.bvt.comparing_json_modules.Floating_point_Test#test_2_4,FAIL,NO
com.alibaba.json.bvt.comparing_json_modules.Floating_point_Test#test_2_5,FAIL,NO
com.alibaba.json.bvt.comparing_json_modules.Floating_point_Test#test_2_6,FAIL,NO
com.alibaba.json.bvt.comparing_json_modules.Floating_point_Test#test_2_7,FAIL,NO
com.alibaba.json.bvt.comparing_json_modules.Integral_types_Test#test_1_1,FAIL,NO
com.alibaba.json.bvt.comparing_json_modules.Integral_types_Test#test_1_2,FAIL,NO
com.alibaba.json.bvt.comparing_json_modules.Integral_types_Test#test_1_3,FAIL,NO
com.alibaba.json.bvt.comparing_json_modules.Integral_types_Test#test_1_4,FAIL,NO
com.alibaba.json.bvt.comparing_json_modules.Integral_types_Test#test_1_5,FAIL,NO
com.alibaba.json.bvt.comparing_json_modules.Integral_types_Test#test_1_6,FAIL,NO
com.alibaba.json.bvt.comparing_json_modules.Invalid_Test#test_6_1,FAIL,NO
com.alibaba.json.bvt.compatible.ThreadLocalCacheTest#test_threadCache,FAIL,NO
com.alibaba.json.bvt.compatible.TypeUtilsComputeGettersTest#test_for_computeGetters,FAIL,NO
com.alibaba.json.bvt.compatible.jsonlib.CompatibleTest0#test_0,FAIL,NO
com.alibaba.json.bvt.compatible.jsonlib.CompatibleTest0#test_1,FAIL,NO
com.alibaba.json.bvt.compatible.jsonlib.CompatibleTest0#test_10,FAIL,NO
com.alibaba.json.bvt.compatible.jsonlib.CompatibleTest0#test_11,FAIL,NO
com.alibaba.json.bvt.compatible.jsonlib.CompatibleTest0#test_2,FAIL,NO
com.alibaba.json.bvt.compatible.jsonlib.CompatibleTest0#test_3,FAIL,NO
com.alibaba.json.bvt.compatible.jsonlib.CompatibleTest0#test_4,FAIL,NO
com.alibaba.json.bvt.compatible.jsonlib.CompatibleTest0#test_5,FAIL,NO
com.alibaba.json.bvt.compatible.jsonlib.CompatibleTest0#test_6,FAIL,NO
com.alibaba.json.bvt.compatible.jsonlib.CompatibleTest0#test_7,FAIL,NO
com.alibaba.json.bvt.compatible.jsonlib.CompatibleTest0#test_8,FAIL,NO
com.alibaba.json.bvt.compatible.jsonlib.CompatibleTest0#test_9,FAIL,NO
com.alibaba.json.bvt.compatible.jsonlib.CompatibleTest_noasm#test_0,FAIL,NO
com.alibaba.json.bvt.compatible.jsonlib.CompatibleTest_noasm#test_1,FAIL,NO
com.alibaba.json.bvt.compatible.jsonlib.CompatibleTest_noasm#test_10,FAIL,NO
com.alibaba.json.bvt.compatible.jsonlib.CompatibleTest_noasm#test_11,FAIL,NO
com.alibaba.json.bvt.compatible.jsonlib.CompatibleTest_noasm#test_2,FAIL,NO
com.alibaba.json.bvt.compatible.jsonlib.CompatibleTest_noasm#test_3,FAIL,NO
com.alibaba.json.bvt.compatible.jsonlib.CompatibleTest_noasm#test_4,FAIL,NO
com.alibaba.json.bvt.compatible.jsonlib.CompatibleTest_noasm#test_5,FAIL,NO
com.alibaba.json.bvt.compatible.jsonlib.CompatibleTest_noasm#test_6,FAIL,NO
com.alibaba.json.bvt.compatible.jsonlib.CompatibleTest_noasm#test_7,FAIL,NO
com.alibaba.json.bvt.compatible.jsonlib.CompatibleTest_noasm#test_8,FAIL,NO
com.alibaba.json.bvt.compatible.jsonlib.CompatibleTest_noasm#test_9,FAIL,NO
com.alibaba.json.bvt.date.CalendarTest#test_codec,FAIL,NO
com.alibaba.json.bvt.date.CalendarTest#test_codec_iso88591,FAIL,NO
com.alibaba.json.bvt.date.CalendarTest#test_codec_iso88591_2,FAIL,NO
com.alibaba.json.bvt.date.CalendarTest#test_null,FAIL,NO
com.alibaba.json.bvt.date.DateFieldFormatTest#test_format_,PASS,YES
com.alibaba.json.bvt.date.DateFieldTest#test_codec,FAIL,NO
com.alibaba.json.bvt.date.DateFieldTest#test_codec_null,FAIL,NO
com.alibaba.json.bvt.date.DateFieldTest#test_codec_null_1,FAIL,NO
com.alibaba.json.bvt.date.DateFieldTest#test_codec_null_asm,FAIL,NO
com.alibaba.json.bvt.date.DateFieldTest10#test_1,PASS,YES
com.alibaba.json.bvt.date.DateFieldTest10#test_2,PASS,YES
com.alibaba.json.bvt.date.DateFieldTest10#test_3,PASS,YES
com.alibaba.json.bvt.date.DateFieldTest10#test_4,PASS,YES
com.alibaba.json.bvt.date.DateFieldTest10#test_5,PASS,YES
com.alibaba.json.bvt.date.DateFieldTest10#test_6,PASS,YES
com.alibaba.json.bvt.date.DateFieldTest10#test_for_zero,PASS,YES
com.alibaba.json.bvt.date.DateFieldTest11_reader#test_cn,PASS,YES
com.alibaba.json.bvt.date.DateFieldTest11_reader#test_cn_1,PASS,YES
com.alibaba.json.bvt.date.DateFieldTest2#test_codec,PASS,YES
com.alibaba.json.bvt.date.DateFieldTest2#test_codec_asm,PASS,YES
com.alibaba.json.bvt.date.DateFieldTest2#test_codec_no_asm,PASS,YES
com.alibaba.json.bvt.date.DateFieldTest2#test_codec_null_1,PASS,YES
com.alibaba.json.bvt.date.DateFieldTest2#test_codec_null_asm,PASS,YES
com.alibaba.json.bvt.date.DateFieldTest3#test_codec,PASS,YES
com.alibaba.json.bvt.date.DateFieldTest3#test_codec_asm,PASS,YES
com.alibaba.json.bvt.date.DateFieldTest3#test_codec_no_asm,PASS,YES
com.alibaba.json.bvt.date.DateFieldTest3#test_codec_null_1,PASS,YES
com.alibaba.json.bvt.date.DateFieldTest3#test_codec_null_asm,PASS,YES
com.alibaba.json.bvt.date.DateFieldTest3#test_codec_null_no_asm,PASS,YES
com.alibaba.json.bvt.date.DateFieldTest4#test_codec,PASS,YES
com.alibaba.json.bvt.date.DateFieldTest4#test_codec_asm,PASS,YES
com.alibaba.json.bvt.date.DateFieldTest4#test_codec_no_asm,PASS,YES
com.alibaba.json.bvt.date.DateFieldTest4#test_codec_null_1,PASS,YES
com.alibaba.json.bvt.date.DateFieldTest4#test_codec_null_asm,PASS,YES
com.alibaba.json.bvt.date.DateFieldTest5#test_codec,FAIL,NO
com.alibaba.json.bvt.date.DateFieldTest5#test_codec_asm,FAIL,NO
com.alibaba.json.bvt.date.DateFieldTest5#test_codec_no_asm,FAIL,NO
com.alibaba.json.bvt.date.DateFieldTest5#test_codec_null_1,FAIL,NO
com.alibaba.json.bvt.date.DateFieldTest5#test_codec_null_asm,FAIL,NO
com.alibaba.json.bvt.date.DateFieldTest6#test_0,PASS,YES
com.alibaba.json.bvt.date.DateFieldTest7#test_0,PASS,YES
com.alibaba.json.bvt.date.DateFieldTest8#test_0,PASS,YES
com.alibaba.json.bvt.date.DateFieldTest8#test_1,PASS,YES
com.alibaba.json.bvt.date.DateFieldTest9#test_cn,PASS,YES
com.alibaba.json.bvt.date.DateFieldTest9#test_cn_1,PASS,YES
com.alibaba.json.bvt.date.DateFieldTest9#test_cn_2,PASS,YES
com.alibaba.json.bvt.date.DateFieldTest9#test_cn_3,PASS,YES
com.alibaba.json.bvt.date.DateFieldTest9#test_cn_4,PASS,YES
com.alibaba.json.bvt.date.DateFieldTest9#test_de,PASS,YES
com.alibaba.json.bvt.date.DateFieldTest9#test_in,PASS,YES
com.alibaba.json.bvt.date.DateFieldTest9#test_kr_1,PASS,YES
com.alibaba.json.bvt.date.DateFieldTest9#test_kr_2,PASS,YES
com.alibaba.json.bvt.date.DateFieldTest9#test_kr_3,PASS,YES
com.alibaba.json.bvt.date.DateFieldTest9#test_kr_4,PASS,YES
com.alibaba.json.bvt.date.DateFieldTest9#test_tw,PASS,YES
com.alibaba.json.bvt.date.DateNewTest#test_date,FAIL,NO
com.alibaba.json.bvt.date.DateTest#test_date,FAIL,NO
com.alibaba.json.bvt.date.DateTest1#test_date,FAIL,NO
com.alibaba.json.bvt.date.DateTest2#test_date,FAIL,NO
com.alibaba.json.bvt.date.DateTest_dotnet#test_date,FAIL,NO
com.alibaba.json.bvt.date.DateTest_dotnet_1#test_date,FAIL,NO
com.alibaba.json.bvt.date.DateTest_dotnet_2#test_date,FAIL,NO
com.alibaba.json.bvt.date.DateTest_dotnet_3#test_date,FAIL,NO
com.alibaba.json.bvt.date.DateTest_dotnet_4#test_date,FAIL,NO
com.alibaba.json.bvt.date.DateTest_dotnet_5#test_date,FAIL,NO
com.alibaba.json.bvt.date.DateTest_error#test_error,FAIL,NO
com.alibaba.json.bvt.date.DateTest_error#test_error_1,FAIL,NO
com.alibaba.json.bvt.date.DateTest_error#test_error_2,FAIL,NO
com.alibaba.json.bvt.date.DateTest_error#test_error_3,FAIL,NO
com.alibaba.json.bvt.date.DateTest_error#test_error_4,FAIL,NO
com.alibaba.json.bvt.date.DateTest_error#test_error_5,FAIL,NO
com.alibaba.json.bvt.date.DateTest_tz#test_codec,FAIL,NO
com.alibaba.json.bvt.date.XMLGregorianCalendarTest#test_for_issue,FAIL,NO
com.alibaba.json.bvt.dubbo.TestForDubbo#testPerson,FAIL,NO
com.alibaba.json.bvt.emoji.EmojiTest0#test_for_emoji,FAIL,NO
com.alibaba.json.bvt.feature.DisableFieldSmartMatchTest#test_feature,FAIL,NO
com.alibaba.json.bvt.feature.DisableFieldSmartMatchTest#test_feature2,FAIL,NO
com.alibaba.json.bvt.feature.DisableFieldSmartMatchTest_2#test_feature,FAIL,NO
com.alibaba.json.bvt.feature.DisableFieldSmartMatchTest_2#test_feature2,FAIL,NO
com.alibaba.json.bvt.feature.FeatureTest_8#test_get_obj,FAIL,NO
com.alibaba.json.bvt.feature.FeaturesTest#test_0,FAIL,NO
com.alibaba.json.bvt.feature.FeaturesTest#test_1,FAIL,NO
com.alibaba.json.bvt.feature.FeaturesTest2#test_0,FAIL,NO
com.alibaba.json.bvt.feature.FeaturesTest2#test_1,FAIL,NO
com.alibaba.json.bvt.feature.FeaturesTest3#test_0,FAIL,NO
com.alibaba.json.bvt.feature.FeaturesTest3#test_1,FAIL,NO
com.alibaba.json.bvt.feature.FeaturesTest4#test_0,FAIL,NO
com.alibaba.json.bvt.feature.FeaturesTest4#test_1,FAIL,NO
com.alibaba.json.bvt.feature.FeaturesTest5#test_0,FAIL,NO
com.alibaba.json.bvt.feature.FeaturesTest5#test_1,FAIL,NO
com.alibaba.json.bvt.feature.FeaturesTest5_1#test_0,FAIL,NO
com.alibaba.json.bvt.feature.FeaturesTest5_1#test_1,FAIL,NO
com.alibaba.json.bvt.feature.FeaturesTest6#test_0,FAIL,NO
com.alibaba.json.bvt.feature.FeaturesTest6#test_1,FAIL,NO
com.alibaba.json.bvt.feature.FeaturesTest7#test_0,FAIL,NO
com.alibaba.json.bvt.feature.FeaturesTest7#test_1,FAIL,NO
com.alibaba.json.bvt.feature.IgnoreErrorGetterTest#test_feature,FAIL,NO
com.alibaba.json.bvt.feature.IgnoreErrorGetterTest_field#test_feature,FAIL,NO
com.alibaba.json.bvt.feature.IgnoreErrorGetterTest_private#test_feature,FAIL,NO
com.alibaba.json.bvt.feature.InitStringFieldAsEmptyTest#test_0,FAIL,NO
com.alibaba.json.bvt.feature.InitStringFieldAsEmptyTest#test_1,FAIL,NO
com.alibaba.json.bvt.feature.WriteNullStringAsEmptyTest#test_features,FAIL,NO
com.alibaba.json.bvt.feature.WriteNullStringAsEmptyTest2#test_features,FAIL,NO
com.alibaba.json.bvt.fullSer.EmtpyLinkedHashMapTest#test_0,FAIL,NO
com.alibaba.json.bvt.fullSer.LongTest#test_0,FAIL,NO
com.alibaba.json.bvt.fullSer.ToJavaObjectTest#test_for_toJavaObject,FAIL,NO
com.alibaba.json.bvt.fullSer.ToJavaObjectTest2#test_for_toJavaObject,FAIL,NO
com.alibaba.json.bvt.fullSer.get_set_Test#test_codec,FAIL,NO
com.alibaba.json.bvt.fullSer.getfTest#test_codec,FAIL,NO
com.alibaba.json.bvt.fullSer.getfTest_2#test_codec,FAIL,NO
com.alibaba.json.bvt.fullSer.is_set_test_2#test_codec,FAIL,NO
com.alibaba.json.bvt.guava.ArrayListMultimapTest#test_for_multimap,FAIL,NO
com.alibaba.json.bvt.guava.HashMultimapTest#test_for_multimap,FAIL,NO
com.alibaba.json.bvt.guava.ImmutableMapTest#test_immutableMap,FAIL,NO
com.alibaba.json.bvt.guava.LinkedListMultimapTest#test_for_multimap,FAIL,NO
com.alibaba.json.bvt.guava.MultiMapTes#test_multimap,FAIL,NO
com.alibaba.json.bvt.issue_1000.Issue1066#test_for_issue,FAIL,NO
com.alibaba.json.bvt.issue_1000.Issue1079#test_for_issue,FAIL,NO
com.alibaba.json.bvt.issue_1000.Issue1080#test_for_issue,FAIL,NO
com.alibaba.json.bvt.issue_1000.Issue1080#test_for_issue_2,FAIL,NO
com.alibaba.json.bvt.issue_1000.Issue1082#test_for_issue,FAIL,NO
com.alibaba.json.bvt.issue_1000.Issue1083#test_for_issue,FAIL,NO
com.alibaba.json.bvt.issue_1000.Issue1085#test_for_issue,FAIL,NO
com.alibaba.json.bvt.issue_1000.Issue1086#test_for_issue,FAIL,NO
com.alibaba.json.bvt.issue_1000.Issue1089#test_for_issue,FAIL,NO
com.alibaba.json.bvt.issue_1000.Issue1089_private#test_for_issue,FAIL,NO
com.alibaba.json.bvt.issue_1000.Issue1095#test_for_issue,FAIL,NO
com.alibaba.json.bvt.issue_1100.Issue1109#test_for_issue,FAIL,NO
com.alibaba.json.bvt.issue_1100.Issue1112#test_for_issue_1,FAIL,NO
com.alibaba.json.bvt.issue_1100.Issue1112#test_for_issue_2,FAIL,NO
com.alibaba.json.bvt.issue_1100.Issue1112#test_for_issue_3,FAIL,NO
com.alibaba.json.bvt.issue_1100.Issue1120#test_for_issue,FAIL,NO
com.alibaba.json.bvt.issue_1100.Issue1121#test_for_issue,FAIL,NO
com.alibaba.json.bvt.issue_1100.Issue1134#test_for_issue,FAIL,NO
com.alibaba.json.bvt.issue_1100.Issue1138#test_for_issue,FAIL,NO
com.alibaba.json.bvt.issue_1100.Issue1140#test_for_issue,FAIL,NO
com.alibaba.json.bvt.issue_1100.Issue1144#test_issue_1144,FAIL,NO
com.alibaba.json.bvt.issue_1100.Issue1146#test_for_issue,FAIL,NO
com.alibaba.json.bvt.issue_1100.Issue1150#test_for_issue,FAIL,NO
com.alibaba.json.bvt.issue_1100.Issue1150#test_for_issue_array,FAIL,NO
com.alibaba.json.bvt.issue_1100.Issue1151#test_for_issue,FAIL,NO
com.alibaba.json.bvt.issue_1100.Issue1152#test_for_issue,FAIL,NO
com.alibaba.json.bvt.issue_1100.Issue1152#test_for_issue_2,FAIL,NO
com.alibaba.json.bvt.issue_1100.Issue1153#test_for_issue,FAIL,NO
com.alibaba.json.bvt.issue_1100.Issue1165#test_for_issue,FAIL,NO
com.alibaba.json.bvt.issue_1100.Issue1177#test_for_issue,FAIL,NO
com.alibaba.json.bvt.issue_1100.Issue1177_1#test_for_issue,FAIL,NO
com.alibaba.json.bvt.issue_1100.Issue1177_2#test_for_issue,FAIL,NO
com.alibaba.json.bvt.issue_1100.Issue1177_3#test_for_issue,FAIL,NO
com.alibaba.json.bvt.issue_1100.Issue1177_4#test_for_issue,FAIL,NO
com.alibaba.json.bvt.issue_1100.Issue1178#test_for_issue,FAIL,NO
com.alibaba.json.bvt.issue_1100.Issue1187#test_for_issue,FAIL,NO
com.alibaba.json.bvt.issue_1100.Issue1188#test_for_issue_1188,FAIL,NO
com.alibaba.json.bvt.issue_1100.Issue1189#test_for_issue,FAIL,NO
com.alibaba.json.bvt.issue_1100.Issue969#test_for_issue,FAIL,NO
com.alibaba.json.bvt.issue_1100.Issue969#test_for_issue_1,FAIL,NO
com.alibaba.json.bvt.issue_1200.Issue1202#test_for_issue,PASS,YES
com.alibaba.json.bvt.issue_1200.Issue1203#test_for_issue,FAIL,NO
com.alibaba.json.bvt.issue_1200.Issue1205#test_for_issue,FAIL,NO
com.alibaba.json.bvt.issue_1200.Issue1222#test_for_issue,FAIL,NO
com.alibaba.json.bvt.issue_1200.Issue1222_1#test_for_issue,FAIL,NO
com.alibaba.json.bvt.issue_1200.Issue1225#test_parseObject_2,FAIL,NO
com.alibaba.json.bvt.issue_1200.Issue1226#test_for_issue,FAIL,NO
com.alibaba.json.bvt.issue_1200.Issue1227#test_for_issue,FAIL,NO
com.alibaba.json.bvt.issue_1200.Issue1229#test_for_issue,FAIL,NO
com.alibaba.json.bvt.issue_1200.Issue1231#test_for_issue,FAIL,NO
com.alibaba.json.bvt.issue_1200.Issue1233#test_for_issue,FAIL,NO
com.alibaba.json.bvt.issue_1200.Issue1235#test_for_issue,FAIL,NO
com.alibaba.json.bvt.issue_1200.Issue1235_noasm#test_for_issue,FAIL,NO
com.alibaba.json.bvt.issue_1200.Issue1240#test_for_issue,FAIL,NO
com.alibaba.json.bvt.issue_1200.Issue1246#test_for_issue,FAIL,NO
com.alibaba.json.bvt.issue_1200.Issue1254#test_for_issue,FAIL,NO
com.alibaba.json.bvt.issue_1200.Issue1256#test_for_issue,FAIL,NO
com.alibaba.json.bvt.issue_1200.Issue1262#test_for_issue,FAIL,NO
com.alibaba.json.bvt.issue_1200.Issue1265#test_0,FAIL,NO
com.alibaba.json.bvt.issue_1200.Issue1267#test_for_issue,FAIL,NO
com.alibaba.json.bvt.issue_1200.Issue1271#test_for_issue,FAIL,NO
com.alibaba.json.bvt.issue_1200.Issue1272#test_for_issue,FAIL,NO
com.alibaba.json.bvt.issue_1200.Issue1272_IgnoreError#test_for_issue,FAIL,NO
com.alibaba.json.bvt.issue_1200.Issue1274#test_for_issue,FAIL,NO
com.alibaba.json.bvt.issue_1200.Issue1276#test_for_issue,FAIL,NO
com.alibaba.json.bvt.issue_1200.Issue1278#test_for_issue,FAIL,NO
com.alibaba.json.bvt.issue_1200.Issue1281#test_for_issue,FAIL,NO
com.alibaba.json.bvt.issue_1200.Issue1293#test_for_issue,FAIL,NO
com.alibaba.json.bvt.issue_1200.Issue1298#test_for_issue,FAIL,NO
com.alibaba.json.bvt.issue_1200.Issue1298#test_for_issue_1,FAIL,NO
com.alibaba.json.bvt.issue_1200.Issue1299#test_for_issue,FAIL,NO
com.alibaba.json.bvt.issue_1300.Issue1300#testEmptyJSON,FAIL,NO
com.alibaba.json.bvt.issue_1300.Issue1300#testFullJSON,FAIL,NO
com.alibaba.json.bvt.issue_1300.Issue1303#test_for_issue,FAIL,NO
com.alibaba.json.bvt.issue_1300.Issue1306#test_for_issue,FAIL,NO
com.alibaba.json.bvt.issue_1300.Issue1307#test_context_value_filter_effected,FAIL,NO
com.alibaba.json.bvt.issue_1300.Issue1307#test_context_value_filter_not_effected,FAIL,NO
com.alibaba.json.bvt.issue_1300.Issue1310#test_trim,FAIL,NO
com.alibaba.json.bvt.issue_1300.Issue1310_noasm#test_trim,FAIL,NO
com.alibaba.json.bvt.issue_1300.Issue1319#test_for_issue,FAIL,NO
com.alibaba.json.bvt.issue_1300.Issue1320#test_for_issue,FAIL,NO
com.alibaba.json.bvt.issue_1300.Issue1330#test_for_issue,FAIL,NO
com.alibaba.json.bvt.issue_1300.Issue1330#test_for_issue_1,FAIL,NO
com.alibaba.json.bvt.issue_1300.Issue1330#test_for_issue_2,FAIL,NO
com.alibaba.json.bvt.issue_1300.Issue1330_boolean#test_for_issue,FAIL,NO
com.alibaba.json.bvt.issue_1300.Issue1330_boolean#test_for_issue_1,FAIL,NO
com.alibaba.json.bvt.issue_1300.Issue1330_boolean#test_for_issue_2,FAIL,NO
com.alibaba.json.bvt.issue_1300.Issue1330_byte#test_for_issue,FAIL,NO
com.alibaba.json.bvt.issue_1300.Issue1330_byte#test_for_issue_1,FAIL,NO
com.alibaba.json.bvt.issue_1300.Issue1330_byte#test_for_issue_2,FAIL,NO
com.alibaba.json.bvt.issue_1300.Issue1330_decimal#test_for_issue,FAIL,NO
com.alibaba.json.bvt.issue_1300.Issue1330_decimal#test_for_issue_1,FAIL,NO
com.alibaba.json.bvt.issue_1300.Issue1330_decimal#test_for_issue_2,FAIL,NO
com.alibaba.json.bvt.issue_1300.Issue1330_double#test_for_issue,FAIL,NO
com.alibaba.json.bvt.issue_1300.Issue1330_double#test_for_issue_1,FAIL,NO
com.alibaba.json.bvt.issue_1300.Issue1330_double#test_for_issue_2,FAIL,NO
com.alibaba.json.bvt.issue_1300.Issue1330_float#test_for_issue,FAIL,NO
com.alibaba.json.bvt.issue_1300.Issue1330_float#test_for_issue_1,FAIL,NO
com.alibaba.json.bvt.issue_1300.Issue1330_float#test_for_issue_2,FAIL,NO
com.alibaba.json.bvt.issue_1300.Issue1330_long#test_for_issue,FAIL,NO
com.alibaba.json.bvt.issue_1300.Issue1330_long#test_for_issue_1,FAIL,NO
com.alibaba.json.bvt.issue_1300.Issue1330_long#test_for_issue_2,FAIL,NO
com.alibaba.json.bvt.issue_1300.Issue1330_short#test_for_issue,FAIL,NO
com.alibaba.json.bvt.issue_1300.Issue1330_short#test_for_issue_1,FAIL,NO
com.alibaba.json.bvt.issue_1300.Issue1330_short#test_for_issue_2,FAIL,NO
com.alibaba.json.bvt.issue_1300.Issue1335#test_for_issue,FAIL,NO
com.alibaba.json.bvt.issue_1300.Issue1344#test_for_issue,FAIL,NO
com.alibaba.json.bvt.issue_1300.Issue1357#test_for_issue,FAIL,NO
com.alibaba.json.bvt.issue_1300.Issue1362#test_for_issue,FAIL,NO
com.alibaba.json.bvt.issue_1300.Issue1363#test_for_issue,FAIL,NO
com.alibaba.json.bvt.issue_1300.Issue1363#test_for_issue_1,FAIL,NO
com.alibaba.json.bvt.issue_1300.Issue1368#test_for_issue,FAIL,NO
com.alibaba.json.bvt.issue_1300.Issue1369#test_for_issue,FAIL,NO
com.alibaba.json.bvt.issue_1300.Issue1370#test_0,FAIL,NO
com.alibaba.json.bvt.issue_1300.Issue1370#test_1,FAIL,NO
com.alibaba.json.bvt.issue_1300.Issue1370#test_2,FAIL,NO
com.alibaba.json.bvt.issue_1300.Issue1370#test_3,FAIL,NO
com.alibaba.json.bvt.issue_1300.Issue1370#test_4,FAIL,NO
com.alibaba.json.bvt.issue_1300.Issue1371#testFastjsonEnum,FAIL,NO
com.alibaba.json.bvt.issue_1300.Issue1375#test_issue,FAIL,NO
com.alibaba.json.bvt.issue_1300.Issue1399#test_for_issue,FAIL,NO
com.alibaba.json.bvt.issue_1300.Issue1399#test_for_issue_true,FAIL,NO
com.alibaba.json.bvt.issue_1300.Issue_for_zuojian#test_for_issue,FAIL,NO
com.alibaba.json.bvt.issue_1300.Issue_for_zuojian#test_for_issue_1,FAIL,NO
com.alibaba.json.bvt.issue_1400.Issue1400#test_for_issue,FAIL,NO
com.alibaba.json.bvt.issue_1400.Issue1422#test_for_issue,FAIL,NO
com.alibaba.json.bvt.issue_1400.Issue1422#test_for_issue_1,FAIL,NO
com.alibaba.json.bvt.issue_1400.Issue1422#test_for_issue_1_reader,FAIL,NO
com.alibaba.json.bvt.issue_1400.Issue1422#test_for_issue_reader,FAIL,NO
com.alibaba.json.bvt.issue_1400.Issue1423#test_for_issue,FAIL,NO
com.alibaba.json.bvt.issue_1400.Issue1423#test_for_issue_arrayMapping,FAIL,NO
com.alibaba.json.bvt.issue_1400.Issue1423#test_for_issue_arrayMapping_reader,FAIL,NO
com.alibaba.json.bvt.issue_1400.Issue1423#test_for_issue_reader,FAIL,NO
com.alibaba.json.bvt.issue_1400.Issue1424#test_for_issue_float,FAIL,NO
com.alibaba.json.bvt.issue_1400.Issue1424#test_for_issue_float_infinity,FAIL,NO
com.alibaba.json.bvt.issue_1400.Issue1424#test_for_issue_int,FAIL,NO
com.alibaba.json.bvt.issue_1400.Issue1425#test_for_issue,FAIL,NO
com.alibaba.json.bvt.issue_1400.Issue1429#test_for_issue,FAIL,NO
com.alibaba.json.bvt.issue_1400.Issue1443#test_for_issue,FAIL,NO
com.alibaba.json.bvt.issue_1400.Issue1445#test_for_issue,FAIL,NO
com.alibaba.json.bvt.issue_1400.Issue1449#test_for_issue,FAIL,NO
com.alibaba.json.bvt.issue_1400.Issue1450#test_for_issue,FAIL,NO
com.alibaba.json.bvt.issue_1400.Issue1458#test_for_issue,FAIL,NO
com.alibaba.json.bvt.issue_1400.Issue1465#test_for_issue,FAIL,NO
com.alibaba.json.bvt.issue_1400.Issue1474#test_for_issue,FAIL,NO
com.alibaba.json.bvt.issue_1400.Issue1478#test_for_issue,FAIL,NO
com.alibaba.json.bvt.issue_1400.Issue1480#test_for_issue,FAIL,NO
com.alibaba.json.bvt.issue_1400.Issue1482#test_for_issue,FAIL,NO
com.alibaba.json.bvt.issue_1400.Issue1486#test_for_issue,FAIL,NO
com.alibaba.json.bvt.issue_1400.Issue1487#test_for_issue,FAIL,NO
com.alibaba.json.bvt.issue_1400.Issue1492#test_for_issue,FAIL,NO
com.alibaba.json.bvt.issue_1400.Issue1493#test_for_issue,PASS,YES
com.alibaba.json.bvt.issue_1400.Issue1494#test_for_issue,FAIL,NO
com.alibaba.json.bvt.issue_1400.Issue1496#test_for_issue,FAIL,NO
com.alibaba.json.bvt.issue_1400.Issue1498#test_for_issue,FAIL,NO
com.alibaba.json.bvt.issue_1400.Issue1498#test_for_issue_match,FAIL,NO
com.alibaba.json.bvt.issue_1400.Issue_for_wuye#test_for_issue,FAIL,NO
com.alibaba.json.bvt.issue_1500.Issue1500#test_for_issue,FAIL,NO
com.alibaba.json.bvt.issue_1500.Issue1503#test_for_issue,FAIL,NO
com.alibaba.json.bvt.issue_1500.Issue1510#test_for_issue,PASS,YES
com.alibaba.json.bvt.issue_1500.Issue1513#test_for_issue,FAIL,NO
com.alibaba.json.bvt.issue_1500.Issue1524#test_for_issue,FAIL,NO
com.alibaba.json.bvt.issue_1500.Issue1529#test_for_issue,FAIL,NO
com.alibaba.json.bvt.issue_1500.Issue1548#test_for_issue,FAIL,NO
com.alibaba.json.bvt.issue_1500.Issue1555#test_for_issue,FAIL,NO
com.alibaba.json.bvt.issue_1500.Issue1555#test_when_JSONField_have_not_name_attr,FAIL,NO
com.alibaba.json.bvt.issue_1500.Issue1556#test_for_issue,FAIL,NO
com.alibaba.json.bvt.issue_1500.Issue1558#test_for_issue,FAIL,NO
com.alibaba.json.bvt.issue_1500.Issue1565#test_testLargeBeanContainsOver256Field,FAIL,NO
com.alibaba.json.bvt.issue_1500.Issue1570#test_for_issue,FAIL,NO
com.alibaba.json.bvt.issue_1500.Issue1570#test_for_issue_bool,FAIL,NO
com.alibaba.json.bvt.issue_1500.Issue1570#test_for_issue_int,FAIL,NO
com.alibaba.json.bvt.issue_1500.Issue1570#test_for_issue_list,FAIL,NO
com.alibaba.json.bvt.issue_1500.Issue1570#test_for_issue_long,FAIL,NO
com.alibaba.json.bvt.issue_1500.Issue1570_private#test_for_issue,FAIL,NO
com.alibaba.json.bvt.issue_1500.Issue1570_private#test_for_issue_bool,FAIL,NO
com.alibaba.json.bvt.issue_1500.Issue1570_private#test_for_issue_int,FAIL,NO
com.alibaba.json.bvt.issue_1500.Issue1570_private#test_for_issue_list,FAIL,NO
com.alibaba.json.bvt.issue_1500.Issue1570_private#test_for_issue_long,FAIL,NO
com.alibaba.json.bvt.issue_1500.Issue1572#test_for_issue,FAIL,NO
com.alibaba.json.bvt.issue_1500.Issue1576#test_for_issue,FAIL,NO
com.alibaba.json.bvt.issue_1500.Issue1580#test_for_issue,FAIL,NO
com.alibaba.json.bvt.issue_1500.Issue1580_private#test_for_issue,FAIL,NO
com.alibaba.json.bvt.issue_1500.Issue1582#test_for_issue,FAIL,NO
com.alibaba.json.bvt.issue_1500.Issue1582#test_for_issue_1,FAIL,NO
com.alibaba.json.bvt.issue_1500.Issue1583#test_issue,FAIL,NO
com.alibaba.json.bvt.issue_1500.Issue1584#test_for_issue,FAIL,NO
com.alibaba.json.bvt.issue_1500.Issue1588#test_for_issue,FAIL,NO
com.alibaba.json.bvt.issue_1600.Issue1603_field#test_emptyList,FAIL,NO
com.alibaba.json.bvt.issue_1600.Issue1603_field#test_emptySet,FAIL,NO
com.alibaba.json.bvt.issue_1600.Issue1603_field#test_unmodifier,FAIL,NO
com.alibaba.json.bvt.issue_1600.Issue1603_getter#test_emptyList,FAIL,NO
com.alibaba.json.bvt.issue_1600.Issue1603_getter#test_emptySet,FAIL,NO
com.alibaba.json.bvt.issue_1600.Issue1603_getter#test_unmodifier,FAIL,NO
com.alibaba.json.bvt.issue_1600.Issue1603_map#test_emptyMap,FAIL,NO
com.alibaba.json.bvt.issue_1600.Issue1603_map#test_unmodifiableMap,FAIL,NO
com.alibaba.json.bvt.issue_1600.Issue1603_map_getter#test_emptyMap,FAIL,NO
com.alibaba.json.bvt.issue_1600.Issue1603_map_getter#test_unmodifiableMap,FAIL,NO
com.alibaba.json.bvt.issue_1600.Issue1611#test_for_issue,FAIL,NO
com.alibaba.json.bvt.issue_1600.Issue1627#test_for_issue,FAIL,NO
com.alibaba.json.bvt.issue_1600.Issue1628#test_toJSONBytes,FAIL,NO
com.alibaba.json.bvt.issue_1600.Issue1628#test_toJSONBytes_1,FAIL,NO
com.alibaba.json.bvt.issue_1600.Issue1628#test_toJSONBytes_2,FAIL,NO
com.alibaba.json.bvt.issue_1600.Issue1633#test_for_issue_bool,FAIL,NO
com.alibaba.json.bvt.issue_1600.Issue1633#test_for_issue_int,FAIL,NO
com.alibaba.json.bvt.issue_1600.Issue1635#test_issue,FAIL,NO
com.alibaba.json.bvt.issue_1600.Issue1635#test_issue_1,FAIL,NO
com.alibaba.json.bvt.issue_1600.Issue1636#test_for_issue_1,FAIL,NO
com.alibaba.json.bvt.issue_1600.Issue1636#test_for_issue_2,FAIL,NO
com.alibaba.json.bvt.issue_1600.Issue1644#test_for_issue,FAIL,NO
com.alibaba.json.bvt.issue_1600.Issue1645#test_for_issue,FAIL,NO
com.alibaba.json.bvt.issue_1600.Issue1647#test_for_issue,FAIL,NO
com.alibaba.json.bvt.issue_1600.Issue1649#test_for_issue,FAIL,NO
com.alibaba.json.bvt.issue_1600.Issue1649_private#test_for_issue,FAIL,NO
com.alibaba.json.bvt.issue_1600.Issue1653#test_for_issue,FAIL,NO
com.alibaba.json.bvt.issue_1600.Issue1657#test_for_issue,FAIL,NO
com.alibaba.json.bvt.issue_1600.Issue1660#test_for_issue,PASS,YES
com.alibaba.json.bvt.issue_1600.Issue1662#test_for_issue,FAIL,NO
com.alibaba.json.bvt.issue_1600.Issue1662_1#test_for_issue,FAIL,NO
com.alibaba.json.bvt.issue_1600.Issue1665#test_for_issue,FAIL,NO
com.alibaba.json.bvt.issue_1600.Issue1679#test_for_issue,FAIL,NO
com.alibaba.json.bvt.issue_1600.Issue1683#test_for_issue,FAIL,NO
com.alibaba.json.bvt.issue_1600.Issue_for_gaorui#test_for_issue,FAIL,NO
com.alibaba.json.bvt.issue_1600.issue_1699.TestJson#test_for_issue,FAIL,NO
com.alibaba.json.bvt.issue_1700.Issue1723#test_for_issue,FAIL,NO
com.alibaba.json.bvt.issue_1700.Issue1723#test_for_issue_1,FAIL,NO
com.alibaba.json.bvt.issue_1700.Issue1723#test_for_issue_2,FAIL,NO
com.alibaba.json.bvt.issue_1700.Issue1725#test_for_issue,FAIL,NO
com.alibaba.json.bvt.issue_1700.Issue1727#test_for_issue,FAIL,NO
com.alibaba.json.bvt.issue_1700.Issue1733_jsonpath#test_for_issue,FAIL,NO
com.alibaba.json.bvt.issue_1700.Issue1733_jsonpath#test_for_issue_or,FAIL,NO
com.alibaba.json.bvt.issue_1700.Issue1733_jsonpath#test_for_issue_or_1,FAIL,NO
com.alibaba.json.bvt.issue_1700.Issue1739#test_for_issue,FAIL,NO
com.alibaba.json.bvt.issue_1700.Issue1739#test_for_issue_1,FAIL,NO
com.alibaba.json.bvt.issue_1700.Issue1761#test_for_issue,FAIL,NO
com.alibaba.json.bvt.issue_1700.Issue1763#test_for_issue,FAIL,NO
com.alibaba.json.bvt.issue_1700.Issue1764#test_for_issue,FAIL,NO
com.alibaba.json.bvt.issue_1700.Issue1764_bean#test_for_issue,FAIL,NO
com.alibaba.json.bvt.issue_1700.Issue1766#test_for_issue,FAIL,NO
com.alibaba.json.bvt.issue_1700.Issue1772#test_0,FAIL,NO
com.alibaba.json.bvt.issue_1700.Issue1772#test_1,FAIL,NO
com.alibaba.json.bvt.issue_1700.Issue1785#test_for_issue,FAIL,NO
com.alibaba.json.bvt.issue_1800.Issue1821#test_for_issue,FAIL,NO
com.alibaba.json.bvt.issue_1800.Issue1834#test_for_issue,FAIL,NO
com.alibaba.json.bvt.issue_1800.Issue1856#test_excludes,FAIL,NO
com.alibaba.json.bvt.issue_1800.Issue1870#test_for_issue,FAIL,NO
com.alibaba.json.bvt.issue_1800.Issue1871#test_for_issue,FAIL,NO
com.alibaba.json.bvt.issue_1800.Issue1879#test_for_issue_2,FAIL,NO
com.alibaba.json.bvt.issue_1800.Issue1892#test_for_issue,FAIL,NO
com.alibaba.json.bvt.issue_1800.Issue1892#test_for_issue_1,FAIL,NO
com.alibaba.json.bvt.issue_1800.Issue_for_dianxing#test_0,FAIL,NO
com.alibaba.json.bvt.issue_1800.Issue_for_float_zero#test_0,FAIL,NO
com.alibaba.json.bvt.issue_1800.Issue_for_float_zero#test_1,FAIL,NO
com.alibaba.json.bvt.issue_1900.Issue1901#test_for_issue,FAIL,NO
com.alibaba.json.bvt.issue_1900.Issue1901#test_for_issue_1,FAIL,NO
com.alibaba.json.bvt.issue_1900.Issue1903#test_issue,FAIL,NO
com.alibaba.json.bvt.issue_1900.Issue1909#test_for_issue,FAIL,NO
com.alibaba.json.bvt.issue_1900.Issue1933#test_for_issue,FAIL,NO
com.alibaba.json.bvt.issue_1900.Issue1933#test_for_issue_1,FAIL,NO
com.alibaba.json.bvt.issue_1900.Issue1933#test_for_issue_2,FAIL,NO
com.alibaba.json.bvt.issue_1900.Issue1939#test_for_issue,FAIL,NO
com.alibaba.json.bvt.issue_1900.Issue1939#test_for_issue_1,FAIL,NO
com.alibaba.json.bvt.issue_1900.Issue1941#test_for_issue,FAIL,NO
com.alibaba.json.bvt.issue_1900.Issue1941_JSONField_order#test_for_issue,FAIL,NO
com.alibaba.json.bvt.issue_1900.Issue1944#test_for_issue,FAIL,NO
com.alibaba.json.bvt.issue_1900.Issue1945#test_0,FAIL,NO
com.alibaba.json.bvt.issue_1900.Issue1955#test_for_issue,PASS,YES
com.alibaba.json.bvt.issue_1900.Issue1972#test_for_issue,FAIL,NO
com.alibaba.json.bvt.issue_1900.Issue1977#test_for_issue,FAIL,NO
com.alibaba.json.bvt.issue_1900.Issue1987#test_for_issue,FAIL,NO
com.alibaba.json.bvt.issue_1900.Issue1996#test_for_issue,FAIL,NO
com.alibaba.json.bvt.issue_2000.Issue2012#test_for_issue,FAIL,NO
com.alibaba.json.bvt.issue_2000.Issue2040#test_for_issue_2040,FAIL,NO
com.alibaba.json.bvt.issue_2000.Issue2040#test_for_issue_2040_2,FAIL,NO
com.alibaba.json.bvt.jdk7.PathTest#test_for_null,FAIL,NO
com.alibaba.json.bvt.jdk7.PathTest#test_for_path,FAIL,NO
com.alibaba.json.bvt.jdk8.DoubleAdderTest#test_long_add,FAIL,NO
com.alibaba.json.bvt.jdk8.DurationTest#test_for_issue,FAIL,NO
com.alibaba.json.bvt.jdk8.InstantTest#test_for_issue,FAIL,NO
com.alibaba.json.bvt.jdk8.LocalDateTest#test_for_issue,PASS,YES
com.alibaba.json.bvt.jdk8.LocalDateTest#test_for_long,PASS,YES
com.alibaba.json.bvt.jdk8.LocalDateTest2#test_for_issue,FAIL,NO
com.alibaba.json.bvt.jdk8.LocalDateTest3#test_for_issue,FAIL,NO
com.alibaba.json.bvt.jdk8.LocalDateTest4#test_for_issue,FAIL,NO
com.alibaba.json.bvt.jdk8.LocalDateTest5#test_for_au,FAIL,NO
com.alibaba.json.bvt.jdk8.LocalDateTest5#test_for_br,FAIL,NO
com.alibaba.json.bvt.jdk8.LocalDateTest5#test_for_de,FAIL,NO
com.alibaba.json.bvt.jdk8.LocalDateTest5#test_for_eur,FAIL,NO
com.alibaba.json.bvt.jdk8.LocalDateTest5#test_for_in,FAIL,NO
com.alibaba.json.bvt.jdk8.LocalDateTest5#test_for_jp,FAIL,NO
com.alibaba.json.bvt.jdk8.LocalDateTest5#test_for_kr,FAIL,NO
com.alibaba.json.bvt.jdk8.LocalDateTest5#test_for_tw,FAIL,NO
com.alibaba.json.bvt.jdk8.LocalDateTest5#test_for_us,FAIL,NO
com.alibaba.json.bvt.jdk8.LocalDateTest5#test_for_us_1,FAIL,NO
com.alibaba.json.bvt.jdk8.LocalDateTimeTest#test_for_issue,FAIL,NO
com.alibaba.json.bvt.jdk8.LocalDateTimeTest#test_for_issue_1,FAIL,NO
com.alibaba.json.bvt.jdk8.LocalDateTimeTest#test_toJsonString_ofLong,FAIL,NO
com.alibaba.json.bvt.jdk8.LocalDateTimeTest2#test_for_issue,FAIL,NO
com.alibaba.json.bvt.jdk8.LocalDateTimeTest3#test_for_issue,FAIL,NO
com.alibaba.json.bvt.jdk8.LocalDateTimeTest3_private#test_for_issue,FAIL,NO
com.alibaba.json.bvt.jdk8.LocalDateTimeTest4#test_for_issue,FAIL,NO
com.alibaba.json.bvt.jdk8.LocalDateTimeTest5#test_for_au,FAIL,NO
com.alibaba.json.bvt.jdk8.LocalDateTimeTest5#test_for_br,FAIL,NO
com.alibaba.json.bvt.jdk8.LocalDateTimeTest5#test_for_cn,FAIL,NO
com.alibaba.json.bvt.jdk8.LocalDateTimeTest5#test_for_de,FAIL,NO
com.alibaba.json.bvt.jdk8.LocalDateTimeTest5#test_for_eur,FAIL,NO
com.alibaba.json.bvt.jdk8.LocalDateTimeTest5#test_for_in,FAIL,NO
com.alibaba.json.bvt.jdk8.LocalDateTimeTest5#test_for_iso,FAIL,NO
com.alibaba.json.bvt.jdk8.LocalDateTimeTest5#test_for_jp,FAIL,NO
com.alibaba.json.bvt.jdk8.LocalDateTimeTest5#test_for_kr,FAIL,NO
com.alibaba.json.bvt.jdk8.LocalDateTimeTest5#test_for_long,FAIL,NO
com.alibaba.json.bvt.jdk8.LocalDateTimeTest5#test_for_normal,FAIL,NO
com.alibaba.json.bvt.jdk8.LocalDateTimeTest5#test_for_tw,FAIL,NO
com.alibaba.json.bvt.jdk8.LocalDateTimeTest5#test_for_us,FAIL,NO
com.alibaba.json.bvt.jdk8.LocalDateTimeTest5#test_for_us_1,FAIL,NO
com.alibaba.json.bvt.jdk8.LocalTimeTest#test_for_issue,PASS,YES
com.alibaba.json.bvt.jdk8.LocalTimeTest#test_for_long,PASS,YES
com.alibaba.json.bvt.jdk8.LocalTimeTest2#test_for_issue,FAIL,NO
com.alibaba.json.bvt.jdk8.LocalTimeTest3#test_for_issue,FAIL,NO
com.alibaba.json.bvt.jdk8.LongAdderTest#test_long_add,FAIL,NO
com.alibaba.json.bvt.jdk8.OffseTimeTest#test_for_issue,FAIL,NO
com.alibaba.json.bvt.jdk8.OffsetDateTimeTest#test_for_issue,FAIL,NO
com.alibaba.json.bvt.jdk8.OptionalDouble_Test#test_optional,FAIL,NO
com.alibaba.json.bvt.jdk8.OptionalInt_Test#test_optional,FAIL,NO
com.alibaba.json.bvt.jdk8.OptionalLong_Test#test_optional,FAIL,NO
com.alibaba.json.bvt.jdk8.OptionalTest#test_optional,FAIL,NO
com.alibaba.json.bvt.jdk8.OptionalTest#test_optionalDouble,FAIL,NO
com.alibaba.json.bvt.jdk8.OptionalTest#test_optionalDouble_present,FAIL,NO
com.alibaba.json.bvt.jdk8.OptionalTest#test_optionalInt,FAIL,NO
com.alibaba.json.bvt.jdk8.OptionalTest#test_optionalInt_present,FAIL,NO
com.alibaba.json.bvt.jdk8.OptionalTest#test_optionalLong,FAIL,NO
com.alibaba.json.bvt.jdk8.OptionalTest#test_optionalLong_present,FAIL,NO
com.alibaba.json.bvt.jdk8.OptionalTest2#test_optional,FAIL,NO
com.alibaba.json.bvt.jdk8.OptionalTest3#test_optional,FAIL,NO
com.alibaba.json.bvt.jdk8.OptionalTest4#test_for_issue,FAIL,NO
com.alibaba.json.bvt.jdk8.OptionalTest_empty#test_optional,FAIL,NO
com.alibaba.json.bvt.jdk8.PeriodTest#test_for_issue,FAIL,NO
com.alibaba.json.bvt.jdk8.ZoneIdTest#test_for_issue,FAIL,NO
com.alibaba.json.bvt.jdk8.ZonedDateTimeTest#test_for_issue,FAIL,NO
com.alibaba.json.bvt.jdk8.ZonedDateTimeTest2#test_for_issue,FAIL,NO
com.alibaba.json.bvt.joda.JodaTest_0#test_for_issue,PASS,YES
com.alibaba.json.bvt.joda.JodaTest_0#test_for_issue_1,PASS,YES
com.alibaba.json.bvt.joda.JodaTest_0#test_for_issue_2,PASS,YES
com.alibaba.json.bvt.joda.JodaTest_0#test_for_long,PASS,YES
com.alibaba.json.bvt.joda.JodaTest_1_LocalDateTime#test_for_issue,FAIL,NO
com.alibaba.json.bvt.joda.JodaTest_1_LocalDateTime#test_for_issue_1,FAIL,NO
com.alibaba.json.bvt.joda.JodaTest_1_LocalDateTime#test_toJsonString_ofLong,FAIL,NO
com.alibaba.json.bvt.joda.JodaTest_2_LocalDateTimeTest3_private#test_for_issue,FAIL,NO
com.alibaba.json.bvt.joda.JodaTest_3_LocalTimeTest#test_for_issue,PASS,YES
com.alibaba.json.bvt.joda.JodaTest_3_LocalTimeTest#test_for_long,PASS,YES
com.alibaba.json.bvt.joda.JodaTest_4_InstantTest#test_for_issue,FAIL,NO
com.alibaba.json.bvt.joda.JodaTest_5_DateTimeFormatter#test_for_joda_0,FAIL,NO
com.alibaba.json.bvt.joda.JodaTest_6_Duration#test_for_joda_0,FAIL,NO
com.alibaba.json.bvt.joda.JodaTest_6_Period#test_for_joda_0,FAIL,NO
com.alibaba.json.bvt.joda.JodaTest_7_DateTimeZone#test_for_joda_0,FAIL,NO
com.alibaba.json.bvt.joda.JodaTest_8_DateTimeTest#test_for_issue,PASS,YES
com.alibaba.json.bvt.joda.JodaTest_8_DateTimeTest#test_for_long,PASS,YES
com.alibaba.json.bvt.jsonfield.JSONFieldTest_0#test_0,FAIL,NO
com.alibaba.json.bvt.jsonfield.JSONFieldTest_1#test_0,FAIL,NO
com.alibaba.json.bvt.jsonp.JSONPParseTest#test_f,FAIL,NO
com.alibaba.json.bvt.jsonp.JSONPParseTest1#test_f,FAIL,NO
com.alibaba.json.bvt.jsonp.JSONPParseTest2#test_f,FAIL,NO
com.alibaba.json.bvt.jsonp.JSONPParseTest3#test_f,FAIL,NO
com.alibaba.json.bvt.jsonp.JSONPParseTest4#test_f,FAIL,NO
com.alibaba.json.bvt.kotlin.ClassWithPairMixedTypesTest#test_user,FAIL,NO
com.alibaba.json.bvt.kotlin.ClassWithPairTest#test_user,FAIL,NO
com.alibaba.json.bvt.kotlin.ClassWithRangesTest#test_user,FAIL,NO
com.alibaba.json.bvt.kotlin.ClassWithTripleTest#test_user,FAIL,NO
com.alibaba.json.bvt.kotlin.Class_WithPrimaryAndSecondaryConstructorTest#test_user,FAIL,NO
com.alibaba.json.bvt.kotlin.DataClassSimpleTest#test_user,FAIL,NO
com.alibaba.json.bvt.kotlin.DataClassTest#test_user,FAIL,NO
com.alibaba.json.bvt.kotlin.Issue1420#test_for_issue,FAIL,NO
com.alibaba.json.bvt.kotlin.Issue1462#test_user,FAIL,NO
com.alibaba.json.bvt.kotlin.Issue1483#test_user,FAIL,NO
com.alibaba.json.bvt.kotlin.Issue1524#test_user,FAIL,NO
com.alibaba.json.bvt.kotlin.Issue1543#test_cluster,FAIL,NO
com.alibaba.json.bvt.kotlin.Issue1543#test_user,FAIL,NO
com.alibaba.json.bvt.kotlin.Issue1547#test_user,FAIL,NO
com.alibaba.json.bvt.kotlin.Issue1569#test_user,FAIL,NO
com.alibaba.json.bvt.kotlin.Issue1750#test_user,FAIL,NO
com.alibaba.json.bvt.kotlin.ResponseKotlin2Test#test_kotlin,FAIL,NO
com.alibaba.json.bvt.kotlin.ResponseKotlinTest#test_kotlin,FAIL,NO
com.alibaba.json.bvt.kotlin.Zoujing#test_user,FAIL,NO
com.alibaba.json.bvt.naming.ListCaseTest#test_0,FAIL,NO
com.alibaba.json.bvt.naming.NamingSerTest#test_camel,FAIL,NO
com.alibaba.json.bvt.naming.NamingSerTest#test_kebab,FAIL,NO
com.alibaba.json.bvt.naming.NamingSerTest#test_pascal,FAIL,NO
com.alibaba.json.bvt.naming.NamingSerTest#test_snake,FAIL,NO
com.alibaba.json.bvt.parser.AEHuangliang2Test#test_for_issue,FAIL,NO
com.alibaba.json.bvt.parser.AETest#test_for_ae,FAIL,NO
com.alibaba.json.bvt.parser.Alipay1213#test_for_issue,FAIL,NO
com.alibaba.json.bvt.parser.AmbiguousTest#test_for_issue,FAIL,NO
com.alibaba.json.bvt.parser.AsmParserTest0#test_asm,FAIL,NO
com.alibaba.json.bvt.parser.AsmParserTest1#test_asm,FAIL,NO
com.alibaba.json.bvt.parser.AtomicIntegerComptableAndroidTest#test_for_compatible_five,FAIL,NO
com.alibaba.json.bvt.parser.AtomicIntegerComptableAndroidTest#test_for_compatible_six,FAIL,NO
com.alibaba.json.bvt.parser.AtomicIntegerComptableAndroidTest#test_for_compatible_zero,FAIL,NO
com.alibaba.json.bvt.parser.AtomicLongComptableAndroidTest#test_for_compatible_five,FAIL,NO
com.alibaba.json.bvt.parser.AtomicLongComptableAndroidTest#test_for_compatible_six,FAIL,NO
com.alibaba.json.bvt.parser.AtomicLongComptableAndroidTest#test_for_compatible_zero,FAIL,NO
com.alibaba.json.bvt.parser.BigDecimalKeyFieldTest#test_for_bigdecimal_key,FAIL,NO
com.alibaba.json.bvt.parser.BigListStringFieldTest#test_list,FAIL,NO
com.alibaba.json.bvt.parser.BigListStringFieldTest_private#test_list,FAIL,NO
com.alibaba.json.bvt.parser.BigListStringFieldTest_private#test_list_browserComptible,FAIL,NO
com.alibaba.json.bvt.parser.BigListStringFieldTest_private#test_list_browserSecure,FAIL,NO
com.alibaba.json.bvt.parser.BigSpecailKeyTest#test_big_special_key,FAIL,NO
com.alibaba.json.bvt.parser.BigSpecailKeyTest2#test_big_special_key,FAIL,NO
com.alibaba.json.bvt.parser.BigSpecailKeyTest2#test_big_special_key_2,FAIL,NO
com.alibaba.json.bvt.parser.BigSpecailStringTest#test_big_special_key,FAIL,NO
com.alibaba.json.bvt.parser.BigStringFieldTest#test_bigFieldString,FAIL,NO
com.alibaba.json.bvt.parser.BigStringFieldTest#test_list,FAIL,NO
com.alibaba.json.bvt.parser.BigStringFieldTest_private#test_bigFieldString,FAIL,NO
com.alibaba.json.bvt.parser.BigStringFieldTest_private#test_list,FAIL,NO
com.alibaba.json.bvt.parser.BigStringFieldTest_private#test_list_browserSecure,FAIL,NO
com.alibaba.json.bvt.parser.ClassTest#test_class,FAIL,NO
com.alibaba.json.bvt.parser.ClassTest#test_class_array,FAIL,NO
com.alibaba.json.bvt.parser.CommentTest#test_0,FAIL,NO
com.alibaba.json.bvt.parser.CommentTest#test_1,FAIL,NO
com.alibaba.json.bvt.parser.CommentTest#test_2,FAIL,NO
com.alibaba.json.bvt.parser.CommentTest#test_3,FAIL,NO
com.alibaba.json.bvt.parser.CommentTest#test_4,FAIL,NO
com.alibaba.json.bvt.parser.CommentTest#test_5,FAIL,NO
com.alibaba.json.bvt.parser.CommentTest#test_6,FAIL,NO
com.alibaba.json.bvt.parser.CommentTest#test_7,FAIL,NO
com.alibaba.json.bvt.parser.CreateInstanceErrorTest#test_ordered_field,FAIL,NO
com.alibaba.json.bvt.parser.CreateInstanceErrorTest2#test_ordered_field,FAIL,NO
com.alibaba.json.bvt.parser.DateParserTest#test_date_0,PASS,YES
com.alibaba.json.bvt.parser.DateParserTest#test_date_1,PASS,YES
com.alibaba.json.bvt.parser.DateParserTest#test_date_2,PASS,YES
com.alibaba.json.bvt.parser.DateParserTest#test_date_3,PASS,YES
com.alibaba.json.bvt.parser.DateParserTest#test_date_4,PASS,YES
com.alibaba.json.bvt.parser.DateParserTest#test_date_5,PASS,YES
com.alibaba.json.bvt.parser.DateParserTest#test_date_6,PASS,YES
com.alibaba.json.bvt.parser.DateParserTest#test_date_7,PASS,YES
com.alibaba.json.bvt.parser.DateParserTest#test_date_error_0,PASS,YES
com.alibaba.json.bvt.parser.DateParserTest#test_date_new,PASS,YES
com.alibaba.json.bvt.parser.DateParserTest#test_date_new_1,PASS,YES
com.alibaba.json.bvt.parser.DateParserTest_sql#test_date_1,FAIL,NO
com.alibaba.json.bvt.parser.DateParserTest_sql#test_date_2,FAIL,NO
com.alibaba.json.bvt.parser.DateParserTest_sql#test_date_3,FAIL,NO
com.alibaba.json.bvt.parser.DateParserTest_sql#test_date_4,FAIL,NO
com.alibaba.json.bvt.parser.DateParserTest_sql_timestamp#test_date_1,PASS,YES
com.alibaba.json.bvt.parser.DateParserTest_sql_timestamp#test_date_2,PASS,YES
com.alibaba.json.bvt.parser.DateParserTest_sql_timestamp#test_date_3,PASS,YES
com.alibaba.json.bvt.parser.DateParserTest_sql_timestamp#test_date_4,PASS,YES
com.alibaba.json.bvt.parser.DateTest#test_0,FAIL,NO
com.alibaba.json.bvt.parser.DefaultExtJSONParserTest#testCast,FAIL,NO
com.alibaba.json.bvt.parser.DefaultExtJSONParserTest#testCastCalendar,FAIL,NO
com.alibaba.json.bvt.parser.DefaultExtJSONParserTest#test_casterror,FAIL,NO
com.alibaba.json.bvt.parser.DefaultExtJSONParserTest#test_casterror2,FAIL,NO
com.alibaba.json.bvt.parser.DefaultExtJSONParserTest#test_error,FAIL,NO
com.alibaba.json.bvt.parser.DefaultExtJSONParserTest#test_error2,FAIL,NO
com.alibaba.json.bvt.parser.DefaultExtJSONParserTest#test_not_match,FAIL,NO
com.alibaba.json.bvt.parser.DefaultExtJSONParserTest#test_not_match_error,FAIL,NO
com.alibaba.json.bvt.parser.DefaultExtJSONParserTest#test_parseArrayWithType,FAIL,NO
com.alibaba.json.bvt.parser.DefaultExtJSONParserTest#test_parseArrayWithType_error_1,FAIL,NO
com.alibaba.json.bvt.parser.DefaultExtJSONParserTest#test_parseObject,FAIL,NO
com.alibaba.json.bvt.parser.DefaultExtJSONParserTest_0#test_0,FAIL,NO
com.alibaba.json.bvt.parser.DefaultExtJSONParserTest_0#test_1,FAIL,NO
com.alibaba.json.bvt.parser.DefaultExtJSONParserTest_0#test_2,FAIL,NO
com.alibaba.json.bvt.parser.DefaultExtJSONParserTest_0#test_3,FAIL,NO
com.alibaba.json.bvt.parser.DefaultExtJSONParserTest_0#test_error_0,FAIL,NO
com.alibaba.json.bvt.parser.DefaultExtJSONParserTest_0#test_error_1,FAIL,NO
com.alibaba.json.bvt.parser.DefaultExtJSONParserTest_0#test_error_2,FAIL,NO
com.alibaba.json.bvt.parser.DefaultExtJSONParserTest_0#test_error_3,FAIL,NO
com.alibaba.json.bvt.parser.DefaultExtJSONParserTest_0#test_error_4,FAIL,NO
com.alibaba.json.bvt.parser.DefaultExtJSONParserTest_1#test_0,FAIL,NO
com.alibaba.json.bvt.parser.DefaultExtJSONParserTest_1#test_1,FAIL,NO
com.alibaba.json.bvt.parser.DefaultExtJSONParserTest_2#test_0,FAIL,NO
com.alibaba.json.bvt.parser.DefaultExtJSONParserTest_2#test_1,FAIL,NO
com.alibaba.json.bvt.parser.DefaultExtJSONParserTest_2#test_2,FAIL,NO
com.alibaba.json.bvt.parser.DefaultExtJSONParserTest_2#test_3,FAIL,NO
com.alibaba.json.bvt.parser.DefaultExtJSONParserTest_2#test_4,FAIL,NO
com.alibaba.json.bvt.parser.DefaultExtJSONParserTest_2#test_error_0,FAIL,NO
com.alibaba.json.bvt.parser.DefaultExtJSONParserTest_2#test_error_1,FAIL,NO
com.alibaba.json.bvt.parser.DefaultExtJSONParserTest_2#test_error_2,FAIL,NO
com.alibaba.json.bvt.parser.DefaultExtJSONParserTest_2#test_error_3,FAIL,NO
com.alibaba.json.bvt.parser.DefaultExtJSONParserTest_2#test_error_4,FAIL,NO
com.alibaba.json.bvt.parser.DefaultExtJSONParserTest_2#test_error_5,FAIL,NO
com.alibaba.json.bvt.parser.DefaultExtJSONParserTest_2#test_error_6,FAIL,NO
com.alibaba.json.bvt.parser.DefaultExtJSONParserTest_3#test_0,FAIL,NO
com.alibaba.json.bvt.parser.DefaultExtJSONParserTest_3#test_1,FAIL,NO
com.alibaba.json.bvt.parser.DefaultExtJSONParserTest_3#test_2,FAIL,NO
com.alibaba.json.bvt.parser.DefaultExtJSONParserTest_3#test_3,FAIL,NO
com.alibaba.json.bvt.parser.DefaultExtJSONParserTest_3#test_4,FAIL,NO
com.alibaba.json.bvt.parser.DefaultExtJSONParserTest_3#test_5,FAIL,NO
com.alibaba.json.bvt.parser.DefaultExtJSONParserTest_3#test_6,FAIL,NO
com.alibaba.json.bvt.parser.DefaultExtJSONParserTest_3#test_7,FAIL,NO
com.alibaba.json.bvt.parser.DefaultExtJSONParserTest_4#test_0,FAIL,NO
com.alibaba.json.bvt.parser.DefaultExtJSONParserTest_4#test_1,FAIL,NO
com.alibaba.json.bvt.parser.DefaultExtJSONParserTest_4#test_2,FAIL,NO
com.alibaba.json.bvt.parser.DefaultExtJSONParserTest_5#test_0,FAIL,NO
com.alibaba.json.bvt.parser.DefaultExtJSONParserTest_5#test_1,FAIL,NO
com.alibaba.json.bvt.parser.DefaultExtJSONParserTest_6#test_0,FAIL,NO
com.alibaba.json.bvt.parser.DefaultExtJSONParserTest_6#test_1,FAIL,NO
com.alibaba.json.bvt.parser.DefaultExtJSONParserTest_7#test_parse,FAIL,NO
com.alibaba.json.bvt.parser.DefaultExtJSONParserTest_7#test_parseArray,FAIL,NO
com.alibaba.json.bvt.parser.DefaultExtJSONParserTest_7#test_parseArray_error,FAIL,NO
com.alibaba.json.bvt.parser.DefaultExtJSONParserTest_7#test_parse_str,FAIL,NO
com.alibaba.json.bvt.parser.DefaultExtJSONParser_parseArray#test_0,FAIL,NO
com.alibaba.json.bvt.parser.DefaultExtJSONParser_parseArray#test_1,FAIL,NO
com.alibaba.json.bvt.parser.DefaultExtJSONParser_parseArray#test_10,FAIL,NO
com.alibaba.json.bvt.parser.DefaultExtJSONParser_parseArray#test_11,FAIL,NO
com.alibaba.json.bvt.parser.DefaultExtJSONParser_parseArray#test_12,FAIL,NO
com.alibaba.json.bvt.parser.DefaultExtJSONParser_parseArray#test_13,FAIL,NO
com.alibaba.json.bvt.parser.DefaultExtJSONParser_parseArray#test_14,FAIL,NO
com.alibaba.json.bvt.parser.DefaultExtJSONParser_parseArray#test_15,FAIL,NO
com.alibaba.json.bvt.parser.DefaultExtJSONParser_parseArray#test_16,FAIL,NO
com.alibaba.json.bvt.parser.DefaultExtJSONParser_parseArray#test_17,FAIL,NO
com.alibaba.json.bvt.parser.DefaultExtJSONParser_parseArray#test_18,FAIL,NO
com.alibaba.json.bvt.parser.DefaultExtJSONParser_parseArray#test_2,FAIL,NO
com.alibaba.json.bvt.parser.DefaultExtJSONParser_parseArray#test_3,FAIL,NO
com.alibaba.json.bvt.parser.DefaultExtJSONParser_parseArray#test_4,FAIL,NO
com.alibaba.json.bvt.parser.DefaultExtJSONParser_parseArray#test_5,FAIL,NO
com.alibaba.json.bvt.parser.DefaultExtJSONParser_parseArray#test_6,FAIL,NO
com.alibaba.json.bvt.parser.DefaultExtJSONParser_parseArray#test_7,FAIL,NO
com.alibaba.json.bvt.parser.DefaultExtJSONParser_parseArray#test_8,FAIL,NO
com.alibaba.json.bvt.parser.DefaultExtJSONParser_parseArray#test_9,FAIL,NO
com.alibaba.json.bvt.parser.DefaultExtJSONParser_parseArray#test_error,FAIL,NO
com.alibaba.json.bvt.parser.DefaultExtJSONParser_parseArray#test_error_2,FAIL,NO
com.alibaba.json.bvt.parser.DefaultExtJSONParser_parseArray#test_error_3,FAIL,NO
com.alibaba.json.bvt.parser.DefaultExtJSONParser_parseArray#test_error_4,FAIL,NO
com.alibaba.json.bvt.parser.DefaultExtJSONParser_parseArray#test_error_5,FAIL,NO
com.alibaba.json.bvt.parser.DefaultExtJSONParser_parseArray#test_error_6,FAIL,NO
com.alibaba.json.bvt.parser.DefaultExtJSONParser_parseArray#test_error_7,FAIL,NO
com.alibaba.json.bvt.parser.DefaultExtJSONParser_parseArray#test_error_8,FAIL,NO
com.alibaba.json.bvt.parser.DefaultExtJSONParser_parseArray#test_error_var,FAIL,NO
com.alibaba.json.bvt.parser.DefaultExtJSONParser_parseArray_2#test_0,FAIL,NO
com.alibaba.json.bvt.parser.DefaultExtJSONParser_parseArray_2#test_1,FAIL,NO
com.alibaba.json.bvt.parser.DefaultExtJSONParser_parseArray_2#test_error_0,FAIL,NO
com.alibaba.json.bvt.parser.DefaultExtJSONParser_parseArray_2#test_error_1,FAIL,NO
com.alibaba.json.bvt.parser.DefaultExtJSONParser_parseArray_2#test_error_2,FAIL,NO
com.alibaba.json.bvt.parser.DefaultExtJSONParser_parseArray_2#test_error_3,FAIL,NO
com.alibaba.json.bvt.parser.DefaultExtJSONParser_parseArray_2#test_error_4,FAIL,NO
com.alibaba.json.bvt.parser.DefaultExtJSONParser_parseArray_2#test_error_5,FAIL,NO
com.alibaba.json.bvt.parser.DefaultExtJSONParser_parseArray_2#test_error_6,FAIL,NO
com.alibaba.json.bvt.parser.DefaultJSONParserTest2#test_0,FAIL,NO
com.alibaba.json.bvt.parser.DefaultJSONParserTest2#test_1,FAIL,NO
com.alibaba.json.bvt.parser.DefaultJSONParserTest2#test_2,FAIL,NO
com.alibaba.json.bvt.parser.DefaultJSONParserTest2#test_3,FAIL,NO
com.alibaba.json.bvt.parser.DefaultJSONParserTest2#test_4,FAIL,NO
com.alibaba.json.bvt.parser.DefaultJSONParserTest2#test_5,FAIL,NO
com.alibaba.json.bvt.parser.DefaultJSONParserTest_charArray#test_getInput,FAIL,NO
com.alibaba.json.bvt.parser.DefaultJSONParserTest_comma#test_getInput,FAIL,NO
com.alibaba.json.bvt.parser.DefaultJSONParserTest_date#test_date,PASS,YES
com.alibaba.json.bvt.parser.DefaultJSONParserTest_date#test_date2,PASS,YES
com.alibaba.json.bvt.parser.DefaultJSONParserTest_date#test_date3,PASS,YES
com.alibaba.json.bvt.parser.DefaultJSONParserTest_date#test_date4,PASS,YES
com.alibaba.json.bvt.parser.DefaultJSONParserTest_date#test_dateFormat,PASS,YES
com.alibaba.json.bvt.parser.DefaultJSONParserTest_error#test_error_1,FAIL,NO
com.alibaba.json.bvt.parser.DefaultJSONParserTest_error#test_error_2,FAIL,NO
com.alibaba.json.bvt.parser.DefaultJSONParserTest_error#test_error_3,FAIL,NO
com.alibaba.json.bvt.parser.EnumParserTest#test_0,FAIL,NO
com.alibaba.json.bvt.parser.EnumParserTest#test_1,FAIL,NO
com.alibaba.json.bvt.parser.EnumParserTest#test_error,FAIL,NO
com.alibaba.json.bvt.parser.EnumParserTest#test_error_1,FAIL,NO
com.alibaba.json.bvt.parser.EnumParserTest#test_error_2,FAIL,NO
com.alibaba.json.bvt.parser.EnumParserTest#test_error_3,FAIL,NO
com.alibaba.json.bvt.parser.EnumParserTest#test_error_4,FAIL,NO
com.alibaba.json.bvt.parser.FastMatchCheckTest#test_match,FAIL,NO
com.alibaba.json.bvt.parser.FeatureCountTest#testZ_0,FAIL,NO
com.alibaba.json.bvt.parser.FeatureParserTest#test_AllowSingleQuotes_0,FAIL,NO
com.alibaba.json.bvt.parser.FeatureParserTest#test_AllowSingleQuotes_1,FAIL,NO
com.alibaba.json.bvt.parser.FeatureParserTest#test_AllowUnQuotedFieldNames_0,FAIL,NO
com.alibaba.json.bvt.parser.FeatureParserTest#test_error_0,FAIL,NO
com.alibaba.json.bvt.parser.FeatureParserTest#test_error_1,FAIL,NO
com.alibaba.json.bvt.parser.FeatureParserTest#test_error_2,FAIL,NO
com.alibaba.json.bvt.parser.FeatureTest#test_config,FAIL,NO
com.alibaba.json.bvt.parser.FeatureTest#test_default,FAIL,NO
com.alibaba.json.bvt.parser.InetSocketAddressTest#test_parse,FAIL,NO
com.alibaba.json.bvt.parser.InetSocketAddressTest#test_parse_error,FAIL,NO
com.alibaba.json.bvt.parser.JSONArrayParseTest#test_array,FAIL,NO
com.alibaba.json.bvt.parser.JSONLexerAllowCommentTest#test_0,FAIL,NO
com.alibaba.json.bvt.parser.JSONLexerAllowCommentTest#test_1,FAIL,NO
com.alibaba.json.bvt.parser.JSONLexerTest#test_0,FAIL,NO
com.alibaba.json.bvt.parser.JSONLexerTest_10#test_a,FAIL,NO
com.alibaba.json.bvt.parser.JSONLexerTest_11#test_a,FAIL,NO
com.alibaba.json.bvt.parser.JSONLexerTest_12#test_a,FAIL,NO
com.alibaba.json.bvt.parser.JSONLexerTest_12#test_error,FAIL,NO
com.alibaba.json.bvt.parser.JSONLexerTest_12#test_error_2,FAIL,NO
com.alibaba.json.bvt.parser.JSONLexerTest_12#test_error_3,FAIL,NO
com.alibaba.json.bvt.parser.JSONLexerTest_13#test_E,FAIL,NO
com.alibaba.json.bvt.parser.JSONLexerTest_13#test_E_minus,FAIL,NO
com.alibaba.json.bvt.parser.JSONLexerTest_13#test_E_plus,FAIL,NO
com.alibaba.json.bvt.parser.JSONLexerTest_13#test_e,FAIL,NO
com.alibaba.json.bvt.parser.JSONLexerTest_13#test_e_minus,FAIL,NO
com.alibaba.json.bvt.parser.JSONLexerTest_13#test_e_plus,FAIL,NO
com.alibaba.json.bvt.parser.JSONLexerTest_13#test_error_3,FAIL,NO
com.alibaba.json.bvt.parser.JSONLexerTest_14#test_e,FAIL,NO
com.alibaba.json.bvt.parser.JSONLexerTest_15#test_e,FAIL,NO
com.alibaba.json.bvt.parser.JSONLexerTest_16#test_0,FAIL,NO
com.alibaba.json.bvt.parser.JSONLexerTest_16#test_1,FAIL,NO
com.alibaba.json.bvt.parser.JSONLexerTest_16#test_10,FAIL,NO
com.alibaba.json.bvt.parser.JSONLexerTest_16#test_2,FAIL,NO
com.alibaba.json.bvt.parser.JSONLexerTest_16#test_3,FAIL,NO
com.alibaba.json.bvt.parser.JSONLexerTest_16#test_39,FAIL,NO
com.alibaba.json.bvt.parser.JSONLexerTest_16#test_4,FAIL,NO
com.alibaba.json.bvt.parser.JSONLexerTest_16#test_40,FAIL,NO
com.alibaba.json.bvt.parser.JSONLexerTest_16#test_5,FAIL,NO
com.alibaba.json.bvt.parser.JSONLexerTest_16#test_6,FAIL,NO
com.alibaba.json.bvt.parser.JSONLexerTest_16#test_7,FAIL,NO
com.alibaba.json.bvt.parser.JSONLexerTest_16#test_8,FAIL,NO
com.alibaba.json.bvt.parser.JSONLexerTest_16#test_9,FAIL,NO
com.alibaba.json.bvt.parser.JSONLexerTest_2#test_0,FAIL,NO
com.alibaba.json.bvt.parser.JSONLexerTest_2#test_1,FAIL,NO
com.alibaba.json.bvt.parser.JSONLexerTest_2#test_2,FAIL,NO
com.alibaba.json.bvt.parser.JSONLexerTest_2#test_a,FAIL,NO
com.alibaba.json.bvt.parser.JSONLexerTest_2#test_error,FAIL,NO
com.alibaba.json.bvt.parser.JSONLexerTest_2#test_list,FAIL,NO
com.alibaba.json.bvt.parser.JSONLexerTest_2#test_list_2,FAIL,NO
com.alibaba.json.bvt.parser.JSONLexerTest_3#test_matchField,FAIL,NO
com.alibaba.json.bvt.parser.JSONLexerTest_4#test_scanFieldString,FAIL,NO
com.alibaba.json.bvt.parser.JSONLexerTest_5#test_scanFieldString,FAIL,NO
com.alibaba.json.bvt.parser.JSONLexerTest_6#test_scanFieldString,FAIL,NO
com.alibaba.json.bvt.parser.JSONLexerTest_7#test_error,FAIL,NO
com.alibaba.json.bvt.parser.JSONLexerTest_7#test_error_1,FAIL,NO
com.alibaba.json.bvt.parser.JSONLexerTest_7#test_error_2,FAIL,NO
com.alibaba.json.bvt.parser.JSONLexerTest_7#test_error_3,FAIL,NO
com.alibaba.json.bvt.parser.JSONLexerTest_7#test_error_4,FAIL,NO
com.alibaba.json.bvt.parser.JSONLexerTest_7#test_error_5,FAIL,NO
com.alibaba.json.bvt.parser.JSONLexerTest_7#test_error_6,FAIL,NO
com.alibaba.json.bvt.parser.JSONLexerTest_7#test_error_7,FAIL,NO
com.alibaba.json.bvt.parser.JSONLexerTest_7#test_treeSet,FAIL,NO
com.alibaba.json.bvt.parser.JSONLexerTest_8#test_ident,FAIL,NO
com.alibaba.json.bvt.parser.JSONLexerTest_8#test_ident_2,FAIL,NO
com.alibaba.json.bvt.parser.JSONLexerTest_8#test_ident_3,FAIL,NO
com.alibaba.json.bvt.parser.JSONLexerTest_9#test_a,FAIL,NO
com.alibaba.json.bvt.parser.JSONLexerTest_9#test_b,FAIL,NO
com.alibaba.json.bvt.parser.JSONLexerTest_9#test_ident,FAIL,NO
com.alibaba.json.bvt.parser.JSONLexerTest_9#test_value,FAIL,NO
com.alibaba.json.bvt.parser.JSONLexerTest_9#test_value2,FAIL,NO
com.alibaba.json.bvt.parser.JSONLexerTest_set#test_error,FAIL,NO
com.alibaba.json.bvt.parser.JSONLexerTest_set#test_error_1,FAIL,NO
com.alibaba.json.bvt.parser.JSONLexerTest_set#test_error_2,FAIL,NO
com.alibaba.json.bvt.parser.JSONLexerTest_set#test_error_3,FAIL,NO
com.alibaba.json.bvt.parser.JSONLexerTest_set#test_treeSet,FAIL,NO
com.alibaba.json.bvt.parser.JSONReaderScannerTest__entity_boolean#test_scanInt,FAIL,NO
com.alibaba.json.bvt.parser.JSONReaderScannerTest__entity_double#test_scanFloat,FAIL,NO
com.alibaba.json.bvt.parser.JSONReaderScannerTest__entity_double_2#test_scanFloat,FAIL,NO
com.alibaba.json.bvt.parser.JSONReaderScannerTest__entity_enum#test_scanInt,FAIL,NO
com.alibaba.json.bvt.parser.JSONReaderScannerTest__entity_float#test_scanFloat,FAIL,NO
com.alibaba.json.bvt.parser.JSONReaderScannerTest__entity_int#test_scanInt,FAIL,NO
com.alibaba.json.bvt.parser.JSONReaderScannerTest__entity_long#test_scanInt,FAIL,NO
com.alibaba.json.bvt.parser.JSONReaderScannerTest__entity_string#test_scanInt,FAIL,NO
com.alibaba.json.bvt.parser.JSONReaderScannerTest__entity_stringList#test_scanInt,FAIL,NO
com.alibaba.json.bvt.parser.JSONReaderScannerTest__map_string#test_scanInt,FAIL,NO
com.alibaba.json.bvt.parser.JSONReaderScannerTest_array_string#test_scanInt,FAIL,NO
com.alibaba.json.bvt.parser.JSONReaderScannerTest_bytes#test_e,FAIL,NO
com.alibaba.json.bvt.parser.JSONReaderScannerTest_decimal#test_scanInt,FAIL,NO
com.alibaba.json.bvt.parser.JSONReaderScannerTest_enum#test_e,FAIL,NO
com.alibaba.json.bvt.parser.JSONReaderScannerTest_error#test_e,FAIL,NO
com.alibaba.json.bvt.parser.JSONReaderScannerTest_error2#test_e,FAIL,NO
com.alibaba.json.bvt.parser.JSONReaderScannerTest_error3#test_e,FAIL,NO
com.alibaba.json.bvt.parser.JSONReaderScannerTest_error4#test_e,FAIL,NO
com.alibaba.json.bvt.parser.JSONReaderScannerTest_error5#test_e,FAIL,NO
com.alibaba.json.bvt.parser.JSONReaderScannerTest_int#test_scanInt,FAIL,NO
com.alibaba.json.bvt.parser.JSONReaderScannerTest_jsonobject#test_e,FAIL,NO
com.alibaba.json.bvt.parser.JSONReaderScannerTest_long#test_scanInt,FAIL,NO
com.alibaba.json.bvt.parser.JSONReaderTest_array_array#test_read,FAIL,NO
com.alibaba.json.bvt.parser.JSONReaderTest_array_array#test_read_1,FAIL,NO
com.alibaba.json.bvt.parser.JSONReaderTest_array_array_2#test_read,FAIL,NO
com.alibaba.json.bvt.parser.JSONReaderTest_array_array_2#test_read_1,FAIL,NO
com.alibaba.json.bvt.parser.JSONReaderTest_array_object#test_read,FAIL,NO
com.alibaba.json.bvt.parser.JSONReaderTest_array_object#test_read_1,FAIL,NO
com.alibaba.json.bvt.parser.JSONReaderTest_array_object#test_read_3,FAIL,NO
com.alibaba.json.bvt.parser.JSONReaderTest_array_object_2#test_read,FAIL,NO
com.alibaba.json.bvt.parser.JSONReaderTest_array_object_2#test_read_1,FAIL,NO
com.alibaba.json.bvt.parser.JSONReaderTest_object_int#test_read,FAIL,NO
com.alibaba.json.bvt.parser.JSONReaderTest_object_int#test_read_1,FAIL,NO
com.alibaba.json.bvt.parser.JSONReaderTest_object_int_unquote#test_read,FAIL,NO
com.alibaba.json.bvt.parser.JSONReaderTest_object_int_unquote#test_read_1,FAIL,NO
com.alibaba.json.bvt.parser.JSONReaderTest_object_long#test_read,FAIL,NO
com.alibaba.json.bvt.parser.JSONReaderTest_object_long#test_read_1,FAIL,NO
com.alibaba.json.bvt.parser.JSONReaderTest_object_object#test_read,FAIL,NO
com.alibaba.json.bvt.parser.JSONReaderTest_object_object#test_read_1,FAIL,NO
com.alibaba.json.bvt.parser.JSONReaderTest_object_object#test_read_2,FAIL,NO
com.alibaba.json.bvt.parser.JSONReaderTest_object_string#test_read,FAIL,NO
com.alibaba.json.bvt.parser.JSONReaderTest_object_string#test_read_1,FAIL,NO
com.alibaba.json.bvt.parser.JSONReader_error#test_0,FAIL,NO
com.alibaba.json.bvt.parser.JSONReader_error#test_1,FAIL,NO
com.alibaba.json.bvt.parser.JSONReader_top#test_int,FAIL,NO
com.alibaba.json.bvt.parser.JSONReader_top#test_long,FAIL,NO
com.alibaba.json.bvt.parser.JSONScannerTest_ISO8601#test_0,FAIL,NO
com.alibaba.json.bvt.parser.JSONScannerTest_ISO8601#test_2,FAIL,NO
com.alibaba.json.bvt.parser.JSONScannerTest_ISO8601#test_3,FAIL,NO
com.alibaba.json.bvt.parser.JSONScannerTest__nextToken#test_next,FAIL,NO
com.alibaba.json.bvt.parser.JSONScannerTest__nextToken#test_next_1,FAIL,NO
com.alibaba.json.bvt.parser.JSONScannerTest__nextToken#test_next_10,FAIL,NO
com.alibaba.json.bvt.parser.JSONScannerTest__nextToken#test_next_11,FAIL,NO
com.alibaba.json.bvt.parser.JSONScannerTest__nextToken#test_next_12,FAIL,NO
com.alibaba.json.bvt.parser.JSONScannerTest__nextToken#test_next_13,FAIL,NO
com.alibaba.json.bvt.parser.JSONScannerTest__nextToken#test_next_2,FAIL,NO
com.alibaba.json.bvt.parser.JSONScannerTest__nextToken#test_next_3,FAIL,NO
com.alibaba.json.bvt.parser.JSONScannerTest__nextToken#test_next_4,FAIL,NO
com.alibaba.json.bvt.parser.JSONScannerTest__nextToken#test_next_5,FAIL,NO
com.alibaba.json.bvt.parser.JSONScannerTest__nextToken#test_next_6,FAIL,NO
com.alibaba.json.bvt.parser.JSONScannerTest__nextToken#test_next_7,FAIL,NO
com.alibaba.json.bvt.parser.JSONScannerTest__nextToken#test_next_8,FAIL,NO
com.alibaba.json.bvt.parser.JSONScannerTest__nextToken#test_next_9,FAIL,NO
com.alibaba.json.bvt.parser.JSONScannerTest__x#test_x,FAIL,NO
com.alibaba.json.bvt.parser.JSONScannerTest_colon#test_0,FAIL,NO
com.alibaba.json.bvt.parser.JSONScannerTest_colon#test_1,FAIL,NO
com.alibaba.json.bvt.parser.JSONScannerTest_colon#test_2,FAIL,NO
com.alibaba.json.bvt.parser.JSONScannerTest_colon#test_3,FAIL,NO
com.alibaba.json.bvt.parser.JSONScannerTest_colon#test_4,FAIL,NO
com.alibaba.json.bvt.parser.JSONScannerTest_colon#test_5,FAIL,NO
com.alibaba.json.bvt.parser.JSONScannerTest_colon#test_6,FAIL,NO
com.alibaba.json.bvt.parser.JSONScannerTest_colon#test_7,FAIL,NO
com.alibaba.json.bvt.parser.JSONScannerTest_colon#test_8,FAIL,NO
com.alibaba.json.bvt.parser.JSONScannerTest_colon#test_f,FAIL,NO
com.alibaba.json.bvt.parser.JSONScannerTest_false#test_scan_false_0,FAIL,NO
com.alibaba.json.bvt.parser.JSONScannerTest_false#test_scan_false_1,FAIL,NO
com.alibaba.json.bvt.parser.JSONScannerTest_false#test_scan_false_10,FAIL,NO
com.alibaba.json.bvt.parser.JSONScannerTest_false#test_scan_false_11,FAIL,NO
com.alibaba.json.bvt.parser.JSONScannerTest_false#test_scan_false_12,FAIL,NO
com.alibaba.json.bvt.parser.JSONScannerTest_false#test_scan_false_13,FAIL,NO
com.alibaba.json.bvt.parser.JSONScannerTest_false#test_scan_false_14,FAIL,NO
com.alibaba.json.bvt.parser.JSONScannerTest_false#test_scan_false_15,FAIL,NO
com.alibaba.json.bvt.parser.JSONScannerTest_false#test_scan_false_2,FAIL,NO
com.alibaba.json.bvt.parser.JSONScannerTest_false#test_scan_false_3,FAIL,NO
com.alibaba.json.bvt.parser.JSONScannerTest_false#test_scan_false_4,FAIL,NO
com.alibaba.json.bvt.parser.JSONScannerTest_false#test_scan_false_5,FAIL,NO
com.alibaba.json.bvt.parser.JSONScannerTest_false#test_scan_false_6,FAIL,NO
com.alibaba.json.bvt.parser.JSONScannerTest_false#test_scan_false_6_1,FAIL,NO
com.alibaba.json.bvt.parser.JSONScannerTest_false#test_scan_false_7,FAIL,NO
com.alibaba.json.bvt.parser.JSONScannerTest_false#test_scan_false_8,FAIL,NO
com.alibaba.json.bvt.parser.JSONScannerTest_false#test_scan_false_9,FAIL,NO
com.alibaba.json.bvt.parser.JSONScannerTest_ident#test_Date,FAIL,NO
com.alibaba.json.bvt.parser.JSONScannerTest_ident#test_false,FAIL,NO
com.alibaba.json.bvt.parser.JSONScannerTest_ident#test_new,FAIL,NO
com.alibaba.json.bvt.parser.JSONScannerTest_ident#test_null,FAIL,NO
com.alibaba.json.bvt.parser.JSONScannerTest_ident#test_true,FAIL,NO
com.alibaba.json.bvt.parser.JSONScannerTest_int#test_error_0,FAIL,NO
com.alibaba.json.bvt.parser.JSONScannerTest_int#test_error_1,FAIL,NO
com.alibaba.json.bvt.parser.JSONScannerTest_int#test_error_2,FAIL,NO
com.alibaba.json.bvt.parser.JSONScannerTest_int#test_error_3,FAIL,NO
com.alibaba.json.bvt.parser.JSONScannerTest_int#test_parse_long_2,FAIL,NO
com.alibaba.json.bvt.parser.JSONScannerTest_isEOF#test_0,FAIL,NO
com.alibaba.json.bvt.parser.JSONScannerTest_isEOF#test_1,FAIL,NO
com.alibaba.json.bvt.parser.JSONScannerTest_isEOF#test_2,FAIL,NO
com.alibaba.json.bvt.parser.JSONScannerTest_isEOF#test_3,FAIL,NO
com.alibaba.json.bvt.parser.JSONScannerTest_long#test_error_0,FAIL,NO
com.alibaba.json.bvt.parser.JSONScannerTest_long#test_error_1,FAIL,NO
com.alibaba.json.bvt.parser.JSONScannerTest_long#test_error_2,FAIL,NO
com.alibaba.json.bvt.parser.JSONScannerTest_long#test_error_3,FAIL,NO
com.alibaba.json.bvt.parser.JSONScannerTest_long#test_parse_long_2,FAIL,NO
com.alibaba.json.bvt.parser.JSONScannerTest_new#test_scan_new_0,FAIL,NO
com.alibaba.json.bvt.parser.JSONScannerTest_new#test_scan_new_1,FAIL,NO
com.alibaba.json.bvt.parser.JSONScannerTest_new#test_scan_new_10,FAIL,NO
com.alibaba.json.bvt.parser.JSONScannerTest_new#test_scan_new_11,FAIL,NO
com.alibaba.json.bvt.parser.JSONScannerTest_new#test_scan_new_12,FAIL,NO
com.alibaba.json.bvt.parser.JSONScannerTest_new#test_scan_new_13,FAIL,NO
com.alibaba.json.bvt.parser.JSONScannerTest_new#test_scan_new_14,FAIL,NO
com.alibaba.json.bvt.parser.JSONScannerTest_new#test_scan_new_15,FAIL,NO
com.alibaba.json.bvt.parser.JSONScannerTest_new#test_scan_new_2,FAIL,NO
com.alibaba.json.bvt.parser.JSONScannerTest_new#test_scan_new_3,FAIL,NO
com.alibaba.json.bvt.parser.JSONScannerTest_new#test_scan_new_4,FAIL,NO
com.alibaba.json.bvt.parser.JSONScannerTest_new#test_scan_new_5,FAIL,NO
com.alibaba.json.bvt.parser.JSONScannerTest_new#test_scan_new_6,FAIL,NO
com.alibaba.json.bvt.parser.JSONScannerTest_new#test_scan_new_7,FAIL,NO
com.alibaba.json.bvt.parser.JSONScannerTest_new#test_scan_new_8,FAIL,NO
com.alibaba.json.bvt.parser.JSONScannerTest_new#test_scan_new_9,FAIL,NO
com.alibaba.json.bvt.parser.JSONScannerTest_null#test_scan_false_14,FAIL,NO
com.alibaba.json.bvt.parser.JSONScannerTest_null#test_scan_false_15,FAIL,NO
com.alibaba.json.bvt.parser.JSONScannerTest_null#test_scan_null_0,FAIL,NO
com.alibaba.json.bvt.parser.JSONScannerTest_null#test_scan_null_1,FAIL,NO
com.alibaba.json.bvt.parser.JSONScannerTest_null#test_scan_null_10,FAIL,NO
com.alibaba.json.bvt.parser.JSONScannerTest_null#test_scan_null_11,FAIL,NO
com.alibaba.json.bvt.parser.JSONScannerTest_null#test_scan_null_12,FAIL,NO
com.alibaba.json.bvt.parser.JSONScannerTest_null#test_scan_null_13,FAIL,NO
com.alibaba.json.bvt.parser.JSONScannerTest_null#test_scan_null_2,FAIL,NO
com.alibaba.json.bvt.parser.JSONScannerTest_null#test_scan_null_3,FAIL,NO
com.alibaba.json.bvt.parser.JSONScannerTest_null#test_scan_null_4,FAIL,NO
com.alibaba.json.bvt.parser.JSONScannerTest_null#test_scan_null_5,FAIL,NO
com.alibaba.json.bvt.parser.JSONScannerTest_null#test_scan_null_6,FAIL,NO
com.alibaba.json.bvt.parser.JSONScannerTest_null#test_scan_null_7,FAIL,NO
com.alibaba.json.bvt.parser.JSONScannerTest_null#test_scan_null_8,FAIL,NO
com.alibaba.json.bvt.parser.JSONScannerTest_null#test_scan_null_9,FAIL,NO
com.alibaba.json.bvt.parser.JSONScannerTest_scanFieldBoolean#test_1,FAIL,NO
com.alibaba.json.bvt.parser.JSONScannerTest_scanFieldBoolean#test_2,FAIL,NO
com.alibaba.json.bvt.parser.JSONScannerTest_scanFieldBoolean#test_3,FAIL,NO
com.alibaba.json.bvt.parser.JSONScannerTest_scanFieldBoolean#test_5,FAIL,NO
com.alibaba.json.bvt.parser.JSONScannerTest_scanFieldBoolean#test_error_0,FAIL,NO
com.alibaba.json.bvt.parser.JSONScannerTest_scanFieldBoolean#test_error_1,FAIL,NO
com.alibaba.json.bvt.parser.JSONScannerTest_scanFieldBoolean#test_error_10,FAIL,NO
com.alibaba.json.bvt.parser.JSONScannerTest_scanFieldBoolean#test_error_11,FAIL,NO
com.alibaba.json.bvt.parser.JSONScannerTest_scanFieldBoolean#test_error_12,FAIL,NO
com.alibaba.json.bvt.parser.JSONScannerTest_scanFieldBoolean#test_error_13,FAIL,NO
com.alibaba.json.bvt.parser.JSONScannerTest_scanFieldBoolean#test_error_2,FAIL,NO
com.alibaba.json.bvt.parser.JSONScannerTest_scanFieldBoolean#test_error_3,FAIL,NO
com.alibaba.json.bvt.parser.JSONScannerTest_scanFieldBoolean#test_error_4,FAIL,NO
com.alibaba.json.bvt.parser.JSONScannerTest_scanFieldBoolean#test_error_5,FAIL,NO
com.alibaba.json.bvt.parser.JSONScannerTest_scanFieldBoolean#test_error_6,FAIL,NO
com.alibaba.json.bvt.parser.JSONScannerTest_scanFieldBoolean#test_error_7,FAIL,NO
com.alibaba.json.bvt.parser.JSONScannerTest_scanFieldBoolean#test_error_8,FAIL,NO
com.alibaba.json.bvt.parser.JSONScannerTest_scanFieldBoolean#test_error_9,FAIL,NO
com.alibaba.json.bvt.parser.JSONScannerTest_scanFieldBoolean#test_false,FAIL,NO
com.alibaba.json.bvt.parser.JSONScannerTest_scanFieldBoolean#test_true,FAIL,NO
com.alibaba.json.bvt.parser.JSONScannerTest_scanFieldBoolean_unquote#test_4,FAIL,NO
com.alibaba.json.bvt.parser.JSONScannerTest_scanFieldDouble#test_0,FAIL,NO
com.alibaba.json.bvt.parser.JSONScannerTest_scanFieldDouble#test_1,FAIL,NO
com.alibaba.json.bvt.parser.JSONScannerTest_scanFieldDouble#test_2,FAIL,NO
com.alibaba.json.bvt.parser.JSONScannerTest_scanFieldDouble#test_3,FAIL,NO
com.alibaba.json.bvt.parser.JSONScannerTest_scanFieldDouble#test_4,FAIL,NO
com.alibaba.json.bvt.parser.JSONScannerTest_scanFieldDouble#test_5,FAIL,NO
com.alibaba.json.bvt.parser.JSONScannerTest_scanFieldDouble#test_error_10,FAIL,NO
com.alibaba.json.bvt.parser.JSONScannerTest_scanFieldDouble#test_error_11,FAIL,NO
com.alibaba.json.bvt.parser.JSONScannerTest_scanFieldDouble#test_error_2,FAIL,NO
com.alibaba.json.bvt.parser.JSONScannerTest_scanFieldDouble#test_error_3,FAIL,NO
com.alibaba.json.bvt.parser.JSONScannerTest_scanFieldDouble#test_error_4,FAIL,NO
com.alibaba.json.bvt.parser.JSONScannerTest_scanFieldDouble#test_error_5,FAIL,NO
com.alibaba.json.bvt.parser.JSONScannerTest_scanFieldDouble#test_error_6,FAIL,NO
com.alibaba.json.bvt.parser.JSONScannerTest_scanFieldDouble#test_error_7,FAIL,NO
com.alibaba.json.bvt.parser.JSONScannerTest_scanFieldDouble#test_error_8,FAIL,NO
com.alibaba.json.bvt.parser.JSONScannerTest_scanFieldDouble#test_error_9,FAIL,NO
com.alibaba.json.bvt.parser.JSONScannerTest_scanFieldFloat#test_0,FAIL,NO
com.alibaba.json.bvt.parser.JSONScannerTest_scanFieldFloat#test_1,FAIL,NO
com.alibaba.json.bvt.parser.JSONScannerTest_scanFieldFloat#test_2,FAIL,NO
com.alibaba.json.bvt.parser.JSONScannerTest_scanFieldFloat#test_3,FAIL,NO
com.alibaba.json.bvt.parser.JSONScannerTest_scanFieldFloat#test_4,FAIL,NO
com.alibaba.json.bvt.parser.JSONScannerTest_scanFieldFloat#test_error_1,FAIL,NO
com.alibaba.json.bvt.parser.JSONScannerTest_scanFieldFloat#test_error_10,FAIL,NO
com.alibaba.json.bvt.parser.JSONScannerTest_scanFieldFloat#test_error_11,FAIL,NO
com.alibaba.json.bvt.parser.JSONScannerTest_scanFieldFloat#test_error_2,FAIL,NO
com.alibaba.json.bvt.parser.JSONScannerTest_scanFieldFloat#test_error_3,FAIL,NO
com.alibaba.json.bvt.parser.JSONScannerTest_scanFieldFloat#test_error_4,FAIL,NO
com.alibaba.json.bvt.parser.JSONScannerTest_scanFieldFloat#test_error_5,FAIL,NO
com.alibaba.json.bvt.parser.JSONScannerTest_scanFieldFloat#test_error_6,FAIL,NO
com.alibaba.json.bvt.parser.JSONScannerTest_scanFieldFloat#test_error_7,FAIL,NO
com.alibaba.json.bvt.parser.JSONScannerTest_scanFieldFloat#test_error_8,FAIL,NO
com.alibaba.json.bvt.parser.JSONScannerTest_scanFieldFloat#test_error_9,FAIL,NO
com.alibaba.json.bvt.parser.JSONScannerTest_scanFieldFloat#test_isBlank,FAIL,NO
com.alibaba.json.bvt.parser.JSONScannerTest_scanFieldInt#test_0,FAIL,NO
com.alibaba.json.bvt.parser.JSONScannerTest_scanFieldInt#test_1,FAIL,NO
com.alibaba.json.bvt.parser.JSONScannerTest_scanFieldInt#test_error_1,FAIL,NO
com.alibaba.json.bvt.parser.JSONScannerTest_scanFieldInt#test_error_2,FAIL,NO
com.alibaba.json.bvt.parser.JSONScannerTest_scanFieldInt#test_error_3,FAIL,NO
com.alibaba.json.bvt.parser.JSONScannerTest_scanFieldInt#test_error_4,FAIL,NO
com.alibaba.json.bvt.parser.JSONScannerTest_scanFieldInt#test_error_5,FAIL,NO
com.alibaba.json.bvt.parser.JSONScannerTest_scanFieldLong#test_0,FAIL,NO
com.alibaba.json.bvt.parser.JSONScannerTest_scanFieldString#test_0,FAIL,NO
com.alibaba.json.bvt.parser.JSONScannerTest_scanFieldString#test_1,FAIL,NO
com.alibaba.json.bvt.parser.JSONScannerTest_scanFieldString#test_2,FAIL,NO
com.alibaba.json.bvt.parser.JSONScannerTest_scanFieldString#test_3,FAIL,NO
com.alibaba.json.bvt.parser.JSONScannerTest_scanFieldString#test_error_0,FAIL,NO
com.alibaba.json.bvt.parser.JSONScannerTest_scanFieldStringArray#test_string,FAIL,NO
com.alibaba.json.bvt.parser.JSONScannerTest_scanFieldStringArray#test_string_1,FAIL,NO
com.alibaba.json.bvt.parser.JSONScannerTest_scanFieldStringArray#test_string_2,FAIL,NO
com.alibaba.json.bvt.parser.JSONScannerTest_scanFieldStringArray#test_string_3,FAIL,NO
com.alibaba.json.bvt.parser.JSONScannerTest_scanFieldStringArray#test_string_4,FAIL,NO
com.alibaba.json.bvt.parser.JSONScannerTest_scanFieldStringArray#test_string_5,FAIL,NO
com.alibaba.json.bvt.parser.JSONScannerTest_scanFieldStringArray#test_string_error,FAIL,NO
com.alibaba.json.bvt.parser.JSONScannerTest_scanFieldStringArray#test_string_error_2,FAIL,NO
com.alibaba.json.bvt.parser.JSONScannerTest_scanFieldStringArray#test_string_error_3,FAIL,NO
com.alibaba.json.bvt.parser.JSONScannerTest_scanFieldStringArray#test_string_error_4,FAIL,NO
com.alibaba.json.bvt.parser.JSONScannerTest_scanFieldStringArray#test_string_error_5,FAIL,NO
com.alibaba.json.bvt.parser.JSONScannerTest_scanFieldString_error#test_error_2,FAIL,NO
com.alibaba.json.bvt.parser.JSONScannerTest_scanFieldString_error#test_error_3,FAIL,NO
com.alibaba.json.bvt.parser.JSONScannerTest_scanSymbol#test_0,FAIL,NO
com.alibaba.json.bvt.parser.JSONScannerTest_scanSymbol#test_1,FAIL,NO
com.alibaba.json.bvt.parser.JSONScannerTest_scanSymbol#test_2,FAIL,NO
com.alibaba.json.bvt.parser.JSONScannerTest_scanSymbol#test_3,FAIL,NO
com.alibaba.json.bvt.parser.JSONScannerTest_scanSymbol#test_4,FAIL,NO
com.alibaba.json.bvt.parser.JSONScannerTest_scanSymbol#test_6,FAIL,NO
com.alibaba.json.bvt.parser.JSONScannerTest_scanSymbol#test_7,FAIL,NO
com.alibaba.json.bvt.parser.JSONScannerTest_singQuoteString#test_error,FAIL,NO
com.alibaba.json.bvt.parser.JSONScannerTest_singQuoteString#test_error_1,FAIL,NO
com.alibaba.json.bvt.parser.JSONScannerTest_singQuoteString#test_string,FAIL,NO
com.alibaba.json.bvt.parser.JSONScannerTest_singQuoteString#test_string2,FAIL,NO
com.alibaba.json.bvt.parser.JSONScannerTest_singQuoteString#test_string3,FAIL,NO
com.alibaba.json.bvt.parser.JSONScannerTest_singQuoteString#test_string4,FAIL,NO
com.alibaba.json.bvt.parser.JSONScannerTest_symbol#test_0,FAIL,NO
com.alibaba.json.bvt.parser.JSONScannerTest_symbol#test_1,FAIL,NO
com.alibaba.json.bvt.parser.JSONScannerTest_symbol#test_10,FAIL,NO
com.alibaba.json.bvt.parser.JSONScannerTest_symbol#test_11,FAIL,NO
com.alibaba.json.bvt.parser.JSONScannerTest_symbol#test_12,FAIL,NO
com.alibaba.json.bvt.parser.JSONScannerTest_symbol#test_2,FAIL,NO
com.alibaba.json.bvt.parser.JSONScannerTest_symbol#test_3,FAIL,NO
com.alibaba.json.bvt.parser.JSONScannerTest_symbol#test_4,FAIL,NO
com.alibaba.json.bvt.parser.JSONScannerTest_symbol#test_5,FAIL,NO
com.alibaba.json.bvt.parser.JSONScannerTest_symbol#test_6,FAIL,NO
com.alibaba.json.bvt.parser.JSONScannerTest_symbol#test_7,FAIL,NO
com.alibaba.json.bvt.parser.JSONScannerTest_symbol#test_8,FAIL,NO
com.alibaba.json.bvt.parser.JSONScannerTest_symbol#test_9,FAIL,NO
com.alibaba.json.bvt.parser.JSONScannerTest_symbol#test_error,FAIL,NO
com.alibaba.json.bvt.parser.JSONScannerTest_symbol#test_error_2,FAIL,NO
com.alibaba.json.bvt.parser.JSONScannerTest_true#test_scan_false_14,FAIL,NO
com.alibaba.json.bvt.parser.JSONScannerTest_true#test_scan_false_15,FAIL,NO
com.alibaba.json.bvt.parser.JSONScannerTest_true#test_scan_true_0,FAIL,NO
com.alibaba.json.bvt.parser.JSONScannerTest_true#test_scan_true_1,FAIL,NO
com.alibaba.json.bvt.parser.JSONScannerTest_true#test_scan_true_10,FAIL,NO
com.alibaba.json.bvt.parser.JSONScannerTest_true#test_scan_true_11,FAIL,NO
com.alibaba.json.bvt.parser.JSONScannerTest_true#test_scan_true_12,FAIL,NO
com.alibaba.json.bvt.parser.JSONScannerTest_true#test_scan_true_13,FAIL,NO
com.alibaba.json.bvt.parser.JSONScannerTest_true#test_scan_true_2,FAIL,NO
com.alibaba.json.bvt.parser.JSONScannerTest_true#test_scan_true_3,FAIL,NO
com.alibaba.json.bvt.parser.JSONScannerTest_true#test_scan_true_4,FAIL,NO
com.alibaba.json.bvt.parser.JSONScannerTest_true#test_scan_true_5,FAIL,NO
com.alibaba.json.bvt.parser.JSONScannerTest_true#test_scan_true_6,FAIL,NO
com.alibaba.json.bvt.parser.JSONScannerTest_true#test_scan_true_7,FAIL,NO
com.alibaba.json.bvt.parser.JSONScannerTest_true#test_scan_true_8,FAIL,NO
com.alibaba.json.bvt.parser.JSONScannerTest_true#test_scan_true_9,FAIL,NO
com.alibaba.json.bvt.parser.MapResetTest#test_0,FAIL,NO
com.alibaba.json.bvt.parser.NullCheckTest#test_0,FAIL,NO
com.alibaba.json.bvt.parser.OrderedFieldTest#test_ordered_field,FAIL,NO
com.alibaba.json.bvt.parser.ParseContextTest#test_toString,FAIL,NO
com.alibaba.json.bvt.parser.ParseRestTest#test_parseRest_0,FAIL,NO
com.alibaba.json.bvt.parser.ParserSpecialCharTest#test_0,FAIL,NO
com.alibaba.json.bvt.parser.ParserSpecialCharTest#test_1,FAIL,NO
com.alibaba.json.bvt.parser.ParserSpecialCharTest#test_10,FAIL,NO
com.alibaba.json.bvt.parser.ParserSpecialCharTest#test_11,FAIL,NO
com.alibaba.json.bvt.parser.ParserSpecialCharTest#test_12,FAIL,NO
com.alibaba.json.bvt.parser.ParserSpecialCharTest#test_13,FAIL,NO
com.alibaba.json.bvt.parser.ParserSpecialCharTest#test_2,FAIL,NO
com.alibaba.json.bvt.parser.ParserSpecialCharTest#test_3,FAIL,NO
com.alibaba.json.bvt.parser.ParserSpecialCharTest#test_34,FAIL,NO
com.alibaba.json.bvt.parser.ParserSpecialCharTest#test_39,FAIL,NO
com.alibaba.json.bvt.parser.ParserSpecialCharTest#test_4,FAIL,NO
com.alibaba.json.bvt.parser.ParserSpecialCharTest#test_47,FAIL,NO
com.alibaba.json.bvt.parser.ParserSpecialCharTest#test_5,FAIL,NO
com.alibaba.json.bvt.parser.ParserSpecialCharTest#test_6,FAIL,NO
com.alibaba.json.bvt.parser.ParserSpecialCharTest#test_7,FAIL,NO
com.alibaba.json.bvt.parser.ParserSpecialCharTest#test_8,FAIL,NO
com.alibaba.json.bvt.parser.ParserSpecialCharTest#test_9,FAIL,NO
com.alibaba.json.bvt.parser.ParserSpecialCharTest#test_92,FAIL,NO
com.alibaba.json.bvt.parser.ParserSpecialCharTest_map#test_0,FAIL,NO
com.alibaba.json.bvt.parser.ParserSpecialCharTest_map#test_1,FAIL,NO
com.alibaba.json.bvt.parser.ParserSpecialCharTest_map#test_10,FAIL,NO
com.alibaba.json.bvt.parser.ParserSpecialCharTest_map#test_11,FAIL,NO
com.alibaba.json.bvt.parser.ParserSpecialCharTest_map#test_12,FAIL,NO
com.alibaba.json.bvt.parser.ParserSpecialCharTest_map#test_13,FAIL,NO
com.alibaba.json.bvt.parser.ParserSpecialCharTest_map#test_2,FAIL,NO
com.alibaba.json.bvt.parser.ParserSpecialCharTest_map#test_3,FAIL,NO
com.alibaba.json.bvt.parser.ParserSpecialCharTest_map#test_34,FAIL,NO
com.alibaba.json.bvt.parser.ParserSpecialCharTest_map#test_39,FAIL,NO
com.alibaba.json.bvt.parser.ParserSpecialCharTest_map#test_4,FAIL,NO
com.alibaba.json.bvt.parser.ParserSpecialCharTest_map#test_47,FAIL,NO
com.alibaba.json.bvt.parser.ParserSpecialCharTest_map#test_5,FAIL,NO
com.alibaba.json.bvt.parser.ParserSpecialCharTest_map#test_6,FAIL,NO
com.alibaba.json.bvt.parser.ParserSpecialCharTest_map#test_7,FAIL,NO
com.alibaba.json.bvt.parser.ParserSpecialCharTest_map#test_8,FAIL,NO
com.alibaba.json.bvt.parser.ParserSpecialCharTest_map#test_9,FAIL,NO
com.alibaba.json.bvt.parser.ParserSpecialCharTest_map#test_92,FAIL,NO
com.alibaba.json.bvt.parser.ParserSpecialCharTest_map_singleQuote#test_0,FAIL,NO
com.alibaba.json.bvt.parser.ParserSpecialCharTest_map_singleQuote#test_1,FAIL,NO
com.alibaba.json.bvt.parser.ParserSpecialCharTest_map_singleQuote#test_10,FAIL,NO
com.alibaba.json.bvt.parser.ParserSpecialCharTest_map_singleQuote#test_11,FAIL,NO
com.alibaba.json.bvt.parser.ParserSpecialCharTest_map_singleQuote#test_12,FAIL,NO
com.alibaba.json.bvt.parser.ParserSpecialCharTest_map_singleQuote#test_13,FAIL,NO
com.alibaba.json.bvt.parser.ParserSpecialCharTest_map_singleQuote#test_2,FAIL,NO
com.alibaba.json.bvt.parser.ParserSpecialCharTest_map_singleQuote#test_3,FAIL,NO
com.alibaba.json.bvt.parser.ParserSpecialCharTest_map_singleQuote#test_34,FAIL,NO
com.alibaba.json.bvt.parser.ParserSpecialCharTest_map_singleQuote#test_39,FAIL,NO
com.alibaba.json.bvt.parser.ParserSpecialCharTest_map_singleQuote#test_4,FAIL,NO
com.alibaba.json.bvt.parser.ParserSpecialCharTest_map_singleQuote#test_47,FAIL,NO
com.alibaba.json.bvt.parser.ParserSpecialCharTest_map_singleQuote#test_5,FAIL,NO
com.alibaba.json.bvt.parser.ParserSpecialCharTest_map_singleQuote#test_6,FAIL,NO
com.alibaba.json.bvt.parser.ParserSpecialCharTest_map_singleQuote#test_7,FAIL,NO
com.alibaba.json.bvt.parser.ParserSpecialCharTest_map_singleQuote#test_8,FAIL,NO
com.alibaba.json.bvt.parser.ParserSpecialCharTest_map_singleQuote#test_9,FAIL,NO
com.alibaba.json.bvt.parser.ParserSpecialCharTest_map_singleQuote#test_92,FAIL,NO
com.alibaba.json.bvt.parser.PrivateConstrunctorTest#test_parse,FAIL,NO
com.alibaba.json.bvt.parser.ProductViewTest#test_parse,FAIL,NO
com.alibaba.json.bvt.parser.ReadOnlyAtomicBooleanTest#test_readOnly,FAIL,NO
com.alibaba.json.bvt.parser.ReadOnlyAtomicBooleanTest_field#test_readOnly,FAIL,NO
com.alibaba.json.bvt.parser.ReadOnlyAtomicIntegerTest#test_readOnly,FAIL,NO
com.alibaba.json.bvt.parser.ReadOnlyAtomicIntegerTest_field#test_readOnly,FAIL,NO
com.alibaba.json.bvt.parser.ReadOnlyAtomicLongTest#test_readOnly,FAIL,NO
com.alibaba.json.bvt.parser.ReadOnlyAtomicLongTest_field#test_readOnly,FAIL,NO
com.alibaba.json.bvt.parser.ReadOnlyCollectionTest#test_readOnlyNullList,FAIL,NO
com.alibaba.json.bvt.parser.ReadOnlyCollectionTest_final_field#test_readOnlyNullList,FAIL,NO
com.alibaba.json.bvt.parser.ReadOnlyCollectionTest_final_field_null#test_readOnlyNullList,FAIL,NO
com.alibaba.json.bvt.parser.ReadOnlyMapTest#test_readOnlyNullList,FAIL,NO
com.alibaba.json.bvt.parser.ReadOnlyMapTest2#test_readOnlyNullList,FAIL,NO
com.alibaba.json.bvt.parser.ReadOnlyMapTest2_final_field#test_readOnlyNullList,FAIL,NO
com.alibaba.json.bvt.parser.ReadOnlyMapTest_final_field#test_readOnlyNullList,FAIL,NO
com.alibaba.json.bvt.parser.RedundantTest#test_extra,FAIL,NO
com.alibaba.json.bvt.parser.RedundantTest#test_extraWithType,FAIL,NO
com.alibaba.json.bvt.parser.TestException#test_0,FAIL,NO
com.alibaba.json.bvt.parser.TestInitStringFieldAsEmpty#test_private,FAIL,NO
com.alibaba.json.bvt.parser.TestInitStringFieldAsEmpty#test_public,FAIL,NO
com.alibaba.json.bvt.parser.TestInitStringFieldAsEmpty2#test_public,FAIL,NO
com.alibaba.json.bvt.parser.TestUTF8#test_utf,FAIL,NO
com.alibaba.json.bvt.parser.TestUTF8#test_utf_,FAIL,NO
com.alibaba.json.bvt.parser.TestUTF8#test_utf_7,FAIL,NO
com.alibaba.json.bvt.parser.TestUTF8#test_utf_cn,FAIL,NO
com.alibaba.json.bvt.parser.TestUTF8#test_utf_de,FAIL,NO
com.alibaba.json.bvt.parser.TestUTF8#test_utf_jp,FAIL,NO
com.alibaba.json.bvt.parser.TestUTF8_2#test_utf_1,FAIL,NO
com.alibaba.json.bvt.parser.TestUTF8_2#test_utf_2,FAIL,NO
com.alibaba.json.bvt.parser.TestUTF8_2#test_utf_3,FAIL,NO
com.alibaba.json.bvt.parser.TestUTF8_2#test_utf_4,FAIL,NO
com.alibaba.json.bvt.parser.TypeReferenceTest#test_list,FAIL,NO
com.alibaba.json.bvt.parser.TypeUtilsTest#test_0,FAIL,NO
com.alibaba.json.bvt.parser.TypeUtilsTest#test_1,FAIL,NO
com.alibaba.json.bvt.parser.TypeUtilsTest#test_2,FAIL,NO
com.alibaba.json.bvt.parser.TypeUtilsTest#test_3,FAIL,NO
com.alibaba.json.bvt.parser.TypeUtilsTest#test_cast_Array,FAIL,NO
com.alibaba.json.bvt.parser.TypeUtilsTest#test_cast_Integer,FAIL,NO
com.alibaba.json.bvt.parser.TypeUtilsTest#test_cast_Integer_2,FAIL,NO
com.alibaba.json.bvt.parser.TypeUtilsTest#test_cast_ab,FAIL,NO
com.alibaba.json.bvt.parser.TypeUtilsTest#test_cast_ab_1,FAIL,NO
com.alibaba.json.bvt.parser.TypeUtilsTest#test_cast_ab_error,FAIL,NO
com.alibaba.json.bvt.parser.TypeUtilsTest#test_cast_null,FAIL,NO
com.alibaba.json.bvt.parser.TypeUtilsTest#test_cast_to_BigDecimal,FAIL,NO
com.alibaba.json.bvt.parser.TypeUtilsTest#test_cast_to_BigDecimal_same,FAIL,NO
com.alibaba.json.bvt.parser.TypeUtilsTest#test_cast_to_BigInteger,FAIL,NO
com.alibaba.json.bvt.parser.TypeUtilsTest#test_cast_to_BigInteger_same,FAIL,NO
com.alibaba.json.bvt.parser.TypeUtilsTest#test_cast_to_Boolean,FAIL,NO
com.alibaba.json.bvt.parser.TypeUtilsTest#test_cast_to_Byte,FAIL,NO
com.alibaba.json.bvt.parser.TypeUtilsTest#test_cast_to_Date,FAIL,NO
com.alibaba.json.bvt.parser.TypeUtilsTest#test_cast_to_Long,FAIL,NO
com.alibaba.json.bvt.parser.TypeUtilsTest#test_cast_to_Short,FAIL,NO
com.alibaba.json.bvt.parser.TypeUtilsTest#test_cast_to_SqlDate,FAIL,NO
com.alibaba.json.bvt.parser.TypeUtilsTest#test_cast_to_SqlDate_calendar,FAIL,NO
com.alibaba.json.bvt.parser.TypeUtilsTest#test_cast_to_SqlDate_error,FAIL,NO
com.alibaba.json.bvt.parser.TypeUtilsTest#test_cast_to_SqlDate_null,FAIL,NO
com.alibaba.json.bvt.parser.TypeUtilsTest#test_cast_to_SqlDate_null2,FAIL,NO
com.alibaba.json.bvt.parser.TypeUtilsTest#test_cast_to_SqlDate_sql_Date,FAIL,NO
com.alibaba.json.bvt.parser.TypeUtilsTest#test_cast_to_SqlDate_sql_Date2,FAIL,NO
com.alibaba.json.bvt.parser.TypeUtilsTest#test_cast_to_SqlDate_string,FAIL,NO
com.alibaba.json.bvt.parser.TypeUtilsTest#test_cast_to_SqlDate_util_Date,FAIL,NO
com.alibaba.json.bvt.parser.TypeUtilsTest#test_cast_to_String,FAIL,NO
com.alibaba.json.bvt.parser.TypeUtilsTest#test_cast_to_Timestamp,FAIL,NO
com.alibaba.json.bvt.parser.TypeUtilsTest#test_cast_to_Timestamp_calendar,FAIL,NO
com.alibaba.json.bvt.parser.TypeUtilsTest#test_cast_to_Timestamp_error,FAIL,NO
com.alibaba.json.bvt.parser.TypeUtilsTest#test_cast_to_Timestamp_null,FAIL,NO
com.alibaba.json.bvt.parser.TypeUtilsTest#test_cast_to_Timestamp_null2,FAIL,NO
com.alibaba.json.bvt.parser.TypeUtilsTest#test_cast_to_Timestamp_number,FAIL,NO
com.alibaba.json.bvt.parser.TypeUtilsTest#test_cast_to_Timestamp_sql_Date,FAIL,NO
com.alibaba.json.bvt.parser.TypeUtilsTest#test_cast_to_Timestamp_sql_Timestamp,FAIL,NO
com.alibaba.json.bvt.parser.TypeUtilsTest#test_cast_to_Timestamp_string,FAIL,NO
com.alibaba.json.bvt.parser.TypeUtilsTest#test_cast_to_Timestamp_util_Date,FAIL,NO
com.alibaba.json.bvt.parser.TypeUtilsTest#test_cast_to_boolean,FAIL,NO
com.alibaba.json.bvt.parser.TypeUtilsTest#test_cast_to_byte,FAIL,NO
com.alibaba.json.bvt.parser.TypeUtilsTest#test_cast_to_long,FAIL,NO
com.alibaba.json.bvt.parser.TypeUtilsTest#test_cast_to_short,FAIL,NO
com.alibaba.json.bvt.parser.TypeUtilsTest#test_error,FAIL,NO
com.alibaba.json.bvt.parser.TypeUtilsTest#test_error_2,FAIL,NO
com.alibaba.json.bvt.parser.TypeUtilsTest2#test_0,FAIL,NO
com.alibaba.json.bvt.parser.TypeUtilsTest2#test_1,FAIL,NO
com.alibaba.json.bvt.parser.TypeUtilsTest2#test_error_0,FAIL,NO
com.alibaba.json.bvt.parser.TypeUtilsTest2#test_error_1,FAIL,NO
com.alibaba.json.bvt.parser.TypeUtilsTest2#test_error_2,FAIL,NO
com.alibaba.json.bvt.parser.TypeUtilsTest2#test_error_3,FAIL,NO
com.alibaba.json.bvt.parser.TypeUtilsTest2#test_error_4,FAIL,NO
com.alibaba.json.bvt.parser.TypeUtilsTest3#test_enum,FAIL,NO
com.alibaba.json.bvt.parser.TypeUtilsTest3#test_enum_2,FAIL,NO
com.alibaba.json.bvt.parser.TypeUtilsTest3#test_error,FAIL,NO
com.alibaba.json.bvt.parser.TypeUtilsTest3#test_error_1,FAIL,NO
com.alibaba.json.bvt.parser.TypeUtilsTest3#test_error_2,FAIL,NO
com.alibaba.json.bvt.parser.TypeUtilsTest3#test_error_3,FAIL,NO
com.alibaba.json.bvt.parser.TypeUtilsTest3#test_ex,FAIL,NO
com.alibaba.json.bvt.parser.TypeUtilsTest3#test_null,FAIL,NO
com.alibaba.json.bvt.parser.TypeUtilsTest3#test_null_1,FAIL,NO
com.alibaba.json.bvt.parser.TypeUtilsTest3#test_null_2,FAIL,NO
com.alibaba.json.bvt.parser.TypeUtilsTest4#test_ParameterizedType,FAIL,NO
com.alibaba.json.bvt.parser.TypeUtilsTest4#test_ParameterizedType2,FAIL,NO
com.alibaba.json.bvt.parser.TypeUtilsTest4#test_ParameterizedType_error,FAIL,NO
com.alibaba.json.bvt.parser.TypeUtilsTest4#test_array,FAIL,NO
com.alibaba.json.bvt.parser.TypeUtilsTest4#test_error,FAIL,NO
com.alibaba.json.bvt.parser.TypeUtilsTest4#test_error_2,FAIL,NO
com.alibaba.json.bvt.parser.TypeUtilsTest4#test_exception,FAIL,NO
com.alibaba.json.bvt.parser.TypeUtilsTest_cast#test_castToDate_error,FAIL,NO
com.alibaba.json.bvt.parser.TypeUtilsTest_cast#test_castToDate_error_nullClass,FAIL,NO
com.alibaba.json.bvt.parser.TypeUtilsTest_cast#test_cast_0,FAIL,NO
com.alibaba.json.bvt.parser.TypeUtilsTest_cast#test_cast_1,FAIL,NO
com.alibaba.json.bvt.parser.TypeUtilsTest_castToBytes#test_castToDate,FAIL,NO
com.alibaba.json.bvt.parser.TypeUtilsTest_castToBytes#test_castToDate_error,FAIL,NO
com.alibaba.json.bvt.parser.TypeUtilsTest_castToDate#test_castToDate,PASS,YES
com.alibaba.json.bvt.parser.TypeUtilsTest_castToDate#test_castToDate_error,PASS,YES
com.alibaba.json.bvt.parser.TypeUtilsTest_castToDate#test_castToDate_negative,PASS,YES
com.alibaba.json.bvt.parser.TypeUtilsTest_castToDate#test_castToDate_zero,PASS,YES
com.alibaba.json.bvt.parser.TypeUtilsTest_castToJavaBean#test_bean,FAIL,NO
com.alibaba.json.bvt.parser.TypeUtilsTest_castToJavaBean#test_bean_2,FAIL,NO
com.alibaba.json.bvt.parser.TypeUtilsTest_castToJavaBean#test_bean_3,FAIL,NO
com.alibaba.json.bvt.parser.TypeUtilsTest_castToJavaBean#test_castToJavaBean_StackTraceElement,FAIL,NO
com.alibaba.json.bvt.parser.TypeUtilsTest_castToJavaBean#test_castToJavaBean_StackTraceElement_1,FAIL,NO
com.alibaba.json.bvt.parser.TypeUtilsTest_castToJavaBean#test_castToJavaBean_type,FAIL,NO
com.alibaba.json.bvt.parser.TypeUtilsTest_castToJavaBean#test_error,FAIL,NO
com.alibaba.json.bvt.parser.TypeUtilsTest_castToJavaBean#test_error2,FAIL,NO
com.alibaba.json.bvt.parser.TypeUtilsTest_castToJavaBean#test_interface,FAIL,NO
com.alibaba.json.bvt.parser.TypeUtilsTest_castToJavaBean#test_loadClass,FAIL,NO
com.alibaba.json.bvt.parser.TypeUtilsTest_castToJavaBean#test_loadClass_1,FAIL,NO
com.alibaba.json.bvt.parser.TypeUtilsTest_castToJavaBean#test_loadClass_2,FAIL,NO
com.alibaba.json.bvt.parser.TypeUtilsTest_castToJavaBean#test_mapping,FAIL,NO
com.alibaba.json.bvt.parser.TypeUtilsTest_castToJavaBean_JSONType#test_castToJavaBean,FAIL,NO
com.alibaba.json.bvt.parser.TypeUtilsTest_castToJavaBean_JSONType#test_castToJavaBean_v2,FAIL,NO
com.alibaba.json.bvt.parser.TypeUtilsTest_castToJavaBean_JSONType#test_castToJavaBean_v3,FAIL,NO
com.alibaba.json.bvt.parser.TypeUtilsTest_compatibleWithJavaBean#test_true,FAIL,NO
com.alibaba.json.bvt.parser.TypeUtilsTest_compatibleWithJavaBean_boolean#test_true,FAIL,NO
com.alibaba.json.bvt.parser.TypeUtilsTest_interface#test_castToJavaBean,FAIL,NO
com.alibaba.json.bvt.parser.TypeUtilsTest_interface#test_deser,FAIL,NO
com.alibaba.json.bvt.parser.TypeUtilsTest_interface#test_deser2,FAIL,NO
com.alibaba.json.bvt.parser.TypeUtilsTest_interface#test_deser2_x,FAIL,NO
com.alibaba.json.bvt.parser.TypeUtilsTest_interface#test_parse,FAIL,NO
com.alibaba.json.bvt.parser.TypeUtilsTest_interface#test_parse_var,FAIL,NO
com.alibaba.json.bvt.parser.TypeUtilsTest_loadClass#test_error,FAIL,NO
com.alibaba.json.bvt.parser.TypeUtilsTest_loadClass#test_loadClass,FAIL,NO
com.alibaba.json.bvt.parser.TypeUtilsToJSONTest#test_0,FAIL,NO
com.alibaba.json.bvt.parser.TypeUtilsToJSONTest#test_1,FAIL,NO
com.alibaba.json.bvt.parser.TypeUtilsToJSONTest#test_null,FAIL,NO
com.alibaba.json.bvt.parser.UTF8ByteArrayLexerTest_symbol#test_utf8,FAIL,NO
com.alibaba.json.bvt.parser.UTF8ByteArrayParseTest#test_utf8,FAIL,NO
com.alibaba.json.bvt.parser.UnquoteNameTest#test_obj,FAIL,NO
com.alibaba.json.bvt.parser.UnquoteNameTest#test_obj_1,FAIL,NO
com.alibaba.json.bvt.parser.UnquoteNameTest#test_unquote,FAIL,NO
com.alibaba.json.bvt.parser.UnquoteNameTest#test_unquote_parse,FAIL,NO
com.alibaba.json.bvt.parser.UnquoteNameTest#test_unquote_parse_1,FAIL,NO
com.alibaba.json.bvt.parser.UnquoteNameTest#test_unquote_reader,FAIL,NO
com.alibaba.json.bvt.parser.UnquoteNameTest#test_unquote_reader_parse,FAIL,NO
com.alibaba.json.bvt.parser.array.BeanToArrayTest#test_beanToArray_parse,FAIL,NO
com.alibaba.json.bvt.parser.array.BeanToArrayTest2#test_bool,FAIL,NO
com.alibaba.json.bvt.parser.array.BeanToArrayTest2#test_bool_error,FAIL,NO
com.alibaba.json.bvt.parser.array.BeanToArrayTest2#test_bool_num,FAIL,NO
com.alibaba.json.bvt.parser.array.BeanToArrayTest2#test_bool_space,FAIL,NO
com.alibaba.json.bvt.parser.array.BeanToArrayTest3#test_array,FAIL,NO
com.alibaba.json.bvt.parser.array.BeanToArrayTest3_private#test_array,FAIL,NO
com.alibaba.json.bvt.parser.array.BeanToArrayTest_date#test_date,PASS,YES
com.alibaba.json.bvt.parser.array.BeanToArrayTest_date#test_date2,PASS,YES
com.alibaba.json.bvt.parser.array.BeanToArrayTest_date#test_date2_reader,PASS,YES
com.alibaba.json.bvt.parser.array.BeanToArrayTest_date#test_date_null,PASS,YES
com.alibaba.json.bvt.parser.array.BeanToArrayTest_date#test_date_null_reader,PASS,YES
com.alibaba.json.bvt.parser.array.BeanToArrayTest_date#test_date_reader,PASS,YES
com.alibaba.json.bvt.parser.array.BeanToArrayTest_date_private#test_date,PASS,YES
com.alibaba.json.bvt.parser.array.BeanToArrayTest_date_private#test_date2,PASS,YES
com.alibaba.json.bvt.parser.array.BeanToArrayTest_date_private#test_date_null,PASS,YES
com.alibaba.json.bvt.parser.array.BeanToArrayTest_enum#test_enum,FAIL,NO
com.alibaba.json.bvt.parser.array.BeanToArrayTest_enum#test_enum_error,FAIL,NO
com.alibaba.json.bvt.parser.array.BeanToArrayTest_enum#test_enum_num,FAIL,NO
com.alibaba.json.bvt.parser.array.BeanToArrayTest_enum#test_enum_space,FAIL,NO
com.alibaba.json.bvt.parser.array.BeanToArrayTest_enum_private#test_enum,FAIL,NO
com.alibaba.json.bvt.parser.array.BeanToArrayTest_enum_private#test_enum_error,FAIL,NO
com.alibaba.json.bvt.parser.array.BeanToArrayTest_enum_private#test_enum_num,FAIL,NO
com.alibaba.json.bvt.parser.array.BeanToArrayTest_enum_private#test_enum_space,FAIL,NO
com.alibaba.json.bvt.parser.array.BeanToArrayTest_int#test_bool_error_min,FAIL,NO
com.alibaba.json.bvt.parser.array.BeanToArrayTest_int#test_int,FAIL,NO
com.alibaba.json.bvt.parser.array.BeanToArrayTest_int#test_int_error,FAIL,NO
com.alibaba.json.bvt.parser.array.BeanToArrayTest_int#test_int_error_1,FAIL,NO
com.alibaba.json.bvt.parser.array.BeanToArrayTest_int#test_int_error_max,FAIL,NO
com.alibaba.json.bvt.parser.array.BeanToArrayTest_int#test_int_space,FAIL,NO
com.alibaba.json.bvt.parser.array.BeanToArrayTest_long#test_long,FAIL,NO
com.alibaba.json.bvt.parser.array.BeanToArrayTest_long#test_long_error,FAIL,NO
com.alibaba.json.bvt.parser.array.BeanToArrayTest_long#test_long_error_2,FAIL,NO
com.alibaba.json.bvt.parser.array.BeanToArrayTest_long#test_long_error_max,FAIL,NO
com.alibaba.json.bvt.parser.array.BeanToArrayTest_long#test_long_error_min,FAIL,NO
com.alibaba.json.bvt.parser.array.BeanToArrayTest_long#test_long_space,FAIL,NO
com.alibaba.json.bvt.parser.array.BeanToArrayTest_private#test_beanToArray_parse,FAIL,NO
com.alibaba.json.bvt.parser.autoType.AutoTypeTest0#test_0,FAIL,NO
com.alibaba.json.bvt.parser.autoType.AutoTypeTest1#test_0,FAIL,NO
com.alibaba.json.bvt.parser.autoType.AutoTypeTest2_deny#test_0,FAIL,NO
com.alibaba.json.bvt.parser.autoType.AutoTypeTest3_deny#test_for_array,FAIL,NO
com.alibaba.json.bvt.parser.autoType.AutoTypeTest3_deny#test_for_array_1,FAIL,NO
com.alibaba.json.bvt.parser.autoType.AutoTypeTest3_deny#test_for_jar,FAIL,NO
com.alibaba.json.bvt.parser.autoType.AutoTypeTest3_deny#test_for_x,FAIL,NO
com.alibaba.json.bvt.parser.autoType.AutoTypeTest5#test_0,FAIL,NO
com.alibaba.json.bvt.parser.autoType.AutoTypeTest6#test_0,FAIL,NO
com.alibaba.json.bvt.parser.bug.Bug0#test_0,FAIL,NO
com.alibaba.json.bvt.parser.bug.Bug0#test_array_exception,FAIL,NO
com.alibaba.json.bvt.parser.bug.Bug2#test_0,FAIL,NO
com.alibaba.json.bvt.parser.bug.Bug2#test_1,FAIL,NO
com.alibaba.json.bvt.parser.bug.Bug_for_changhao#test_for_bug,FAIL,NO
com.alibaba.json.bvt.parser.bug.Bug_for_dingzhu#test_0,FAIL,NO
com.alibaba.json.bvt.parser.bug.Bug_for_guanxiu#test_long_list,FAIL,NO
com.alibaba.json.bvt.parser.bug.Bug_for_kongmu#test_for_bug,FAIL,NO
com.alibaba.json.bvt.parser.bug.Bug_for_lingzhi#test_0,FAIL,NO
com.alibaba.json.bvt.parser.bug.Bug_for_lixianfeng#test_long_list,FAIL,NO
com.alibaba.json.bvt.parser.bug.Bug_for_yihaodian#test_for_long_list,FAIL,NO
com.alibaba.json.bvt.parser.bug.EmptyParseArrayTest#test_0,FAIL,NO
com.alibaba.json.bvt.parser.bug.JSONObectNullTest#test_for_null,FAIL,NO
com.alibaba.json.bvt.parser.bug.JSONObectNullTest#test_for_null2,FAIL,NO
com.alibaba.json.bvt.parser.creator.JSONCreatorFactoryTest#test_create,FAIL,NO
com.alibaba.json.bvt.parser.creator.JSONCreatorFactoryTest#test_create_2,FAIL,NO
com.alibaba.json.bvt.parser.creator.JSONCreatorTest#test_create,FAIL,NO
com.alibaba.json.bvt.parser.creator.JSONCreatorTest#test_create_2,FAIL,NO
com.alibaba.json.bvt.parser.creator.JSONCreatorTest10#test_for_yk,FAIL,NO
com.alibaba.json.bvt.parser.creator.JSONCreatorTest11#test_for_yk,FAIL,NO
com.alibaba.json.bvt.parser.creator.JSONCreatorTest2#test_create,FAIL,NO
com.alibaba.json.bvt.parser.creator.JSONCreatorTest2#test_create_1,FAIL,NO
com.alibaba.json.bvt.parser.creator.JSONCreatorTest3#test_create_1,FAIL,NO
com.alibaba.json.bvt.parser.creator.JSONCreatorTest3#test_create_error,FAIL,NO
com.alibaba.json.bvt.parser.creator.JSONCreatorTest3#test_create_error_2,FAIL,NO
com.alibaba.json.bvt.parser.creator.JSONCreatorTest4#test_create_error,FAIL,NO
com.alibaba.json.bvt.parser.creator.JSONCreatorTest5#test_create_error,FAIL,NO
com.alibaba.json.bvt.parser.creator.JSONCreatorTest6#test_create_error,FAIL,NO
com.alibaba.json.bvt.parser.creator.JSONCreatorTest7#test_create,FAIL,NO
com.alibaba.json.bvt.parser.creator.JSONCreatorTest8#test_create,FAIL,NO
com.alibaba.json.bvt.parser.creator.JSONCreatorTest9#test_for_yk,FAIL,NO
com.alibaba.json.bvt.parser.creator.JSONCreatorTest_default_boolean#test_create,FAIL,NO
com.alibaba.json.bvt.parser.creator.JSONCreatorTest_default_byte#test_create,FAIL,NO
com.alibaba.json.bvt.parser.creator.JSONCreatorTest_default_double#test_create,FAIL,NO
com.alibaba.json.bvt.parser.creator.JSONCreatorTest_default_float#test_create,FAIL,NO
com.alibaba.json.bvt.parser.creator.JSONCreatorTest_default_int#test_create,FAIL,NO
com.alibaba.json.bvt.parser.creator.JSONCreatorTest_default_long#test_create,FAIL,NO
com.alibaba.json.bvt.parser.creator.JSONCreatorTest_default_short#test_create,FAIL,NO
com.alibaba.json.bvt.parser.creator.JSONCreatorTest_double#test_create,FAIL,NO
com.alibaba.json.bvt.parser.creator.JSONCreatorTest_double#test_create_2,FAIL,NO
com.alibaba.json.bvt.parser.creator.JSONCreatorTest_double_obj#test_create,FAIL,NO
com.alibaba.json.bvt.parser.creator.JSONCreatorTest_double_obj#test_create_2,FAIL,NO
com.alibaba.json.bvt.parser.creator.JSONCreatorTest_error#test_create,FAIL,NO
com.alibaba.json.bvt.parser.creator.JSONCreatorTest_error2#test_create,FAIL,NO
com.alibaba.json.bvt.parser.creator.JSONCreatorTest_error3#test_create,FAIL,NO
com.alibaba.json.bvt.parser.creator.JSONCreatorTest_float#test_create,FAIL,NO
com.alibaba.json.bvt.parser.creator.JSONCreatorTest_float#test_create_2,FAIL,NO
com.alibaba.json.bvt.parser.creator.JSONCreatorTest_float_obj#test_create,FAIL,NO
com.alibaba.json.bvt.parser.creator.JSONCreatorTest_float_obj#test_create_2,FAIL,NO
com.alibaba.json.bvt.parser.deser.AbstractSerializeTest#test_mapping_0,FAIL,NO
com.alibaba.json.bvt.parser.deser.AbstractSerializeTest#test_mapping_1,FAIL,NO
com.alibaba.json.bvt.parser.deser.AbstractSerializeTest#test_mapping_2,FAIL,NO
com.alibaba.json.bvt.parser.deser.AbstractSerializeTest#test_mapping_group,FAIL,NO
com.alibaba.json.bvt.parser.deser.AbstractSerializeTest2#test_mapping_0,FAIL,NO
com.alibaba.json.bvt.parser.deser.AbstractSerializeTest2#test_mapping_1,FAIL,NO
com.alibaba.json.bvt.parser.deser.AbstractSerializeTest2#test_mapping_2,FAIL,NO
com.alibaba.json.bvt.parser.deser.AbstractSerializeTest2#test_mapping_group,FAIL,NO
com.alibaba.json.bvt.parser.deser.BigDecimalDeserializerTest#test_bigdecimal,FAIL,NO
com.alibaba.json.bvt.parser.deser.BigDecimalTest#test_className,FAIL,NO
com.alibaba.json.bvt.parser.deser.BigDecimalTest#test_null,FAIL,NO
com.alibaba.json.bvt.parser.deser.BigDecimalTest#test_postfix,FAIL,NO
com.alibaba.json.bvt.parser.deser.BigIntegerDeserializerTest#test_1,FAIL,NO
com.alibaba.json.bvt.parser.deser.BigIntegerDeserializerTest#test_array,FAIL,NO
com.alibaba.json.bvt.parser.deser.BigIntegerDeserializerTest#test_vo,FAIL,NO
com.alibaba.json.bvt.parser.deser.BigIntegerDeserializerTest#test_vo2,FAIL,NO
com.alibaba.json.bvt.parser.deser.BigIntegerDeserializerTest#test_vo_null,FAIL,NO
com.alibaba.json.bvt.parser.deser.BooleanDeserializerTest#test_boolean,FAIL,NO
com.alibaba.json.bvt.parser.deser.BooleanFieldDeserializerTest#test_0,FAIL,NO
com.alibaba.json.bvt.parser.deser.BooleanFieldDeserializerTest2#test_0,FAIL,NO
com.alibaba.json.bvt.parser.deser.BooleanFieldDeserializerTest2#test_1,FAIL,NO
com.alibaba.json.bvt.parser.deser.BooleanFieldDeserializerTest2#test_2,FAIL,NO
com.alibaba.json.bvt.parser.deser.BooleanFieldDeserializerTest2#test_3,FAIL,NO
com.alibaba.json.bvt.parser.deser.CharArrayDeserializerTest#test_charArray,FAIL,NO
com.alibaba.json.bvt.parser.deser.ClassTest#test_array,FAIL,NO
com.alibaba.json.bvt.parser.deser.ClassTest#test_null,FAIL,NO
com.alibaba.json.bvt.parser.deser.ClassTest#test_primitive,FAIL,NO
com.alibaba.json.bvt.parser.deser.CollectionFieldTest#test_empty,FAIL,NO
com.alibaba.json.bvt.parser.deser.CollectionFieldTest#test_null,FAIL,NO
com.alibaba.json.bvt.parser.deser.ConcurrentHashMapDeserializerTest#test_1,FAIL,NO
com.alibaba.json.bvt.parser.deser.ConcurrentHashMapDeserializerTest#test_2,FAIL,NO
com.alibaba.json.bvt.parser.deser.ConcurrentHashMapDeserializerTest#test_className,FAIL,NO
com.alibaba.json.bvt.parser.deser.ConcurrentHashMapDeserializerTest#test_className1,FAIL,NO
com.alibaba.json.bvt.parser.deser.ConcurrentHashMapDeserializerTest#test_className2,FAIL,NO
com.alibaba.json.bvt.parser.deser.ConcurrentHashMapDeserializerTest#test_null,FAIL,NO
com.alibaba.json.bvt.parser.deser.ConstructorErrorTest#test_error,FAIL,NO
com.alibaba.json.bvt.parser.deser.ConstructorErrorTest_initError#test_error,FAIL,NO
com.alibaba.json.bvt.parser.deser.ConstructorErrorTest_initError_private#test_error,FAIL,NO
com.alibaba.json.bvt.parser.deser.ConstructorErrorTest_inner#test_error,FAIL,NO
com.alibaba.json.bvt.parser.deser.ConstructorErrorTest_private#test_error,FAIL,NO
com.alibaba.json.bvt.parser.deser.DefaultObjectDeserializerTest10#test_1,FAIL,NO
com.alibaba.json.bvt.parser.deser.DefaultObjectDeserializerTest11#test_0,FAIL,NO
com.alibaba.json.bvt.parser.deser.DefaultObjectDeserializerTest12#test_list,FAIL,NO
com.alibaba.json.bvt.parser.deser.DefaultObjectDeserializerTest2#test_1,FAIL,NO
com.alibaba.json.bvt.parser.deser.DefaultObjectDeserializerTest2#test_8,FAIL,NO
com.alibaba.json.bvt.parser.deser.DefaultObjectDeserializerTest3#test_0,FAIL,NO
com.alibaba.json.bvt.parser.deser.DefaultObjectDeserializerTest4#test_0,FAIL,NO
com.alibaba.json.bvt.parser.deser.DefaultObjectDeserializerTest4#test_1,FAIL,NO
com.alibaba.json.bvt.parser.deser.DefaultObjectDeserializerTest5#test_0,FAIL,NO
com.alibaba.json.bvt.parser.deser.DefaultObjectDeserializerTest5#test_1,FAIL,NO
com.alibaba.json.bvt.parser.deser.DefaultObjectDeserializerTest5#test_2,FAIL,NO
com.alibaba.json.bvt.parser.deser.DefaultObjectDeserializerTest5#test_error,FAIL,NO
com.alibaba.json.bvt.parser.deser.DefaultObjectDeserializerTest5#test_error_2,FAIL,NO
com.alibaba.json.bvt.parser.deser.DefaultObjectDeserializerTest5#test_error_3,FAIL,NO
com.alibaba.json.bvt.parser.deser.DefaultObjectDeserializerTest5#test_error_4,FAIL,NO
com.alibaba.json.bvt.parser.deser.DefaultObjectDeserializerTest6#test_0,FAIL,NO
com.alibaba.json.bvt.parser.deser.DefaultObjectDeserializerTest6#test_1,FAIL,NO
com.alibaba.json.bvt.parser.deser.DefaultObjectDeserializerTest7#test_0,FAIL,NO
com.alibaba.json.bvt.parser.deser.DefaultObjectDeserializerTest8#test_1,FAIL,NO
com.alibaba.json.bvt.parser.deser.DefaultObjectDeserializerTest9#test_1,FAIL,NO
com.alibaba.json.bvt.parser.deser.DefaultObjectDeserializerTest_collection#test_0,FAIL,NO
com.alibaba.json.bvt.parser.deser.DefaultObjectDeserializerTest_collection#test_1,FAIL,NO
com.alibaba.json.bvt.parser.deser.DefaultObjectDeserializerTest_collection#test_2,FAIL,NO
com.alibaba.json.bvt.parser.deser.DoubleArrayFieldDeserializerTest#test_0,FAIL,NO
com.alibaba.json.bvt.parser.deser.DoubleDeserializerTest#test_bigdecimal,FAIL,NO
com.alibaba.json.bvt.parser.deser.DoubleFieldDeserializerTest#test_0,FAIL,NO
com.alibaba.json.bvt.parser.deser.DupTest#test_dup,FAIL,NO
com.alibaba.json.bvt.parser.deser.EnumMapTest#test_for_enum_map,FAIL,NO
com.alibaba.json.bvt.parser.deser.EnumTest#test_enum,FAIL,NO
com.alibaba.json.bvt.parser.deser.EnumTest#test_enum_1,FAIL,NO
com.alibaba.json.bvt.parser.deser.EnumTest#test_enum_2,FAIL,NO
com.alibaba.json.bvt.parser.deser.EnumTest#test_enum_3,FAIL,NO
com.alibaba.json.bvt.parser.deser.EnumTest#test_enum_error,FAIL,NO
com.alibaba.json.bvt.parser.deser.EnumTest#test_enum_error_2,FAIL,NO
com.alibaba.json.bvt.parser.deser.FactoryTest#test_factory,FAIL,NO
com.alibaba.json.bvt.parser.deser.FactoryTest#test_factory1,FAIL,NO
com.alibaba.json.bvt.parser.deser.FactoryTest_error#test_factory1,FAIL,NO
com.alibaba.json.bvt.parser.deser.FieldDeserializerTest#test_deser,FAIL,NO
com.alibaba.json.bvt.parser.deser.FieldDeserializerTest1#test_error,FAIL,NO
com.alibaba.json.bvt.parser.deser.FieldDeserializerTest1#test_error_1,FAIL,NO
com.alibaba.json.bvt.parser.deser.FieldDeserializerTest1#test_error_2,FAIL,NO
com.alibaba.json.bvt.parser.deser.FieldDeserializerTest1#test_null,FAIL,NO
com.alibaba.json.bvt.parser.deser.FieldDeserializerTest1#test_null_2,FAIL,NO
com.alibaba.json.bvt.parser.deser.FieldDeserializerTest10#test_0,FAIL,NO
com.alibaba.json.bvt.parser.deser.FieldDeserializerTest2#test_0,FAIL,NO
com.alibaba.json.bvt.parser.deser.FieldDeserializerTest2#test_1,FAIL,NO
com.alibaba.json.bvt.parser.deser.FieldDeserializerTest2#test_error_1,FAIL,NO
com.alibaba.json.bvt.parser.deser.FieldDeserializerTest3#test_error_1,FAIL,NO
com.alibaba.json.bvt.parser.deser.FieldDeserializerTest3#test_error_2,FAIL,NO
com.alibaba.json.bvt.parser.deser.FieldDeserializerTest4#test_0,FAIL,NO
com.alibaba.json.bvt.parser.deser.FieldDeserializerTest5#test_0,FAIL,NO
com.alibaba.json.bvt.parser.deser.FieldDeserializerTest6#test_0,FAIL,NO
com.alibaba.json.bvt.parser.deser.FieldDeserializerTest7#test_0,FAIL,NO
com.alibaba.json.bvt.parser.deser.FieldDeserializerTest8#test_0,FAIL,NO
com.alibaba.json.bvt.parser.deser.FieldDeserializerTest9#test_0,FAIL,NO
com.alibaba.json.bvt.parser.deser.FieldDeserializerTest9#test_1,FAIL,NO
com.alibaba.json.bvt.parser.deser.FieldSerializerTest#test_writeNull,FAIL,NO
com.alibaba.json.bvt.parser.deser.FieldSerializerTest2#test_writeNull,FAIL,NO
com.alibaba.json.bvt.parser.deser.FieldSerializerTest3#test_writeNull,FAIL,NO
com.alibaba.json.bvt.parser.deser.FloatDeserializerTest#test_bigdecimal,FAIL,NO
com.alibaba.json.bvt.parser.deser.GetOnlyCollectionTest#test_getOnly,FAIL,NO
com.alibaba.json.bvt.parser.deser.HashtableFieldTest#test_empty,FAIL,NO
com.alibaba.json.bvt.parser.deser.HashtableFieldTest#test_empty_a,FAIL,NO
com.alibaba.json.bvt.parser.deser.HashtableFieldTest#test_null,FAIL,NO
com.alibaba.json.bvt.parser.deser.HashtableFieldTest#test_null_2,FAIL,NO
com.alibaba.json.bvt.parser.deser.InetAddressDeserializerTest#test_error_0,FAIL,NO
com.alibaba.json.bvt.parser.deser.InetAddressDeserializerTest#test_null,FAIL,NO
com.alibaba.json.bvt.parser.deser.InetAddressDeserializerTest#test_string_null,FAIL,NO
com.alibaba.json.bvt.parser.deser.InnerClassDeser#test_for_inner_class,FAIL,NO
com.alibaba.json.bvt.parser.deser.InnerClassDeser2#test_for_inner_class,FAIL,NO
com.alibaba.json.bvt.parser.deser.InnerClassDeser3#test_for_inner_class,FAIL,NO
com.alibaba.json.bvt.parser.deser.InnerClassDeser4#test_for_inner_class,FAIL,NO
com.alibaba.json.bvt.parser.deser.IntegerDeserializerTest#test_bigdecimal,FAIL,NO
com.alibaba.json.bvt.parser.deser.IntegerFieldDeserializerTest#test_0,FAIL,NO
com.alibaba.json.bvt.parser.deser.IntegerFieldDeserializerTest#test_1,FAIL,NO
com.alibaba.json.bvt.parser.deser.IntegerFieldDeserializerTest#test_2,FAIL,NO
com.alibaba.json.bvt.parser.deser.IntegerFieldDeserializerTest2#test_integer,FAIL,NO
com.alibaba.json.bvt.parser.deser.IntegerFieldDeserializerTest2#test_integer_2,FAIL,NO
com.alibaba.json.bvt.parser.deser.IntegerFieldDeserializerTest2#test_integer_3,FAIL,NO
com.alibaba.json.bvt.parser.deser.IntegerFieldDeserializerTest3#test_0,FAIL,NO
com.alibaba.json.bvt.parser.deser.IntegerFieldDeserializerTest3#test_1,FAIL,NO
com.alibaba.json.bvt.parser.deser.IntegerFieldDeserializerTest3#test_2,FAIL,NO
com.alibaba.json.bvt.parser.deser.IntegerParseTest#test_b,FAIL,NO
com.alibaba.json.bvt.parser.deser.IntegerParseTest#test_d,FAIL,NO
com.alibaba.json.bvt.parser.deser.IntegerParseTest#test_f,FAIL,NO
com.alibaba.json.bvt.parser.deser.IntegerParseTest#test_l,FAIL,NO
com.alibaba.json.bvt.parser.deser.IntegerParseTest#test_m,FAIL,NO
com.alibaba.json.bvt.parser.deser.IntegerParseTest#test_s,FAIL,NO
com.alibaba.json.bvt.parser.deser.InterfaceParseTest#test_interface,FAIL,NO
com.alibaba.json.bvt.parser.deser.JSONFieldSetterTest#test_for_setter,FAIL,NO
com.alibaba.json.bvt.parser.deser.LocaleFieldTest#test_local_obj,FAIL,NO
com.alibaba.json.bvt.parser.deser.LocaleFieldTest#test_local_str,FAIL,NO
com.alibaba.json.bvt.parser.deser.LocaleTest#test_0,FAIL,NO
com.alibaba.json.bvt.parser.deser.LocaleTest#test_1,FAIL,NO
com.alibaba.json.bvt.parser.deser.LocaleTest#test_2,FAIL,NO
com.alibaba.json.bvt.parser.deser.LocaleTest#test_null,FAIL,NO
com.alibaba.json.bvt.parser.deser.LongDeserializerTest#test_bigdecimal,FAIL,NO
com.alibaba.json.bvt.parser.deser.LongFieldDeserializerTest#test_0,FAIL,NO
com.alibaba.json.bvt.parser.deser.LongFieldDeserializerTest#test_1,FAIL,NO
com.alibaba.json.bvt.parser.deser.LongFieldDeserializerTest#test_2,FAIL,NO
com.alibaba.json.bvt.parser.deser.LongFieldDeserializerTest#test_error,FAIL,NO
com.alibaba.json.bvt.parser.deser.LongFieldDeserializerTest2#test_integer,FAIL,NO
com.alibaba.json.bvt.parser.deser.LongFieldDeserializerTest2#test_integer_2,FAIL,NO
com.alibaba.json.bvt.parser.deser.LongFieldDeserializerTest3#test_0,FAIL,NO
com.alibaba.json.bvt.parser.deser.LongFieldDeserializerTest3#test_1,FAIL,NO
com.alibaba.json.bvt.parser.deser.LongFieldDeserializerTest3#test_2,FAIL,NO
com.alibaba.json.bvt.parser.deser.MapDeserializerTest#test_0,FAIL,NO
com.alibaba.json.bvt.parser.deser.MapTest#test_0,FAIL,NO
com.alibaba.json.bvt.parser.deser.MapTest#test_1,FAIL,NO
com.alibaba.json.bvt.parser.deser.MultiArrayTest#test_0,FAIL,NO
com.alibaba.json.bvt.parser.deser.MyMapFieldTest#test_empty,FAIL,NO
com.alibaba.json.bvt.parser.deser.MyMapFieldTest#test_null,FAIL,NO
com.alibaba.json.bvt.parser.deser.NumberDeserializerTest#test_byte,FAIL,NO
com.alibaba.json.bvt.parser.deser.NumberDeserializerTest#test_byte1,FAIL,NO
com.alibaba.json.bvt.parser.deser.NumberDeserializerTest#test_double,FAIL,NO
com.alibaba.json.bvt.parser.deser.NumberDeserializerTest#test_short,FAIL,NO
com.alibaba.json.bvt.parser.deser.NumberDeserializerTest#test_short1,FAIL,NO
com.alibaba.json.bvt.parser.deser.NumberDeserializerTest2#test_double2,FAIL,NO
com.alibaba.json.bvt.parser.deser.ParseNullTest#test_parse_null,FAIL,NO
com.alibaba.json.bvt.parser.deser.PatternDeserializerTest#test_pattern,FAIL,NO
com.alibaba.json.bvt.parser.deser.PropertyProcessableTest_0#test_processable,FAIL,NO
com.alibaba.json.bvt.parser.deser.ResolveFieldDeserializerTest#test_0,FAIL,NO
com.alibaba.json.bvt.parser.deser.ShortFieldDeserializerTest#test_integer_2,FAIL,NO
com.alibaba.json.bvt.parser.deser.SmartMatchTest#test_vo2,FAIL,NO
com.alibaba.json.bvt.parser.deser.SmartMatchTest2#test_vo2,FAIL,NO
com.alibaba.json.bvt.parser.deser.SmartMatchTest_boolean_is#test_0,FAIL,NO
com.alibaba.json.bvt.parser.deser.SmartMatchTest_snake#test_0,FAIL,NO
com.alibaba.json.bvt.parser.deser.SmartMatchTest_snake2#test_0,FAIL,NO
com.alibaba.json.bvt.parser.deser.SortedSetFieldTest#test_empty,FAIL,NO
com.alibaba.json.bvt.parser.deser.SortedSetFieldTest#test_null,FAIL,NO
com.alibaba.json.bvt.parser.deser.SqlDateDeserializerTest#test_bigdecimal,FAIL,NO
com.alibaba.json.bvt.parser.deser.SqlDateDeserializerTest2#test_sqlDate,PASS,YES
com.alibaba.json.bvt.parser.deser.StackTraceElementDeserializerTest#test_stack,FAIL,NO
com.alibaba.json.bvt.parser.deser.StackTraceElementDeserializerTest#test_stack_error,FAIL,NO
com.alibaba.json.bvt.parser.deser.StackTraceElementDeserializerTest#test_stack_error_1,FAIL,NO
com.alibaba.json.bvt.parser.deser.StackTraceElementDeserializerTest#test_stack_error_10,FAIL,NO
com.alibaba.json.bvt.parser.deser.StackTraceElementDeserializerTest#test_stack_error_2,FAIL,NO
com.alibaba.json.bvt.parser.deser.StackTraceElementDeserializerTest#test_stack_error_3,FAIL,NO
com.alibaba.json.bvt.parser.deser.StackTraceElementDeserializerTest#test_stack_error_4,FAIL,NO
com.alibaba.json.bvt.parser.deser.StackTraceElementDeserializerTest#test_stack_error_5,FAIL,NO
com.alibaba.json.bvt.parser.deser.StackTraceElementDeserializerTest#test_stack_error_6,FAIL,NO
com.alibaba.json.bvt.parser.deser.StackTraceElementDeserializerTest#test_stack_error_7,FAIL,NO
com.alibaba.json.bvt.parser.deser.StackTraceElementDeserializerTest#test_stack_error_8,FAIL,NO
com.alibaba.json.bvt.parser.deser.StackTraceElementDeserializerTest#test_stack_error_9,FAIL,NO
com.alibaba.json.bvt.parser.deser.TestEnum#test_enum,FAIL,NO
com.alibaba.json.bvt.parser.deser.TestNull#test_byte,FAIL,NO
com.alibaba.json.bvt.parser.deser.TestNull#test_char,FAIL,NO
com.alibaba.json.bvt.parser.deser.TestNull#test_null,FAIL,NO
com.alibaba.json.bvt.parser.deser.TestNull#test_short,FAIL,NO
com.alibaba.json.bvt.parser.deser.ThrowableDeserializerTest#test_0,FAIL,NO
com.alibaba.json.bvt.parser.deser.ThrowableDeserializerTest#test_error,FAIL,NO
com.alibaba.json.bvt.parser.deser.ThrowableDeserializerTest#test_error1,FAIL,NO
com.alibaba.json.bvt.parser.deser.ThrowableDeserializerTest#test_error2,FAIL,NO
com.alibaba.json.bvt.parser.deser.ThrowableDeserializerTest#test_error3,FAIL,NO
com.alibaba.json.bvt.parser.deser.ThrowableDeserializerTest_2#test_0,FAIL,NO
com.alibaba.json.bvt.parser.deser.ThrowableDeserializerTest_2#test_2,FAIL,NO
com.alibaba.json.bvt.parser.deser.ThrowableDeserializerTest_2#test_3,FAIL,NO
com.alibaba.json.bvt.parser.deser.TimeDeserializerTest#test_time,PASS,YES
com.alibaba.json.bvt.parser.deser.TimeDeserializerTest2#test_0,FAIL,NO
com.alibaba.json.bvt.parser.deser.TimeDeserializerTest2#test_error,FAIL,NO
com.alibaba.json.bvt.parser.deser.TimeDeserializerTest2#test_error_1,FAIL,NO
com.alibaba.json.bvt.parser.deser.TimeDeserializerTest2#test_error_2,FAIL,NO
com.alibaba.json.bvt.parser.deser.TimeDeserializerTest2#test_error_3,FAIL,NO
com.alibaba.json.bvt.parser.deser.TimeDeserializerTest3#test_time,FAIL,NO
com.alibaba.json.bvt.parser.deser.TimeDeserializerTest3#test_time_null,FAIL,NO
com.alibaba.json.bvt.parser.deser.TimeZoneDeserializerTest#test_timezone,FAIL,NO
com.alibaba.json.bvt.parser.deser.TreeMapDeserializerTest#test_0,FAIL,NO
com.alibaba.json.bvt.parser.deser.TreeSetFieldTest#test_empty,FAIL,NO
com.alibaba.json.bvt.parser.deser.TreeSetFieldTest#test_null,FAIL,NO
com.alibaba.json.bvt.parser.deser.URIDeserializerTest#test_null,FAIL,NO
com.alibaba.json.bvt.parser.deser.URLDeserializerTest#test_url,FAIL,NO
com.alibaba.json.bvt.parser.deser.URLDeserializerTest#test_url_error,FAIL,NO
com.alibaba.json.bvt.parser.deser.UUIDDeserializerTest#test_url,FAIL,NO
com.alibaba.json.bvt.parser.deser.UUIDDeserializerTest#test_url_error,FAIL,NO
com.alibaba.json.bvt.parser.deser.array.FieldBoolArrayTest#test_intArray,FAIL,NO
com.alibaba.json.bvt.parser.deser.array.FieldByteArrayTest#test_intArray,FAIL,NO
com.alibaba.json.bvt.parser.deser.array.FieldDoubleArrayTest#test_intArray,FAIL,NO
com.alibaba.json.bvt.parser.deser.array.FieldFloatArray2Test#test_intArray,FAIL,NO
com.alibaba.json.bvt.parser.deser.array.FieldFloatArray2Test_private#test_intArray,FAIL,NO
com.alibaba.json.bvt.parser.deser.array.FieldFloatArrayTest#test_intArray,FAIL,NO
com.alibaba.json.bvt.parser.deser.array.FieldFloatArrayTest2#test_intArray,FAIL,NO
com.alibaba.json.bvt.parser.deser.array.FieldFloatArrayTest_private#test_intArray,FAIL,NO
com.alibaba.json.bvt.parser.deser.array.FieldIntArrayTest#test_intArray,FAIL,NO
com.alibaba.json.bvt.parser.deser.array.FieldIntArrayTest2#test_intArray,FAIL,NO
com.alibaba.json.bvt.parser.deser.array.FieldIntArrayTest_private#test_intArray,FAIL,NO
com.alibaba.json.bvt.parser.deser.array.FieldLongArrayTest#test_intArray,FAIL,NO
com.alibaba.json.bvt.parser.deser.array.FieldShortArrayTest#test_intArray,FAIL,NO
com.alibaba.json.bvt.parser.deser.arraymapping.ArrayMappingErrorTest#test_for_error,FAIL,NO
com.alibaba.json.bvt.parser.deser.arraymapping.ArrayMappingErrorTest2#test_for_error,FAIL,NO
com.alibaba.json.bvt.parser.deser.arraymapping.ArrayMappingErrorTest3#test_for_error,FAIL,NO
com.alibaba.json.bvt.parser.deser.arraymapping.ArrayMapping_bool#test_for_false,FAIL,NO
com.alibaba.json.bvt.parser.deser.arraymapping.ArrayMapping_bool#test_for_true,FAIL,NO
com.alibaba.json.bvt.parser.deser.arraymapping.ArrayMapping_double#test_float,FAIL,NO
com.alibaba.json.bvt.parser.deser.arraymapping.ArrayMapping_float#test_float,FAIL,NO
com.alibaba.json.bvt.parser.deser.arraymapping.ArrayMapping_long#test_for_error,FAIL,NO
com.alibaba.json.bvt.parser.deser.arraymapping.ArrayMapping_long_stream#test_for_error,FAIL,NO
com.alibaba.json.bvt.parser.deser.asm.TestASM#test_0,FAIL,NO
com.alibaba.json.bvt.parser.deser.asm.TestASM#test_asm,FAIL,NO
com.alibaba.json.bvt.parser.deser.asm.TestASM2#test_0,FAIL,NO
com.alibaba.json.bvt.parser.deser.asm.TestASM2#test_1,FAIL,NO
com.alibaba.json.bvt.parser.deser.asm.TestASM2#test_2,FAIL,NO
com.alibaba.json.bvt.parser.deser.asm.TestASM2#test_3,FAIL,NO
com.alibaba.json.bvt.parser.deser.asm.TestASM2#test_4,FAIL,NO
com.alibaba.json.bvt.parser.deser.asm.TestASM2#test_7,FAIL,NO
com.alibaba.json.bvt.parser.deser.asm.TestASM2#test_8,FAIL,NO
com.alibaba.json.bvt.parser.deser.asm.TestASM2#test_9,FAIL,NO
com.alibaba.json.bvt.parser.deser.asm.TestASMEishay#test_asm,FAIL,NO
com.alibaba.json.bvt.parser.deser.asm.TestASM_BigDecimal#test_decimal,FAIL,NO
com.alibaba.json.bvt.parser.deser.asm.TestASM_BigDecimal#test_decimal_1,FAIL,NO
com.alibaba.json.bvt.parser.deser.asm.TestASM_BigDecimal#test_decimal_2,FAIL,NO
com.alibaba.json.bvt.parser.deser.asm.TestASM_BigDecimal#test_decimal_3,FAIL,NO
com.alibaba.json.bvt.parser.deser.asm.TestASM_Byte_0#test_asm,FAIL,NO
com.alibaba.json.bvt.parser.deser.asm.TestASM_Date#test_date,FAIL,NO
com.alibaba.json.bvt.parser.deser.asm.TestASM_Integer#test_asm,FAIL,NO
com.alibaba.json.bvt.parser.deser.asm.TestASM_List#test_decimal_3,FAIL,NO
com.alibaba.json.bvt.parser.deser.asm.TestASM_Long_0#test_asm,FAIL,NO
com.alibaba.json.bvt.parser.deser.asm.TestASM_Short_0#test_asm,FAIL,NO
com.alibaba.json.bvt.parser.deser.asm.TestASM_boolean#test_asm,FAIL,NO
com.alibaba.json.bvt.parser.deser.asm.TestASM_byte#test_asm,FAIL,NO
com.alibaba.json.bvt.parser.deser.asm.TestASM_char#test_asm,FAIL,NO
com.alibaba.json.bvt.parser.deser.asm.TestASM_double#test_asm,FAIL,NO
com.alibaba.json.bvt.parser.deser.asm.TestASM_float#test_asm,FAIL,NO
com.alibaba.json.bvt.parser.deser.asm.TestASM_int#test_asm,FAIL,NO
com.alibaba.json.bvt.parser.deser.asm.TestASM_long#test_asm,FAIL,NO
com.alibaba.json.bvt.parser.deser.asm.TestASM_null#test_null,FAIL,NO
com.alibaba.json.bvt.parser.deser.asm.TestASM_null#test_null_notmatch,FAIL,NO
com.alibaba.json.bvt.parser.deser.asm.TestASM_object#test_asm,FAIL,NO
com.alibaba.json.bvt.parser.deser.asm.TestASM_primitive#test_asm,FAIL,NO
com.alibaba.json.bvt.parser.deser.asm.TestASM_short#test_asm,FAIL,NO
com.alibaba.json.bvt.parser.deser.awt.ColorDeserializerTest#test_0,FAIL,NO
com.alibaba.json.bvt.parser.deser.awt.ColorDeserializerTest#test_error,FAIL,NO
com.alibaba.json.bvt.parser.deser.awt.ColorDeserializerTest#test_error_1,FAIL,NO
com.alibaba.json.bvt.parser.deser.awt.ColorDeserializerTest#test_error_2,FAIL,NO
com.alibaba.json.bvt.parser.deser.awt.ColorDeserializerTest#test_error_3,FAIL,NO
com.alibaba.json.bvt.parser.deser.awt.FontDeserializerTest#test_0,FAIL,NO
com.alibaba.json.bvt.parser.deser.awt.FontDeserializerTest#test_stack_error_0,FAIL,NO
com.alibaba.json.bvt.parser.deser.awt.FontDeserializerTest#test_stack_error_1,FAIL,NO
com.alibaba.json.bvt.parser.deser.awt.FontDeserializerTest#test_stack_error_2,FAIL,NO
com.alibaba.json.bvt.parser.deser.awt.FontDeserializerTest#test_stack_error_3,FAIL,NO
com.alibaba.json.bvt.parser.deser.awt.FontDeserializerTest#test_stack_error_4,FAIL,NO
com.alibaba.json.bvt.parser.deser.awt.FontDeserializerTest#test_stack_error_5,FAIL,NO
com.alibaba.json.bvt.parser.deser.awt.PointDeserializerTest#test_0,FAIL,NO
com.alibaba.json.bvt.parser.deser.awt.PointDeserializerTest#test_error,FAIL,NO
com.alibaba.json.bvt.parser.deser.awt.PointDeserializerTest#test_error_1,FAIL,NO
com.alibaba.json.bvt.parser.deser.awt.PointDeserializerTest#test_error_2,FAIL,NO
com.alibaba.json.bvt.parser.deser.awt.PointDeserializerTest#test_error_3,FAIL,NO
com.alibaba.json.bvt.parser.deser.awt.PointDeserializerTest2#test_error_3,FAIL,NO
com.alibaba.json.bvt.parser.deser.awt.RectangleDeserializerTest#test_0,FAIL,NO
com.alibaba.json.bvt.parser.deser.awt.RectangleDeserializerTest#test_stack_error_0,FAIL,NO
com.alibaba.json.bvt.parser.deser.awt.RectangleDeserializerTest#test_stack_error_1,FAIL,NO
com.alibaba.json.bvt.parser.deser.awt.RectangleDeserializerTest#test_stack_error_2,FAIL,NO
com.alibaba.json.bvt.parser.deser.awt.RectangleDeserializerTest#test_stack_error_3,FAIL,NO
com.alibaba.json.bvt.parser.deser.awt.RectangleDeserializerTest#test_stack_error_4,FAIL,NO
com.alibaba.json.bvt.parser.deser.awt.RectangleDeserializerTest#test_stack_error_5,FAIL,NO
com.alibaba.json.bvt.parser.deser.date.DateDeserializerTest#test_date,FAIL,NO
com.alibaba.json.bvt.parser.deser.date.DateFormatDeserializerTest#test_dateFormat_array,PASS,YES
com.alibaba.json.bvt.parser.deser.date.DateFormatDeserializerTest#test_dateFormat_empty,PASS,YES
com.alibaba.json.bvt.parser.deser.date.DateFormatDeserializerTest#test_dateFormat_error,PASS,YES
com.alibaba.json.bvt.parser.deser.date.DateFormatDeserializerTest#test_dateFormat_null,PASS,YES
com.alibaba.json.bvt.parser.deser.date.DateFormatDeserializerTest#test_dateFormat_yyyy,PASS,YES
com.alibaba.json.bvt.parser.deser.date.DateParseTest1#test_date,PASS,YES
com.alibaba.json.bvt.parser.deser.date.DateParseTest10#test_date,PASS,YES
com.alibaba.json.bvt.parser.deser.date.DateParseTest11#test,FAIL,NO
com.alibaba.json.bvt.parser.deser.date.DateParseTest12#test,FAIL,NO
com.alibaba.json.bvt.parser.deser.date.DateParseTest13#test,FAIL,NO
com.alibaba.json.bvt.parser.deser.date.DateParseTest14#test_0_gt,FAIL,NO
com.alibaba.json.bvt.parser.deser.date.DateParseTest14#test_0_lt,FAIL,NO
com.alibaba.json.bvt.parser.deser.date.DateParseTest14#test_1_gt,FAIL,NO
com.alibaba.json.bvt.parser.deser.date.DateParseTest14#test_1_lt,FAIL,NO
com.alibaba.json.bvt.parser.deser.date.DateParseTest14#test_2_gt,FAIL,NO
com.alibaba.json.bvt.parser.deser.date.DateParseTest14#test_2_lt,FAIL,NO
com.alibaba.json.bvt.parser.deser.date.DateParseTest2#test_date,PASS,YES
com.alibaba.json.bvt.parser.deser.date.DateParseTest3#test_date,PASS,YES
com.alibaba.json.bvt.parser.deser.date.DateParseTest4#test_date,PASS,YES
com.alibaba.json.bvt.parser.deser.date.DateParseTest5#test_date,PASS,YES
com.alibaba.json.bvt.parser.deser.date.DateParseTest6#test_date,PASS,YES
com.alibaba.json.bvt.parser.deser.date.DateParseTest7#test_date,PASS,YES
com.alibaba.json.bvt.parser.deser.date.DateParseTest8#test_date,PASS,YES
com.alibaba.json.bvt.parser.deser.date.DateParseTest9#test_date,FAIL,NO
com.alibaba.json.bvt.parser.deser.date.DateParseTest9#test_error,FAIL,NO
com.alibaba.json.bvt.parser.deser.date.DateParseTest9#test_error_1,FAIL,NO
com.alibaba.json.bvt.parser.deser.date.DateTest#test,PASS,YES
com.alibaba.json.bvt.parser.deser.date.DateTest#test_reader,PASS,YES
com.alibaba.json.bvt.parser.deser.deny.DenyTest#test_0,FAIL,NO
com.alibaba.json.bvt.parser.deser.deny.DenyTest#test_1,FAIL,NO
com.alibaba.json.bvt.parser.deser.deny.DenyTest10#test_hashMap,FAIL,NO
com.alibaba.json.bvt.parser.deser.deny.DenyTest10#test_hashMap_concurrentHashMap,FAIL,NO
com.alibaba.json.bvt.parser.deser.deny.DenyTest10#test_hashMap_weekHashMap,FAIL,NO
com.alibaba.json.bvt.parser.deser.deny.DenyTest10#test_uuid,FAIL,NO
com.alibaba.json.bvt.parser.deser.deny.DenyTest11#test_autoTypeDeny,FAIL,NO
com.alibaba.json.bvt.parser.deser.deny.DenyTest12#test_deny,FAIL,NO
com.alibaba.json.bvt.parser.deser.deny.DenyTest13#test_deny,FAIL,NO
com.alibaba.json.bvt.parser.deser.deny.DenyTest14#test_deny,FAIL,NO
com.alibaba.json.bvt.parser.deser.deny.DenyTest15#test_deny,FAIL,NO
com.alibaba.json.bvt.parser.deser.deny.DenyTest16#test_deny,FAIL,NO
com.alibaba.json.bvt.parser.deser.deny.DenyTest2#test_0,FAIL,NO
com.alibaba.json.bvt.parser.deser.deny.DenyTest3#test_0,FAIL,NO
com.alibaba.json.bvt.parser.deser.deny.DenyTest4#test_0,FAIL,NO
com.alibaba.json.bvt.parser.deser.deny.DenyTest5#test_c3p0,FAIL,NO
com.alibaba.json.bvt.parser.deser.deny.DenyTest6#test_autoTypeDeny,FAIL,NO
com.alibaba.json.bvt.parser.deser.deny.DenyTest7#test_autoTypeDeny,FAIL,NO
com.alibaba.json.bvt.parser.deser.deny.DenyTest8#test_autoTypeDeny,FAIL,NO
com.alibaba.json.bvt.parser.deser.deny.DenyTest9#test_autoTypeDeny,FAIL,NO
com.alibaba.json.bvt.parser.deser.deny.InitJavaBeanDeserializerTest#test_desktop,FAIL,NO
com.alibaba.json.bvt.parser.deser.extra.ExtraTest#test_0,FAIL,NO
com.alibaba.json.bvt.parser.deser.generic.ByteListTest#test_for_List,FAIL,NO
com.alibaba.json.bvt.parser.deser.generic.ByteListTest#test_for_issue,FAIL,NO
com.alibaba.json.bvt.parser.deser.generic.GenericArrayTest#test_generic,FAIL,NO
com.alibaba.json.bvt.parser.deser.generic.GenericArrayTest2#test_generic,FAIL,NO
com.alibaba.json.bvt.parser.deser.generic.GenericArrayTest3#test_generic,FAIL,NO
com.alibaba.json.bvt.parser.deser.generic.GenericArrayTest4#test_generic,FAIL,NO
com.alibaba.json.bvt.parser.deser.generic.GenericArrayTest5#test_generic,FAIL,NO
com.alibaba.json.bvt.parser.deser.generic.GenericMap#test_generic,FAIL,NO
com.alibaba.json.bvt.parser.deser.generic.GenericTest#test_0,FAIL,NO
com.alibaba.json.bvt.parser.deser.generic.GenericTest2#test_for_bingyang,FAIL,NO
com.alibaba.json.bvt.parser.deser.generic.GenericTest3#test_generic,FAIL,NO
com.alibaba.json.bvt.parser.deser.generic.GenericTest4#test_0,FAIL,NO
com.alibaba.json.bvt.parser.deser.generic.GenericTest5#test_generic,FAIL,NO
com.alibaba.json.bvt.parser.deser.generic.ListStrFieldTest#test_0,FAIL,NO
com.alibaba.json.bvt.parser.deser.list.ArrayDeserializerTest#test_0,FAIL,NO
com.alibaba.json.bvt.parser.deser.list.ArrayDeserializerTest#test_null,FAIL,NO
com.alibaba.json.bvt.parser.deser.list.ArrayLisMapDeserializerTest#test_list,FAIL,NO
com.alibaba.json.bvt.parser.deser.list.ArrayLisMapDeserializerTest#test_list_2,FAIL,NO
com.alibaba.json.bvt.parser.deser.list.ArrayListEnumFieldDeserializerTest#test_enums,FAIL,NO
com.alibaba.json.bvt.parser.deser.list.ArrayListStringDeserializerTest#test_null,FAIL,NO
com.alibaba.json.bvt.parser.deser.list.ArrayListStringDeserializerTest#test_string_error,FAIL,NO
com.alibaba.json.bvt.parser.deser.list.ArrayListStringDeserializerTest#test_string_error_1,FAIL,NO
com.alibaba.json.bvt.parser.deser.list.ArrayListStringDeserializerTest#test_string_error_not_eof,FAIL,NO
com.alibaba.json.bvt.parser.deser.list.ArrayListStringDeserializerTest#test_strings,FAIL,NO
com.alibaba.json.bvt.parser.deser.list.ArrayListStringDeserializerTest#test_strings_,FAIL,NO
com.alibaba.json.bvt.parser.deser.list.ArrayListStringDeserializerTest#test_strings_2,FAIL,NO
com.alibaba.json.bvt.parser.deser.list.ArrayListStringDeserializerTest#test_strings_3,FAIL,NO
com.alibaba.json.bvt.parser.deser.list.ArrayListTypeDeserializerTest#test_empty,FAIL,NO
com.alibaba.json.bvt.parser.deser.list.ArrayListTypeDeserializerTest#test_null_0,FAIL,NO
com.alibaba.json.bvt.parser.deser.list.ArrayListTypeDeserializerTest#test_null_1,FAIL,NO
com.alibaba.json.bvt.parser.deser.list.ArrayListTypeDeserializerTest#test_null_2,FAIL,NO
com.alibaba.json.bvt.parser.deser.list.ArrayListTypeDeserializerTest#test_null_3,FAIL,NO
com.alibaba.json.bvt.parser.deser.list.ArrayListTypeFieldTest#test_0,FAIL,NO
com.alibaba.json.bvt.parser.deser.list.ArrayListTypeFieldTest#test_1,FAIL,NO
com.alibaba.json.bvt.parser.deser.list.ArrayListTypeFieldTest#test_error_0,FAIL,NO
com.alibaba.json.bvt.parser.deser.list.ArrayListTypeFieldTest#test_null,FAIL,NO
com.alibaba.json.bvt.parser.deser.list.ArrayListTypeFieldTest#test_null2,FAIL,NO
com.alibaba.json.bvt.parser.deser.list.ListStringFieldTest#test_list,FAIL,NO
com.alibaba.json.bvt.parser.deser.list.ListStringFieldTest#test_null,FAIL,NO
com.alibaba.json.bvt.parser.deser.list.ListStringFieldTest_array_big#test_list,FAIL,NO
com.alibaba.json.bvt.parser.deser.list.ListStringFieldTest_array_big#test_list_empty,FAIL,NO
com.alibaba.json.bvt.parser.deser.list.ListStringFieldTest_createError#test_null,FAIL,NO
com.alibaba.json.bvt.parser.deser.list.ListStringFieldTest_createError#test_reader,FAIL,NO
com.alibaba.json.bvt.parser.deser.list.ListStringFieldTest_dom#test_empty,FAIL,NO
com.alibaba.json.bvt.parser.deser.list.ListStringFieldTest_dom#test_error,FAIL,NO
com.alibaba.json.bvt.parser.deser.list.ListStringFieldTest_dom#test_error_1,FAIL,NO
com.alibaba.json.bvt.parser.deser.list.ListStringFieldTest_dom#test_error_2,FAIL,NO
com.alibaba.json.bvt.parser.deser.list.ListStringFieldTest_dom#test_error_3,FAIL,NO
com.alibaba.json.bvt.parser.deser.list.ListStringFieldTest_dom#test_error_4,FAIL,NO
com.alibaba.json.bvt.parser.deser.list.ListStringFieldTest_dom#test_error_n,FAIL,NO
com.alibaba.json.bvt.parser.deser.list.ListStringFieldTest_dom#test_error_nu,FAIL,NO
com.alibaba.json.bvt.parser.deser.list.ListStringFieldTest_dom#test_error_nul,FAIL,NO
com.alibaba.json.bvt.parser.deser.list.ListStringFieldTest_dom#test_error_null,FAIL,NO
com.alibaba.json.bvt.parser.deser.list.ListStringFieldTest_dom#test_error_rbacket,FAIL,NO
com.alibaba.json.bvt.parser.deser.list.ListStringFieldTest_dom#test_list,FAIL,NO
com.alibaba.json.bvt.parser.deser.list.ListStringFieldTest_dom#test_map_empty,FAIL,NO
com.alibaba.json.bvt.parser.deser.list.ListStringFieldTest_dom#test_notMatch,FAIL,NO
com.alibaba.json.bvt.parser.deser.list.ListStringFieldTest_dom#test_null,FAIL,NO
com.alibaba.json.bvt.parser.deser.list.ListStringFieldTest_dom#test_null_element,FAIL,NO
com.alibaba.json.bvt.parser.deser.list.ListStringFieldTest_dom_array#test_list,FAIL,NO
com.alibaba.json.bvt.parser.deser.list.ListStringFieldTest_dom_array#test_list2,FAIL,NO
com.alibaba.json.bvt.parser.deser.list.ListStringFieldTest_dom_array_2#test_list,FAIL,NO
com.alibaba.json.bvt.parser.deser.list.ListStringFieldTest_dom_array_2#test_list2,FAIL,NO
com.alibaba.json.bvt.parser.deser.list.ListStringFieldTest_dom_hashSet#test_empty,FAIL,NO
com.alibaba.json.bvt.parser.deser.list.ListStringFieldTest_dom_hashSet#test_error,FAIL,NO
com.alibaba.json.bvt.parser.deser.list.ListStringFieldTest_dom_hashSet#test_error_1,FAIL,NO
com.alibaba.json.bvt.parser.deser.list.ListStringFieldTest_dom_hashSet#test_error_2,FAIL,NO
com.alibaba.json.bvt.parser.deser.list.ListStringFieldTest_dom_hashSet#test_error_3,FAIL,NO
com.alibaba.json.bvt.parser.deser.list.ListStringFieldTest_dom_hashSet#test_list,FAIL,NO
com.alibaba.json.bvt.parser.deser.list.ListStringFieldTest_dom_hashSet#test_map_empty,FAIL,NO
com.alibaba.json.bvt.parser.deser.list.ListStringFieldTest_dom_hashSet#test_notMatch,FAIL,NO
com.alibaba.json.bvt.parser.deser.list.ListStringFieldTest_dom_hashSet#test_null,FAIL,NO
com.alibaba.json.bvt.parser.deser.list.ListStringFieldTest_dom_treeSet#test_empty,FAIL,NO
com.alibaba.json.bvt.parser.deser.list.ListStringFieldTest_dom_treeSet#test_error,FAIL,NO
com.alibaba.json.bvt.parser.deser.list.ListStringFieldTest_dom_treeSet#test_error_1,FAIL,NO
com.alibaba.json.bvt.parser.deser.list.ListStringFieldTest_dom_treeSet#test_error_2,FAIL,NO
com.alibaba.json.bvt.parser.deser.list.ListStringFieldTest_dom_treeSet#test_error_3,FAIL,NO
com.alibaba.json.bvt.parser.deser.list.ListStringFieldTest_dom_treeSet#test_list,FAIL,NO
com.alibaba.json.bvt.parser.deser.list.ListStringFieldTest_dom_treeSet#test_map_empty,FAIL,NO
com.alibaba.json.bvt.parser.deser.list.ListStringFieldTest_dom_treeSet#test_notMatch,FAIL,NO
com.alibaba.json.bvt.parser.deser.list.ListStringFieldTest_dom_treeSet#test_null,FAIL,NO
com.alibaba.json.bvt.parser.deser.list.ListStringFieldTest_stream#test_empty,FAIL,NO
com.alibaba.json.bvt.parser.deser.list.ListStringFieldTest_stream#test_error,FAIL,NO
com.alibaba.json.bvt.parser.deser.list.ListStringFieldTest_stream#test_error_1,FAIL,NO
com.alibaba.json.bvt.parser.deser.list.ListStringFieldTest_stream#test_error_2,FAIL,NO
com.alibaba.json.bvt.parser.deser.list.ListStringFieldTest_stream#test_error_3,FAIL,NO
com.alibaba.json.bvt.parser.deser.list.ListStringFieldTest_stream#test_error_4,FAIL,NO
com.alibaba.json.bvt.parser.deser.list.ListStringFieldTest_stream#test_error_n,FAIL,NO
com.alibaba.json.bvt.parser.deser.list.ListStringFieldTest_stream#test_error_nu,FAIL,NO
com.alibaba.json.bvt.parser.deser.list.ListStringFieldTest_stream#test_error_nul,FAIL,NO
com.alibaba.json.bvt.parser.deser.list.ListStringFieldTest_stream#test_error_null,FAIL,NO
com.alibaba.json.bvt.parser.deser.list.ListStringFieldTest_stream#test_error_rbacket,FAIL,NO
com.alibaba.json.bvt.parser.deser.list.ListStringFieldTest_stream#test_list,FAIL,NO
com.alibaba.json.bvt.parser.deser.list.ListStringFieldTest_stream#test_map_empty,FAIL,NO
com.alibaba.json.bvt.parser.deser.list.ListStringFieldTest_stream#test_notMatch,FAIL,NO
com.alibaba.json.bvt.parser.deser.list.ListStringFieldTest_stream#test_null,FAIL,NO
com.alibaba.json.bvt.parser.deser.list.ListStringFieldTest_stream_TreeSet#test_empty,FAIL,NO
com.alibaba.json.bvt.parser.deser.list.ListStringFieldTest_stream_TreeSet#test_error,FAIL,NO
com.alibaba.json.bvt.parser.deser.list.ListStringFieldTest_stream_TreeSet#test_error_1,FAIL,NO
com.alibaba.json.bvt.parser.deser.list.ListStringFieldTest_stream_TreeSet#test_error_2,FAIL,NO
com.alibaba.json.bvt.parser.deser.list.ListStringFieldTest_stream_TreeSet#test_error_3,FAIL,NO
com.alibaba.json.bvt.parser.deser.list.ListStringFieldTest_stream_TreeSet#test_list,FAIL,NO
com.alibaba.json.bvt.parser.deser.list.ListStringFieldTest_stream_TreeSet#test_map_empty,FAIL,NO
com.alibaba.json.bvt.parser.deser.list.ListStringFieldTest_stream_TreeSet#test_notMatch,FAIL,NO
com.alibaba.json.bvt.parser.deser.list.ListStringFieldTest_stream_TreeSet#test_null,FAIL,NO
com.alibaba.json.bvt.parser.deser.list.ListStringFieldTest_stream_array#test_empty,FAIL,NO
com.alibaba.json.bvt.parser.deser.list.ListStringFieldTest_stream_array#test_error,FAIL,NO
com.alibaba.json.bvt.parser.deser.list.ListStringFieldTest_stream_array#test_error_0,FAIL,NO
com.alibaba.json.bvt.parser.deser.list.ListStringFieldTest_stream_array#test_error_1,FAIL,NO
com.alibaba.json.bvt.parser.deser.list.ListStringFieldTest_stream_array#test_error_2,FAIL,NO
com.alibaba.json.bvt.parser.deser.list.ListStringFieldTest_stream_array#test_error_3,FAIL,NO
com.alibaba.json.bvt.parser.deser.list.ListStringFieldTest_stream_array#test_error_fn,FAIL,NO
com.alibaba.json.bvt.parser.deser.list.ListStringFieldTest_stream_array#test_error_fnu,FAIL,NO
com.alibaba.json.bvt.parser.deser.list.ListStringFieldTest_stream_array#test_error_fnul,FAIL,NO
com.alibaba.json.bvt.parser.deser.list.ListStringFieldTest_stream_array#test_error_fnull,FAIL,NO
com.alibaba.json.bvt.parser.deser.list.ListStringFieldTest_stream_array#test_error_n,FAIL,NO
com.alibaba.json.bvt.parser.deser.list.ListStringFieldTest_stream_array#test_error_notclose,FAIL,NO
com.alibaba.json.bvt.parser.deser.list.ListStringFieldTest_stream_array#test_error_nu,FAIL,NO
com.alibaba.json.bvt.parser.deser.list.ListStringFieldTest_stream_array#test_error_nul,FAIL,NO
com.alibaba.json.bvt.parser.deser.list.ListStringFieldTest_stream_array#test_error_null,FAIL,NO
com.alibaba.json.bvt.parser.deser.list.ListStringFieldTest_stream_array#test_list,FAIL,NO
com.alibaba.json.bvt.parser.deser.list.ListStringFieldTest_stream_array#test_map_empty,FAIL,NO
com.alibaba.json.bvt.parser.deser.list.ListStringFieldTest_stream_array#test_map_empty_2,FAIL,NO
com.alibaba.json.bvt.parser.deser.list.ListStringFieldTest_stream_array#test_null,FAIL,NO
com.alibaba.json.bvt.parser.deser.list.ListStringFieldTest_stream_array_2#test_list,FAIL,NO
com.alibaba.json.bvt.parser.deser.list.ListStringFieldTest_stream_array_2#test_list2,FAIL,NO
com.alibaba.json.bvt.parser.deser.list.ListStringFieldTest_stream_hashSet#test_empty,FAIL,NO
com.alibaba.json.bvt.parser.deser.list.ListStringFieldTest_stream_hashSet#test_error,FAIL,NO
com.alibaba.json.bvt.parser.deser.list.ListStringFieldTest_stream_hashSet#test_error_1,FAIL,NO
com.alibaba.json.bvt.parser.deser.list.ListStringFieldTest_stream_hashSet#test_error_2,FAIL,NO
com.alibaba.json.bvt.parser.deser.list.ListStringFieldTest_stream_hashSet#test_error_3,FAIL,NO
com.alibaba.json.bvt.parser.deser.list.ListStringFieldTest_stream_hashSet#test_list,FAIL,NO
com.alibaba.json.bvt.parser.deser.list.ListStringFieldTest_stream_hashSet#test_map_empty,FAIL,NO
com.alibaba.json.bvt.parser.deser.list.ListStringFieldTest_stream_hashSet#test_notMatch,FAIL,NO
com.alibaba.json.bvt.parser.deser.list.ListStringFieldTest_stream_hashSet#test_null,FAIL,NO
com.alibaba.json.bvt.parser.deser.nonctor.NonDefaultConstructorTest0#test_non_default_constructor,FAIL,NO
com.alibaba.json.bvt.parser.deser.stream.ReaderBooleanFieldTest#test_bool_error_0,FAIL,NO
com.alibaba.json.bvt.parser.deser.stream.ReaderBooleanFieldTest#test_bool_error_1,FAIL,NO
com.alibaba.json.bvt.parser.deser.stream.ReaderBooleanFieldTest#test_bool_error_2,FAIL,NO
com.alibaba.json.bvt.parser.deser.stream.ReaderBooleanFieldTest#test_bool_error_f0,FAIL,NO
com.alibaba.json.bvt.parser.deser.stream.ReaderBooleanFieldTest#test_bool_error_f1,FAIL,NO
com.alibaba.json.bvt.parser.deser.stream.ReaderBooleanFieldTest#test_bool_error_f2,FAIL,NO
com.alibaba.json.bvt.parser.deser.stream.ReaderBooleanFieldTest#test_bool_error_f3,FAIL,NO
com.alibaba.json.bvt.parser.deser.stream.ReaderBooleanFieldTest#test_bool_error_map,FAIL,NO
com.alibaba.json.bvt.parser.deser.stream.ReaderBooleanFieldTest#test_bool_normal,FAIL,NO
com.alibaba.json.bvt.parser.deser.stream.ReaderBooleanFieldTest#test_bool_normal_2,FAIL,NO
com.alibaba.json.bvt.parser.deser.stream.ReaderIntFieldTest#test_int_error_0,FAIL,NO
com.alibaba.json.bvt.parser.deser.stream.ReaderIntFieldTest#test_int_error_1,FAIL,NO
com.alibaba.json.bvt.parser.deser.stream.ReaderIntFieldTest#test_int_error_1_x,FAIL,NO
com.alibaba.json.bvt.parser.deser.stream.ReaderIntFieldTest#test_int_error_1_x1,FAIL,NO
com.alibaba.json.bvt.parser.deser.stream.ReaderIntFieldTest#test_int_error_2,FAIL,NO
com.alibaba.json.bvt.parser.deser.stream.ReaderIntFieldTest#test_int_error_end,FAIL,NO
com.alibaba.json.bvt.parser.deser.stream.ReaderIntFieldTest#test_int_error_map,FAIL,NO
com.alibaba.json.bvt.parser.deser.stream.ReaderIntFieldTest#test_int_normal,FAIL,NO
com.alibaba.json.bvt.parser.deser.stream.ReaderIntFieldTest#test_int_normal_2,FAIL,NO
com.alibaba.json.bvt.parser.deser.stream.ReaderLongFieldTest#test_long_error_0,FAIL,NO
com.alibaba.json.bvt.parser.deser.stream.ReaderLongFieldTest#test_long_error_1,FAIL,NO
com.alibaba.json.bvt.parser.deser.stream.ReaderLongFieldTest#test_long_error_1_x,FAIL,NO
com.alibaba.json.bvt.parser.deser.stream.ReaderLongFieldTest#test_long_error_2,FAIL,NO
com.alibaba.json.bvt.parser.deser.stream.ReaderLongFieldTest#test_long_error_end,FAIL,NO
com.alibaba.json.bvt.parser.deser.stream.ReaderLongFieldTest#test_long_error_map,FAIL,NO
com.alibaba.json.bvt.parser.deser.stream.ReaderLongFieldTest#test_long_normal,FAIL,NO
com.alibaba.json.bvt.parser.deser.stream.ReaderLongFieldTest#test_long_normal_2,FAIL,NO
com.alibaba.json.bvt.parser.deser.var.TwoTypeTest#test_two,FAIL,NO
com.alibaba.json.bvt.parser.error.JSONReaderError#test_reader_error,FAIL,NO
com.alibaba.json.bvt.parser.error.JSONReaderError#test_reader_error_1,FAIL,NO
com.alibaba.json.bvt.parser.error.JSONReaderError#test_reader_error_3,FAIL,NO
com.alibaba.json.bvt.parser.error.JSONReaderError#test_reader_no_error,FAIL,NO
com.alibaba.json.bvt.parser.error.JSONReaderError#test_reader_no_error_1,FAIL,NO
com.alibaba.json.bvt.parser.error.JSONReaderError#test_reader_no_error_2,FAIL,NO
com.alibaba.json.bvt.parser.error.ParseErrorTest_10#test_for_error,FAIL,NO
com.alibaba.json.bvt.parser.error.ParseErrorTest_11#test_for_error,FAIL,NO
com.alibaba.json.bvt.parser.error.ParseErrorTest_12#test_for_error,FAIL,NO
com.alibaba.json.bvt.parser.error.ParseErrorTest_13#test_for_error,FAIL,NO
com.alibaba.json.bvt.parser.error.ParseErrorTest_14#test_for_error,FAIL,NO
com.alibaba.json.bvt.parser.error.ParseErrorTest_15#test_for_error,FAIL,NO
com.alibaba.json.bvt.parser.error.ParseErrorTest_16#test_for_error,FAIL,NO
com.alibaba.json.bvt.parser.error.ParseErrorTest_17#test_for_error,FAIL,NO
com.alibaba.json.bvt.parser.error.ParseErrorTest_18#test_for_error,FAIL,NO
com.alibaba.json.bvt.parser.error.ParseErrorTest_19#test_for_error,FAIL,NO
com.alibaba.json.bvt.parser.error.ParseErrorTest_20#test_for_error,FAIL,NO
com.alibaba.json.bvt.parser.error.ParseErrorTest_21#test_for_error,FAIL,NO
com.alibaba.json.bvt.parser.error.ParseErrorTest_21#test_for_error_1,FAIL,NO
com.alibaba.json.bvt.parser.error.ParseErrorTest_21#test_for_error_2,FAIL,NO
com.alibaba.json.bvt.parser.error.ParseErrorTest_21#test_for_error_3,FAIL,NO
com.alibaba.json.bvt.parser.error.ParseErrorTest_21#test_for_error_4,FAIL,NO
com.alibaba.json.bvt.parser.error.ParseErrorTest_21#test_for_error_5,FAIL,NO
com.alibaba.json.bvt.parser.error.ParseErrorTest_8#test_for_error,FAIL,NO
com.alibaba.json.bvt.parser.error.ParseErrorTest_8#test_for_error_2,FAIL,NO
com.alibaba.json.bvt.parser.error.ParseErrorTest_8#test_for_error_3,FAIL,NO
com.alibaba.json.bvt.parser.error.ParseErrorTest_8#test_for_error_4,FAIL,NO
com.alibaba.json.bvt.parser.error.ParseErrorTest_9#test_for_error,FAIL,NO
com.alibaba.json.bvt.parser.error.ParseErrorTest_9#test_for_error_2,FAIL,NO
com.alibaba.json.bvt.parser.error.ParseErrorTest_9#test_for_error_3,FAIL,NO
com.alibaba.json.bvt.parser.error.ParseErrorTest_9#test_for_error_4,FAIL,NO
com.alibaba.json.bvt.parser.error.ParseErrorTest_date#test_for_error,FAIL,NO
com.alibaba.json.bvt.parser.error.ParseErrorTest_date#test_for_error_1,FAIL,NO
com.alibaba.json.bvt.parser.error.TypeNotMatchError#test_0,FAIL,NO
com.alibaba.json.bvt.parser.fieldTypeResolver.FieldTypeResolverTest#test_0,FAIL,NO
com.alibaba.json.bvt.parser.number.NumberEmtpyObjectTest#test_for_emptyObj,FAIL,NO
com.alibaba.json.bvt.parser.number.NumberValueTest#test_0,FAIL,NO
com.alibaba.json.bvt.parser.number.NumberValueTest#test_1,FAIL,NO
com.alibaba.json.bvt.parser.number.NumberValueTest2#test_0,FAIL,NO
com.alibaba.json.bvt.parser.number.NumberValueTest2#test_1,FAIL,NO
com.alibaba.json.bvt.parser.number.NumberValueTest3#test_0,FAIL,NO
com.alibaba.json.bvt.parser.number.NumberValueTest4#test_0,FAIL,NO
com.alibaba.json.bvt.parser.number.NumberValueTest_error_0#test_0,FAIL,NO
com.alibaba.json.bvt.parser.number.NumberValueTest_error_1#test_0,FAIL,NO
com.alibaba.json.bvt.parser.number.NumberValueTest_error_10#test_0,FAIL,NO
com.alibaba.json.bvt.parser.number.NumberValueTest_error_11#test_0,FAIL,NO
com.alibaba.json.bvt.parser.number.NumberValueTest_error_12#test_0,FAIL,NO
com.alibaba.json.bvt.parser.number.NumberValueTest_error_13#test_0,FAIL,NO
com.alibaba.json.bvt.parser.number.NumberValueTest_error_13#test_1,FAIL,NO
com.alibaba.json.bvt.parser.number.NumberValueTest_error_13#test_10,FAIL,NO
com.alibaba.json.bvt.parser.number.NumberValueTest_error_13#test_11,FAIL,NO
com.alibaba.json.bvt.parser.number.NumberValueTest_error_13#test_11_new,FAIL,NO
com.alibaba.json.bvt.parser.number.NumberValueTest_error_13#test_12,FAIL,NO
com.alibaba.json.bvt.parser.number.NumberValueTest_error_13#test_13,FAIL,NO
com.alibaba.json.bvt.parser.number.NumberValueTest_error_13#test_14,FAIL,NO
com.alibaba.json.bvt.parser.number.NumberValueTest_error_13#test_15,FAIL,NO
com.alibaba.json.bvt.parser.number.NumberValueTest_error_13#test_16,FAIL,NO
com.alibaba.json.bvt.parser.number.NumberValueTest_error_13#test_17,FAIL,NO
com.alibaba.json.bvt.parser.number.NumberValueTest_error_13#test_17_1,FAIL,NO
com.alibaba.json.bvt.parser.number.NumberValueTest_error_13#test_18,FAIL,NO
com.alibaba.json.bvt.parser.number.NumberValueTest_error_13#test_2,FAIL,NO
com.alibaba.json.bvt.parser.number.NumberValueTest_error_13#test_20,FAIL,NO
com.alibaba.json.bvt.parser.number.NumberValueTest_error_13#test_21,FAIL,NO
com.alibaba.json.bvt.parser.number.NumberValueTest_error_13#test_22,FAIL,NO
com.alibaba.json.bvt.parser.number.NumberValueTest_error_13#test_23,FAIL,NO
com.alibaba.json.bvt.parser.number.NumberValueTest_error_13#test_24,FAIL,NO
com.alibaba.json.bvt.parser.number.NumberValueTest_error_13#test_25,FAIL,NO
com.alibaba.json.bvt.parser.number.NumberValueTest_error_13#test_26,FAIL,NO
com.alibaba.json.bvt.parser.number.NumberValueTest_error_13#test_27,FAIL,NO
com.alibaba.json.bvt.parser.number.NumberValueTest_error_13#test_3,FAIL,NO
com.alibaba.json.bvt.parser.number.NumberValueTest_error_13#test_4,FAIL,NO
com.alibaba.json.bvt.parser.number.NumberValueTest_error_13#test_5,FAIL,NO
com.alibaba.json.bvt.parser.number.NumberValueTest_error_13#test_6,FAIL,NO
com.alibaba.json.bvt.parser.number.NumberValueTest_error_13#test_7,FAIL,NO
com.alibaba.json.bvt.parser.number.NumberValueTest_error_13#test_8,FAIL,NO
com.alibaba.json.bvt.parser.number.NumberValueTest_error_13#test_9,FAIL,NO
com.alibaba.json.bvt.parser.number.NumberValueTest_error_13#test_jsonpath,FAIL,NO
com.alibaba.json.bvt.parser.number.NumberValueTest_error_13#test_jsonpath_1,FAIL,NO
com.alibaba.json.bvt.parser.number.NumberValueTest_error_13#test_jsonpath_2,FAIL,NO
com.alibaba.json.bvt.parser.number.NumberValueTest_error_13#test_jsonpath_3,FAIL,NO
com.alibaba.json.bvt.parser.number.NumberValueTest_error_13#test_jsonpath_4,FAIL,NO
com.alibaba.json.bvt.parser.number.NumberValueTest_error_2#test_0,FAIL,NO
com.alibaba.json.bvt.parser.number.NumberValueTest_error_3#test_0,FAIL,NO
com.alibaba.json.bvt.parser.number.NumberValueTest_error_4#test_0,FAIL,NO
com.alibaba.json.bvt.parser.number.NumberValueTest_error_5#test_0,FAIL,NO
com.alibaba.json.bvt.parser.number.NumberValueTest_error_6#test_0,FAIL,NO
com.alibaba.json.bvt.parser.number.NumberValueTest_error_7#test_0,FAIL,NO
com.alibaba.json.bvt.parser.number.NumberValueTest_error_8#test_0,FAIL,NO
com.alibaba.json.bvt.parser.number.NumberValueTest_error_9#test_0,FAIL,NO
com.alibaba.json.bvt.parser.str.EmptyStringTest#test_for_emptyString,FAIL,NO
com.alibaba.json.bvt.parser.str.StringTest_00#test_string,FAIL,NO
com.alibaba.json.bvt.parser.str.StringTest_01#test_string,FAIL,NO
com.alibaba.json.bvt.parser.str.StringTest_02#test_string,FAIL,NO
com.alibaba.json.bvt.parser.stream.JSONReaderScannerTest#test_doubleQuote,FAIL,NO
com.alibaba.json.bvt.parser.stream.JSONReaderScannerTest#test_doubleQuote_2,FAIL,NO
com.alibaba.json.bvt.parser.stream.JSONReaderScannerTest#test_singleQuote,FAIL,NO
com.alibaba.json.bvt.parser.stream.JSONReaderScannerTest_boolean#test_false,FAIL,NO
com.alibaba.json.bvt.parser.stream.JSONReaderScannerTest_boolean#test_true,FAIL,NO
com.alibaba.json.bvt.parser.stream.JSONReaderScannerTest_chars#test_decimal,FAIL,NO
com.alibaba.json.bvt.parser.stream.JSONReaderScannerTest_chars#test_double,FAIL,NO
com.alibaba.json.bvt.parser.stream.JSONReaderScannerTest_chars#test_float,FAIL,NO
com.alibaba.json.bvt.parser.stream.JSONReaderScannerTest_chars#test_long,FAIL,NO
com.alibaba.json.bvt.parser.stream.JSONReaderScannerTest_enum#test_a,FAIL,NO
com.alibaba.json.bvt.parser.stream.JSONReaderScannerTest_enum#test_b,FAIL,NO
com.alibaba.json.bvt.parser.stream.JSONReaderScannerTest_enum#test_c,FAIL,NO
com.alibaba.json.bvt.parser.stream.JSONReaderScannerTest_enum#test_x,FAIL,NO
com.alibaba.json.bvt.parser.stream.JSONReaderScannerTest_matchField#test_true,FAIL,NO
com.alibaba.json.bvt.parser.stream.JSONReaderScannerTest_negative#test_decimal,FAIL,NO
com.alibaba.json.bvt.parser.stream.JSONReaderScannerTest_negative#test_double,FAIL,NO
com.alibaba.json.bvt.parser.stream.JSONReaderScannerTest_negative#test_float,FAIL,NO
com.alibaba.json.bvt.parser.stream.JSONReaderScannerTest_negative#test_long,FAIL,NO
com.alibaba.json.bvt.parser.stream.JSONReaderScannerTest_type#test_true,FAIL,NO
com.alibaba.json.bvt.parser.stream.JSONReaderTest#test_read,FAIL,NO
com.alibaba.json.bvt.parser.stream.JSONReaderTest_0#test_read,FAIL,NO
com.alibaba.json.bvt.parser.stream.JSONReaderTest_1#test_read,FAIL,NO
com.alibaba.json.bvt.parser.stream.JSONReaderTest_2#test_read_Long,FAIL,NO
com.alibaba.json.bvt.parser.stream.JSONReaderTest_2#test_read_integer,FAIL,NO
com.alibaba.json.bvt.parser.stream.JSONReaderTest_3#test_read_Long,FAIL,NO
com.alibaba.json.bvt.parser.stream.JSONReaderTest_4#test_read_Long,FAIL,NO
com.alibaba.json.bvt.parser.stream.JSONReaderTest_error#test_read,FAIL,NO
com.alibaba.json.bvt.parser.stream.JSONReaderTest_error2#test_read,FAIL,NO
com.alibaba.json.bvt.parser.stream.JSONReader_array#test_array,FAIL,NO
com.alibaba.json.bvt.parser.stream.JSONReader_map#test_array,FAIL,NO
com.alibaba.json.bvt.parser.stream.JSONReader_map#test_map,FAIL,NO
com.alibaba.json.bvt.parser.stream.JSONReader_obj#test_array,FAIL,NO
com.alibaba.json.bvt.parser.stream.JSONReader_obj#test_obj,FAIL,NO
com.alibaba.json.bvt.parser.stream.JSONReader_obj_2#test_array,FAIL,NO
com.alibaba.json.bvt.parser.stream.JSONReader_obj_2#test_obj,FAIL,NO
com.alibaba.json.bvt.parser.stream.JSONReader_obj_3#test_obj,FAIL,NO
com.alibaba.json.bvt.parser.stream.JSONReader_obj_3#test_obj_2,FAIL,NO
com.alibaba.json.bvt.parser.stream.JSONReader_obj_3#test_obj_3,FAIL,NO
com.alibaba.json.bvt.parser.stream.JSONReader_string#test_array,FAIL,NO
com.alibaba.json.bvt.parser.stream.JSONReader_string#test_array_2,FAIL,NO
com.alibaba.json.bvt.parser.stream.JSONReader_string#test_array_3,FAIL,NO
com.alibaba.json.bvt.parser.stream.JSONReader_string_1#test_obj,FAIL,NO
com.alibaba.json.bvt.parser.stream.JSONReader_typeRef#test_array,FAIL,NO
com.alibaba.json.bvt.parser.stream.JSONReader_typeRef#test_array_1,FAIL,NO
com.alibaba.json.bvt.parser.stream.JSONReader_typeRef#test_array_2,FAIL,NO
com.alibaba.json.bvt.parser.taobao.BooleanObjectFieldTest#test_0,FAIL,NO
com.alibaba.json.bvt.parser.taobao.DoubleObjectFieldTest#test_0,FAIL,NO
com.alibaba.json.bvt.parser.taobao.FloatObjectFieldTest#test_0,FAIL,NO
com.alibaba.json.bvt.parser.taobao.IntAsStringTest#test_0,FAIL,NO
com.alibaba.json.bvt.parser.taobao.IntegerAsStringTest#test_0,FAIL,NO
com.alibaba.json.bvt.parser.taobao.LongAsStringTest#test_0,FAIL,NO
com.alibaba.json.bvt.parser.taobao.LongObjectAsStringTest#test_0,FAIL,NO
com.alibaba.json.bvt.parser.taobao.SpecialStringTest#test_for_special,FAIL,NO
com.alibaba.json.bvt.parser.taobao.SpecialStringTest#test_for_special_1,FAIL,NO
com.alibaba.json.bvt.path.DeepScanTest#test_when_deep_scanning_illegal_property_access_is_ignored,FAIL,NO
com.alibaba.json.bvt.path.JSONPath_0#test_entity,FAIL,NO
com.alibaba.json.bvt.path.JSONPath_0#test_map,FAIL,NO
com.alibaba.json.bvt.path.JSONPath_0#test_null,FAIL,NO
com.alibaba.json.bvt.path.JSONPath_0#test_root,FAIL,NO
com.alibaba.json.bvt.path.JSONPath_1#test_path_empty,FAIL,NO
com.alibaba.json.bvt.path.JSONPath_1#test_path_null,FAIL,NO
com.alibaba.json.bvt.path.JSONPath_1#test_path_null_1,FAIL,NO
com.alibaba.json.bvt.path.JSONPath_2#test_path,FAIL,NO
com.alibaba.json.bvt.path.JSONPath_3#test_path,FAIL,NO
com.alibaba.json.bvt.path.JSONPath_4#test_path,FAIL,NO
com.alibaba.json.bvt.path.JSONPath_5#test_path,FAIL,NO
com.alibaba.json.bvt.path.JSONPath_6#test_path,FAIL,NO
com.alibaba.json.bvt.path.JSONPath_7#test_path,FAIL,NO
com.alibaba.json.bvt.path.JSONPath_8#test_error,FAIL,NO
com.alibaba.json.bvt.path.JSONPath_8#test_error_1,FAIL,NO
com.alibaba.json.bvt.path.JSONPath_8#test_path,FAIL,NO
com.alibaba.json.bvt.path.JSONPath_8#test_paths,FAIL,NO
com.alibaba.json.bvt.path.JSONPath_9#test_paths,FAIL,NO
com.alibaba.json.bvt.path.JSONPath_9#test_paths_1,FAIL,NO
com.alibaba.json.bvt.path.JSONPath_9#test_paths_2,FAIL,NO
com.alibaba.json.bvt.path.JSONPath_9#test_paths_3,FAIL,NO
com.alibaba.json.bvt.path.JSONPath_array_length#test_list_size,FAIL,NO
com.alibaba.json.bvt.path.JSONPath_array_length#test_list_size1,FAIL,NO
com.alibaba.json.bvt.path.JSONPath_array_multi#test_list_multi,FAIL,NO
com.alibaba.json.bvt.path.JSONPath_array_multi#test_list_multi_negative,FAIL,NO
com.alibaba.json.bvt.path.JSONPath_array_put#test_put,FAIL,NO
com.alibaba.json.bvt.path.JSONPath_array_put#test_put_array_error_0,FAIL,NO
com.alibaba.json.bvt.path.JSONPath_array_put#test_put_array_error_1,FAIL,NO
com.alibaba.json.bvt.path.JSONPath_array_put#test_put_array_int,FAIL,NO
com.alibaba.json.bvt.path.JSONPath_array_put#test_put_array_long,FAIL,NO
com.alibaba.json.bvt.path.JSONPath_array_put#test_set,FAIL,NO
com.alibaba.json.bvt.path.JSONPath_array_put#test_set_2,FAIL,NO
com.alibaba.json.bvt.path.JSONPath_array_put_2#test_put,FAIL,NO
com.alibaba.json.bvt.path.JSONPath_array_remove_0#test_remove,FAIL,NO
com.alibaba.json.bvt.path.JSONPath_between_double#test_between,FAIL,NO
com.alibaba.json.bvt.path.JSONPath_between_double#test_between_2,FAIL,NO
com.alibaba.json.bvt.path.JSONPath_between_double#test_between_not,FAIL,NO
com.alibaba.json.bvt.path.JSONPath_between_int#test_between,FAIL,NO
com.alibaba.json.bvt.path.JSONPath_between_int#test_between_2,FAIL,NO
com.alibaba.json.bvt.path.JSONPath_between_int#test_between_not,FAIL,NO
com.alibaba.json.bvt.path.JSONPath_calenar_test#test_map,FAIL,NO
com.alibaba.json.bvt.path.JSONPath_conatinas_null#test_null,FAIL,NO
com.alibaba.json.bvt.path.JSONPath_containsValue#test_root,FAIL,NO
com.alibaba.json.bvt.path.JSONPath_containsValue_2#test_root,FAIL,NO
com.alibaba.json.bvt.path.JSONPath_containsValue_bigdecimal#test_root,FAIL,NO
com.alibaba.json.bvt.path.JSONPath_containsValue_biginteger#test_root,FAIL,NO
com.alibaba.json.bvt.path.JSONPath_containsValue_double#test_root,FAIL,NO
com.alibaba.json.bvt.path.JSONPath_deepScan_test#test_0,FAIL,NO
com.alibaba.json.bvt.path.JSONPath_deepScan_test2#test_0,FAIL,NO
com.alibaba.json.bvt.path.JSONPath_enum#test_name,FAIL,NO
com.alibaba.json.bvt.path.JSONPath_enum#test_orginal,FAIL,NO
com.alibaba.json.bvt.path.JSONPath_field_access#test_list_map,FAIL,NO
com.alibaba.json.bvt.path.JSONPath_field_access_filter_compare_int#test_list_map_ge,FAIL,NO
com.alibaba.json.bvt.path.JSONPath_field_access_filter_compare_int#test_list_map_gt,FAIL,NO
com.alibaba.json.bvt.path.JSONPath_field_access_filter_compare_int#test_list_map_le,FAIL,NO
com.alibaba.json.bvt.path.JSONPath_field_access_filter_compare_int#test_list_map_lt,FAIL,NO
com.alibaba.json.bvt.path.JSONPath_field_access_filter_compare_int_simple#test_list,FAIL,NO
com.alibaba.json.bvt.path.JSONPath_field_access_filter_compare_int_simple#test_list_2,FAIL,NO
com.alibaba.json.bvt.path.JSONPath_field_access_filter_compare_string#test_list_eq,FAIL,NO
com.alibaba.json.bvt.path.JSONPath_field_access_filter_compare_string#test_list_eq_null,FAIL,NO
com.alibaba.json.bvt.path.JSONPath_field_access_filter_compare_string#test_list_eq_x,FAIL,NO
com.alibaba.json.bvt.path.JSONPath_field_access_filter_compare_string#test_list_ge,FAIL,NO
com.alibaba.json.bvt.path.JSONPath_field_access_filter_compare_string#test_list_gt,FAIL,NO
com.alibaba.json.bvt.path.JSONPath_field_access_filter_compare_string#test_list_le,FAIL,NO
com.alibaba.json.bvt.path.JSONPath_field_access_filter_compare_string#test_list_lt,FAIL,NO
com.alibaba.json.bvt.path.JSONPath_field_access_filter_compare_string#test_list_not_null,FAIL,NO
com.alibaba.json.bvt.path.JSONPath_field_access_filter_compare_string_simple#test_list_eq,FAIL,NO
com.alibaba.json.bvt.path.JSONPath_field_access_filter_compare_string_simple#test_list_eq_null,FAIL,NO
com.alibaba.json.bvt.path.JSONPath_field_access_filter_compare_string_simple#test_list_eq_x,FAIL,NO
com.alibaba.json.bvt.path.JSONPath_field_access_filter_compare_string_simple#test_list_ge,FAIL,NO
com.alibaba.json.bvt.path.JSONPath_field_access_filter_compare_string_simple#test_list_gt,FAIL,NO
com.alibaba.json.bvt.path.JSONPath_field_access_filter_compare_string_simple#test_list_le,FAIL,NO
com.alibaba.json.bvt.path.JSONPath_field_access_filter_compare_string_simple#test_list_lt,FAIL,NO
com.alibaba.json.bvt.path.JSONPath_field_access_filter_compare_string_simple#test_list_not_null,FAIL,NO
com.alibaba.json.bvt.path.JSONPath_field_access_filter_in_decimal#test_list_in,FAIL,NO
com.alibaba.json.bvt.path.JSONPath_field_access_filter_in_decimal#test_list_in_2,FAIL,NO
com.alibaba.json.bvt.path.JSONPath_field_access_filter_in_decimal#test_list_in_3,FAIL,NO
com.alibaba.json.bvt.path.JSONPath_field_access_filter_in_decimal#test_list_in_3_null,FAIL,NO
com.alibaba.json.bvt.path.JSONPath_field_access_filter_in_decimal#test_list_not_in,FAIL,NO
com.alibaba.json.bvt.path.JSONPath_field_access_filter_in_decimal#test_list_not_in_null,FAIL,NO
com.alibaba.json.bvt.path.JSONPath_field_access_filter_in_int#test_list_in,FAIL,NO
com.alibaba.json.bvt.path.JSONPath_field_access_filter_in_int#test_list_in_2,FAIL,NO
com.alibaba.json.bvt.path.JSONPath_field_access_filter_in_int#test_list_in_3,FAIL,NO
com.alibaba.json.bvt.path.JSONPath_field_access_filter_in_int#test_list_in_3_null,FAIL,NO
com.alibaba.json.bvt.path.JSONPath_field_access_filter_in_int#test_list_not_in,FAIL,NO
com.alibaba.json.bvt.path.JSONPath_field_access_filter_in_int#test_list_not_in_null,FAIL,NO
com.alibaba.json.bvt.path.JSONPath_field_access_filter_in_string#test_list_in,FAIL,NO
com.alibaba.json.bvt.path.JSONPath_field_access_filter_in_string#test_list_in_2,FAIL,NO
com.alibaba.json.bvt.path.JSONPath_field_access_filter_in_string#test_list_in_3,FAIL,NO
com.alibaba.json.bvt.path.JSONPath_field_access_filter_in_string#test_list_not_in,FAIL,NO
com.alibaba.json.bvt.path.JSONPath_field_access_filter_like#test_list_like_contains,FAIL,NO
com.alibaba.json.bvt.path.JSONPath_field_access_filter_like#test_list_like_extract,FAIL,NO
com.alibaba.json.bvt.path.JSONPath_field_access_filter_like#test_list_like_left_match,FAIL,NO
com.alibaba.json.bvt.path.JSONPath_field_access_filter_like#test_list_like_match_two_segement,FAIL,NO
com.alibaba.json.bvt.path.JSONPath_field_access_filter_like#test_list_like_match_two_segement_2,FAIL,NO
com.alibaba.json.bvt.path.JSONPath_field_access_filter_like#test_list_like_match_two_segement_3,FAIL,NO
com.alibaba.json.bvt.path.JSONPath_field_access_filter_like#test_list_like_right_match,FAIL,NO
com.alibaba.json.bvt.path.JSONPath_field_access_filter_like#test_list_not_like_extract,FAIL,NO
com.alibaba.json.bvt.path.JSONPath_field_access_filter_like_simple#test_list_like_contains,FAIL,NO
com.alibaba.json.bvt.path.JSONPath_field_access_filter_like_simple#test_list_like_extract,FAIL,NO
com.alibaba.json.bvt.path.JSONPath_field_access_filter_like_simple#test_list_like_left_match,FAIL,NO
com.alibaba.json.bvt.path.JSONPath_field_access_filter_like_simple#test_list_like_left_not_match,FAIL,NO
com.alibaba.json.bvt.path.JSONPath_field_access_filter_like_simple#test_list_like_match_two_segement,FAIL,NO
com.alibaba.json.bvt.path.JSONPath_field_access_filter_like_simple#test_list_like_match_two_segement_2,FAIL,NO
com.alibaba.json.bvt.path.JSONPath_field_access_filter_like_simple#test_list_like_match_two_segement_2_not,FAIL,NO
com.alibaba.json.bvt.path.JSONPath_field_access_filter_like_simple#test_list_like_match_two_segement_3,FAIL,NO
com.alibaba.json.bvt.path.JSONPath_field_access_filter_like_simple#test_list_like_match_two_segement_3_not,FAIL,NO
com.alibaba.json.bvt.path.JSONPath_field_access_filter_like_simple#test_list_like_match_two_segement_not,FAIL,NO
com.alibaba.json.bvt.path.JSONPath_field_access_filter_like_simple#test_list_like_not_contains,FAIL,NO
com.alibaba.json.bvt.path.JSONPath_field_access_filter_like_simple#test_list_like_right_match,FAIL,NO
com.alibaba.json.bvt.path.JSONPath_field_access_filter_like_simple#test_list_like_right_not_match,FAIL,NO
com.alibaba.json.bvt.path.JSONPath_field_access_filter_like_simple#test_list_not_like_extract,FAIL,NO
com.alibaba.json.bvt.path.JSONPath_field_access_filter_notNull#test_list_map,FAIL,NO
com.alibaba.json.bvt.path.JSONPath_field_access_filter_rlike#test_list_like_contains,FAIL,NO
com.alibaba.json.bvt.path.JSONPath_field_access_filter_rlike#test_list_like_extract,FAIL,NO
com.alibaba.json.bvt.path.JSONPath_field_access_filter_rlike#test_list_like_left_match,FAIL,NO
com.alibaba.json.bvt.path.JSONPath_field_access_filter_rlike#test_list_like_match_two_segement,FAIL,NO
com.alibaba.json.bvt.path.JSONPath_field_access_filter_rlike#test_list_like_match_two_segement_2,FAIL,NO
com.alibaba.json.bvt.path.JSONPath_field_access_filter_rlike#test_list_like_match_two_segement_3,FAIL,NO
com.alibaba.json.bvt.path.JSONPath_field_access_filter_rlike#test_list_like_right_match,FAIL,NO
com.alibaba.json.bvt.path.JSONPath_field_access_filter_rlike#test_list_not_like_extract,FAIL,NO
com.alibaba.json.bvt.path.JSONPath_field_access_multi#test_list_map,FAIL,NO
com.alibaba.json.bvt.path.JSONPath_field_wildcard#test_list_map,FAIL,NO
com.alibaba.json.bvt.path.JSONPath_field_wildcard#test_list_map_none_root,FAIL,NO
com.alibaba.json.bvt.path.JSONPath_field_wildcard_filter#test_list_map_0,FAIL,NO
com.alibaba.json.bvt.path.JSONPath_field_wildcard_filter#test_list_map_1,FAIL,NO
com.alibaba.json.bvt.path.JSONPath_field_wildcard_filter#test_list_map_2,FAIL,NO
com.alibaba.json.bvt.path.JSONPath_field_wildcard_filter_double#test_list_map_0,FAIL,NO
com.alibaba.json.bvt.path.JSONPath_field_wildcard_filter_double#test_list_map_1,FAIL,NO
com.alibaba.json.bvt.path.JSONPath_field_wildcard_filter_double#test_list_map_2,FAIL,NO
com.alibaba.json.bvt.path.JSONPath_field_wildcard_filter_float#test_list_map_0,FAIL,NO
com.alibaba.json.bvt.path.JSONPath_field_wildcard_filter_float#test_list_map_1,FAIL,NO
com.alibaba.json.bvt.path.JSONPath_field_wildcard_filter_float#test_list_map_2,FAIL,NO
com.alibaba.json.bvt.path.JSONPath_issue1208#test_largeNumberProperty,FAIL,NO
com.alibaba.json.bvt.path.JSONPath_keySet#test_demo,FAIL,NO
com.alibaba.json.bvt.path.JSONPath_keySet#test_map,FAIL,NO
com.alibaba.json.bvt.path.JSONPath_keySet#test_nested,FAIL,NO
com.alibaba.json.bvt.path.JSONPath_keySet#test_null,FAIL,NO
com.alibaba.json.bvt.path.JSONPath_keySet#test_object,FAIL,NO
com.alibaba.json.bvt.path.JSONPath_keySet#test_unsupported,FAIL,NO
com.alibaba.json.bvt.path.JSONPath_like#test_like_not_match,FAIL,NO
com.alibaba.json.bvt.path.JSONPath_like#test_like_not_match_1,FAIL,NO
com.alibaba.json.bvt.path.JSONPath_list#test_list_map,FAIL,NO
com.alibaba.json.bvt.path.JSONPath_list_field#test_list_field,FAIL,NO
com.alibaba.json.bvt.path.JSONPath_list_field#test_list_field_simple,FAIL,NO
com.alibaba.json.bvt.path.JSONPath_list_multi#test_list_multi,FAIL,NO
com.alibaba.json.bvt.path.JSONPath_list_multi#test_list_multi_negative,FAIL,NO
com.alibaba.json.bvt.path.JSONPath_list_range#test_range,FAIL,NO
com.alibaba.json.bvt.path.JSONPath_list_range#test_range_1,FAIL,NO
com.alibaba.json.bvt.path.JSONPath_list_range#test_range_2,FAIL,NO
com.alibaba.json.bvt.path.JSONPath_list_range#test_range_step,FAIL,NO
com.alibaba.json.bvt.path.JSONPath_list_size#test_list_size,FAIL,NO
com.alibaba.json.bvt.path.JSONPath_list_size#test_list_size2,FAIL,NO
com.alibaba.json.bvt.path.JSONPath_list_size_1#test_int_array,FAIL,NO
com.alibaba.json.bvt.path.JSONPath_list_size_1#test_obj_array,FAIL,NO
com.alibaba.json.bvt.path.JSONPath_list_size_2#test_map,FAIL,NO
com.alibaba.json.bvt.path.JSONPath_list_size_2#test_map_null,FAIL,NO
com.alibaba.json.bvt.path.JSONPath_list_size_3#test_java_bean,FAIL,NO
com.alibaba.json.bvt.path.JSONPath_list_size_3#test_java_bean_field_null,FAIL,NO
com.alibaba.json.bvt.path.JSONPath_map_size#test_list_size,FAIL,NO
com.alibaba.json.bvt.path.JSONPath_map_size#test_list_size1,FAIL,NO
com.alibaba.json.bvt.path.JSONPath_none_root#test_entity,FAIL,NO
com.alibaba.json.bvt.path.JSONPath_none_root#test_map,FAIL,NO
com.alibaba.json.bvt.path.JSONPath_none_root#test_null,FAIL,NO
com.alibaba.json.bvt.path.JSONPath_none_root#test_root,FAIL,NO
com.alibaba.json.bvt.path.JSONPath_object_filter#test_object_filter,FAIL,NO
com.alibaba.json.bvt.path.JSONPath_object_filter#test_object_filter_not_match,FAIL,NO
com.alibaba.json.bvt.path.JSONPath_paths_test#test_map,FAIL,NO
com.alibaba.json.bvt.path.JSONPath_paths_test1#test_map,FAIL,NO
com.alibaba.json.bvt.path.JSONPath_paths_test2#test_map,FAIL,NO
com.alibaba.json.bvt.path.JSONPath_paths_test3#test_map,FAIL,NO
com.alibaba.json.bvt.path.JSONPath_paths_test4#test_map,FAIL,NO
com.alibaba.json.bvt.path.JSONPath_paths_test5#test_array,FAIL,NO
com.alibaba.json.bvt.path.JSONPath_remove_test#test_remove,FAIL,NO
com.alibaba.json.bvt.path.JSONPath_remove_test#test_remove_list,FAIL,NO
com.alibaba.json.bvt.path.JSONPath_set#test_error,FAIL,NO
com.alibaba.json.bvt.path.JSONPath_set#test_object_not_exits,FAIL,NO
com.alibaba.json.bvt.path.JSONPath_set#test_root_null,FAIL,NO
com.alibaba.json.bvt.path.JSONPath_set#test_set,FAIL,NO
com.alibaba.json.bvt.path.JSONPath_set#test_set_array,FAIL,NO
com.alibaba.json.bvt.path.JSONPath_set#test_set_list,FAIL,NO
com.alibaba.json.bvt.path.JSONPath_set_test2#test_jsonpath,FAIL,NO
com.alibaba.json.bvt.path.JSONPath_set_test3#test_jsonpath,FAIL,NO
com.alibaba.json.bvt.path.JSONPath_set_test3#test_jsonpath_leve_1,FAIL,NO
com.alibaba.json.bvt.path.JSONPath_set_test4#test_jsonpath_1,FAIL,NO
com.alibaba.json.bvt.path.JSONPath_set_test5#test_jsonpath_1,FAIL,NO
com.alibaba.json.bvt.path.JSONPath_set_test6#test_jsonpath_1,FAIL,NO
com.alibaba.json.bvt.path.JSONPath_size#test_error,FAIL,NO
com.alibaba.json.bvt.path.JSONPath_size#test_path,FAIL,NO
com.alibaba.json.bvt.path.JSONPath_size#test_path_size,FAIL,NO
com.alibaba.json.bvt.path.JSONPath_size#test_path_size_1,FAIL,NO
com.alibaba.json.bvt.path.JSONPath_size#test_path_size_2,FAIL,NO
com.alibaba.json.bvt.path.JSONPath_size#test_root,FAIL,NO
com.alibaba.json.bvt.path.JSONPath_toString#test_toJSONString,FAIL,NO
com.alibaba.json.bvt.path.JSONPointTest_0#test_key,FAIL,NO
com.alibaba.json.bvt.path.JSONPointTest_0#test_key_1,FAIL,NO
com.alibaba.json.bvt.path.JSONPointTest_0#test_list,FAIL,NO
com.alibaba.json.bvt.path.JSONPointTest_0#test_list_0,FAIL,NO
com.alibaba.json.bvt.path.JSONPointTest_0#test_list_1,FAIL,NO
com.alibaba.json.bvt.path.JSONPointTest_1#test_key_1,FAIL,NO
com.alibaba.json.bvt.path.TestSpecial_0#test_special,FAIL,NO
com.alibaba.json.bvt.path.TestSpecial_1#test_special,FAIL,NO
com.alibaba.json.bvt.path.TestSpecial_2#test_special,FAIL,NO
com.alibaba.json.bvt.path.TestSpecial_3#test_special,FAIL,NO
com.alibaba.json.bvt.path.TestSpecial_3#test_special_1,FAIL,NO
com.alibaba.json.bvt.path.TestSpecial_3#test_special_2,FAIL,NO
com.alibaba.json.bvt.path.TestSpecial_4#test_special,FAIL,NO
com.alibaba.json.bvt.path.extract.JSONPath_extract_0#test_0,FAIL,NO
com.alibaba.json.bvt.path.extract.JSONPath_extract_0#test_1,FAIL,NO
com.alibaba.json.bvt.path.extract.JSONPath_extract_1#test_0,FAIL,NO
com.alibaba.json.bvt.path.extract.JSONPath_extract_1#test_1,FAIL,NO
com.alibaba.json.bvt.path.extract.JSONPath_extract_1#test_2,FAIL,NO
com.alibaba.json.bvt.path.extract.JSONPath_extract_1#test_3,FAIL,NO
com.alibaba.json.bvt.path.extract.JSONPath_extract_2_book#test_0,FAIL,NO
com.alibaba.json.bvt.path.extract.JSONPath_extract_2_book#test_1,FAIL,NO
com.alibaba.json.bvt.path.extract.JSONPath_extract_2_book#test_10,FAIL,NO
com.alibaba.json.bvt.path.extract.JSONPath_extract_2_book#test_11,FAIL,NO
com.alibaba.json.bvt.path.extract.JSONPath_extract_2_book#test_2,FAIL,NO
com.alibaba.json.bvt.path.extract.JSONPath_extract_2_book#test_3,FAIL,NO
com.alibaba.json.bvt.path.extract.JSONPath_extract_2_book#test_4,FAIL,NO
com.alibaba.json.bvt.path.extract.JSONPath_extract_2_book#test_5,FAIL,NO
com.alibaba.json.bvt.path.extract.JSONPath_extract_2_book#test_6,FAIL,NO
com.alibaba.json.bvt.path.extract.JSONPath_extract_2_book#test_7,FAIL,NO
com.alibaba.json.bvt.path.extract.JSONPath_extract_2_book#test_8,FAIL,NO
com.alibaba.json.bvt.path.extract.JSONPath_extract_2_book#test_9,FAIL,NO
com.alibaba.json.bvt.path.extract.JSONPath_extract_3#test_0,FAIL,NO
com.alibaba.json.bvt.path.extract.JSONPath_extract_3#test_1,FAIL,NO
com.alibaba.json.bvt.path.extract.JSONPath_extract_3#test_2,FAIL,NO
com.alibaba.json.bvt.path.extract.JSONPath_extract_4_multi#test_0,FAIL,NO
com.alibaba.json.bvt.path.extract.JSONPath_extract_4_multi#test_1,FAIL,NO
com.alibaba.json.bvt.proxy.TestProxy#test_0,FAIL,NO
com.alibaba.json.bvt.ref.RefTest#test_array_ref,FAIL,NO
com.alibaba.json.bvt.ref.RefTest#test_ref,FAIL,NO
com.alibaba.json.bvt.ref.RefTest10#test_bug_for_wanglin,FAIL,NO
com.alibaba.json.bvt.ref.RefTest11#test_ref,FAIL,NO
com.alibaba.json.bvt.ref.RefTest12#test_0,FAIL,NO
com.alibaba.json.bvt.ref.RefTest13#test_0,FAIL,NO
com.alibaba.json.bvt.ref.RefTest14#test_0,FAIL,NO
com.alibaba.json.bvt.ref.RefTest15#test_0,FAIL,NO
com.alibaba.json.bvt.ref.RefTest16#test_0,FAIL,NO
com.alibaba.json.bvt.ref.RefTest17#test_0,FAIL,NO
com.alibaba.json.bvt.ref.RefTest18#test_array,FAIL,NO
com.alibaba.json.bvt.ref.RefTest19#test_array,FAIL,NO
com.alibaba.json.bvt.ref.RefTest2#test_parse,FAIL,NO
com.alibaba.json.bvt.ref.RefTest2#test_parse_1,FAIL,NO
com.alibaba.json.bvt.ref.RefTest2#test_ref,FAIL,NO
com.alibaba.json.bvt.ref.RefTest2#test_ref_1,FAIL,NO
com.alibaba.json.bvt.ref.RefTest2#test_ref_2,FAIL,NO
com.alibaba.json.bvt.ref.RefTest2#test_ref_3,FAIL,NO
com.alibaba.json.bvt.ref.RefTest20#test_array,FAIL,NO
com.alibaba.json.bvt.ref.RefTest21#test_ref,FAIL,NO
com.alibaba.json.bvt.ref.RefTest22#test_ref,FAIL,NO
com.alibaba.json.bvt.ref.RefTest23#test_ref,FAIL,NO
com.alibaba.json.bvt.ref.RefTest23#test_ref_1,FAIL,NO
com.alibaba.json.bvt.ref.RefTest3#test_parse,FAIL,NO
com.alibaba.json.bvt.ref.RefTest3#test_parse_1,FAIL,NO
com.alibaba.json.bvt.ref.RefTest3#test_ref,FAIL,NO
com.alibaba.json.bvt.ref.RefTest4#test_decimal,FAIL,NO
com.alibaba.json.bvt.ref.RefTest4#test_integer,FAIL,NO
com.alibaba.json.bvt.ref.RefTest4#test_str,FAIL,NO
com.alibaba.json.bvt.ref.RefTest5#test_parse,FAIL,NO
com.alibaba.json.bvt.ref.RefTest5#test_ref,FAIL,NO
com.alibaba.json.bvt.ref.RefTest6#test_0,FAIL,NO
com.alibaba.json.bvt.ref.RefTest7#test_bug_for_juqkai,FAIL,NO
com.alibaba.json.bvt.ref.RefTest8#test_bug_for_juqkai,FAIL,NO
com.alibaba.json.bvt.ref.RefTest9#test_bug_for_wanglin,FAIL,NO
com.alibaba.json.bvt.ref.RefTest_for_huanxige#test_for_ref,FAIL,NO
com.alibaba.json.bvt.serializer.AbstractTest#test_0,FAIL,NO
com.alibaba.json.bvt.serializer.AbstractTest#test_1,FAIL,NO
com.alibaba.json.bvt.serializer.BooleanArraySerializerTest#test_0,FAIL,NO
com.alibaba.json.bvt.serializer.BooleanFieldSerializerTest#test_0,FAIL,NO
com.alibaba.json.bvt.serializer.BooleanFieldSerializerTest#test_codec,FAIL,NO
com.alibaba.json.bvt.serializer.BooleanFieldSerializerTest#test_codec_0,FAIL,NO
com.alibaba.json.bvt.serializer.BooleanFieldSerializerTest#test_codec_1,FAIL,NO
com.alibaba.json.bvt.serializer.BooleanFieldSerializerTest#test_codec_no_asm,FAIL,NO
com.alibaba.json.bvt.serializer.BooleanFieldSerializerTest_primitive#test_0,FAIL,NO
com.alibaba.json.bvt.serializer.BooleanFieldSerializerTest_primitive#test_codec,FAIL,NO
com.alibaba.json.bvt.serializer.BooleanFieldSerializerTest_primitive#test_codec_0,FAIL,NO
com.alibaba.json.bvt.serializer.BooleanFieldSerializerTest_primitive#test_codec_1,FAIL,NO
com.alibaba.json.bvt.serializer.BooleanFieldSerializerTest_primitive#test_codec_2,FAIL,NO
com.alibaba.json.bvt.serializer.BooleanFieldSerializerTest_primitive#test_codec_3,FAIL,NO
com.alibaba.json.bvt.serializer.BooleanFieldSerializerTest_primitive#test_codec_no_asm,FAIL,NO
com.alibaba.json.bvt.serializer.BooleanFieldTest#test_model,FAIL,NO
com.alibaba.json.bvt.serializer.BooleanFieldTest#test_model_max,FAIL,NO
com.alibaba.json.bvt.serializer.BooleanFieldTest2#test_0,FAIL,NO
com.alibaba.json.bvt.serializer.BooleanFieldTest2#test_0_reader,FAIL,NO
com.alibaba.json.bvt.serializer.BooleanFieldTest2#test_1,FAIL,NO
com.alibaba.json.bvt.serializer.BooleanFieldTest2#test_1_reader,FAIL,NO
com.alibaba.json.bvt.serializer.BooleanFieldTest2#test_false,FAIL,NO
com.alibaba.json.bvt.serializer.BooleanFieldTest2#test_false_reader,FAIL,NO
com.alibaba.json.bvt.serializer.BooleanFieldTest2#test_true,FAIL,NO
com.alibaba.json.bvt.serializer.BooleanFieldTest2#test_true_reader,FAIL,NO
com.alibaba.json.bvt.serializer.BooleanFieldTest3#test_model,FAIL,NO
com.alibaba.json.bvt.serializer.BooleanFieldTest_array#test_model_error_f,FAIL,NO
com.alibaba.json.bvt.serializer.BooleanFieldTest_array#test_model_error_fa,FAIL,NO
com.alibaba.json.bvt.serializer.BooleanFieldTest_array#test_model_error_fal,FAIL,NO
com.alibaba.json.bvt.serializer.BooleanFieldTest_array#test_model_error_fals,FAIL,NO
com.alibaba.json.bvt.serializer.BooleanFieldTest_array#test_model_error_false_notclose,FAIL,NO
com.alibaba.json.bvt.serializer.BooleanFieldTest_array#test_model_error_t,FAIL,NO
com.alibaba.json.bvt.serializer.BooleanFieldTest_array#test_model_error_tr,FAIL,NO
com.alibaba.json.bvt.serializer.BooleanFieldTest_array#test_model_error_tru,FAIL,NO
com.alibaba.json.bvt.serializer.BooleanFieldTest_array#test_model_error_true_notclose,FAIL,NO
com.alibaba.json.bvt.serializer.BugTest0#test_0,FAIL,NO
com.alibaba.json.bvt.serializer.BugTest0#test_1,FAIL,NO
com.alibaba.json.bvt.serializer.BugTest0#test_2,FAIL,NO
com.alibaba.json.bvt.serializer.BugTest0#test_3,FAIL,NO
com.alibaba.json.bvt.serializer.BugTest0#test_4,FAIL,NO
com.alibaba.json.bvt.serializer.BugTest0#test_error_0,FAIL,NO
com.alibaba.json.bvt.serializer.BugTest0#test_error_1,FAIL,NO
com.alibaba.json.bvt.serializer.BugTest0#test_error_3,FAIL,NO
com.alibaba.json.bvt.serializer.BugTest0#test_error_4,FAIL,NO
com.alibaba.json.bvt.serializer.BugTest1#test_0,FAIL,NO
com.alibaba.json.bvt.serializer.BugTest1#test_1,FAIL,NO
com.alibaba.json.bvt.serializer.BugTest1#test_2,FAIL,NO
com.alibaba.json.bvt.serializer.BugTest1#test_3,FAIL,NO
com.alibaba.json.bvt.serializer.BugTest1#test_4,FAIL,NO
com.alibaba.json.bvt.serializer.BugTest1#test_5,FAIL,NO
com.alibaba.json.bvt.serializer.BugTest1#test_7,FAIL,NO
com.alibaba.json.bvt.serializer.BugTest2#test_0,FAIL,NO
com.alibaba.json.bvt.serializer.Bug_for_yegaofei#test_0,FAIL,NO
com.alibaba.json.bvt.serializer.ByteArrayFieldSerializerTest#test_0,FAIL,NO
com.alibaba.json.bvt.serializer.ByteArrayFieldSerializerTest#test_1,FAIL,NO
com.alibaba.json.bvt.serializer.ByteArraySerializerTest#test_0,FAIL,NO
com.alibaba.json.bvt.serializer.ByteArraySerializerTest#test_1,FAIL,NO
com.alibaba.json.bvt.serializer.ByteArraySerializerTest#test_2,FAIL,NO
com.alibaba.json.bvt.serializer.ByteArraySerializerTest#test_b_0,FAIL,NO
com.alibaba.json.bvt.serializer.ByteArrayTest#test_bytes,FAIL,NO
com.alibaba.json.bvt.serializer.ByteArrayTest#test_bytes_1,FAIL,NO
com.alibaba.json.bvt.serializer.CharArraySerializerTest#test_null,FAIL,NO
com.alibaba.json.bvt.serializer.CharTest#test_file,FAIL,NO
com.alibaba.json.bvt.serializer.CharsetSerializerTest#test_0,FAIL,NO
com.alibaba.json.bvt.serializer.CharsetTest#test_file,FAIL,NO
com.alibaba.json.bvt.serializer.CircularReferencesTest#test_0,FAIL,NO
com.alibaba.json.bvt.serializer.CircularReferencesTest#test_1,FAIL,NO
com.alibaba.json.bvt.serializer.CircularReferencesTest#test_2,FAIL,NO
com.alibaba.json.bvt.serializer.ClassFieldTest#test_writer_1,FAIL,NO
com.alibaba.json.bvt.serializer.ClassLoaderTest#test_error,FAIL,NO
com.alibaba.json.bvt.serializer.ClobSeriliazerTest#test_clob,FAIL,NO
com.alibaba.json.bvt.serializer.ClobSeriliazerTest#test_clob_error,FAIL,NO
com.alibaba.json.bvt.serializer.ClobSeriliazerTest#test_clob_null,FAIL,NO
com.alibaba.json.bvt.serializer.CollectionSerializerTest#test_0,FAIL,NO
com.alibaba.json.bvt.serializer.CollectionSerializerTest#test_1,FAIL,NO
com.alibaba.json.bvt.serializer.CollectionSerializerTest#test_2_s,FAIL,NO
com.alibaba.json.bvt.serializer.CollectionSerializerTest#test_3_s,FAIL,NO
com.alibaba.json.bvt.serializer.CollectionSerializerTest#test_4_s,FAIL,NO
com.alibaba.json.bvt.serializer.CollectionSerializerTest#test_5_s,FAIL,NO
com.alibaba.json.bvt.serializer.ColorSerializerTest#test_null,FAIL,NO
com.alibaba.json.bvt.serializer.ColorSerializerTest#test_rgb,FAIL,NO
com.alibaba.json.bvt.serializer.ColorSerializerTest#test_rgb_getAutowiredFor,FAIL,NO
com.alibaba.json.bvt.serializer.ConcurrentHashMapTest#test_concurrentHashmap,FAIL,NO
com.alibaba.json.bvt.serializer.ConcurrentHashMapTest2#test_concurrentHashmap,FAIL,NO
com.alibaba.json.bvt.serializer.ConcurrentHashMapTest3#test_concurrentHashmap,FAIL,NO
com.alibaba.json.bvt.serializer.ConcurrentHashMapTest4#test_concurrentHashmap,FAIL,NO
com.alibaba.json.bvt.serializer.ConcurrentHashMapTest5#test_concurrentHashmap,FAIL,NO
com.alibaba.json.bvt.serializer.ConcurrentHashMapTest6#test_concurrentHashmap,FAIL,NO
com.alibaba.json.bvt.serializer.ConcurrentHashMapTest7#test_concurrentHashmap,FAIL,NO
com.alibaba.json.bvt.serializer.DateFormatSerializerTest#test_date,PASS,YES
com.alibaba.json.bvt.serializer.DateFormatSerializerTest#test_date_2,PASS,YES
com.alibaba.json.bvt.serializer.DateFormatSerializerTest#test_date_3,PASS,YES
com.alibaba.json.bvt.serializer.DateFormatSerializerTest#test_date_4,PASS,YES
com.alibaba.json.bvt.serializer.DoubleArraySerializerTest#test_0,FAIL,NO
com.alibaba.json.bvt.serializer.DoubleFormatTest#test_format,FAIL,NO
com.alibaba.json.bvt.serializer.DoubleFormatTest2#test_format,FAIL,NO
com.alibaba.json.bvt.serializer.DoubleTest#test_double,FAIL,NO
com.alibaba.json.bvt.serializer.DoubleTest_custom#test_0,FAIL,NO
com.alibaba.json.bvt.serializer.DoubleTest_custom#test_1,FAIL,NO
com.alibaba.json.bvt.serializer.DoubleTest_custom2#test_0,FAIL,NO
com.alibaba.json.bvt.serializer.DupSetterTest#testEnum,FAIL,NO
com.alibaba.json.bvt.serializer.DupSetterTest2#testEnum,FAIL,NO
com.alibaba.json.bvt.serializer.DupSetterTest3#testEnum,FAIL,NO
com.alibaba.json.bvt.serializer.DupSetterTest4#testDup,FAIL,NO
com.alibaba.json.bvt.serializer.DupSetterTest5#testDup,FAIL,NO
com.alibaba.json.bvt.serializer.DupSetterTest6#testDupSetter,FAIL,NO
com.alibaba.json.bvt.serializer.EnumerationSeriliazerTest#test_1,FAIL,NO
com.alibaba.json.bvt.serializer.EnumerationSeriliazerTest#test_2,FAIL,NO
com.alibaba.json.bvt.serializer.EnumerationSeriliazerTest#test_3,FAIL,NO
com.alibaba.json.bvt.serializer.EnumerationSeriliazerTest#test_4,FAIL,NO
com.alibaba.json.bvt.serializer.EnumerationSeriliazerTest#test_null,FAIL,NO
com.alibaba.json.bvt.serializer.EnumerationSeriliazerTest#test_nullAsEmtpyList,FAIL,NO
com.alibaba.json.bvt.serializer.ErrorGetterTest#test_0,FAIL,NO
com.alibaba.json.bvt.serializer.ErrorTest#test_error,FAIL,NO
com.alibaba.json.bvt.serializer.ExtendsTest#test_extends,FAIL,NO
com.alibaba.json.bvt.serializer.FieldOrderTest#test_field_order,FAIL,NO
com.alibaba.json.bvt.serializer.FileTest#test_file,FAIL,NO
com.alibaba.json.bvt.serializer.FloatArraySerializerTest#test_0,FAIL,NO
com.alibaba.json.bvt.serializer.FloatFormatTest#test_format,FAIL,NO
com.alibaba.json.bvt.serializer.FloatFormatTest2#test_format,FAIL,NO
com.alibaba.json.bvt.serializer.FloatTest#test_0,FAIL,NO
com.alibaba.json.bvt.serializer.FontSerializerTest#test_null,FAIL,NO
com.alibaba.json.bvt.serializer.GenericTypeNotMatchTest#test_for_notMatch,FAIL,NO
com.alibaba.json.bvt.serializer.GenericTypeNotMatchTest2#test_for_notMatch,FAIL,NO
com.alibaba.json.bvt.serializer.GenericTypeTest#test_gerneric,FAIL,NO
com.alibaba.json.bvt.serializer.GenericTypeTest2#test_gerneric,FAIL,NO
com.alibaba.json.bvt.serializer.IgnoreGetMethodTest#test,FAIL,NO
com.alibaba.json.bvt.serializer.IgnoreNonFieldGetterTest#test_int,FAIL,NO
com.alibaba.json.bvt.serializer.IgnoreNonFieldGetterTest2#test_int,FAIL,NO
com.alibaba.json.bvt.serializer.InetAddressTest#test_empty,FAIL,NO
com.alibaba.json.bvt.serializer.InetAddressTest#test_inetAddress,FAIL,NO
com.alibaba.json.bvt.serializer.InetAddressTest#test_null,FAIL,NO
com.alibaba.json.bvt.serializer.InetSocketAddressTest#test_timezone,FAIL,NO
com.alibaba.json.bvt.serializer.IntArrayEncodeTest#test_0_s,FAIL,NO
com.alibaba.json.bvt.serializer.IntArrayEncodeTest#test_1_s,FAIL,NO
com.alibaba.json.bvt.serializer.IntArrayEncodeTest#test_2_s,FAIL,NO
com.alibaba.json.bvt.serializer.IntArrayEncodeTest#test_3_s,FAIL,NO
com.alibaba.json.bvt.serializer.IntFieldTest#test_model,FAIL,NO
com.alibaba.json.bvt.serializer.IntFieldTest#test_model_max,FAIL,NO
com.alibaba.json.bvt.serializer.IntFieldTest2#test_model,FAIL,NO
com.alibaba.json.bvt.serializer.IntFieldTest2#test_model_map,FAIL,NO
com.alibaba.json.bvt.serializer.IntFieldTest2#test_model_map_error,FAIL,NO
com.alibaba.json.bvt.serializer.IntFieldTest2#test_model_map_error_2,FAIL,NO
com.alibaba.json.bvt.serializer.IntFieldTest2#test_model_max,FAIL,NO
com.alibaba.json.bvt.serializer.IntegerArrayEncodeTest#test_0_s,FAIL,NO
com.alibaba.json.bvt.serializer.IntegerArrayEncodeTest#test_1_s,FAIL,NO
com.alibaba.json.bvt.serializer.IntegerArrayEncodeTest#test_2_s,FAIL,NO
com.alibaba.json.bvt.serializer.IntegerArrayEncodeTest#test_3_s,FAIL,NO
com.alibaba.json.bvt.serializer.IntegerArrayEncodeTest#test_4_s,FAIL,NO
com.alibaba.json.bvt.serializer.IntegerArrayFieldSerializerTest#test_0,FAIL,NO
com.alibaba.json.bvt.serializer.IntegerArrayFieldSerializerTest#test_1,FAIL,NO
com.alibaba.json.bvt.serializer.IntegerSerializerTest#test_null,FAIL,NO
com.alibaba.json.bvt.serializer.InterfaceTest#test_interface,FAIL,NO
com.alibaba.json.bvt.serializer.JSONFieldTest#test_jsonField,FAIL,NO
com.alibaba.json.bvt.serializer.JSONFieldTest2#test_jsonField,FAIL,NO
com.alibaba.json.bvt.serializer.JSONFieldTest3#test_jsonField,FAIL,NO
com.alibaba.json.bvt.serializer.JSONFieldTest4#test_jsonField,FAIL,NO
com.alibaba.json.bvt.serializer.JSONFieldTest5#test_jsonField,FAIL,NO
com.alibaba.json.bvt.serializer.JSONFieldTest_unwrapped_0#test_jsonField,FAIL,NO
com.alibaba.json.bvt.serializer.JSONFieldTest_unwrapped_1#test_jsonField,FAIL,NO
com.alibaba.json.bvt.serializer.JSONFieldTest_unwrapped_2#test_jsonField,FAIL,NO
com.alibaba.json.bvt.serializer.JSONFieldTest_unwrapped_3#test_empty,FAIL,NO
com.alibaba.json.bvt.serializer.JSONFieldTest_unwrapped_3#test_jsonField,FAIL,NO
com.alibaba.json.bvt.serializer.JSONFieldTest_unwrapped_3#test_null,FAIL,NO
com.alibaba.json.bvt.serializer.JSONFieldTest_unwrapped_4#test_empty,FAIL,NO
com.alibaba.json.bvt.serializer.JSONFieldTest_unwrapped_4#test_jsonField,FAIL,NO
com.alibaba.json.bvt.serializer.JSONFieldTest_unwrapped_4#test_null,FAIL,NO
com.alibaba.json.bvt.serializer.JSONFieldTest_unwrapped_5#test_empty,FAIL,NO
com.alibaba.json.bvt.serializer.JSONFieldTest_unwrapped_5#test_jsonField,FAIL,NO
com.alibaba.json.bvt.serializer.JSONFieldTest_unwrapped_5#test_null,FAIL,NO
com.alibaba.json.bvt.serializer.JSONObjectOrderTest#test_for_order,FAIL,NO
com.alibaba.json.bvt.serializer.JSONSerializerDeprecatedTest#test_,FAIL,NO
com.alibaba.json.bvt.serializer.JSONSerializerFeatureTest#test_0,FAIL,NO
com.alibaba.json.bvt.serializer.JSONSerializerFeatureTest#test_0_g,FAIL,NO
com.alibaba.json.bvt.serializer.JSONSerializerFeatureTest#test_1,FAIL,NO
com.alibaba.json.bvt.serializer.JSONSerializerFeatureTest#test_1_s,FAIL,NO
com.alibaba.json.bvt.serializer.JSONSerializerFeatureTest#test_2,FAIL,NO
com.alibaba.json.bvt.serializer.JSONSerializerFeatureTest#test_2_s,FAIL,NO
com.alibaba.json.bvt.serializer.JSONSerializerFeatureTest#test_3,FAIL,NO
com.alibaba.json.bvt.serializer.JSONSerializerFeatureTest#test_3_s,FAIL,NO
com.alibaba.json.bvt.serializer.JSONSerializerFeatureTest#test_4,FAIL,NO
com.alibaba.json.bvt.serializer.JSONSerializerFeatureTest#test_4_s,FAIL,NO
com.alibaba.json.bvt.serializer.JSONSerializerFeatureTest#test_5,FAIL,NO
com.alibaba.json.bvt.serializer.JSONSerializerFeatureTest#test_5_s,FAIL,NO
com.alibaba.json.bvt.serializer.JSONSerializerFeatureTest#test_6,FAIL,NO
com.alibaba.json.bvt.serializer.JSONSerializerFeatureTest#test_6_s,FAIL,NO
com.alibaba.json.bvt.serializer.JSONSerializerFeatureTest#test_7,FAIL,NO
com.alibaba.json.bvt.serializer.JSONSerializerFeatureTest#test_7_s,FAIL,NO
com.alibaba.json.bvt.serializer.JSONSerializerFeatureTest#test_8,FAIL,NO
com.alibaba.json.bvt.serializer.JSONSerializerFeatureTest#test_8_s,FAIL,NO
com.alibaba.json.bvt.serializer.JSONSerializerFeatureTest#test_9,FAIL,NO
com.alibaba.json.bvt.serializer.JSONSerializerFeatureTest#test_9_s,FAIL,NO
com.alibaba.json.bvt.serializer.JSONSerializerMapTest#test_0,FAIL,NO
com.alibaba.json.bvt.serializer.JSONSerializerTest#test_0,FAIL,NO
com.alibaba.json.bvt.serializer.JSONSerializerTest#test_0_s,FAIL,NO
com.alibaba.json.bvt.serializer.JSONSerializerTest#test_1,FAIL,NO
com.alibaba.json.bvt.serializer.JSONSerializerTest#test_10,FAIL,NO
com.alibaba.json.bvt.serializer.JSONSerializerTest#test_11,FAIL,NO
com.alibaba.json.bvt.serializer.JSONSerializerTest#test_12,FAIL,NO
com.alibaba.json.bvt.serializer.JSONSerializerTest#test_13,FAIL,NO
com.alibaba.json.bvt.serializer.JSONSerializerTest#test_14,FAIL,NO
com.alibaba.json.bvt.serializer.JSONSerializerTest#test_15,FAIL,NO
com.alibaba.json.bvt.serializer.JSONSerializerTest#test_16,FAIL,NO
com.alibaba.json.bvt.serializer.JSONSerializerTest#test_17,FAIL,NO
com.alibaba.json.bvt.serializer.JSONSerializerTest#test_1_s,FAIL,NO
com.alibaba.json.bvt.serializer.JSONSerializerTest#test_2,FAIL,NO
com.alibaba.json.bvt.serializer.JSONSerializerTest#test_2_s,FAIL,NO
com.alibaba.json.bvt.serializer.JSONSerializerTest#test_3,FAIL,NO
com.alibaba.json.bvt.serializer.JSONSerializerTest#test_3_s,FAIL,NO
com.alibaba.json.bvt.serializer.JSONSerializerTest#test_4,FAIL,NO
com.alibaba.json.bvt.serializer.JSONSerializerTest#test_5,FAIL,NO
com.alibaba.json.bvt.serializer.JSONSerializerTest#test_5_null,FAIL,NO
com.alibaba.json.bvt.serializer.JSONSerializerTest#test_6,FAIL,NO
com.alibaba.json.bvt.serializer.JSONSerializerTest#test_7,FAIL,NO
com.alibaba.json.bvt.serializer.JSONSerializerTest#test_8,FAIL,NO
com.alibaba.json.bvt.serializer.JSONSerializerTest#test_9,FAIL,NO
com.alibaba.json.bvt.serializer.JSONSerializerTest#test_9_null,FAIL,NO
com.alibaba.json.bvt.serializer.JSONSerializerTest#test_error,FAIL,NO
com.alibaba.json.bvt.serializer.JSONSerializerTest1#test_0,FAIL,NO
com.alibaba.json.bvt.serializer.JSONSerializerTest2#test_0,FAIL,NO
com.alibaba.json.bvt.serializer.JSONSerializerTest2#test_1,FAIL,NO
com.alibaba.json.bvt.serializer.JSONSerializerTest2#test_2,FAIL,NO
com.alibaba.json.bvt.serializer.JSONSerializerTest2#test_3,FAIL,NO
com.alibaba.json.bvt.serializer.JSONSerializerTest2#test_error,FAIL,NO
com.alibaba.json.bvt.serializer.JSONSerializerTest3#test_0,PASS,YES
com.alibaba.json.bvt.serializer.JSONTypeIncludesTest#test_includes,FAIL,NO
com.alibaba.json.bvt.serializer.JavaBeanSerializerTest#test_0_s,FAIL,NO
com.alibaba.json.bvt.serializer.JavaBeanSerializerTest#test_1_s,FAIL,NO
com.alibaba.json.bvt.serializer.JavaBeanSerializerTest#test_2_s,FAIL,NO
com.alibaba.json.bvt.serializer.JavaBeanSerializerTest#test_3_s,FAIL,NO
com.alibaba.json.bvt.serializer.JavaBeanSerializerTest#test_error_1_s,FAIL,NO
com.alibaba.json.bvt.serializer.JavaBeanSerializerTest#test_error_s,FAIL,NO
com.alibaba.json.bvt.serializer.JavaBeanSerializerTest2#test_0,FAIL,NO
com.alibaba.json.bvt.serializer.ListFieldTest#test_for_list,FAIL,NO
com.alibaba.json.bvt.serializer.ListSerializerTest#test_0_s,FAIL,NO
com.alibaba.json.bvt.serializer.ListSerializerTest#test_2_s,FAIL,NO
com.alibaba.json.bvt.serializer.ListSerializerTest#test_3_s,FAIL,NO
com.alibaba.json.bvt.serializer.ListSerializerTest#test_4_s,FAIL,NO
com.alibaba.json.bvt.serializer.ListSerializerTest#test_5_s,FAIL,NO
com.alibaba.json.bvt.serializer.ListSerializerTest#test_6_s,FAIL,NO
com.alibaba.json.bvt.serializer.ListSerializerTest#test_7_s,FAIL,NO
com.alibaba.json.bvt.serializer.ListSerializerTest#test_8_s,FAIL,NO
com.alibaba.json.bvt.serializer.ListSerializerTest2#test_0,FAIL,NO
com.alibaba.json.bvt.serializer.ListSerializerTest3#test_1,FAIL,NO
com.alibaba.json.bvt.serializer.ListSerializerTest3#test_2,FAIL,NO
com.alibaba.json.bvt.serializer.ListTest#test_null,FAIL,NO
com.alibaba.json.bvt.serializer.LocalTest#test_timezone,FAIL,NO
com.alibaba.json.bvt.serializer.LongArraySerializerTest#test_0,FAIL,NO
com.alibaba.json.bvt.serializer.MapSerializerTest#test_4,FAIL,NO
com.alibaba.json.bvt.serializer.MapSerializerTest#test_empty_1,FAIL,NO
com.alibaba.json.bvt.serializer.MapSerializerTest#test_int2_s,FAIL,NO
com.alibaba.json.bvt.serializer.MapSerializerTest#test_long2_s,FAIL,NO
com.alibaba.json.bvt.serializer.MapSerializerTest#test_singleton_1,FAIL,NO
com.alibaba.json.bvt.serializer.MapSerializerTest#test_special2_s,FAIL,NO
com.alibaba.json.bvt.serializer.MapSerializerTest#test_special3_s,FAIL,NO
com.alibaba.json.bvt.serializer.MapSerializerTest#test_special_s,FAIL,NO
com.alibaba.json.bvt.serializer.MapSerializerTest#test_string2_s,FAIL,NO
com.alibaba.json.bvt.serializer.MapSerializerTest#test_string3_s,FAIL,NO
com.alibaba.json.bvt.serializer.MapTest#test_no_sort,FAIL,NO
com.alibaba.json.bvt.serializer.MapTest#test_null,FAIL,NO
com.alibaba.json.bvt.serializer.MaxBufSizeTest#test_max_buf,FAIL,NO
com.alibaba.json.bvt.serializer.MaxBufSizeTest2#test_max_buf,FAIL,NO
com.alibaba.json.bvt.serializer.MultiFieldIntTest_writer#test_for_big_writer,FAIL,NO
com.alibaba.json.bvt.serializer.MultiFieldIntTest_writer2#test_for_big_writer,FAIL,NO
com.alibaba.json.bvt.serializer.NoneStringKeyTest#test_0,FAIL,NO
com.alibaba.json.bvt.serializer.NoneStringKeyTest#test_1,FAIL,NO
com.alibaba.json.bvt.serializer.NoneStringKeyTest#test_2,FAIL,NO
com.alibaba.json.bvt.serializer.NoneStringKeyTest#test_3,FAIL,NO
com.alibaba.json.bvt.serializer.NoneStringKeyTest#test_4,FAIL,NO
com.alibaba.json.bvt.serializer.NoneStringKeyTest#test_null_0,FAIL,NO
com.alibaba.json.bvt.serializer.NotWriteDefaultValueTest#test_for_boolean,FAIL,NO
com.alibaba.json.bvt.serializer.NotWriteDefaultValueTest#test_for_byte,FAIL,NO
com.alibaba.json.bvt.serializer.NotWriteDefaultValueTest#test_for_double,FAIL,NO
com.alibaba.json.bvt.serializer.NotWriteDefaultValueTest#test_for_float,FAIL,NO
com.alibaba.json.bvt.serializer.NotWriteDefaultValueTest#test_for_int,FAIL,NO
com.alibaba.json.bvt.serializer.NotWriteDefaultValueTest#test_for_long,FAIL,NO
com.alibaba.json.bvt.serializer.NotWriteDefaultValueTest#test_for_short,FAIL,NO
com.alibaba.json.bvt.serializer.NotWriteDefaultValueTest_NoneASM#test_for_boolean,FAIL,NO
com.alibaba.json.bvt.serializer.NotWriteDefaultValueTest_NoneASM#test_for_byte,FAIL,NO
com.alibaba.json.bvt.serializer.NotWriteDefaultValueTest_NoneASM#test_for_double,FAIL,NO
com.alibaba.json.bvt.serializer.NotWriteDefaultValueTest_NoneASM#test_for_float,FAIL,NO
com.alibaba.json.bvt.serializer.NotWriteDefaultValueTest_NoneASM#test_for_int,FAIL,NO
com.alibaba.json.bvt.serializer.NotWriteDefaultValueTest_NoneASM#test_for_long,FAIL,NO
com.alibaba.json.bvt.serializer.NotWriteDefaultValueTest_NoneASM#test_for_short,FAIL,NO
com.alibaba.json.bvt.serializer.ObjectArraySerializerTest#test_0,FAIL,NO
com.alibaba.json.bvt.serializer.ObjectArraySerializerTest#test_1,FAIL,NO
com.alibaba.json.bvt.serializer.ObjectArraySerializerTest#test_2,FAIL,NO
com.alibaba.json.bvt.serializer.ObjectArraySerializerTest#test_3,FAIL,NO
com.alibaba.json.bvt.serializer.ObjectSerializerTest#test_serialize,FAIL,NO
com.alibaba.json.bvt.serializer.ObjectWriteTest#test_objectWriteTest,FAIL,NO
com.alibaba.json.bvt.serializer.ParserConfigTest#test_0,FAIL,NO
com.alibaba.json.bvt.serializer.ParserConfigTest#test_1,FAIL,NO
com.alibaba.json.bvt.serializer.PascalNameFilterTest#test_0,FAIL,NO
com.alibaba.json.bvt.serializer.PascalNameFilterTest_1#test_0,FAIL,NO
com.alibaba.json.bvt.serializer.PatternTest#test_file,FAIL,NO
com.alibaba.json.bvt.serializer.PointSerializerTest#test_null,FAIL,NO
com.alibaba.json.bvt.serializer.PrePropertyFilterTest#test_0,FAIL,NO
com.alibaba.json.bvt.serializer.PrettyFormatTest#test_0,FAIL,NO
com.alibaba.json.bvt.serializer.PrettyFormatTest2#test_0,FAIL,NO
com.alibaba.json.bvt.serializer.PrimitiveTest#test_0,FAIL,NO
com.alibaba.json.bvt.serializer.PrimitiveTest#test_0_s,FAIL,NO
com.alibaba.json.bvt.serializer.PrimitiveTest#test_1,FAIL,NO
com.alibaba.json.bvt.serializer.PrimitiveTest#test_1_s,FAIL,NO
com.alibaba.json.bvt.serializer.PrimitiveTest#test_2,FAIL,NO
com.alibaba.json.bvt.serializer.PrimitiveTest#test_2_s,FAIL,NO
com.alibaba.json.bvt.serializer.PrimitiveTest#test_3,FAIL,NO
com.alibaba.json.bvt.serializer.PrimitiveTest#test_3_s,FAIL,NO
com.alibaba.json.bvt.serializer.PrimitiveTest#test_4,FAIL,NO
com.alibaba.json.bvt.serializer.PrimitiveTest#test_4_s,FAIL,NO
com.alibaba.json.bvt.serializer.PrimitiveTest#test_5,FAIL,NO
com.alibaba.json.bvt.serializer.PrimitiveTest#test_5_s,FAIL,NO
com.alibaba.json.bvt.serializer.PrimitiveTest#test_6,FAIL,NO
com.alibaba.json.bvt.serializer.PrimitiveTest#test_6_s,FAIL,NO
com.alibaba.json.bvt.serializer.ProxyTest#test_0,FAIL,NO
com.alibaba.json.bvt.serializer.ProxyTest2#test_0,FAIL,NO
com.alibaba.json.bvt.serializer.RectangleSerializerTest#test_null,FAIL,NO
com.alibaba.json.bvt.serializer.ReferenceDeserializerTest#test_0,FAIL,NO
com.alibaba.json.bvt.serializer.SerialContextTest#test_context,FAIL,NO
com.alibaba.json.bvt.serializer.SerialWriterStringEncoderTest2#test_error_0,FAIL,NO
com.alibaba.json.bvt.serializer.SerialWriterStringEncoderTest2#test_error_1,FAIL,NO
com.alibaba.json.bvt.serializer.SerialWriterTest#test_0,FAIL,NO
com.alibaba.json.bvt.serializer.SerializeConfigTest#test_0,FAIL,NO
com.alibaba.json.bvt.serializer.SerializeConfigTest#test_1,FAIL,NO
com.alibaba.json.bvt.serializer.SerializeConfigTest2#test_1,FAIL,NO
com.alibaba.json.bvt.serializer.SerializeConfigTest2_private#test_1,FAIL,NO
com.alibaba.json.bvt.serializer.SerializeWriterTest#test_0,FAIL,NO
com.alibaba.json.bvt.serializer.SerializeWriterTest#test_1,FAIL,NO
com.alibaba.json.bvt.serializer.SerializeWriterTest#test_12,FAIL,NO
com.alibaba.json.bvt.serializer.SerializeWriterTest#test_13,FAIL,NO
com.alibaba.json.bvt.serializer.SerializeWriterTest#test_13_long,FAIL,NO
com.alibaba.json.bvt.serializer.SerializeWriterTest#test_13_long_browser,FAIL,NO
com.alibaba.json.bvt.serializer.SerializeWriterTest#test_13_long_browser2,FAIL,NO
com.alibaba.json.bvt.serializer.SerializeWriterTest#test_14,FAIL,NO
com.alibaba.json.bvt.serializer.SerializeWriterTest#test_14_long,FAIL,NO
com.alibaba.json.bvt.serializer.SerializeWriterTest#test_15,FAIL,NO
com.alibaba.json.bvt.serializer.SerializeWriterTest#test_15_long,FAIL,NO
com.alibaba.json.bvt.serializer.SerializeWriterTest#test_16,FAIL,NO
com.alibaba.json.bvt.serializer.SerializeWriterTest#test_16_long,FAIL,NO
com.alibaba.json.bvt.serializer.SerializeWriterTest#test_16_long_browser,FAIL,NO
com.alibaba.json.bvt.serializer.SerializeWriterTest#test_16_long_browser2,FAIL,NO
com.alibaba.json.bvt.serializer.SerializeWriterTest#test_17,FAIL,NO
com.alibaba.json.bvt.serializer.SerializeWriterTest#test_18,FAIL,NO
com.alibaba.json.bvt.serializer.SerializeWriterTest#test_19,FAIL,NO
com.alibaba.json.bvt.serializer.SerializeWriterTest#test_20,FAIL,NO
com.alibaba.json.bvt.serializer.SerializeWriterTest#test_error_0,FAIL,NO
com.alibaba.json.bvt.serializer.SerializeWriterTest#test_error_2,FAIL,NO
com.alibaba.json.bvt.serializer.SerializeWriterTest#test_error_3,FAIL,NO
com.alibaba.json.bvt.serializer.SerializeWriterTest#test_error_4,FAIL,NO
com.alibaba.json.bvt.serializer.SerializeWriterTest#test_error_5,FAIL,NO
com.alibaba.json.bvt.serializer.SerializeWriterTest#test_error_6,FAIL,NO
com.alibaba.json.bvt.serializer.SerializeWriterTest_1#test_0,FAIL,NO
com.alibaba.json.bvt.serializer.SerializeWriterTest_1#test_1,FAIL,NO
com.alibaba.json.bvt.serializer.SerializeWriterTest_1#test_2,FAIL,NO
com.alibaba.json.bvt.serializer.SerializeWriterTest_1#test_3,FAIL,NO
com.alibaba.json.bvt.serializer.SerializeWriterTest_1#test_5,FAIL,NO
com.alibaba.json.bvt.serializer.SerializeWriterTest_1#test_6,FAIL,NO
com.alibaba.json.bvt.serializer.SerializeWriterTest_1#test_null,FAIL,NO
com.alibaba.json.bvt.serializer.SerializeWriterTest_10#test_erro_0,FAIL,NO
com.alibaba.json.bvt.serializer.SerializeWriterTest_10#test_erro_1,FAIL,NO
com.alibaba.json.bvt.serializer.SerializeWriterTest_10#test_erro_2,FAIL,NO
com.alibaba.json.bvt.serializer.SerializeWriterTest_10#test_erro_3,FAIL,NO
com.alibaba.json.bvt.serializer.SerializeWriterTest_10#test_erro_4,FAIL,NO
com.alibaba.json.bvt.serializer.SerializeWriterTest_11#test_erro_0,FAIL,NO
com.alibaba.json.bvt.serializer.SerializeWriterTest_12#test_erro_0,FAIL,NO
com.alibaba.json.bvt.serializer.SerializeWriterTest_13#test_default,FAIL,NO
com.alibaba.json.bvt.serializer.SerializeWriterTest_13#test_single,FAIL,NO
com.alibaba.json.bvt.serializer.SerializeWriterTest_13#test_writer,FAIL,NO
com.alibaba.json.bvt.serializer.SerializeWriterTest_13#test_writer_single,FAIL,NO
com.alibaba.json.bvt.serializer.SerializeWriterTest_14#test_writer_1,FAIL,NO
com.alibaba.json.bvt.serializer.SerializeWriterTest_14#test_writer_2,FAIL,NO
com.alibaba.json.bvt.serializer.SerializeWriterTest_14#test_writer_3,FAIL,NO
com.alibaba.json.bvt.serializer.SerializeWriterTest_15#test_writer_1,FAIL,NO
com.alibaba.json.bvt.serializer.SerializeWriterTest_15#test_writer_2,FAIL,NO
com.alibaba.json.bvt.serializer.SerializeWriterTest_15#test_writer_3,FAIL,NO
com.alibaba.json.bvt.serializer.SerializeWriterTest_16#test_writer_1,FAIL,NO
com.alibaba.json.bvt.serializer.SerializeWriterTest_17#test_direct,FAIL,NO
com.alibaba.json.bvt.serializer.SerializeWriterTest_17#test_writer_1,FAIL,NO
com.alibaba.json.bvt.serializer.SerializeWriterTest_18#test_writer_1,FAIL,NO
com.alibaba.json.bvt.serializer.SerializeWriterTest_19#test_writer_1,FAIL,NO
com.alibaba.json.bvt.serializer.SerializeWriterTest_2#test_0,FAIL,NO
com.alibaba.json.bvt.serializer.SerializeWriterTest_2#test_1,FAIL,NO
com.alibaba.json.bvt.serializer.SerializeWriterTest_3#test_0,FAIL,NO
com.alibaba.json.bvt.serializer.SerializeWriterTest_3#test_1,FAIL,NO
com.alibaba.json.bvt.serializer.SerializeWriterTest_3#test_null,FAIL,NO
com.alibaba.json.bvt.serializer.SerializeWriterTest_3#test_null_1,FAIL,NO
com.alibaba.json.bvt.serializer.SerializeWriterTest_4#test_0,FAIL,NO
com.alibaba.json.bvt.serializer.SerializeWriterTest_4#test_1,FAIL,NO
com.alibaba.json.bvt.serializer.SerializeWriterTest_4#test_3,FAIL,NO
com.alibaba.json.bvt.serializer.SerializeWriterTest_4#test_4,FAIL,NO
com.alibaba.json.bvt.serializer.SerializeWriterTest_4#test_5,FAIL,NO
com.alibaba.json.bvt.serializer.SerializeWriterTest_5#test_0,FAIL,NO
com.alibaba.json.bvt.serializer.SerializeWriterTest_5#test_1,FAIL,NO
com.alibaba.json.bvt.serializer.SerializeWriterTest_5#test_2,FAIL,NO
com.alibaba.json.bvt.serializer.SerializeWriterTest_5#test_3,FAIL,NO
com.alibaba.json.bvt.serializer.SerializeWriterTest_5#test_4,FAIL,NO
com.alibaba.json.bvt.serializer.SerializeWriterTest_6#test_0,FAIL,NO
com.alibaba.json.bvt.serializer.SerializeWriterTest_7#test_0,FAIL,NO
com.alibaba.json.bvt.serializer.SerializeWriterTest_7#test_1,FAIL,NO
com.alibaba.json.bvt.serializer.SerializeWriterTest_7#test_2,FAIL,NO
com.alibaba.json.bvt.serializer.SerializeWriterTest_7#test_3,FAIL,NO
com.alibaba.json.bvt.serializer.SerializeWriterTest_7#test_4,FAIL,NO
com.alibaba.json.bvt.serializer.SerializeWriterTest_8#test_BrowserCompatible,FAIL,NO
com.alibaba.json.bvt.serializer.SerializeWriterTest_8#test_singleQuote,FAIL,NO
com.alibaba.json.bvt.serializer.SerializeWriterTest_8#test_singleQuote_writer,FAIL,NO
com.alibaba.json.bvt.serializer.SerializeWriterTest_8#test_writer,FAIL,NO
com.alibaba.json.bvt.serializer.SerializeWriterTest_9#test_error,FAIL,NO
com.alibaba.json.bvt.serializer.SerializeWriterTest_9#test_error_2,FAIL,NO
com.alibaba.json.bvt.serializer.SerializeWriterTest_9#test_error_3,FAIL,NO
com.alibaba.json.bvt.serializer.SerializeWriterTest_9#test_error_4,FAIL,NO
com.alibaba.json.bvt.serializer.SerializeWriterTest_9#test_error_5,FAIL,NO
com.alibaba.json.bvt.serializer.SerializeWriterTest_BrowserSecure#test_0,FAIL,NO
com.alibaba.json.bvt.serializer.SerializeWriterTest_BrowserSecure#test_1,FAIL,NO
com.alibaba.json.bvt.serializer.SerializeWriterTest_BrowserSecure#test_all,FAIL,NO
com.alibaba.json.bvt.serializer.SerializeWriterTest_BrowserSecure#test_all_entity,FAIL,NO
com.alibaba.json.bvt.serializer.SerializeWriterTest_BrowserSecure#test_all_map,FAIL,NO
com.alibaba.json.bvt.serializer.SerializeWriterTest_BrowserSecure#test_zh,FAIL,NO
com.alibaba.json.bvt.serializer.SerializeWriterTest_BrowserSecure3#test_0,FAIL,NO
com.alibaba.json.bvt.serializer.SerializeWriterTest_BrowserSecure_4_script#test_0,FAIL,NO
com.alibaba.json.bvt.serializer.SerializeWriterTest_BrowserSecure_4_script#test_1,FAIL,NO
com.alibaba.json.bvt.serializer.SerializeWriterTest_BrowserSecure_4_script#test_2,FAIL,NO
com.alibaba.json.bvt.serializer.SerializeWriterTest_BrowserSecure_4_script#test_3,FAIL,NO
com.alibaba.json.bvt.serializer.SerializeWriterTest_BrowserSecure_4_script#test_4,FAIL,NO
com.alibaba.json.bvt.serializer.SerializeWriterTest_BrowserSecure_4_script#test_5,FAIL,NO
com.alibaba.json.bvt.serializer.SerializeWriterTest_BrowserSecure_5_script_model#test_0,FAIL,NO
com.alibaba.json.bvt.serializer.SerializeWriterTest_BrowserSecure_5_script_model#test_1,FAIL,NO
com.alibaba.json.bvt.serializer.SerializeWriterTest_BrowserSecure_5_script_model#test_2,FAIL,NO
com.alibaba.json.bvt.serializer.SerializeWriterTest_BrowserSecure_5_script_model#test_3,FAIL,NO
com.alibaba.json.bvt.serializer.SerializeWriterTest_BrowserSecure_5_script_model#test_4,FAIL,NO
com.alibaba.json.bvt.serializer.SerializeWriterTest_BrowserSecure_5_script_model#test_5,FAIL,NO
com.alibaba.json.bvt.serializer.SerializeWriterTest_BrowserSecure_6_name_script#test_0,FAIL,NO
com.alibaba.json.bvt.serializer.SerializerFeatureTest#test_0,FAIL,NO
com.alibaba.json.bvt.serializer.SerializerFeatureTest#test_1,FAIL,NO
com.alibaba.json.bvt.serializer.SerializerFeatureTest#test_assert_cnt,FAIL,NO
com.alibaba.json.bvt.serializer.SerilaizeFilterTest#test_for_jsonField,FAIL,NO
com.alibaba.json.bvt.serializer.ShortArraySerializerTest#test_0,FAIL,NO
com.alibaba.json.bvt.serializer.ShortFieldSerializerTest#test_0,FAIL,NO
com.alibaba.json.bvt.serializer.ShortSerializerTest#test_null,FAIL,NO
com.alibaba.json.bvt.serializer.SimpleDataFormatSerializerTest#test_0,PASS,YES
com.alibaba.json.bvt.serializer.SimplePropertyPreFilterTest#test_all,FAIL,NO
com.alibaba.json.bvt.serializer.SimplePropertyPreFilterTest#test_all_map,FAIL,NO
com.alibaba.json.bvt.serializer.SimplePropertyPreFilterTest#test_exclude_id,FAIL,NO
com.alibaba.json.bvt.serializer.SimplePropertyPreFilterTest#test_exclude_id_map,FAIL,NO
com.alibaba.json.bvt.serializer.SimplePropertyPreFilterTest#test_exclude_name,FAIL,NO
com.alibaba.json.bvt.serializer.SimplePropertyPreFilterTest#test_id,FAIL,NO
com.alibaba.json.bvt.serializer.SimplePropertyPreFilterTest#test_id_0,FAIL,NO
com.alibaba.json.bvt.serializer.SimplePropertyPreFilterTest#test_map,FAIL,NO
com.alibaba.json.bvt.serializer.SimplePropertyPreFilterTest#test_map_id,FAIL,NO
com.alibaba.json.bvt.serializer.SimplePropertyPreFilterTest#test_map_name,FAIL,NO
com.alibaba.json.bvt.serializer.SimplePropertyPreFilterTest#test_name,FAIL,NO
com.alibaba.json.bvt.serializer.SimplePropertyPreFilterTest#test_name_0,FAIL,NO
com.alibaba.json.bvt.serializer.SimplePropertyPreFilterTest#test_name_a,FAIL,NO
com.alibaba.json.bvt.serializer.SimplePropertyPreFilterTest#test_name_a1,FAIL,NO
com.alibaba.json.bvt.serializer.SpecicalStringTest#test_0,FAIL,NO
com.alibaba.json.bvt.serializer.SpecicalStringTest#test_string2,FAIL,NO
com.alibaba.json.bvt.serializer.StringArraySerializerTest#test_0,FAIL,NO
com.alibaba.json.bvt.serializer.StringArraySerializerTest#test_1,FAIL,NO
com.alibaba.json.bvt.serializer.StringArraySerializerTest#test_2,FAIL,NO
com.alibaba.json.bvt.serializer.StringArraySerializerTest#test_3,FAIL,NO
com.alibaba.json.bvt.serializer.StringSerializerTest#test_0,FAIL,NO
com.alibaba.json.bvt.serializer.StringSerializerTest#test_10,FAIL,NO
com.alibaba.json.bvt.serializer.StringSerializerTest#test_10_d,FAIL,NO
com.alibaba.json.bvt.serializer.StringSerializerTest#test_11,FAIL,NO
com.alibaba.json.bvt.serializer.StringSerializerTest#test_11_d,FAIL,NO
com.alibaba.json.bvt.serializer.StringSerializerTest#test_12,FAIL,NO
com.alibaba.json.bvt.serializer.StringSerializerTest#test_12_d,FAIL,NO
com.alibaba.json.bvt.serializer.StringSerializerTest#test_13,FAIL,NO
com.alibaba.json.bvt.serializer.StringSerializerTest#test_14,FAIL,NO
com.alibaba.json.bvt.serializer.StringSerializerTest#test_2,FAIL,NO
com.alibaba.json.bvt.serializer.StringSerializerTest#test_2_s,FAIL,NO
com.alibaba.json.bvt.serializer.StringSerializerTest#test_3,FAIL,NO
com.alibaba.json.bvt.serializer.StringSerializerTest#test_4,FAIL,NO
com.alibaba.json.bvt.serializer.StringSerializerTest#test_5,FAIL,NO
com.alibaba.json.bvt.serializer.StringSerializerTest#test_5_d,FAIL,NO
com.alibaba.json.bvt.serializer.StringSerializerTest#test_6,FAIL,NO
com.alibaba.json.bvt.serializer.StringSerializerTest#test_6_d,FAIL,NO
com.alibaba.json.bvt.serializer.StringSerializerTest#test_7,FAIL,NO
com.alibaba.json.bvt.serializer.StringSerializerTest#test_7_d,FAIL,NO
com.alibaba.json.bvt.serializer.StringSerializerTest#test_8,FAIL,NO
com.alibaba.json.bvt.serializer.StringSerializerTest#test_8_s,FAIL,NO
com.alibaba.json.bvt.serializer.StringSerializerTest#test_9,FAIL,NO
com.alibaba.json.bvt.serializer.StringSerializerTest#test_9_d,FAIL,NO
com.alibaba.json.bvt.serializer.TestInnerClass#test_inner,FAIL,NO
com.alibaba.json.bvt.serializer.TestInnerClass1#test_inner,FAIL,NO
com.alibaba.json.bvt.serializer.TestInnerClass2#test_inner,FAIL,NO
com.alibaba.json.bvt.serializer.TestPivateStaticClass#test_inner,FAIL,NO
com.alibaba.json.bvt.serializer.TestSortField#test_0,FAIL,NO
com.alibaba.json.bvt.serializer.TestSpecial#test_0,FAIL,NO
com.alibaba.json.bvt.serializer.TestSpecial2#test_0,FAIL,NO
com.alibaba.json.bvt.serializer.TestSpecial3#test_0,FAIL,NO
com.alibaba.json.bvt.serializer.TestSpecial4#test_0,FAIL,NO
com.alibaba.json.bvt.serializer.TestSpecial5#test_1,FAIL,NO
com.alibaba.json.bvt.serializer.TestSpecial_entity#test_0,FAIL,NO
com.alibaba.json.bvt.serializer.TestSpecial_entity#test_1,FAIL,NO
com.alibaba.json.bvt.serializer.TestSpecial_entity#test_10,FAIL,NO
com.alibaba.json.bvt.serializer.TestSpecial_entity#test_2,FAIL,NO
com.alibaba.json.bvt.serializer.TestSpecial_entity#test_3,FAIL,NO
com.alibaba.json.bvt.serializer.TestSpecial_entity#test_4,FAIL,NO
com.alibaba.json.bvt.serializer.TestSpecial_entity#test_5,FAIL,NO
com.alibaba.json.bvt.serializer.TestSpecial_entity#test_6,FAIL,NO
com.alibaba.json.bvt.serializer.TestSpecial_entity#test_7,FAIL,NO
com.alibaba.json.bvt.serializer.TestSpecial_entity#test_8,FAIL,NO
com.alibaba.json.bvt.serializer.TestSpecial_entity#test_9,FAIL,NO
com.alibaba.json.bvt.serializer.TestSpecial_map#test_0,FAIL,NO
com.alibaba.json.bvt.serializer.TestSpecial_map#test_1,FAIL,NO
com.alibaba.json.bvt.serializer.TestSpecial_map#test_10,FAIL,NO
com.alibaba.json.bvt.serializer.TestSpecial_map#test_2,FAIL,NO
com.alibaba.json.bvt.serializer.TestSpecial_map#test_3,FAIL,NO
com.alibaba.json.bvt.serializer.TestSpecial_map#test_4,FAIL,NO
com.alibaba.json.bvt.serializer.TestSpecial_map#test_5,FAIL,NO
com.alibaba.json.bvt.serializer.TestSpecial_map#test_6,FAIL,NO
com.alibaba.json.bvt.serializer.TestSpecial_map#test_7,FAIL,NO
com.alibaba.json.bvt.serializer.TestSpecial_map#test_8,FAIL,NO
com.alibaba.json.bvt.serializer.TestSpecial_map#test_9,FAIL,NO
com.alibaba.json.bvt.serializer.TimeZoneTest#test_timezone,FAIL,NO
com.alibaba.json.bvt.serializer.TransientTest#test_transient,FAIL,NO
com.alibaba.json.bvt.serializer.TreeSetTest#test_null,FAIL,NO
com.alibaba.json.bvt.serializer.URITest#test_file,FAIL,NO
com.alibaba.json.bvt.serializer.URLTest#test_file,FAIL,NO
com.alibaba.json.bvt.serializer.UUIDTest#test_timezone,FAIL,NO
com.alibaba.json.bvt.serializer.UnicodeTest#test_unicode,FAIL,NO
com.alibaba.json.bvt.serializer.WriteClassNameTest#test_writeClassName,FAIL,NO
com.alibaba.json.bvt.serializer.WriteNullListAsEmptyTest#test_nullList,FAIL,NO
com.alibaba.json.bvt.serializer.WriteSlashAsSpecialTest#test_0,FAIL,NO
com.alibaba.json.bvt.serializer.WriteSlashAsSpecialTest#test_1,FAIL,NO
com.alibaba.json.bvt.serializer.date.DateTest#test_0,PASS,YES
com.alibaba.json.bvt.serializer.date.DateTest#test_1,PASS,YES
com.alibaba.json.bvt.serializer.date.DateTest#test_2,PASS,YES
com.alibaba.json.bvt.serializer.date.DateTest#test_3,PASS,YES
com.alibaba.json.bvt.serializer.date.DateTest#test_4,PASS,YES
com.alibaba.json.bvt.serializer.date.DateTest#test_5,PASS,YES
com.alibaba.json.bvt.serializer.date.DateTest#test_6,PASS,YES
com.alibaba.json.bvt.serializer.date.DateTest#test_7,PASS,YES
com.alibaba.json.bvt.serializer.date.DateTest#test_8,PASS,YES
com.alibaba.json.bvt.serializer.date.DateTest#test_9,PASS,YES
com.alibaba.json.bvt.serializer.date.DateTest2#test_null,FAIL,NO
com.alibaba.json.bvt.serializer.date.DateTest3#test_date,FAIL,NO
com.alibaba.json.bvt.serializer.date.DateTest4_indian#test_date,FAIL,NO
com.alibaba.json.bvt.serializer.date.DateTest5_iso8601#test_date,FAIL,NO
com.alibaba.json.bvt.serializer.date.DateTest_ISO8601_OneLetterISO8601TimeZone#test_date_9,FAIL,NO
com.alibaba.json.bvt.serializer.date.DateTest_ISO8601_ThreeLetterISO8601TimeZone#test_date_9,FAIL,NO
com.alibaba.json.bvt.serializer.date.DateTest_ISO8601_TimeZone#test_date1,PASS,YES
com.alibaba.json.bvt.serializer.date.DateTest_ISO8601_TimeZone#test_date2,PASS,YES
com.alibaba.json.bvt.serializer.date.DateTest_ISO8601_TimeZone#test_date3,PASS,YES
com.alibaba.json.bvt.serializer.date.DateTest_ISO8601_TwoLetterISO8601TimeZone#test_date_9,FAIL,NO
com.alibaba.json.bvt.serializer.date.DateTest_ISO8601_UTCTime#test_date,FAIL,NO
com.alibaba.json.bvt.serializer.enum_.EnumCustomCodecTest#test_for_enum,FAIL,NO
com.alibaba.json.bvt.serializer.enum_.EnumFieldsTest#test_enum,FAIL,NO
com.alibaba.json.bvt.serializer.enum_.EnumFieldsTest2#test_enum,FAIL,NO
com.alibaba.json.bvt.serializer.enum_.EnumFieldsTest3#test_enum,FAIL,NO
com.alibaba.json.bvt.serializer.enum_.EnumFieldsTest4#test_enum,FAIL,NO
com.alibaba.json.bvt.serializer.enum_.EnumFieldsTest5#test_enum,FAIL,NO
com.alibaba.json.bvt.serializer.enum_.EnumFieldsTest6#test_enum,FAIL,NO
com.alibaba.json.bvt.serializer.enum_.EnumFieldsTest7#test_enum,FAIL,NO
com.alibaba.json.bvt.serializer.enum_.EnumFieldsTest8#test_enum,FAIL,NO
com.alibaba.json.bvt.serializer.enum_.EnumOrdinalTest#test_enum_ordinal,FAIL,NO
com.alibaba.json.bvt.serializer.enum_.EnumTest#test_enum,FAIL,NO
com.alibaba.json.bvt.serializer.enum_.EnumTest2#test_enum,PASS,YES
com.alibaba.json.bvt.serializer.enum_.EnumTest2#test_enum_noasm,PASS,YES
com.alibaba.json.bvt.serializer.enum_.EnumUsingToString#test_toString,FAIL,NO
com.alibaba.json.bvt.serializer.enum_.EnumUsingToString_JSONType#test_toString,FAIL,NO
com.alibaba.json.bvt.serializer.exception.ExceptionTest#test_exception,FAIL,NO
com.alibaba.json.bvt.serializer.exception.RuntimeExceptionTest#test_0,FAIL,NO
com.alibaba.json.bvt.serializer.features.JSONDirectTest#test_feature,FAIL,NO
com.alibaba.json.bvt.serializer.features.JSONDirectTest_number#test_feature,FAIL,NO
com.alibaba.json.bvt.serializer.features.JSONDirectTest_private#test_feature,FAIL,NO
com.alibaba.json.bvt.serializer.features.MapSortFieldTest#test_mapSortField,FAIL,NO
com.alibaba.json.bvt.serializer.features.NotWriteDefaultValueFieldTest#test_not_write_default,FAIL,NO
com.alibaba.json.bvt.serializer.features.NotWriteDefaultValueFieldTest2#test_not_write_default,FAIL,NO
com.alibaba.json.bvt.serializer.features.WriteBigDecimalAsPlainTest#test_1,FAIL,NO
com.alibaba.json.bvt.serializer.features.WriteBigDecimalAsPlainTest#test_for_feature,FAIL,NO
com.alibaba.json.bvt.serializer.features.WriteNonStringValueAsStringTestBooleanField#test_0,FAIL,NO
com.alibaba.json.bvt.serializer.features.WriteNonStringValueAsStringTestByteField#test_0,FAIL,NO
com.alibaba.json.bvt.serializer.features.WriteNonStringValueAsStringTestByteField#test_1,FAIL,NO
com.alibaba.json.bvt.serializer.features.WriteNonStringValueAsStringTestByteObjectField#test_0,FAIL,NO
com.alibaba.json.bvt.serializer.features.WriteNonStringValueAsStringTestByteObjectField#test_1,FAIL,NO
com.alibaba.json.bvt.serializer.features.WriteNonStringValueAsStringTestDoubleField#test_0,FAIL,NO
com.alibaba.json.bvt.serializer.features.WriteNonStringValueAsStringTestFloatField#test_0,FAIL,NO
com.alibaba.json.bvt.serializer.features.WriteNonStringValueAsStringTestFloatField2#test_0,FAIL,NO
com.alibaba.json.bvt.serializer.features.WriteNonStringValueAsStringTestIntField#test_0,FAIL,NO
com.alibaba.json.bvt.serializer.features.WriteNonStringValueAsStringTestIntegerField#test_0,FAIL,NO
com.alibaba.json.bvt.serializer.features.WriteNonStringValueAsStringTestIntegerField#test_1,FAIL,NO
com.alibaba.json.bvt.serializer.features.WriteNonStringValueAsStringTestLongField#test_0,FAIL,NO
com.alibaba.json.bvt.serializer.features.WriteNonStringValueAsStringTestMap#test_0,FAIL,NO
com.alibaba.json.bvt.serializer.features.WriteNonStringValueAsStringTestShortField#test_0,FAIL,NO
com.alibaba.json.bvt.serializer.fieldbase.FieldBaseTest0#test_0,FAIL,NO
com.alibaba.json.bvt.serializer.fieldbase.FieldBaseTest1#test_0,FAIL,NO
com.alibaba.json.bvt.serializer.filters.AfterFilterClassLevelTest#test_0,FAIL,NO
com.alibaba.json.bvt.serializer.filters.AfterFilterClassLevelTest_private#test_0,FAIL,NO
com.alibaba.json.bvt.serializer.filters.AfterFilterTest#test_afterFilter,FAIL,NO
com.alibaba.json.bvt.serializer.filters.AfterFilterTest#test_afterFilter2,FAIL,NO
com.alibaba.json.bvt.serializer.filters.AfterFilterTest2#test_afterFilter,FAIL,NO
com.alibaba.json.bvt.serializer.filters.AfterFilterTest2#test_afterFilter2,FAIL,NO
com.alibaba.json.bvt.serializer.filters.AfterFilterTest3#test_afterFilter,FAIL,NO
com.alibaba.json.bvt.serializer.filters.AfterFilterTest3#test_afterFilter2,FAIL,NO
com.alibaba.json.bvt.serializer.filters.AppendableTest#test_stringbufer,FAIL,NO
com.alibaba.json.bvt.serializer.filters.AppendableTest#test_stringwriter,FAIL,NO
com.alibaba.json.bvt.serializer.filters.ArraySerializerTest#test_0,FAIL,NO
com.alibaba.json.bvt.serializer.filters.ArraySerializerTest#test_1,FAIL,NO
com.alibaba.json.bvt.serializer.filters.ArraySerializerTest#test_2,FAIL,NO
com.alibaba.json.bvt.serializer.filters.BeforeFilterClassLevelTest#test_0,FAIL,NO
com.alibaba.json.bvt.serializer.filters.BeforeFilterClassLevelTest_private#test_0,FAIL,NO
com.alibaba.json.bvt.serializer.filters.BeforeFilterTest#test_beforeFilter,FAIL,NO
com.alibaba.json.bvt.serializer.filters.BeforeFilterTest#test_beforeFilter2,FAIL,NO
com.alibaba.json.bvt.serializer.filters.BeforeFilterTest2#test_beforeFilter,FAIL,NO
com.alibaba.json.bvt.serializer.filters.BeforeFilterTest2#test_beforeFilter2,FAIL,NO
com.alibaba.json.bvt.serializer.filters.BeforeFilterTest3#test_beforeFilter,FAIL,NO
com.alibaba.json.bvt.serializer.filters.BeforeFilterTest3#test_beforeFilter2,FAIL,NO
com.alibaba.json.bvt.serializer.filters.ClassLevelFeatureConfigTest#test_0,FAIL,NO
com.alibaba.json.bvt.serializer.filters.ClassLevelFeatureConfigTest2#test_0,FAIL,NO
com.alibaba.json.bvt.serializer.filters.ClassLevelFeatureConfigTest3#test_0,FAIL,NO
com.alibaba.json.bvt.serializer.filters.ClassLevelFeatureConfigTest_private#test_0,FAIL,NO
com.alibaba.json.bvt.serializer.filters.ClassNameFilterTest#test_filter,FAIL,NO
com.alibaba.json.bvt.serializer.filters.ClassNameFilterTest_private#test_filter,FAIL,NO
com.alibaba.json.bvt.serializer.filters.ContextValueClassLevelTest#test_0,FAIL,NO
com.alibaba.json.bvt.serializer.filters.MTopFilterTest#test_0,FAIL,NO
com.alibaba.json.bvt.serializer.filters.NameFilterClassLevelTest#test_0,FAIL,NO
com.alibaba.json.bvt.serializer.filters.NameFilterClassLevelTest_private#test_0,FAIL,NO
com.alibaba.json.bvt.serializer.filters.NameFilterTest#test_namefilter,FAIL,NO
com.alibaba.json.bvt.serializer.filters.NameFilterTest#test_namefilter_1,FAIL,NO
com.alibaba.json.bvt.serializer.filters.NameFilterTest_IntegerKey#test_namefilter,FAIL,NO
com.alibaba.json.bvt.serializer.filters.NameFilterTest_boolean#test_namefilter,FAIL,NO
com.alibaba.json.bvt.serializer.filters.NameFilterTest_boolean#test_namefilter_1,FAIL,NO
com.alibaba.json.bvt.serializer.filters.NameFilterTest_boolean_field#test_namefilter,FAIL,NO
com.alibaba.json.bvt.serializer.filters.NameFilterTest_boolean_field#test_namefilter_1,FAIL,NO
com.alibaba.json.bvt.serializer.filters.NameFilterTest_byte#test_namefilter,FAIL,NO
com.alibaba.json.bvt.serializer.filters.NameFilterTest_byte#test_namefilter_1,FAIL,NO
com.alibaba.json.bvt.serializer.filters.NameFilterTest_byte_field#test_namefilter,FAIL,NO
com.alibaba.json.bvt.serializer.filters.NameFilterTest_byte_field#test_namefilter_1,FAIL,NO
com.alibaba.json.bvt.serializer.filters.NameFilterTest_char#test_namefilter,FAIL,NO
com.alibaba.json.bvt.serializer.filters.NameFilterTest_char#test_namefilter_1,FAIL,NO
com.alibaba.json.bvt.serializer.filters.NameFilterTest_double#test_namefilter,FAIL,NO
com.alibaba.json.bvt.serializer.filters.NameFilterTest_double#test_namefilter_1,FAIL,NO
com.alibaba.json.bvt.serializer.filters.NameFilterTest_double_field#test_namefilter,FAIL,NO
com.alibaba.json.bvt.serializer.filters.NameFilterTest_double_field#test_namefilter_1,FAIL,NO
com.alibaba.json.bvt.serializer.filters.NameFilterTest_float#test_namefilter,FAIL,NO
com.alibaba.json.bvt.serializer.filters.NameFilterTest_float#test_namefilter_1,FAIL,NO
com.alibaba.json.bvt.serializer.filters.NameFilterTest_float_field#test_namefilter,FAIL,NO
com.alibaba.json.bvt.serializer.filters.NameFilterTest_float_field#test_namefilter_1,FAIL,NO
com.alibaba.json.bvt.serializer.filters.NameFilterTest_int#test_namefilter,FAIL,NO
com.alibaba.json.bvt.serializer.filters.NameFilterTest_int#test_namefilter_1,FAIL,NO
com.alibaba.json.bvt.serializer.filters.NameFilterTest_int_field#test_namefilter,FAIL,NO
com.alibaba.json.bvt.serializer.filters.NameFilterTest_int_field#test_namefilter_1,FAIL,NO
com.alibaba.json.bvt.serializer.filters.NameFilterTest_long#test_namefilter,FAIL,NO
com.alibaba.json.bvt.serializer.filters.NameFilterTest_long#test_namefilter_1,FAIL,NO
com.alibaba.json.bvt.serializer.filters.NameFilterTest_long_field#test_namefilter,FAIL,NO
com.alibaba.json.bvt.serializer.filters.NameFilterTest_long_field#test_namefilter_1,FAIL,NO
com.alibaba.json.bvt.serializer.filters.NameFilterTest_short#test_namefilter,FAIL,NO
com.alibaba.json.bvt.serializer.filters.NameFilterTest_short#test_namefilter_1,FAIL,NO
com.alibaba.json.bvt.serializer.filters.NameFilterTest_short_field#test_namefilter,FAIL,NO
com.alibaba.json.bvt.serializer.filters.NameFilterTest_short_field#test_namefilter_1,FAIL,NO
com.alibaba.json.bvt.serializer.filters.PropertyFilterClassLevelTest#test_0,FAIL,NO
com.alibaba.json.bvt.serializer.filters.PropertyFilterClassLevelTest_private#test_0,FAIL,NO
com.alibaba.json.bvt.serializer.filters.PropertyFilterTest#test_0,FAIL,NO
com.alibaba.json.bvt.serializer.filters.PropertyFilterTest#test_1,FAIL,NO
com.alibaba.json.bvt.serializer.filters.PropertyFilterTest#test_2,FAIL,NO
com.alibaba.json.bvt.serializer.filters.PropertyFilterTest#test_3,FAIL,NO
com.alibaba.json.bvt.serializer.filters.PropertyFilterTest#test_4,FAIL,NO
com.alibaba.json.bvt.serializer.filters.PropertyFilterTest#test_toJSONString,FAIL,NO
com.alibaba.json.bvt.serializer.filters.PropertyFilterTest2#test_0,FAIL,NO
com.alibaba.json.bvt.serializer.filters.PropertyFilter_bool_field#test_0,FAIL,NO
com.alibaba.json.bvt.serializer.filters.PropertyFilter_bool_field#test_1,FAIL,NO
com.alibaba.json.bvt.serializer.filters.PropertyFilter_bool_field#test_2,FAIL,NO
com.alibaba.json.bvt.serializer.filters.PropertyFilter_bool_field#test_3,FAIL,NO
com.alibaba.json.bvt.serializer.filters.PropertyFilter_bool_field#test_4,FAIL,NO
com.alibaba.json.bvt.serializer.filters.PropertyFilter_byte#test_0,FAIL,NO
com.alibaba.json.bvt.serializer.filters.PropertyFilter_byte#test_1,FAIL,NO
com.alibaba.json.bvt.serializer.filters.PropertyFilter_byte#test_2,FAIL,NO
com.alibaba.json.bvt.serializer.filters.PropertyFilter_byte#test_3,FAIL,NO
com.alibaba.json.bvt.serializer.filters.PropertyFilter_byte#test_4,FAIL,NO
com.alibaba.json.bvt.serializer.filters.PropertyFilter_char#test_0,FAIL,NO
com.alibaba.json.bvt.serializer.filters.PropertyFilter_char#test_1,FAIL,NO
com.alibaba.json.bvt.serializer.filters.PropertyFilter_char#test_2,FAIL,NO
com.alibaba.json.bvt.serializer.filters.PropertyFilter_char#test_3,FAIL,NO
com.alibaba.json.bvt.serializer.filters.PropertyFilter_char#test_4,FAIL,NO
com.alibaba.json.bvt.serializer.filters.PropertyFilter_double#test_0,FAIL,NO
com.alibaba.json.bvt.serializer.filters.PropertyFilter_double#test_1,FAIL,NO
com.alibaba.json.bvt.serializer.filters.PropertyFilter_double#test_2,FAIL,NO
com.alibaba.json.bvt.serializer.filters.PropertyFilter_double#test_3,FAIL,NO
com.alibaba.json.bvt.serializer.filters.PropertyFilter_double#test_4,FAIL,NO
com.alibaba.json.bvt.serializer.filters.PropertyFilter_float#test_0,FAIL,NO
com.alibaba.json.bvt.serializer.filters.PropertyFilter_float#test_1,FAIL,NO
com.alibaba.json.bvt.serializer.filters.PropertyFilter_float#test_2,FAIL,NO
com.alibaba.json.bvt.serializer.filters.PropertyFilter_float#test_3,FAIL,NO
com.alibaba.json.bvt.serializer.filters.PropertyFilter_float#test_4,FAIL,NO
com.alibaba.json.bvt.serializer.filters.PropertyFilter_int_field#test_0,FAIL,NO
com.alibaba.json.bvt.serializer.filters.PropertyFilter_int_field#test_1,FAIL,NO
com.alibaba.json.bvt.serializer.filters.PropertyFilter_int_field#test_2,FAIL,NO
com.alibaba.json.bvt.serializer.filters.PropertyFilter_int_field#test_3,FAIL,NO
com.alibaba.json.bvt.serializer.filters.PropertyFilter_int_field#test_4,FAIL,NO
com.alibaba.json.bvt.serializer.filters.PropertyFilter_long#test_0,FAIL,NO
com.alibaba.json.bvt.serializer.filters.PropertyFilter_long#test_1,FAIL,NO
com.alibaba.json.bvt.serializer.filters.PropertyFilter_long#test_2,FAIL,NO
com.alibaba.json.bvt.serializer.filters.PropertyFilter_long#test_3,FAIL,NO
com.alibaba.json.bvt.serializer.filters.PropertyFilter_long#test_4,FAIL,NO
com.alibaba.json.bvt.serializer.filters.PropertyFilter_long_field#test_0,FAIL,NO
com.alibaba.json.bvt.serializer.filters.PropertyFilter_long_field#test_1,FAIL,NO
com.alibaba.json.bvt.serializer.filters.PropertyFilter_long_field#test_2,FAIL,NO
com.alibaba.json.bvt.serializer.filters.PropertyFilter_long_field#test_3,FAIL,NO
com.alibaba.json.bvt.serializer.filters.PropertyFilter_long_field#test_4,FAIL,NO
com.alibaba.json.bvt.serializer.filters.PropertyFilter_short#test_0,FAIL,NO
com.alibaba.json.bvt.serializer.filters.PropertyFilter_short#test_1,FAIL,NO
com.alibaba.json.bvt.serializer.filters.PropertyFilter_short#test_2,FAIL,NO
com.alibaba.json.bvt.serializer.filters.PropertyFilter_short#test_3,FAIL,NO
com.alibaba.json.bvt.serializer.filters.PropertyFilter_short#test_4,FAIL,NO
com.alibaba.json.bvt.serializer.filters.PropertyPathTest#test_path,FAIL,NO
com.alibaba.json.bvt.serializer.filters.PropertyPathTest2#test_path,FAIL,NO
com.alibaba.json.bvt.serializer.filters.PropertyPathTest3#test_path,FAIL,NO
com.alibaba.json.bvt.serializer.filters.PropertyPathTest3#test_path2,FAIL,NO
com.alibaba.json.bvt.serializer.filters.PropertyPreFilterClassLevelTest#test_0,FAIL,NO
com.alibaba.json.bvt.serializer.filters.PropertyPreFilterClassLevelTest_private#test_0,FAIL,NO
com.alibaba.json.bvt.serializer.filters.PropertyPrefFilterTest_IntegerKey#test_namefilter,FAIL,NO
com.alibaba.json.bvt.serializer.filters.ValueClassLevelTest#test_0,FAIL,NO
com.alibaba.json.bvt.serializer.filters.ValueClassLevelTest_private#test_0,FAIL,NO
com.alibaba.json.bvt.serializer.filters.ValueFilterTest#test_toJSONString,FAIL,NO
com.alibaba.json.bvt.serializer.filters.ValueFilterTest#test_valuefilter,FAIL,NO
com.alibaba.json.bvt.serializer.filters.ValueFilterTest#test_valuefilter_1,FAIL,NO
com.alibaba.json.bvt.serializer.filters.ValueFilterTest#test_valuefilter_2,FAIL,NO
com.alibaba.json.bvt.serializer.filters.ValueFilterTest#test_valuefilter_3,FAIL,NO
com.alibaba.json.bvt.serializer.filters.ValueFilterTest_IntegerKey#test_namefilter,FAIL,NO
com.alibaba.json.bvt.serializer.filters.ValueFilterTest_field#test_toJSONString,FAIL,NO
com.alibaba.json.bvt.serializer.filters.ValueFilterTest_field#test_valuefilter,FAIL,NO
com.alibaba.json.bvt.serializer.filters.ValueFilterTest_field#test_valuefilter_1,FAIL,NO
com.alibaba.json.bvt.serializer.filters.ValueFilterTest_field#test_valuefilter_2,FAIL,NO
com.alibaba.json.bvt.serializer.filters.ValueFilterTest_field#test_valuefilter_3,FAIL,NO
com.alibaba.json.bvt.serializer.filters.ValueFilterTest_field_boolean#test_toJSONString,FAIL,NO
com.alibaba.json.bvt.serializer.filters.ValueFilterTest_field_boolean#test_valuefilter,FAIL,NO
com.alibaba.json.bvt.serializer.filters.ValueFilterTest_field_boolean#test_valuefilter_1,FAIL,NO
com.alibaba.json.bvt.serializer.filters.ValueFilterTest_field_boolean#test_valuefilter_2,FAIL,NO
com.alibaba.json.bvt.serializer.filters.ValueFilterTest_field_boolean#test_valuefilter_3,FAIL,NO
com.alibaba.json.bvt.serializer.filters.ValueFilterTest_field_int#test_valuefilter,FAIL,NO
com.alibaba.json.bvt.serializer.filters.ValueFilterTest_field_long#test_toJSONString,FAIL,NO
com.alibaba.json.bvt.serializer.filters.ValueFilterTest_field_long#test_valuefilter,FAIL,NO
com.alibaba.json.bvt.serializer.filters.ValueFilterTest_field_long#test_valuefilter_1,FAIL,NO
com.alibaba.json.bvt.serializer.filters.ValueFilterTest_field_long#test_valuefilter_2,FAIL,NO
com.alibaba.json.bvt.serializer.filters.ValueFilterTest_field_long#test_valuefilter_3,FAIL,NO
com.alibaba.json.bvt.serializer.label.LabelIncludeTest#test_includes,FAIL,NO
com.alibaba.json.bvt.serializer.label.LabelIncludeTest2#test_includes,FAIL,NO
com.alibaba.json.bvt.serializer.label.LabelIncludeTest3#test_excludes,FAIL,NO
com.alibaba.json.bvt.serializer.label.LabelIncludeTest3#test_includes,FAIL,NO
com.alibaba.json.bvt.serializer.prettyFormat.ArrayListFieldTest#test_prettyFormat,FAIL,NO
com.alibaba.json.bvt.serializer.prettyFormat.ArrayListTest#test_array,FAIL,NO
com.alibaba.json.bvt.serializer.stream.StreamWriterTest_writeArray#test_0,FAIL,NO
com.alibaba.json.bvt.serializer.stream.StreamWriterTest_writeArray2#test_0,FAIL,NO
com.alibaba.json.bvt.serializer.stream.StreamWriterTest_writeBytes#test_0,FAIL,NO
com.alibaba.json.bvt.serializer.stream.StreamWriterTest_writeBytes1#test_0,FAIL,NO
com.alibaba.json.bvt.serializer.stream.StreamWriterTest_writeChar#test_0,FAIL,NO
com.alibaba.json.bvt.serializer.stream.StreamWriterTest_writeChar1#test_0,FAIL,NO
com.alibaba.json.bvt.serializer.stream.StreamWriterTest_writeFieldValue#test_0,FAIL,NO
com.alibaba.json.bvt.serializer.stream.StreamWriterTest_writeFieldValue_bool#test_0,FAIL,NO
com.alibaba.json.bvt.serializer.stream.StreamWriterTest_writeFieldValue_int#test_0,FAIL,NO
com.alibaba.json.bvt.serializer.stream.StreamWriterTest_writeFieldValue_int_1#test_0,FAIL,NO
com.alibaba.json.bvt.serializer.stream.StreamWriterTest_writeFieldValue_long#test_0,FAIL,NO
com.alibaba.json.bvt.serializer.stream.StreamWriterTest_writeFieldValue_string#test_0,FAIL,NO
com.alibaba.json.bvt.serializer.stream.StreamWriterTest_writeFieldValue_string_singQuote#test_0,FAIL,NO
com.alibaba.json.bvt.serializer.stream.StreamWriterTest_writeInt#test_0,FAIL,NO
com.alibaba.json.bvt.serializer.stream.StreamWriterTest_writeIntAndChar#test_0,FAIL,NO
com.alibaba.json.bvt.serializer.stream.StreamWriterTest_writeJSONStringTo#test_0,FAIL,NO
com.alibaba.json.bvt.serializer.stream.StreamWriterTest_writeLong#test_0,FAIL,NO
com.alibaba.json.bvt.serializer.stream.StreamWriterTest_writeLongAndChar#test_0,FAIL,NO
com.alibaba.json.bvt.serializer.stream.StreamWriterTest_writeString#test_0,FAIL,NO
com.alibaba.json.bvt.serializer.stream.StreamWriterTest_writeString1#test_0,FAIL,NO
com.alibaba.json.bvt.serializer.stream.StreamWriterTest_writeValueString#test_0,FAIL,NO
com.alibaba.json.bvt.serializer.stream.StreamWriterTest_writeValueString1#test_0,FAIL,NO
com.alibaba.json.bvt.serializer.stream.StreamWriterTest_writeValueString2#test_0,FAIL,NO
com.alibaba.json.bvt.serializer.writeJSONStringToTest#test_writeJSONStringTo,FAIL,NO
com.alibaba.json.bvt.stream.JSONWriterTest#test_0,FAIL,NO
com.alibaba.json.bvt.stream.JSONWriterTest#test_1,FAIL,NO
com.alibaba.json.bvt.stream.JSONWriterTest#test_2,FAIL,NO
com.alibaba.json.bvt.stream.JSONWriterTest#test_3,FAIL,NO
com.alibaba.json.bvt.stream.JSONWriterTest#test_4,FAIL,NO
com.alibaba.json.bvt.stream.JSONWriterTest_0#test_writer,FAIL,NO
com.alibaba.json.bvt.stream.JSONWriterTest_1#test_writer,FAIL,NO
com.alibaba.json.bvt.stream.JSONWriterTest_2#test_writer,FAIL,NO
com.alibaba.json.bvt.stream.JSONWriterTest_3#test_writer,FAIL,NO
com.alibaba.json.bvt.stream.JSONWriterTest_4#test_writer,FAIL,NO
com.alibaba.json.bvt.stream.JSONWriterTest_5#test_writer,FAIL,NO
com.alibaba.json.bvt.stream.JSONWriterTest_6#test_writer,FAIL,NO
com.alibaba.json.bvt.stream.JSONWriterTest_error#test_writer,FAIL,NO
com.alibaba.json.bvt.stream.LargeTest#test_0,FAIL,NO
com.alibaba.json.bvt.support.FastJsonConfigTest#test_0,FAIL,NO
com.alibaba.json.bvt.support.hsf.HSFJSONUtilsTest_0#test_invoke,FAIL,NO
com.alibaba.json.bvt.support.hsf.HSFJSONUtilsTest_0#test_invoke_1,FAIL,NO
com.alibaba.json.bvt.support.hsf.HSFJSONUtilsTest_0#test_invoke_array,FAIL,NO
com.alibaba.json.bvt.support.hsf.HSFJSONUtilsTest_0#test_invoke_list,FAIL,NO
com.alibaba.json.bvt.support.hsf.HSFJSONUtilsTest_0#test_invoke_list_f4,FAIL,NO
com.alibaba.json.bvt.support.hsf.HSFJSONUtilsTest_0#test_invoke_list_f5,FAIL,NO
com.alibaba.json.bvt.support.hsf.HSFJSONUtilsTest_0#test_invoke_null,FAIL,NO
com.alibaba.json.bvt.support.hsf.HSFJSONUtilsTest_1#test_invoke,FAIL,NO
com.alibaba.json.bvt.support.hsf.HSFJSONUtilsTest_1#test_invoke_array,FAIL,NO
com.alibaba.json.bvt.support.hsf.HSFJSONUtilsTest_1#test_invoke_array_2,FAIL,NO
com.alibaba.json.bvt.support.hsf.HSFJSONUtilsTest_1#test_invoke_array_3,FAIL,NO
com.alibaba.json.bvt.support.hsf.HSFJSONUtilsTest_1#test_invoke_int,FAIL,NO
com.alibaba.json.bvt.support.hsf.HSFJSONUtilsTest_1#test_invoke_int_2,FAIL,NO
com.alibaba.json.bvt.support.hsf.HSFJSONUtilsTest_1#test_invoke_int_obj,FAIL,NO
com.alibaba.json.bvt.support.hsf.HSFJSONUtilsTest_1#test_invoke_int_obj_2,FAIL,NO
com.alibaba.json.bvt.support.hsf.HSFJSONUtilsTest_1#test_invoke_int_obj_reverse,FAIL,NO
com.alibaba.json.bvt.support.hsf.HSFJSONUtilsTest_1#test_invoke_reverse,FAIL,NO
com.alibaba.json.bvt.support.hsf.HSFJSONUtilsTest_1#test_invoke_reverse_array,FAIL,NO
com.alibaba.json.bvt.support.hsf.HSFJSONUtilsTest_1#test_invoke_reverse_list,FAIL,NO
com.alibaba.json.bvt.support.hsf.HSFJSONUtilsTest_1#test_invoke_type,FAIL,NO
com.alibaba.json.bvt.support.hsf.HSFJSONUtilsTest_2#test_for_hsf,FAIL,NO
com.alibaba.json.bvt.support.hsf.HSFJSONUtilsTest_3#test_for_hsf,FAIL,NO
com.alibaba.json.bvt.support.hsf.HSFJSONUtilsTest_3#test_for_hsf_1,FAIL,NO
com.alibaba.json.bvt.support.hsf.HSFJSONUtilsTest_3#test_for_hsf_2,FAIL,NO
com.alibaba.json.bvt.support.hsf.HSFJSONUtilsTest_4#test_for_hsf,FAIL,NO
com.alibaba.json.bvt.support.jaxrs.FastJsonProviderTest#test_1,FAIL,NO
com.alibaba.json.bvt.support.oracle.TestOracleDATE#test_0,FAIL,NO
com.alibaba.json.bvt.support.oracle.TestOracleTIMESTAMP#test_0,FAIL,NO
com.alibaba.json.bvt.support.spring.FastJsonHttpMessageConverter4Test#test_1,FAIL,NO
com.alibaba.json.bvt.support.spring.FastJsonHttpMessageConverterTest#test_1,FAIL,NO
com.alibaba.json.bvt.support.spring.FastJsonHttpMessageConverterTest#test_read,FAIL,NO
com.alibaba.json.bvt.support.spring.FastJsonJsonViewTest#test_0,FAIL,NO
com.alibaba.json.bvt.support.spring.FastJsonJsonViewTest#test_1,FAIL,NO
com.alibaba.json.bvt.support.spring.FastJsonJsonViewTest#test_jsonp,FAIL,NO
com.alibaba.json.bvt.support.spring.FastJsonJsonViewTest#test_jsonp_invalidParam,FAIL,NO
com.alibaba.json.bvt.support.spring.FastJsonpHttpMessageConverter4Test#test_1,FAIL,NO
com.alibaba.json.bvt.support.spring.FastJsonpHttpMessageConverter4Test#test_2,FAIL,NO
com.alibaba.json.bvt.support.spring.FastjsonSockJsMessageCodecTest_encode#test_encode,FAIL,NO
com.alibaba.json.bvt.support.spring.data.PageToJSONTest#test_page,FAIL,NO
com.alibaba.json.bvt.support.spring.messaging.MappingFastJsonMessageConverterTest#test_1,FAIL,NO
com.alibaba.json.bvt.support.spring.security.DefaultOAuth2AccessTokenTest#test_0,FAIL,NO
com.alibaba.json.bvt.support.spring.security.DefaultSavedRequestTest#test_0,FAIL,NO
com.alibaba.json.bvt.support.spring.security.DefaultSavedRequestTest#test_PreAuthenticatedAuthenticationToken,FAIL,NO
com.alibaba.json.bvt.support.spring.security.DefaultSavedRequestTest#test_SecurityContextImpl,FAIL,NO
com.alibaba.json.bvt.support.spring.security.DefaultSavedRequestTest#test_SecurityContextImpl_x,FAIL,NO
com.alibaba.json.bvt.support.spring.security.DefaultSavedRequestTest#test_SimpleGrantedAuthority,FAIL,NO
com.alibaba.json.bvt.support.spring.security.DefaultSavedRequestTest#test_User,FAIL,NO
com.alibaba.json.bvt.support.spring.security.DefaultSavedRequestTest#test_UsernamePasswordAuthenticationToken,FAIL,NO
com.alibaba.json.bvt.support.spring.security.DefaultSavedRequestTest#test_WebAuthenticationDetails,FAIL,NO
com.alibaba.json.bvt.support.spring.security.DefaultSavedRequestTest#test_cookie,FAIL,NO
com.alibaba.json.bvt.support.spring.security.DefaultSavedRequestTest#test_for_issue,FAIL,NO
com.alibaba.json.bvt.support.spring.security.DefaultSavedRequestTest#test_http_cookie,FAIL,NO
com.alibaba.json.bvt.support.springfox.JsonValueTest#test_0,FAIL,NO
com.alibaba.json.bvt.taobao.ItemUpdateDOTest#test_1,FAIL,NO
com.alibaba.json.bvt.taobao.MTopTest#test_for_mtop,FAIL,NO
com.alibaba.json.bvt.taobao.TradeTest#test_cast,FAIL,NO
com.alibaba.json.bvt.typeRef.TypeReferenceTest#test_0,FAIL,NO
com.alibaba.json.bvt.typeRef.TypeReferenceTest10#test_same,FAIL,NO
com.alibaba.json.bvt.typeRef.TypeReferenceTest11#test_same,FAIL,NO
com.alibaba.json.bvt.typeRef.TypeReferenceTest12#test_same,FAIL,NO
com.alibaba.json.bvt.typeRef.TypeReferenceTest13#test_typeRef,FAIL,NO
com.alibaba.json.bvt.typeRef.TypeReferenceTest2#test_0,FAIL,NO
com.alibaba.json.bvt.typeRef.TypeReferenceTest3#test_0,FAIL,NO
com.alibaba.json.bvt.typeRef.TypeReferenceTest4#test_typeRef,FAIL,NO
com.alibaba.json.bvt.typeRef.TypeReferenceTest5#test_typeRef,FAIL,NO
com.alibaba.json.bvt.typeRef.TypeReferenceTest6#test_typeRef,FAIL,NO
com.alibaba.json.bvt.typeRef.TypeReferenceTest7#test_typeRef,FAIL,NO
com.alibaba.json.bvt.typeRef.TypeReferenceTest8#test_typeRef,FAIL,NO
com.alibaba.json.bvt.typeRef.TypeReferenceTest9#test_typeRef,FAIL,NO
com.alibaba.json.bvt.util.AntiCollisionHashMapTest#test_0,FAIL,NO
com.alibaba.json.bvt.util.Base64Test#test_base64,FAIL,NO
com.alibaba.json.bvt.util.FieldInfoTest#test_null,FAIL,NO
com.alibaba.json.bvt.util.GenericFieldInfoTest#test_generic,FAIL,NO
com.alibaba.json.bvt.util.GenericFieldInfoTest#test_generic_1,FAIL,NO
com.alibaba.json.bvt.util.GenericFieldInfoTest2#test_generic,FAIL,NO
com.alibaba.json.bvt.util.IOUtilsTest#test_readAll,FAIL,NO
com.alibaba.json.bvt.util.JSONASMUtilTest#test_0,FAIL,NO
com.alibaba.json.bvt.util.JSONASMUtilTest#test_1,FAIL,NO
com.alibaba.json.bvt.util.JSONASMUtilTest#test_2,FAIL,NO
com.alibaba.json.bvt.util.JavaBeanInfoTest#test_0,FAIL,NO
com.alibaba.json.bvt.util.RyuDoubleTest#test_0,FAIL,NO
com.alibaba.json.bvt.util.RyuDoubleTest#test_1,FAIL,NO
com.alibaba.json.bvt.util.RyuDoubleTest#test_2,FAIL,NO
com.alibaba.json.bvt.util.RyuDoubleTest#test_for_ryu,FAIL,NO
com.alibaba.json.bvt.util.RyuFloatTest#test_0,FAIL,NO
com.alibaba.json.bvt.util.RyuFloatTest#test_for_ryu,FAIL,NO
com.alibaba.json.bvt.util.ThreadLocalCacheTest#test,FAIL,NO
com.alibaba.json.bvt.util.ThreadLocalCacheTest#testBytes,FAIL,NO
com.alibaba.json.bvt.util.ThreadLocalCacheTest#test_bytes,FAIL,NO
com.alibaba.json.bvt.util.ThreadLocalCacheTest#test_chars,FAIL,NO
com.alibaba.json.bvt.util.TypeUtilsCastLinkedHashMap#test_for_cast,FAIL,NO
com.alibaba.json.bvt.util.TypeUtilsTest#test_0,FAIL,NO
com.alibaba.json.bvt.util.TypeUtilsTest#test_1,FAIL,NO
com.alibaba.json.bvt.util.TypeUtilsTest#test_2,FAIL,NO
com.alibaba.json.bvt.util.TypeUtilsTest#test_3,FAIL,NO
com.alibaba.json.bvt.util.UTF8DecoderTest#test_0,FAIL,NO
com.alibaba.json.bvt.util.UTF8DecoderTest#test_1,FAIL,NO
com.alibaba.json.bvt.util.UTF8DecoderTest#test_2,FAIL,NO
com.alibaba.json.bvt.util.UTF8DecoderTest#test_3,FAIL,NO
com.alibaba.json.bvt.util.UTF8DecoderTest#test_4,FAIL,NO
com.alibaba.json.bvt.value.LongValueTest#test_value,FAIL,NO
com.alibaba.json.bvt.value.LongValueTest#test_value_1,FAIL,NO
com.alibaba.json.bvt.value.LongValueTest#test_value_2,FAIL,NO
com.alibaba.json.bvt.writeAsArray.WriteAsArray_0_private#test_0,FAIL,NO
com.alibaba.json.bvt.writeAsArray.WriteAsArray_0_public#test_0,FAIL,NO
com.alibaba.json.bvt.writeAsArray.WriteAsArray_Eishay#test_0,FAIL,NO
com.alibaba.json.bvt.writeAsArray.WriteAsArray_Eishay_Image#test_0,FAIL,NO
com.alibaba.json.bvt.writeAsArray.WriteAsArray_Eishay_Media#test_0,FAIL,NO
com.alibaba.json.bvt.writeAsArray.WriteAsArray_Object#test_0,FAIL,NO
com.alibaba.json.bvt.writeAsArray.WriteAsArray_Object_2_public#test_0,FAIL,NO
com.alibaba.json.bvt.writeAsArray.WriteAsArray_Object_public#test_0,FAIL,NO
com.alibaba.json.bvt.writeAsArray.WriteAsArray_boolean_public#test_0,FAIL,NO
com.alibaba.json.bvt.writeAsArray.WriteAsArray_byte_public#test_0,FAIL,NO
com.alibaba.json.bvt.writeAsArray.WriteAsArray_char_public#test_0,FAIL,NO
com.alibaba.json.bvt.writeAsArray.WriteAsArray_double_private#test_0,FAIL,NO
com.alibaba.json.bvt.writeAsArray.WriteAsArray_double_private#test_error,FAIL,NO
com.alibaba.json.bvt.writeAsArray.WriteAsArray_double_private#test_error1,FAIL,NO
com.alibaba.json.bvt.writeAsArray.WriteAsArray_double_private#test_error2,FAIL,NO
com.alibaba.json.bvt.writeAsArray.WriteAsArray_double_public#test_0,FAIL,NO
com.alibaba.json.bvt.writeAsArray.WriteAsArray_double_public#test_error,FAIL,NO
com.alibaba.json.bvt.writeAsArray.WriteAsArray_double_public#test_error1,FAIL,NO
com.alibaba.json.bvt.writeAsArray.WriteAsArray_double_public#test_error2,FAIL,NO
com.alibaba.json.bvt.writeAsArray.WriteAsArray_enum_public#test_0,FAIL,NO
com.alibaba.json.bvt.writeAsArray.WriteAsArray_float2_private#test_0,FAIL,NO
com.alibaba.json.bvt.writeAsArray.WriteAsArray_float2_private#test_error,FAIL,NO
com.alibaba.json.bvt.writeAsArray.WriteAsArray_float2_private#test_error1,FAIL,NO
com.alibaba.json.bvt.writeAsArray.WriteAsArray_float2_private#test_error2,FAIL,NO
com.alibaba.json.bvt.writeAsArray.WriteAsArray_float2_public#test_0,FAIL,NO
com.alibaba.json.bvt.writeAsArray.WriteAsArray_float2_public#test_error,FAIL,NO
com.alibaba.json.bvt.writeAsArray.WriteAsArray_float2_public#test_error1,FAIL,NO
com.alibaba.json.bvt.writeAsArray.WriteAsArray_float2_public#test_error2,FAIL,NO
com.alibaba.json.bvt.writeAsArray.WriteAsArray_float_public#test_0,FAIL,NO
com.alibaba.json.bvt.writeAsArray.WriteAsArray_int_public#test_0,FAIL,NO
com.alibaba.json.bvt.writeAsArray.WriteAsArray_int_public#test_1,FAIL,NO
com.alibaba.json.bvt.writeAsArray.WriteAsArray_int_public#test_1_stream,FAIL,NO
com.alibaba.json.bvt.writeAsArray.WriteAsArray_int_public#test_2,FAIL,NO
com.alibaba.json.bvt.writeAsArray.WriteAsArray_int_public#test_2_stream,FAIL,NO
com.alibaba.json.bvt.writeAsArray.WriteAsArray_int_public#test_error,FAIL,NO
com.alibaba.json.bvt.writeAsArray.WriteAsArray_int_public#test_error_1,FAIL,NO
com.alibaba.json.bvt.writeAsArray.WriteAsArray_int_public#test_error_2,FAIL,NO
com.alibaba.json.bvt.writeAsArray.WriteAsArray_int_public#test_error_overflow,FAIL,NO
com.alibaba.json.bvt.writeAsArray.WriteAsArray_int_public#test_error_overflow_stream,FAIL,NO
com.alibaba.json.bvt.writeAsArray.WriteAsArray_int_public#test_error_stream,FAIL,NO
com.alibaba.json.bvt.writeAsArray.WriteAsArray_int_public#test_error_stream_1,FAIL,NO
com.alibaba.json.bvt.writeAsArray.WriteAsArray_int_public#test_error_stream_2,FAIL,NO
com.alibaba.json.bvt.writeAsArray.WriteAsArray_int_public#test_error_value_notmatch,FAIL,NO
com.alibaba.json.bvt.writeAsArray.WriteAsArray_int_public#test_error_value_notmatch_2,FAIL,NO
com.alibaba.json.bvt.writeAsArray.WriteAsArray_int_public#test_error_value_notmatch_2_stream,FAIL,NO
com.alibaba.json.bvt.writeAsArray.WriteAsArray_int_public#test_error_value_notmatch_stream,FAIL,NO
com.alibaba.json.bvt.writeAsArray.WriteAsArray_jsonType#test_0,FAIL,NO
com.alibaba.json.bvt.writeAsArray.WriteAsArray_list_obj_first_public#test_0,FAIL,NO
com.alibaba.json.bvt.writeAsArray.WriteAsArray_list_obj_public#test_0,FAIL,NO
com.alibaba.json.bvt.writeAsArray.WriteAsArray_list_public#test_0,FAIL,NO
com.alibaba.json.bvt.writeAsArray.WriteAsArray_long_private#test_0,FAIL,NO
com.alibaba.json.bvt.writeAsArray.WriteAsArray_long_public#test_0,FAIL,NO
com.alibaba.json.bvt.writeAsArray.WriteAsArray_long_public#test_1,FAIL,NO
com.alibaba.json.bvt.writeAsArray.WriteAsArray_long_public#test_1_stream,FAIL,NO
com.alibaba.json.bvt.writeAsArray.WriteAsArray_long_public#test_2,FAIL,NO
com.alibaba.json.bvt.writeAsArray.WriteAsArray_long_public#test_2_stream,FAIL,NO
com.alibaba.json.bvt.writeAsArray.WriteAsArray_long_public#test_error,FAIL,NO
com.alibaba.json.bvt.writeAsArray.WriteAsArray_long_public#test_error_1,FAIL,NO
com.alibaba.json.bvt.writeAsArray.WriteAsArray_long_public#test_error_2,FAIL,NO
com.alibaba.json.bvt.writeAsArray.WriteAsArray_long_public#test_error_overflow,FAIL,NO
com.alibaba.json.bvt.writeAsArray.WriteAsArray_long_public#test_error_overflow_stream,FAIL,NO
com.alibaba.json.bvt.writeAsArray.WriteAsArray_long_public#test_error_stream,FAIL,NO
com.alibaba.json.bvt.writeAsArray.WriteAsArray_long_public#test_error_stream_1,FAIL,NO
com.alibaba.json.bvt.writeAsArray.WriteAsArray_long_public#test_error_stream_2,FAIL,NO
com.alibaba.json.bvt.writeAsArray.WriteAsArray_long_public#test_error_value_notmatch,FAIL,NO
com.alibaba.json.bvt.writeAsArray.WriteAsArray_long_public#test_error_value_notmatch_2,FAIL,NO
com.alibaba.json.bvt.writeAsArray.WriteAsArray_long_public#test_error_value_notmatch_2_stream,FAIL,NO
com.alibaba.json.bvt.writeAsArray.WriteAsArray_long_public#test_error_value_notmatch_stream,FAIL,NO
com.alibaba.json.bvt.writeAsArray.WriteAsArray_long_stream_public#test_0,FAIL,NO
com.alibaba.json.bvt.writeAsArray.WriteAsArray_short_public#test_0,FAIL,NO
com.alibaba.json.bvt.writeAsArray.WriteAsArray_string#test_0,FAIL,NO
com.alibaba.json.bvt.writeAsArray.WriteAsArray_string#test_1,FAIL,NO
com.alibaba.json.bvt.writeAsArray.WriteAsArray_string#test_error_0,FAIL,NO
com.alibaba.json.bvt.writeAsArray.WriteAsArray_string#test_error_1,FAIL,NO
com.alibaba.json.bvt.writeAsArray.WriteAsArray_string#test_error_2,FAIL,NO
com.alibaba.json.bvt.writeAsArray.WriteAsArray_string#test_error_3,FAIL,NO
com.alibaba.json.bvt.writeAsArray.WriteAsArray_string#test_error_4,FAIL,NO
com.alibaba.json.bvt.writeAsArray.WriteAsArray_string#test_error_5,FAIL,NO
com.alibaba.json.bvt.writeAsArray.WriteAsArray_string_special#test_0,FAIL,NO
com.alibaba.json.bvt.writeAsArray.WriteAsArray_string_special#test_1,FAIL,NO
com.alibaba.json.bvt.writeAsArray.WriteAsArray_string_special_2#test_0,FAIL,NO
com.alibaba.json.bvt.writeAsArray.WriteAsArray_string_special_2#test_error,FAIL,NO
com.alibaba.json.bvt.writeAsArray.WriteAsArray_string_special_Reader#test_0,FAIL,NO
com.alibaba.json.bvt.writeAsArray.WriteAsArray_string_special_Reader#test_1,FAIL,NO
com.alibaba.json.bvt.writeClassName.MapTest#test_map,FAIL,NO
com.alibaba.json.bvt.writeClassName.MapTest#test_map_2,FAIL,NO
com.alibaba.json.bvt.writeClassName.StrictAutoTypeTest_0#test_0,FAIL,NO
com.alibaba.json.bvt.writeClassName.StrictAutoTypeTest_0#test_1,FAIL,NO
com.alibaba.json.bvt.writeClassName.StrictAutoTypeTest_0#test_2,FAIL,NO
com.alibaba.json.bvt.writeClassName.StrictAutoTypeTest_0#test_3,FAIL,NO
com.alibaba.json.bvt.writeClassName.WriteClassNameTest#test_list,FAIL,NO
com.alibaba.json.bvt.writeClassName.WriteClassNameTest2#test_writeClassName,FAIL,NO
com.alibaba.json.bvt.writeClassName.WriteClassNameTest3#test_list,FAIL,NO
com.alibaba.json.bvt.writeClassName.WriteClassNameTest5#test_for_writeClassName,FAIL,NO
com.alibaba.json.bvt.writeClassName.WriteClassNameTest5#test_for_writeClassName_no,FAIL,NO
com.alibaba.json.bvt.writeClassName.WriteClassNameTest6#test_for_writeClassName,FAIL,NO
com.alibaba.json.bvt.writeClassName.WriteClassNameTest6#test_for_writeClassName_1,FAIL,NO
com.alibaba.json.bvt.writeClassName.WriteClassNameTest_Collection#test_list,FAIL,NO
com.alibaba.json.bvt.writeClassName.WriteClassNameTest_Collection2#test_list,FAIL,NO
com.alibaba.json.bvt.writeClassName.WriteClassNameTest_List#test_list,FAIL,NO
com.alibaba.json.bvt.writeClassName.WriteClassNameTest_List2#test_list,FAIL,NO
com.alibaba.json.bvt.writeClassName.WriteClassNameTest_List3#test_list,FAIL,NO
com.alibaba.json.bvt.writeClassName.WriteClassNameTest_Map#test_list,FAIL,NO
com.alibaba.json.bvt.writeClassName.WriteClassNameTest_Set#test_list,FAIL,NO
com.alibaba.json.bvt.writeClassName.WriteClassNameTest_Set2#test_list,FAIL,NO
com.alibaba.json.bvt.writeClassName.WriteClassNameTest_Set3#test_list,FAIL,NO
com.alibaba.json.bvt.writeClassName.WriteClassNameTest_Set4#test_list,FAIL,NO
com.alibaba.json.bvt.writeClassName.WriteClassNameTest_Set5#test_list,FAIL,NO
com.alibaba.json.bvt.writeClassName.WriteClassNameTest_bytes#test_bytes2,FAIL,NO
com.alibaba.json.bvt.writeClassName.WriteClassNameTest_bytes#test_for_bytes,FAIL,NO
com.alibaba.json.bvt.writeClassName.WriteDuplicateType#test_dupType,FAIL,NO
com.alibaba.json.bvt.writeClassName.WriteDuplicateType#test_dupType2,FAIL,NO
com.alibaba.json.bvt.writeClassName.WriteDuplicateType#test_dupType3,FAIL,NO
com.alibaba.json.demo.BooleanFieldDemo#test_boolean,FAIL,NO
com.alibaba.json.demo.DateDemo#test_0,PASS,YES
com.alibaba.json.demo.Demo1#test_0,FAIL,NO
com.alibaba.json.demo.Demo2#test_0,FAIL,NO
com.alibaba.json.demo.EncodeDemo#test_encode,FAIL,NO
com.alibaba.json.demo.FilterDemo#test_secure,FAIL,NO
com.alibaba.json.demo.Forguard#test_0,FAIL,NO
com.alibaba.json.demo.JSONFeidDemo#test_0,FAIL,NO
com.alibaba.json.demo.MapDemo#test_0,FAIL,NO
com.alibaba.json.demo.ReuseObject#test_reuse,FAIL,NO
com.alibaba.json.demo.hibernate.ForceLazyLoadingTest#testGetCustomerJson,FAIL,NO
com.alibaba.json.demo.hibernate.LazyLoadingTest#testGetCustomerJson,FAIL,NO
com.alibaba.json.test.A1#test_a,FAIL,NO
com.alibaba.json.test.Bug_0_Test#test_0,FAIL,NO
com.alibaba.json.test.DateTest#test_0,FAIL,NO
com.alibaba.json.test.DigitTest#test_perf,FAIL,NO
com.alibaba.json.test.FNV32_CollisionTest#test_fnv_hash,NOT_RUN,NO
com.alibaba.json.test.FNV32_CollisionTest_2#test_fnv_hash_7,NOT_RUN,NO
com.alibaba.json.test.FNV32_CollisionTest_All#test_fnv_hash,FAIL,NO
com.alibaba.json.test.FNVHashTest#test_fnv_hash,FAIL,NO
com.alibaba.json.test.GenerateJavaTest#testGenerate,FAIL,NO
com.alibaba.json.test.InnerInnerTest#testDeserialize,FAIL,NO
com.alibaba.json.test.InnerInnerTest#testGson,FAIL,NO
com.alibaba.json.test.InnerInnerTest#testSerialize,FAIL,NO
com.alibaba.json.test.IntArrayFieldTest_primitive#test_array,FAIL,NO
com.alibaba.json.test.IntArrayFieldTest_primitive#test_codec_null,FAIL,NO
com.alibaba.json.test.IntArrayFieldTest_primitive#test_codec_null_1,FAIL,NO
com.alibaba.json.test.Issue1001#test_for_issue,FAIL,NO
com.alibaba.json.test.Issue1407#test_for_issue,NOT_RUN,NO
com.alibaba.json.test.Issue1488#test_user,NOT_RUN,NO
com.alibaba.json.test.JSONLibXmlTest#test_xml,FAIL,NO
com.alibaba.json.test.JSONParser2Test#test_0,FAIL,NO
com.alibaba.json.test.JavaHash_CollisionTest#test_fnv_hash,NOT_RUN,NO
com.alibaba.json.test.JsonIteratorByteArrayTest#test_for_iterator,FAIL,NO
com.alibaba.json.test.JsonIteratorImageTest#test_for_iterator,FAIL,NO
com.alibaba.json.test.JsonIteratorTest#test_for_iterator,FAIL,NO
com.alibaba.json.test.SymbolTableDupTest#test_0,FAIL,NO
com.alibaba.json.test.TestASM#test_1,FAIL,NO
com.alibaba.json.test.TestASM#test_asm,FAIL,NO
com.alibaba.json.test.TestFor_iteye_resolute#test_perf,FAIL,NO
com.alibaba.json.test.TestSysProperty#test_0,FAIL,NO
com.alibaba.json.test.TestWriteSlashAsSpecial#test_writeSlashAsSpecial,FAIL,NO
com.alibaba.json.test.UTF8Test#test_encode,FAIL,NO
com.alibaba.json.test.UTF8Test_decode#test_encode,FAIL,NO
com.alibaba.json.test.UTF8Test_decode#test_encode_en,FAIL,NO
com.alibaba.json.test.a.A20170327_0#test_0,FAIL,NO
com.alibaba.json.test.a.Alipay1206#test_for_alipay,FAIL,NO
com.alibaba.json.test.a.AlipayJSONPathReplace#test_jsonpath,FAIL,NO
com.alibaba.json.test.a.CompilerTest#test_for_compiler,FAIL,NO
com.alibaba.json.test.a.GsonTest#test_0,FAIL,NO
com.alibaba.json.test.benchmark.BenchmarkTest#test_benchmark,FAIL,NO
com.alibaba.json.test.codegen.GenMediaTest#test_codegen,FAIL,NO
com.alibaba.json.test.codegen.GenTest#test_codegen,FAIL,NO
com.alibaba.json.test.codegen.MediaContentGenTest#test_codegen,FAIL,NO
com.alibaba.json.test.deny.NotExistsTest#test_0,FAIL,NO
com.alibaba.json.test.epubview.TestKlutz#test_0,FAIL,NO
com.alibaba.json.test.epubview.TestKlutz2#test_page,FAIL,NO
com.alibaba.json.test.epubview.TestKlutz3#test_0,FAIL,NO
com.alibaba.json.test.generic.GenericTypeTest#testEmbeddedGenericType,FAIL,NO
com.alibaba.json.test.gson.TestChineseQuote#test_chinese_quote,FAIL,NO
com.alibaba.json.test.jackson.JacksonInnerClassTest#test_0,FAIL,NO
com.alibaba.json.test.jackson.JacksonInnerClassTest#test_1,FAIL,NO
com.alibaba.json.test.jackson.JacksonTest#test_0,FAIL,NO
com.alibaba.json.test.jackson.JacksonTest#test_1,FAIL,NO
com.alibaba.json.test.jackson.JacksonTypeInfoTest#test_typeinfo,FAIL,NO
com.alibaba.json.test.jackson.JacksonUnwrappedTest#test_for_unwrap,FAIL,NO
com.alibaba.json.test.knowissue.Bug_for_loveflying#test_for_loveflying,FAIL,NO
com.alibaba.json.test.performance.DecoderPerformanceTest#test_performance,FAIL,NO
com.alibaba.json.test.performance.IntArrayEncodePerformanceTest#test_0,FAIL,NO
com.alibaba.json.test.performance.IntegerArrayEncodePerformanceTest#test_0,FAIL,NO
com.alibaba.json.test.performance.IntegerListEncodePerformanceTest#test_0,FAIL,NO
com.alibaba.json.test.performance.ObjectDecodePerformanceTest#test_decodeObject,NOT_RUN,NO
com.alibaba.json.test.performance.ObjectEncodePerformanceTest#test_decodeObject,FAIL,NO
com.alibaba.json.test.performance.PageModelPerformanceTest#test_decodeObject,FAIL,NO
com.alibaba.json.test.performance.case1.GenerateTest#testGenInt,FAIL,NO
com.alibaba.json.test.performance.case1.IntDecoderPerformanceTest#test_performance,FAIL,NO
com.alibaba.json.test.performance.case1.IntObjectDecodePerformanceTest#test_decodeObject,FAIL,NO
com.alibaba.json.test.performance.case1.IntObjectEncodePerformanceTest#test_encodeObject,FAIL,NO
com.alibaba.json.test.ryu.RyuDoubleTest#test_0,FAIL,NO
com.alibaba.json.test.ryu.RyuDoubleTest#test_for_ryu,FAIL,NO
com.alibaba.json.test.ryu.RyuFloatTest#test_0,FAIL,NO
com.alibaba.json.test.ryu.RyuFloatTest#test_for_ryu,NOT_RUN,NO
com.alibaba.json.test.tmall.TmallTest#test_for_tmall,FAIL,NO
com.derbysoft.spitfire.fastjson.ABCTest#test_abc,FAIL,NO
